bill_number,session,primary_sponsor,status,summary,bill_url,source_year,source_id,introduced_url
LB0001,2025_2026,"Executive Board: Hansen, Chairperson",Passed,Eliminate an incorrect reference in provisions of the medical cannabis initiative petition language adopted by the voters,https://nebraskalegislature.gov/bills/view_bill.php?DocumentID=58014,2025,58014,https://nebraskalegislature.gov/FloorDocs/109/PDF/Intro/LB1.pdf
LB0002,2025_2026,"Executive Board: Hansen, Chairperson",Passed,"Repeal provisions that have terminated related to an advisory group, funds, a pilot study, emergency assistance, and a task force",https://nebraskalegislature.gov/bills/view_bill.php?DocumentID=58015,2025,58015,https://nebraskalegislature.gov/FloorDocs/109/PDF/Intro/LB2.pdf
LB0003,2025_2026,Lippincott,Indefinitely postponed,Change provisions relating to selection of presidential electors,https://nebraskalegislature.gov/bills/view_bill.php?DocumentID=58830,2025,58830,https://nebraskalegislature.gov/FloorDocs/109/PDF/Intro/LB3.pdf
LB0004,2025_2026,Bosn,Indefinitely postponed,Adopt the Telecommunications Exchange Deregulation Act,https://nebraskalegislature.gov/bills/view_bill.php?DocumentID=58808,2025,58808,https://nebraskalegislature.gov/FloorDocs/109/PDF/Intro/LB4.pdf
LB0005,2025_2026,Bosn,Indefinitely postponed,Provide immunity for administration of naloxone or other federally approved opioid antagonists,https://nebraskalegislature.gov/bills/view_bill.php?DocumentID=58827,2025,58827,https://nebraskalegislature.gov/FloorDocs/109/PDF/Intro/LB5.pdf
LB0006,2025_2026,Bosn,Indefinitely postponed,Provide for a penalty enhancement for a controlled substances violation resulting in serious bodily injury or death,https://nebraskalegislature.gov/bills/view_bill.php?DocumentID=58017,2025,58017,https://nebraskalegislature.gov/FloorDocs/109/PDF/Intro/LB6.pdf
LB0007,2025_2026,DeKay,Passed,Change provisions relating to real estate and the Foreign-owned Real Estate National Security Act,https://nebraskalegislature.gov/bills/view_bill.php?DocumentID=58785,2025,58785,https://nebraskalegislature.gov/FloorDocs/109/PDF/Intro/LB7.pdf
LB0008,2025_2026,Dungan,Indefinitely postponed,Change provisions relating to the tax credits under the Sustainable Aviation Fuel Tax Credit Act,https://nebraskalegislature.gov/bills/view_bill.php?DocumentID=59343,2025,59343,https://nebraskalegislature.gov/FloorDocs/109/PDF/Intro/LB8.pdf
LB0009,2025_2026,Hughes,Passed,Change provisions relating to cigarette taxes and the Tobacco Products Tax Act and provide for regulation of products containing nicotine analogues,https://nebraskalegislature.gov/bills/view_bill.php?DocumentID=59013,2025,59013,https://nebraskalegislature.gov/FloorDocs/109/PDF/Intro/LB9.pdf
LB0010,2025_2026,Hughes,Passed,Change requirements relating to wholesale drug distributors and dispensing of certain prescription drugs,https://nebraskalegislature.gov/bills/view_bill.php?DocumentID=58924,2025,58924,https://nebraskalegislature.gov/FloorDocs/109/PDF/Intro/LB10.pdf
LB0011,2025_2026,Hughes,Indefinitely postponed,Appropriate funds for the Nebraska Statewide Workforce and Education Reporting System Act,https://nebraskalegislature.gov/bills/view_bill.php?DocumentID=58925,2025,58925,https://nebraskalegislature.gov/FloorDocs/109/PDF/Intro/LB11.pdf
LB0012,2025_2026,Dungan,Indefinitely postponed,Change the statute of limitations on certain civil actions for sexual assault of a child,https://nebraskalegislature.gov/bills/view_bill.php?DocumentID=58858,2025,58858,https://nebraskalegislature.gov/FloorDocs/109/PDF/Intro/LB12.pdf
LB0013,2025_2026,"Cavanaugh, M.",Indefinitely postponed,Require the Department of Health and Human Services to file a state plan amendment relating to child care,https://nebraskalegislature.gov/bills/view_bill.php?DocumentID=59107,2025,59107,https://nebraskalegislature.gov/FloorDocs/109/PDF/Intro/LB13.pdf
LB0013A,2025_2026,"Cavanaugh, M.",Indefinitely postponed,Appropriation Bill,https://nebraskalegislature.gov/bills/view_bill.php?DocumentID=62208,2025,62208,https://nebraskalegislature.gov/FloorDocs/109/PDF/Intro/LB13A.pdf
LB0014,2025_2026,"Cavanaugh, M.",Indefinitely postponed,Adopt the Hunger-Free Schools Act,https://nebraskalegislature.gov/bills/view_bill.php?DocumentID=58857,2025,58857,https://nebraskalegislature.gov/FloorDocs/109/PDF/Intro/LB14.pdf
LB0015,2025_2026,Dungan,Indefinitely postponed,State intent regarding appropriations for interpreter services for the Supreme Court,https://nebraskalegislature.gov/bills/view_bill.php?DocumentID=58888,2025,58888,https://nebraskalegislature.gov/FloorDocs/109/PDF/Intro/LB15.pdf
LB0016,2025_2026,"Cavanaugh, J.",Indefinitely postponed,Adopt the Nebraska Consumable Hemp Control Act,https://nebraskalegislature.gov/bills/view_bill.php?DocumentID=58832,2025,58832,https://nebraskalegislature.gov/FloorDocs/109/PDF/Intro/LB16.pdf
LB0017,2025_2026,"Cavanaugh, J.",Indefinitely postponed,Prohibit certain fees by residential landlords and require notices and disclosures of consumer reports,https://nebraskalegislature.gov/bills/view_bill.php?DocumentID=59238,2025,59238,https://nebraskalegislature.gov/FloorDocs/109/PDF/Intro/LB17.pdf
LB0018,2025_2026,"Cavanaugh, J.",Indefinitely postponed,Require certain determinations prior to utility pole installations under the Small Wireless Facilities Deployment Act,https://nebraskalegislature.gov/bills/view_bill.php?DocumentID=59396,2025,59396,https://nebraskalegislature.gov/FloorDocs/109/PDF/Intro/LB18.pdf
LB0019,2025_2026,"Cavanaugh, J.",Indefinitely postponed,Change provisions relating to elections for cities of the metropolitan class,https://nebraskalegislature.gov/bills/view_bill.php?DocumentID=59167,2025,59167,https://nebraskalegislature.gov/FloorDocs/109/PDF/Intro/LB19.pdf
LB0020,2025_2026,"Cavanaugh, J.",Passed,Require the provision of electric service to customers that own an agricultural self-generation facility,https://nebraskalegislature.gov/bills/view_bill.php?DocumentID=59184,2025,59184,https://nebraskalegislature.gov/FloorDocs/109/PDF/Intro/LB20.pdf
LB0021,2025_2026,"Cavanaugh, J.",Passed,Adopt the Uniform Unlawful Restrictions in Land Records Act,https://nebraskalegislature.gov/bills/view_bill.php?DocumentID=59043,2025,59043,https://nebraskalegislature.gov/FloorDocs/109/PDF/Intro/LB21.pdf
LB0022,2025_2026,Dungan,Passed,Require the Department of Health and Human Services to file a state plan amendment for evidence-based nurse home-visitation services,https://nebraskalegislature.gov/bills/view_bill.php?DocumentID=59097,2025,59097,https://nebraskalegislature.gov/FloorDocs/109/PDF/Intro/LB22.pdf
LB0022A,2025_2026,Dungan,Passed,Appropriation Bill,https://nebraskalegislature.gov/bills/view_bill.php?DocumentID=60273,2025,60273,https://nebraskalegislature.gov/FloorDocs/109/PDF/Intro/LB22A.pdf
LB0023,2025_2026,"Cavanaugh, J.",Indefinitely postponed,Provide for grants for bike-sharing programs,https://nebraskalegislature.gov/bills/view_bill.php?DocumentID=59355,2025,59355,https://nebraskalegislature.gov/FloorDocs/109/PDF/Intro/LB23.pdf
LB0024,2025_2026,"Cavanaugh, J.",Indefinitely postponed,Change provisions relating to probation and waiver of probation fees,https://nebraskalegislature.gov/bills/view_bill.php?DocumentID=59374,2025,59374,https://nebraskalegislature.gov/FloorDocs/109/PDF/Intro/LB24.pdf
LB0025,2025_2026,Ballard,Indefinitely postponed,Appropriate funds to the Department of Administrative Services for interoperable communication equipment,https://nebraskalegislature.gov/bills/view_bill.php?DocumentID=58952,2025,58952,https://nebraskalegislature.gov/FloorDocs/109/PDF/Intro/LB25.pdf
LB0026,2025_2026,Ballard,Indefinitely postponed,Include certain hospital and health clinic employees within statutes protecting health care professionals from assault,https://nebraskalegislature.gov/bills/view_bill.php?DocumentID=58945,2025,58945,https://nebraskalegislature.gov/FloorDocs/109/PDF/Intro/LB26.pdf
LB0027,2025_2026,Ballard,Indefinitely postponed,Change provisions of the Rural Health Systems and Professional Incentive Act,https://nebraskalegislature.gov/bills/view_bill.php?DocumentID=58943,2025,58943,https://nebraskalegislature.gov/FloorDocs/109/PDF/Intro/LB27.pdf
LB0028,2025_2026,Conrad,Indefinitely postponed,Provide for an income tax adjustment for tip income,https://nebraskalegislature.gov/bills/view_bill.php?DocumentID=59224,2025,59224,https://nebraskalegislature.gov/FloorDocs/109/PDF/Intro/LB28.pdf
LB0029,2025_2026,Conrad,Indefinitely postponed,Create a review process for agency rules and regulations,https://nebraskalegislature.gov/bills/view_bill.php?DocumentID=59121,2025,59121,https://nebraskalegislature.gov/FloorDocs/109/PDF/Intro/LB29.pdf
LB0030,2025_2026,Conrad,Indefinitely postponed,Provide for an income tax adjustment for income received from overtime compensation,https://nebraskalegislature.gov/bills/view_bill.php?DocumentID=59225,2025,59225,https://nebraskalegislature.gov/FloorDocs/109/PDF/Intro/LB30.pdf
LB0031,2025_2026,Conrad,Indefinitely postponed,"Require school policies relating to the use of student surveillance, monitoring, and tracking technology by school districts",https://nebraskalegislature.gov/bills/view_bill.php?DocumentID=59450,2025,59450,https://nebraskalegislature.gov/FloorDocs/109/PDF/Intro/LB31.pdf
LB0032,2025_2026,Hunt,Passed,Change provisions relating to disclaimers on political advertisements,https://nebraskalegislature.gov/bills/view_bill.php?DocumentID=59410,2025,59410,https://nebraskalegislature.gov/FloorDocs/109/PDF/Intro/LB32.pdf
LB0033,2025_2026,Hunt,Indefinitely postponed,Remove nonalcoholic beer from regulation under the Nebraska Liquor Control Act,https://nebraskalegislature.gov/bills/view_bill.php?DocumentID=59153,2025,59153,https://nebraskalegislature.gov/FloorDocs/109/PDF/Intro/LB33.pdf
LB0034,2025_2026,Hunt,Indefinitely postponed,Provide for year-round daylight saving time,https://nebraskalegislature.gov/bills/view_bill.php?DocumentID=58980,2025,58980,https://nebraskalegislature.gov/FloorDocs/109/PDF/Intro/LB34.pdf
LB0035,2025_2026,Brandt,Indefinitely postponed,Change provisions relating to the requirements for certain exemptions for privately developed renewable energy generation facilities,https://nebraskalegislature.gov/bills/view_bill.php?DocumentID=59087,2025,59087,https://nebraskalegislature.gov/FloorDocs/109/PDF/Intro/LB35.pdf
LB0036,2025_2026,Brandt,Passed,"Adopt the Safe Battery Collection and Recycling Act, provide for the Home Weatherization Clearinghouse and for mitigation of incidental taking of threatened or endangered species habitat, change provisions relating to the Water Recreation Enhancement Act, ground water allocation, and permits and stamps issued by the Game and Parks Commission, and create the Research Excellence Cash Fund",https://nebraskalegislature.gov/bills/view_bill.php?DocumentID=59314,2025,59314,https://nebraskalegislature.gov/FloorDocs/109/PDF/Intro/LB36.pdf
LB0036A,2025_2026,Brandt,Passed,Appropriation Bill,https://nebraskalegislature.gov/bills/view_bill.php?DocumentID=61518,2025,61518,https://nebraskalegislature.gov/FloorDocs/109/PDF/Intro/LB36A.pdf
LB0037,2025_2026,Jacobson,Indefinitely postponed,Adopt the Railroad Safety Act,https://nebraskalegislature.gov/bills/view_bill.php?DocumentID=58927,2025,58927,https://nebraskalegislature.gov/FloorDocs/109/PDF/Intro/LB37.pdf
LB0038,2025_2026,Jacobson,Passed,Change provisions of the Geologists Regulation Act,https://nebraskalegislature.gov/bills/view_bill.php?DocumentID=58745,2025,58745,https://nebraskalegislature.gov/FloorDocs/109/PDF/Intro/LB38.pdf
LB0039,2025_2026,Jacobson,Indefinitely postponed,Change provisions relating to the board of directors of a bank,https://nebraskalegislature.gov/bills/view_bill.php?DocumentID=59461,2025,59461,https://nebraskalegislature.gov/FloorDocs/109/PDF/Intro/LB39.pdf
LB0040,2025_2026,Jacobson,Indefinitely postponed,Change provisions relating to the Nebraska Uniform Limited Liability Company Act,https://nebraskalegislature.gov/bills/view_bill.php?DocumentID=59460,2025,59460,https://nebraskalegislature.gov/FloorDocs/109/PDF/Intro/LB40.pdf
LB0041,2025_2026,Riepe,Passed,Change provisions relating to blood tests for pregnant women,https://nebraskalegislature.gov/bills/view_bill.php?DocumentID=58822,2025,58822,https://nebraskalegislature.gov/FloorDocs/109/PDF/Intro/LB41.pdf
LB0041A,2025_2026,Riepe,Passed,Appropriation Bill,https://nebraskalegislature.gov/bills/view_bill.php?DocumentID=60303,2025,60303,https://nebraskalegislature.gov/FloorDocs/109/PDF/Intro/LB41A.pdf
LB0042,2025_2026,Riepe,Passed,Provide for employment of nurse aides in intellectual and developmental disability facilities,https://nebraskalegislature.gov/bills/view_bill.php?DocumentID=58900,2025,58900,https://nebraskalegislature.gov/FloorDocs/109/PDF/Intro/LB42.pdf
LB0043,2025_2026,DeKay,Passed,"Change provisions relating to notice and certification requirements for electric generation facilities, transmission lines, and privately developed renewable energy generation facilities located near military installations",https://nebraskalegislature.gov/bills/view_bill.php?DocumentID=59228,2025,59228,https://nebraskalegislature.gov/FloorDocs/109/PDF/Intro/LB43.pdf
LB0044,2025_2026,McKinney,Indefinitely postponed,Change limitations period for actions for postconviction relief,https://nebraskalegislature.gov/bills/view_bill.php?DocumentID=58989,2025,58989,https://nebraskalegislature.gov/FloorDocs/109/PDF/Intro/LB44.pdf
LB0045,2025_2026,McKinney,Indefinitely postponed,Provide for grants for job programs for historically underserved youth,https://nebraskalegislature.gov/bills/view_bill.php?DocumentID=58974,2025,58974,https://nebraskalegislature.gov/FloorDocs/109/PDF/Intro/LB45.pdf
LB0046,2025_2026,McKinney,Indefinitely postponed,Establish a Restaurant Meals Program under the Supplemental Nutrition Assistance Program,https://nebraskalegislature.gov/bills/view_bill.php?DocumentID=59442,2025,59442,https://nebraskalegislature.gov/FloorDocs/109/PDF/Intro/LB46.pdf
LB0047,2025_2026,McKinney,Indefinitely postponed,Change provisions of the Business Innovation Act and the Small Business Assistance Act,https://nebraskalegislature.gov/bills/view_bill.php?DocumentID=59172,2025,59172,https://nebraskalegislature.gov/FloorDocs/109/PDF/Intro/LB47.pdf
LB0048,2025_2026,McKinney,Passed,Establish a Family Resource and Juvenile Assessment Center Pilot Program,https://nebraskalegislature.gov/bills/view_bill.php?DocumentID=59016,2025,59016,https://nebraskalegislature.gov/FloorDocs/109/PDF/Intro/LB48.pdf
LB0048A,2025_2026,McKinney,Passed,Appropriation Bill,https://nebraskalegislature.gov/bills/view_bill.php?DocumentID=61911,2025,61911,https://nebraskalegislature.gov/FloorDocs/109/PDF/Intro/LB48A.pdf
LB0049,2025_2026,McKinney,Indefinitely postponed,Provide for a model ban and bar policy for school districts,https://nebraskalegislature.gov/bills/view_bill.php?DocumentID=59147,2025,59147,https://nebraskalegislature.gov/FloorDocs/109/PDF/Intro/LB49.pdf
LB0050,2025_2026,DeKay,Passed,Change provisions relating to the distribution of the nameplate capacity tax,https://nebraskalegislature.gov/bills/view_bill.php?DocumentID=58843,2025,58843,https://nebraskalegislature.gov/FloorDocs/109/PDF/Intro/LB50.pdf
LB0051,2025_2026,Ibach,Passed,Adopt the National Crime Prevention and Privacy Compact,https://nebraskalegislature.gov/bills/view_bill.php?DocumentID=58815,2025,58815,https://nebraskalegislature.gov/FloorDocs/109/PDF/Intro/LB51.pdf
LB0052,2025_2026,Ibach,Passed,Provide additional offenses for which notification to crime victims is required,https://nebraskalegislature.gov/bills/view_bill.php?DocumentID=58816,2025,58816,https://nebraskalegislature.gov/FloorDocs/109/PDF/Intro/LB52.pdf
LB0053,2025_2026,"Cavanaugh, M.",Indefinitely postponed,Provide criminal and civil immunity for pregnancy outcomes,https://nebraskalegislature.gov/bills/view_bill.php?DocumentID=59242,2025,59242,https://nebraskalegislature.gov/FloorDocs/109/PDF/Intro/LB53.pdf
LB0054,2025_2026,Dorn,Indefinitely postponed,State intent regarding appropriations for providers of developmental disability services,https://nebraskalegislature.gov/bills/view_bill.php?DocumentID=59092,2025,59092,https://nebraskalegislature.gov/FloorDocs/109/PDF/Intro/LB54.pdf
LB0055,2025_2026,Dorn,Indefinitely postponed,State intent regarding appropriations for medicaid rates for mental health providers,https://nebraskalegislature.gov/bills/view_bill.php?DocumentID=59040,2025,59040,https://nebraskalegislature.gov/FloorDocs/109/PDF/Intro/LB55.pdf
LB0056,2025_2026,Dorn,Indefinitely postponed,Require medical facilities and mortuaries to comply with requests for blood draws relating to certain deceased persons,https://nebraskalegislature.gov/bills/view_bill.php?DocumentID=59299,2025,59299,https://nebraskalegislature.gov/FloorDocs/109/PDF/Intro/LB56.pdf
LB0057,2025_2026,Dorn,Indefinitely postponed,State intent regarding appropriations for medicaid assisted-living facilities,https://nebraskalegislature.gov/bills/view_bill.php?DocumentID=58978,2025,58978,https://nebraskalegislature.gov/FloorDocs/109/PDF/Intro/LB57.pdf
LB0058,2025_2026,Sanders,Passed,Eliminate provisions relating to jeweler’s liens,https://nebraskalegislature.gov/bills/view_bill.php?DocumentID=59239,2025,59239,https://nebraskalegislature.gov/FloorDocs/109/PDF/Intro/LB58.pdf
LB0059,2025_2026,Sanders,Passed,Provide for the disbursement of funds of a natural resources district by electronic payment systems,https://nebraskalegislature.gov/bills/view_bill.php?DocumentID=59071,2025,59071,https://nebraskalegislature.gov/FloorDocs/109/PDF/Intro/LB59.pdf
LB0060,2025_2026,Quick,Passed,Eliminate the restriction on selling a lottery ticket through a vending or dispensing device under the State Lottery Act,https://nebraskalegislature.gov/bills/view_bill.php?DocumentID=58821,2025,58821,https://nebraskalegislature.gov/FloorDocs/109/PDF/Intro/LB60.pdf
LB0061,2025_2026,Storer,Indefinitely postponed,Require the Department of Health and Human Services to file a medicaid waiver amendment for memory care rates,https://nebraskalegislature.gov/bills/view_bill.php?DocumentID=59141,2025,59141,https://nebraskalegislature.gov/FloorDocs/109/PDF/Intro/LB61.pdf
LB0062,2025_2026,Brandt,Indefinitely postponed,Appropriate funds for certain communications equipment,https://nebraskalegislature.gov/bills/view_bill.php?DocumentID=59286,2025,59286,https://nebraskalegislature.gov/FloorDocs/109/PDF/Intro/LB62.pdf
LB0063,2025_2026,Brandt,Indefinitely postponed,Redefine terms relating to sports wagering under the Nebraska Racetrack Gaming Act,https://nebraskalegislature.gov/bills/view_bill.php?DocumentID=58897,2025,58897,https://nebraskalegislature.gov/FloorDocs/109/PDF/Intro/LB63.pdf
LB0064,2025_2026,Fredrickson,Indefinitely postponed,Change eligibility requirements for medicare supplement policies,https://nebraskalegislature.gov/bills/view_bill.php?DocumentID=59151,2025,59151,https://nebraskalegislature.gov/FloorDocs/109/PDF/Intro/LB64.pdf
LB0065,2025_2026,DeBoer,Indefinitely postponed,Exempt individuals under nineteen years of age from payment of certain court costs and fees and change provisions of the Nebraska Juvenile Code,https://nebraskalegislature.gov/bills/view_bill.php?DocumentID=59061,2025,59061,https://nebraskalegislature.gov/FloorDocs/109/PDF/Intro/LB65.pdf
LB0066,2025_2026,DeBoer,Indefinitely postponed,Adopt the Uniform Health-Care Decisions Act,https://nebraskalegislature.gov/bills/view_bill.php?DocumentID=58028,2025,58028,https://nebraskalegislature.gov/FloorDocs/109/PDF/Intro/LB66.pdf
LB0067,2025_2026,Raybould,Indefinitely postponed,Adopt the Sexual Assault Emergency Care Act,https://nebraskalegislature.gov/bills/view_bill.php?DocumentID=59038,2025,59038,https://nebraskalegislature.gov/FloorDocs/109/PDF/Intro/LB67.pdf
LB0068,2025_2026,Raybould,Indefinitely postponed,Provide insurance and medicaid coverage for certain contraceptives,https://nebraskalegislature.gov/bills/view_bill.php?DocumentID=59448,2025,59448,https://nebraskalegislature.gov/FloorDocs/109/PDF/Intro/LB68.pdf
LB0069,2025_2026,Spivey,Passed,Change provisions relating to the Commission on African American Affairs,https://nebraskalegislature.gov/bills/view_bill.php?DocumentID=58973,2025,58973,https://nebraskalegislature.gov/FloorDocs/109/PDF/Intro/LB69.pdf
LB0070,2025_2026,DeBoer,Passed,Provide for adoption by a second adult person and change provisions relating to adoptions,https://nebraskalegislature.gov/bills/view_bill.php?DocumentID=58866,2025,58866,https://nebraskalegislature.gov/FloorDocs/109/PDF/Intro/LB70.pdf
LB0071,2025_2026,DeBoer,Indefinitely postponed,Change requirements for child care reimbursement rates,https://nebraskalegislature.gov/bills/view_bill.php?DocumentID=59229,2025,59229,https://nebraskalegislature.gov/FloorDocs/109/PDF/Intro/LB71.pdf
LB0072,2025_2026,Hallstrom,Passed,Change provisions relating to controlled substances schedules under the Uniform Controlled Substances Act,https://nebraskalegislature.gov/bills/view_bill.php?DocumentID=59077,2025,59077,https://nebraskalegislature.gov/FloorDocs/109/PDF/Intro/LB72.pdf
LB0073,2025_2026,DeKay,Indefinitely postponed,Change the number of hours of annual continuing education required for law enforcement officers,https://nebraskalegislature.gov/bills/view_bill.php?DocumentID=59137,2025,59137,https://nebraskalegislature.gov/FloorDocs/109/PDF/Intro/LB73.pdf
LB0074,2025_2026,Hunt,Indefinitely postponed,Authorize certain expenditures under the Nebraska Political Accountability and Disclosure Act,https://nebraskalegislature.gov/bills/view_bill.php?DocumentID=59213,2025,59213,https://nebraskalegislature.gov/FloorDocs/109/PDF/Intro/LB74.pdf
LB0075,2025_2026,Hunt,Indefinitely postponed,"Change provisions of the Wage and Hour Act relating to tipped employees and provide for complaints, prohibited actions, and liquidated damages",https://nebraskalegislature.gov/bills/view_bill.php?DocumentID=59212,2025,59212,https://nebraskalegislature.gov/FloorDocs/109/PDF/Intro/LB75.pdf
LB0076,2025_2026,Bostar,Indefinitely postponed,Change provisions of the Nebraska State Patrol Retirement Act,https://nebraskalegislature.gov/bills/view_bill.php?DocumentID=58739,2025,58739,https://nebraskalegislature.gov/FloorDocs/109/PDF/Intro/LB76.pdf
LB0077,2025_2026,Bostar,Passed,Adopt the Ensuring Transparency in Prior Authorization Act and provide for insurance and medicaid coverage of biomarker testing,https://nebraskalegislature.gov/bills/view_bill.php?DocumentID=58825,2025,58825,https://nebraskalegislature.gov/FloorDocs/109/PDF/Intro/LB77.pdf
LB0077A,2025_2026,Bostar,Passed,Appropriation Bill,https://nebraskalegislature.gov/bills/view_bill.php?DocumentID=62119,2025,62119,https://nebraskalegislature.gov/FloorDocs/109/PDF/Intro/LB77A.pdf
LB0078,2025_2026,Bostar,Passed,"Adopt the Domestic Violence and Sex Trafficking Survivor Assistance Act, change provisions relating to sentencing juveniles, and change the rate and allocation of the documentary stamp tax",https://nebraskalegislature.gov/bills/view_bill.php?DocumentID=59234,2025,59234,https://nebraskalegislature.gov/FloorDocs/109/PDF/Intro/LB78.pdf
LB0078A,2025_2026,Bostar,Passed,Appropriation Bill,https://nebraskalegislature.gov/bills/view_bill.php?DocumentID=60877,2025,60877,https://nebraskalegislature.gov/FloorDocs/109/PDF/Intro/LB78A.pdf
LB0079,2025_2026,Hallstrom,Indefinitely postponed,Provide for dismissal of certain civil actions involving commercial motor vehicles,https://nebraskalegislature.gov/bills/view_bill.php?DocumentID=59069,2025,59069,https://nebraskalegislature.gov/FloorDocs/109/PDF/Intro/LB79.pdf
LB0080,2025_2026,Hallstrom,Passed,"Adopt the Protection Orders Act, require reporting of child abuse and neglect involving military families, provide for domestic violence victims to change rental agreements and request the changing of locks, and change provisions related to landlords and tenants",https://nebraskalegislature.gov/bills/view_bill.php?DocumentID=59055,2025,59055,https://nebraskalegislature.gov/FloorDocs/109/PDF/Intro/LB80.pdf
LB0080A,2025_2026,Hallstrom,Passed,Appropriation Bill,https://nebraskalegislature.gov/bills/view_bill.php?DocumentID=61448,2025,61448,https://nebraskalegislature.gov/FloorDocs/109/PDF/Intro/LB80A.pdf
LB0081,2025_2026,Hardin,Indefinitely postponed,Define a term and change tax credit provisions under the Nebraska Property Tax Incentive Act,https://nebraskalegislature.gov/bills/view_bill.php?DocumentID=58807,2025,58807,https://nebraskalegislature.gov/FloorDocs/109/PDF/Intro/LB81.pdf
LB0082,2025_2026,Rountree,Indefinitely postponed,Adopt the Cosmetology Licensure Compact,https://nebraskalegislature.gov/bills/view_bill.php?DocumentID=59298,2025,59298,https://nebraskalegislature.gov/FloorDocs/109/PDF/Intro/LB82.pdf
LB0083,2025_2026,Rountree,Indefinitely postponed,Adopt the Dentist and Dental Hygienist Compact,https://nebraskalegislature.gov/bills/view_bill.php?DocumentID=58882,2025,58882,https://nebraskalegislature.gov/FloorDocs/109/PDF/Intro/LB83.pdf
LB0084,2025_2026,Rountree,Passed,Adopt the School Psychologist Interstate Licensure Compact,https://nebraskalegislature.gov/bills/view_bill.php?DocumentID=58869,2025,58869,https://nebraskalegislature.gov/FloorDocs/109/PDF/Intro/LB84.pdf
LB0085,2025_2026,DeBoer,Passed,Change requirements for collection of personal property of decedents' estates by affidavit,https://nebraskalegislature.gov/bills/view_bill.php?DocumentID=59255,2025,59255,https://nebraskalegislature.gov/FloorDocs/109/PDF/Intro/LB85.pdf
LB0086,2025_2026,Dorn,Indefinitely postponed,Appropriate funds to the Department of Natural Resources,https://nebraskalegislature.gov/bills/view_bill.php?DocumentID=58928,2025,58928,https://nebraskalegislature.gov/FloorDocs/109/PDF/Intro/LB86.pdf
LB0087,2025_2026,Dorn,Indefinitely postponed,Provide for a statewide support service provider program for deaf-blind persons,https://nebraskalegislature.gov/bills/view_bill.php?DocumentID=59377,2025,59377,https://nebraskalegislature.gov/FloorDocs/109/PDF/Intro/LB87.pdf
LB0088,2025_2026,Dorn,Indefinitely postponed,Appropriate funds to the Department of Economic Development,https://nebraskalegislature.gov/bills/view_bill.php?DocumentID=58898,2025,58898,https://nebraskalegislature.gov/FloorDocs/109/PDF/Intro/LB88.pdf
LB0089,2025_2026,Kauth,Passed,Adopt the Stand With Women Act,https://nebraskalegislature.gov/bills/view_bill.php?DocumentID=58025,2025,58025,https://nebraskalegislature.gov/FloorDocs/109/PDF/Intro/LB89.pdf
LB0090,2025_2026,Clements,Passed,Change provisions relating to improvement districts in cities of the first class,https://nebraskalegislature.gov/bills/view_bill.php?DocumentID=59106,2025,59106,https://nebraskalegislature.gov/FloorDocs/109/PDF/Intro/LB90.pdf
LB0091,2025_2026,DeKay,Passed,Change provisions relating to the conveyance of electric distribution systems by public power districts or public power and irrigation districts to cities or villages,https://nebraskalegislature.gov/bills/view_bill.php?DocumentID=59261,2025,59261,https://nebraskalegislature.gov/FloorDocs/109/PDF/Intro/LB91.pdf
LB0092,2025_2026,McKinney,Indefinitely postponed,Adopt the Residential Tenant Clean Slate Act,https://nebraskalegislature.gov/bills/view_bill.php?DocumentID=59109,2025,59109,https://nebraskalegislature.gov/FloorDocs/109/PDF/Intro/LB92.pdf
LB0093,2025_2026,Dungan,Indefinitely postponed,Change provisions relating to discovery of information contained in electronic devices and to expert witnesses in criminal cases,https://nebraskalegislature.gov/bills/view_bill.php?DocumentID=58782,2025,58782,https://nebraskalegislature.gov/FloorDocs/109/PDF/Intro/LB93.pdf
LB0094,2025_2026,McKinney,Indefinitely postponed,Adopt the Digital Skills Empowerment Act and change the use of the Workforce Development Program Cash Fund,https://nebraskalegislature.gov/bills/view_bill.php?DocumentID=59019,2025,59019,https://nebraskalegislature.gov/FloorDocs/109/PDF/Intro/LB94.pdf
LB0095,2025_2026,Fredrickson,Indefinitely postponed,Provide for a pilot program under the federal Child Care Subsidy program,https://nebraskalegislature.gov/bills/view_bill.php?DocumentID=58990,2025,58990,https://nebraskalegislature.gov/FloorDocs/109/PDF/Intro/LB95.pdf
LB0096,2025_2026,Dungan,Indefinitely postponed,Require the Department of Health and Human Services to file certain 1115 waivers,https://nebraskalegislature.gov/bills/view_bill.php?DocumentID=58994,2025,58994,https://nebraskalegislature.gov/FloorDocs/109/PDF/Intro/LB96.pdf
LB0097,2025_2026,Fredrickson,Passed,"Change provisions relating to deferred judgments, the State Boat Act, the Motor Vehicle Certificate of Title Act, the Motor Vehicle Registration Act, the Motor Vehicle Operator’s License Act, the Nebraska Rules of the Road, the Department of Motor Vehicles Cash Fund, the Uniform Motor Vehicle Records Disclosure Act, the Motor Carrier Services Division Distributive Fund, and the State Treasurer",https://nebraskalegislature.gov/bills/view_bill.php?DocumentID=59072,2025,59072,https://nebraskalegislature.gov/FloorDocs/109/PDF/Intro/LB97.pdf
LB0098,2025_2026,Moser,Passed,"Redefine all-terrain vehicle and utility-type vehicle in the Motor Vehicle Certificate of Title Act, the Motor Vehicle Registration Act, and the Nebraska Rules of the Road",https://nebraskalegislature.gov/bills/view_bill.php?DocumentID=59274,2025,59274,https://nebraskalegislature.gov/FloorDocs/109/PDF/Intro/LB98.pdf
LB0099,2025_2026,Spivey,Indefinitely postponed,Limit use of restrictive housing and solitary confinement,https://nebraskalegislature.gov/bills/view_bill.php?DocumentID=59089,2025,59089,https://nebraskalegislature.gov/FloorDocs/109/PDF/Intro/LB99.pdf
LB0100,2025_2026,Spivey,Indefinitely postponed,Adopt the Business Innovation and Startup Act,https://nebraskalegislature.gov/bills/view_bill.php?DocumentID=59497,2025,59497,https://nebraskalegislature.gov/FloorDocs/109/PDF/Intro/LB100.pdf
LB0101,2025_2026,Dungan,Indefinitely postponed,Provide a right to trial by jury under the Uniform Residential Landlord and Tenant Act,https://nebraskalegislature.gov/bills/view_bill.php?DocumentID=58967,2025,58967,https://nebraskalegislature.gov/FloorDocs/109/PDF/Intro/LB101.pdf
LB0102,2025_2026,Spivey,Indefinitely postponed,Change requirements relating to the standard of need under the aid to dependent children program,https://nebraskalegislature.gov/bills/view_bill.php?DocumentID=59499,2025,59499,https://nebraskalegislature.gov/FloorDocs/109/PDF/Intro/LB102.pdf
LB0103,2025_2026,DeBoer,Passed,Change provisions relating to admissibility of evidence of past sexual assaults and the procedure for taking depositions of certain witnesses,https://nebraskalegislature.gov/bills/view_bill.php?DocumentID=59081,2025,59081,https://nebraskalegislature.gov/FloorDocs/109/PDF/Intro/LB103.pdf
LB0104,2025_2026,Raybould,Indefinitely postponed,Adopt the Family Home Visitation Act,https://nebraskalegislature.gov/bills/view_bill.php?DocumentID=58879,2025,58879,https://nebraskalegislature.gov/FloorDocs/109/PDF/Intro/LB104.pdf
LB0105,2025_2026,Hughes,Passed,Change procedures for voting or election precincts for public power districts,https://nebraskalegislature.gov/bills/view_bill.php?DocumentID=58887,2025,58887,https://nebraskalegislature.gov/FloorDocs/109/PDF/Intro/LB105.pdf
LB0106,2025_2026,Hughes,Indefinitely postponed,Change requirements for motor vehicle windows,https://nebraskalegislature.gov/bills/view_bill.php?DocumentID=58795,2025,58795,https://nebraskalegislature.gov/FloorDocs/109/PDF/Intro/LB106.pdf
LB0107,2025_2026,"Cavanaugh, M.",Indefinitely postponed,Provide an income tax credit for renters and change provisions relating to a property tax credit,https://nebraskalegislature.gov/bills/view_bill.php?DocumentID=59257,2025,59257,https://nebraskalegislature.gov/FloorDocs/109/PDF/Intro/LB107.pdf
LB0108,2025_2026,Jacobson,Passed,Change contributions provisions under the Cities of the First Class Firefighters Retirement Act,https://nebraskalegislature.gov/bills/view_bill.php?DocumentID=58914,2025,58914,https://nebraskalegislature.gov/FloorDocs/109/PDF/Intro/LB108.pdf
LB0109,2025_2026,Bostar,Indefinitely postponed,Prohibit certain provisions in insurance policies and health plans relating to clinician-administered drugs and change provisions relating to pharmacy benefit managers,https://nebraskalegislature.gov/bills/view_bill.php?DocumentID=58944,2025,58944,https://nebraskalegislature.gov/FloorDocs/109/PDF/Intro/LB109.pdf
LB0110,2025_2026,Hughes,Passed,Provide requirements for intimate examinations of certain body parts,https://nebraskalegislature.gov/bills/view_bill.php?DocumentID=58926,2025,58926,https://nebraskalegislature.gov/FloorDocs/109/PDF/Intro/LB110.pdf
LB0111,2025_2026,Quick,Indefinitely postponed,Prohibit certain actions of insurers relating to repairing motor vehicles and nonoriginal equipment manufacturer parts,https://nebraskalegislature.gov/bills/view_bill.php?DocumentID=59144,2025,59144,https://nebraskalegislature.gov/FloorDocs/109/PDF/Intro/LB111.pdf
LB0112,2025_2026,Quick,Indefinitely postponed,Change provisions relating to salvage branded certificates of title,https://nebraskalegislature.gov/bills/view_bill.php?DocumentID=59143,2025,59143,https://nebraskalegislature.gov/FloorDocs/109/PDF/Intro/LB112.pdf
LB0113,2025_2026,Quick,Passed,Change provisions relating to licensees under the Nebraska Liquor Control Act,https://nebraskalegislature.gov/bills/view_bill.php?DocumentID=59465,2025,59465,https://nebraskalegislature.gov/FloorDocs/109/PDF/Intro/LB113.pdf
LB0114,2025_2026,Moser,Indefinitely postponed,Change provisions relating to Department of Motor Vehicles fees,https://nebraskalegislature.gov/bills/view_bill.php?DocumentID=59073,2025,59073,https://nebraskalegislature.gov/FloorDocs/109/PDF/Intro/LB114.pdf
LB0115,2025_2026,Ballard,Indefinitely postponed,Increase the income tax credit and change the qualification criteria under the Volunteer Emergency Responders Incentive Act,https://nebraskalegislature.gov/bills/view_bill.php?DocumentID=59233,2025,59233,https://nebraskalegislature.gov/FloorDocs/109/PDF/Intro/LB115.pdf
LB0116,2025_2026,Ballard,Passed,Change provisions of the Convention Center Facility Financing Assistance Act and the Nebraska Visitors Development Act,https://nebraskalegislature.gov/bills/view_bill.php?DocumentID=59232,2025,59232,https://nebraskalegislature.gov/FloorDocs/109/PDF/Intro/LB116.pdf
LB0117,2025_2026,Holdcroft,Indefinitely postponed,"Provide a sales and use tax exemption for electricity, natural gas, propane, and sewer utilities",https://nebraskalegislature.gov/bills/view_bill.php?DocumentID=58908,2025,58908,https://nebraskalegislature.gov/FloorDocs/109/PDF/Intro/LB117.pdf
LB0118,2025_2026,Hardin,Passed,Change supervising authority for a pharmacist,https://nebraskalegislature.gov/bills/view_bill.php?DocumentID=58956,2025,58956,https://nebraskalegislature.gov/FloorDocs/109/PDF/Intro/LB118.pdf
LB0119,2025_2026,Hardin,Indefinitely postponed,Provide requirements for the Rural Health Opportunity Program and provide tuition waivers,https://nebraskalegislature.gov/bills/view_bill.php?DocumentID=59359,2025,59359,https://nebraskalegislature.gov/FloorDocs/109/PDF/Intro/LB119.pdf
LB0120,2025_2026,Hardin,Passed,Provide an exception regarding release of a digital image under the Motor Vehicle Operator’s License Act,https://nebraskalegislature.gov/bills/view_bill.php?DocumentID=59181,2025,59181,https://nebraskalegislature.gov/FloorDocs/109/PDF/Intro/LB120.pdf
LB0121,2025_2026,Hardin,Indefinitely postponed,Prohibit land disposal of solar panels and wind turbine blades and the component parts of solar panels and wind turbine blades,https://nebraskalegislature.gov/bills/view_bill.php?DocumentID=59186,2025,59186,https://nebraskalegislature.gov/FloorDocs/109/PDF/Intro/LB121.pdf
LB0122,2025_2026,"Meyer, G.",Indefinitely postponed,Require display of the state and national motto in schools,https://nebraskalegislature.gov/bills/view_bill.php?DocumentID=59385,2025,59385,https://nebraskalegislature.gov/FloorDocs/109/PDF/Intro/LB122.pdf
LB0123,2025_2026,Sanders,Passed,"Change provisions relating to withholding money due to noncompliance with budget limits, property tax request authority, and annual audits for certain political subdivisions",https://nebraskalegislature.gov/bills/view_bill.php?DocumentID=59272,2025,59272,https://nebraskalegislature.gov/FloorDocs/109/PDF/Intro/LB123.pdf
LB0124,2025_2026,Holdcroft,Indefinitely postponed,Change penalties for motor vehicle homicide of an unborn child,https://nebraskalegislature.gov/bills/view_bill.php?DocumentID=58037,2025,58037,https://nebraskalegislature.gov/FloorDocs/109/PDF/Intro/LB124.pdf
LB0125,2025_2026,Hughes,Indefinitely postponed,Provide for regulation of products containing nicotine analogues and include alternative nicotine products under the Tobacco Products Tax Act,https://nebraskalegislature.gov/bills/view_bill.php?DocumentID=59015,2025,59015,https://nebraskalegislature.gov/FloorDocs/109/PDF/Intro/LB125.pdf
LB0126,2025_2026,Holdcroft,Passed,Change provisions relating to redemption of bonds of political subdivisions,https://nebraskalegislature.gov/bills/view_bill.php?DocumentID=58036,2025,58036,https://nebraskalegislature.gov/FloorDocs/109/PDF/Intro/LB126.pdf
LB0127,2025_2026,McKeon,Indefinitely postponed,Provide for damages for defendants who are found not guilty or whose cases are dismissed or overturned,https://nebraskalegislature.gov/bills/view_bill.php?DocumentID=59011,2025,59011,https://nebraskalegislature.gov/FloorDocs/109/PDF/Intro/LB127.pdf
LB0128,2025_2026,McKeon,Indefinitely postponed,Change provisions relating to the investigation of railroad accidents,https://nebraskalegislature.gov/bills/view_bill.php?DocumentID=59256,2025,59256,https://nebraskalegislature.gov/FloorDocs/109/PDF/Intro/LB128.pdf
LB0129,2025_2026,McKeon,Indefinitely postponed,Prohibit restrictions on the provision of certain energy services,https://nebraskalegislature.gov/bills/view_bill.php?DocumentID=59406,2025,59406,https://nebraskalegislature.gov/FloorDocs/109/PDF/Intro/LB129.pdf
LB0130,2025_2026,Dungan,Indefinitely postponed,Change provisions relating to General Fund net receipts and transfers to the Cash Reserve Fund,https://nebraskalegislature.gov/bills/view_bill.php?DocumentID=59489,2025,59489,https://nebraskalegislature.gov/FloorDocs/109/PDF/Intro/LB130.pdf
LB0131,2025_2026,Sorrentino,Indefinitely postponed,Include elementary and secondary schools in the Nebraska educational savings plan trust and change tax benefits,https://nebraskalegislature.gov/bills/view_bill.php?DocumentID=59361,2025,59361,https://nebraskalegislature.gov/FloorDocs/109/PDF/Intro/LB131.pdf
LB0132,2025_2026,Kauth,Indefinitely postponed,Change provisions relating to admissibility of evidence of use of an occupant protection system or a three-point safety belt system,https://nebraskalegislature.gov/bills/view_bill.php?DocumentID=59070,2025,59070,https://nebraskalegislature.gov/FloorDocs/109/PDF/Intro/LB132.pdf
LB0133,2025_2026,Holdcroft,Passed,Provide authority for animal control officers to enforce state or local animal control laws and provide immunity,https://nebraskalegislature.gov/bills/view_bill.php?DocumentID=59100,2025,59100,https://nebraskalegislature.gov/FloorDocs/109/PDF/Intro/LB133.pdf
LB0134,2025_2026,Holdcroft,Indefinitely postponed,Change provisions relating to certain license plates issued to persons with military affiliation,https://nebraskalegislature.gov/bills/view_bill.php?DocumentID=58034,2025,58034,https://nebraskalegislature.gov/FloorDocs/109/PDF/Intro/LB134.pdf
LB0135,2025_2026,Holdcroft,Indefinitely postponed,"Provide, change, and eliminate provisions relating to elections for certain purposes related to bonds and tax levies",https://nebraskalegislature.gov/bills/view_bill.php?DocumentID=58038,2025,58038,https://nebraskalegislature.gov/FloorDocs/109/PDF/Intro/LB135.pdf
LB0136,2025_2026,Holdcroft,Indefinitely postponed,"Change provisions relating to service of garnishment summons, continuing liens, and notices upon corporate garnishees",https://nebraskalegislature.gov/bills/view_bill.php?DocumentID=58966,2025,58966,https://nebraskalegislature.gov/FloorDocs/109/PDF/Intro/LB136.pdf
LB0137,2025_2026,Dungan,Indefinitely postponed,Prohibit certain restrictions on solar energy devices and pollinator gardens and provide a cause of action,https://nebraskalegislature.gov/bills/view_bill.php?DocumentID=58971,2025,58971,https://nebraskalegislature.gov/FloorDocs/109/PDF/Intro/LB137.pdf
LB0138,2025_2026,Riepe,Indefinitely postponed,Change provisions relating to pharmacy dispensing fees under the Medical Assistance Act,https://nebraskalegislature.gov/bills/view_bill.php?DocumentID=59315,2025,59315,https://nebraskalegislature.gov/FloorDocs/109/PDF/Intro/LB138.pdf
LB0139,2025_2026,Dungan,Passed,Change provisions relating to the Real Property Appraiser Act and the Nebraska Appraisal Management Company Registration Act,https://nebraskalegislature.gov/bills/view_bill.php?DocumentID=59518,2025,59518,https://nebraskalegislature.gov/FloorDocs/109/PDF/Intro/LB139.pdf
LB0140,2025_2026,Sanders,Passed,Require school policies relating to use of electronic communication devices by students,https://nebraskalegislature.gov/bills/view_bill.php?DocumentID=59086,2025,59086,https://nebraskalegislature.gov/FloorDocs/109/PDF/Intro/LB140.pdf
LB0141,2025_2026,Rountree,Indefinitely postponed,Require reporting of child abuse and neglect involving military families to military authorities and military family advocacy programs,https://nebraskalegislature.gov/bills/view_bill.php?DocumentID=58954,2025,58954,https://nebraskalegislature.gov/FloorDocs/109/PDF/Intro/LB141.pdf
LB0142,2025_2026,Hughes,Indefinitely postponed,Redefine a term under the Tax Equity and Educational Opportunities Support Act,https://nebraskalegislature.gov/bills/view_bill.php?DocumentID=59111,2025,59111,https://nebraskalegislature.gov/FloorDocs/109/PDF/Intro/LB142.pdf
LB0143,2025_2026,Rountree,Passed,Change provisions relating to student enrollment,https://nebraskalegislature.gov/bills/view_bill.php?DocumentID=58865,2025,58865,https://nebraskalegislature.gov/FloorDocs/109/PDF/Intro/LB143.pdf
LB0144,2025_2026,Rountree,Passed,Change provisions relating to veterans preferences for employment,https://nebraskalegislature.gov/bills/view_bill.php?DocumentID=59318,2025,59318,https://nebraskalegislature.gov/FloorDocs/109/PDF/Intro/LB144.pdf
LB0145,2025_2026,Ibach,Indefinitely postponed,Require the Director of Agriculture to administer a grant program relating to noxious weeds and restate intent regarding appropriations for vegetation management,https://nebraskalegislature.gov/bills/view_bill.php?DocumentID=59365,2025,59365,https://nebraskalegislature.gov/FloorDocs/109/PDF/Intro/LB145.pdf
LB0146,2025_2026,Ibach,Indefinitely postponed,State intent regarding appropriations for dental services under the Medical Assistance Act,https://nebraskalegislature.gov/bills/view_bill.php?DocumentID=58942,2025,58942,https://nebraskalegislature.gov/FloorDocs/109/PDF/Intro/LB146.pdf
LB0147,2025_2026,Hansen,Indefinitely postponed,Change provisions relating to approval and regulation of adding fluoride to the water supply of certain political subdivisions,https://nebraskalegislature.gov/bills/view_bill.php?DocumentID=59054,2025,59054,https://nebraskalegislature.gov/FloorDocs/109/PDF/Intro/LB147.pdf
LB0148,2025_2026,Hansen,Passed,Adopt the Dentist and Dental Hygienist Compact and change requirements for licensure and reciprocity under the Dentistry Practice Act,https://nebraskalegislature.gov/bills/view_bill.php?DocumentID=58968,2025,58968,https://nebraskalegislature.gov/FloorDocs/109/PDF/Intro/LB148.pdf
LB0148A,2025_2026,Hansen,Select File,Appropriation Bill,https://nebraskalegislature.gov/bills/view_bill.php?DocumentID=60495,2025,60495,https://nebraskalegislature.gov/FloorDocs/109/PDF/Intro/LB148A.pdf
LB0149,2025_2026,Hansen,Indefinitely postponed,Eliminate the prohibition on suspending a student in prekindergarten through second grade,https://nebraskalegislature.gov/bills/view_bill.php?DocumentID=58755,2025,58755,https://nebraskalegislature.gov/FloorDocs/109/PDF/Intro/LB149.pdf
LB0150,2025_2026,Bosn,Passed,"Adopt the Regional Mental Health Expansion Pilot Program Act, provide for a pilot program related to mental health, prohibit discrimination based on military or veteran status, and change and eliminate provisions relating to garnishment, liens, post-release supervision, sexual abuse by school workers, criminal mischief, discovery in criminal cases, habitual sentencing enhancements, veterans justice programs, paternity proceedings, handgun purchase requirements, correctional system overcrowding emergencies, the Division of Parole Services, the Nebraska Mental Health Commitment Act, and the Sex Offender Commitment Act",https://nebraskalegislature.gov/bills/view_bill.php?DocumentID=59006,2025,59006,https://nebraskalegislature.gov/FloorDocs/109/PDF/Intro/LB150.pdf
LB0150A,2025_2026,Bosn,Passed,Appropriation Bill,https://nebraskalegislature.gov/bills/view_bill.php?DocumentID=62211,2025,62211,https://nebraskalegislature.gov/FloorDocs/109/PDF/Intro/LB150A.pdf
LB0151,2025_2026,"Cavanaugh, J.",Indefinitely postponed,Adopt the First-Time Homebuyers Savings Account Act and provide income tax adjustments,https://nebraskalegislature.gov/bills/view_bill.php?DocumentID=59387,2025,59387,https://nebraskalegislature.gov/FloorDocs/109/PDF/Intro/LB151.pdf
LB0152,2025_2026,"Cavanaugh, J.",Indefinitely postponed,Create a homestead exemption,https://nebraskalegislature.gov/bills/view_bill.php?DocumentID=59327,2025,59327,https://nebraskalegislature.gov/FloorDocs/109/PDF/Intro/LB152.pdf
LB0153,2025_2026,Guereca,Indefinitely postponed,Require the Department of Health and Human Services to file a state plan amendment for postpartum coverage,https://nebraskalegislature.gov/bills/view_bill.php?DocumentID=58734,2025,58734,https://nebraskalegislature.gov/FloorDocs/109/PDF/Intro/LB153.pdf
LB0154,2025_2026,Hardin,Indefinitely postponed,Change provisions relating to hearing instrument specialists,https://nebraskalegislature.gov/bills/view_bill.php?DocumentID=58772,2025,58772,https://nebraskalegislature.gov/FloorDocs/109/PDF/Intro/LB154.pdf
LB0155,2025_2026,Hardin,Indefinitely postponed,Allow the use of deadly force without retreating when lawfully present in a motor vehicle,https://nebraskalegislature.gov/bills/view_bill.php?DocumentID=58835,2025,58835,https://nebraskalegislature.gov/FloorDocs/109/PDF/Intro/LB155.pdf
LB0156,2025_2026,Conrad,Indefinitely postponed,Allow tort claims under the State Tort Claims Act and Political Subdivisions Tort Claims Act for sexual assaults of children in school settings,https://nebraskalegislature.gov/bills/view_bill.php?DocumentID=58976,2025,58976,https://nebraskalegislature.gov/FloorDocs/109/PDF/Intro/LB156.pdf
LB0157,2025_2026,Conrad,Indefinitely postponed,Adopt the Child Tax Credit Act,https://nebraskalegislature.gov/bills/view_bill.php?DocumentID=58940,2025,58940,https://nebraskalegislature.gov/FloorDocs/109/PDF/Intro/LB157.pdf
LB0158,2025_2026,Wordekemper,Indefinitely postponed,Provide requirements for health carriers or pharmacy benefit managers regarding out-of-pocket maximums and cost-sharing requirements,https://nebraskalegislature.gov/bills/view_bill.php?DocumentID=58750,2025,58750,https://nebraskalegislature.gov/FloorDocs/109/PDF/Intro/LB158.pdf
LB0159,2025_2026,Guereca,Indefinitely postponed,Provide for sentencing consideration of a defendant's status as a victim of abuse or trafficking,https://nebraskalegislature.gov/bills/view_bill.php?DocumentID=58837,2025,58837,https://nebraskalegislature.gov/FloorDocs/109/PDF/Intro/LB159.pdf
LB0160,2025_2026,Riepe,Passed,Change examination requirements for a license under the Barber Act,https://nebraskalegislature.gov/bills/view_bill.php?DocumentID=59276,2025,59276,https://nebraskalegislature.gov/FloorDocs/109/PDF/Intro/LB160.pdf
LB0161,2025_2026,Juarez,Indefinitely postponed,Redefine formula students under the Tax Equity and Educational Opportunities Support Act,https://nebraskalegislature.gov/bills/view_bill.php?DocumentID=59290,2025,59290,https://nebraskalegislature.gov/FloorDocs/109/PDF/Intro/LB161.pdf
LB0162,2025_2026,Juarez,Indefinitely postponed,Adopt the Child Care Safety and Security Act,https://nebraskalegislature.gov/bills/view_bill.php?DocumentID=59492,2025,59492,https://nebraskalegislature.gov/FloorDocs/109/PDF/Intro/LB162.pdf
LB0163,2025_2026,Spivey,Indefinitely postponed,Create the Office of Climate Action,https://nebraskalegislature.gov/bills/view_bill.php?DocumentID=59498,2025,59498,https://nebraskalegislature.gov/FloorDocs/109/PDF/Intro/LB163.pdf
LB0164,2025_2026,Spivey,Indefinitely postponed,Adopt the Urban Development Incentive Act,https://nebraskalegislature.gov/bills/view_bill.php?DocumentID=59171,2025,59171,https://nebraskalegislature.gov/FloorDocs/109/PDF/Intro/LB164.pdf
LB0165,2025_2026,Hunt,Indefinitely postponed,Authorize syringe services programs in municipalities and counties and provide exceptions to penalties related to drug paraphernalia under the Uniform Controlled Substances Act,https://nebraskalegislature.gov/bills/view_bill.php?DocumentID=59138,2025,59138,https://nebraskalegislature.gov/FloorDocs/109/PDF/Intro/LB165.pdf
LB0166,2025_2026,Hughes,Passed,Require the county treasurer to maintain confidentiality of certain persons' residential addresses and change procedures for judicial officeholders to file for retention elections,https://nebraskalegislature.gov/bills/view_bill.php?DocumentID=58797,2025,58797,https://nebraskalegislature.gov/FloorDocs/109/PDF/Intro/LB166.pdf
LB0167,2025_2026,Clouse,Passed,Change the sunset date for the Nebraska Litter Reduction and Recycling Act,https://nebraskalegislature.gov/bills/view_bill.php?DocumentID=59196,2025,59196,https://nebraskalegislature.gov/FloorDocs/109/PDF/Intro/LB167.pdf
LB0168,2025_2026,Hardin,Passed,Adopt the 340B Contract Pharmacy Protection Act,https://nebraskalegislature.gov/bills/view_bill.php?DocumentID=59194,2025,59194,https://nebraskalegislature.gov/FloorDocs/109/PDF/Intro/LB168.pdf
LB0169,2025_2026,Brandt,Indefinitely postponed,Eliminate certain sales and use tax exemptions and impose sales and use tax on certain services,https://nebraskalegislature.gov/bills/view_bill.php?DocumentID=59353,2025,59353,https://nebraskalegislature.gov/FloorDocs/109/PDF/Intro/LB169.pdf
LB0169A,2025_2026,Brandt,Indefinitely postponed,Appropriation Bill,https://nebraskalegislature.gov/bills/view_bill.php?DocumentID=61287,2025,61287,https://nebraskalegislature.gov/FloorDocs/109/PDF/Intro/LB169A.pdf
LB0170,2025_2026,Brandt,Indefinitely postponed,Eliminate the sales tax exemptions for candy and soft drinks,https://nebraskalegislature.gov/bills/view_bill.php?DocumentID=59157,2025,59157,https://nebraskalegislature.gov/FloorDocs/109/PDF/Intro/LB170.pdf
LB0170A,2025_2026,Brandt,Indefinitely postponed,Appropriation Bill,https://nebraskalegislature.gov/bills/view_bill.php?DocumentID=62194,2025,62194,https://nebraskalegislature.gov/FloorDocs/109/PDF/Intro/LB170A.pdf
LB0171,2025_2026,Brandt,Indefinitely postponed,Change provisions relating to individual and corporate income tax rates,https://nebraskalegislature.gov/bills/view_bill.php?DocumentID=58969,2025,58969,https://nebraskalegislature.gov/FloorDocs/109/PDF/Intro/LB171.pdf
LB0172,2025_2026,Hardin,Indefinitely postponed,Prohibit conduct involving computer-generated child pornography,https://nebraskalegislature.gov/bills/view_bill.php?DocumentID=59064,2025,59064,https://nebraskalegislature.gov/FloorDocs/109/PDF/Intro/LB172.pdf
LB0173,2025_2026,Prokop,Indefinitely postponed,Appropriate funds for aid to community colleges and state intent,https://nebraskalegislature.gov/bills/view_bill.php?DocumentID=59541,2025,59541,https://nebraskalegislature.gov/FloorDocs/109/PDF/Intro/LB173.pdf
LB0174,2025_2026,Prokop,Indefinitely postponed,Change provisions relating to garnishment of wages for medical debt,https://nebraskalegislature.gov/bills/view_bill.php?DocumentID=59528,2025,59528,https://nebraskalegislature.gov/FloorDocs/109/PDF/Intro/LB174.pdf
LB0175,2025_2026,Hallstrom,Indefinitely postponed,Provide duties for the successor in interest of a railroad,https://nebraskalegislature.gov/bills/view_bill.php?DocumentID=59466,2025,59466,https://nebraskalegislature.gov/FloorDocs/109/PDF/Intro/LB175.pdf
LB0176,2025_2026,Hughes,Indefinitely postponed,Require resolutions of project support from political subdivisions under the Nebraska Broadband Bridge Act,https://nebraskalegislature.gov/bills/view_bill.php?DocumentID=59024,2025,59024,https://nebraskalegislature.gov/FloorDocs/109/PDF/Intro/LB176.pdf
LB0177,2025_2026,Clouse,Passed,Change provisions relating to certain licenses issued under the Mechanical Amusement Device Tax Act,https://nebraskalegislature.gov/bills/view_bill.php?DocumentID=58834,2025,58834,https://nebraskalegislature.gov/FloorDocs/109/PDF/Intro/LB177.pdf
LB0177A,2025_2026,Clouse,Passed,Appropriation Bill,https://nebraskalegislature.gov/bills/view_bill.php?DocumentID=60907,2025,60907,https://nebraskalegislature.gov/FloorDocs/109/PDF/Intro/LB177A.pdf
LB0178,2025_2026,Clouse,Indefinitely postponed,Require mandatory server training under the Nebraska Liquor Control Act,https://nebraskalegislature.gov/bills/view_bill.php?DocumentID=59389,2025,59389,https://nebraskalegislature.gov/FloorDocs/109/PDF/Intro/LB178.pdf
LB0179,2025_2026,Clouse,Passed,Change retirement contribution rates under the Police Officers Retirement Act and optional benefit forms under the Cities of the First Class Firefighters Retirement Act,https://nebraskalegislature.gov/bills/view_bill.php?DocumentID=59376,2025,59376,https://nebraskalegislature.gov/FloorDocs/109/PDF/Intro/LB179.pdf
LB0180,2025_2026,Clouse,Passed,Change requirements for public lettings and biddings and provide an exception for the Department of Natural Resources under the State Procurement Act,https://nebraskalegislature.gov/bills/view_bill.php?DocumentID=59230,2025,59230,https://nebraskalegislature.gov/FloorDocs/109/PDF/Intro/LB180.pdf
LB0181,2025_2026,"Cavanaugh, M.",Indefinitely postponed,Provide for benefits under the Young Adult Bridge to Independence Act for young adults not lawfully present in the United States,https://nebraskalegislature.gov/bills/view_bill.php?DocumentID=59241,2025,59241,https://nebraskalegislature.gov/FloorDocs/109/PDF/Intro/LB181.pdf
LB0182,2025_2026,Bostar,Passed,Change provisions relating to the Affordable Housing Tax Credit Act and the Child Care Tax Credit Act,https://nebraskalegislature.gov/bills/view_bill.php?DocumentID=58850,2025,58850,https://nebraskalegislature.gov/FloorDocs/109/PDF/Intro/LB182.pdf
LB0183,2025_2026,DeKay,Passed,Change provisions relating to the Uniform Disposition of Unclaimed Property Act,https://nebraskalegislature.gov/bills/view_bill.php?DocumentID=59271,2025,59271,https://nebraskalegislature.gov/FloorDocs/109/PDF/Intro/LB183.pdf
LB0184,2025_2026,DeKay,Indefinitely postponed,Prohibit certain sales of nitrous oxide and equipment to use nitrous oxide and provide penalties,https://nebraskalegislature.gov/bills/view_bill.php?DocumentID=59082,2025,59082,https://nebraskalegislature.gov/FloorDocs/109/PDF/Intro/LB184.pdf
LB0185,2025_2026,Dover,Passed,Provide for electronic delivery of notices and documents under the Uniform Residential Landlord and Tenant Act and the Mobile Home Landlord and Tenant Act,https://nebraskalegislature.gov/bills/view_bill.php?DocumentID=59483,2025,59483,https://nebraskalegislature.gov/FloorDocs/109/PDF/Intro/LB185.pdf
LB0186,2025_2026,Dover,Indefinitely postponed,Change provisions relating to entertainment districts under the Nebraska Liquor Control Act,https://nebraskalegislature.gov/bills/view_bill.php?DocumentID=59104,2025,59104,https://nebraskalegislature.gov/FloorDocs/109/PDF/Intro/LB186.pdf
LB0187,2025_2026,Dover,Passed,Change provisions of the Nebraska Real Estate License Act,https://nebraskalegislature.gov/bills/view_bill.php?DocumentID=58904,2025,58904,https://nebraskalegislature.gov/FloorDocs/109/PDF/Intro/LB187.pdf
LB0188,2025_2026,Dover,Indefinitely postponed,State intent to appropriate for medicaid nursing facility rates,https://nebraskalegislature.gov/bills/view_bill.php?DocumentID=59235,2025,59235,https://nebraskalegislature.gov/FloorDocs/109/PDF/Intro/LB188.pdf
LB0189,2025_2026,"Cavanaugh, M.",Indefinitely postponed,Adopt the Paid Family and Medical Leave Insurance Act,https://nebraskalegislature.gov/bills/view_bill.php?DocumentID=59182,2025,59182,https://nebraskalegislature.gov/FloorDocs/109/PDF/Intro/LB189.pdf
LB0190,2025_2026,"Cavanaugh, M.",Indefinitely postponed,Provide duties for the Legislative Performance Audit Committee,https://nebraskalegislature.gov/bills/view_bill.php?DocumentID=59588,2025,59588,https://nebraskalegislature.gov/FloorDocs/109/PDF/Intro/LB190.pdf
LB0191,2025_2026,Bosn,Indefinitely postponed,Change provisions relating to unlawful interference with telecommunications under the One-Call Notification System Act,https://nebraskalegislature.gov/bills/view_bill.php?DocumentID=59159,2025,59159,https://nebraskalegislature.gov/FloorDocs/109/PDF/Intro/LB191.pdf
LB0192,2025_2026,Quick,Passed,Change and eliminate provisions regarding eligibility for benefits under the Supplemental Nutrition Assistance Program and eliminate requirements for an evaluation and a report,https://nebraskalegislature.gov/bills/view_bill.php?DocumentID=58764,2025,58764,https://nebraskalegislature.gov/FloorDocs/109/PDF/Intro/LB192.pdf
LB0193,2025_2026,Andersen,Indefinitely postponed,Change provisions relating to the Committee on Pacific Conflict,https://nebraskalegislature.gov/bills/view_bill.php?DocumentID=59587,2025,59587,https://nebraskalegislature.gov/FloorDocs/109/PDF/Intro/LB193.pdf
LB0194,2025_2026,Sorrentino,Passed,Change provisions relating to a documentary stamp tax exemption,https://nebraskalegislature.gov/bills/view_bill.php?DocumentID=59338,2025,59338,https://nebraskalegislature.gov/FloorDocs/109/PDF/Intro/LB194.pdf
LB0195,2025_2026,"Meyer, G.",Passed,"Provide immunity for administration of naloxone, nalmefene, or other federally approved opioid overdose reversal medications",https://nebraskalegislature.gov/bills/view_bill.php?DocumentID=59308,2025,59308,https://nebraskalegislature.gov/FloorDocs/109/PDF/Intro/LB195.pdf
LB0196,2025_2026,Storm,Passed,Authorize the operation of all-terrain vehicles and utility-type vehicles between the hours of sunset and sunrise if used for snow removal,https://nebraskalegislature.gov/bills/view_bill.php?DocumentID=59103,2025,59103,https://nebraskalegislature.gov/FloorDocs/109/PDF/Intro/LB196.pdf
LB0197,2025_2026,Storm,Passed,"Change provisions relating to disqualification for benefits, claim determinations, and claim redeterminations under the Employment Security Law",https://nebraskalegislature.gov/bills/view_bill.php?DocumentID=59116,2025,59116,https://nebraskalegislature.gov/FloorDocs/109/PDF/Intro/LB197.pdf
LB0198,2025_2026,Sorrentino,Passed,Change provisions of the Pharmacy Benefit Manager Licensure and Regulation Act,https://nebraskalegislature.gov/bills/view_bill.php?DocumentID=59328,2025,59328,https://nebraskalegislature.gov/FloorDocs/109/PDF/Intro/LB198.pdf
LB0199,2025_2026,Sorrentino,Indefinitely postponed,"Change the statute of limitations for personal injury actions, include administrative proceedings within the Nonrecourse Civil Litigation Act, require disclosures by consumers under such act, and provide for discipline against civil litigation funding companies",https://nebraskalegislature.gov/bills/view_bill.php?DocumentID=59068,2025,59068,https://nebraskalegislature.gov/FloorDocs/109/PDF/Intro/LB199.pdf
LB0200,2025_2026,Sorrentino,Indefinitely postponed,Provide for exemptions under the Personal Property Tax Relief Act,https://nebraskalegislature.gov/bills/view_bill.php?DocumentID=59394,2025,59394,https://nebraskalegislature.gov/FloorDocs/109/PDF/Intro/LB200.pdf
LB0201,2025_2026,Kauth,Indefinitely postponed,Provide for a fee under Nebraska Money Transmitters Act,https://nebraskalegislature.gov/bills/view_bill.php?DocumentID=58071,2025,58071,https://nebraskalegislature.gov/FloorDocs/109/PDF/Intro/LB201.pdf
LB0202,2025_2026,Kauth,Passed,Exempt certain activities from disciplinary action under the Medicine and Surgery Practice Act,https://nebraskalegislature.gov/bills/view_bill.php?DocumentID=58779,2025,58779,https://nebraskalegislature.gov/FloorDocs/109/PDF/Intro/LB202.pdf
LB0203,2025_2026,Kauth,Passed,Change powers and duties of health directors in certain local public health departments and provide requirements relating to community-wide directed health measures,https://nebraskalegislature.gov/bills/view_bill.php?DocumentID=58780,2025,58780,https://nebraskalegislature.gov/FloorDocs/109/PDF/Intro/LB203.pdf
LB0204,2025_2026,Kauth,Indefinitely postponed,Adopt the Biometric Autonomy Liberty Law,https://nebraskalegislature.gov/bills/view_bill.php?DocumentID=58083,2025,58083,https://nebraskalegislature.gov/FloorDocs/109/PDF/Intro/LB204.pdf
LB0205,2025_2026,Bosn,Indefinitely postponed,"Provide requirements for admissibility of evidence relating to medical expenses, require disclosures by plaintiffs seeking damages for such expenses, and provide a cap on noneconomic damages in certain civil actions against commercial motor vehicle carriers",https://nebraskalegislature.gov/bills/view_bill.php?DocumentID=59067,2025,59067,https://nebraskalegislature.gov/FloorDocs/109/PDF/Intro/LB205.pdf
LB0206,2025_2026,von Gillern,Indefinitely postponed,Provide enhanced penalties for certain offenses committed in a disaster area during an emergency period,https://nebraskalegislature.gov/bills/view_bill.php?DocumentID=58809,2025,58809,https://nebraskalegislature.gov/FloorDocs/109/PDF/Intro/LB206.pdf
LB0207,2025_2026,von Gillern,Passed,Provide a registration fee under the Motor Vehicle Registration Act for certain commercially registered alternative fuel vehicles,https://nebraskalegislature.gov/bills/view_bill.php?DocumentID=59260,2025,59260,https://nebraskalegislature.gov/FloorDocs/109/PDF/Intro/LB207.pdf
LB0208,2025_2026,von Gillern,Passed,"Change provisions relating to sales tax collection fees, confidentiality of sales tax information, the streamlined sales and use tax agreement, a sales tax database, and certain income tax credits",https://nebraskalegislature.gov/bills/view_bill.php?DocumentID=58833,2025,58833,https://nebraskalegislature.gov/FloorDocs/109/PDF/Intro/LB208.pdf
LB0209,2025_2026,von Gillern,Passed,Change provisions relating to homestead exemptions for certain veterans and a property tax exemption for certain facilities,https://nebraskalegislature.gov/bills/view_bill.php?DocumentID=58885,2025,58885,https://nebraskalegislature.gov/FloorDocs/109/PDF/Intro/LB209.pdf
LB0210,2025_2026,Riepe,Indefinitely postponed,Provide for fees and assessments for participation and use of the prescription drug monitoring program and the designated health information exchange,https://nebraskalegislature.gov/bills/view_bill.php?DocumentID=59490,2025,59490,https://nebraskalegislature.gov/FloorDocs/109/PDF/Intro/LB210.pdf
LB0211,2025_2026,Riepe,Indefinitely postponed,Change provisions relating to the calculation of property tax request authority under the Property Tax Growth Limitation Act,https://nebraskalegislature.gov/bills/view_bill.php?DocumentID=59254,2025,59254,https://nebraskalegislature.gov/FloorDocs/109/PDF/Intro/LB211.pdf
LB0212,2025_2026,Wordekemper,Passed,Require licensure of persons engaged in remote sales of covered tobacco products under the Tobacco Products Tax Act and provide for taxation of such sales,https://nebraskalegislature.gov/bills/view_bill.php?DocumentID=59371,2025,59371,https://nebraskalegislature.gov/FloorDocs/109/PDF/Intro/LB212.pdf
LB0213,2025_2026,Holdcroft,Indefinitely postponed,Require the State Board of Education to adopt academic content standards on human embryology under the science education standards,https://nebraskalegislature.gov/bills/view_bill.php?DocumentID=59291,2025,59291,https://nebraskalegislature.gov/FloorDocs/109/PDF/Intro/LB213.pdf
LB0214,2025_2026,Holdcroft,Indefinitely postponed,Provide for the use of newborn safety devices and procedures relating to surrendered newborn infants,https://nebraskalegislature.gov/bills/view_bill.php?DocumentID=58306,2025,58306,https://nebraskalegislature.gov/FloorDocs/109/PDF/Intro/LB214.pdf
LB0215,2025_2026,Holdcroft,Indefinitely postponed,Require the establishment of a program to provide second chance relief for eligible committed offenders,https://nebraskalegislature.gov/bills/view_bill.php?DocumentID=58775,2025,58775,https://nebraskalegislature.gov/FloorDocs/109/PDF/Intro/LB215.pdf
LB0215A,2025_2026,Holdcroft,Indefinitely postponed,Appropriation Bill,https://nebraskalegislature.gov/bills/view_bill.php?DocumentID=61972,2025,61972,https://nebraskalegislature.gov/FloorDocs/109/PDF/Intro/LB215A.pdf
LB0216,2025_2026,Holdcroft,Indefinitely postponed,"Eliminate elected clerks of the district court, provide for consolidation of duties of court clerks and clerk magistrates, and change certain county employees to state employees",https://nebraskalegislature.gov/bills/view_bill.php?DocumentID=59142,2025,59142,https://nebraskalegislature.gov/FloorDocs/109/PDF/Intro/LB216.pdf
LB0217,2025_2026,Fredrickson,Passed,Require suicide awareness and prevention training for employees of child-placing agencies and child welfare workers,https://nebraskalegislature.gov/bills/view_bill.php?DocumentID=59381,2025,59381,https://nebraskalegislature.gov/FloorDocs/109/PDF/Intro/LB217.pdf
LB0218,2025_2026,Fredrickson,Indefinitely postponed,Change provisions relating to voter registration,https://nebraskalegislature.gov/bills/view_bill.php?DocumentID=59382,2025,59382,https://nebraskalegislature.gov/FloorDocs/109/PDF/Intro/LB218.pdf
LB0219,2025_2026,Dungan,Indefinitely postponed,Remove a requirement for a minimum term of post-release supervision for Class III and IIIA felonies,https://nebraskalegislature.gov/bills/view_bill.php?DocumentID=59540,2025,59540,https://nebraskalegislature.gov/FloorDocs/109/PDF/Intro/LB219.pdf
LB0220,2025_2026,"Cavanaugh, M.",Indefinitely postponed,Provide for developmental and intellectual disability impact notes for legislation,https://nebraskalegislature.gov/bills/view_bill.php?DocumentID=59263,2025,59263,https://nebraskalegislature.gov/FloorDocs/109/PDF/Intro/LB220.pdf
LB0221,2025_2026,"Cavanaugh, M.",Indefinitely postponed,Provide a procedure to fill unfilled gubernatorial appointments,https://nebraskalegislature.gov/bills/view_bill.php?DocumentID=59531,2025,59531,https://nebraskalegislature.gov/FloorDocs/109/PDF/Intro/LB221.pdf
LB0222,2025_2026,McKinney,Indefinitely postponed,"Change duties of peace officers, the Superintendent of Law Enforcement and Public Safety, and certain officers of the Nebraska State Patrol relating to stopping and detaining the operator of a vehicle",https://nebraskalegislature.gov/bills/view_bill.php?DocumentID=59285,2025,59285,https://nebraskalegislature.gov/FloorDocs/109/PDF/Intro/LB222.pdf
LB0223,2025_2026,Guereca,Indefinitely postponed,Prohibit discrimination based on lawful source of income under the Nebraska Fair Housing Act,https://nebraskalegislature.gov/bills/view_bill.php?DocumentID=59313,2025,59313,https://nebraskalegislature.gov/FloorDocs/109/PDF/Intro/LB223.pdf
LB0224,2025_2026,Guereca,Indefinitely postponed,Require paid maternity leave for state employees,https://nebraskalegislature.gov/bills/view_bill.php?DocumentID=59595,2025,59595,https://nebraskalegislature.gov/FloorDocs/109/PDF/Intro/LB224.pdf
LB0225,2025_2026,Guereca,Indefinitely postponed,Change application requirements for duplicate certificates of title under the Motor Vehicle Certificate of Title Act,https://nebraskalegislature.gov/bills/view_bill.php?DocumentID=58889,2025,58889,https://nebraskalegislature.gov/FloorDocs/109/PDF/Intro/LB225.pdf
LB0226,2025_2026,Juarez,Indefinitely postponed,"Provide for setting aside convictions and expunging records for convictions and adjudications for concealed weapon offenses, provide a private cause of action for violations of the Security, Privacy, and Dissemination of Criminal History Information Act, waive sovereign immunity, and provide for retroactivity",https://nebraskalegislature.gov/bills/view_bill.php?DocumentID=59411,2025,59411,https://nebraskalegislature.gov/FloorDocs/109/PDF/Intro/LB226.pdf
LB0227,2025_2026,DeBoer,Indefinitely postponed,Change provisions relating to authorization to operate for certain motor carriers,https://nebraskalegislature.gov/bills/view_bill.php?DocumentID=59571,2025,59571,https://nebraskalegislature.gov/FloorDocs/109/PDF/Intro/LB227.pdf
LB0228,2025_2026,Dorn,Indefinitely postponed,Change provisions of the Legislative Performance Audit Act,https://nebraskalegislature.gov/bills/view_bill.php?DocumentID=59420,2025,59420,https://nebraskalegislature.gov/FloorDocs/109/PDF/Intro/LB228.pdf
LB0229,2025_2026,Hallstrom,Passed,Exclude marketplace network contractors working for marketplace network platforms from the Employment Security Law,https://nebraskalegislature.gov/bills/view_bill.php?DocumentID=59488,2025,59488,https://nebraskalegislature.gov/FloorDocs/109/PDF/Intro/LB229.pdf
LB0230,2025_2026,Hallstrom,Passed,"Adopt the Kratom Consumer Protection Act, regulate nitrous oxide, and change the Uniform Controlled Substances Act",https://nebraskalegislature.gov/bills/view_bill.php?DocumentID=59264,2025,59264,https://nebraskalegislature.gov/FloorDocs/109/PDF/Intro/LB230.pdf
LB0230A,2025_2026,Hallstrom,Passed,Appropriation Bill,https://nebraskalegislature.gov/bills/view_bill.php?DocumentID=61001,2025,61001,https://nebraskalegislature.gov/FloorDocs/109/PDF/Intro/LB230A.pdf
LB0231,2025_2026,Hallstrom,Passed,Adopt the Uniform Special Deposits Act,https://nebraskalegislature.gov/bills/view_bill.php?DocumentID=59434,2025,59434,https://nebraskalegislature.gov/FloorDocs/109/PDF/Intro/LB231.pdf
LB0232,2025_2026,Hallstrom,Indefinitely postponed,Provide requirements for life insurance policies,https://nebraskalegislature.gov/bills/view_bill.php?DocumentID=59156,2025,59156,https://nebraskalegislature.gov/FloorDocs/109/PDF/Intro/LB232.pdf
LB0233,2025_2026,Conrad,Indefinitely postponed,Require coverage for in vitro fertilization for state employees under the Nebraska State Insurance Program,https://nebraskalegislature.gov/bills/view_bill.php?DocumentID=58948,2025,58948,https://nebraskalegislature.gov/FloorDocs/109/PDF/Intro/LB233.pdf
LB0234,2025_2026,Conrad,Indefinitely postponed,Redefine economic redevelopment area under the Urban Redevelopment Act,https://nebraskalegislature.gov/bills/view_bill.php?DocumentID=59407,2025,59407,https://nebraskalegislature.gov/FloorDocs/109/PDF/Intro/LB234.pdf
LB0235,2025_2026,Conrad,Indefinitely postponed,Change deadlines for trials for actions for possession and execution of writs of restitution under the Uniform Residential Landlord and Tenant Act,https://nebraskalegislature.gov/bills/view_bill.php?DocumentID=58997,2025,58997,https://nebraskalegislature.gov/FloorDocs/109/PDF/Intro/LB235.pdf
LB0236,2025_2026,Conrad,Indefinitely postponed,Allow claims involving child abuse or sexual assault of a child under the Political Subdivisions Tort Claims Act,https://nebraskalegislature.gov/bills/view_bill.php?DocumentID=58939,2025,58939,https://nebraskalegislature.gov/FloorDocs/109/PDF/Intro/LB236.pdf
LB0237,2025_2026,"Cavanaugh, M.",Indefinitely postponed,Permit counties to conduct elections by mail,https://nebraskalegislature.gov/bills/view_bill.php?DocumentID=59037,2025,59037,https://nebraskalegislature.gov/FloorDocs/109/PDF/Intro/LB237.pdf
LB0238,2025_2026,"Cavanaugh, M.",Indefinitely postponed,Exempt local foster care review boards from the Open Meetings Act and eliminate obsolete provisions regarding an advisory group,https://nebraskalegislature.gov/bills/view_bill.php?DocumentID=58018,2025,58018,https://nebraskalegislature.gov/FloorDocs/109/PDF/Intro/LB238.pdf
LB0239,2025_2026,"Cavanaugh, M.",Indefinitely postponed,Change requirements relating to developmental disabilities funding priorities and eliminate a sunset date,https://nebraskalegislature.gov/bills/view_bill.php?DocumentID=59629,2025,59629,https://nebraskalegislature.gov/FloorDocs/109/PDF/Intro/LB239.pdf
LB0240,2025_2026,Jacobson,Passed,Change certain notice provisions under the Community Development Law,https://nebraskalegislature.gov/bills/view_bill.php?DocumentID=59166,2025,59166,https://nebraskalegislature.gov/FloorDocs/109/PDF/Intro/LB240.pdf
LB0241,2025_2026,Hallstrom,Passed,Provide immunity from liability for cybersecurity events,https://nebraskalegislature.gov/bills/view_bill.php?DocumentID=59155,2025,59155,https://nebraskalegislature.gov/FloorDocs/109/PDF/Intro/LB241.pdf
LB0242,2025_2026,Riepe,Indefinitely postponed,"Change the Property Tax Growth Limitation Act and the School District Property Tax Relief Act and change provisions relating to budget limitations, municipal occupation taxes, and property tax statements",https://nebraskalegislature.gov/bills/view_bill.php?DocumentID=59253,2025,59253,https://nebraskalegislature.gov/FloorDocs/109/PDF/Intro/LB242.pdf
LB0243,2025_2026,Sanders,Indefinitely postponed,Change provisions relating to sidewalk assessments by county governments,https://nebraskalegislature.gov/bills/view_bill.php?DocumentID=59553,2025,59553,https://nebraskalegislature.gov/FloorDocs/109/PDF/Intro/LB243.pdf
LB0244,2025_2026,Sanders,Indefinitely postponed,Restate findings under the Nebraska Political Accountability and Disclosure Act,https://nebraskalegislature.gov/bills/view_bill.php?DocumentID=59554,2025,59554,https://nebraskalegislature.gov/FloorDocs/109/PDF/Intro/LB244.pdf
LB0245,2025_2026,DeKay,Passed,Change provisions of the Nebraska Pure Food Act and the Weights and Measures Act,https://nebraskalegislature.gov/bills/view_bill.php?DocumentID=58931,2025,58931,https://nebraskalegislature.gov/FloorDocs/109/PDF/Intro/LB245.pdf
LB0246,2025_2026,DeKay,Passed,Prohibit cultivated-protein food products under the Nebraska Pure Food Act and provide a deceptive trade practice,https://nebraskalegislature.gov/bills/view_bill.php?DocumentID=59262,2025,59262,https://nebraskalegislature.gov/FloorDocs/109/PDF/Intro/LB246.pdf
LB0247,2025_2026,DeKay,Passed,Change provisions relating to fees and distribution of proceeds under the Integrated Solid Waste Management Act and uses of and transfers from the Petroleum Release Remedial Action Cash Fund,https://nebraskalegislature.gov/bills/view_bill.php?DocumentID=59135,2025,59135,https://nebraskalegislature.gov/FloorDocs/109/PDF/Intro/LB247.pdf
LB0248,2025_2026,Sanders,Passed,Exempt certain programs from child care licensing requirements,https://nebraskalegislature.gov/bills/view_bill.php?DocumentID=59289,2025,59289,https://nebraskalegislature.gov/FloorDocs/109/PDF/Intro/LB248.pdf
LB0249,2025_2026,Sanders,Indefinitely postponed,Provide for military impact funding and change provisions relating to local formula resources under the Tax Equity and Educational Opportunities Support Act,https://nebraskalegislature.gov/bills/view_bill.php?DocumentID=58747,2025,58747,https://nebraskalegislature.gov/FloorDocs/109/PDF/Intro/LB249.pdf
LB0250,2025_2026,Jacobson,Passed,Change provisions relating to qualifications of the board of directors of a bank,https://nebraskalegislature.gov/bills/view_bill.php?DocumentID=59154,2025,59154,https://nebraskalegislature.gov/FloorDocs/109/PDF/Intro/LB250.pdf
LB0251,2025_2026,Jacobson,Passed,"Adopt changes to federal law regarding banking and finance and change provisions regarding loan limits, branch banking, failing financial institutions, credit unions, surety bonds, and interest rates for damages payable to irrigation districts",https://nebraskalegislature.gov/bills/view_bill.php?DocumentID=59076,2025,59076,https://nebraskalegislature.gov/FloorDocs/109/PDF/Intro/LB251.pdf
LB0252,2025_2026,Bostar,Indefinitely postponed,Prohibit disadvantaging insurance and Medicaid coverage for nonopioid drugs,https://nebraskalegislature.gov/bills/view_bill.php?DocumentID=59008,2025,59008,https://nebraskalegislature.gov/FloorDocs/109/PDF/Intro/LB252.pdf
LB0253,2025_2026,Bostar,Indefinitely postponed,Provide for insurance and medicaid coverage of biomarker testing,https://nebraskalegislature.gov/bills/view_bill.php?DocumentID=58788,2025,58788,https://nebraskalegislature.gov/FloorDocs/109/PDF/Intro/LB253.pdf
LB0254,2025_2026,Hallstrom,Indefinitely postponed,State legislative intent to transfer funds for workforce housing,https://nebraskalegislature.gov/bills/view_bill.php?DocumentID=59432,2025,59432,https://nebraskalegislature.gov/FloorDocs/109/PDF/Intro/LB254.pdf
LB0255,2025_2026,Quick,Indefinitely postponed,Provide for use of the Opioid Treatment Infrastructure Cash Fund for problem solving courts,https://nebraskalegislature.gov/bills/view_bill.php?DocumentID=58995,2025,58995,https://nebraskalegislature.gov/FloorDocs/109/PDF/Intro/LB255.pdf
LB0256,2025_2026,Quick,Indefinitely postponed,Adopt the Midwest Interstate Passenger Rail Compact,https://nebraskalegislature.gov/bills/view_bill.php?DocumentID=58863,2025,58863,https://nebraskalegislature.gov/FloorDocs/109/PDF/Intro/LB256.pdf
LB0257,2025_2026,Quick,Passed,Change licensure and scope of practice provisions regarding marriage and family therapy and occupational therapy and licensure requirements under the Child Care Licensing Act,https://nebraskalegislature.gov/bills/view_bill.php?DocumentID=59368,2025,59368,https://nebraskalegislature.gov/FloorDocs/109/PDF/Intro/LB257.pdf
LB0258,2025_2026,Raybould,Passed,Change provisions relating to the minimum wage under the Wage and Hour Act,https://nebraskalegislature.gov/bills/view_bill.php?DocumentID=59447,2025,59447,https://nebraskalegislature.gov/FloorDocs/109/PDF/Intro/LB258.pdf
LB0259,2025_2026,Lippincott,Indefinitely postponed,Adopt the Faithful Delegate to Federal Article V Convention Act,https://nebraskalegislature.gov/bills/view_bill.php?DocumentID=58921,2025,58921,https://nebraskalegislature.gov/FloorDocs/109/PDF/Intro/LB259.pdf
LB0260,2025_2026,Speaker Arch,Passed,"Provide, change, and eliminate provisions relating to appropriations",https://nebraskalegislature.gov/bills/view_bill.php?DocumentID=59126,2025,59126,https://nebraskalegislature.gov/FloorDocs/109/PDF/Intro/LB260.pdf
LB0261,2025_2026,Speaker Arch,Passed,"Appropriate funds for the expenses of Nebraska State Government for the biennium ending June 30, 2027, and appropriate Federal Funds allocated to the State of Nebraska pursuant to the federal American Rescue Plan Act of 2021",https://nebraskalegislature.gov/bills/view_bill.php?DocumentID=59125,2025,59125,https://nebraskalegislature.gov/FloorDocs/109/PDF/Intro/LB261.pdf
LB0262,2025_2026,Speaker Arch,Passed,Appropriate funds for salaries of members of the Legislature,https://nebraskalegislature.gov/bills/view_bill.php?DocumentID=59132,2025,59132,https://nebraskalegislature.gov/FloorDocs/109/PDF/Intro/LB262.pdf
LB0263,2025_2026,Speaker Arch,Passed,Appropriate funds for salaries of constitutional officers,https://nebraskalegislature.gov/bills/view_bill.php?DocumentID=59129,2025,59129,https://nebraskalegislature.gov/FloorDocs/109/PDF/Intro/LB263.pdf
LB0264,2025_2026,Speaker Arch,Passed,"Provide, change, and eliminate transfers from the Cash Reserve Fund and various other funds and change, terminate, and eliminate various statutory programs",https://nebraskalegislature.gov/bills/view_bill.php?DocumentID=59130,2025,59130,https://nebraskalegislature.gov/FloorDocs/109/PDF/Intro/LB264.pdf
LB0265,2025_2026,Sorrentino,Passed,"Adopt the Manufacturing Modernization and Workforce Development Pilot Investment Act, transfer, change, and eliminate funds, change provisions relating to the state unemployment insurance tax rate, and eliminate the Nebraska Worker Training Board",https://nebraskalegislature.gov/bills/view_bill.php?DocumentID=59113,2025,59113,https://nebraskalegislature.gov/FloorDocs/109/PDF/Intro/LB265.pdf
LB0266,2025_2026,Dover,Passed,Prohibit political subdivisions from enacting ordinances which have the effect of imposing rent controls on private property,https://nebraskalegislature.gov/bills/view_bill.php?DocumentID=58918,2025,58918,https://nebraskalegislature.gov/FloorDocs/109/PDF/Intro/LB266.pdf
LB0267,2025_2026,Rountree,Indefinitely postponed,"Provide for removal from a rental agreement of a cotenant or occupant who has committed domestic violence, require landlords to change locks, and provide landlords with related powers and duties",https://nebraskalegislature.gov/bills/view_bill.php?DocumentID=59273,2025,59273,https://nebraskalegislature.gov/FloorDocs/109/PDF/Intro/LB267.pdf
LB0268,2025_2026,Rountree,Indefinitely postponed,Require the Department of Health and Human Services to implement a provider rate increase for developmental disability services,https://nebraskalegislature.gov/bills/view_bill.php?DocumentID=59512,2025,59512,https://nebraskalegislature.gov/FloorDocs/109/PDF/Intro/LB268.pdf
LB0269,2025_2026,Rountree,Indefinitely postponed,Change provisions relating to the state database of sales and use tax rates for local jurisdictions,https://nebraskalegislature.gov/bills/view_bill.php?DocumentID=59050,2025,59050,https://nebraskalegislature.gov/FloorDocs/109/PDF/Intro/LB269.pdf
LB0270,2025_2026,Rountree,Indefinitely postponed,Provide for a review by the Auditor of Public Accounts for suspected sales and use tax reporting irregularities and discrepancies,https://nebraskalegislature.gov/bills/view_bill.php?DocumentID=59051,2025,59051,https://nebraskalegislature.gov/FloorDocs/109/PDF/Intro/LB270.pdf
LB0271,2025_2026,Storer,Indefinitely postponed,"Provide a penalty for the offense of interference with railroad infrastructure, equipment, and personnel",https://nebraskalegislature.gov/bills/view_bill.php?DocumentID=59562,2025,59562,https://nebraskalegislature.gov/FloorDocs/109/PDF/Intro/LB271.pdf
LB0272,2025_2026,Dungan,Indefinitely postponed,Change provisions relating to homestead exemptions for certain disabled veterans and surviving spouses,https://nebraskalegislature.gov/bills/view_bill.php?DocumentID=59509,2025,59509,https://nebraskalegislature.gov/FloorDocs/109/PDF/Intro/LB272.pdf
LB0273,2025_2026,Hunt,Indefinitely postponed,Change provisions relating to a power of attorney for health care,https://nebraskalegislature.gov/bills/view_bill.php?DocumentID=58768,2025,58768,https://nebraskalegislature.gov/FloorDocs/109/PDF/Intro/LB273.pdf
LB0274,2025_2026,Hunt,Indefinitely postponed,Change requirements under the Child Care Licensing Act for liability insurance coverage and inspections and investigations,https://nebraskalegislature.gov/bills/view_bill.php?DocumentID=59278,2025,59278,https://nebraskalegislature.gov/FloorDocs/109/PDF/Intro/LB274.pdf
LB0275,2025_2026,Hunt,Passed,Require the Department of Health and Human Services to screen state wards for social security benefit eligibility,https://nebraskalegislature.gov/bills/view_bill.php?DocumentID=59203,2025,59203,https://nebraskalegislature.gov/FloorDocs/109/PDF/Intro/LB275.pdf
LB0275A,2025_2026,Hunt,Passed,Appropriation Bill,https://nebraskalegislature.gov/bills/view_bill.php?DocumentID=61769,2025,61769,https://nebraskalegislature.gov/FloorDocs/109/PDF/Intro/LB275A.pdf
LB0276,2025_2026,McKinney,Indefinitely postponed,"Adopt the Municipal Police Oversight Act, require maintenance of Brady and Giglio lists, ban no-knock warrants, and change requirements on law enforcement officer records",https://nebraskalegislature.gov/bills/view_bill.php?DocumentID=59438,2025,59438,https://nebraskalegislature.gov/FloorDocs/109/PDF/Intro/LB276.pdf
LB0277,2025_2026,McKinney,Indefinitely postponed,Change provisions relating to grand juries in cases of death during apprehension or custody,https://nebraskalegislature.gov/bills/view_bill.php?DocumentID=59440,2025,59440,https://nebraskalegislature.gov/FloorDocs/109/PDF/Intro/LB277.pdf
LB0278,2025_2026,von Gillern,Indefinitely postponed,Change requirements for certain insurance policies and contracts,https://nebraskalegislature.gov/bills/view_bill.php?DocumentID=58754,2025,58754,https://nebraskalegislature.gov/FloorDocs/109/PDF/Intro/LB278.pdf
LB0279,2025_2026,von Gillern,Indefinitely postponed,Allow operation of registered motor vehicles with either one or two license plates,https://nebraskalegislature.gov/bills/view_bill.php?DocumentID=59519,2025,59519,https://nebraskalegislature.gov/FloorDocs/109/PDF/Intro/LB279.pdf
LB0280,2025_2026,von Gillern,Indefinitely postponed,Require audits of authorized gaming operators and provide powers and duties for the Auditor of Public Accounts,https://nebraskalegislature.gov/bills/view_bill.php?DocumentID=59520,2025,59520,https://nebraskalegislature.gov/FloorDocs/109/PDF/Intro/LB280.pdf
LB0281,2025_2026,Quick,Indefinitely postponed,Change provisions relating to the Board of Nursing and eliminate the Board of Advanced Practice Registered Nurses,https://nebraskalegislature.gov/bills/view_bill.php?DocumentID=59175,2025,59175,https://nebraskalegislature.gov/FloorDocs/109/PDF/Intro/LB281.pdf
LB0282,2025_2026,Prokop,Indefinitely postponed,Provide for reimbursement for teachers for school supplies,https://nebraskalegislature.gov/bills/view_bill.php?DocumentID=59521,2025,59521,https://nebraskalegislature.gov/FloorDocs/109/PDF/Intro/LB282.pdf
LB0283,2025_2026,Spivey,Indefinitely postponed,Require the Department of Health and Human Services to implement express lane eligibility,https://nebraskalegislature.gov/bills/view_bill.php?DocumentID=59348,2025,59348,https://nebraskalegislature.gov/FloorDocs/109/PDF/Intro/LB283.pdf
LB0284,2025_2026,Guereca,Indefinitely postponed,Appropriate funds to the Department of Health and Human Services,https://nebraskalegislature.gov/bills/view_bill.php?DocumentID=59025,2025,59025,https://nebraskalegislature.gov/FloorDocs/109/PDF/Intro/LB284.pdf
LB0285,2025_2026,Lonowski,Indefinitely postponed,Prohibit the sale of flavored vape products,https://nebraskalegislature.gov/bills/view_bill.php?DocumentID=59026,2025,59026,https://nebraskalegislature.gov/FloorDocs/109/PDF/Intro/LB285.pdf
LB0286,2025_2026,Urban Affairs Committee,Passed,Change provisions relating to application deadlines under the Nebraska Innovation Hub Act and the Nebraska Rural Projects Act,https://nebraskalegislature.gov/bills/view_bill.php?DocumentID=59415,2025,59415,https://nebraskalegislature.gov/FloorDocs/109/PDF/Intro/LB286.pdf
LB0287,2025_2026,Urban Affairs Committee,Governor Veto,"Provide for regulation of housing authorities by ordinance, change provisions relating to sanitary and improvement districts, and provide requirements relating to bed bugs under the Nebraska Housing Agency Act",https://nebraskalegislature.gov/bills/view_bill.php?DocumentID=59403,2025,59403,https://nebraskalegislature.gov/FloorDocs/109/PDF/Intro/LB287.pdf
LB0288,2025_2026,Urban Affairs Committee,Passed,"Change provisions of the Property Assessed Clean Energy Act, the Community Development Law, the Nebraska Affordable Housing Act, and the Middle Income Workforce Housing Investment Act",https://nebraskalegislature.gov/bills/view_bill.php?DocumentID=59250,2025,59250,https://nebraskalegislature.gov/FloorDocs/109/PDF/Intro/LB288.pdf
LB0288A,2025_2026,McKinney,Passed,Appropriation Bill,https://nebraskalegislature.gov/bills/view_bill.php?DocumentID=61760,2025,61760,https://nebraskalegislature.gov/FloorDocs/109/PDF/Intro/LB288A.pdf
LB0289,2025_2026,Urban Affairs Committee,Passed,"Change provisions relating to cities, villages, and boards of adjustment and redefine qualifying business under the Local Option Municipal Economic Development Act",https://nebraskalegislature.gov/bills/view_bill.php?DocumentID=59002,2025,59002,https://nebraskalegislature.gov/FloorDocs/109/PDF/Intro/LB289.pdf
LB0290,2025_2026,Urban Affairs Committee,Passed,Change provisions relating to grant funding for a business park under the Economic Recovery Act,https://nebraskalegislature.gov/bills/view_bill.php?DocumentID=59001,2025,59001,https://nebraskalegislature.gov/FloorDocs/109/PDF/Intro/LB290.pdf
LB0291,2025_2026,Urban Affairs Committee,Indefinitely postponed,Adopt the Aid to Municipalities Act,https://nebraskalegislature.gov/bills/view_bill.php?DocumentID=58999,2025,58999,https://nebraskalegislature.gov/FloorDocs/109/PDF/Intro/LB291.pdf
LB0292,2025_2026,Urban Affairs Committee,Indefinitely postponed,Provide for a grant to study prefabricated housing,https://nebraskalegislature.gov/bills/view_bill.php?DocumentID=58987,2025,58987,https://nebraskalegislature.gov/FloorDocs/109/PDF/Intro/LB292.pdf
LB0292A,2025_2026,McKinney,Indefinitely postponed,Appropriation Bill,https://nebraskalegislature.gov/bills/view_bill.php?DocumentID=60371,2025,60371,https://nebraskalegislature.gov/FloorDocs/109/PDF/Intro/LB292A.pdf
LB0293,2025_2026,Ballard,Passed,Change provisions of the Professional Employer Organization Registration Act,https://nebraskalegislature.gov/bills/view_bill.php?DocumentID=58878,2025,58878,https://nebraskalegislature.gov/FloorDocs/109/PDF/Intro/LB293.pdf
LB0293A,2025_2026,Ballard,Passed,Appropriation Bill,https://nebraskalegislature.gov/bills/view_bill.php?DocumentID=60476,2025,60476,https://nebraskalegislature.gov/FloorDocs/109/PDF/Intro/LB293A.pdf
LB0294,2025_2026,Storer,Passed,Change provisions relating to grants from the County Visitors Improvement Fund,https://nebraskalegislature.gov/bills/view_bill.php?DocumentID=59444,2025,59444,https://nebraskalegislature.gov/FloorDocs/109/PDF/Intro/LB294.pdf
LB0295,2025_2026,Nebraska Retirement Systems Committee,Passed,"Change provisions relating to the County Employees Retirement Act, the Judges Retirement Act, the Nebraska State Patrol Retirement Act, the School Employees Retirement Act, the State Employees Retirement Act, the Spousal Pension Rights Act, and the Public Employees Retirement Board",https://nebraskalegislature.gov/bills/view_bill.php?DocumentID=59066,2025,59066,https://nebraskalegislature.gov/FloorDocs/109/PDF/Intro/LB295.pdf
LB0296,2025_2026,Arch,Passed,Require the State Department of Education to create a centralized education records system and employ registrars relating to students under the jurisdiction of the juvenile court and change provisions relating to graduation requirements and the State Department of Education Improvement Grant Fund,https://nebraskalegislature.gov/bills/view_bill.php?DocumentID=58947,2025,58947,https://nebraskalegislature.gov/FloorDocs/109/PDF/Intro/LB296.pdf
LB0296A,2025_2026,Arch,Passed,Appropriation Bill,https://nebraskalegislature.gov/bills/view_bill.php?DocumentID=60049,2025,60049,https://nebraskalegislature.gov/FloorDocs/109/PDF/Intro/LB296A.pdf
LB0297,2025_2026,Ibach,Passed,Change provisions relating to the combined tax rate under the Employment Security Law,https://nebraskalegislature.gov/bills/view_bill.php?DocumentID=59295,2025,59295,https://nebraskalegislature.gov/FloorDocs/109/PDF/Intro/LB297.pdf
LB0298,2025_2026,Arch,Passed,"Provide for the Division of Legislative Oversight, the Director of Legislative Oversight, and the Legislative Oversight Committee and change provisions relating to the Public Counsel, the office of Inspector General of Nebraska Child Welfare, and the office of Inspector General of the Nebraska Correctional System",https://nebraskalegislature.gov/bills/view_bill.php?DocumentID=58839,2025,58839,https://nebraskalegislature.gov/FloorDocs/109/PDF/Intro/LB298.pdf
LB0298A,2025_2026,Arch,Passed,Appropriation Bill,https://nebraskalegislature.gov/bills/view_bill.php?DocumentID=62191,2025,62191,https://nebraskalegislature.gov/FloorDocs/109/PDF/Intro/LB298A.pdf
LB0299,2025_2026,Juarez,Indefinitely postponed,Allow eligible aliens and dependents to receive public benefits relating to employment,https://nebraskalegislature.gov/bills/view_bill.php?DocumentID=58813,2025,58813,https://nebraskalegislature.gov/FloorDocs/109/PDF/Intro/LB299.pdf
LB0300,2025_2026,Murman,Indefinitely postponed,Change provisions relating to the Superintendent Pay Transparency Act and provide a limit for superintendent and educational service unit administrator compensation,https://nebraskalegislature.gov/bills/view_bill.php?DocumentID=58841,2025,58841,https://nebraskalegislature.gov/FloorDocs/109/PDF/Intro/LB300.pdf
LB0301,2025_2026,Ibach,Indefinitely postponed,Allow eligible aliens to receive law enforcement officer training and certification and authorize such aliens and their dependents to receive public benefits relating to employment as a law enforcement officer,https://nebraskalegislature.gov/bills/view_bill.php?DocumentID=58814,2025,58814,https://nebraskalegislature.gov/FloorDocs/109/PDF/Intro/LB301.pdf
LB0302,2025_2026,Murman,Indefinitely postponed,Eliminate daylight saving time,https://nebraskalegislature.gov/bills/view_bill.php?DocumentID=59293,2025,59293,https://nebraskalegislature.gov/FloorDocs/109/PDF/Intro/LB302.pdf
LB0303,2025_2026,Hughes,Passed,Create the School Financing Review Commission and change provisions relating to budget authority under the Tax Equity and Educational Opportunities Support Act,https://nebraskalegislature.gov/bills/view_bill.php?DocumentID=58984,2025,58984,https://nebraskalegislature.gov/FloorDocs/109/PDF/Intro/LB303.pdf
LB0304,2025_2026,DeBoer,Passed,Eliminate a sunset date for the federal Child Care Subsidy program and state intent regarding funding,https://nebraskalegislature.gov/bills/view_bill.php?DocumentID=58962,2025,58962,https://nebraskalegislature.gov/FloorDocs/109/PDF/Intro/LB304.pdf
LB0305,2025_2026,Ibach,Indefinitely postponed,Adopt the Preceptorship Tax Credit Act,https://nebraskalegislature.gov/bills/view_bill.php?DocumentID=58891,2025,58891,https://nebraskalegislature.gov/FloorDocs/109/PDF/Intro/LB305.pdf
LB0306,2025_2026,Education Committee,Passed,"Change provisions relating to admission to elementary and secondary schools, the Board of Trustees of the Nebraska State Colleges, the Nebraska Career Scholarship Act, the Coordinating Commission for Postsecondary Education Act, and the Door to College Scholarship Act and require a database of financial information regarding school districts and reporting regarding funding from foreign adversarial sources",https://nebraskalegislature.gov/bills/view_bill.php?DocumentID=59390,2025,59390,https://nebraskalegislature.gov/FloorDocs/109/PDF/Intro/LB306.pdf
LB0306A,2025_2026,Murman,Indefinitely postponed,Appropriation Bill,https://nebraskalegislature.gov/bills/view_bill.php?DocumentID=62209,2025,62209,https://nebraskalegislature.gov/FloorDocs/109/PDF/Intro/LB306A.pdf
LB0307,2025_2026,Ibach,Indefinitely postponed,State intent regarding appropriations for tuition waivers,https://nebraskalegislature.gov/bills/view_bill.php?DocumentID=58819,2025,58819,https://nebraskalegislature.gov/FloorDocs/109/PDF/Intro/LB307.pdf
LB0308,2025_2026,Ibach,Indefinitely postponed,Adopt the Health Care Staffing Agency Registration Act,https://nebraskalegislature.gov/bills/view_bill.php?DocumentID=59270,2025,59270,https://nebraskalegislature.gov/FloorDocs/109/PDF/Intro/LB308.pdf
LB0309,2025_2026,Hughes,Indefinitely postponed,Adopt the Safe Battery Collection and Recycling Act,https://nebraskalegislature.gov/bills/view_bill.php?DocumentID=59404,2025,59404,https://nebraskalegislature.gov/FloorDocs/109/PDF/Intro/LB309.pdf
LB0310,2025_2026,Hansen,Indefinitely postponed,Provide an exemption from newborn screening for certain diseases or conditions,https://nebraskalegislature.gov/bills/view_bill.php?DocumentID=58757,2025,58757,https://nebraskalegislature.gov/FloorDocs/109/PDF/Intro/LB310.pdf
LB0311,2025_2026,DeBoer,Passed,"Adopt the Telecommunications Exchange Deregulation Act, restrict actions of governmental actors relating to telecommunications, and change provisions relating to regulation of telecommunications",https://nebraskalegislature.gov/bills/view_bill.php?DocumentID=59606,2025,59606,https://nebraskalegislature.gov/FloorDocs/109/PDF/Intro/LB311.pdf
LB0312,2025_2026,Strommen,Passed,Include nurse anesthesia practice and dietitian nutrition practice under the Rural Health Systems and Professional Incentive Act,https://nebraskalegislature.gov/bills/view_bill.php?DocumentID=59034,2025,59034,https://nebraskalegislature.gov/FloorDocs/109/PDF/Intro/LB312.pdf
LB0313,2025_2026,Ibach,Indefinitely postponed,Change provisions under the Nebraska Workers’ Compensation Act relating to subrogation of third-party claims and the distribution of proceeds in the settlement of third-party claims,https://nebraskalegislature.gov/bills/view_bill.php?DocumentID=59379,2025,59379,https://nebraskalegislature.gov/FloorDocs/109/PDF/Intro/LB313.pdf
LB0314,2025_2026,Sorrentino,Indefinitely postponed,Change provisions of the Sports Arena Facility Financing Assistance Act,https://nebraskalegislature.gov/bills/view_bill.php?DocumentID=59258,2025,59258,https://nebraskalegislature.gov/FloorDocs/109/PDF/Intro/LB314.pdf
LB0315,2025_2026,Sorrentino,Indefinitely postponed,Provide a sunset date for required biennial reports of and occupation taxes on domestic and foreign corporations,https://nebraskalegislature.gov/bills/view_bill.php?DocumentID=59395,2025,59395,https://nebraskalegislature.gov/FloorDocs/109/PDF/Intro/LB315.pdf
LB0316,2025_2026,Kauth,Indefinitely postponed,Prohibit conduct relating to hemp other than cannabidiol products and change provisions of the Nebraska Hemp Farming Act and the Uniform Controlled Substances Act,https://nebraskalegislature.gov/bills/view_bill.php?DocumentID=59124,2025,59124,https://nebraskalegislature.gov/FloorDocs/109/PDF/Intro/LB316.pdf
LB0316A,2025_2026,Kauth,Indefinitely postponed,Appropriation Bill,https://nebraskalegislature.gov/bills/view_bill.php?DocumentID=61886,2025,61886,https://nebraskalegislature.gov/FloorDocs/109/PDF/Intro/LB316A.pdf
LB0317,2025_2026,Brandt,Passed,"Merge the Department of Natural Resources with the Department of Environment and Energy and change the name to the Department of Water, Energy, and Environment, create the position of Chief Water Officer, and provide, change, and eliminate powers and duties relating to water, conservation, state game refuges, and low-level radioactive waste disposal",https://nebraskalegislature.gov/bills/view_bill.php?DocumentID=59431,2025,59431,https://nebraskalegislature.gov/FloorDocs/109/PDF/Intro/LB317.pdf
LB0318,2025_2026,Rountree,Indefinitely postponed,Require the Department of Health and Human Services to file a state plan amendment under the Medical Assistance Act for incarcerated youth,https://nebraskalegislature.gov/bills/view_bill.php?DocumentID=59480,2025,59480,https://nebraskalegislature.gov/FloorDocs/109/PDF/Intro/LB318.pdf
LB0319,2025_2026,Rountree,Governor Veto,Change eligibility requirements for the Supplemental Nutrition Assistance Program,https://nebraskalegislature.gov/bills/view_bill.php?DocumentID=59057,2025,59057,https://nebraskalegislature.gov/FloorDocs/109/PDF/Intro/LB319.pdf
LB0320,2025_2026,Sanders,Passed,"Require hotels and similar public lodging establishments to display posters relating to human trafficking, provide for  training regarding recognition of human trafficking for employees of such establishments, and limit liability for human trafficking activity at such establishments",https://nebraskalegislature.gov/bills/view_bill.php?DocumentID=59644,2025,59644,https://nebraskalegislature.gov/FloorDocs/109/PDF/Intro/LB320.pdf
LB0321,2025_2026,Sanders,Indefinitely postponed,Change provisions relating to the board of trustees for sanitary and improvement districts,https://nebraskalegislature.gov/bills/view_bill.php?DocumentID=58998,2025,58998,https://nebraskalegislature.gov/FloorDocs/109/PDF/Intro/LB321.pdf
LB0322,2025_2026,Clouse,Indefinitely postponed,"Prohibit assault on a pharmacist and clarify provisions relating to assault on officers, emergency responders, certain employees, and health care professionals",https://nebraskalegislature.gov/bills/view_bill.php?DocumentID=59435,2025,59435,https://nebraskalegislature.gov/FloorDocs/109/PDF/Intro/LB322.pdf
LB0323,2025_2026,Moser,Passed,Change requirements for certain road and building construction projects for the Department of Transportation,https://nebraskalegislature.gov/bills/view_bill.php?DocumentID=59183,2025,59183,https://nebraskalegislature.gov/FloorDocs/109/PDF/Intro/LB323.pdf
LB0324,2025_2026,Moser,Indefinitely postponed,Change protest procedures relating to creation of a proposed business improvement district or modification of an existing business improvement district under the Business Improvement District Act,https://nebraskalegislature.gov/bills/view_bill.php?DocumentID=59551,2025,59551,https://nebraskalegislature.gov/FloorDocs/109/PDF/Intro/LB324.pdf
LB0325,2025_2026,Jacobson,Passed,Change provisions relating to qualifications and requirements for the board of directors of an insurance corporation,https://nebraskalegislature.gov/bills/view_bill.php?DocumentID=58789,2025,58789,https://nebraskalegislature.gov/FloorDocs/109/PDF/Intro/LB325.pdf
LB0326,2025_2026,Jacobson,Passed,"Change provisions relating to the Unfair Insurance Trade Practices Act, the Nebraska Property and Liability Insurance Guaranty Association Act, and mutual insurance holding companies and eliminate the provisions of the Health Insurance Access Act and the Health Care Purchasing Pool Act",https://nebraskalegislature.gov/bills/view_bill.php?DocumentID=59430,2025,59430,https://nebraskalegislature.gov/FloorDocs/109/PDF/Intro/LB326.pdf
LB0327,2025_2026,Holdcroft,Indefinitely postponed,Require the state to pay expenses for probation services,https://nebraskalegislature.gov/bills/view_bill.php?DocumentID=59536,2025,59536,https://nebraskalegislature.gov/FloorDocs/109/PDF/Intro/LB327.pdf
LB0328,2025_2026,Holdcroft,Indefinitely postponed,Change provisions relating to the disbursement of the documentary stamp tax,https://nebraskalegislature.gov/bills/view_bill.php?DocumentID=59226,2025,59226,https://nebraskalegislature.gov/FloorDocs/109/PDF/Intro/LB328.pdf
LB0329,2025_2026,von Gillern,Indefinitely postponed,Change provisions relating to sexual abuse by a school employee,https://nebraskalegislature.gov/bills/view_bill.php?DocumentID=59602,2025,59602,https://nebraskalegislature.gov/FloorDocs/109/PDF/Intro/LB329.pdf
LB0330,2025_2026,Juarez,Indefinitely postponed,Change provisions relating to the sales tax rate and create the Alcohol Addiction Prevention and Treatment Fund,https://nebraskalegislature.gov/bills/view_bill.php?DocumentID=59464,2025,59464,https://nebraskalegislature.gov/FloorDocs/109/PDF/Intro/LB330.pdf
LB0331,2025_2026,Hardin,Withdrawn,Adopt the Nebraska EPIC Option Consumption Tax Act and terminate tax provisions,https://nebraskalegislature.gov/bills/view_bill.php?DocumentID=58804,2025,58804,https://nebraskalegislature.gov/FloorDocs/109/PDF/Intro/LB331.pdf
LB0332,2025_2026,Hardin,Passed,"Provide for assistant funeral directors, change scope of practice and regulatory provisions regarding funeral directing and embalming, hearing instrument specialists, and audiologists, change membership provisions for the Board of Pharmacy, change provisions regarding delegated dispensing permits and prescription refills, provide medicaid coverage for psychology services, and establish the Rural Health Opportunity Program",https://nebraskalegislature.gov/bills/view_bill.php?DocumentID=59443,2025,59443,https://nebraskalegislature.gov/FloorDocs/109/PDF/Intro/LB332.pdf
LB0333,2025_2026,Hardin,Withdrawn,Change provisions of the Motor Vehicle Operator’s License Act relating to hazardous materials endorsements,https://nebraskalegislature.gov/bills/view_bill.php?DocumentID=59335,2025,59335,https://nebraskalegislature.gov/FloorDocs/109/PDF/Intro/LB333.pdf
LB0334,2025_2026,Hughes,Indefinitely postponed,Provide for confidentiality of certain candidate filing form information for judges filing for retention,https://nebraskalegislature.gov/bills/view_bill.php?DocumentID=59608,2025,59608,https://nebraskalegislature.gov/FloorDocs/109/PDF/Intro/LB334.pdf
LB0335,2025_2026,Conrad,Passed,Redefine child under the In the Line of Duty Dependent Education Act,https://nebraskalegislature.gov/bills/view_bill.php?DocumentID=59134,2025,59134,https://nebraskalegislature.gov/FloorDocs/109/PDF/Intro/LB335.pdf
LB0336,2025_2026,Conrad,Indefinitely postponed,Create the Task Force on Supported Employment,https://nebraskalegislature.gov/bills/view_bill.php?DocumentID=59123,2025,59123,https://nebraskalegislature.gov/FloorDocs/109/PDF/Intro/LB336.pdf
LB0337,2025_2026,Wordekemper,Indefinitely postponed,Change provisions relating to the regulation and operation of all-terrain vehicles and utility-type vehicles,https://nebraskalegislature.gov/bills/view_bill.php?DocumentID=59176,2025,59176,https://nebraskalegislature.gov/FloorDocs/109/PDF/Intro/LB337.pdf
LB0338,2025_2026,Wordekemper,Indefinitely postponed,"Prohibit the use of genetic information for life insurance, disability insurance, and long-term care insurance",https://nebraskalegislature.gov/bills/view_bill.php?DocumentID=58826,2025,58826,https://nebraskalegislature.gov/FloorDocs/109/PDF/Intro/LB338.pdf
LB0339,2025_2026,Hallstrom,Indefinitely postponed,Require the Department of Health and Human Services to provide a report regarding the federal Child Care Subsidy program,https://nebraskalegislature.gov/bills/view_bill.php?DocumentID=59684,2025,59684,https://nebraskalegislature.gov/FloorDocs/109/PDF/Intro/LB339.pdf
LB0340,2025_2026,Hallstrom,Indefinitely postponed,Adopt the Asbestos Trust Claims Transparency Act and the Asbestos Claims Priorities and Over-Naming Reform Act,https://nebraskalegislature.gov/bills/view_bill.php?DocumentID=59208,2025,59208,https://nebraskalegislature.gov/FloorDocs/109/PDF/Intro/LB340.pdf
LB0341,2025_2026,Hallstrom,Passed,Adopt the Nebraska Statutory Thresholds for Settlements Involving Minors Act,https://nebraskalegislature.gov/bills/view_bill.php?DocumentID=59053,2025,59053,https://nebraskalegislature.gov/FloorDocs/109/PDF/Intro/LB341.pdf
LB0342,2025_2026,Brandt,Indefinitely postponed,Adopt the Fantasy Sports Consumer Protection Act and provide a gambling exception for conducting or participating in fantasy contests,https://nebraskalegislature.gov/bills/view_bill.php?DocumentID=59099,2025,59099,https://nebraskalegislature.gov/FloorDocs/109/PDF/Intro/LB342.pdf
LB0343,2025_2026,Brandt,Indefinitely postponed,Change the fee for specialty license plates,https://nebraskalegislature.gov/bills/view_bill.php?DocumentID=59593,2025,59593,https://nebraskalegislature.gov/FloorDocs/109/PDF/Intro/LB343.pdf
LB0344,2025_2026,Brandt,Indefinitely postponed,Change provisions relating to ground water allocation,https://nebraskalegislature.gov/bills/view_bill.php?DocumentID=59187,2025,59187,https://nebraskalegislature.gov/FloorDocs/109/PDF/Intro/LB344.pdf
LB0345,2025_2026,"Government, Military and Veterans Affairs Committee",Indefinitely postponed,Change salaries of constitutional officers,https://nebraskalegislature.gov/bills/view_bill.php?DocumentID=59243,2025,59243,https://nebraskalegislature.gov/FloorDocs/109/PDF/Intro/LB345.pdf
LB0346,2025_2026,Arch,Passed,"Provide for termination of boards, commissions, committees, councils, funds, groups, panels, and task forces and change and eliminate funds and powers and duties of departments and agencies",https://nebraskalegislature.gov/bills/view_bill.php?DocumentID=58836,2025,58836,https://nebraskalegislature.gov/FloorDocs/109/PDF/Intro/LB346.pdf
LB0347,2025_2026,Prokop,Indefinitely postponed,Eliminate conditions on the issuance of securities by common carriers,https://nebraskalegislature.gov/bills/view_bill.php?DocumentID=59592,2025,59592,https://nebraskalegislature.gov/FloorDocs/109/PDF/Intro/LB347.pdf
LB0348,2025_2026,Prokop,Indefinitely postponed,Appropriate funds for domestic violence services,https://nebraskalegislature.gov/bills/view_bill.php?DocumentID=59211,2025,59211,https://nebraskalegislature.gov/FloorDocs/109/PDF/Intro/LB348.pdf
LB0349,2025_2026,Prokop,Indefinitely postponed,"Change provisions relating to applications, notices, filings, exemptions, and violations regarding the construction or acquisition of certain electric energy storage resources by electric suppliers",https://nebraskalegislature.gov/bills/view_bill.php?DocumentID=59591,2025,59591,https://nebraskalegislature.gov/FloorDocs/109/PDF/Intro/LB349.pdf
LB0350,2025_2026,"Cavanaugh, J.",Indefinitely postponed,Change provisions relating to commitment for restoration of competency to stand trial or for sentencing and require filing of certain documents with the court or appropriate tribal official under the Nebraska Mental Health Commitment Act and the Sex Offender Commitment Act,https://nebraskalegislature.gov/bills/view_bill.php?DocumentID=59476,2025,59476,https://nebraskalegislature.gov/FloorDocs/109/PDF/Intro/LB350.pdf
LB0351,2025_2026,"Cavanaugh, J.",Indefinitely postponed,Change requirements for priority of admission to state hospitals for the mentally ill,https://nebraskalegislature.gov/bills/view_bill.php?DocumentID=59287,2025,59287,https://nebraskalegislature.gov/FloorDocs/109/PDF/Intro/LB351.pdf
LB0352,2025_2026,Ballard,Indefinitely postponed,Change provisions relating to reports on student achievement and discipline required under the Quality Education Accountability Act,https://nebraskalegislature.gov/bills/view_bill.php?DocumentID=59148,2025,59148,https://nebraskalegislature.gov/FloorDocs/109/PDF/Intro/LB352.pdf
LB0353,2025_2026,Lonowski,Indefinitely postponed,Allow public school employees to join or terminate membership in a labor organization,https://nebraskalegislature.gov/bills/view_bill.php?DocumentID=59451,2025,59451,https://nebraskalegislature.gov/FloorDocs/109/PDF/Intro/LB353.pdf
LB0354,2025_2026,Clouse,Indefinitely postponed,Prohibit cities of the first class from receiving state aid from the Municipal Equalization Fund,https://nebraskalegislature.gov/bills/view_bill.php?DocumentID=59065,2025,59065,https://nebraskalegislature.gov/FloorDocs/109/PDF/Intro/LB354.pdf
LB0355,2025_2026,Andersen,Passed,Change provisions relating to census data used for certain tax and economic development programs,https://nebraskalegislature.gov/bills/view_bill.php?DocumentID=59331,2025,59331,https://nebraskalegislature.gov/FloorDocs/109/PDF/Intro/LB355.pdf
LB0356,2025_2026,General Affairs Committee,Indefinitely postponed,Eliminate legislative confirmation of the appointment of members of the Nebraska Arts Council,https://nebraskalegislature.gov/bills/view_bill.php?DocumentID=59646,2025,59646,https://nebraskalegislature.gov/FloorDocs/109/PDF/Intro/LB356.pdf
LB0357,2025_2026,General Affairs Committee,Passed,"Change provisions relating to the State Racing and Gaming Commission, the Nebraska Racetrack Gaming Act, racetrack enclosures, and racing and gaming funds",https://nebraskalegislature.gov/bills/view_bill.php?DocumentID=59469,2025,59469,https://nebraskalegislature.gov/FloorDocs/109/PDF/Intro/LB357.pdf
LB0358,2025_2026,Guereca,Indefinitely postponed,Require the Department of Correctional Services to provide committed offenders with access to their individual files,https://nebraskalegislature.gov/bills/view_bill.php?DocumentID=59046,2025,59046,https://nebraskalegislature.gov/FloorDocs/109/PDF/Intro/LB358.pdf
LB0359,2025_2026,"Cavanaugh, M.",Indefinitely postponed,State intent regarding appropriations for reimbursement rates for child welfare service providers,https://nebraskalegislature.gov/bills/view_bill.php?DocumentID=59654,2025,59654,https://nebraskalegislature.gov/FloorDocs/109/PDF/Intro/LB359.pdf
LB0360,2025_2026,Conrad,Indefinitely postponed,Provide restrictions on the regulation of political signs by homeowners associations,https://nebraskalegislature.gov/bills/view_bill.php?DocumentID=58938,2025,58938,https://nebraskalegislature.gov/FloorDocs/109/PDF/Intro/LB360.pdf
LB0361,2025_2026,Conrad,Indefinitely postponed,Change provisions of the Nebraska Fair Employment Practice Act to provide for jury trials and prohibit discrimination for exercise of rights under the Nebraska Workers' Compensation Act,https://nebraskalegislature.gov/bills/view_bill.php?DocumentID=59044,2025,59044,https://nebraskalegislature.gov/FloorDocs/109/PDF/Intro/LB361.pdf
LB0362,2025_2026,DeBoer,Passed,Transfer and eliminate provisions of the Emergency Telephone Communications Systems Act and the Enhanced Wireless 911 Services Act and change provisions of the 911 Service System Act,https://nebraskalegislature.gov/bills/view_bill.php?DocumentID=59219,2025,59219,https://nebraskalegislature.gov/FloorDocs/109/PDF/Intro/LB362.pdf
LB0363,2025_2026,Ibach,Indefinitely postponed,Adopt the Apprenticeship Grant Act,https://nebraskalegislature.gov/bills/view_bill.php?DocumentID=58859,2025,58859,https://nebraskalegislature.gov/FloorDocs/109/PDF/Intro/LB363.pdf
LB0364,2025_2026,Quick,Passed,Change provisions relating to legislative approval of an indication of intent to incorporate land into the state park system,https://nebraskalegislature.gov/bills/view_bill.php?DocumentID=58893,2025,58893,https://nebraskalegislature.gov/FloorDocs/109/PDF/Intro/LB364.pdf
LB0365,2025_2026,Quick,Passed,Require coverage of self-measure blood pressure monitoring services under the Medical Assistance Act,https://nebraskalegislature.gov/bills/view_bill.php?DocumentID=59301,2025,59301,https://nebraskalegislature.gov/FloorDocs/109/PDF/Intro/LB365.pdf
LB0366,2025_2026,Riepe,Indefinitely postponed,Create the Legislative Economic Analysis Unit and the Chief Economist,https://nebraskalegislature.gov/bills/view_bill.php?DocumentID=59007,2025,59007,https://nebraskalegislature.gov/FloorDocs/109/PDF/Intro/LB366.pdf
LB0367,2025_2026,Hunt,Indefinitely postponed,Prohibit conversion therapy and provide for disciplinary sanctions and a deceptive trade practice,https://nebraskalegislature.gov/bills/view_bill.php?DocumentID=59621,2025,59621,https://nebraskalegislature.gov/FloorDocs/109/PDF/Intro/LB367.pdf
LB0368,2025_2026,Hunt,Indefinitely postponed,Establish the Nebraska Youth in Care Bill of Rights,https://nebraskalegislature.gov/bills/view_bill.php?DocumentID=59523,2025,59523,https://nebraskalegislature.gov/FloorDocs/109/PDF/Intro/LB368.pdf
LB0369,2025_2026,Hunt,Indefinitely postponed,Allow persons eighteen years of age to make health care decisions and persons under nineteen years of age in correctional facilities to consent to medical and mental health care,https://nebraskalegislature.gov/bills/view_bill.php?DocumentID=59090,2025,59090,https://nebraskalegislature.gov/FloorDocs/109/PDF/Intro/LB369.pdf
LB0370,2025_2026,Hunt,Indefinitely postponed,"Change provisions of the Nebraska Student-Athlete Name, Image, or Likeness Rights Act",https://nebraskalegislature.gov/bills/view_bill.php?DocumentID=59269,2025,59269,https://nebraskalegislature.gov/FloorDocs/109/PDF/Intro/LB370.pdf
LB0371,2025_2026,DeBoer,Passed,Provide liability for computer-generated images under the Uniform Civil Remedies for Unauthorized Disclosure of Intimate Images Act,https://nebraskalegislature.gov/bills/view_bill.php?DocumentID=59604,2025,59604,https://nebraskalegislature.gov/FloorDocs/109/PDF/Intro/LB371.pdf
LB0372,2025_2026,McKeon,Passed,"Eliminate provisions relating to grain inspections, the Nebraska Origin and Premium Quality Grain Cash Fund, and labeling requirements for honey",https://nebraskalegislature.gov/bills/view_bill.php?DocumentID=58933,2025,58933,https://nebraskalegislature.gov/FloorDocs/109/PDF/Intro/LB372.pdf
LB0373,2025_2026,Hansen,Passed,Change provisions relating to section lines and vacation or abandonment of public roads,https://nebraskalegislature.gov/bills/view_bill.php?DocumentID=59428,2025,59428,https://nebraskalegislature.gov/FloorDocs/109/PDF/Intro/LB373.pdf
LB0374,2025_2026,Hansen,Indefinitely postponed,Adopt the Licensed Midwives Practice Act,https://nebraskalegislature.gov/bills/view_bill.php?DocumentID=58922,2025,58922,https://nebraskalegislature.gov/FloorDocs/109/PDF/Intro/LB374.pdf
LB0375,2025_2026,Ibach,Indefinitely postponed,Adopt the Grocer Reinvestment Option Act,https://nebraskalegislature.gov/bills/view_bill.php?DocumentID=59145,2025,59145,https://nebraskalegislature.gov/FloorDocs/109/PDF/Intro/LB375.pdf
LB0376,2025_2026,Health and Human Services Committee,Passed,"Change and eliminate programs and services administered by the Department of Health and Human Services, eliminate various reporting requirements, and  change and eliminate powers and duties of the Board of Emergency Medical Services, the Division of Children and Family Services, the Nebraska State Patrol, and the Director of Motor Vehicles",https://nebraskalegislature.gov/bills/view_bill.php?DocumentID=59307,2025,59307,https://nebraskalegislature.gov/FloorDocs/109/PDF/Intro/LB376.pdf
LB0377,2025_2026,Natural Resources Committee,Passed,Change term limits for the Game and Parks Commission,https://nebraskalegislature.gov/bills/view_bill.php?DocumentID=59664,2025,59664,https://nebraskalegislature.gov/FloorDocs/109/PDF/Intro/LB377.pdf
LB0378,2025_2026,Andersen,Indefinitely postponed,Require that each public or private two-year or four-year college or university provide a report to the Attorney General relating to certain funding from a foreign source,https://nebraskalegislature.gov/bills/view_bill.php?DocumentID=59504,2025,59504,https://nebraskalegislature.gov/FloorDocs/109/PDF/Intro/LB378.pdf
LB0379,2025_2026,Andersen,Indefinitely postponed,Change the maximum time limit for receipt of cash assistance under the Welfare Reform Act,https://nebraskalegislature.gov/bills/view_bill.php?DocumentID=59485,2025,59485,https://nebraskalegislature.gov/FloorDocs/109/PDF/Intro/LB379.pdf
LB0380,2025_2026,Fredrickson,Passed,"Change provisions regarding program integrity, ground emergency medical transport, and mental health and substance use disorder services under the Medical Assistance Act and provide duties for the Division of Medicaid and Long-Term Care",https://nebraskalegislature.gov/bills/view_bill.php?DocumentID=59347,2025,59347,https://nebraskalegislature.gov/FloorDocs/109/PDF/Intro/LB380.pdf
LB0380A,2025_2026,Fredrickson,Passed,Appropriation Bill,https://nebraskalegislature.gov/bills/view_bill.php?DocumentID=61220,2025,61220,https://nebraskalegislature.gov/FloorDocs/109/PDF/Intro/LB380A.pdf
LB0381,2025_2026,Fredrickson,Indefinitely postponed,Change requirements relating to program integrity audits under the Medical Assistance Act,https://nebraskalegislature.gov/bills/view_bill.php?DocumentID=59059,2025,59059,https://nebraskalegislature.gov/FloorDocs/109/PDF/Intro/LB381.pdf
LB0382,2025_2026,"Meyer, G.",Passed,Provide for use of the Medicaid Managed Care Excess Profit Fund to reimburse designated area agencies on aging and state intent regarding appropriations,https://nebraskalegislature.gov/bills/view_bill.php?DocumentID=59041,2025,59041,https://nebraskalegislature.gov/FloorDocs/109/PDF/Intro/LB382.pdf
LB0382A,2025_2026,"Meyer, G.",Passed,Appropriation Bill,https://nebraskalegislature.gov/bills/view_bill.php?DocumentID=61385,2025,61385,https://nebraskalegislature.gov/FloorDocs/109/PDF/Intro/LB382A.pdf
LB0383,2025_2026,Storer,Passed,"Adopt the Parental Rights in Social Media Act, rename the Child Pornography Prevention Act, and prohibit conduct involving computer-generated child pornography",https://nebraskalegislature.gov/bills/view_bill.php?DocumentID=59569,2025,59569,https://nebraskalegislature.gov/FloorDocs/109/PDF/Intro/LB383.pdf
LB0384,2025_2026,Storer,Passed,Require the county assessor and one voting member of the governing bodies of participating political subdivisions to attend joint public hearings under the Property Tax Request Act,https://nebraskalegislature.gov/bills/view_bill.php?DocumentID=59561,2025,59561,https://nebraskalegislature.gov/FloorDocs/109/PDF/Intro/LB384.pdf
LB0385,2025_2026,Storer,Passed,Change provisions relating to the Uniform Deceptive Trade Practices Act,https://nebraskalegislature.gov/bills/view_bill.php?DocumentID=59160,2025,59160,https://nebraskalegislature.gov/FloorDocs/109/PDF/Intro/LB385.pdf
LB0386,2025_2026,Storer,Indefinitely postponed,"Adopt the Regional Mental Health Expansion Pilot Program Act, provide for videoconferencing of hearings under the Nebraska Mental Health Commitment Act and the Sex Offender Commitment Act, provide for detention of certain persons at mental health beds in jails, and change provisions relating to hearings and rights of confrontation",https://nebraskalegislature.gov/bills/view_bill.php?DocumentID=58792,2025,58792,https://nebraskalegislature.gov/FloorDocs/109/PDF/Intro/LB386.pdf
LB0387,2025_2026,Bosn,Indefinitely postponed,Redefine a term under the Nebraska Treatment and Corrections Act,https://nebraskalegislature.gov/bills/view_bill.php?DocumentID=59662,2025,59662,https://nebraskalegislature.gov/FloorDocs/109/PDF/Intro/LB387.pdf
LB0388,2025_2026,DeBoer,Passed,Change provisions relating to judicial nominating commissions,https://nebraskalegislature.gov/bills/view_bill.php?DocumentID=59539,2025,59539,https://nebraskalegislature.gov/FloorDocs/109/PDF/Intro/LB388.pdf
LB0389,2025_2026,Murman,Indefinitely postponed,Eliminate the levy authority of educational service units and provide state funding to educational service units,https://nebraskalegislature.gov/bills/view_bill.php?DocumentID=59140,2025,59140,https://nebraskalegislature.gov/FloorDocs/109/PDF/Intro/LB389.pdf
LB0390,2025_2026,Murman,Passed,"Require each school board to adopt a policy relating to access by a parent, guardian, or educational decisionmaker to certain school library information",https://nebraskalegislature.gov/bills/view_bill.php?DocumentID=59626,2025,59626,https://nebraskalegislature.gov/FloorDocs/109/PDF/Intro/LB390.pdf
LB0391,2025_2026,Murman,Passed,Adopt the Give to Enable Scholarship Act and provide for certain income tax adjustments,https://nebraskalegislature.gov/bills/view_bill.php?DocumentID=59009,2025,59009,https://nebraskalegislature.gov/FloorDocs/109/PDF/Intro/LB391.pdf
LB0391A,2025_2026,Murman,Passed,Appropriation Bill,https://nebraskalegislature.gov/bills/view_bill.php?DocumentID=61090,2025,61090,https://nebraskalegislature.gov/FloorDocs/109/PDF/Intro/LB391A.pdf
LB0392,2025_2026,Clements,Indefinitely postponed,Appropriate funds for the Legislative Council,https://nebraskalegislature.gov/bills/view_bill.php?DocumentID=59641,2025,59641,https://nebraskalegislature.gov/FloorDocs/109/PDF/Intro/LB392.pdf
LB0393,2025_2026,Clements,Indefinitely postponed,Eliminate obsolete transfers relating to the Cash Reserve Fund,https://nebraskalegislature.gov/bills/view_bill.php?DocumentID=59642,2025,59642,https://nebraskalegislature.gov/FloorDocs/109/PDF/Intro/LB393.pdf
LB0394,2025_2026,DeKay,Indefinitely postponed,Change provisions of the Weights and Measures Act,https://nebraskalegislature.gov/bills/view_bill.php?DocumentID=58932,2025,58932,https://nebraskalegislature.gov/FloorDocs/109/PDF/Intro/LB394.pdf
LB0395,2025_2026,DeKay,Indefinitely postponed,Change provisions relating to unlawful possession of a firearm by a prohibited juvenile offender and sealed records,https://nebraskalegislature.gov/bills/view_bill.php?DocumentID=59188,2025,59188,https://nebraskalegislature.gov/FloorDocs/109/PDF/Intro/LB395.pdf
LB0396,2025_2026,DeKay,Passed,Change provisions relating to the form and filing of public power district budgets and audits with the Nebraska Power Review Board,https://nebraskalegislature.gov/bills/view_bill.php?DocumentID=59503,2025,59503,https://nebraskalegislature.gov/FloorDocs/109/PDF/Intro/LB396.pdf
LB0397,2025_2026,Moser,Passed,Change and eliminate provisions relating to workplace safety committees and a workplace safety program and terminate a fund,https://nebraskalegislature.gov/bills/view_bill.php?DocumentID=59114,2025,59114,https://nebraskalegislature.gov/FloorDocs/109/PDF/Intro/LB397.pdf
LB0398,2025_2026,Moser,Passed,"Adopt updates to federal law relating to motor vehicles and motor carriers, provide for Arbor Day license plates and certain trailer license plates, change fees and fee distribution provisions for license plates and records requests related to motor vehicles and motor vehicle operators, change provisions relating to commercial driver’s licenses and CLP-commercial learner’s permits, and provide duties for successors in interest of certain railroad property",https://nebraskalegislature.gov/bills/view_bill.php?DocumentID=59075,2025,59075,https://nebraskalegislature.gov/FloorDocs/109/PDF/Intro/LB398.pdf
LB0399,2025_2026,Wordekemper,Passed,Change provisions relating to property tax rates and qualifications for certain distributions under the Mutual Finance Assistance Act,https://nebraskalegislature.gov/bills/view_bill.php?DocumentID=59401,2025,59401,https://nebraskalegislature.gov/FloorDocs/109/PDF/Intro/LB399.pdf
LB0400,2025_2026,Wordekemper,Indefinitely postponed,Provide for compensation under the Nebraska Workers' Compensation Act for cancers experienced by firefighters,https://nebraskalegislature.gov/bills/view_bill.php?DocumentID=59535,2025,59535,https://nebraskalegislature.gov/FloorDocs/109/PDF/Intro/LB400.pdf
LB0401,2025_2026,von Gillern,Indefinitely postponed,"Change provisions relating to income taxes imposed on partnerships and small business corporations and notices of deficiency determinations, deficiencies, and denials of claims for refunds",https://nebraskalegislature.gov/bills/view_bill.php?DocumentID=59028,2025,59028,https://nebraskalegislature.gov/FloorDocs/109/PDF/Intro/LB401.pdf
LB0402,2025_2026,von Gillern,Indefinitely postponed,Include collections relating to overpayment of unemployment benefits under the Employment Security Law as collectible under the Gambling Winnings Setoff for Outstanding Debt Act and change the statute of limitations for recovery of unemployment overpayment debt,https://nebraskalegislature.gov/bills/view_bill.php?DocumentID=59118,2025,59118,https://nebraskalegislature.gov/FloorDocs/109/PDF/Intro/LB402.pdf
LB0403,2025_2026,Spivey,Indefinitely postponed,Create the Office of Grants and provide duties,https://nebraskalegislature.gov/bills/view_bill.php?DocumentID=59524,2025,59524,https://nebraskalegislature.gov/FloorDocs/109/PDF/Intro/LB403.pdf
LB0404,2025_2026,Hallstrom,Indefinitely postponed,Authorize the court to extend the term of probation on joint application of the probation officer and the probationer,https://nebraskalegislature.gov/bills/view_bill.php?DocumentID=59209,2025,59209,https://nebraskalegislature.gov/FloorDocs/109/PDF/Intro/LB404.pdf
LB0405,2025_2026,General Affairs Committee,Indefinitely postponed,Change provisions relating to entertainment district licenses under the Nebraska Liquor Control Act,https://nebraskalegislature.gov/bills/view_bill.php?DocumentID=59715,2025,59715,https://nebraskalegislature.gov/FloorDocs/109/PDF/Intro/LB405.pdf
LB0406,2025_2026,General Affairs Committee,Indefinitely postponed,Change provisions relating to the State Racing and Gaming Commission,https://nebraskalegislature.gov/bills/view_bill.php?DocumentID=59716,2025,59716,https://nebraskalegislature.gov/FloorDocs/109/PDF/Intro/LB406.pdf
LB0407,2025_2026,"Cavanaugh, J.",Indefinitely postponed,Provide for criminal proceedings against juveniles charged with felonies following unsuccessful juvenile court proceedings and provide for inadmissibility of certain statements,https://nebraskalegislature.gov/bills/view_bill.php?DocumentID=59161,2025,59161,https://nebraskalegislature.gov/FloorDocs/109/PDF/Intro/LB407.pdf
LB0408,2025_2026,Dungan,Indefinitely postponed,Adopt the Special Education Teacher Forgivable Loan Program Act,https://nebraskalegislature.gov/bills/view_bill.php?DocumentID=59545,2025,59545,https://nebraskalegislature.gov/FloorDocs/109/PDF/Intro/LB408.pdf
LB0409,2025_2026,"Cavanaugh, J.",Indefinitely postponed,Change provisions relating to the membership of the Nebraska Power Review Board,https://nebraskalegislature.gov/bills/view_bill.php?DocumentID=59400,2025,59400,https://nebraskalegislature.gov/FloorDocs/109/PDF/Intro/LB409.pdf
LB0410,2025_2026,"Cavanaugh, J.",Indefinitely postponed,Require insurance coverage of prosthetics and orthotics,https://nebraskalegislature.gov/bills/view_bill.php?DocumentID=59036,2025,59036,https://nebraskalegislature.gov/FloorDocs/109/PDF/Intro/LB410.pdf
LB0411,2025_2026,Dungan,Indefinitely postponed,Change provisions relating to the Nebraska Teacher Recruitment and Retention Act,https://nebraskalegislature.gov/bills/view_bill.php?DocumentID=59493,2025,59493,https://nebraskalegislature.gov/FloorDocs/109/PDF/Intro/LB411.pdf
LB0412,2025_2026,Hallstrom,Indefinitely postponed,Change provisions relating to interventions in paternity proceedings,https://nebraskalegislature.gov/bills/view_bill.php?DocumentID=59433,2025,59433,https://nebraskalegislature.gov/FloorDocs/109/PDF/Intro/LB412.pdf
LB0413,2025_2026,Clouse,Indefinitely postponed,Change provisions relating to the setting of rates by certain power districts,https://nebraskalegislature.gov/bills/view_bill.php?DocumentID=59583,2025,59583,https://nebraskalegislature.gov/FloorDocs/109/PDF/Intro/LB413.pdf
LB0414,2025_2026,Dungan,Passed,Establish a suicide mortality review team for the Department of Veterans' Affairs,https://nebraskalegislature.gov/bills/view_bill.php?DocumentID=59149,2025,59149,https://nebraskalegislature.gov/FloorDocs/109/PDF/Intro/LB414.pdf
LB0415,2025_2026,Ballard,Passed,Change provisions of the Nebraska Healthy Families and Workplaces Act and the Conveyance Safety Act and provide for offset of debt owed due to the overpayment of unemployment benefits under the Employment Security Law against gambling winnings under the Gambling Winnings Setoff for Outstanding Debt Act and against future benefits under the Employment Security Law,https://nebraskalegislature.gov/bills/view_bill.php?DocumentID=59605,2025,59605,https://nebraskalegislature.gov/FloorDocs/109/PDF/Intro/LB415.pdf
LB0416,2025_2026,Dungan,Indefinitely postponed,"Change provisions relating to releases, covenants not to sue, or similar agreements on joint and several liability",https://nebraskalegislature.gov/bills/view_bill.php?DocumentID=59542,2025,59542,https://nebraskalegislature.gov/FloorDocs/109/PDF/Intro/LB416.pdf
LB0417,2025_2026,Bostar,Indefinitely postponed,"Provide for administration of the Nebraska Promise Program by the Board of Regents of the University of Nebraska, adopt the College Promise Act, and change provisions relating to the Quality Education Accountability Act",https://nebraskalegislature.gov/bills/view_bill.php?DocumentID=59643,2025,59643,https://nebraskalegislature.gov/FloorDocs/109/PDF/Intro/LB417.pdf
LB0418,2025_2026,Lonowski,Withdrawn,Allow a nonlicensed funeral director and embalmer to officiate at a funeral ceremony,https://nebraskalegislature.gov/bills/view_bill.php?DocumentID=59030,2025,59030,https://nebraskalegislature.gov/FloorDocs/109/PDF/Intro/LB418.pdf
LB0419,2025_2026,Lonowski,Passed,Change provisions relating to admission to veterans homes and veterans aid,https://nebraskalegislature.gov/bills/view_bill.php?DocumentID=58970,2025,58970,https://nebraskalegislature.gov/FloorDocs/109/PDF/Intro/LB419.pdf
LB0420,2025_2026,Nebraska Retirement Systems Committee,Indefinitely postponed,Change provisions relating to the Public Employees Retirement Board,https://nebraskalegislature.gov/bills/view_bill.php?DocumentID=59511,2025,59511,https://nebraskalegislature.gov/FloorDocs/109/PDF/Intro/LB420.pdf
LB0421,2025_2026,Clouse,Indefinitely postponed,Allow an authorized gaming operator to conduct sports wagering by means of an online sports wagering platform under the Nebraska Racetrack Gaming Act and change the distribution of taxes collected from sports wagering,https://nebraskalegislature.gov/bills/view_bill.php?DocumentID=58876,2025,58876,https://nebraskalegislature.gov/FloorDocs/109/PDF/Intro/LB421.pdf
LB0422,2025_2026,Storer,Passed,Change provisions of the Nebraska Uniform Real Property Transfer on Death Act,https://nebraskalegislature.gov/bills/view_bill.php?DocumentID=59337,2025,59337,https://nebraskalegislature.gov/FloorDocs/109/PDF/Intro/LB422.pdf
LB0423,2025_2026,Armendariz,Indefinitely postponed,Eliminate a grant program relating to internships for job training,https://nebraskalegislature.gov/bills/view_bill.php?DocumentID=59330,2025,59330,https://nebraskalegislature.gov/FloorDocs/109/PDF/Intro/LB423.pdf
LB0424,2025_2026,Andersen,Indefinitely postponed,Limit increases in property tax bills,https://nebraskalegislature.gov/bills/view_bill.php?DocumentID=59486,2025,59486,https://nebraskalegislature.gov/FloorDocs/109/PDF/Intro/LB424.pdf
LB0425,2025_2026,Andersen,Indefinitely postponed,Change provisions relating to homestead exemptions for certain disabled veterans and surviving spouses,https://nebraskalegislature.gov/bills/view_bill.php?DocumentID=58975,2025,58975,https://nebraskalegislature.gov/FloorDocs/109/PDF/Intro/LB425.pdf
LB0426,2025_2026,Andersen,Indefinitely postponed,Authorize an American flag education program and change provisions relating to the distribution of lottery funds used for education,https://nebraskalegislature.gov/bills/view_bill.php?DocumentID=59705,2025,59705,https://nebraskalegislature.gov/FloorDocs/109/PDF/Intro/LB426.pdf
LB0427,2025_2026,Andersen,Indefinitely postponed,"Require the State Treasurer to establish an educational savings account for students enrolled in kindergarten through grade twelve at an approved or accredited public, private, denominational, or parochial school",https://nebraskalegislature.gov/bills/view_bill.php?DocumentID=59412,2025,59412,https://nebraskalegislature.gov/FloorDocs/109/PDF/Intro/LB427.pdf
LB0428,2025_2026,Murman,Passed,"Change provisions relating to school policies on the involvement of parents, guardians, and educational decisionmakers in schools",https://nebraskalegislature.gov/bills/view_bill.php?DocumentID=58845,2025,58845,https://nebraskalegislature.gov/FloorDocs/109/PDF/Intro/LB428.pdf
LB0429,2025_2026,Murman,Passed,Provide requirements and restrictions for school boards relating to professional employees’ organizations,https://nebraskalegislature.gov/bills/view_bill.php?DocumentID=58831,2025,58831,https://nebraskalegislature.gov/FloorDocs/109/PDF/Intro/LB429.pdf
LB0430,2025_2026,Murman,Indefinitely postponed,Provide an additional exception to the prohibition on suspending a student in prekindergarten through second grade and change provisions relating to short-term and long-term suspension under the Student Discipline Act,https://nebraskalegislature.gov/bills/view_bill.php?DocumentID=59325,2025,59325,https://nebraskalegislature.gov/FloorDocs/109/PDF/Intro/LB430.pdf
LB0431,2025_2026,Lippincott,Indefinitely postponed,Prohibit kratom as a controlled substance,https://nebraskalegislature.gov/bills/view_bill.php?DocumentID=58823,2025,58823,https://nebraskalegislature.gov/FloorDocs/109/PDF/Intro/LB431.pdf
LB0432,2025_2026,Lippincott,Indefinitely postponed,Provide for carrying out the death penalty by nitrogen hypoxia,https://nebraskalegislature.gov/bills/view_bill.php?DocumentID=58812,2025,58812,https://nebraskalegislature.gov/FloorDocs/109/PDF/Intro/LB432.pdf
LB0433,2025_2026,Sorrentino,Indefinitely postponed,Exempt deputy directors and agency attorneys from the State Personnel System and change membership provisions under the State Employees Retirement Act,https://nebraskalegislature.gov/bills/view_bill.php?DocumentID=58983,2025,58983,https://nebraskalegislature.gov/FloorDocs/109/PDF/Intro/LB433.pdf
LB0434,2025_2026,Wordekemper,Passed,"Change fees for fireworks display permits, fireworks sales licenses, fire alarm inspector certification, late submittal of remodel or construction plans, fire safety inspections, fire protection system contractor certificates, heating oil tank registration, and underground storage tank installation permits and registration",https://nebraskalegislature.gov/bills/view_bill.php?DocumentID=59282,2025,59282,https://nebraskalegislature.gov/FloorDocs/109/PDF/Intro/LB434.pdf
LB0435,2025_2026,Wordekemper,Indefinitely postponed,Change provisions of the Conveyance Safety Act,https://nebraskalegislature.gov/bills/view_bill.php?DocumentID=59207,2025,59207,https://nebraskalegislature.gov/FloorDocs/109/PDF/Intro/LB435.pdf
LB0436,2025_2026,Health and Human Services Committee,Indefinitely postponed,Change provisions of the Nebraska Regulation of Health Professions Act,https://nebraskalegislature.gov/bills/view_bill.php?DocumentID=59350,2025,59350,https://nebraskalegislature.gov/FloorDocs/109/PDF/Intro/LB436.pdf
LB0437,2025_2026,Riepe,Passed,Change provisions relating to the Nebraska Health Care Certificate of Need Act,https://nebraskalegislature.gov/bills/view_bill.php?DocumentID=59707,2025,59707,https://nebraskalegislature.gov/FloorDocs/109/PDF/Intro/LB437.pdf
LB0438,2025_2026,Spivey,Indefinitely postponed,Allow an authorized gaming operator to conduct sports wagering by means of an online sports wagering platform under the Nebraska Racetrack Gaming Act and change the distribution of taxes collected from sports wagering,https://nebraskalegislature.gov/bills/view_bill.php?DocumentID=59648,2025,59648,https://nebraskalegislature.gov/FloorDocs/109/PDF/Intro/LB438.pdf
LB0439,2025_2026,Spivey,Indefinitely postponed,Adopt the Property Tax Circuit Breaker Act,https://nebraskalegislature.gov/bills/view_bill.php?DocumentID=59754,2025,59754,https://nebraskalegislature.gov/FloorDocs/109/PDF/Intro/LB439.pdf
LB0440,2025_2026,Spivey,Indefinitely postponed,Adopt the Education Leave and Support Act,https://nebraskalegislature.gov/bills/view_bill.php?DocumentID=59667,2025,59667,https://nebraskalegislature.gov/FloorDocs/109/PDF/Intro/LB440.pdf
LB0441,2025_2026,Spivey,Passed,Authorize virtual inspections for certain building permits under the Building Construction Act,https://nebraskalegislature.gov/bills/view_bill.php?DocumentID=59640,2025,59640,https://nebraskalegislature.gov/FloorDocs/109/PDF/Intro/LB441.pdf
LB0442,2025_2026,Spivey,Indefinitely postponed,Establish a state child care subsidy program,https://nebraskalegislature.gov/bills/view_bill.php?DocumentID=59683,2025,59683,https://nebraskalegislature.gov/FloorDocs/109/PDF/Intro/LB442.pdf
LB0443,2025_2026,von Gillern,Indefinitely postponed,Create the offense of unlawful squatting and provide a penalty,https://nebraskalegislature.gov/bills/view_bill.php?DocumentID=58961,2025,58961,https://nebraskalegislature.gov/FloorDocs/109/PDF/Intro/LB443.pdf
LB0444,2025_2026,Dungan,Indefinitely postponed,Require certain minimum uninsured and underinsured insurance coverage for certain motor carriers,https://nebraskalegislature.gov/bills/view_bill.php?DocumentID=59120,2025,59120,https://nebraskalegislature.gov/FloorDocs/109/PDF/Intro/LB444.pdf
LB0445,2025_2026,von Gillern,Indefinitely postponed,"Adopt the State Building Construction Alternatives Act and change and eliminate provisions regarding planning, bidding, construction, and procurement of art for state buildings",https://nebraskalegislature.gov/bills/view_bill.php?DocumentID=58982,2025,58982,https://nebraskalegislature.gov/FloorDocs/109/PDF/Intro/LB445.pdf
LB0446,2025_2026,Guereca,Indefinitely postponed,Change provisions relating to release of health data and statistical research information,https://nebraskalegislature.gov/bills/view_bill.php?DocumentID=59356,2025,59356,https://nebraskalegislature.gov/FloorDocs/109/PDF/Intro/LB446.pdf
LB0447,2025_2026,"Cavanaugh, J.",Indefinitely postponed,Provide certain requirements for redevelopment contracts under the Community Development Law,https://nebraskalegislature.gov/bills/view_bill.php?DocumentID=59039,2025,59039,https://nebraskalegislature.gov/FloorDocs/109/PDF/Intro/LB447.pdf
LB0448,2025_2026,Dungan,Indefinitely postponed,"Provide for postconviction relief for a claim of actual innocence, change provisions relating to time limitations, required disclosures, and procedural defaults, and name the Postconviction Relief Act",https://nebraskalegislature.gov/bills/view_bill.php?DocumentID=59774,2025,59774,https://nebraskalegislature.gov/FloorDocs/109/PDF/Intro/LB448.pdf
LB0449,2025_2026,Fredrickson,Indefinitely postponed,Change provisions relating to the priority of projects and requirements of the state highway system plan,https://nebraskalegislature.gov/bills/view_bill.php?DocumentID=59340,2025,59340,https://nebraskalegislature.gov/FloorDocs/109/PDF/Intro/LB449.pdf
LB0450,2025_2026,Fredrickson,Indefinitely postponed,Change provisions relating to the Property Assessed Clean Energy Act,https://nebraskalegislature.gov/bills/view_bill.php?DocumentID=59047,2025,59047,https://nebraskalegislature.gov/FloorDocs/109/PDF/Intro/LB450.pdf
LB0451,2025_2026,Prokop,Indefinitely postponed,Change provisions relating to the Unclaimed Property Trust Fund and the Capitol Restoration Cash Fund,https://nebraskalegislature.gov/bills/view_bill.php?DocumentID=58803,2025,58803,https://nebraskalegislature.gov/FloorDocs/109/PDF/Intro/LB451.pdf
LB0452,2025_2026,Prokop,Indefinitely postponed,State intent regarding appropriation of federal funds,https://nebraskalegislature.gov/bills/view_bill.php?DocumentID=59596,2025,59596,https://nebraskalegislature.gov/FloorDocs/109/PDF/Intro/LB452.pdf
LB0453,2025_2026,DeBoer,Passed,Change requirements for background checks for guardians and conservators,https://nebraskalegislature.gov/bills/view_bill.php?DocumentID=59632,2025,59632,https://nebraskalegislature.gov/FloorDocs/109/PDF/Intro/LB453.pdf
LB0454,2025_2026,Quick,Passed,Change provisions relating to regional behavioral health authorities and the Behavioral Health Services Fund,https://nebraskalegislature.gov/bills/view_bill.php?DocumentID=58874,2025,58874,https://nebraskalegislature.gov/FloorDocs/109/PDF/Intro/LB454.pdf
LB0455,2025_2026,Hallstrom,Passed,Change provisions of the Nebraska Workers' Compensation Act relating to injury reports and workers' compensation insurance policies and deductibles,https://nebraskalegislature.gov/bills/view_bill.php?DocumentID=59391,2025,59391,https://nebraskalegislature.gov/FloorDocs/109/PDF/Intro/LB455.pdf
LB0456,2025_2026,Hallstrom,Indefinitely postponed,Provide for a patient’s waiver for the release of employee hospital and medical records under the Nebraska Workers’ Compensation Act,https://nebraskalegislature.gov/bills/view_bill.php?DocumentID=59378,2025,59378,https://nebraskalegislature.gov/FloorDocs/109/PDF/Intro/LB456.pdf
LB0457,2025_2026,Bostar,Passed,Require anaphylaxis policies for school districts and licensed child care facilities and provide a limit on the amount an insured is required to pay by an insurance policy or benefit plan for epinephrine injectors,https://nebraskalegislature.gov/bills/view_bill.php?DocumentID=59534,2025,59534,https://nebraskalegislature.gov/FloorDocs/109/PDF/Intro/LB457.pdf
LB0458,2025_2026,Bostar,Indefinitely postponed,"Change provisions relating to tax sale certificates, real property sold for delinquent taxes, certain tax-related foreclosure actions, and land banks and adopt the Permitting Approval Timeliness Act and the By-Right Housing Development Act",https://nebraskalegislature.gov/bills/view_bill.php?DocumentID=59429,2025,59429,https://nebraskalegislature.gov/FloorDocs/109/PDF/Intro/LB458.pdf
LB0459,2025_2026,Conrad,Indefinitely postponed,Establish the Home Weatherization Clearinghouse within the Department of Environment and Energy,https://nebraskalegislature.gov/bills/view_bill.php?DocumentID=59473,2025,59473,https://nebraskalegislature.gov/FloorDocs/109/PDF/Intro/LB459.pdf
LB0460,2025_2026,Juarez,Indefinitely postponed,Create the Nebraska Council on Economic Education Cash Fund and provide for a transfer from the State Settlement Cash Fund,https://nebraskalegislature.gov/bills/view_bill.php?DocumentID=59333,2025,59333,https://nebraskalegislature.gov/FloorDocs/109/PDF/Intro/LB460.pdf
LB0461,2025_2026,Juarez,Indefinitely postponed,Change provisions of the Cities of the First Class Firefighters Retirement Act,https://nebraskalegislature.gov/bills/view_bill.php?DocumentID=59612,2025,59612,https://nebraskalegislature.gov/FloorDocs/109/PDF/Intro/LB461.pdf
LB0462,2025_2026,McKinney,Indefinitely postponed,"Change reporting requirements relating to child abuse or neglect, parental rights, and juvenile court jurisdiction",https://nebraskalegislature.gov/bills/view_bill.php?DocumentID=59532,2025,59532,https://nebraskalegislature.gov/FloorDocs/109/PDF/Intro/LB462.pdf
LB0463,2025_2026,Ballard,Indefinitely postponed,Require school districts to develop a cardiac emergency response plan under the School Safety and Security Reporting System Act and provide for grants for such plans from the Medicaid Managed Care Excess Profit Fund,https://nebraskalegislature.gov/bills/view_bill.php?DocumentID=59098,2025,59098,https://nebraskalegislature.gov/FloorDocs/109/PDF/Intro/LB463.pdf
LB0464,2025_2026,Bosn,Indefinitely postponed,Create the offense of organized retail crime and provide penalties under the Nebraska Criminal Code,https://nebraskalegislature.gov/bills/view_bill.php?DocumentID=59063,2025,59063,https://nebraskalegislature.gov/FloorDocs/109/PDF/Intro/LB464.pdf
LB0465,2025_2026,Bosn,Indefinitely postponed,Change provisions relating to annual fees and eliminate requirements for the use of a personal vehicle for transportation network companies,https://nebraskalegislature.gov/bills/view_bill.php?DocumentID=58842,2025,58842,https://nebraskalegislature.gov/FloorDocs/109/PDF/Intro/LB465.pdf
LB0466,2025_2026,Bosn,Indefinitely postponed,Redefine a term under the Nebraska Juvenile Code,https://nebraskalegislature.gov/bills/view_bill.php?DocumentID=59773,2025,59773,https://nebraskalegislature.gov/FloorDocs/109/PDF/Intro/LB466.pdf
LB0467,2025_2026,Riepe,Indefinitely postponed,Provide a duty to implement a prior authorization application programming interface under the Utilization Review Act,https://nebraskalegislature.gov/bills/view_bill.php?DocumentID=59048,2025,59048,https://nebraskalegislature.gov/FloorDocs/109/PDF/Intro/LB467.pdf
LB0468,2025_2026,Clements,Indefinitely postponed,"Change provisions relating to inheritance taxes, change certain fee and tax provisions, and eliminate a sales tax exemption relating to data centers",https://nebraskalegislature.gov/bills/view_bill.php?DocumentID=58985,2025,58985,https://nebraskalegislature.gov/FloorDocs/109/PDF/Intro/LB468.pdf
LB0468A,2025_2026,Clements,Indefinitely postponed,Appropriation Bill,https://nebraskalegislature.gov/bills/view_bill.php?DocumentID=61794,2025,61794,https://nebraskalegislature.gov/FloorDocs/109/PDF/Intro/LB468A.pdf
LB0469,2025_2026,"Cavanaugh, M.",Indefinitely postponed,Require the State Court Administrator to develop a form to be included by landlords in residential eviction notices concerning resources for tenants,https://nebraskalegislature.gov/bills/view_bill.php?DocumentID=59726,2025,59726,https://nebraskalegislature.gov/FloorDocs/109/PDF/Intro/LB469.pdf
LB0470,2025_2026,Bosn,Passed,Provide for attorneys to make unsworn declarations under penalty of perjury in lieu of sworn declarations,https://nebraskalegislature.gov/bills/view_bill.php?DocumentID=59352,2025,59352,https://nebraskalegislature.gov/FloorDocs/109/PDF/Intro/LB470.pdf
LB0471,2025_2026,McKeon,Indefinitely postponed,"Prohibit certain restrictions by state agencies, state entities, counties, cities, and villages relating to the energy source of motor vehicles and prohibit certain actions of the Department of Environment and Energy related to vehicle emission standards",https://nebraskalegislature.gov/bills/view_bill.php?DocumentID=59416,2025,59416,https://nebraskalegislature.gov/FloorDocs/109/PDF/Intro/LB471.pdf
LB0472,2025_2026,McKeon,Indefinitely postponed,Adopt the Regulatory Management Act,https://nebraskalegislature.gov/bills/view_bill.php?DocumentID=59549,2025,59549,https://nebraskalegislature.gov/FloorDocs/109/PDF/Intro/LB472.pdf
LB0473,2025_2026,"Banking, Commerce and Insurance Committee",Indefinitely postponed,Change provisions of the Nebraska Money Transmitters Act,https://nebraskalegislature.gov/bills/view_bill.php?DocumentID=59096,2025,59096,https://nebraskalegislature.gov/FloorDocs/109/PDF/Intro/LB473.pdf
LB0474,2025_2026,"Banking, Commerce and Insurance Committee",Passed,"Change and eliminate provisions relating to installment sales and installment loans and the Nebraska Money Transmitters Act, rename the Nebraska Installment Sales Act, transfer provisions of and eliminate the Nebraska Installment Loan Act, and change provisions of the Medicaid Access and Quality Act",https://nebraskalegislature.gov/bills/view_bill.php?DocumentID=59445,2025,59445,https://nebraskalegislature.gov/FloorDocs/109/PDF/Intro/LB474.pdf
LB0475,2025_2026,Riepe,Indefinitely postponed,Classify tianeptine as a controlled substance,https://nebraskalegislature.gov/bills/view_bill.php?DocumentID=59168,2025,59168,https://nebraskalegislature.gov/FloorDocs/109/PDF/Intro/LB475.pdf
LB0476,2025_2026,Guereca,Indefinitely postponed,Provide exemptions under the Foreign-owned Real Estate National Security Act,https://nebraskalegislature.gov/bills/view_bill.php?DocumentID=59631,2025,59631,https://nebraskalegislature.gov/FloorDocs/109/PDF/Intro/LB476.pdf
LB0477,2025_2026,Fredrickson,Indefinitely postponed,Change provisions of the Workplace Privacy Act,https://nebraskalegislature.gov/bills/view_bill.php?DocumentID=59515,2025,59515,https://nebraskalegislature.gov/FloorDocs/109/PDF/Intro/LB477.pdf
LB0478,2025_2026,General Affairs Committee,Passed,Provide for an auction permit and a wholesalers shipping license and change other provisions of the Nebraska Liquor Control Act,https://nebraskalegislature.gov/bills/view_bill.php?DocumentID=59732,2025,59732,https://nebraskalegislature.gov/FloorDocs/109/PDF/Intro/LB478.pdf
LB0479,2025_2026,Moser,Indefinitely postponed,Change the distribution of sales and use tax revenue,https://nebraskalegislature.gov/bills/view_bill.php?DocumentID=59638,2025,59638,https://nebraskalegislature.gov/FloorDocs/109/PDF/Intro/LB479.pdf
LB0480,2025_2026,DeKay,Indefinitely postponed,Change provisions relating to the Water Recreation Enhancement Act,https://nebraskalegislature.gov/bills/view_bill.php?DocumentID=59354,2025,59354,https://nebraskalegislature.gov/FloorDocs/109/PDF/Intro/LB480.pdf
LB0481,2025_2026,Ballard,Indefinitely postponed,Adopt the Foster Care Child Scholarships Act,https://nebraskalegislature.gov/bills/view_bill.php?DocumentID=59668,2025,59668,https://nebraskalegislature.gov/FloorDocs/109/PDF/Intro/LB481.pdf
LB0482,2025_2026,Ballard,Indefinitely postponed,Change provisions relating to attorney’s fees in insurance cases,https://nebraskalegislature.gov/bills/view_bill.php?DocumentID=59056,2025,59056,https://nebraskalegislature.gov/FloorDocs/109/PDF/Intro/LB482.pdf
LB0483,2025_2026,Storm,Indefinitely postponed,Limit permissible forms of medical cannabis to pills or liquid tinctures and clarify provisions relating to medical cannabis,https://nebraskalegislature.gov/bills/view_bill.php?DocumentID=59393,2025,59393,https://nebraskalegislature.gov/FloorDocs/109/PDF/Intro/LB483.pdf
LB0484,2025_2026,Quick,Indefinitely postponed,Redefine agricultural land and horticultural land for property tax assessment,https://nebraskalegislature.gov/bills/view_bill.php?DocumentID=59666,2025,59666,https://nebraskalegislature.gov/FloorDocs/109/PDF/Intro/LB484.pdf
LB0485,2025_2026,Quick,Indefinitely postponed,Provide for confidentiality for train crew members involved with railroad fatalities and access to confidential information of train crew members and exempt train crew members from being required to display operator's licenses to law enforcement,https://nebraskalegislature.gov/bills/view_bill.php?DocumentID=59277,2025,59277,https://nebraskalegislature.gov/FloorDocs/109/PDF/Intro/LB485.pdf
LB0486,2025_2026,Quick,Indefinitely postponed,Require the Department of Health and Human Services to implement standards for reimbursement for certain service providers,https://nebraskalegislature.gov/bills/view_bill.php?DocumentID=59341,2025,59341,https://nebraskalegislature.gov/FloorDocs/109/PDF/Intro/LB486.pdf
LB0487,2025_2026,McKinney,Indefinitely postponed,Adopt the Restitution and Redress for Redlining Task Force Act,https://nebraskalegislature.gov/bills/view_bill.php?DocumentID=59600,2025,59600,https://nebraskalegislature.gov/FloorDocs/109/PDF/Intro/LB487.pdf
LB0488,2025_2026,Hallstrom,Indefinitely postponed,Require a peace officer to assume custody of a probationer or temporary custody of a juvenile upon request by a probation officer,https://nebraskalegislature.gov/bills/view_bill.php?DocumentID=59210,2025,59210,https://nebraskalegislature.gov/FloorDocs/109/PDF/Intro/LB488.pdf
LB0489,2025_2026,Brandt,Indefinitely postponed,"Prohibit certain entities from operating, maintaining, constructing, or acquiring transmission lines and related facilities",https://nebraskalegislature.gov/bills/view_bill.php?DocumentID=59195,2025,59195,https://nebraskalegislature.gov/FloorDocs/109/PDF/Intro/LB489.pdf
LB0490,2025_2026,McKeon,Passed,Change provisions of the Motor Vehicle Certificate of Title Act,https://nebraskalegislature.gov/bills/view_bill.php?DocumentID=59620,2025,59620,https://nebraskalegislature.gov/FloorDocs/109/PDF/Intro/LB490.pdf
LB0491,2025_2026,DeKay,Indefinitely postponed,Change provisions regarding appropriations from the Museum Construction and Maintenance Fund,https://nebraskalegislature.gov/bills/view_bill.php?DocumentID=59682,2025,59682,https://nebraskalegislature.gov/FloorDocs/109/PDF/Intro/LB491.pdf
LB0492,2025_2026,Conrad,Indefinitely postponed,Change juvenile court jurisdiction relating to habitual truancy and provisions relating to compulsory school attendance,https://nebraskalegislature.gov/bills/view_bill.php?DocumentID=59463,2025,59463,https://nebraskalegislature.gov/FloorDocs/109/PDF/Intro/LB492.pdf
LB0493,2025_2026,Conrad,Indefinitely postponed,Adopt the Uniform Public Expression Protection Act and eliminate provisions relating to actions involving public petition and participation,https://nebraskalegislature.gov/bills/view_bill.php?DocumentID=58941,2025,58941,https://nebraskalegislature.gov/FloorDocs/109/PDF/Intro/LB493.pdf
LB0494,2025_2026,Dorn,Indefinitely postponed,Change provisions relating to the School District Property Tax Relief Act and transfers of General Fund net receipts to the Cash Reserve Fund and the School District Property Tax Relief Credit Fund,https://nebraskalegislature.gov/bills/view_bill.php?DocumentID=59530,2025,59530,https://nebraskalegislature.gov/FloorDocs/109/PDF/Intro/LB494.pdf
LB0495,2025_2026,Hansen,Indefinitely postponed,Change provisions relating to community colleges under the Property Tax Request Act,https://nebraskalegislature.gov/bills/view_bill.php?DocumentID=59303,2025,59303,https://nebraskalegislature.gov/FloorDocs/109/PDF/Intro/LB495.pdf
LB0496,2025_2026,Murman,Indefinitely postponed,Provide requirements under the Nebraska Rules of the Road relating to motorists encountering certain animals being led or driven on highways,https://nebraskalegislature.gov/bills/view_bill.php?DocumentID=59558,2025,59558,https://nebraskalegislature.gov/FloorDocs/109/PDF/Intro/LB496.pdf
LB0497,2025_2026,Murman,Indefinitely postponed,Provide for admission of and participation in extracurricular activities by certain students that are not residents of the school district,https://nebraskalegislature.gov/bills/view_bill.php?DocumentID=59625,2025,59625,https://nebraskalegislature.gov/FloorDocs/109/PDF/Intro/LB497.pdf
LB0498,2025_2026,Murman,Indefinitely postponed,Change provisions relating to foundation aid and certification dates under the Tax Equity and Educational Opportunities Support Act,https://nebraskalegislature.gov/bills/view_bill.php?DocumentID=59455,2025,59455,https://nebraskalegislature.gov/FloorDocs/109/PDF/Intro/LB498.pdf
LB0499,2025_2026,DeBoer,Passed,Change membership provisions relating to the Crime Victim's Reparations Committee,https://nebraskalegislature.gov/bills/view_bill.php?DocumentID=58884,2025,58884,https://nebraskalegislature.gov/FloorDocs/109/PDF/Intro/LB499.pdf
LB0500,2025_2026,DeBoer,Indefinitely postponed,Create the School Financing Review Commission,https://nebraskalegislature.gov/bills/view_bill.php?DocumentID=59721,2025,59721,https://nebraskalegislature.gov/FloorDocs/109/PDF/Intro/LB500.pdf
LB0501,2025_2026,"Meyer, G.",Passed,Change provisions relating to the assessment of real property that suffers significant property damage,https://nebraskalegislature.gov/bills/view_bill.php?DocumentID=59550,2025,59550,https://nebraskalegislature.gov/FloorDocs/109/PDF/Intro/LB501.pdf
LB0502,2025_2026,"Meyer, G.",Indefinitely postponed,Provide a penalty under the Farm Labor Contractors Act,https://nebraskalegislature.gov/bills/view_bill.php?DocumentID=59392,2025,59392,https://nebraskalegislature.gov/FloorDocs/109/PDF/Intro/LB502.pdf
LB0503,2025_2026,Bosn,Indefinitely postponed,Authorize the designation of American energy friendly counties and change provisions relating to privately developed renewable energy generation facilities and the nameplate capacity tax,https://nebraskalegislature.gov/bills/view_bill.php?DocumentID=58901,2025,58901,https://nebraskalegislature.gov/FloorDocs/109/PDF/Intro/LB503.pdf
LB0504,2025_2026,Bosn,Passed,Adopt the Age-Appropriate Online Design Code Act,https://nebraskalegislature.gov/bills/view_bill.php?DocumentID=59284,2025,59284,https://nebraskalegislature.gov/FloorDocs/109/PDF/Intro/LB504.pdf
LB0504A,2025_2026,Bosn,Select File,Appropriation Bill,https://nebraskalegislature.gov/bills/view_bill.php?DocumentID=60419,2025,60419,https://nebraskalegislature.gov/FloorDocs/109/PDF/Intro/LB504A.pdf
LB0505,2025_2026,Prokop,Indefinitely postponed,State intent regarding appropriations for food assistance,https://nebraskalegislature.gov/bills/view_bill.php?DocumentID=59574,2025,59574,https://nebraskalegislature.gov/FloorDocs/109/PDF/Intro/LB505.pdf
LB0506,2025_2026,Hunt,Indefinitely postponed,Adopt the Landlord and Tenant Radon Awareness Act,https://nebraskalegislature.gov/bills/view_bill.php?DocumentID=59609,2025,59609,https://nebraskalegislature.gov/FloorDocs/109/PDF/Intro/LB506.pdf
LB0507,2025_2026,Hunt,Indefinitely postponed,Change provisions relating to school transportation expenses for children with disabilities,https://nebraskalegislature.gov/bills/view_bill.php?DocumentID=59617,2025,59617,https://nebraskalegislature.gov/FloorDocs/109/PDF/Intro/LB507.pdf
LB0508,2025_2026,Hunt,Indefinitely postponed,Change provisions relating to the deployment of the Nebraska National Guard and require the Governor to review current deployments,https://nebraskalegislature.gov/bills/view_bill.php?DocumentID=59756,2025,59756,https://nebraskalegislature.gov/FloorDocs/109/PDF/Intro/LB508.pdf
LB0509,2025_2026,Sorrentino,Indefinitely postponed,Adopt the Opportunity Scholarships Act and provide for income tax credits,https://nebraskalegislature.gov/bills/view_bill.php?DocumentID=59783,2025,59783,https://nebraskalegislature.gov/FloorDocs/109/PDF/Intro/LB509.pdf
LB0510,2025_2026,Holdcroft,Indefinitely postponed,"Change provisions relating to the sales tax rate, the Good Life Transformational Projects Act, and the Good Life District Economic Development Act",https://nebraskalegislature.gov/bills/view_bill.php?DocumentID=59694,2025,59694,https://nebraskalegislature.gov/FloorDocs/109/PDF/Intro/LB510.pdf
LB0511,2025_2026,Holdcroft,Indefinitely postponed,"Create the offense of commercial sexual exploitation, require registration under the Sex Offender Registration Act for certain solicitation and trafficking offenses, provide for a grant program for law enforcement, and require the Department of Health and Human Services to conduct education and awareness campaigns",https://nebraskalegislature.gov/bills/view_bill.php?DocumentID=59139,2025,59139,https://nebraskalegislature.gov/FloorDocs/109/PDF/Intro/LB511.pdf
LB0512,2025_2026,Holdcroft,Indefinitely postponed,Adopt the Chemical Abortion Safety Protocol Act,https://nebraskalegislature.gov/bills/view_bill.php?DocumentID=59487,2025,59487,https://nebraskalegislature.gov/FloorDocs/109/PDF/Intro/LB512.pdf
LB0513,2025_2026,Bosn,Passed,Change judges' salaries,https://nebraskalegislature.gov/bills/view_bill.php?DocumentID=58894,2025,58894,https://nebraskalegislature.gov/FloorDocs/109/PDF/Intro/LB513.pdf
LB0513A,2025_2026,Bosn,Passed,Appropriation Bill,https://nebraskalegislature.gov/bills/view_bill.php?DocumentID=61887,2025,61887,https://nebraskalegislature.gov/FloorDocs/109/PDF/Intro/LB513A.pdf
LB0514,2025_2026,Urban Affairs Committee,Indefinitely postponed,Provide powers for cities of the metropolitan class to regulate housing authorities by ordinance,https://nebraskalegislature.gov/bills/view_bill.php?DocumentID=59650,2025,59650,https://nebraskalegislature.gov/FloorDocs/109/PDF/Intro/LB514.pdf
LB0515,2025_2026,Quick,Indefinitely postponed,Provide requirements for certain prescription refills,https://nebraskalegislature.gov/bills/view_bill.php?DocumentID=59456,2025,59456,https://nebraskalegislature.gov/FloorDocs/109/PDF/Intro/LB515.pdf
LB0516,2025_2026,Quick,Indefinitely postponed,Eliminate provisions relating to counties maintaining office space for the Department of Health and Human Services,https://nebraskalegislature.gov/bills/view_bill.php?DocumentID=59174,2025,59174,https://nebraskalegislature.gov/FloorDocs/109/PDF/Intro/LB516.pdf
LB0517,2025_2026,Juarez,Indefinitely postponed,Provide requirements for the state school security director regarding protective door assemblies and other school entry systems,https://nebraskalegislature.gov/bills/view_bill.php?DocumentID=59372,2025,59372,https://nebraskalegislature.gov/FloorDocs/109/PDF/Intro/LB517.pdf
LB0518,2025_2026,Juarez,Passed,Change requirements for a report by the Department of Correctional Services and Board of Parole,https://nebraskalegislature.gov/bills/view_bill.php?DocumentID=59557,2025,59557,https://nebraskalegislature.gov/FloorDocs/109/PDF/Intro/LB518.pdf
LB0519,2025_2026,Juarez,Passed,Require independent confirmatory testing of potential items of contraband or drugs in prisons,https://nebraskalegislature.gov/bills/view_bill.php?DocumentID=59556,2025,59556,https://nebraskalegislature.gov/FloorDocs/109/PDF/Intro/LB519.pdf
LB0520,2025_2026,Juarez,Indefinitely postponed,"Provide requirements for bed and breakfast establishments regarding food, beverages, and fire safety",https://nebraskalegislature.gov/bills/view_bill.php?DocumentID=59630,2025,59630,https://nebraskalegislature.gov/FloorDocs/109/PDF/Intro/LB520.pdf
LB0521,2025_2026,Sanders,Passed,Change and eliminate provisions relating to the Election Act and elections in cities of the metropolitan class and in cities of the primary class,https://nebraskalegislature.gov/bills/view_bill.php?DocumentID=59452,2025,59452,https://nebraskalegislature.gov/FloorDocs/109/PDF/Intro/LB521.pdf
LB0522,2025_2026,Guereca,Indefinitely postponed,Change provisions relating to the date when compensation begins and provide for cost-of-living adjustments under the Nebraska Workers’ Compensation Act,https://nebraskalegislature.gov/bills/view_bill.php?DocumentID=59623,2025,59623,https://nebraskalegislature.gov/FloorDocs/109/PDF/Intro/LB522.pdf
LB0523,2025_2026,Juarez,Indefinitely postponed,Adopt the Student Teacher Compensation Act,https://nebraskalegislature.gov/bills/view_bill.php?DocumentID=59700,2025,59700,https://nebraskalegislature.gov/FloorDocs/109/PDF/Intro/LB523.pdf
LB0524,2025_2026,Juarez,Indefinitely postponed,Authorize paraeducator grants under the Nebraska Teacher Recruitment and Retention Act and change eligible uses of the Education Future Fund,https://nebraskalegislature.gov/bills/view_bill.php?DocumentID=59701,2025,59701,https://nebraskalegislature.gov/FloorDocs/109/PDF/Intro/LB524.pdf
LB0525,2025_2026,Jacobson,Passed,Adopt the Agricultural Data Privacy Act and the Conversational Artificial Intelligence Safety Act,https://nebraskalegislature.gov/bills/view_bill.php?DocumentID=59601,2025,59601,https://nebraskalegislature.gov/FloorDocs/109/PDF/Intro/LB525.pdf
LB0526,2025_2026,Jacobson,Passed,Provide powers and duties for public power districts related to cryptocurrency mining operations,https://nebraskalegislature.gov/bills/view_bill.php?DocumentID=59369,2025,59369,https://nebraskalegislature.gov/FloorDocs/109/PDF/Intro/LB526.pdf
LB0527,2025_2026,Jacobson,Passed,"Adopt the Medicaid Access and Quality Act and change provisions relating to taxes on health maintenance organizations, prepaid limited health service organizations, and insurance companies",https://nebraskalegislature.gov/bills/view_bill.php?DocumentID=59590,2025,59590,https://nebraskalegislature.gov/FloorDocs/109/PDF/Intro/LB527.pdf
LB0527A,2025_2026,Jacobson,Passed,Appropriation Bill,https://nebraskalegislature.gov/bills/view_bill.php?DocumentID=60496,2025,60496,https://nebraskalegislature.gov/FloorDocs/109/PDF/Intro/LB527A.pdf
LB0528,2025_2026,Jacobson,Indefinitely postponed,Change and eliminate provisions relating to grants from the State Department of Education Improvement Grant Fund,https://nebraskalegislature.gov/bills/view_bill.php?DocumentID=59614,2025,59614,https://nebraskalegislature.gov/FloorDocs/109/PDF/Intro/LB528.pdf
LB0529,2025_2026,Jacobson,Passed,Redefine state agency under the State Procurement Act,https://nebraskalegislature.gov/bills/view_bill.php?DocumentID=58478,2025,58478,https://nebraskalegislature.gov/FloorDocs/109/PDF/Intro/LB529.pdf
LB0530,2025_2026,Kauth,Passed,"Change provisions relating to motor vehicle homicide, motor vehicle homicide of an unborn child, tampering with an electronic monitoring device, controlled substances violations, adult and juvenile probation, detention of juveniles, motorists passing stopped vehicles or vulnerable road users, and speed limits",https://nebraskalegislature.gov/bills/view_bill.php?DocumentID=58041,2025,58041,https://nebraskalegislature.gov/FloorDocs/109/PDF/Intro/LB530.pdf
LB0530A,2025_2026,Bosn,Passed,Appropriation Bill,https://nebraskalegislature.gov/bills/view_bill.php?DocumentID=61909,2025,61909,https://nebraskalegislature.gov/FloorDocs/109/PDF/Intro/LB530A.pdf
LB0531,2025_2026,Kauth,Indefinitely postponed,Provide an exception to the requirement that buildings constructed with state funds comply with the 2018 International Energy Conservation Code,https://nebraskalegislature.gov/bills/view_bill.php?DocumentID=58066,2025,58066,https://nebraskalegislature.gov/FloorDocs/109/PDF/Intro/LB531.pdf
LB0532,2025_2026,Kauth,Indefinitely postponed,"Require employers to use E-Verify, prohibit knowingly hiring an unauthorized alien, and provide for discipline against employers' licenses",https://nebraskalegislature.gov/bills/view_bill.php?DocumentID=58070,2025,58070,https://nebraskalegislature.gov/FloorDocs/109/PDF/Intro/LB532.pdf
LB0533,2025_2026,Kauth,Indefinitely postponed,Provide requirements relating to clinician-administered drugs under the Pharmacy Benefit Manager Licensure and Regulation Act,https://nebraskalegislature.gov/bills/view_bill.php?DocumentID=58986,2025,58986,https://nebraskalegislature.gov/FloorDocs/109/PDF/Intro/LB533.pdf
LB0534,2025_2026,Kauth,Passed,Provide for payment of claims against the state,https://nebraskalegislature.gov/bills/view_bill.php?DocumentID=59032,2025,59032,https://nebraskalegislature.gov/FloorDocs/109/PDF/Intro/LB534.pdf
LB0535,2025_2026,Kauth,Indefinitely postponed,"Prohibit assault on a frontline behavioral health provider or health care worker and clarify provisions relating to assault on officers, emergency responders, certain employees, and health care professionals",https://nebraskalegislature.gov/bills/view_bill.php?DocumentID=59316,2025,59316,https://nebraskalegislature.gov/FloorDocs/109/PDF/Intro/LB535.pdf
LB0536,2025_2026,Sorrentino,Indefinitely postponed,Adopt the Manufacturing Modernization Pilot Investment Act,https://nebraskalegislature.gov/bills/view_bill.php?DocumentID=59714,2025,59714,https://nebraskalegislature.gov/FloorDocs/109/PDF/Intro/LB536.pdf
LB0537,2025_2026,Sorrentino,Indefinitely postponed,Provide requirements for workforce development grants under the Workforce Development Program Cash Fund,https://nebraskalegislature.gov/bills/view_bill.php?DocumentID=59699,2025,59699,https://nebraskalegislature.gov/FloorDocs/109/PDF/Intro/LB537.pdf
LB0538,2025_2026,Hardin,Indefinitely postponed,"Require the State Board of Education to develop a model policy regarding discrimination and antisemitism, require school boards to adopt a policy regarding discrimination and antisemitism, and provide for Title VI coordinators",https://nebraskalegislature.gov/bills/view_bill.php?DocumentID=59360,2025,59360,https://nebraskalegislature.gov/FloorDocs/109/PDF/Intro/LB538.pdf
LB0538A,2025_2026,Hardin,Indefinitely postponed,Appropriation Bill,https://nebraskalegislature.gov/bills/view_bill.php?DocumentID=62210,2025,62210,https://nebraskalegislature.gov/FloorDocs/109/PDF/Intro/LB538A.pdf
LB0539,2025_2026,Hardin,Indefinitely postponed,Change and eliminate provisions relating to handgun purchase requirements,https://nebraskalegislature.gov/bills/view_bill.php?DocumentID=59628,2025,59628,https://nebraskalegislature.gov/FloorDocs/109/PDF/Intro/LB539.pdf
LB0540,2025_2026,Holdcroft,Indefinitely postponed,Change provisions of the Nebraska Apiary Act and create the Nebraska Apiary Advisory Board,https://nebraskalegislature.gov/bills/view_bill.php?DocumentID=59581,2025,59581,https://nebraskalegislature.gov/FloorDocs/109/PDF/Intro/LB540.pdf
LB0541,2025_2026,Holdcroft,Indefinitely postponed,"Eliminate online voter registration, restrict voter registration by mail, require grounds for early voting, require hand counts of ballots, and change provisions relating to voter registration and voting",https://nebraskalegislature.gov/bills/view_bill.php?DocumentID=58737,2025,58737,https://nebraskalegislature.gov/FloorDocs/109/PDF/Intro/LB541.pdf
LB0542,2025_2026,Dover,Indefinitely postponed,Change and eliminate payment provisions for road construction costs relating to utility facilities,https://nebraskalegislature.gov/bills/view_bill.php?DocumentID=59459,2025,59459,https://nebraskalegislature.gov/FloorDocs/109/PDF/Intro/LB542.pdf
LB0543,2025_2026,Dover,Indefinitely postponed,Provide for the delivery of license plates and change provisions relating to the Department of Motor Vehicles’ fees,https://nebraskalegislature.gov/bills/view_bill.php?DocumentID=59074,2025,59074,https://nebraskalegislature.gov/FloorDocs/109/PDF/Intro/LB543.pdf
LB0544,2025_2026,Dover,Indefinitely postponed,Disqualify certain individuals from receiving benefits under the Employment Security Law,https://nebraskalegislature.gov/bills/view_bill.php?DocumentID=59659,2025,59659,https://nebraskalegislature.gov/FloorDocs/109/PDF/Intro/LB544.pdf
LB0545,2025_2026,Rountree,Indefinitely postponed,Provide immunity from liability for distribution of donated menstrual products,https://nebraskalegislature.gov/bills/view_bill.php?DocumentID=59794,2025,59794,https://nebraskalegislature.gov/FloorDocs/109/PDF/Intro/LB545.pdf
LB0546,2025_2026,Rountree,Indefinitely postponed,"Change provisions relating to proclamations for disasters, emergencies, and civil defense emergencies made by the Governor",https://nebraskalegislature.gov/bills/view_bill.php?DocumentID=59529,2025,59529,https://nebraskalegislature.gov/FloorDocs/109/PDF/Intro/LB546.pdf
LB0547,2025_2026,Rountree,Indefinitely postponed,Redefine disabled veteran for purposes of motor vehicle and property tax exemptions,https://nebraskalegislature.gov/bills/view_bill.php?DocumentID=59704,2025,59704,https://nebraskalegislature.gov/FloorDocs/109/PDF/Intro/LB547.pdf
LB0548,2025_2026,Lippincott,Passed,Authorize certain cities and villages that own or operate natural gas systems to contract with industrial consumers of natural gas,https://nebraskalegislature.gov/bills/view_bill.php?DocumentID=59477,2025,59477,https://nebraskalegislature.gov/FloorDocs/109/PDF/Intro/LB548.pdf
LB0549,2025_2026,Lippincott,Indefinitely postponed,"Allow a school board to employ a chaplain, including in a volunteer capacity, at a school",https://nebraskalegislature.gov/bills/view_bill.php?DocumentID=58818,2025,58818,https://nebraskalegislature.gov/FloorDocs/109/PDF/Intro/LB549.pdf
LB0550,2025_2026,Lippincott,Indefinitely postponed,Require school districts to adopt a policy that excuses students to attend a course for religious instruction,https://nebraskalegislature.gov/bills/view_bill.php?DocumentID=59083,2025,59083,https://nebraskalegislature.gov/FloorDocs/109/PDF/Intro/LB550.pdf
LB0551,2025_2026,Lippincott,Indefinitely postponed,Prohibit tenure at certain postsecondary educational institutions and require a written policy regarding terms and conditions of employment,https://nebraskalegislature.gov/bills/view_bill.php?DocumentID=59192,2025,59192,https://nebraskalegislature.gov/FloorDocs/109/PDF/Intro/LB551.pdf
LB0552,2025_2026,Lippincott,Indefinitely postponed,"Prohibit public postsecondary educational institutions from having a diversity, equity, and inclusion office and taking certain actions relating to diversity, equity, and inclusion",https://nebraskalegislature.gov/bills/view_bill.php?DocumentID=58917,2025,58917,https://nebraskalegislature.gov/FloorDocs/109/PDF/Intro/LB552.pdf
LB0553,2025_2026,Riepe,Indefinitely postponed,Change provisions of the Rural Health Systems and Professional Incentive Act,https://nebraskalegislature.gov/bills/view_bill.php?DocumentID=59402,2025,59402,https://nebraskalegislature.gov/FloorDocs/109/PDF/Intro/LB553.pdf
LB0554,2025_2026,Riepe,Indefinitely postponed,Create the Nebraska Health Professions Commission,https://nebraskalegislature.gov/bills/view_bill.php?DocumentID=59555,2025,59555,https://nebraskalegislature.gov/FloorDocs/109/PDF/Intro/LB554.pdf
LB0555,2025_2026,Riepe,Indefinitely postponed,Provide for assistant funeral directors under the Funeral Directing and Embalming Practice Act,https://nebraskalegislature.gov/bills/view_bill.php?DocumentID=59169,2025,59169,https://nebraskalegislature.gov/FloorDocs/109/PDF/Intro/LB555.pdf
LB0556,2025_2026,Riepe,Indefinitely postponed,Change jurisdiction of juvenile courts and adult criminal courts and change provisions relating to detention and hearings under the Nebraska Juvenile Code,https://nebraskalegislature.gov/bills/view_bill.php?DocumentID=59110,2025,59110,https://nebraskalegislature.gov/FloorDocs/109/PDF/Intro/LB556.pdf
LB0557,2025_2026,Armendariz,Indefinitely postponed,"Change provisions relating to the enrollment option program, provide funding to students denied option enrollment, and eliminate provisions relating to open enrollment option students and diversity plans",https://nebraskalegislature.gov/bills/view_bill.php?DocumentID=59652,2025,59652,https://nebraskalegislature.gov/FloorDocs/109/PDF/Intro/LB557.pdf
LB0558,2025_2026,von Gillern,Passed,Create the Infrastructure Review Task Force for the state highway system,https://nebraskalegislature.gov/bills/view_bill.php?DocumentID=59681,2025,59681,https://nebraskalegislature.gov/FloorDocs/109/PDF/Intro/LB558.pdf
LB0559,2025_2026,Bosn,Passed,Provide for offenses relating to skimmer devices and criminal enterprises involving financial offenses,https://nebraskalegislature.gov/bills/view_bill.php?DocumentID=59635,2025,59635,https://nebraskalegislature.gov/FloorDocs/109/PDF/Intro/LB559.pdf
LB0560,2025_2026,Dungan,Passed,Change provisions relating to innovative tourism grants,https://nebraskalegislature.gov/bills/view_bill.php?DocumentID=59725,2025,59725,https://nebraskalegislature.gov/FloorDocs/109/PDF/Intro/LB560.pdf
LB0561,2025_2026,Brandt,Passed,Provide restrictions and change provisions related to operation of vehicles carrying raw milk,https://nebraskalegislature.gov/bills/view_bill.php?DocumentID=59782,2025,59782,https://nebraskalegislature.gov/FloorDocs/109/PDF/Intro/LB561.pdf
LB0562,2025_2026,Brandt,Indefinitely postponed,Change provisions relating to permits and stamps issued by the Game and Parks Commission,https://nebraskalegislature.gov/bills/view_bill.php?DocumentID=59685,2025,59685,https://nebraskalegislature.gov/FloorDocs/109/PDF/Intro/LB562.pdf
LB0563,2025_2026,Brandt,Indefinitely postponed,Provide for permanent trailer license plates for commercial fertilizer trailers,https://nebraskalegislature.gov/bills/view_bill.php?DocumentID=59651,2025,59651,https://nebraskalegislature.gov/FloorDocs/109/PDF/Intro/LB563.pdf
LB0564,2025_2026,Brandt,Indefinitely postponed,Change provisions relating to fund transfers to the School District Property Tax Relief Credit Fund and the amount of tax relief granted under the School District Property Tax Relief Act,https://nebraskalegislature.gov/bills/view_bill.php?DocumentID=59763,2025,59763,https://nebraskalegislature.gov/FloorDocs/109/PDF/Intro/LB564.pdf
LB0565,2025_2026,Quick,Indefinitely postponed,Provide and change requirements relating to agency guidance documents,https://nebraskalegislature.gov/bills/view_bill.php?DocumentID=59607,2025,59607,https://nebraskalegislature.gov/FloorDocs/109/PDF/Intro/LB565.pdf
LB0566,2025_2026,Quick,Indefinitely postponed,Eliminate a sunset date relating to an income tax credit for the purchase of certain residential property,https://nebraskalegislature.gov/bills/view_bill.php?DocumentID=59205,2025,59205,https://nebraskalegislature.gov/FloorDocs/109/PDF/Intro/LB566.pdf
LB0567,2025_2026,Quick,Indefinitely postponed,Authorize school policies relating to community engagement,https://nebraskalegislature.gov/bills/view_bill.php?DocumentID=59580,2025,59580,https://nebraskalegislature.gov/FloorDocs/109/PDF/Intro/LB567.pdf
LB0568,2025_2026,Fredrickson,Indefinitely postponed,Provide for Arbor Day Plates and the Home of Arbor Day Plate Cash Fund and change provisions relating to license plates,https://nebraskalegislature.gov/bills/view_bill.php?DocumentID=59507,2025,59507,https://nebraskalegislature.gov/FloorDocs/109/PDF/Intro/LB568.pdf
LB0569,2025_2026,Health and Human Services Committee,Indefinitely postponed,Change duties of the Board of Emergency Medical Services,https://nebraskalegislature.gov/bills/view_bill.php?DocumentID=59661,2025,59661,https://nebraskalegislature.gov/FloorDocs/109/PDF/Intro/LB569.pdf
LB0570,2025_2026,"Cavanaugh, J.",Indefinitely postponed,Provide for scholarships for nursing students,https://nebraskalegislature.gov/bills/view_bill.php?DocumentID=59770,2025,59770,https://nebraskalegislature.gov/FloorDocs/109/PDF/Intro/LB570.pdf
LB0571,2025_2026,"Cavanaugh, J.",Indefinitely postponed,Require cost-of-living adjustments for retirees for any public power district that operates a defined benefit plan,https://nebraskalegislature.gov/bills/view_bill.php?DocumentID=59762,2025,59762,https://nebraskalegislature.gov/FloorDocs/109/PDF/Intro/LB571.pdf
LB0572,2025_2026,Hughes,Indefinitely postponed,Authorize a school district to exceed its budget authority for stipends paid to a student teacher and change the applicability of the School District Property Tax Limitation Act,https://nebraskalegislature.gov/bills/view_bill.php?DocumentID=59660,2025,59660,https://nebraskalegislature.gov/FloorDocs/109/PDF/Intro/LB572.pdf
LB0573,2025_2026,Guereca,Indefinitely postponed,Adopt the Meat and Poultry Workers and Contractors Protection Act,https://nebraskalegislature.gov/bills/view_bill.php?DocumentID=59687,2025,59687,https://nebraskalegislature.gov/FloorDocs/109/PDF/Intro/LB573.pdf
LB0574,2025_2026,Rountree,Withdrawn,Provide rights for firefighters,https://nebraskalegislature.gov/bills/view_bill.php?DocumentID=59749,2025,59749,https://nebraskalegislature.gov/FloorDocs/109/PDF/Intro/LB574.pdf
LB0575,2025_2026,Hallstrom,Indefinitely postponed,Change provisions relating to the Property Tax Request Act and property tax levy limits,https://nebraskalegislature.gov/bills/view_bill.php?DocumentID=59772,2025,59772,https://nebraskalegislature.gov/FloorDocs/109/PDF/Intro/LB575.pdf
LB0576,2025_2026,Dorn,Indefinitely postponed,Change provisions of the Enhanced Wireless 911 Services Act relating to surcharges and public hearings,https://nebraskalegislature.gov/bills/view_bill.php?DocumentID=59599,2025,59599,https://nebraskalegislature.gov/FloorDocs/109/PDF/Intro/LB576.pdf
LB0577,2025_2026,Dorn,Withdrawn,Change licensure requirements for remote dispensing pharmacies and verification requirements for pharmacists,https://nebraskalegislature.gov/bills/view_bill.php?DocumentID=59306,2025,59306,https://nebraskalegislature.gov/FloorDocs/109/PDF/Intro/LB577.pdf
LB0578,2025_2026,"Cavanaugh, M.",Indefinitely postponed,Change provisions relating to compensation and employment of jail and prison inmates and disbursements of such funds and require payment of the minimum wage for inmates and government employees,https://nebraskalegislature.gov/bills/view_bill.php?DocumentID=59816,2025,59816,https://nebraskalegislature.gov/FloorDocs/109/PDF/Intro/LB578.pdf
LB0579,2025_2026,"Cavanaugh, M.",Indefinitely postponed,Prohibit charging a fee for public records requests by members of the Legislature,https://nebraskalegislature.gov/bills/view_bill.php?DocumentID=59780,2025,59780,https://nebraskalegislature.gov/FloorDocs/109/PDF/Intro/LB579.pdf
LB0580,2025_2026,"Cavanaugh, M.",Indefinitely postponed,Appropriate funds to the Department of Environment and Energy,https://nebraskalegislature.gov/bills/view_bill.php?DocumentID=59728,2025,59728,https://nebraskalegislature.gov/FloorDocs/109/PDF/Intro/LB580.pdf
LB0581,2025_2026,"Cavanaugh, M.",Indefinitely postponed,Appropriate funds to the Department of Health and Human Services,https://nebraskalegislature.gov/bills/view_bill.php?DocumentID=59723,2025,59723,https://nebraskalegislature.gov/FloorDocs/109/PDF/Intro/LB581.pdf
LB0582,2025_2026,Spivey,Indefinitely postponed,Change provisions under the Mechanical Amusement Device Tax Act relating to the amount of tax imposed on cash devices and how such collected taxes are remitted and change the revenue submitted to the Nebraska Tourism Commission Promotional Cash Fund,https://nebraskalegislature.gov/bills/view_bill.php?DocumentID=59647,2025,59647,https://nebraskalegislature.gov/FloorDocs/109/PDF/Intro/LB582.pdf
LB0583,2025_2026,Spivey,Indefinitely postponed,"Change provisions relating to the rate and disbursement of the documentary stamp tax, the Child Care Grant Fund, child care grants, the Military Installation Development and Support Fund, the Affordable Housing Trust Fund, the Innovation Hub Cash Fund, the Economic Recovery Contingency Fund, and the Health Care Homes for the Medically Underserved Fund",https://nebraskalegislature.gov/bills/view_bill.php?DocumentID=59672,2025,59672,https://nebraskalegislature.gov/FloorDocs/109/PDF/Intro/LB583.pdf
LB0584,2025_2026,Spivey,Indefinitely postponed,Change sentencing provisions for crimes committed by a person younger than eighteen years of age,https://nebraskalegislature.gov/bills/view_bill.php?DocumentID=59690,2025,59690,https://nebraskalegislature.gov/FloorDocs/109/PDF/Intro/LB584.pdf
LB0585,2025_2026,Spivey,Indefinitely postponed,Change provisions relating to distribution of aid under the Community-based Juvenile Services Aid Program,https://nebraskalegislature.gov/bills/view_bill.php?DocumentID=59779,2025,59779,https://nebraskalegislature.gov/FloorDocs/109/PDF/Intro/LB585.pdf
LB0586,2025_2026,Spivey,Indefinitely postponed,Provide assistance for voters who are unable to vote in person and who are residents of or housed in certain facilities,https://nebraskalegislature.gov/bills/view_bill.php?DocumentID=59781,2025,59781,https://nebraskalegislature.gov/FloorDocs/109/PDF/Intro/LB586.pdf
LB0587,2025_2026,Spivey,Indefinitely postponed,Change provisions relating to tenants' remedies under the Uniform Residential Landlord and Tenant Act,https://nebraskalegislature.gov/bills/view_bill.php?DocumentID=59760,2025,59760,https://nebraskalegislature.gov/FloorDocs/109/PDF/Intro/LB587.pdf
LB0588,2025_2026,Conrad,Indefinitely postponed,Require the maximum level of monthly assistance to be tied to the annual inflation factor for aid to dependent children,https://nebraskalegislature.gov/bills/view_bill.php?DocumentID=59449,2025,59449,https://nebraskalegislature.gov/FloorDocs/109/PDF/Intro/LB588.pdf
LB0589,2025_2026,Conrad,Indefinitely postponed,Change provisions relating to reimbursement for special education programs and support services and require school districts to provide special education staff with professional leave,https://nebraskalegislature.gov/bills/view_bill.php?DocumentID=59622,2025,59622,https://nebraskalegislature.gov/FloorDocs/109/PDF/Intro/LB589.pdf
LB0590,2025_2026,Moser,Indefinitely postponed,Provide for a mitigation bank or an in-lieu fee program relating to the incidental taking of threatened or endangered species habitat,https://nebraskalegislature.gov/bills/view_bill.php?DocumentID=59804,2025,59804,https://nebraskalegislature.gov/FloorDocs/109/PDF/Intro/LB590.pdf
LB0591,2025_2026,Ballard,Indefinitely postponed,Change provisions relating to when licenses are required and provide powers to certain licensees relating to affiliates under the Nebraska Installment Loan Act,https://nebraskalegislature.gov/bills/view_bill.php?DocumentID=59686,2025,59686,https://nebraskalegislature.gov/FloorDocs/109/PDF/Intro/LB591.pdf
LB0592,2025_2026,Ballard,Passed,Change provisions relating to the achieving a better life experience program,https://nebraskalegislature.gov/bills/view_bill.php?DocumentID=59582,2025,59582,https://nebraskalegislature.gov/FloorDocs/109/PDF/Intro/LB592.pdf
LB0593,2025_2026,Moser,Passed,Update references relating to automotive spark-ignition engine fuel,https://nebraskalegislature.gov/bills/view_bill.php?DocumentID=59759,2025,59759,https://nebraskalegislature.gov/FloorDocs/109/PDF/Intro/LB593.pdf
LB0594,2025_2026,Prokop,Indefinitely postponed,Change and eliminate provisions relating to the use of handheld wireless communication devices while operating a motor vehicle,https://nebraskalegislature.gov/bills/view_bill.php?DocumentID=59522,2025,59522,https://nebraskalegislature.gov/FloorDocs/109/PDF/Intro/LB594.pdf
LB0595,2025_2026,Prokop,Indefinitely postponed,Create the Research Excellence Cash Fund,https://nebraskalegislature.gov/bills/view_bill.php?DocumentID=59649,2025,59649,https://nebraskalegislature.gov/FloorDocs/109/PDF/Intro/LB595.pdf
LB0596,2025_2026,Sanders,Passed,"Change requirements for legal publications and notices required by law, provisions of the Open Meetings Act,    county inventories, warrants, and discharge records, storage requirements for certain records, petitions to change names, marriage license and record fees, reports of abandoned property, and the Nebraska Hall of Fame and eliminate a penalty for certain public officials and provisions relating to the registration of farm, ranch, or home names",https://nebraskalegislature.gov/bills/view_bill.php?DocumentID=59078,2025,59078,https://nebraskalegislature.gov/FloorDocs/109/PDF/Intro/LB596.pdf
LB0597,2025_2026,DeBoer,Indefinitely postponed,"Change provisions relating to foundation aid, local effort rate yield, adjusted valuations of property, and certification dates under the Tax Equity and Educational Opportunities Support Act",https://nebraskalegislature.gov/bills/view_bill.php?DocumentID=59798,2025,59798,https://nebraskalegislature.gov/FloorDocs/109/PDF/Intro/LB597.pdf
LB0598,2025_2026,DeBoer,Indefinitely postponed,"Provide funding to school districts to cover extraordinary increases in limited English proficiency student expenditures, change provisions relating to the elementary site allowance and certification dates under the Tax Equity and Educational Opportunities Support Act and reimbursement for special education programs and support services, and change eligible uses of the Education Future Fund",https://nebraskalegislature.gov/bills/view_bill.php?DocumentID=59787,2025,59787,https://nebraskalegislature.gov/FloorDocs/109/PDF/Intro/LB598.pdf
LB0599,2025_2026,DeBoer,Indefinitely postponed,Require the State Board of Education to adopt a policy relating to cybersecurity,https://nebraskalegislature.gov/bills/view_bill.php?DocumentID=59722,2025,59722,https://nebraskalegislature.gov/FloorDocs/109/PDF/Intro/LB599.pdf
LB0600,2025_2026,DeBoer,Indefinitely postponed,Change provisions relating to the Nebraska Rules of the Road and the Automatic License Plate Reader Privacy Act,https://nebraskalegislature.gov/bills/view_bill.php?DocumentID=59514,2025,59514,https://nebraskalegislature.gov/FloorDocs/109/PDF/Intro/LB600.pdf
LB0601,2025_2026,DeBoer,Indefinitely postponed,Clarify provisions relating to motions for a new trial in a criminal case,https://nebraskalegislature.gov/bills/view_bill.php?DocumentID=59680,2025,59680,https://nebraskalegislature.gov/FloorDocs/109/PDF/Intro/LB601.pdf
LB0602,2025_2026,Juarez,Indefinitely postponed,Adopt the Data Elimination and Limiting Extensive Tracking and Exchange Act,https://nebraskalegislature.gov/bills/view_bill.php?DocumentID=59563,2025,59563,https://nebraskalegislature.gov/FloorDocs/109/PDF/Intro/LB602.pdf
LB0603,2025_2026,Ballard,Indefinitely postponed,Change provisions relating to care management units under the Nebraska Community Aging Services Act,https://nebraskalegislature.gov/bills/view_bill.php?DocumentID=59349,2025,59349,https://nebraskalegislature.gov/FloorDocs/109/PDF/Intro/LB603.pdf
LB0604,2025_2026,Storm,Indefinitely postponed,Change provisions regarding initiative and referendum petitions,https://nebraskalegislature.gov/bills/view_bill.php?DocumentID=59657,2025,59657,https://nebraskalegislature.gov/FloorDocs/109/PDF/Intro/LB604.pdf
LB0605,2025_2026,Raybould,Withdrawn,Require each school board to adopt a policy relating to transgender student participation in extracurricular activities sponsored by a school or an athletics or activities association,https://nebraskalegislature.gov/bills/view_bill.php?DocumentID=59468,2025,59468,https://nebraskalegislature.gov/FloorDocs/109/PDF/Intro/LB605.pdf
LB0606,2025_2026,Holdcroft,Indefinitely postponed,"Eliminate the Division of Parole Supervision and the position of Director of Supervision and Services, transfer powers and duties to the Department of Correctional Services, and change provisions relating to correctional system overcrowding emergencies",https://nebraskalegislature.gov/bills/view_bill.php?DocumentID=59426,2025,59426,https://nebraskalegislature.gov/FloorDocs/109/PDF/Intro/LB606.pdf
LB0607,2025_2026,Bostar,Indefinitely postponed,"Adopt the Environmental Stewardship of Batteries Act, the Extended Producer Responsibility Data Collection Act, and the Minimum Recycled Content Act, and change provisions relating to the Integrated Solid Waste Management Act, the Environmental Protection Act, and the Waste Reduction and Recycling Incentive Fund",https://nebraskalegislature.gov/bills/view_bill.php?DocumentID=59751,2025,59751,https://nebraskalegislature.gov/FloorDocs/109/PDF/Intro/LB607.pdf
LB0608,2025_2026,Bostar,Passed,"Change insurance provisions relating to firefighters and include correctional officers, youth detention officers, certain disabled persons, and their children in the First Responder Recruitment and Retention Act",https://nebraskalegislature.gov/bills/view_bill.php?DocumentID=59364,2025,59364,https://nebraskalegislature.gov/FloorDocs/109/PDF/Intro/LB608.pdf
LB0608A,2025_2026,Bostar,General File,Appropriation Bill,https://nebraskalegislature.gov/bills/view_bill.php?DocumentID=61700,2025,61700,https://nebraskalegislature.gov/FloorDocs/109/PDF/Intro/LB608A.pdf
LB0609,2025_2026,Bostar,Passed,"Adopt the Controllable Electronic Record Fraud Prevention Act, require notice of potential fraud for purchasers of gift certificates and gift cards, and change provisions relating to search warrants",https://nebraskalegislature.gov/bills/view_bill.php?DocumentID=59811,2025,59811,https://nebraskalegislature.gov/FloorDocs/109/PDF/Intro/LB609.pdf
LB0609A,2025_2026,Bostar,Passed,Appropriation Bill,https://nebraskalegislature.gov/bills/view_bill.php?DocumentID=60132,2025,60132,https://nebraskalegislature.gov/FloorDocs/109/PDF/Intro/LB609A.pdf
LB0610,2025_2026,Bostar,Indefinitely postponed,Change provisions relating to supplemental reimbursement for ground emergency medical transport under the Medical Assistance Act,https://nebraskalegislature.gov/bills/view_bill.php?DocumentID=59252,2025,59252,https://nebraskalegislature.gov/FloorDocs/109/PDF/Intro/LB610.pdf
LB0611,2025_2026,Urban Affairs Committee,Indefinitely postponed,Adopt updates to building and energy codes,https://nebraskalegislature.gov/bills/view_bill.php?DocumentID=59719,2025,59719,https://nebraskalegislature.gov/FloorDocs/109/PDF/Intro/LB611.pdf
LB0612,2025_2026,Andersen,Indefinitely postponed,Require the state to pay fifty percent of the operational costs of county courts,https://nebraskalegislature.gov/bills/view_bill.php?DocumentID=59244,2025,59244,https://nebraskalegislature.gov/FloorDocs/109/PDF/Intro/LB612.pdf
LB0613,2025_2026,Andersen,Passed,Change provisions relating to the disclosure of tax information to municipalities,https://nebraskalegislature.gov/bills/view_bill.php?DocumentID=59758,2025,59758,https://nebraskalegislature.gov/FloorDocs/109/PDF/Intro/LB613.pdf
LB0613A,2025_2026,Andersen,Passed,Appropriation Bill,https://nebraskalegislature.gov/bills/view_bill.php?DocumentID=61088,2025,61088,https://nebraskalegislature.gov/FloorDocs/109/PDF/Intro/LB613A.pdf
LB0614,2025_2026,Andersen,Passed,Provide for exemptions from regulatory authority of cities of the first and second class and villages for certain farm buildings,https://nebraskalegislature.gov/bills/view_bill.php?DocumentID=59481,2025,59481,https://nebraskalegislature.gov/FloorDocs/109/PDF/Intro/LB614.pdf
LB0615,2025_2026,"Cavanaugh, J.",Indefinitely postponed,Prohibit distributing deepfakes under the Nebraska Political Accountability and Disclosure Act,https://nebraskalegislature.gov/bills/view_bill.php?DocumentID=59674,2025,59674,https://nebraskalegislature.gov/FloorDocs/109/PDF/Intro/LB615.pdf
LB0616,2025_2026,"Cavanaugh, J.",Indefinitely postponed,Provide for enforcement of red light violations using automatic license plate reader systems,https://nebraskalegislature.gov/bills/view_bill.php?DocumentID=59421,2025,59421,https://nebraskalegislature.gov/FloorDocs/109/PDF/Intro/LB616.pdf
LB0617,2025_2026,Kauth,Indefinitely postponed,Change provisions of the Nebraska Workers’ Compensation Act,https://nebraskalegislature.gov/bills/view_bill.php?DocumentID=59805,2025,59805,https://nebraskalegislature.gov/FloorDocs/109/PDF/Intro/LB617.pdf
LB0618,2025_2026,Kauth,Indefinitely postponed,Deny claims against the state,https://nebraskalegislature.gov/bills/view_bill.php?DocumentID=59033,2025,59033,https://nebraskalegislature.gov/FloorDocs/109/PDF/Intro/LB618.pdf
LB0619,2025_2026,Ballard,Indefinitely postponed,Provide for cities of the primary class and certain counties to receive grants relating to certain highways,https://nebraskalegislature.gov/bills/view_bill.php?DocumentID=59753,2025,59753,https://nebraskalegislature.gov/FloorDocs/109/PDF/Intro/LB619.pdf
LB0620,2025_2026,Guereca,Indefinitely postponed,Adopt the Neighborhood Revitalization Act and authorize certain civil actions relating to real property,https://nebraskalegislature.gov/bills/view_bill.php?DocumentID=59688,2025,59688,https://nebraskalegislature.gov/FloorDocs/109/PDF/Intro/LB620.pdf
LB0621,2025_2026,Dover,Indefinitely postponed,State legislative intent regarding appropriations and provide for transfers from the Nebraska Health Care Cash Fund,https://nebraskalegislature.gov/bills/view_bill.php?DocumentID=59636,2025,59636,https://nebraskalegislature.gov/FloorDocs/109/PDF/Intro/LB621.pdf
LB0622,2025_2026,Dover,Indefinitely postponed,"Provide for the Statewide Housing Assistance Program and change provisions relating to the Affordable Housing Trust Fund, recipients of assistance, and selection of recipients under the Nebraska Affordable Housing Act and the rate and disbursement of the documentary stamp tax",https://nebraskalegislature.gov/bills/view_bill.php?DocumentID=59803,2025,59803,https://nebraskalegislature.gov/FloorDocs/109/PDF/Intro/LB622.pdf
LB0623,2025_2026,Dover,Indefinitely postponed,State intent regarding appropriations,https://nebraskalegislature.gov/bills/view_bill.php?DocumentID=59809,2025,59809,https://nebraskalegislature.gov/FloorDocs/109/PDF/Intro/LB623.pdf
LB0624,2025_2026,Dover,Indefinitely postponed,Appropriate funds to the State Treasurer for education scholarships,https://nebraskalegislature.gov/bills/view_bill.php?DocumentID=59768,2025,59768,https://nebraskalegislature.gov/FloorDocs/109/PDF/Intro/LB624.pdf
LB0625,2025_2026,Dover,Indefinitely postponed,Provide for the establishment of a database of financial information from all school districts in the state,https://nebraskalegislature.gov/bills/view_bill.php?DocumentID=59800,2025,59800,https://nebraskalegislature.gov/FloorDocs/109/PDF/Intro/LB625.pdf
LB0626,2025_2026,Dover,Indefinitely postponed,Authorize redevelopment projects involving affordable housing under the Community Development Law,https://nebraskalegislature.gov/bills/view_bill.php?DocumentID=59802,2025,59802,https://nebraskalegislature.gov/FloorDocs/109/PDF/Intro/LB626.pdf
LB0627,2025_2026,Dover,Indefinitely postponed,Provide for a capital construction project for the University of Nebraska,https://nebraskalegislature.gov/bills/view_bill.php?DocumentID=59810,2025,59810,https://nebraskalegislature.gov/FloorDocs/109/PDF/Intro/LB627.pdf
LB0628,2025_2026,Dover,Indefinitely postponed,Adopt the Recreational Trail Easement Property Tax Exemption Act and change provisions relating to the filing of statements of recorded easements and property tax exemptions,https://nebraskalegislature.gov/bills/view_bill.php?DocumentID=59799,2025,59799,https://nebraskalegislature.gov/FloorDocs/109/PDF/Intro/LB628.pdf
LB0629,2025_2026,Hardin,Indefinitely postponed,Adopt the County Initiative and Referendum Act,https://nebraskalegislature.gov/bills/view_bill.php?DocumentID=59790,2025,59790,https://nebraskalegislature.gov/FloorDocs/109/PDF/Intro/LB629.pdf
LB0630,2025_2026,Hansen,Indefinitely postponed,Provide and change scope of practice requirements under the Occupational Therapy Practice Act,https://nebraskalegislature.gov/bills/view_bill.php?DocumentID=59718,2025,59718,https://nebraskalegislature.gov/FloorDocs/109/PDF/Intro/LB630.pdf
LB0631,2025_2026,Hansen,Indefinitely postponed,State intent relating to funding for the School Emergency Response Mapping Fund,https://nebraskalegislature.gov/bills/view_bill.php?DocumentID=59764,2025,59764,https://nebraskalegislature.gov/FloorDocs/109/PDF/Intro/LB631.pdf
LB0632,2025_2026,Hansen,Indefinitely postponed,Require a health care facility to dispose of the remains of aborted unborn children,https://nebraskalegislature.gov/bills/view_bill.php?DocumentID=59547,2025,59547,https://nebraskalegislature.gov/FloorDocs/109/PDF/Intro/LB632.pdf
LB0633,2025_2026,Hansen,Indefinitely postponed,Change provisions relating to applications rejected under the enrollment option program and create the Nebraska Option Enrollment Tuition Account Program,https://nebraskalegislature.gov/bills/view_bill.php?DocumentID=59568,2025,59568,https://nebraskalegislature.gov/FloorDocs/109/PDF/Intro/LB633.pdf
LB0634,2025_2026,Hansen,Indefinitely postponed,Adopt the Legislative Sunset Review Act and eliminate the Legislature's Planning Committee,https://nebraskalegislature.gov/bills/view_bill.php?DocumentID=58758,2025,58758,https://nebraskalegislature.gov/FloorDocs/109/PDF/Intro/LB634.pdf
LB0635,2025_2026,Hansen,Passed,"Authorize the regulation of professional bare-knuckle mixed martial arts, professional mixed martial arts on ice, professional muay thai, amateur muay thai, and amateur kickboxing by the State Athletic Commissioner",https://nebraskalegislature.gov/bills/view_bill.php?DocumentID=58949,2025,58949,https://nebraskalegislature.gov/FloorDocs/109/PDF/Intro/LB635.pdf
LB0636,2025_2026,Ibach,Indefinitely postponed,Change provisions relating to fees allowed for sheriffs and provide for reimbursement to counties for medical services for jail inmates,https://nebraskalegislature.gov/bills/view_bill.php?DocumentID=59384,2025,59384,https://nebraskalegislature.gov/FloorDocs/109/PDF/Intro/LB636.pdf
LB0637,2025_2026,Ballard,Indefinitely postponed,Adopt the Destination Nebraska Act and provide for certain taxing authority,https://nebraskalegislature.gov/bills/view_bill.php?DocumentID=59546,2025,59546,https://nebraskalegislature.gov/FloorDocs/109/PDF/Intro/LB637.pdf
LB0638,2025_2026,Ibach,Indefinitely postponed,Change provisions of the Nitrogen Reduction Incentive Act,https://nebraskalegislature.gov/bills/view_bill.php?DocumentID=59366,2025,59366,https://nebraskalegislature.gov/FloorDocs/109/PDF/Intro/LB638.pdf
LB0639,2025_2026,Clouse,Indefinitely postponed,Require dental plan carriers to meet a minimum dental loss ratio and provide a report,https://nebraskalegislature.gov/bills/view_bill.php?DocumentID=59251,2025,59251,https://nebraskalegislature.gov/FloorDocs/109/PDF/Intro/LB639.pdf
LB0640,2025_2026,Judiciary Committee,Passed,Change calculation of a sentence reduction for good behavior during confinement in a jail,https://nebraskalegislature.gov/bills/view_bill.php?DocumentID=59633,2025,59633,https://nebraskalegislature.gov/FloorDocs/109/PDF/Intro/LB640.pdf
LB0641,2025_2026,Bostar,Passed,Change provisions relating to medicaid estate recovery,https://nebraskalegislature.gov/bills/view_bill.php?DocumentID=58735,2025,58735,https://nebraskalegislature.gov/FloorDocs/109/PDF/Intro/LB641.pdf
LB0642,2025_2026,Bostar,Indefinitely postponed,Adopt the Artificial Intelligence Consumer Protection Act,https://nebraskalegislature.gov/bills/view_bill.php?DocumentID=58992,2025,58992,https://nebraskalegislature.gov/FloorDocs/109/PDF/Intro/LB642.pdf
LB0643,2025_2026,Prokop,Indefinitely postponed,Prohibit income tax deductions relating to interest or taxes paid on or maintenance of certain properties and provide exemptions to prohibited deductions,https://nebraskalegislature.gov/bills/view_bill.php?DocumentID=59613,2025,59613,https://nebraskalegislature.gov/FloorDocs/109/PDF/Intro/LB643.pdf
LB0644,2025_2026,Bostar,Passed,"Adopt the Foreign Adversary and Terrorist Agent Registration Act and the Crush Transnational Repression in Nebraska Act, provide requirements under the Nebraska Political Accountability and Disclosure Act for conduct relating to certain foreign entities, change provisions of the Foreign Adversary Contracting Prohibition Act, and regulate storage and remote access of genetic sequencing data",https://nebraskalegislature.gov/bills/view_bill.php?DocumentID=58765,2025,58765,https://nebraskalegislature.gov/FloorDocs/109/PDF/Intro/LB644.pdf
LB0644A,2025_2026,Bostar,Passed,Appropriation Bill,https://nebraskalegislature.gov/bills/view_bill.php?DocumentID=62120,2025,62120,https://nebraskalegislature.gov/FloorDocs/109/PDF/Intro/LB644A.pdf
LB0645,2025_2026,Ballard,Passed,Change provisions relating to school retirement systems and the Nebraska State Patrol Retirement System,https://nebraskalegislature.gov/bills/view_bill.php?DocumentID=59645,2025,59645,https://nebraskalegislature.gov/FloorDocs/109/PDF/Intro/LB645.pdf
LB0645A,2025_2026,Ballard,Passed,Appropriation Bill,https://nebraskalegislature.gov/bills/view_bill.php?DocumentID=61491,2025,61491,https://nebraskalegislature.gov/FloorDocs/109/PDF/Intro/LB645A.pdf
LB0646,2025_2026,Ibach,Indefinitely postponed,Provide an exemption from brand inspections and change fees under the Livestock Brand Act,https://nebraskalegislature.gov/bills/view_bill.php?DocumentID=59031,2025,59031,https://nebraskalegislature.gov/FloorDocs/109/PDF/Intro/LB646.pdf
LB0647,2025_2026,Revenue Committee,Passed,"Adopt the Recreational Trail Easement Property Tax Exemption Act and the Adoption Tax Credit Act and change provisions relating to budget limitations, property tax request authority, municipal occupation taxes, real property assessments, the Property Tax Request Act, income tax credits, taxation of business entities, the School District Property Tax Relief Act, and the Nebraska educational savings plan trust",https://nebraskalegislature.gov/bills/view_bill.php?DocumentID=59695,2025,59695,https://nebraskalegislature.gov/FloorDocs/109/PDF/Intro/LB647.pdf
LB0647A,2025_2026,von Gillern,Passed,Appropriation Bill,https://nebraskalegislature.gov/bills/view_bill.php?DocumentID=61761,2025,61761,https://nebraskalegislature.gov/FloorDocs/109/PDF/Intro/LB647A.pdf
LB0648,2025_2026,Revenue Committee,Indefinitely postponed,Change the sales and use tax rate,https://nebraskalegislature.gov/bills/view_bill.php?DocumentID=59696,2025,59696,https://nebraskalegislature.gov/FloorDocs/109/PDF/Intro/LB648.pdf
LB0649,2025_2026,Revenue Committee,Passed,Adopt the Defense Efforts Workforce Act,https://nebraskalegislature.gov/bills/view_bill.php?DocumentID=59698,2025,59698,https://nebraskalegislature.gov/FloorDocs/109/PDF/Intro/LB649.pdf
LB0650,2025_2026,von Gillern,Passed,"Adopt the Community Development Assistance Act and change provisions relating to land banks, property tax exemptions, real property sold for delinquent taxes, sales tax provisions, and certain tax credits",https://nebraskalegislature.gov/bills/view_bill.php?DocumentID=59281,2025,59281,https://nebraskalegislature.gov/FloorDocs/109/PDF/Intro/LB650.pdf
LB0651,2025_2026,Conrad,Indefinitely postponed,Change provisions of the Nebraska Medical Cannabis Patient Protection Act and the Nebraska Medical Cannabis Regulation Act and provide for regulation of medical cannabis,https://nebraskalegislature.gov/bills/view_bill.php?DocumentID=59170,2025,59170,https://nebraskalegislature.gov/FloorDocs/109/PDF/Intro/LB651.pdf
LB0652,2025_2026,Hansen,Indefinitely postponed,Terminate the Board of Educational Lands and Funds,https://nebraskalegislature.gov/bills/view_bill.php?DocumentID=59767,2025,59767,https://nebraskalegislature.gov/FloorDocs/109/PDF/Intro/LB652.pdf
LB0653,2025_2026,Murman,Passed,Change provisions relating to acceptance of students under the enrollment option program and discipline of students under the Student Discipline Act,https://nebraskalegislature.gov/bills/view_bill.php?DocumentID=59267,2025,59267,https://nebraskalegislature.gov/FloorDocs/109/PDF/Intro/LB653.pdf
LB0654,2025_2026,Murman,Indefinitely postponed,Appropriate funds to the Department of Agriculture,https://nebraskalegislature.gov/bills/view_bill.php?DocumentID=59692,2025,59692,https://nebraskalegislature.gov/FloorDocs/109/PDF/Intro/LB654.pdf
LB0655,2025_2026,Murman,Indefinitely postponed,Provide for medical conscience-based objections,https://nebraskalegislature.gov/bills/view_bill.php?DocumentID=59266,2025,59266,https://nebraskalegislature.gov/FloorDocs/109/PDF/Intro/LB655.pdf
LB0656,2025_2026,Andersen,Indefinitely postponed,Change work requirements under the Supplemental Nutrition Assistance Program,https://nebraskalegislature.gov/bills/view_bill.php?DocumentID=59769,2025,59769,https://nebraskalegislature.gov/FloorDocs/109/PDF/Intro/LB656.pdf
LB0657,2025_2026,Andersen,Indefinitely postponed,Create the offense of assault on a sports official and provide a penalty under the Nebraska Criminal Code,https://nebraskalegislature.gov/bills/view_bill.php?DocumentID=59757,2025,59757,https://nebraskalegislature.gov/FloorDocs/109/PDF/Intro/LB657.pdf
LB0658,2025_2026,Andersen,Indefinitely postponed,Provide labeling and advertising requirements for manufactured-protein food products,https://nebraskalegislature.gov/bills/view_bill.php?DocumentID=59045,2025,59045,https://nebraskalegislature.gov/FloorDocs/109/PDF/Intro/LB658.pdf
LB0659,2025_2026,Andersen,Indefinitely postponed,Change provisions relating to vote counting devices under the Election Act,https://nebraskalegislature.gov/bills/view_bill.php?DocumentID=59724,2025,59724,https://nebraskalegislature.gov/FloorDocs/109/PDF/Intro/LB659.pdf
LB0660,2025_2026,Andersen,Passed,"Adopt the State Building Construction Alternatives Act and the Secure Drone Purchasing Act, require agencies to submit a federal funding inventory, and change provisions relating to agency rules and regulations, state buildings, and works of art for state buildings",https://nebraskalegislature.gov/bills/view_bill.php?DocumentID=59610,2025,59610,https://nebraskalegislature.gov/FloorDocs/109/PDF/Intro/LB660.pdf
LB0661,2025_2026,Andersen,Indefinitely postponed,"Change provisions relating to the duties of the Nebraska Investment Council, the state investment officer, and the State Treasurer",https://nebraskalegislature.gov/bills/view_bill.php?DocumentID=59611,2025,59611,https://nebraskalegislature.gov/FloorDocs/109/PDF/Intro/LB661.pdf
LB0662,2025_2026,Andersen,Indefinitely postponed,Provide for a federal funding inventory from each state agency and restrict maintenance-of-effort requirements,https://nebraskalegislature.gov/bills/view_bill.php?DocumentID=59237,2025,59237,https://nebraskalegislature.gov/FloorDocs/109/PDF/Intro/LB662.pdf
LB0663,2025_2026,Storer,Passed,"Require education for county attorneys, members of county planning commissions, and county board members and change provisions relating to conditional use or special exception zoning determinations and appeals",https://nebraskalegislature.gov/bills/view_bill.php?DocumentID=59791,2025,59791,https://nebraskalegislature.gov/FloorDocs/109/PDF/Intro/LB663.pdf
LB0664,2025_2026,Storer,Indefinitely postponed,Change the Administrative Procedure Act to require agencies to allow for public comment and submissions on proposed rules and regulations and change permissible venue for civil actions challenging rules and regulations,https://nebraskalegislature.gov/bills/view_bill.php?DocumentID=59579,2025,59579,https://nebraskalegislature.gov/FloorDocs/109/PDF/Intro/LB664.pdf
LB0665,2025_2026,Storer,Indefinitely postponed,Prohibit the use of certain electronic identification devices under the Animal Health and Disease Control Act,https://nebraskalegislature.gov/bills/view_bill.php?DocumentID=59656,2025,59656,https://nebraskalegislature.gov/FloorDocs/109/PDF/Intro/LB665.pdf
LB0666,2025_2026,Storer,Indefinitely postponed,Change provisions relating to duties of the Public Service Commission under the Rural Communications Sustainability Act,https://nebraskalegislature.gov/bills/view_bill.php?DocumentID=59398,2025,59398,https://nebraskalegislature.gov/FloorDocs/109/PDF/Intro/LB666.pdf
LB0667,2025_2026,Storer,Passed,Change provisions of the Motor Vehicle Industry Regulation Act,https://nebraskalegislature.gov/bills/view_bill.php?DocumentID=59413,2025,59413,https://nebraskalegislature.gov/FloorDocs/109/PDF/Intro/LB667.pdf
LB0668,2025_2026,Storer,Passed,Change provisions relating to the Adult Protective Services Central Registry and the Child Protection and Family Safety Act,https://nebraskalegislature.gov/bills/view_bill.php?DocumentID=59304,2025,59304,https://nebraskalegislature.gov/FloorDocs/109/PDF/Intro/LB668.pdf
LB0669,2025_2026,Storer,Indefinitely postponed,Change requirements for voluntary and informed consent and civil actions relating to abortion,https://nebraskalegislature.gov/bills/view_bill.php?DocumentID=59560,2025,59560,https://nebraskalegislature.gov/FloorDocs/109/PDF/Intro/LB669.pdf
LB0670,2025_2026,Murman,Indefinitely postponed,Require schools to adopt a safety plan and provide and change requirements related to training for staff of child care and schools,https://nebraskalegislature.gov/bills/view_bill.php?DocumentID=59639,2025,59639,https://nebraskalegislature.gov/FloorDocs/109/PDF/Intro/LB670.pdf
LB0671,2025_2026,Murman,Indefinitely postponed,"Change and eliminate provisions relating to reports regarding the enrollment option program, programs for expelled students, educator evaluations, information related to dyslexia, the Nebraska Teacher Apprenticeship Program, high-need retention grants, property tax request documentation, and the College Pathway Program and eliminate obsolete provisions and provisions relating to the Junior Mathematics Prognosis Examination",https://nebraskalegislature.gov/bills/view_bill.php?DocumentID=59570,2025,59570,https://nebraskalegislature.gov/FloorDocs/109/PDF/Intro/LB671.pdf
LB0672,2025_2026,Raybould,Indefinitely postponed,Provide a contribution limit for candidate committees under the Nebraska Political Accountability and Disclosure Act,https://nebraskalegislature.gov/bills/view_bill.php?DocumentID=59789,2025,59789,https://nebraskalegislature.gov/FloorDocs/109/PDF/Intro/LB672.pdf
LB0673,2025_2026,Raybould,Indefinitely postponed,Change provisions relating to the Perkins County Canal Project and provide for a transfer from the Perkins County Canal Project Fund,https://nebraskalegislature.gov/bills/view_bill.php?DocumentID=59475,2025,59475,https://nebraskalegislature.gov/FloorDocs/109/PDF/Intro/LB673.pdf
LB0674,2025_2026,Raybould,Indefinitely postponed,Change provisions relating to the Perkins County Canal Project and provide for transfers from the Perkins County Canal Project Fund,https://nebraskalegislature.gov/bills/view_bill.php?DocumentID=59703,2025,59703,https://nebraskalegislature.gov/FloorDocs/109/PDF/Intro/LB674.pdf
LB0675,2025_2026,Raybould,Withdrawn,"Provide requirements for the purchase, lease, sale, or exchange of school lands located within the boundaries of an Indian reservation",https://nebraskalegislature.gov/bills/view_bill.php?DocumentID=59788,2025,59788,https://nebraskalegislature.gov/FloorDocs/109/PDF/Intro/LB675.pdf
LB0676,2025_2026,Hansen,Indefinitely postponed,Change and eliminate provisions relating to certified nurse midwives and provide for applicability of the Nebraska Hospital-Medical Liability Act,https://nebraskalegislature.gov/bills/view_bill.php?DocumentID=59164,2025,59164,https://nebraskalegislature.gov/FloorDocs/109/PDF/Intro/LB676.pdf
LB0677,2025_2026,Hansen,Indefinitely postponed,Change provisions of the Nebraska Medical Cannabis Regulation Act and provide for regulation of medical cannabis,https://nebraskalegislature.gov/bills/view_bill.php?DocumentID=58979,2025,58979,https://nebraskalegislature.gov/FloorDocs/109/PDF/Intro/LB677.pdf
LB0677A,2025_2026,Hansen,Indefinitely postponed,Appropriation Bill,https://nebraskalegislature.gov/bills/view_bill.php?DocumentID=62161,2025,62161,https://nebraskalegislature.gov/FloorDocs/109/PDF/Intro/LB677A.pdf
LB0678,2025_2026,Hardin,Indefinitely postponed,State intent regarding appropriations to the Board of Trustees of the Nebraska State Colleges,https://nebraskalegislature.gov/bills/view_bill.php?DocumentID=59823,2025,59823,https://nebraskalegislature.gov/FloorDocs/109/PDF/Intro/LB678.pdf
LB0679,2025_2026,Ballard,Indefinitely postponed,Change provisions relating to the sale of real property for delinquent taxes,https://nebraskalegislature.gov/bills/view_bill.php?DocumentID=59422,2025,59422,https://nebraskalegislature.gov/FloorDocs/109/PDF/Intro/LB679.pdf
LB0680,2025_2026,Education Committee,Indefinitely postponed,Change provisions relating to educational service units,https://nebraskalegislature.gov/bills/view_bill.php?DocumentID=59454,2025,59454,https://nebraskalegislature.gov/FloorDocs/109/PDF/Intro/LB680.pdf
LB0681,2025_2026,Education Committee,Indefinitely postponed,Change provisions relating to the definition of graduate degree program,https://nebraskalegislature.gov/bills/view_bill.php?DocumentID=59598,2025,59598,https://nebraskalegislature.gov/FloorDocs/109/PDF/Intro/LB681.pdf
LB0682,2025_2026,Education Committee,Indefinitely postponed,Update terminology relating to individualized education programs for high school students,https://nebraskalegislature.gov/bills/view_bill.php?DocumentID=59597,2025,59597,https://nebraskalegislature.gov/FloorDocs/109/PDF/Intro/LB682.pdf
LB0683,2025_2026,Raybould,Indefinitely postponed,Change provisions relating to duties of county assessors regarding notification of real property assessments and eliminate and change provisions of the Property Tax Request Act,https://nebraskalegislature.gov/bills/view_bill.php?DocumentID=59720,2025,59720,https://nebraskalegislature.gov/FloorDocs/109/PDF/Intro/LB683.pdf
LB0684,2025_2026,Bostar,Indefinitely postponed,Transfer juvenile probation functions to a new Juvenile Probation Agency in the executive branch,https://nebraskalegislature.gov/bills/view_bill.php?DocumentID=59627,2025,59627,https://nebraskalegislature.gov/FloorDocs/109/PDF/Intro/LB684.pdf
LB0685,2025_2026,Lonowski,Indefinitely postponed,"Require schools to install a secure master key box as prescribed, provide powers and duties to the state school security director, change provisions relating to a grant program for security-related infrastructure projects and the School Safety and Security Fund, and provide for a transfer from the Cash Reserve Fund",https://nebraskalegislature.gov/bills/view_bill.php?DocumentID=59351,2025,59351,https://nebraskalegislature.gov/FloorDocs/109/PDF/Intro/LB685.pdf
LB0686,2025_2026,Lonowski,Indefinitely postponed,Prohibit government entities and officials from keeping certain lists relating to the ownership of firearms and prohibit using merchant category codes to distinguish firearm retailers,https://nebraskalegislature.gov/bills/view_bill.php?DocumentID=59797,2025,59797,https://nebraskalegislature.gov/FloorDocs/109/PDF/Intro/LB686.pdf
LB0687,2025_2026,Lonowski,Indefinitely postponed,Adopt the Firearm Industry Nondiscrimination Act,https://nebraskalegislature.gov/bills/view_bill.php?DocumentID=59796,2025,59796,https://nebraskalegislature.gov/FloorDocs/109/PDF/Intro/LB687.pdf
LB0688,2025_2026,Lonowski,Indefinitely postponed,Prohibit advertising of electronic nicotine delivery systems,https://nebraskalegislature.gov/bills/view_bill.php?DocumentID=59822,2025,59822,https://nebraskalegislature.gov/FloorDocs/109/PDF/Intro/LB688.pdf
LB0689,2025_2026,Lonowski,Indefinitely postponed,Redefine terms under the School Employees Retirement Act and the Class V School Employees Retirement Act,https://nebraskalegislature.gov/bills/view_bill.php?DocumentID=59676,2025,59676,https://nebraskalegislature.gov/FloorDocs/109/PDF/Intro/LB689.pdf
LB0690,2025_2026,Lonowski,Indefinitely postponed,Change provisions relating to the regulation and operation of all-terrain vehicles and utility-type vehicles,https://nebraskalegislature.gov/bills/view_bill.php?DocumentID=59027,2025,59027,https://nebraskalegislature.gov/FloorDocs/109/PDF/Intro/LB690.pdf
LB0691,2025_2026,Murman,Indefinitely postponed,"Require school districts and private, denominational, and parochial schools to display the Ten Commandments in school buildings",https://nebraskalegislature.gov/bills/view_bill.php?DocumentID=59706,2025,59706,https://nebraskalegislature.gov/FloorDocs/109/PDF/Intro/LB691.pdf
LB0692,2025_2026,Murman,Indefinitely postponed,Change provisions relating to property tax request authority under the School District Property Tax Limitation Act,https://nebraskalegislature.gov/bills/view_bill.php?DocumentID=59786,2025,59786,https://nebraskalegislature.gov/FloorDocs/109/PDF/Intro/LB692.pdf
LB0693,2025_2026,McKeon,Indefinitely postponed,Prohibit as a deceptive trade practice certain conduct relating to assistance or referrals in veterans benefits matters,https://nebraskalegislature.gov/bills/view_bill.php?DocumentID=59589,2025,59589,https://nebraskalegislature.gov/FloorDocs/109/PDF/Intro/LB693.pdf
LB0694,2025_2026,Guereca,Indefinitely postponed,Prohibit discrimination based on military or veteran status,https://nebraskalegislature.gov/bills/view_bill.php?DocumentID=58870,2025,58870,https://nebraskalegislature.gov/FloorDocs/109/PDF/Intro/LB694.pdf
LB0695,2025_2026,Dover,Indefinitely postponed,Require the Lower Elkhorn Natural Resources District to construct a dam and provide for flood control measures,https://nebraskalegislature.gov/bills/view_bill.php?DocumentID=58916,2025,58916,https://nebraskalegislature.gov/FloorDocs/109/PDF/Intro/LB695.pdf
LB0696,2025_2026,Raybould,Passed,"Change, provide, and eliminate provisions of the Professional Landscape Architects Act",https://nebraskalegislature.gov/bills/view_bill.php?DocumentID=58746,2025,58746,https://nebraskalegislature.gov/FloorDocs/109/PDF/Intro/LB696.pdf
LB0697,2025_2026,Strommen,Indefinitely postponed,Change requirements relating to compounding and delegated dispensing permits under the Pharmacy Practice Act,https://nebraskalegislature.gov/bills/view_bill.php?DocumentID=59380,2025,59380,https://nebraskalegislature.gov/FloorDocs/109/PDF/Intro/LB697.pdf
LB0698,2025_2026,Strommen,Indefinitely postponed,Change provisions of the Nebraska Healthy Families and Workplaces Act,https://nebraskalegislature.gov/bills/view_bill.php?DocumentID=59344,2025,59344,https://nebraskalegislature.gov/FloorDocs/109/PDF/Intro/LB698.pdf
LB0699,2025_2026,Strommen,Indefinitely postponed,Change provisions relating to certain sales and use tax incentives under the ImagiNE Nebraska Act,https://nebraskalegislature.gov/bills/view_bill.php?DocumentID=59801,2025,59801,https://nebraskalegislature.gov/FloorDocs/109/PDF/Intro/LB699.pdf
LB0700,2025_2026,McKinney,Indefinitely postponed,"Provide for confidentiality of prosecutions and adjudications of minors, extend jurisdiction under the Nebraska Juvenile Code, provide requirements for custodial interrogations of juveniles and young adults, prohibit use of certain statements, prohibit sending juveniles out of state, and provide for use and reimbursement of reporting centers",https://nebraskalegislature.gov/bills/view_bill.php?DocumentID=59441,2025,59441,https://nebraskalegislature.gov/FloorDocs/109/PDF/Intro/LB700.pdf
LB0701,2025_2026,Spivey,Indefinitely postponed,Provide for reimbursement of doula services by the Department of Health and Human Services,https://nebraskalegislature.gov/bills/view_bill.php?DocumentID=59673,2025,59673,https://nebraskalegislature.gov/FloorDocs/109/PDF/Intro/LB701.pdf
LB0702,2025_2026,McKinney,Indefinitely postponed,Adopt the Neighborhood Empowerment Act,https://nebraskalegislature.gov/bills/view_bill.php?DocumentID=59017,2025,59017,https://nebraskalegislature.gov/FloorDocs/109/PDF/Intro/LB702.pdf
LB0703,2025_2026,McKinney,Indefinitely postponed,Provide for an exchange program for the Commission on African American Affairs,https://nebraskalegislature.gov/bills/view_bill.php?DocumentID=59785,2025,59785,https://nebraskalegislature.gov/FloorDocs/109/PDF/Intro/LB703.pdf
LB0704,2025_2026,McKinney,Passed,Change provisions relating to the review and modification of an incarcerated parent’s child support order,https://nebraskalegislature.gov/bills/view_bill.php?DocumentID=59439,2025,59439,https://nebraskalegislature.gov/FloorDocs/109/PDF/Intro/LB704.pdf
LB0705,2025_2026,McKinney,Indefinitely postponed,"Change provisions of the Nebraska Medical Cannabis Patient Protection Act and the Nebraska Medical Cannabis Regulation Act, provide for regulation of medical cannabis, and adopt the Nebraska Medical Cannabis Justice Act and the Cannabis Conviction Clean Slate Act",https://nebraskalegislature.gov/bills/view_bill.php?DocumentID=59708,2025,59708,https://nebraskalegislature.gov/FloorDocs/109/PDF/Intro/LB705.pdf
LB0706,2025_2026,Spivey,Indefinitely postponed,Require adult protective services social workers to accompany law enforcement officers,https://nebraskalegislature.gov/bills/view_bill.php?DocumentID=58849,2025,58849,https://nebraskalegislature.gov/FloorDocs/109/PDF/Intro/LB706.pdf
LB0707,2025_2026,von Gillern,Passed,"Change provisions relating to the sales tax rate, the Good Life Transformational Projects Act, and the Good Life District Economic Development Act",https://nebraskalegislature.gov/bills/view_bill.php?DocumentID=59825,2025,59825,https://nebraskalegislature.gov/FloorDocs/109/PDF/Intro/LB707.pdf
LB0707A,2025_2026,von Gillern,Passed,Appropriation Bill,https://nebraskalegislature.gov/bills/view_bill.php?DocumentID=62109,2025,62109,https://nebraskalegislature.gov/FloorDocs/109/PDF/Intro/LB707A.pdf
LB0708,2025_2026,Ibach,Withdrawn,Change boundaries of certain community college areas,https://nebraskalegislature.gov/bills/view_bill.php?DocumentID=58817,2025,58817,https://nebraskalegislature.gov/FloorDocs/109/PDF/Intro/LB708.pdf
LB0709,2025_2026,Bostar,Indefinitely postponed,Adopt the Adoption Tax Credit Act,https://nebraskalegislature.gov/bills/view_bill.php?DocumentID=59136,2025,59136,https://nebraskalegislature.gov/FloorDocs/109/PDF/Intro/LB709.pdf
LB0710,2025_2026,Bostar,Indefinitely postponed,Increase the earned income tax credit,https://nebraskalegislature.gov/bills/view_bill.php?DocumentID=59425,2025,59425,https://nebraskalegislature.gov/FloorDocs/109/PDF/Intro/LB710.pdf
LB0711,2025_2026,Hunt,Indefinitely postponed,Change provisions relating to the new school adjustment under the Tax Equity and Educational Opportunities Support Act,https://nebraskalegislature.gov/bills/view_bill.php?DocumentID=59577,2025,59577,https://nebraskalegislature.gov/FloorDocs/109/PDF/Intro/LB711.pdf
LB0712,2025_2026,Hughes,Indefinitely postponed,Change the tax on sales of electronic nicotine delivery systems,https://nebraskalegislature.gov/bills/view_bill.php?DocumentID=58761,2025,58761,https://nebraskalegislature.gov/FloorDocs/109/PDF/Intro/LB712.pdf
LB0712A,2025_2026,Hughes,Indefinitely postponed,Appropriation Bill,https://nebraskalegislature.gov/bills/view_bill.php?DocumentID=61089,2025,61089,https://nebraskalegislature.gov/FloorDocs/109/PDF/Intro/LB712A.pdf
LB0713,2025_2026,Ballard,Indefinitely postponed,Change provisions of the School Employees Retirement Act,https://nebraskalegislature.gov/bills/view_bill.php?DocumentID=59624,2025,59624,https://nebraskalegislature.gov/FloorDocs/109/PDF/Intro/LB713.pdf
LB0714,2025_2026,Clements,Indefinitely postponed,Change provisions relating to motor vehicle taxes and fees,https://nebraskalegislature.gov/bills/view_bill.php?DocumentID=59363,2025,59363,https://nebraskalegislature.gov/FloorDocs/109/PDF/Intro/LB714.pdf
LB0715,2025_2026,Bostar,Indefinitely postponed,Require insurance coverage for pre-exposure prophylaxis medication,https://nebraskalegislature.gov/bills/view_bill.php?DocumentID=58751,2025,58751,https://nebraskalegislature.gov/FloorDocs/109/PDF/Intro/LB715.pdf
LR0001,2025_2026,Arch,Adopted,"Recognize, honor, and thank Former President Carter for his service to the United States of America and the people of the world",https://nebraskalegislature.gov/bills/view_bill.php?DocumentID=59482,2025,59482,https://nebraskalegislature.gov/FloorDocs/109/PDF/Intro/LR1.pdf
LR0002,2025_2026,DeKay,Adopted,Congratulate Cade Wakeley on achieving the rank of Eagle Scout,https://nebraskalegislature.gov/bills/view_bill.php?DocumentID=58854,2025,58854,https://nebraskalegislature.gov/FloorDocs/109/PDF/Intro/LR2.pdf
LR0003,2025_2026,DeKay,Adopted,Congratulate the Stuart High School football team on winning the 2024 Class D-6 state championship,https://nebraskalegislature.gov/bills/view_bill.php?DocumentID=59158,2025,59158,https://nebraskalegislature.gov/FloorDocs/109/PDF/Intro/LR3.pdf
LR0004,2025_2026,DeKay,Adopted,Congratulate Caleb Erwin on achieving the rank of Eagle Scout,https://nebraskalegislature.gov/bills/view_bill.php?DocumentID=59112,2025,59112,https://nebraskalegislature.gov/FloorDocs/109/PDF/Intro/LR4.pdf
LR0005CA,2025_2026,"Cavanaugh, M.",Indefinitely postponed,Constitutional amendment to eliminate provisions relating to marriage and marriage licenses,https://nebraskalegislature.gov/bills/view_bill.php?DocumentID=59576,2025,59576,https://nebraskalegislature.gov/FloorDocs/109/PDF/Intro/LR5CA.pdf
LR0006CA,2025_2026,"Cavanaugh, M.",Indefinitely postponed,Constitutional amendment to recognize marriage of couples regardless of gender and race and strike language regarding gender,https://nebraskalegislature.gov/bills/view_bill.php?DocumentID=59414,2025,59414,https://nebraskalegislature.gov/FloorDocs/109/PDF/Intro/LR6CA.pdf
LR0007CA,2025_2026,Dorn,Indefinitely postponed,Constitutional amendment to change legislative salaries to thirty thousand dollars annually,https://nebraskalegislature.gov/bills/view_bill.php?DocumentID=58899,2025,58899,https://nebraskalegislature.gov/FloorDocs/109/PDF/Intro/LR7CA.pdf
LR0008,2025_2026,DeKay,Adopted,Congratulate Aric Hall on achieving the rank of Eagle Scout,https://nebraskalegislature.gov/bills/view_bill.php?DocumentID=59470,2025,59470,https://nebraskalegislature.gov/FloorDocs/109/PDF/Intro/LR8.pdf
LR0009,2025_2026,DeKay,Adopted,Congratulate the Wausa High School one-act team on winning the 2024 Class D-1 state play production championship,https://nebraskalegislature.gov/bills/view_bill.php?DocumentID=59471,2025,59471,https://nebraskalegislature.gov/FloorDocs/109/PDF/Intro/LR9.pdf
LR0010CA,2025_2026,Hardin,Withdrawn,Constitutional amendment to require the state to impose a consumption tax or an excise tax on all new goods and services and to provide a tax exemption for grocery items,https://nebraskalegislature.gov/bills/view_bill.php?DocumentID=58805,2025,58805,https://nebraskalegislature.gov/FloorDocs/109/PDF/Intro/LR10CA.pdf
LR0011CA,2025_2026,Hardin,Withdrawn,Constitutional amendment to prohibit governmental entities from imposing any taxes other than retail consumption taxes and excise taxes,https://nebraskalegislature.gov/bills/view_bill.php?DocumentID=58806,2025,58806,https://nebraskalegislature.gov/FloorDocs/109/PDF/Intro/LR11CA.pdf
LR0012CA,2025_2026,Kauth,Indefinitely postponed,"Constitutional amendment to impose a limit on ad valorem taxes for real property, provide a new method of valuing real property for tax purposes, provide certain exceptions, and eliminate conflicting constitutional provisions",https://nebraskalegislature.gov/bills/view_bill.php?DocumentID=59049,2025,59049,https://nebraskalegislature.gov/FloorDocs/109/PDF/Intro/LR12CA.pdf
LR0013CA,2025_2026,Hallstrom,Indefinitely postponed,Constitutional amendment to prohibit the levying of an inheritance tax,https://nebraskalegislature.gov/bills/view_bill.php?DocumentID=59122,2025,59122,https://nebraskalegislature.gov/FloorDocs/109/PDF/Intro/LR13CA.pdf
LR0014,2025_2026,Lippincott,Indefinitely postponed,Resolution to rescind a prior resolution and apply to Congress for a convention of the states to propose amendments to the United States Constitution,https://nebraskalegislature.gov/bills/view_bill.php?DocumentID=58920,2025,58920,https://nebraskalegislature.gov/FloorDocs/109/PDF/Intro/LR14.pdf
LR0015CA,2025_2026,McKinney,Indefinitely postponed,Constitutional amendment to prohibit the death penalty,https://nebraskalegislature.gov/bills/view_bill.php?DocumentID=59505,2025,59505,https://nebraskalegislature.gov/FloorDocs/109/PDF/Intro/LR15CA.pdf
LR0016CA,2025_2026,Urban Affairs Committee,Indefinitely postponed,Constitutional amendment to require the Legislature to reimburse political subdivisions,https://nebraskalegislature.gov/bills/view_bill.php?DocumentID=59000,2025,59000,https://nebraskalegislature.gov/FloorDocs/109/PDF/Intro/LR16CA.pdf
LR0017,2025_2026,Quick,Adopted,Approve the indication of intent by the Game and Parks Commission to incorporate Camp Augustine into the state park system,https://nebraskalegislature.gov/bills/view_bill.php?DocumentID=58892,2025,58892,https://nebraskalegislature.gov/FloorDocs/109/PDF/Intro/LR17.pdf
LR0018CA,2025_2026,"Government, Military and Veterans Affairs Committee",Indefinitely postponed,Constitutional amendment to require the Legislature to reimburse political subdivisions,https://nebraskalegislature.gov/bills/view_bill.php?DocumentID=59105,2025,59105,https://nebraskalegislature.gov/FloorDocs/109/PDF/Intro/LR18CA.pdf
LR0019CA,2025_2026,Dover,Presented to Secretary of State,Constitutional amendment to change legislative term limits to three consecutive terms,https://nebraskalegislature.gov/bills/view_bill.php?DocumentID=59458,2025,59458,https://nebraskalegislature.gov/FloorDocs/109/PDF/Intro/LR19CA.pdf
LR0020CA,2025_2026,Bostar,Indefinitely postponed,Constitutional amendment to permit an authorized gaming operator conducting sports wagering within a licensed racetrack enclosure to allow a sports wager to be placed by an individual located within the State of Nebraska at the time the individual places the sports wager by means of a mobile or electronic platform,https://nebraskalegislature.gov/bills/view_bill.php?DocumentID=58877,2025,58877,https://nebraskalegislature.gov/FloorDocs/109/PDF/Intro/LR20CA.pdf
LR0021,2025_2026,Lippincott,Indefinitely postponed,Application to Congress for a convention of the states to propose an amendment to the United States Constitution to set a limit on the number of terms members of the House and Senate may serve,https://nebraskalegislature.gov/bills/view_bill.php?DocumentID=58919,2025,58919,https://nebraskalegislature.gov/FloorDocs/109/PDF/Intro/LR21.pdf
LR0022CA,2025_2026,Dungan,Indefinitely postponed,Constitutional amendment to provide the right to a clean and healthy natural environment and that the state and political subdivisions serve as trustee of the natural resources of Nebraska,https://nebraskalegislature.gov/bills/view_bill.php?DocumentID=59675,2025,59675,https://nebraskalegislature.gov/FloorDocs/109/PDF/Intro/LR22CA.pdf
LR0023CA,2025_2026,Sanders,Indefinitely postponed,Constitutional amendment to change the deadline to file initiative petitions,https://nebraskalegislature.gov/bills/view_bill.php?DocumentID=59453,2025,59453,https://nebraskalegislature.gov/FloorDocs/109/PDF/Intro/LR23CA.pdf
LR0024CA,2025_2026,Dorn,Indefinitely postponed,Constitutional amendment to provide for selection of presidential electors,https://nebraskalegislature.gov/bills/view_bill.php?DocumentID=58929,2025,58929,https://nebraskalegislature.gov/FloorDocs/109/PDF/Intro/LR24CA.pdf
LR0025CA,2025_2026,Hansen,Indefinitely postponed,Constitutional amendment to change the compensation of members of the Legislature and provide for health insurance,https://nebraskalegislature.gov/bills/view_bill.php?DocumentID=59042,2025,59042,https://nebraskalegislature.gov/FloorDocs/109/PDF/Intro/LR25CA.pdf
LR0026,2025_2026,Conrad,Adopted,Recognize the month of February 2025 as Turner Syndrome Awareness Month in Nebraska,https://nebraskalegislature.gov/bills/view_bill.php?DocumentID=59543,2025,59543,https://nebraskalegislature.gov/FloorDocs/109/PDF/Intro/LR26.pdf
LR0027CA,2025_2026,Hunt,Indefinitely postponed,Constitutional amendment to change legislative term limits to three consecutive terms,https://nebraskalegislature.gov/bills/view_bill.php?DocumentID=59091,2025,59091,https://nebraskalegislature.gov/FloorDocs/109/PDF/Intro/LR27CA.pdf
LR0028CA,2025_2026,Hansen,Indefinitely postponed,Constitutional amendment to eliminate provisions creating the Board of Educational Lands and Funds,https://nebraskalegislature.gov/bills/view_bill.php?DocumentID=59750,2025,59750,https://nebraskalegislature.gov/FloorDocs/109/PDF/Intro/LR28CA.pdf
LR0029,2025_2026,Holdcroft,Indefinitely postponed,Provide that the new prison facility be named as the Arbor Correctional Center,https://nebraskalegislature.gov/bills/view_bill.php?DocumentID=59585,2025,59585,https://nebraskalegislature.gov/FloorDocs/109/PDF/Intro/LR29.pdf
LR0030,2025_2026,Clouse,Adopted,Congratulate the Shelton High School volleyball team on winning the 2024 Class D-2 state championship,https://nebraskalegislature.gov/bills/view_bill.php?DocumentID=59663,2025,59663,https://nebraskalegislature.gov/FloorDocs/109/PDF/Intro/LR30.pdf
LR0031,2025_2026,Brandt,Adopted,Extend sympathy to the family and friends of former Senator Joe Thomas Vosoba,https://nebraskalegislature.gov/bills/view_bill.php?DocumentID=59838,2025,59838,https://nebraskalegislature.gov/FloorDocs/109/PDF/Intro/LR31.pdf
LR0032,2025_2026,DeKay,Adopted,Recognize and honor Jack Hoffman for his perseverance and strength and extend sympathy to his family,https://nebraskalegislature.gov/bills/view_bill.php?DocumentID=59776,2025,59776,https://nebraskalegislature.gov/FloorDocs/109/PDF/Intro/LR32.pdf
LR0033,2025_2026,Conrad,Indefinitely postponed,Recommend that the Nebraska Congressional delegation take affirmative action to reform the present approach to daylight saving time,https://nebraskalegislature.gov/bills/view_bill.php?DocumentID=59813,2025,59813,https://nebraskalegislature.gov/FloorDocs/109/PDF/Intro/LR33.pdf
LR0034,2025_2026,Arch,Adopted,Express sympathy to the family and friends of Walter Horner Radcliffe,https://nebraskalegislature.gov/bills/view_bill.php?DocumentID=59615,2025,59615,https://nebraskalegislature.gov/FloorDocs/109/PDF/Intro/LR34.pdf
LR0035,2025_2026,Holdcroft,Adopted,Congratulate the Gretna High School softball team on winning the 2024 Class A state championship,https://nebraskalegislature.gov/bills/view_bill.php?DocumentID=58903,2025,58903,https://nebraskalegislature.gov/FloorDocs/109/PDF/Intro/LR35.pdf
LR0036,2025_2026,Spivey,Adopted,Recognize February 2025 as Black History Month in Nebraska,https://nebraskalegislature.gov/bills/view_bill.php?DocumentID=59910,2025,59910,https://nebraskalegislature.gov/FloorDocs/109/PDF/Intro/LR36.pdf
LR0037,2025_2026,Conrad,Adopted,Honor and thank Joseph Robert Kerrey for his service and dedication to Nebraska and the United States,https://nebraskalegislature.gov/bills/view_bill.php?DocumentID=59619,2025,59619,https://nebraskalegislature.gov/FloorDocs/109/PDF/Intro/LR37.pdf
LR0038,2025_2026,Murman,Adopted,Congratulate the Sandy Creek High School football team on winning the 2024 D-1 state championship and congratulate Ethan Shaw for being named the Class D-1 Player of the Year,https://nebraskalegislature.gov/bills/view_bill.php?DocumentID=59812,2025,59812,https://nebraskalegislature.gov/FloorDocs/109/PDF/Intro/LR38.pdf
LR0039,2025_2026,Lonowski,Adopted,Thank John Cook for his contributions to the State of Nebraska and congratulate him on his retirement,https://nebraskalegislature.gov/bills/view_bill.php?DocumentID=59958,2025,59958,https://nebraskalegislature.gov/FloorDocs/109/PDF/Intro/LR39.pdf
LR0040,2025_2026,Brandt,,Call on the City of Lincoln and the Nebraska State Capitol Environs Commission to place stop signs on the corners of Fourteenth Street and Lincoln Mall,https://nebraskalegislature.gov/bills/view_bill.php?DocumentID=59938,2025,59938,https://nebraskalegislature.gov/FloorDocs/109/PDF/Intro/LR40.pdf
LR0041,2025_2026,Brandt,Adopted,Congratulate Mark Schoenrock for being named the 2023 County Official of the Year,https://nebraskalegislature.gov/bills/view_bill.php?DocumentID=60019,2025,60019,https://nebraskalegislature.gov/FloorDocs/109/PDF/Intro/LR41.pdf
LR0042,2025_2026,Lonowski,Adopted,Congratulate the Minden High School volleyball team on winning the 2024 Class C-1 state championship,https://nebraskalegislature.gov/bills/view_bill.php?DocumentID=60006,2025,60006,https://nebraskalegislature.gov/FloorDocs/109/PDF/Intro/LR42.pdf
LR0043,2025_2026,Ballard,Adopted,Congratulate Ethan Hardin on achieving the rank of Eagle Scout,https://nebraskalegislature.gov/bills/view_bill.php?DocumentID=59950,2025,59950,https://nebraskalegislature.gov/FloorDocs/109/PDF/Intro/LR43.pdf
LR0044,2025_2026,Murman,Adopted,Congratulate Jordon Harms for his achievement and contributions to Nebraska's agricultural economy,https://nebraskalegislature.gov/bills/view_bill.php?DocumentID=59665,2025,59665,https://nebraskalegislature.gov/FloorDocs/109/PDF/Intro/LR44.pdf
LR0045,2025_2026,Lippincott,Adopted,Congratulate the Central City High School football team on earning the 2024 Class C-1 state runner-up title,https://nebraskalegislature.gov/bills/view_bill.php?DocumentID=60104,2025,60104,https://nebraskalegislature.gov/FloorDocs/109/PDF/Intro/LR45.pdf
LR0046,2025_2026,Dorn,Adopted,Congratulate Dani Busboom Kelly on her position as the new head coach of the University of Nebraska women's volleyball team,https://nebraskalegislature.gov/bills/view_bill.php?DocumentID=60059,2025,60059,https://nebraskalegislature.gov/FloorDocs/109/PDF/Intro/LR46.pdf
LR0047,2025_2026,Dover,Adopted,Congratulate the Northeast Community College men's soccer team on winning the 2024 National Junior College Athletic Association Division II national championship,https://nebraskalegislature.gov/bills/view_bill.php?DocumentID=60120,2025,60120,https://nebraskalegislature.gov/FloorDocs/109/PDF/Intro/LR47.pdf
LR0048,2025_2026,Kauth,,"Extend sympathy to the family, friends, and fellow officers of Kyle McAcy",https://nebraskalegislature.gov/bills/view_bill.php?DocumentID=60212,2025,60212,https://nebraskalegislature.gov/FloorDocs/109/PDF/Intro/LR48.pdf
LR0049,2025_2026,Arch,Adopted,Congratulate Jerry and Bill Adams as recipients of the distinguished NEBRASKAlander Award,https://nebraskalegislature.gov/bills/view_bill.php?DocumentID=60170,2025,60170,https://nebraskalegislature.gov/FloorDocs/109/PDF/Intro/LR49.pdf
LR0050,2025_2026,Arch,Adopted,Congratulate Kenneth E. Stinson as a recipient of the distinguished NEBRASKAlander Award,https://nebraskalegislature.gov/bills/view_bill.php?DocumentID=60169,2025,60169,https://nebraskalegislature.gov/FloorDocs/109/PDF/Intro/LR50.pdf
LR0051,2025_2026,Arch,Adopted,Congratulate Dave Heineman and Sally Ganem as recipients of the distinguished NEBRASKAlander Award,https://nebraskalegislature.gov/bills/view_bill.php?DocumentID=60171,2025,60171,https://nebraskalegislature.gov/FloorDocs/109/PDF/Intro/LR51.pdf
LR0052,2025_2026,Hughes,Adopted,Congratulate the Seward High School Academic Decathlon team on winning the state championship in the Medium School Division,https://nebraskalegislature.gov/bills/view_bill.php?DocumentID=60213,2025,60213,https://nebraskalegislature.gov/FloorDocs/109/PDF/Intro/LR52.pdf
LR0053,2025_2026,Holdcroft,Adopted,Congratulate retired Sarpy County Sheriff Jeff Davis on a successful and impactful career of public service,https://nebraskalegislature.gov/bills/view_bill.php?DocumentID=59288,2025,59288,https://nebraskalegislature.gov/FloorDocs/109/PDF/Intro/LR53.pdf
LR0054,2025_2026,McKinney,Adopted,Recognize the hard work of people fighting to provide evidence for Marcus Garvey's posthumous pardon,https://nebraskalegislature.gov/bills/view_bill.php?DocumentID=60222,2025,60222,https://nebraskalegislature.gov/FloorDocs/109/PDF/Intro/LR54.pdf
LR0055,2025_2026,McKinney,,Congratulate Joe Edmondson and the family on posthumously earning the 2024 Bobby Douglas Legacy Award,https://nebraskalegislature.gov/bills/view_bill.php?DocumentID=60223,2025,60223,https://nebraskalegislature.gov/FloorDocs/109/PDF/Intro/LR55.pdf
LR0056,2025_2026,Jacobson,Adopted,Recognize March 2025 as Multiple Sclerosis Awareness Month in Nebraska,https://nebraskalegislature.gov/bills/view_bill.php?DocumentID=59900,2025,59900,https://nebraskalegislature.gov/FloorDocs/109/PDF/Intro/LR56.pdf
LR0057,2025_2026,von Gillern,Adopted,Congratulate Danny Woodhead for his induction into the College Football Hall of Fame,https://nebraskalegislature.gov/bills/view_bill.php?DocumentID=59501,2025,59501,https://nebraskalegislature.gov/FloorDocs/109/PDF/Intro/LR57.pdf
LR0058,2025_2026,Kauth,Adopted,"Extend sympathy to the family, friends, and fellow officers of Kyle McAcy",https://nebraskalegislature.gov/bills/view_bill.php?DocumentID=60332,2025,60332,https://nebraskalegislature.gov/FloorDocs/109/PDF/Intro/LR58.pdf
LR0059,2025_2026,Brandt,Adopted,Recognize the dedication of the Wilber-Clatonia Alumni Band on United States National Marching Band Day,https://nebraskalegislature.gov/bills/view_bill.php?DocumentID=60277,2025,60277,https://nebraskalegislature.gov/FloorDocs/109/PDF/Intro/LR59.pdf
LR0060,2025_2026,Hunt,Adopted,"Recognize March 4, 2025, as Celebrate Theatre in Our Schools Day in Nebraska",https://nebraskalegislature.gov/bills/view_bill.php?DocumentID=60347,2025,60347,https://nebraskalegislature.gov/FloorDocs/109/PDF/Intro/LR60.pdf
LR0061,2025_2026,Lonowski,Adopted,Congratulate the Adams Central High School cheer team on winning the 2025 Class C-1 Traditional Performance championship at the Nebraska State Cheer and Dance Competition,https://nebraskalegislature.gov/bills/view_bill.php?DocumentID=60407,2025,60407,https://nebraskalegislature.gov/FloorDocs/109/PDF/Intro/LR61.pdf
LR0062,2025_2026,Sanders,Adopted,"Extend sympathy to the family, friends, and community of Herman Colvin",https://nebraskalegislature.gov/bills/view_bill.php?DocumentID=60377,2025,60377,https://nebraskalegislature.gov/FloorDocs/109/PDF/Intro/LR62.pdf
LR0063,2025_2026,Riepe,Adopted,Congratulate the University of Nebraska at Omaha Mavericks men's basketball team on their Summit League success,https://nebraskalegislature.gov/bills/view_bill.php?DocumentID=60436,2025,60436,https://nebraskalegislature.gov/FloorDocs/109/PDF/Intro/LR63.pdf
LR0064,2025_2026,McKeon,Adopted,Congratulate the Burwell High School wrestling team on winning the 2025 Class D state championship,https://nebraskalegislature.gov/bills/view_bill.php?DocumentID=60426,2025,60426,https://nebraskalegislature.gov/FloorDocs/109/PDF/Intro/LR64.pdf
LR0065,2025_2026,Conrad,Adopted,Extend sympathy to the family and friends of Dave Bundy,https://nebraskalegislature.gov/bills/view_bill.php?DocumentID=60311,2025,60311,https://nebraskalegislature.gov/FloorDocs/109/PDF/Intro/LR65.pdf
LR0066,2025_2026,Bostar,Adopted,"Extend sympathy to the family, friends, and colleagues of Pat Lopez",https://nebraskalegislature.gov/bills/view_bill.php?DocumentID=60474,2025,60474,https://nebraskalegislature.gov/FloorDocs/109/PDF/Intro/LR66.pdf
LR0067,2025_2026,McKinney,Adopted,Congratulate Omaha North High School wrestler Tyson Terry on winning the 2025 Boys Class A 285-pound state championship,https://nebraskalegislature.gov/bills/view_bill.php?DocumentID=60310,2025,60310,https://nebraskalegislature.gov/FloorDocs/109/PDF/Intro/LR67.pdf
LR0068,2025_2026,McKinney,Adopted,Congratulate Omaha North High School wrestler Jermaine Dortch on winning the 2025 Boys Class A 138-pound state championship,https://nebraskalegislature.gov/bills/view_bill.php?DocumentID=60309,2025,60309,https://nebraskalegislature.gov/FloorDocs/109/PDF/Intro/LR68.pdf
LR0069,2025_2026,Holdcroft,Adopted,Recognize the one-hundred sixth anniversary of the founding of the American Legion,https://nebraskalegislature.gov/bills/view_bill.php?DocumentID=60429,2025,60429,https://nebraskalegislature.gov/FloorDocs/109/PDF/Intro/LR69.pdf
LR0070,2025_2026,McKinney,Adopted,Congratulate Joe Edmonson and his family on posthumously earning the 2024 Bobby Douglas Legacy Award,https://nebraskalegislature.gov/bills/view_bill.php?DocumentID=60588,2025,60588,https://nebraskalegislature.gov/FloorDocs/109/PDF/Intro/LR70.pdf
LR0071,2025_2026,"Meyer, G.",Adopted,Congratulate the Pender High School girls basketball team on winning the 2025 Class D-1 state championship,https://nebraskalegislature.gov/bills/view_bill.php?DocumentID=60557,2025,60557,https://nebraskalegislature.gov/FloorDocs/109/PDF/Intro/LR71.pdf
LR0072,2025_2026,Dorn,Adopted,Recognize Mosaic for continuing the mission of its founding organizations to serve people with intellectual and developmental disabilities,https://nebraskalegislature.gov/bills/view_bill.php?DocumentID=60565,2025,60565,https://nebraskalegislature.gov/FloorDocs/109/PDF/Intro/LR72.pdf
LR0073,2025_2026,"Cavanaugh, J.",Adopted,Congratulate the University of Nebraska at Omaha softball team on winning their second consecutive Summit League Tournament championship title,https://nebraskalegislature.gov/bills/view_bill.php?DocumentID=60571,2025,60571,https://nebraskalegislature.gov/FloorDocs/109/PDF/Intro/LR73.pdf
LR0074,2025_2026,Wordekemper,Adopted,Congratulate the Archbishop Bergan High School boys basketball team on winning the 2025 Class C-2 state championship,https://nebraskalegislature.gov/bills/view_bill.php?DocumentID=60712,2025,60712,https://nebraskalegislature.gov/FloorDocs/109/PDF/Intro/LR74.pdf
LR0075,2025_2026,Sanders,Adopted,Extend sympathy to the family of Ryan Daniel Sims,https://nebraskalegislature.gov/bills/view_bill.php?DocumentID=60666,2025,60666,https://nebraskalegislature.gov/FloorDocs/109/PDF/Intro/LR75.pdf
LR0076,2025_2026,McKeon,Adopted,Congratulate the Central Valley High School wrestling team on earning the 2025 Class D state runner-up title,https://nebraskalegislature.gov/bills/view_bill.php?DocumentID=60667,2025,60667,https://nebraskalegislature.gov/FloorDocs/109/PDF/Intro/LR76.pdf
LR0077,2025_2026,McKeon,Adopted,Congratulate the Elm Creek High School girls basketball team on earning the 2025 Class D-1 state runner-up title,https://nebraskalegislature.gov/bills/view_bill.php?DocumentID=60679,2025,60679,https://nebraskalegislature.gov/FloorDocs/109/PDF/Intro/LR77.pdf
LR0078,2025_2026,McKeon,Adopted,Congratulate the Ravenna High School one-act team on winning the Class C-2 One-Act state championship title,https://nebraskalegislature.gov/bills/view_bill.php?DocumentID=60680,2025,60680,https://nebraskalegislature.gov/FloorDocs/109/PDF/Intro/LR78.pdf
LR0079,2025_2026,Bosn,Adopted,Congratulate the Lincoln Christian High School girls basketball team on winning the 2025 Class C-1 state championship,https://nebraskalegislature.gov/bills/view_bill.php?DocumentID=60587,2025,60587,https://nebraskalegislature.gov/FloorDocs/109/PDF/Intro/LR79.pdf
LR0080,2025_2026,DeKay,Adopted,Congratulate the St. Mary's High School boys basketball team on winning the 2025 Class D-2 state championship,https://nebraskalegislature.gov/bills/view_bill.php?DocumentID=60816,2025,60816,https://nebraskalegislature.gov/FloorDocs/109/PDF/Intro/LR80.pdf
LR0081,2025_2026,Storm,Adopted,Congratulate the Ashland-Greenwood High School boys basketball team on winning the 2025 Class C-1 state championship,https://nebraskalegislature.gov/bills/view_bill.php?DocumentID=60812,2025,60812,https://nebraskalegislature.gov/FloorDocs/109/PDF/Intro/LR81.pdf
LR0082,2025_2026,Storm,Adopted,Congratulate the Yutan girls wrestling team on winning the 2025 Class B state championship,https://nebraskalegislature.gov/bills/view_bill.php?DocumentID=60814,2025,60814,https://nebraskalegislature.gov/FloorDocs/109/PDF/Intro/LR82.pdf
LR0083,2025_2026,Jacobson,Adopted,Congratulate Judy Ridenour for being named Nebraska's Natural Resources Districts Director of the year,https://nebraskalegislature.gov/bills/view_bill.php?DocumentID=60797,2025,60797,https://nebraskalegislature.gov/FloorDocs/109/PDF/Intro/LR83.pdf
LR0084,2025_2026,Hughes,Adopted,Congratulate Larry Moore on his induction into the Nebraska Natural Resources Hall of Fame,https://nebraskalegislature.gov/bills/view_bill.php?DocumentID=60811,2025,60811,https://nebraskalegislature.gov/FloorDocs/109/PDF/Intro/LR84.pdf
LR0085,2025_2026,Dorn,Adopted,Congratulate Paul Hay and Randy Pryor on receiving the 2024 Nebraska Natural Resources Outstanding Water Conservation Award,https://nebraskalegislature.gov/bills/view_bill.php?DocumentID=60800,2025,60800,https://nebraskalegislature.gov/FloorDocs/109/PDF/Intro/LR85.pdf
LR0086,2025_2026,Rountree,Referral,Interim study to identify and examine the state of affordable and accessible housing in Nebraska,https://nebraskalegislature.gov/bills/view_bill.php?DocumentID=60540,2025,60540,https://nebraskalegislature.gov/FloorDocs/109/PDF/Intro/LR86.pdf
LR0087,2025_2026,Andersen,Adopted,Congratulate the 55th Wing on its 85th birthday and recognize the men and women for their distinguished service and legacy of excellence in aviation,https://nebraskalegislature.gov/bills/view_bill.php?DocumentID=60714,2025,60714,https://nebraskalegislature.gov/FloorDocs/109/PDF/Intro/LR87.pdf
LR0088,2025_2026,Clouse,Adopted,Congratulate the University of Nebraska at Kearney men's wrestling team on winning the 2025 Division II championship,https://nebraskalegislature.gov/bills/view_bill.php?DocumentID=60726,2025,60726,https://nebraskalegislature.gov/FloorDocs/109/PDF/Intro/LR88.pdf
LR0089,2025_2026,"Meyer, G.",Adopted,Congratulate South Sioux City High School wrestler Tony Palmer on winning gold in the 2025 boys Class A 215-pound state championship,https://nebraskalegislature.gov/bills/view_bill.php?DocumentID=60711,2025,60711,https://nebraskalegislature.gov/FloorDocs/109/PDF/Intro/LR89.pdf
LR0090,2025_2026,Hallstrom,Adopted,Congratulate Syracuse High School wrestler Brock Goebel on winning the 2025 boys Class C 106-pound state championship,https://nebraskalegislature.gov/bills/view_bill.php?DocumentID=60729,2025,60729,https://nebraskalegislature.gov/FloorDocs/109/PDF/Intro/LR90.pdf
LR0091,2025_2026,Hallstrom,Adopted,Congratulate Nebraska City High School wrestler Makayla Vasser on winning the 2025 girls Class A 190-pound state championship,https://nebraskalegislature.gov/bills/view_bill.php?DocumentID=60730,2025,60730,https://nebraskalegislature.gov/FloorDocs/109/PDF/Intro/LR91.pdf
LR0092,2025_2026,Dungan,Adopted,Extend sympathy to the family of former Senator Don Wesely,https://nebraskalegislature.gov/bills/view_bill.php?DocumentID=60853,2025,60853,https://nebraskalegislature.gov/FloorDocs/109/PDF/Intro/LR92.pdf
LR0093,2025_2026,Murman,Adopted,Congratulate Keith Berns for receiving the Nebraska Natural Resources Districts Outstanding Soil Conservation Award,https://nebraskalegislature.gov/bills/view_bill.php?DocumentID=60818,2025,60818,https://nebraskalegislature.gov/FloorDocs/109/PDF/Intro/LR93.pdf
LR0094,2025_2026,Bostar,Adopted,Congratulate and thank Bryan Health for one hundred years of service to the community,https://nebraskalegislature.gov/bills/view_bill.php?DocumentID=60651,2025,60651,https://nebraskalegislature.gov/FloorDocs/109/PDF/Intro/LR94.pdf
LR0095,2025_2026,"Cavanaugh, J.",Adopted,Congratulate the University of Nebraska at Omaha Mavericks men's basketball team on reaching its first NCAA Division I tournament in program history,https://nebraskalegislature.gov/bills/view_bill.php?DocumentID=60879,2025,60879,https://nebraskalegislature.gov/FloorDocs/109/PDF/Intro/LR95.pdf
LR0096,2025_2026,Nebraska Retirement Systems Committee,Referral,Interim study to examine the Nebraska Public Employees Retirement Systems administered by the Public Employees Retirement Board,https://nebraskalegislature.gov/bills/view_bill.php?DocumentID=60837,2025,60837,https://nebraskalegislature.gov/FloorDocs/109/PDF/Intro/LR96.pdf
LR0097,2025_2026,Nebraska Retirement Systems Committee,Referral,"Interim study to carry out the provisions of section 13-2402, which requires the Nebraska Retirement Systems Committee to monitor underfunded defined benefit plans administered by political subdivisions",https://nebraskalegislature.gov/bills/view_bill.php?DocumentID=60834,2025,60834,https://nebraskalegislature.gov/FloorDocs/109/PDF/Intro/LR97.pdf
LR0098,2025_2026,Nebraska Retirement Systems Committee,Referral,Interim study to examine issues within the jurisdiction of the Nebraska Retirement Systems Committee,https://nebraskalegislature.gov/bills/view_bill.php?DocumentID=60835,2025,60835,https://nebraskalegislature.gov/FloorDocs/109/PDF/Intro/LR98.pdf
LR0099,2025_2026,Hallstrom,Adopted,Congratulate the Falls City Sacred Heart High School girls basketball team on winning the 2025 Class D-2 state championship,https://nebraskalegislature.gov/bills/view_bill.php?DocumentID=60793,2025,60793,https://nebraskalegislature.gov/FloorDocs/109/PDF/Intro/LR99.pdf
LR0100,2025_2026,Hallstrom,Adopted,Congratulate the Johnson-Brock High School boys basketball team on winning the 2025 Class D-1 state championship,https://nebraskalegislature.gov/bills/view_bill.php?DocumentID=60794,2025,60794,https://nebraskalegislature.gov/FloorDocs/109/PDF/Intro/LR100.pdf
LR0101,2025_2026,Jacobson,Adopted,"Congratulate Sustainable Beef, LLC on their successful opening ceremony",https://nebraskalegislature.gov/bills/view_bill.php?DocumentID=61004,2025,61004,https://nebraskalegislature.gov/FloorDocs/109/PDF/Intro/LR101.pdf
LR0102,2025_2026,McKinney,Adopted,Congratulate Antrell Taylor on winning the 2025 157-pound NCAA wrestling championship,https://nebraskalegislature.gov/bills/view_bill.php?DocumentID=60914,2025,60914,https://nebraskalegislature.gov/FloorDocs/109/PDF/Intro/LR102.pdf
LR0103,2025_2026,McKeon,Adopted,Congratulate Ridge Lovett on winning the 2025 149-pound NCAA wrestling championship,https://nebraskalegislature.gov/bills/view_bill.php?DocumentID=60938,2025,60938,https://nebraskalegislature.gov/FloorDocs/109/PDF/Intro/LR103.pdf
LR0104,2025_2026,Lonowski,Adopted,Congratulate the University of Nebraska Wrestling team on their national runner-up title at the 2025 NCAA wrestling championship,https://nebraskalegislature.gov/bills/view_bill.php?DocumentID=61045,2025,61045,https://nebraskalegislature.gov/FloorDocs/109/PDF/Intro/LR104.pdf
LR0105,2025_2026,Brandt,Adopted,"Recognize April 14, 2025, as Lineworkers Appreciation Day in Nebraska and express appreciation for their contributions and efforts",https://nebraskalegislature.gov/bills/view_bill.php?DocumentID=60556,2025,60556,https://nebraskalegislature.gov/FloorDocs/109/PDF/Intro/LR105.pdf
LR0106,2025_2026,Hansen,Adopted,Congratulate the Oakland-Craig High School girls basketball team on winning the 2025 Class C-2 state championship,https://nebraskalegislature.gov/bills/view_bill.php?DocumentID=60808,2025,60808,https://nebraskalegislature.gov/FloorDocs/109/PDF/Intro/LR106.pdf
LR0107,2025_2026,Hansen,Adopted,Congratulate Michael Nissen on receiving the Nebraska Natural Resources Districts Tree Planter of the Year Award,https://nebraskalegislature.gov/bills/view_bill.php?DocumentID=60809,2025,60809,https://nebraskalegislature.gov/FloorDocs/109/PDF/Intro/LR107.pdf
LR0108,2025_2026,Bosn,Referral,Interim study to examine issues within the jurisdiction of the Judiciary Committee,https://nebraskalegislature.gov/bills/view_bill.php?DocumentID=61023,2025,61023,https://nebraskalegislature.gov/FloorDocs/109/PDF/Intro/LR108.pdf
LR0109,2025_2026,Hallstrom,Adopted,Recognize the Southeast Nebraska Cancer Memorial Garden as being named Nebraska's Natural Resources Districts Outstanding Community Conservation Award winner,https://nebraskalegislature.gov/bills/view_bill.php?DocumentID=60906,2025,60906,https://nebraskalegislature.gov/FloorDocs/109/PDF/Intro/LR109.pdf
LR0110,2025_2026,Hughes,Adopted,"Congratulate the McCool Junction High School boys basketball team, the Cross County High School boys basketball team, and the Milford High School girls basketball team on earning their respective state titles",https://nebraskalegislature.gov/bills/view_bill.php?DocumentID=60947,2025,60947,https://nebraskalegislature.gov/FloorDocs/109/PDF/Intro/LR110.pdf
LR0111,2025_2026,Hughes,Adopted,Congratulate the York High School speech team on winning the Class B state championship,https://nebraskalegislature.gov/bills/view_bill.php?DocumentID=61060,2025,61060,https://nebraskalegislature.gov/FloorDocs/109/PDF/Intro/LR111.pdf
LR0112,2025_2026,Arch,Adopted,Congratulate Rachel Sue Mulligan of Papillion for her participation in Special Olympics and her success at the World Winter Games,https://nebraskalegislature.gov/bills/view_bill.php?DocumentID=61022,2025,61022,https://nebraskalegislature.gov/FloorDocs/109/PDF/Intro/LR112.pdf
LR0113,2025_2026,Dungan,Adopted,Express sympathy to the family of Gordon Kissel,https://nebraskalegislature.gov/bills/view_bill.php?DocumentID=60916,2025,60916,https://nebraskalegislature.gov/FloorDocs/109/PDF/Intro/LR113.pdf
LR0114,2025_2026,Holdcroft,Adopted,Congratulate the Papillion-La Vista High School boys basketball team on winning the 2025 Class A state championship,https://nebraskalegislature.gov/bills/view_bill.php?DocumentID=60821,2025,60821,https://nebraskalegislature.gov/FloorDocs/109/PDF/Intro/LR114.pdf
LR0115,2025_2026,Holdcroft,Adopted,"Honor Walter ""Thane"" Baker for his many accomplishments in the sport of track and field and his extraordinary success in the 1952 and 1956 Summer Olympics",https://nebraskalegislature.gov/bills/view_bill.php?DocumentID=58828,2025,58828,https://nebraskalegislature.gov/FloorDocs/109/PDF/Intro/LR115.pdf
LR0116,2025_2026,McKeon,Adopted,Congratulate the Ravenna Senior Center on fifty years of service to the community,https://nebraskalegislature.gov/bills/view_bill.php?DocumentID=61129,2025,61129,https://nebraskalegislature.gov/FloorDocs/109/PDF/Intro/LR116.pdf
LR0117,2025_2026,Storer,Adopted,Congratulate Dr. Melvin Campbell on receiving the 2024 Copic Humanitarian Award and extend appreciation to him for his service to the State of Nebraska,https://nebraskalegislature.gov/bills/view_bill.php?DocumentID=60989,2025,60989,https://nebraskalegislature.gov/FloorDocs/109/PDF/Intro/LR117.pdf
LR0118,2025_2026,Strommen,Referral,Interim study to examine and formulate a standardized method of classifying and valuing property relating to biofuel facilities,https://nebraskalegislature.gov/bills/view_bill.php?DocumentID=61261,2025,61261,https://nebraskalegislature.gov/FloorDocs/109/PDF/Intro/LR118.pdf
LR0119,2025_2026,Hardin,Adopted,Celebrate the forty-second anniversary of Nebraska's sister-state relationship with Taiwan,https://nebraskalegislature.gov/bills/view_bill.php?DocumentID=61190,2025,61190,https://nebraskalegislature.gov/FloorDocs/109/PDF/Intro/LR119.pdf
LR0120,2025_2026,Lippincott,Adopted,Recognize Madison Chrisman for earning first place in Agriscience Research-Animal Systems at the State FFA Convention,https://nebraskalegislature.gov/bills/view_bill.php?DocumentID=61245,2025,61245,https://nebraskalegislature.gov/FloorDocs/109/PDF/Intro/LR120.pdf
LR0121,2025_2026,Lippincott,Adopted,Recognize Courtney Carlstrom for earning first place in Agricultural Sales-Placement at the State FFA Convention,https://nebraskalegislature.gov/bills/view_bill.php?DocumentID=61246,2025,61246,https://nebraskalegislature.gov/FloorDocs/109/PDF/Intro/LR121.pdf
LR0122,2025_2026,Lippincott,Adopted,Recognize Joseph Thede for earning first place in Automobile Technology at the State FFA Convention,https://nebraskalegislature.gov/bills/view_bill.php?DocumentID=61244,2025,61244,https://nebraskalegislature.gov/FloorDocs/109/PDF/Intro/LR122.pdf
LR0123,2025_2026,Jacobson,Referral,"Interim study to examine the collection, use, and protection of agricultural data in Nebraska",https://nebraskalegislature.gov/bills/view_bill.php?DocumentID=61040,2025,61040,https://nebraskalegislature.gov/FloorDocs/109/PDF/Intro/LR123.pdf
LR0124,2025_2026,Jacobson,Referral,Interim study to examine the role of a pharmacy benefit manager within the Nebraska health insurance industry and the impact on prescription drug prices,https://nebraskalegislature.gov/bills/view_bill.php?DocumentID=61041,2025,61041,https://nebraskalegislature.gov/FloorDocs/109/PDF/Intro/LR124.pdf
LR0125,2025_2026,Spivey,Adopted,Recognize April 2025 as Second Chance Month in Nebraska,https://nebraskalegislature.gov/bills/view_bill.php?DocumentID=61194,2025,61194,https://nebraskalegislature.gov/FloorDocs/109/PDF/Intro/LR125.pdf
LR0126,2025_2026,von Gillern,Referral,Interim study to examine the impact of certain tax incentive programs currently in effect in Nebraska,https://nebraskalegislature.gov/bills/view_bill.php?DocumentID=61362,2025,61362,https://nebraskalegislature.gov/FloorDocs/109/PDF/Intro/LR126.pdf
LR0127,2025_2026,Hallstrom,Adopted,Congratulate Palmyra High School wrestlers Evelyn Bryan-Aldrich and Bettie Chambers on winning their respective 2025 girls Class B state championships,https://nebraskalegislature.gov/bills/view_bill.php?DocumentID=60792,2025,60792,https://nebraskalegislature.gov/FloorDocs/109/PDF/Intro/LR127.pdf
LR0128,2025_2026,Hallstrom,Adopted,Recognize April 2025 as Occupational Therapy Month in Nebraska,https://nebraskalegislature.gov/bills/view_bill.php?DocumentID=61061,2025,61061,https://nebraskalegislature.gov/FloorDocs/109/PDF/Intro/LR128.pdf
LR0129,2025_2026,Hallstrom,Adopted,Congratulate Johnson County Central High School wrestler Jocelyn Prado on winning the 2025 girls Class B 100-pound state championship,https://nebraskalegislature.gov/bills/view_bill.php?DocumentID=60791,2025,60791,https://nebraskalegislature.gov/FloorDocs/109/PDF/Intro/LR129.pdf
LR0130,2025_2026,Ballard,Adopted,Congratulate the University of Nebraska-Lincoln men's basketball team on winning the 2025 College Basketball Crown championship,https://nebraskalegislature.gov/bills/view_bill.php?DocumentID=61193,2025,61193,https://nebraskalegislature.gov/FloorDocs/109/PDF/Intro/LR130.pdf
LR0131,2025_2026,Dover,Adopted,Congratulate Stanley Staab for his service and impact on Nebraska's Natural Resources Districts and for his posthumous induction into the Nebraska Natural Resources Districts Hall of Fame,https://nebraskalegislature.gov/bills/view_bill.php?DocumentID=61154,2025,61154,https://nebraskalegislature.gov/FloorDocs/109/PDF/Intro/LR131.pdf
LR0132,2025_2026,Dover,Adopted,Congratulate Jessica Evans for her contributions to agricultural education and for being named the Lower Elkhorn Natural Resources District Educator of the Year,https://nebraskalegislature.gov/bills/view_bill.php?DocumentID=61083,2025,61083,https://nebraskalegislature.gov/FloorDocs/109/PDF/Intro/LR132.pdf
LR0133,2025_2026,Dover,Adopted,Congratulate the Battle Creek High School boys wrestling team on winning the 2025 Class C state championship and their second consecutive state title,https://nebraskalegislature.gov/bills/view_bill.php?DocumentID=60355,2025,60355,https://nebraskalegislature.gov/FloorDocs/109/PDF/Intro/LR133.pdf
LR0134,2025_2026,Dover,Adopted,Congratulate the Norfolk High School cheer team and unified cheer team for their performance at the 2025 Nebraska State Cheer and Dance Competition,https://nebraskalegislature.gov/bills/view_bill.php?DocumentID=60875,2025,60875,https://nebraskalegislature.gov/FloorDocs/109/PDF/Intro/LR134.pdf
LR0135,2025_2026,Storm,Adopted,Congratulate the Bone Creek Museum of Agrarian Art on its Grand Reopening,https://nebraskalegislature.gov/bills/view_bill.php?DocumentID=61405,2025,61405,https://nebraskalegislature.gov/FloorDocs/109/PDF/Intro/LR135.pdf
LR0136,2025_2026,Dungan,Adopted,Congratulate the Annunciation Greek Orthodox Church on the celebration of eighty years of service to the community,https://nebraskalegislature.gov/bills/view_bill.php?DocumentID=61384,2025,61384,https://nebraskalegislature.gov/FloorDocs/109/PDF/Intro/LR136.pdf
LR0137,2025_2026,Lippincott,Adopted,Recognize the fiftieth anniversary of the end to the Vietnam War and honor the veterans and lives lost to the war,https://nebraskalegislature.gov/bills/view_bill.php?DocumentID=61085,2025,61085,https://nebraskalegislature.gov/FloorDocs/109/PDF/Intro/LR137.pdf
LR0138,2025_2026,Ibach,Adopted,Congratulate the Nebraska Head Start Association on celebrating sixty years of service to the community,https://nebraskalegislature.gov/bills/view_bill.php?DocumentID=60796,2025,60796,https://nebraskalegislature.gov/FloorDocs/109/PDF/Intro/LR138.pdf
LR0139,2025_2026,Ibach,Adopted,Congratulate Dan Hughes on his induction into the Nebraska Natural Resources Districts Hall of Fame in the Supporter Category,https://nebraskalegislature.gov/bills/view_bill.php?DocumentID=60795,2025,60795,https://nebraskalegislature.gov/FloorDocs/109/PDF/Intro/LR139.pdf
LR0140,2025_2026,Holdcroft,Adopted,Recognize Karen Bowling for her service with Nebraska Family Alliance to families in Nebraska,https://nebraskalegislature.gov/bills/view_bill.php?DocumentID=61408,2025,61408,https://nebraskalegislature.gov/FloorDocs/109/PDF/Intro/LR140.pdf
LR0141,2025_2026,Quick,Adopted,Recognize SkillsUSA for enhancing the lives of the citizens of Nebraska,https://nebraskalegislature.gov/bills/view_bill.php?DocumentID=61429,2025,61429,https://nebraskalegislature.gov/FloorDocs/109/PDF/Intro/LR141.pdf
LR0142,2025_2026,"Cavanaugh, M.",Adopted,Recognize May 2025 as Myositis Awareness Month in Nebraska,https://nebraskalegislature.gov/bills/view_bill.php?DocumentID=61213,2025,61213,https://nebraskalegislature.gov/FloorDocs/109/PDF/Intro/LR142.pdf
LR0143,2025_2026,"Cavanaugh, M.",Adopted,Recognize May 2025 as Maternal Mental Health Awareness Month in Nebraska,https://nebraskalegislature.gov/bills/view_bill.php?DocumentID=60732,2025,60732,https://nebraskalegislature.gov/FloorDocs/109/PDF/Intro/LR143.pdf
LR0144,2025_2026,Kauth,Referral,Interim study to examine potential changes to Nebraska's teacher certification requirements to create an apprenticeship-based pathway for persons seeking to transition into teaching grades kindergarten through twelve,https://nebraskalegislature.gov/bills/view_bill.php?DocumentID=60425,2025,60425,https://nebraskalegislature.gov/FloorDocs/109/PDF/Intro/LR144.pdf
LR0145,2025_2026,Kauth,Referral,Interim study to examine the effectiveness of hyperbaric oxygen therapy,https://nebraskalegislature.gov/bills/view_bill.php?DocumentID=61592,2025,61592,https://nebraskalegislature.gov/FloorDocs/109/PDF/Intro/LR145.pdf
LR0146,2025_2026,Urban Affairs Committee,Referral,Interim study to examine the intersection of tax increment financing and affordable housing within the State of Nebraska,https://nebraskalegislature.gov/bills/view_bill.php?DocumentID=61702,2025,61702,https://nebraskalegislature.gov/FloorDocs/109/PDF/Intro/LR146.pdf
LR0147,2025_2026,Urban Affairs Committee,Referral,Interim study to examine land banks under the Nebraska Municipal Land Bank Act,https://nebraskalegislature.gov/bills/view_bill.php?DocumentID=61767,2025,61767,https://nebraskalegislature.gov/FloorDocs/109/PDF/Intro/LR147.pdf
LR0148,2025_2026,Urban Affairs Committee,Referral,Interim study to examine issues under the jurisdiction of the Urban Affairs Committee,https://nebraskalegislature.gov/bills/view_bill.php?DocumentID=61703,2025,61703,https://nebraskalegislature.gov/FloorDocs/109/PDF/Intro/LR148.pdf
LR0149,2025_2026,Urban Affairs Committee,Referral,Interim study to explore methods for providing hearing notices for municipalities,https://nebraskalegislature.gov/bills/view_bill.php?DocumentID=61701,2025,61701,https://nebraskalegislature.gov/FloorDocs/109/PDF/Intro/LR149.pdf
LR0150,2025_2026,Urban Affairs Committee,Referral,Interim study to examine the current powers of city councils for cities of the metropolitan class,https://nebraskalegislature.gov/bills/view_bill.php?DocumentID=61704,2025,61704,https://nebraskalegislature.gov/FloorDocs/109/PDF/Intro/LR150.pdf
LR0151,2025_2026,Urban Affairs Committee,Referral,Interim study to hear reports submitted pursuant to the Poverty Elimination Action Plan Act,https://nebraskalegislature.gov/bills/view_bill.php?DocumentID=61705,2025,61705,https://nebraskalegislature.gov/FloorDocs/109/PDF/Intro/LR151.pdf
LR0152,2025_2026,Storer,Referral,"Interim study to examine the costs to persons and businesses in Nebraska associated with the adoption, amendment, or repeal of rules or regulations",https://nebraskalegislature.gov/bills/view_bill.php?DocumentID=61765,2025,61765,https://nebraskalegislature.gov/FloorDocs/109/PDF/Intro/LR152.pdf
LR0153,2025_2026,Storer,Referral,"Interim study to gather information relating to electronic identification devices utilized as a method of identifying and managing animals for disease, surveillance, and control regulations",https://nebraskalegislature.gov/bills/view_bill.php?DocumentID=61153,2025,61153,https://nebraskalegislature.gov/FloorDocs/109/PDF/Intro/LR153.pdf
LR0154,2025_2026,Hardin,Adopted,Congratulate David L. Wilson upon his retirement as the County Attorney of Kimball County,https://nebraskalegislature.gov/bills/view_bill.php?DocumentID=61558,2025,61558,https://nebraskalegislature.gov/FloorDocs/109/PDF/Intro/LR154.pdf
LR0155,2025_2026,DeBoer,Referral,Interim study to examine the reports the Department of Correctional Services is required to submit to the Legislature,https://nebraskalegislature.gov/bills/view_bill.php?DocumentID=61567,2025,61567,https://nebraskalegislature.gov/FloorDocs/109/PDF/Intro/LR155.pdf
LR0156,2025_2026,DeBoer,Referral,"Interim study to examine issues regarding LB600, 2025, relating to speeding-related safety problems in highway work zones in Nebraska",https://nebraskalegislature.gov/bills/view_bill.php?DocumentID=61564,2025,61564,https://nebraskalegislature.gov/FloorDocs/109/PDF/Intro/LR156.pdf
LR0157,2025_2026,DeBoer,Referral,Interim study to examine and monitor issues relating to broadband and broadband deployment in Nebraska,https://nebraskalegislature.gov/bills/view_bill.php?DocumentID=61563,2025,61563,https://nebraskalegislature.gov/FloorDocs/109/PDF/Intro/LR157.pdf
LR0158,2025_2026,Storer,Referral,Interim study to examine the feasibility of the State of Nebraska assuming the administration of the seventy-six mile stretch of the Niobrara River that has been designated as a national scenic river,https://nebraskalegislature.gov/bills/view_bill.php?DocumentID=61466,2025,61466,https://nebraskalegislature.gov/FloorDocs/109/PDF/Intro/LR158.pdf
LR0159,2025_2026,Brandt,Referral,"Interim study to examine how the nameplate capacity tax affects the development, operation, and long-term viability of privately developed renewable energy generation facilities located in Nebraska",https://nebraskalegislature.gov/bills/view_bill.php?DocumentID=61370,2025,61370,https://nebraskalegislature.gov/FloorDocs/109/PDF/Intro/LR159.pdf
LR0160,2025_2026,Sanders,Adopted,Congratulate the Bellevue West High School girls soccer team on winning the Metro Conference Tournament,https://nebraskalegislature.gov/bills/view_bill.php?DocumentID=61642,2025,61642,https://nebraskalegislature.gov/FloorDocs/109/PDF/Intro/LR160.pdf
LR0161,2025_2026,Prokop,,Congratulate the Lincoln Stars hockey team on winning the 2024-2025 Anderson Cup and completing a record-setting season,https://nebraskalegislature.gov/bills/view_bill.php?DocumentID=61815,2025,61815,https://nebraskalegislature.gov/FloorDocs/109/PDF/Intro/LR161.pdf
LR0162,2025_2026,McKinney,Referral,Interim study to examine necessary reforms to Nebraska's criminal and prison systems in light of the Supreme Court decision in State ex rel. Hilgers v. Evnen,https://nebraskalegislature.gov/bills/view_bill.php?DocumentID=61711,2025,61711,https://nebraskalegislature.gov/FloorDocs/109/PDF/Intro/LR162.pdf
LR0163,2025_2026,McKinney,Referral,Interim study to examine the impact of lead and other environmental pollutants on the health and well-being of Nebraska communities,https://nebraskalegislature.gov/bills/view_bill.php?DocumentID=61709,2025,61709,https://nebraskalegislature.gov/FloorDocs/109/PDF/Intro/LR163.pdf
LR0164,2025_2026,McKinney,Referral,"Interim study to examine to what extent inmates between five and twenty-one years of age, under the care of the Department of Correctional Services, are being provided educational services",https://nebraskalegislature.gov/bills/view_bill.php?DocumentID=61707,2025,61707,https://nebraskalegislature.gov/FloorDocs/109/PDF/Intro/LR164.pdf
LR0165,2025_2026,McKinney,Referral,"Interim study to examine the concentration and impact of nonprofit organizations in historically marginalized communities, specifically North and South Omaha",https://nebraskalegislature.gov/bills/view_bill.php?DocumentID=61708,2025,61708,https://nebraskalegislature.gov/FloorDocs/109/PDF/Intro/LR165.pdf
LR0166,2025_2026,Bosn,Adopted,Recognize May 2025 as Amyotrophic Lateral Sclerosis Awareness Month,https://nebraskalegislature.gov/bills/view_bill.php?DocumentID=61773,2025,61773,https://nebraskalegislature.gov/FloorDocs/109/PDF/Intro/LR166.pdf
LR0167,2025_2026,Moser,Referral,Interim study to examine issues within the jurisdiction of the Transportation and Telecommunications Committee,https://nebraskalegislature.gov/bills/view_bill.php?DocumentID=61802,2025,61802,https://nebraskalegislature.gov/FloorDocs/109/PDF/Intro/LR167.pdf
LR0168,2025_2026,Ibach,Referral,"Interim study of the purposes, uses, and utility of the Noxious Weed and Invasive Plant Species Assistance Fund and associated grants awarded pursuant to the Noxious Weed Control Act",https://nebraskalegislature.gov/bills/view_bill.php?DocumentID=61152,2025,61152,https://nebraskalegislature.gov/FloorDocs/109/PDF/Intro/LR168.pdf
LR0169,2025_2026,Clements,Adopted,Congratulate the Elmwood-Murdock High School on winning the Class C-1 Championship play production title,https://nebraskalegislature.gov/bills/view_bill.php?DocumentID=61774,2025,61774,https://nebraskalegislature.gov/FloorDocs/109/PDF/Intro/LR169.pdf
LR0170,2025_2026,Rountree,Referral,Interim study to examine children's access to legal counsel in juvenile proceedings in Nebraska,https://nebraskalegislature.gov/bills/view_bill.php?DocumentID=61818,2025,61818,https://nebraskalegislature.gov/FloorDocs/109/PDF/Intro/LR170.pdf
LR0171,2025_2026,McKinney,Referral,"Interim study to examine the impact of the ""cliff effect"" on Nebraska families receiving public assistance",https://nebraskalegislature.gov/bills/view_bill.php?DocumentID=61712,2025,61712,https://nebraskalegislature.gov/FloorDocs/109/PDF/Intro/LR171.pdf
LR0172,2025_2026,McKinney,Referral,Interim study to examine the accessibility of Nebraska's unicameral legislative process to the general public to determine to what extent systemic and logistical barriers impact such accessibility,https://nebraskalegislature.gov/bills/view_bill.php?DocumentID=61713,2025,61713,https://nebraskalegislature.gov/FloorDocs/109/PDF/Intro/LR172.pdf
LR0173,2025_2026,McKinney,Referral,Interim study to investigate the financial and structural barriers impeding Nebraskans from attaining homeownership,https://nebraskalegislature.gov/bills/view_bill.php?DocumentID=61710,2025,61710,https://nebraskalegislature.gov/FloorDocs/109/PDF/Intro/LR173.pdf
LR0174,2025_2026,DeBoer,Referral,Interim study to provide a comprehensive analysis of the standing committee system of the Legislature,https://nebraskalegislature.gov/bills/view_bill.php?DocumentID=61566,2025,61566,https://nebraskalegislature.gov/FloorDocs/109/PDF/Intro/LR174.pdf
LR0175,2025_2026,DeBoer,Referral,Interim study to examine issues relating to assaults in Nebraska,https://nebraskalegislature.gov/bills/view_bill.php?DocumentID=61565,2025,61565,https://nebraskalegislature.gov/FloorDocs/109/PDF/Intro/LR175.pdf
LR0176,2025_2026,DeBoer,Referral,Interim study to examine the establishment and recognition of tribal customary adoptions for Native American children in Nebraska,https://nebraskalegislature.gov/bills/view_bill.php?DocumentID=61820,2025,61820,https://nebraskalegislature.gov/FloorDocs/109/PDF/Intro/LR176.pdf
LR0177,2025_2026,Strommen,Adopted,Congratulate the Nebraska Center for the Education of Children who are Blind or Visually Impaired on celebrating one hundred fifty years of service to Nebraska,https://nebraskalegislature.gov/bills/view_bill.php?DocumentID=61813,2025,61813,https://nebraskalegislature.gov/FloorDocs/109/PDF/Intro/LR177.pdf
LR0178,2025_2026,DeKay,Referral,Interim study to examine issues within the jurisdiction of the Agriculture Committee,https://nebraskalegislature.gov/bills/view_bill.php?DocumentID=61517,2025,61517,https://nebraskalegislature.gov/FloorDocs/109/PDF/Intro/LR178.pdf
LR0179,2025_2026,DeKay,Referral,Interim study to review occupational regulations under the Nebraska Livestock Dealer Licensing Act for purposes of the Occupational Board Reform Act,https://nebraskalegislature.gov/bills/view_bill.php?DocumentID=61516,2025,61516,https://nebraskalegislature.gov/FloorDocs/109/PDF/Intro/LR179.pdf
LR0180,2025_2026,DeKay,Referral,Interim study to examine current and future availability and sustainability of nursing facility care for individuals in Nebraska,https://nebraskalegislature.gov/bills/view_bill.php?DocumentID=61406,2025,61406,https://nebraskalegislature.gov/FloorDocs/109/PDF/Intro/LR180.pdf
LR0181,2025_2026,Jacobson,Adopted,"Congratulate Charles ""Chuck"" Scripter on earning the American Heroes Award and the Excellence in Community Service Award from the Sioux Lookout Chapter of the Daughters of the American Revolution",https://nebraskalegislature.gov/bills/view_bill.php?DocumentID=61792,2025,61792,https://nebraskalegislature.gov/FloorDocs/109/PDF/Intro/LR181.pdf
LR0182,2025_2026,von Gillern,Adopted,Recognize May 2025 as ALS Awareness Month,https://nebraskalegislature.gov/bills/view_bill.php?DocumentID=61819,2025,61819,https://nebraskalegislature.gov/FloorDocs/109/PDF/Intro/LR182.pdf
LR0183,2025_2026,von Gillern,Adopted,Congratulate Bill Huben on his retirement as principal of St. Wenceslaus School in Omaha,https://nebraskalegislature.gov/bills/view_bill.php?DocumentID=61814,2025,61814,https://nebraskalegislature.gov/FloorDocs/109/PDF/Intro/LR183.pdf
LR0184,2025_2026,Prokop,Adopted,Congratulate the Lincoln Stars hockey team on winning the 2024-2025 Anderson Cup and completing a record-setting season,https://nebraskalegislature.gov/bills/view_bill.php?DocumentID=61999,2025,61999,https://nebraskalegislature.gov/FloorDocs/109/PDF/Intro/LR184.pdf
LR0185,2025_2026,Hallstrom,Referral,"Interim study to consider whether Nebraska should adopt the Uniform Law Commission's 2017 Uniform Guardianship, Conservatorship, and Other Protective Arrangements Act",https://nebraskalegislature.gov/bills/view_bill.php?DocumentID=61913,2025,61913,https://nebraskalegislature.gov/FloorDocs/109/PDF/Intro/LR185.pdf
LR0186,2025_2026,McKinney,Referral,"Interim study to consider revisions to LB222, 2025, and to existing statutes or regulations to minimize the use of racial profiling or racial disparity in traffic stops",https://nebraskalegislature.gov/bills/view_bill.php?DocumentID=61851,2025,61851,https://nebraskalegislature.gov/FloorDocs/109/PDF/Intro/LR186.pdf
LR0187,2025_2026,Rountree,Referral,Interim study to examine the ability of the State of Nebraska to draw down Title IV-E funds for purposes of pre-petition legal services for parent and child legal representation as permitted under federal law,https://nebraskalegislature.gov/bills/view_bill.php?DocumentID=61817,2025,61817,https://nebraskalegislature.gov/FloorDocs/109/PDF/Intro/LR187.pdf
LR0188,2025_2026,Dorn,Referral,Interim study to examine the significance of the state financial partnership with the federal government in delivering health services to Nebraskans through the medicaid program,https://nebraskalegislature.gov/bills/view_bill.php?DocumentID=61849,2025,61849,https://nebraskalegislature.gov/FloorDocs/109/PDF/Intro/LR188.pdf
LR0189,2025_2026,Dorn,Referral,Interim study to examine the financing of public education through the Tax Equity and Educational Opportunities Support Act formula and develop recommendations for improving school funding in Nebraska,https://nebraskalegislature.gov/bills/view_bill.php?DocumentID=61942,2025,61942,https://nebraskalegislature.gov/FloorDocs/109/PDF/Intro/LR189.pdf
LR0190,2025_2026,Bosn,Referral,"Interim study to examine issues relating to LB238, 2025, regarding meetings of local foster care review boards under the Foster Care Review Act",https://nebraskalegislature.gov/bills/view_bill.php?DocumentID=61959,2025,61959,https://nebraskalegislature.gov/FloorDocs/109/PDF/Intro/LR190.pdf
LR0191,2025_2026,Hardin,Referral,Interim study to examine issues within the jurisdiction of the Health and Human Services Committee,https://nebraskalegislature.gov/bills/view_bill.php?DocumentID=61949,2025,61949,https://nebraskalegislature.gov/FloorDocs/109/PDF/Intro/LR191.pdf
LR0192,2025_2026,Sanders,Referral,"Interim study to investigate public notice requirements in Nebraska, including those mandated under the Open Meetings Act and the Administrative Procedure Act",https://nebraskalegislature.gov/bills/view_bill.php?DocumentID=62099,2025,62099,https://nebraskalegislature.gov/FloorDocs/109/PDF/Intro/LR192.pdf
LR0193,2025_2026,Sanders,Referral,"Interim study to examine issues within the jurisdiction of the Government, Military and Veterans Affairs Committee",https://nebraskalegislature.gov/bills/view_bill.php?DocumentID=62098,2025,62098,https://nebraskalegislature.gov/FloorDocs/109/PDF/Intro/LR193.pdf
LR0194,2025_2026,Sanders,Referral,Interim study to review the credentialing requirements for lobbyists in furtherance of the purposes of the Occupational Board Reform Act,https://nebraskalegislature.gov/bills/view_bill.php?DocumentID=61980,2025,61980,https://nebraskalegislature.gov/FloorDocs/109/PDF/Intro/LR194.pdf
LR0195,2025_2026,Holdcroft,Referral,Interim study to review the impact of unfunded and underfunded mandates on counties and county governments,https://nebraskalegislature.gov/bills/view_bill.php?DocumentID=61793,2025,61793,https://nebraskalegislature.gov/FloorDocs/109/PDF/Intro/LR195.pdf
LR0196,2025_2026,Kauth,Referral,Interim study to study truancy in Nebraska schools,https://nebraskalegislature.gov/bills/view_bill.php?DocumentID=61593,2025,61593,https://nebraskalegislature.gov/FloorDocs/109/PDF/Intro/LR196.pdf
LR0197,2025_2026,Kauth,Referral,Interim study to examine violence in behavioral health settings,https://nebraskalegislature.gov/bills/view_bill.php?DocumentID=61594,2025,61594,https://nebraskalegislature.gov/FloorDocs/109/PDF/Intro/LR197.pdf
LR0198,2025_2026,Kauth,Referral,Interim study to examine the process of creating the Technology Committee of the Legislature as a new standing committee and combining the Agriculture Committee of the Legislature and the Natural Resources Committee of the Legislature,https://nebraskalegislature.gov/bills/view_bill.php?DocumentID=61596,2025,61596,https://nebraskalegislature.gov/FloorDocs/109/PDF/Intro/LR198.pdf
LR0199,2025_2026,Jacobson,Referral,Interim study to examine the causes of recent increases in homeowner's insurance premiums,https://nebraskalegislature.gov/bills/view_bill.php?DocumentID=62085,2025,62085,https://nebraskalegislature.gov/FloorDocs/109/PDF/Intro/LR199.pdf
LR0200,2025_2026,Jacobson,Referral,Interim study to examine the impact of increasing insurance costs on Nebraska homeowners and businesses,https://nebraskalegislature.gov/bills/view_bill.php?DocumentID=61958,2025,61958,https://nebraskalegislature.gov/FloorDocs/109/PDF/Intro/LR200.pdf
LR0201,2025_2026,Hallstrom,Referral,"Interim study to examine the rates, revenues, and uses of the documentary stamp tax",https://nebraskalegislature.gov/bills/view_bill.php?DocumentID=61945,2025,61945,https://nebraskalegislature.gov/FloorDocs/109/PDF/Intro/LR201.pdf
LR0202,2025_2026,Sorrentino,Referral,Interim study to explore a landscape analysis of the various higher education teacher preparation programs around the state,https://nebraskalegislature.gov/bills/view_bill.php?DocumentID=61766,2025,61766,https://nebraskalegislature.gov/FloorDocs/109/PDF/Intro/LR202.pdf
LR0203,2025_2026,Juarez,Referral,Interim study to evaluate the existing passenger rail infrastructure in Nebraska,https://nebraskalegislature.gov/bills/view_bill.php?DocumentID=61946,2025,61946,https://nebraskalegislature.gov/FloorDocs/109/PDF/Intro/LR203.pdf
LR0204,2025_2026,Juarez,Referral,Interim study to examine the causes of burnout in kindergarten through twelfth grade teachers and its impact on teachers and students,https://nebraskalegislature.gov/bills/view_bill.php?DocumentID=61906,2025,61906,https://nebraskalegislature.gov/FloorDocs/109/PDF/Intro/LR204.pdf
LR0205,2025_2026,Strommen,Referral,Interim study to examine barriers to and benefits of data sharing between the State Department of Education and the Department of Health and Human Services for purposes of the Early Childhood Integrated Data System,https://nebraskalegislature.gov/bills/view_bill.php?DocumentID=61768,2025,61768,https://nebraskalegislature.gov/FloorDocs/109/PDF/Intro/LR205.pdf
LR0206,2025_2026,Strommen,Referral,Interim study to examine the initiative and referendum petition processes in the twenty-six states in which such a process exists,https://nebraskalegislature.gov/bills/view_bill.php?DocumentID=61905,2025,61905,https://nebraskalegislature.gov/FloorDocs/109/PDF/Intro/LR206.pdf
LR0207,2025_2026,Bosn,Referral,Interim study to examine Nebraska's protection order statutes,https://nebraskalegislature.gov/bills/view_bill.php?DocumentID=61944,2025,61944,https://nebraskalegislature.gov/FloorDocs/109/PDF/Intro/LR207.pdf
LR0208,2025_2026,Hardin,Referral,Interim study to examine the impact of mobile services on the delivery of health care services,https://nebraskalegislature.gov/bills/view_bill.php?DocumentID=62001,2025,62001,https://nebraskalegislature.gov/FloorDocs/109/PDF/Intro/LR208.pdf
LR0209,2025_2026,Hardin,Referral,Interim study to examine the funding sources of skilled nursing facilities throughout Nebraska,https://nebraskalegislature.gov/bills/view_bill.php?DocumentID=62000,2025,62000,https://nebraskalegislature.gov/FloorDocs/109/PDF/Intro/LR209.pdf
LR0210,2025_2026,Hardin,Referral,Interim study to examine and compare how health information exchanges work in other states,https://nebraskalegislature.gov/bills/view_bill.php?DocumentID=62036,2025,62036,https://nebraskalegislature.gov/FloorDocs/109/PDF/Intro/LR210.pdf
LR0211,2025_2026,Prokop,Referral,Interim study to examine the InternNE program,https://nebraskalegislature.gov/bills/view_bill.php?DocumentID=62003,2025,62003,https://nebraskalegislature.gov/FloorDocs/109/PDF/Intro/LR211.pdf
LR0212,2025_2026,Lippincott,Referral,Interim study to examine the organization of the Rules of the Nebraska Unicameral Legislature rulebook,https://nebraskalegislature.gov/bills/view_bill.php?DocumentID=61943,2025,61943,https://nebraskalegislature.gov/FloorDocs/109/PDF/Intro/LR212.pdf
LR0213,2025_2026,McKinney,Referral,"Interim study to examine the connection between neighborhood-level investment and youth outcomes, including, but not limited to, educational attainment, youth violence, and long-term well being",https://nebraskalegislature.gov/bills/view_bill.php?DocumentID=61764,2025,61764,https://nebraskalegislature.gov/FloorDocs/109/PDF/Intro/LR213.pdf
LR0214,2025_2026,McKinney,Referral,Interim study to explore systemic and logistical barriers that prevent meaningful civic participation among residents in high-poverty and marginalized communities in Nebraska,https://nebraskalegislature.gov/bills/view_bill.php?DocumentID=61763,2025,61763,https://nebraskalegislature.gov/FloorDocs/109/PDF/Intro/LR214.pdf
LR0215,2025_2026,McKinney,Referral,"Interim study to evaluate the feasibility and benefits of developing a neighborhood-level data infrastructure framework for Nebraska, similar to the National Neighborhood Indicators Partnership model",https://nebraskalegislature.gov/bills/view_bill.php?DocumentID=61762,2025,61762,https://nebraskalegislature.gov/FloorDocs/109/PDF/Intro/LR215.pdf
LR0216,2025_2026,"Cavanaugh, M.",Referral,Interim study to examine the current caseload of child welfare social workers working in the various districts across the state,https://nebraskalegislature.gov/bills/view_bill.php?DocumentID=61956,2025,61956,https://nebraskalegislature.gov/FloorDocs/109/PDF/Intro/LR216.pdf
LR0217,2025_2026,"Cavanaugh, M.",Referral,Interim study to examine the current fee structure for reports and filings submitted to the Nebraska Accountability and Disclosure Commission,https://nebraskalegislature.gov/bills/view_bill.php?DocumentID=61957,2025,61957,https://nebraskalegislature.gov/FloorDocs/109/PDF/Intro/LR217.pdf
LR0218,2025_2026,Spivey,Referral,Interim study to examine the public health and community impact of skilled gaming machines in Nebraska,https://nebraskalegislature.gov/bills/view_bill.php?DocumentID=62092,2025,62092,https://nebraskalegislature.gov/FloorDocs/109/PDF/Intro/LR218.pdf
LR0219,2025_2026,Fredrickson,Referral,Interim study to examine nonopioid pharmacological treatment options in medicaid,https://nebraskalegislature.gov/bills/view_bill.php?DocumentID=62033,2025,62033,https://nebraskalegislature.gov/FloorDocs/109/PDF/Intro/LR219.pdf
LR0220,2025_2026,Fredrickson,Referral,Interim study to examine the adequacy of funding and resources available to Level 3 Special Education Contractual Services for children,https://nebraskalegislature.gov/bills/view_bill.php?DocumentID=61740,2025,61740,https://nebraskalegislature.gov/FloorDocs/109/PDF/Intro/LR220.pdf
LR0221,2025_2026,Fredrickson,Referral,Interim study to examine the barriers to access to dental services for Nebraskans,https://nebraskalegislature.gov/bills/view_bill.php?DocumentID=61870,2025,61870,https://nebraskalegislature.gov/FloorDocs/109/PDF/Intro/LR221.pdf
LR0222,2025_2026,Urban Affairs Committee,Referral,Interim study to investigate the prevalence of bed bugs in public housing located within cities of the metropolitan class,https://nebraskalegislature.gov/bills/view_bill.php?DocumentID=62089,2025,62089,https://nebraskalegislature.gov/FloorDocs/109/PDF/Intro/LR222.pdf
LR0223,2025_2026,Brandt,Referral,Interim study to examine issues within the jurisdiction of the Natural Resources Committee,https://nebraskalegislature.gov/bills/view_bill.php?DocumentID=62097,2025,62097,https://nebraskalegislature.gov/FloorDocs/109/PDF/Intro/LR223.pdf
LR0224,2025_2026,Dungan,Referral,"Interim study to examine the effectiveness of programs addressing health-related social needs which are unmet adverse social conditions that contribute to poor health, including food insecurity, unemployment, and housing instability",https://nebraskalegislature.gov/bills/view_bill.php?DocumentID=62052,2025,62052,https://nebraskalegislature.gov/FloorDocs/109/PDF/Intro/LR224.pdf
LR0225,2025_2026,Dungan,Referral,"Interim study to examine the need for and implementation of a Green Amendment and the implications of adopting LR22CA, 2025",https://nebraskalegislature.gov/bills/view_bill.php?DocumentID=62044,2025,62044,https://nebraskalegislature.gov/FloorDocs/109/PDF/Intro/LR225.pdf
LR0226,2025_2026,"Cavanaugh, J.",Referral,Interim study to examine the implementation of the Nebraska Medical Cannabis Patient Protection Act and the Nebraska Medical Cannabis Regulation Act,https://nebraskalegislature.gov/bills/view_bill.php?DocumentID=62074,2025,62074,https://nebraskalegislature.gov/FloorDocs/109/PDF/Intro/LR226.pdf
LR0227,2025_2026,"Cavanaugh, J.",Referral,Interim study to examine the recommendations presented to the Legislative Mental Health Care Capacity Strategic Planning Committee,https://nebraskalegislature.gov/bills/view_bill.php?DocumentID=62055,2025,62055,https://nebraskalegislature.gov/FloorDocs/109/PDF/Intro/LR227.pdf
LR0228,2025_2026,"Cavanaugh, J.",Referral,Interim study to examine and assess the adequacy of compensation for higher education faculty who primarily engage in classroom instruction within Nebraska's public institutions,https://nebraskalegislature.gov/bills/view_bill.php?DocumentID=61867,2025,61867,https://nebraskalegislature.gov/FloorDocs/109/PDF/Intro/LR228.pdf
LR0229,2025_2026,Clouse,Referral,Interim study to examine the Firefighter Cancer Benefits Act and potential changes to the act that would not include an unfunded mandate and would better serve the needs of Nebraska's paid and volunteer firefighters,https://nebraskalegislature.gov/bills/view_bill.php?DocumentID=62095,2025,62095,https://nebraskalegislature.gov/FloorDocs/109/PDF/Intro/LR229.pdf
LR0230,2025_2026,Lonowski,Referral,Interim study to examine options for allowing retired teachers to return to intermittent work at a school,https://nebraskalegislature.gov/bills/view_bill.php?DocumentID=62039,2025,62039,https://nebraskalegislature.gov/FloorDocs/109/PDF/Intro/LR230.pdf
LR0231,2025_2026,Riepe,Referral,Interim study to examine access to dental care and explore strategies to improve oral health in rural and other underserved areas of Nebraska,https://nebraskalegislature.gov/bills/view_bill.php?DocumentID=62093,2025,62093,https://nebraskalegislature.gov/FloorDocs/109/PDF/Intro/LR231.pdf
LR0232,2025_2026,Riepe,Referral,Interim study to examine regulatory restrictions and opportunities in medical education in order to strengthen the medical workforce in rural and other underserved areas of Nebraska,https://nebraskalegislature.gov/bills/view_bill.php?DocumentID=62094,2025,62094,https://nebraskalegislature.gov/FloorDocs/109/PDF/Intro/LR232.pdf
LR0233,2025_2026,Quick,Referral,"Interim study to examine issues relating to state agency guidance documents, rules, and regulations",https://nebraskalegislature.gov/bills/view_bill.php?DocumentID=62103,2025,62103,https://nebraskalegislature.gov/FloorDocs/109/PDF/Intro/LR233.pdf
LR0234,2025_2026,Storm,Referral,Interim study to examine the impact of the net-zero plans and goals of public power utilities,https://nebraskalegislature.gov/bills/view_bill.php?DocumentID=62038,2025,62038,https://nebraskalegislature.gov/FloorDocs/109/PDF/Intro/LR234.pdf
LR0235,2025_2026,Wordekemper,Referral,"Interim study to examine the approval process, personnel involved, and costs associated with controlled burn permits",https://nebraskalegislature.gov/bills/view_bill.php?DocumentID=62051,2025,62051,https://nebraskalegislature.gov/FloorDocs/109/PDF/Intro/LR235.pdf
LR0236,2025_2026,Wordekemper,Referral,"Interim study to explore the impact of genetic testing and its utilization within the life insurance industry, the effects of such testing in other states, and the role of insurance companies in this context",https://nebraskalegislature.gov/bills/view_bill.php?DocumentID=62075,2025,62075,https://nebraskalegislature.gov/FloorDocs/109/PDF/Intro/LR236.pdf
LR0237,2025_2026,Wordekemper,Referral,Interim study to examine the data collection and reporting structure for emergency medical services data,https://nebraskalegislature.gov/bills/view_bill.php?DocumentID=62080,2025,62080,https://nebraskalegislature.gov/FloorDocs/109/PDF/Intro/LR237.pdf
LR0238,2025_2026,Holdcroft,Referral,Interim study to determine the quality of patient services at abortion clinics in Nebraska and the nature and quality of state oversight of those clinics,https://nebraskalegislature.gov/bills/view_bill.php?DocumentID=62101,2025,62101,https://nebraskalegislature.gov/FloorDocs/109/PDF/Intro/LR238.pdf
LR0239,2025_2026,Spivey,Referral,"Interim study to examine the status and impact of food access in urban qualified census tracts, with a focus on access to fresh, nutritious food",https://nebraskalegislature.gov/bills/view_bill.php?DocumentID=62027,2025,62027,https://nebraskalegislature.gov/FloorDocs/109/PDF/Intro/LR239.pdf
LR0240,2025_2026,Spivey,Referral,"Interim study to examine how the Legislature can take a more coordinated, proactive, and intentional policy role in shaping economic development and innovation across Nebraska since the Covid-19 pandemic",https://nebraskalegislature.gov/bills/view_bill.php?DocumentID=62030,2025,62030,https://nebraskalegislature.gov/FloorDocs/109/PDF/Intro/LR240.pdf
LR0241,2025_2026,Spivey,Referral,Interim study to examine child care impacts on certified trade apprentice participation in Nebraska,https://nebraskalegislature.gov/bills/view_bill.php?DocumentID=62028,2025,62028,https://nebraskalegislature.gov/FloorDocs/109/PDF/Intro/LR241.pdf
LR0242,2025_2026,Spivey,Referral,"Interim study to examine the current structure, function, and authority of the Board of Parole",https://nebraskalegislature.gov/bills/view_bill.php?DocumentID=62025,2025,62025,https://nebraskalegislature.gov/FloorDocs/109/PDF/Intro/LR242.pdf
LR0243,2025_2026,Spivey,Referral,Interim study to examine the job opportunities for people incarcerated within the Department of Correctional Services facilities,https://nebraskalegislature.gov/bills/view_bill.php?DocumentID=62031,2025,62031,https://nebraskalegislature.gov/FloorDocs/109/PDF/Intro/LR243.pdf
LR0244,2025_2026,Spivey,Referral,Interim study to examine the state of housing for individuals returning home from incarceration in Omaha,https://nebraskalegislature.gov/bills/view_bill.php?DocumentID=62029,2025,62029,https://nebraskalegislature.gov/FloorDocs/109/PDF/Intro/LR244.pdf
LR0245,2025_2026,Spivey,Referral,"Interim study to examine the feasibility, accessibility, and potential benefits of licensed freestanding birth centers in Nebraska",https://nebraskalegislature.gov/bills/view_bill.php?DocumentID=62026,2025,62026,https://nebraskalegislature.gov/FloorDocs/109/PDF/Intro/LR245.pdf
LR0246,2025_2026,Spivey,Referral,Interim study to examine the use of juvenile restrictive housing and room confinement in Nebraska,https://nebraskalegislature.gov/bills/view_bill.php?DocumentID=62024,2025,62024,https://nebraskalegislature.gov/FloorDocs/109/PDF/Intro/LR246.pdf
LR0247,2025_2026,Spivey,Referral,Interim study to examine the continued use of restrictive housing and solitary confinement in Nebraska's correctional facilities,https://nebraskalegislature.gov/bills/view_bill.php?DocumentID=62023,2025,62023,https://nebraskalegislature.gov/FloorDocs/109/PDF/Intro/LR247.pdf
LR0248,2025_2026,von Gillern,Referral,"Interim study to examine State Capitol building improvements including lighting, workstations, and safety of building exits",https://nebraskalegislature.gov/bills/view_bill.php?DocumentID=62041,2025,62041,https://nebraskalegislature.gov/FloorDocs/109/PDF/Intro/LR248.pdf
LR0249,2025_2026,"Cavanaugh, M.",Referral,Interim study to examine the feasibility and benefits of establishing a ways and means committee to enhance coordination and collaboration between the Revenue Committee and the Appropriations Committee of the Legislature,https://nebraskalegislature.gov/bills/view_bill.php?DocumentID=62037,2025,62037,https://nebraskalegislature.gov/FloorDocs/109/PDF/Intro/LR249.pdf
LR0250,2025_2026,Andersen,Referral,Interim study to examine whether power companies should be exempt from the Secure Drone Purchasing Act,https://nebraskalegislature.gov/bills/view_bill.php?DocumentID=61981,2025,61981,https://nebraskalegislature.gov/FloorDocs/109/PDF/Intro/LR250.pdf
LR0251,2025_2026,Guereca,Referral,Interim study to examine the adequacy and accessibility of transportation options for people with disabilities in Nebraska,https://nebraskalegislature.gov/bills/view_bill.php?DocumentID=62088,2025,62088,https://nebraskalegislature.gov/FloorDocs/109/PDF/Intro/LR251.pdf
LR0252,2025_2026,Brandt,Adopted,Recognize and thank Erwin H. Schopp for his service to the United States,https://nebraskalegislature.gov/bills/view_bill.php?DocumentID=61850,2025,61850,https://nebraskalegislature.gov/FloorDocs/109/PDF/Intro/LR252.pdf
LR0253,2025_2026,Hardin,Referral,"Interim study to examine the county initiative and referendum process as proposed by LB629, 2025",https://nebraskalegislature.gov/bills/view_bill.php?DocumentID=62180,2025,62180,https://nebraskalegislature.gov/FloorDocs/109/PDF/Intro/LR253.pdf
LR0254,2025_2026,Clements,Referral,"Interim study to examine potential adjustments to the collection of motor vehicle tax, motor vehicle tax distribution schemes, motor vehicle fees, and other revenue sources due to the potential elimination of the Nebraska inheritance tax",https://nebraskalegislature.gov/bills/view_bill.php?DocumentID=62076,2025,62076,https://nebraskalegislature.gov/FloorDocs/109/PDF/Intro/LR254.pdf
LR0255,2025_2026,Andersen,Referral,"Interim study to examine the fiscal, constitutional, and administrative implications of adopting LR12CA, 2025, which proposes reforms to Nebraska's property tax system",https://nebraskalegislature.gov/bills/view_bill.php?DocumentID=61948,2025,61948,https://nebraskalegislature.gov/FloorDocs/109/PDF/Intro/LR255.pdf
LR0256,2025_2026,Bostar,Referral,"Interim study to examine the trend of increasing numbers of Nebraska voters who register as nonpartisan and how these voters are restricted from fully participating in partisan primary elections for some statewide, federal, and local offices",https://nebraskalegislature.gov/bills/view_bill.php?DocumentID=62056,2025,62056,https://nebraskalegislature.gov/FloorDocs/109/PDF/Intro/LR256.pdf
LR0257,2025_2026,Bostar,Referral,Interim study to examine foreign and domestic threats to Nebraska agriculture,https://nebraskalegislature.gov/bills/view_bill.php?DocumentID=62096,2025,62096,https://nebraskalegislature.gov/FloorDocs/109/PDF/Intro/LR257.pdf
LR0258,2025_2026,Armendariz,Referral,Interim study to examine a philanthropic endowment and location to host a week-long camp for certain children who live in low-income urban areas to learn about agriculture,https://nebraskalegislature.gov/bills/view_bill.php?DocumentID=62090,2025,62090,https://nebraskalegislature.gov/FloorDocs/109/PDF/Intro/LR258.pdf
LR0259,2025_2026,Armendariz,Referral,"Interim study to examine the feasibility, benefits, and framework for establishing a high school agriculture student exchange program within Nebraska modeled after foreign student exchange programs",https://nebraskalegislature.gov/bills/view_bill.php?DocumentID=62091,2025,62091,https://nebraskalegislature.gov/FloorDocs/109/PDF/Intro/LR259.pdf
LR0260,2025_2026,Dover,Referral,Interim study to determine the return on investment per kilowatt hour for businesses that choose to locate and set up their businesses in Nebraska,https://nebraskalegislature.gov/bills/view_bill.php?DocumentID=62104,2025,62104,https://nebraskalegislature.gov/FloorDocs/109/PDF/Intro/LR260.pdf
LR0261,2025_2026,Ibach,Referral,"Interim study to examine the fiscal impact of unfunded, statutorily mandated tuition and fee waivers on Nebraska's public university, state colleges, community colleges, and the Coordinating Commission for Postsecondary Education",https://nebraskalegislature.gov/bills/view_bill.php?DocumentID=62043,2025,62043,https://nebraskalegislature.gov/FloorDocs/109/PDF/Intro/LR261.pdf
LR0262,2025_2026,Prokop,Adopted,Congratulate Mary Abebe for earning the 2025 Scottish Rite Educator of the Year award,https://nebraskalegislature.gov/bills/view_bill.php?DocumentID=62124,2025,62124,https://nebraskalegislature.gov/FloorDocs/109/PDF/Intro/LR262.pdf
LR0263,2025_2026,Jacobson,Adopted,Congratulate Dr. Byron Barksdale for earning the 2025 J.G. Elliot Award,https://nebraskalegislature.gov/bills/view_bill.php?DocumentID=62129,2025,62129,https://nebraskalegislature.gov/FloorDocs/109/PDF/Intro/LR263.pdf
LR0264,2025_2026,Clouse,Adopted,Congratulate Dalton Jensen for earning the NCAA Division II Coach of the year from the Open Mat publication,https://nebraskalegislature.gov/bills/view_bill.php?DocumentID=61736,2025,61736,https://nebraskalegislature.gov/FloorDocs/109/PDF/Intro/LR264.pdf
LR0265,2025_2026,Spivey,Adopted,Congratulate John Ewing Jr. on his election as the first black Mayor of Omaha and commend him for his decades of exemplary public service,https://nebraskalegislature.gov/bills/view_bill.php?DocumentID=62223,2025,62223,https://nebraskalegislature.gov/FloorDocs/109/PDF/Intro/LR265.pdf
LR0266,2025_2026,Clouse,Adopted,Recognize Roger Jasnoch on his retirement and congratulate him on receiving the Celebrate Tourism Award for thirty-eight years of service to Kearney and Buffalo County,https://nebraskalegislature.gov/bills/view_bill.php?DocumentID=62241,2025,62241,https://nebraskalegislature.gov/FloorDocs/109/PDF/Intro/LR266.pdf
LR0267,2025_2026,DeKay,Adopted,Congratulate Jordy Bahl on earning the Big Ten Player of the Year award and the Pitcher of the Year award,https://nebraskalegislature.gov/bills/view_bill.php?DocumentID=61954,2025,61954,https://nebraskalegislature.gov/FloorDocs/109/PDF/Intro/LR267.pdf
LR0268,2025_2026,Murman,Adopted,"Extend gratitude towards the brave actions taken by Hastings firefighters Chance Bronson, Jonas Marshall, Colby Jensen, and Thomas Treffler",https://nebraskalegislature.gov/bills/view_bill.php?DocumentID=62126,2025,62126,https://nebraskalegislature.gov/FloorDocs/109/PDF/Intro/LR268.pdf
LR0269,2025_2026,Arch,Adopted,Congratulate Annette Dubas on the occasion of her retirement and express appreciation for her outstanding contributions to our state,https://nebraskalegislature.gov/bills/view_bill.php?DocumentID=62277,2025,62277,https://nebraskalegislature.gov/FloorDocs/109/PDF/Intro/LR269.pdf
LR0270,2025_2026,Guereca,Adopted,Congratulate the students of the Omaha South High School JROTC for earning first place at the Battalion Regional Raider competition,https://nebraskalegislature.gov/bills/view_bill.php?DocumentID=62127,2025,62127,https://nebraskalegislature.gov/FloorDocs/109/PDF/Intro/LR270.pdf
LR0271,2025_2026,Murman,Adopted,Congratulate Ben Robison for earning the 2025 FFA Advisor of the Year Award,https://nebraskalegislature.gov/bills/view_bill.php?DocumentID=62125,2025,62125,https://nebraskalegislature.gov/FloorDocs/109/PDF/Intro/LR271.pdf
LR0272,2025_2026,Prokop,Adopted,Congratulate the Lincoln Southwest High School girls soccer team for winning the 2025 Class A state championship,https://nebraskalegislature.gov/bills/view_bill.php?DocumentID=62270,2025,62270,https://nebraskalegislature.gov/FloorDocs/109/PDF/Intro/LR272.pdf
LR0273,2025_2026,"Cavanaugh, J.",Adopted,Congratulate the 1975 University of Nebraska at Omaha women's softball team on the fiftieth anniversary of their victory in the AIAW Women's College World Series,https://nebraskalegislature.gov/bills/view_bill.php?DocumentID=62128,2025,62128,https://nebraskalegislature.gov/FloorDocs/109/PDF/Intro/LR273.pdf
LR0274,2025_2026,Storer,Adopted,Congratulate Wayne Mills and Post 3576 in Broken Bow on receiving the Celebrating 80 Years of Victory medal,https://nebraskalegislature.gov/bills/view_bill.php?DocumentID=62130,2025,62130,https://nebraskalegislature.gov/FloorDocs/109/PDF/Intro/LR274.pdf
LR0275,2025_2026,Raybould,Adopted,Recognize Steve Hennessy for overcoming great adversity in his life and for his dedication and commitment to the people he worked with and befriended in his job and his community,https://nebraskalegislature.gov/bills/view_bill.php?DocumentID=62352,2025,62352,https://nebraskalegislature.gov/FloorDocs/109/PDF/Intro/LR275.pdf
LR0276,2025_2026,Fredrickson,Adopted,Congratulate Andrew Ozaki on his retirement and express sincere appreciation for his outstanding contributions to our state,https://nebraskalegislature.gov/bills/view_bill.php?DocumentID=62347,2025,62347,https://nebraskalegislature.gov/FloorDocs/109/PDF/Intro/LR276.pdf
LR0277,2025_2026,Clements,Adopted,Congratulate Casey Clements on her selection as 2025 NCA-Hudl Cheer Coach of the Year,https://nebraskalegislature.gov/bills/view_bill.php?DocumentID=62369,2025,62369,https://nebraskalegislature.gov/FloorDocs/109/PDF/Intro/LR277.pdf
LR0278,2025_2026,Bostar,Adopted,Recognize the Nebraska Public Power District for its purchase of the two hundred acres of farmland,https://nebraskalegislature.gov/bills/view_bill.php?DocumentID=62288,2025,62288,https://nebraskalegislature.gov/FloorDocs/109/PDF/Intro/LR278.pdf
LR0279,2025_2026,Executive Board Committee,Referral,Interim study to examine the feasibility and potential benefits of establishing a new division within the Legislative Council that would perform the functions generally associated with a human resources department,https://nebraskalegislature.gov/bills/view_bill.php?DocumentID=62514,2025,62514,https://nebraskalegislature.gov/FloorDocs/109/PDF/Intro/LR279.pdf
LR0280,2025_2026,Agriculture Committee,Referral,Interim study to examine the Livestock Brand Act and the role and mission of the Nebraska Brand Committee,https://nebraskalegislature.gov/bills/view_bill.php?DocumentID=62287,2025,62287,https://nebraskalegislature.gov/FloorDocs/109/PDF/Intro/LR280.pdf
LR0281,2025_2026,Business and Labor Committee,Referral,Interim study to review occupational regulations for elevator mechanics and elevator contractors,https://nebraskalegislature.gov/bills/view_bill.php?DocumentID=62566,2025,62566,https://nebraskalegislature.gov/FloorDocs/109/PDF/Intro/LR281.pdf
LB0304A,2025_2026,DeBoer,Passed,Appropriation Bill,https://nebraskalegislature.gov/bills/view_bill.php?DocumentID=65965,2026,65965,https://nebraskalegislature.gov/FloorDocs/109/PDF/Intro/LB304A.pdf
LB0365A,2025_2026,Quick,Passed,Appropriation Bill,https://nebraskalegislature.gov/bills/view_bill.php?DocumentID=64471,2026,64471,https://nebraskalegislature.gov/FloorDocs/109/PDF/Intro/LB365A.pdf
LB0525A,2025_2026,Jacobson,Indefinitely postponed,Appropriation Bill,https://nebraskalegislature.gov/bills/view_bill.php?DocumentID=66028,2026,66028,https://nebraskalegislature.gov/FloorDocs/109/PDF/Intro/LB525A.pdf
LB0716,2025_2026,"Executive Board: Hansen, Chairperson",Passed,Revisor's bill to eliminate obsolete provisions and provisions that have terminated,https://nebraskalegislature.gov/bills/view_bill.php?DocumentID=63242,2026,63242,https://nebraskalegislature.gov/FloorDocs/109/PDF/Intro/LB716.pdf
LB0717,2025_2026,Jacobson,Passed,"Adopt changes to federal law regarding banking and finance, change provisions relating to control of certain banks and trust companies, digital asset depository institutions, interest rates on certain loans, installment loans, mortgage loan originators, mortgage bankers, and the Nebraska Money Transmitters Act, and change references to the Nebraska Money Transmitters Act in the Controllable Electronic Record Fraud Prevention Act",https://nebraskalegislature.gov/bills/view_bill.php?DocumentID=63126,2026,63126,https://nebraskalegislature.gov/FloorDocs/109/PDF/Intro/LB717.pdf
LB0718,2025_2026,Jacobson,Passed,"Change provisions relating to examination, permit issuance, and disciplinary actions regarding certified public accountants",https://nebraskalegislature.gov/bills/view_bill.php?DocumentID=62654,2026,62654,https://nebraskalegislature.gov/FloorDocs/109/PDF/Intro/LB718.pdf
LB0719,2025_2026,Jacobson,Passed,Redefine a term under the Nebraska Rural Projects Act,https://nebraskalegislature.gov/bills/view_bill.php?DocumentID=63119,2026,63119,https://nebraskalegislature.gov/FloorDocs/109/PDF/Intro/LB719.pdf
LB0720,2025_2026,Quick,Passed,Create a temporary event license for body artists under the Uniform Credentialing Act,https://nebraskalegislature.gov/bills/view_bill.php?DocumentID=63096,2026,63096,https://nebraskalegislature.gov/FloorDocs/109/PDF/Intro/LB720.pdf
LB0721,2025_2026,Quick,Passed,Change provisions relating to eligibility for grants under the Intergenerational Care Facility Incentive Grant Program,https://nebraskalegislature.gov/bills/view_bill.php?DocumentID=63052,2026,63052,https://nebraskalegislature.gov/FloorDocs/109/PDF/Intro/LB721.pdf
LB0722,2025_2026,Quick,Passed,Provide for use of the Behavioral Health Services Fund for individuals with substance use disorder,https://nebraskalegislature.gov/bills/view_bill.php?DocumentID=62825,2026,62825,https://nebraskalegislature.gov/FloorDocs/109/PDF/Intro/LB722.pdf
LB0723,2025_2026,Quick,Indefinitely postponed,Provide for implementation of community engagement requirements under the Medical Assistance Act,https://nebraskalegislature.gov/bills/view_bill.php?DocumentID=63198,2026,63198,https://nebraskalegislature.gov/FloorDocs/109/PDF/Intro/LB723.pdf
LB0724,2025_2026,Quick,Indefinitely postponed,Require the Department of Health and Human Services to conduct a cost study of behavioral health care rates,https://nebraskalegislature.gov/bills/view_bill.php?DocumentID=63229,2026,63229,https://nebraskalegislature.gov/FloorDocs/109/PDF/Intro/LB724.pdf
LB0725,2025_2026,Quick,Indefinitely postponed,Change provisions of the State Electrical Act,https://nebraskalegislature.gov/bills/view_bill.php?DocumentID=62770,2026,62770,https://nebraskalegislature.gov/FloorDocs/109/PDF/Intro/LB725.pdf
LB0726,2025_2026,Quick,Indefinitely postponed,Update references to the National Electrical Code in the State Electrical Act,https://nebraskalegislature.gov/bills/view_bill.php?DocumentID=62771,2026,62771,https://nebraskalegislature.gov/FloorDocs/109/PDF/Intro/LB726.pdf
LB0727,2025_2026,Kauth,Passed,"Authorize law enforcement agencies to obtain, maintain, and possess epinephrine autoinjectors and nasal epinephrine for use by a law enforcement officer and require training",https://nebraskalegislature.gov/bills/view_bill.php?DocumentID=63026,2026,63026,https://nebraskalegislature.gov/FloorDocs/109/PDF/Intro/LB727.pdf
LB0728,2025_2026,Kauth,Indefinitely postponed,Require proxy advisors for companies to disclose whether a financial analysis was used for proxy services,https://nebraskalegislature.gov/bills/view_bill.php?DocumentID=62883,2026,62883,https://nebraskalegislature.gov/FloorDocs/109/PDF/Intro/LB728.pdf
LB0729,2025_2026,Kauth,Withdrawn,Adopt the Biometric Autonomy Liberty Law,https://nebraskalegislature.gov/bills/view_bill.php?DocumentID=62639,2026,62639,https://nebraskalegislature.gov/FloorDocs/109/PDF/Intro/LB729.pdf
LB0730,2025_2026,Kauth,Indefinitely postponed,"Require schools and state agencies to designate restrooms and locker rooms based on sex and require state agencies to define an individual's sex as either male or female for purposes of rules and regulations, the enforcement of administrative actions, and adjudication of disputes",https://nebraskalegislature.gov/bills/view_bill.php?DocumentID=62661,2026,62661,https://nebraskalegislature.gov/FloorDocs/109/PDF/Intro/LB730.pdf
LB0731,2025_2026,Kauth,Indefinitely postponed,"Adopt the Gender Transition Malpractice Accountability Act, provide an exemption to the time limitation to commence certain actions relating to professional negligence, require insurance coverage for certain treatments and procedures arising as a result of a gender-altering procedure, and change provisions relating to civil actions under the Let Them Grow Act",https://nebraskalegislature.gov/bills/view_bill.php?DocumentID=62603,2026,62603,https://nebraskalegislature.gov/FloorDocs/109/PDF/Intro/LB731.pdf
LB0732,2025_2026,Kauth,Indefinitely postponed,Change provisions relating to the ability of a health care practitioner to provide cross-sex hormones and puberty blockers under the Let Them Grow Act,https://nebraskalegislature.gov/bills/view_bill.php?DocumentID=63353,2026,63353,https://nebraskalegislature.gov/FloorDocs/109/PDF/Intro/LB732.pdf
LB0733,2025_2026,Riepe,Indefinitely postponed,Change the name of the Division of Developmental Disabilities to the Division of Disability and Aging within the Department of Health and Human Services,https://nebraskalegislature.gov/bills/view_bill.php?DocumentID=62723,2026,62723,https://nebraskalegislature.gov/FloorDocs/109/PDF/Intro/LB733.pdf
LB0734,2025_2026,Hunt,Indefinitely postponed,Change waiver of work requirements under the Supplemental Nutrition Assistance Program,https://nebraskalegislature.gov/bills/view_bill.php?DocumentID=62861,2026,62861,https://nebraskalegislature.gov/FloorDocs/109/PDF/Intro/LB734.pdf
LB0735,2025_2026,Rountree,Indefinitely postponed,Adopt the Respiratory Care Interstate Compact,https://nebraskalegislature.gov/bills/view_bill.php?DocumentID=62598,2026,62598,https://nebraskalegislature.gov/FloorDocs/109/PDF/Intro/LB735.pdf
LB0736,2025_2026,Rountree,Indefinitely postponed,Adopt the Athletic Trainer Compact,https://nebraskalegislature.gov/bills/view_bill.php?DocumentID=62925,2026,62925,https://nebraskalegislature.gov/FloorDocs/109/PDF/Intro/LB736.pdf
LB0737,2025_2026,Rountree,Passed,Require a joint public hearing to evaluate the progress of the Olmstead plan for individuals with disabilities,https://nebraskalegislature.gov/bills/view_bill.php?DocumentID=63128,2026,63128,https://nebraskalegislature.gov/FloorDocs/109/PDF/Intro/LB737.pdf
LB0738,2025_2026,Rountree,Indefinitely postponed,Provide for Honoring Women Veterans license plates,https://nebraskalegislature.gov/bills/view_bill.php?DocumentID=62769,2026,62769,https://nebraskalegislature.gov/FloorDocs/109/PDF/Intro/LB738.pdf
LB0739,2025_2026,Rountree,Indefinitely postponed,Change notice requirements for a petition to change an individual's name,https://nebraskalegislature.gov/bills/view_bill.php?DocumentID=62863,2026,62863,https://nebraskalegislature.gov/FloorDocs/109/PDF/Intro/LB739.pdf
LB0740,2025_2026,McKinney,Indefinitely postponed,Adopt the Housing First Supportive Services Act and require the Department of Health and Human Services to seek federal approval for coverage under the Medical Assistance Act,https://nebraskalegislature.gov/bills/view_bill.php?DocumentID=63166,2026,63166,https://nebraskalegislature.gov/FloorDocs/109/PDF/Intro/LB740.pdf
LB0741,2025_2026,McKinney,Passed,Change the membership of the Racial Profiling Advisory Committee and the Nebraska Children's Commission,https://nebraskalegislature.gov/bills/view_bill.php?DocumentID=62754,2026,62754,https://nebraskalegislature.gov/FloorDocs/109/PDF/Intro/LB741.pdf
LB0742,2025_2026,McKinney,Indefinitely postponed,Provide requirements relating to the participation of seventh and eighth grade students in high school sports,https://nebraskalegislature.gov/bills/view_bill.php?DocumentID=62951,2026,62951,https://nebraskalegislature.gov/FloorDocs/109/PDF/Intro/LB742.pdf
LB0743,2025_2026,Juarez,Passed,Change provisions relating to optional benefit forms under the Police Officers Retirement Act,https://nebraskalegislature.gov/bills/view_bill.php?DocumentID=63110,2026,63110,https://nebraskalegislature.gov/FloorDocs/109/PDF/Intro/LB743.pdf
LB0744,2025_2026,Juarez,Indefinitely postponed,Include public safety communications personnel in certain provisions relating to first responders in the Nebraska Workers' Compensation Act and the Critical Incident Stress Management Act,https://nebraskalegislature.gov/bills/view_bill.php?DocumentID=63121,2026,63121,https://nebraskalegislature.gov/FloorDocs/109/PDF/Intro/LB744.pdf
LB0745,2025_2026,Juarez,Passed,Change provisions relating to the requirements for a diploma of high school equivalency,https://nebraskalegislature.gov/bills/view_bill.php?DocumentID=62750,2026,62750,https://nebraskalegislature.gov/FloorDocs/109/PDF/Intro/LB745.pdf
LB0746,2025_2026,Hardin,Indefinitely postponed,Eliminate obsolete provisions of the Population Health Information Act,https://nebraskalegislature.gov/bills/view_bill.php?DocumentID=63135,2026,63135,https://nebraskalegislature.gov/FloorDocs/109/PDF/Intro/LB746.pdf
LB0747,2025_2026,Sorrentino,Indefinitely postponed,"Change provisions relating to child labor, the Nebraska Wage Payment and Collection Act, the Contractor Registration Act, and the Employee Classification Act",https://nebraskalegislature.gov/bills/view_bill.php?DocumentID=62811,2026,62811,https://nebraskalegislature.gov/FloorDocs/109/PDF/Intro/LB747.pdf
LB0748,2025_2026,Sorrentino,Passed,Change provisions relating to the Nebraska educational savings plan trust and allow for the use of trust funds for recognized postsecondary credential programs,https://nebraskalegislature.gov/bills/view_bill.php?DocumentID=62734,2026,62734,https://nebraskalegislature.gov/FloorDocs/109/PDF/Intro/LB748.pdf
LB0749,2025_2026,Sorrentino,Passed,Change provisions relating to the calculation of tax levies for state aid to municipalities,https://nebraskalegislature.gov/bills/view_bill.php?DocumentID=62948,2026,62948,https://nebraskalegislature.gov/FloorDocs/109/PDF/Intro/LB749.pdf
LB0750,2025_2026,Spivey,Indefinitely postponed,State legislative intent relating to reimbursement for PACE program services under the Health Care Facility Licensure Act,https://nebraskalegislature.gov/bills/view_bill.php?DocumentID=63120,2026,63120,https://nebraskalegislature.gov/FloorDocs/109/PDF/Intro/LB750.pdf
LB0751,2025_2026,Spivey,Passed,Require a study to improve reporting and investigation of missing Black women and children,https://nebraskalegislature.gov/bills/view_bill.php?DocumentID=63117,2026,63117,https://nebraskalegislature.gov/FloorDocs/109/PDF/Intro/LB751.pdf
LB0752,2025_2026,Spivey,Indefinitely postponed,State intent regarding appropriations to the Department of Correctional Services,https://nebraskalegislature.gov/bills/view_bill.php?DocumentID=63283,2026,63283,https://nebraskalegislature.gov/FloorDocs/109/PDF/Intro/LB752.pdf
LB0753,2025_2026,Rountree,Passed,Provide for recognition and enforcement of military protective orders under the Protection Orders Act,https://nebraskalegislature.gov/bills/view_bill.php?DocumentID=63051,2026,63051,https://nebraskalegislature.gov/FloorDocs/109/PDF/Intro/LB753.pdf
LB0754,2025_2026,Wordekemper,Indefinitely postponed,"Change provisions relating to permits issued by the Nebraska State Patrol for the storage, use, or purchase of explosives and application requirements for display fireworks",https://nebraskalegislature.gov/bills/view_bill.php?DocumentID=62903,2026,62903,https://nebraskalegislature.gov/FloorDocs/109/PDF/Intro/LB754.pdf
LB0755,2025_2026,Wordekemper,Indefinitely postponed,Adopt the Emergency Service Peer Support Act,https://nebraskalegislature.gov/bills/view_bill.php?DocumentID=63108,2026,63108,https://nebraskalegislature.gov/FloorDocs/109/PDF/Intro/LB755.pdf
LB0756,2025_2026,Wordekemper,Indefinitely postponed,Change a motor vehicle tax exemption and a property tax exemption relating to certain disabled veterans,https://nebraskalegislature.gov/bills/view_bill.php?DocumentID=63150,2026,63150,https://nebraskalegislature.gov/FloorDocs/109/PDF/Intro/LB756.pdf
LB0757,2025_2026,von Gillern,Indefinitely postponed,Provide a sales and use tax exemption for the purchase of an aircraft to be leased between related companies,https://nebraskalegislature.gov/bills/view_bill.php?DocumentID=62942,2026,62942,https://nebraskalegislature.gov/FloorDocs/109/PDF/Intro/LB757.pdf
LB0758,2025_2026,von Gillern,Passed,"Change provisions relating to nontestamentary transfers on death, and evidence of ownership to obtain a certificate of title and provide a method for a beneficiary charitable organization to receive property or information",https://nebraskalegislature.gov/bills/view_bill.php?DocumentID=62763,2026,62763,https://nebraskalegislature.gov/FloorDocs/109/PDF/Intro/LB758.pdf
LB0759,2025_2026,Brandt,Passed,"Change fees and funding for solid waste management, water wells, livestock regulation, hazardous waste management, clean water regulation, and litter reduction and recycling, change membership of a board, provide penalties and enforcement provisions for geologic storage of carbon dioxide, provide for entry upon property for the Perkins County Canal, correct references to and change jurisdiction of the Department of Water, Energy, and Environment, and require local governments to regulate operation of swimming pools, recreation camps, and mobile home parks",https://nebraskalegislature.gov/bills/view_bill.php?DocumentID=62798,2026,62798,https://nebraskalegislature.gov/FloorDocs/109/PDF/Intro/LB759.pdf
LB0759A,2025_2026,Brandt,Indefinitely postponed,Appropriation Bill,https://nebraskalegislature.gov/bills/view_bill.php?DocumentID=65323,2026,65323,https://nebraskalegislature.gov/FloorDocs/109/PDF/Intro/LB759A.pdf
LB0760,2025_2026,Brandt,Indefinitely postponed,Change and eliminate provisions of the Environmental Safety Act,https://nebraskalegislature.gov/bills/view_bill.php?DocumentID=62915,2026,62915,https://nebraskalegislature.gov/FloorDocs/109/PDF/Intro/LB760.pdf
LB0761,2025_2026,Brandt,Indefinitely postponed,"Create a fund and change provisions relating to water well fees, use of funds, and powers and duties of the Department of Water, Energy, and Environment",https://nebraskalegislature.gov/bills/view_bill.php?DocumentID=62824,2026,62824,https://nebraskalegislature.gov/FloorDocs/109/PDF/Intro/LB761.pdf
LB0762,2025_2026,Dungan,Passed,Require insurance coverage of pediatric autoimmune disorders,https://nebraskalegislature.gov/bills/view_bill.php?DocumentID=62636,2026,62636,https://nebraskalegislature.gov/FloorDocs/109/PDF/Intro/LB762.pdf
LB0763,2025_2026,Holdcroft,Indefinitely postponed,Exempt certain gatherings of members of the Board of Parole from the Open Meetings Act,https://nebraskalegislature.gov/bills/view_bill.php?DocumentID=62846,2026,62846,https://nebraskalegislature.gov/FloorDocs/109/PDF/Intro/LB763.pdf
LB0764,2025_2026,Holdcroft,Passed,Provide for certain Department of Correctional Services employees to be law enforcement officers,https://nebraskalegislature.gov/bills/view_bill.php?DocumentID=62841,2026,62841,https://nebraskalegislature.gov/FloorDocs/109/PDF/Intro/LB764.pdf
LB0765,2025_2026,Holdcroft,Indefinitely postponed,Change provisions relating to elections for school district bonds and bonds issued by a joint entity that includes a Nebraska school district or educational service unit,https://nebraskalegislature.gov/bills/view_bill.php?DocumentID=62582,2026,62582,https://nebraskalegislature.gov/FloorDocs/109/PDF/Intro/LB765.pdf
LB0766,2025_2026,Holdcroft,Withdrawn,"Change and eliminate provisions relating to licensed racetrack enclosures, licenses and wagering on horseracing, assistance to problem gamblers, the Nebraska Commission on Problem Gambling, the Charitable Gaming Division of the Department of Revenue, keno at licensed racetrack enclosures, and the Compulsive Gamblers Assistance Fund",https://nebraskalegislature.gov/bills/view_bill.php?DocumentID=62780,2026,62780,https://nebraskalegislature.gov/FloorDocs/109/PDF/Intro/LB766.pdf
LB0767,2025_2026,Holdcroft,Indefinitely postponed,Adopt the Certified Help Options in Claims Expertise for Veterans Act,https://nebraskalegislature.gov/bills/view_bill.php?DocumentID=62968,2026,62968,https://nebraskalegislature.gov/FloorDocs/109/PDF/Intro/LB767.pdf
LB0768,2025_2026,Dover,Passed,"Provide powers for the Nebraska Investment Finance Authority and change provisions relating to the Nebraska Affordable Housing Act, the Rural Workforce Housing Investment Act, and the Middle Income Workforce Housing Investment Act",https://nebraskalegislature.gov/bills/view_bill.php?DocumentID=62938,2026,62938,https://nebraskalegislature.gov/FloorDocs/109/PDF/Intro/LB768.pdf
LB0769,2025_2026,DeKay,Indefinitely postponed,"Provide for University of Nebraska State Museum License Plates, provide duties to the Department of Motor Vehicles and the University of Nebraska, and create a fund",https://nebraskalegislature.gov/bills/view_bill.php?DocumentID=62966,2026,62966,https://nebraskalegislature.gov/FloorDocs/109/PDF/Intro/LB769.pdf
LB0770,2025_2026,DeKay,Indefinitely postponed,Authorize fees for the collection of certain taxes of reclamation districts and county agricultural societies and change the distribution of the nameplate capacity tax,https://nebraskalegislature.gov/bills/view_bill.php?DocumentID=62786,2026,62786,https://nebraskalegislature.gov/FloorDocs/109/PDF/Intro/LB770.pdf
LB0771,2025_2026,Ballard,Passed,Change provisions relating to dynamic pricing used by transportation network companies,https://nebraskalegislature.gov/bills/view_bill.php?DocumentID=62975,2026,62975,https://nebraskalegislature.gov/FloorDocs/109/PDF/Intro/LB771.pdf
LB0772,2025_2026,"Cavanaugh, M.",Indefinitely postponed,Eliminate provisions allowing certain transfers of funds,https://nebraskalegislature.gov/bills/view_bill.php?DocumentID=62842,2026,62842,https://nebraskalegislature.gov/FloorDocs/109/PDF/Intro/LB772.pdf
LB0773,2025_2026,Dungan,Indefinitely postponed,Eliminate a sunset date and change provisions of the Nebraska Prenatal Plus Program,https://nebraskalegislature.gov/bills/view_bill.php?DocumentID=63072,2026,63072,https://nebraskalegislature.gov/FloorDocs/109/PDF/Intro/LB773.pdf
LB0774,2025_2026,"Cavanaugh, M.",Withdrawn,Create the Rural Health Transformation Program Fund to be administered by the Department of Health and Human Services,https://nebraskalegislature.gov/bills/view_bill.php?DocumentID=63158,2026,63158,https://nebraskalegislature.gov/FloorDocs/109/PDF/Intro/LB774.pdf
LB0775,2025_2026,"Cavanaugh, M.",Withdrawn,Create the Rural Health Transformation Program within the Department of Health and Human Services,https://nebraskalegislature.gov/bills/view_bill.php?DocumentID=63151,2026,63151,https://nebraskalegislature.gov/FloorDocs/109/PDF/Intro/LB775.pdf
LB0776,2025_2026,"Cavanaugh, M.",Indefinitely postponed,Provide a duty for each state agency to examine fees charged,https://nebraskalegislature.gov/bills/view_bill.php?DocumentID=62843,2026,62843,https://nebraskalegislature.gov/FloorDocs/109/PDF/Intro/LB776.pdf
LB0777,2025_2026,"Cavanaugh, M.",Indefinitely postponed,Provide for eligibility and reporting requirements under the medical assistance program,https://nebraskalegislature.gov/bills/view_bill.php?DocumentID=63075,2026,63075,https://nebraskalegislature.gov/FloorDocs/109/PDF/Intro/LB777.pdf
LB0778,2025_2026,Dungan,Passed,Change grant eligibility provisions under the Civic and Community Center Financing Act,https://nebraskalegislature.gov/bills/view_bill.php?DocumentID=63172,2026,63172,https://nebraskalegislature.gov/FloorDocs/109/PDF/Intro/LB778.pdf
LB0779,2025_2026,Conrad,Indefinitely postponed,Provide requirements for health care facilities and collection agencies relating to medical debt,https://nebraskalegislature.gov/bills/view_bill.php?DocumentID=63223,2026,63223,https://nebraskalegislature.gov/FloorDocs/109/PDF/Intro/LB779.pdf
LB0780,2025_2026,Dungan,Indefinitely postponed,Require insurance coverage of eating disorders,https://nebraskalegislature.gov/bills/view_bill.php?DocumentID=63043,2026,63043,https://nebraskalegislature.gov/FloorDocs/109/PDF/Intro/LB780.pdf
LB0781,2025_2026,Ballard,Passed,Adopt updates to federal law relating to motor vehicles and motor carriers and change civil penalties against certain motor carriers,https://nebraskalegislature.gov/bills/view_bill.php?DocumentID=62767,2026,62767,https://nebraskalegislature.gov/FloorDocs/109/PDF/Intro/LB781.pdf
LB0782,2025_2026,Riepe,Indefinitely postponed,Change the percentage of the tax on gross proceeds submitted to the Department of Revenue under the Nebraska County and City Lottery Act,https://nebraskalegislature.gov/bills/view_bill.php?DocumentID=62930,2026,62930,https://nebraskalegislature.gov/FloorDocs/109/PDF/Intro/LB782.pdf
LB0783,2025_2026,Hallstrom,Passed,Adopt the Uniform Assignment for Benefit of Creditors Act and provide an exemption to the documentary stamp tax,https://nebraskalegislature.gov/bills/view_bill.php?DocumentID=62866,2026,62866,https://nebraskalegislature.gov/FloorDocs/109/PDF/Intro/LB783.pdf
LB0784,2025_2026,Hallstrom,Passed,"Change residency requirements for sheriffs in certain counties, requirements for uniforms for sheriffs and deputies, and continuing education requirements for law enforcement officers",https://nebraskalegislature.gov/bills/view_bill.php?DocumentID=62813,2026,62813,https://nebraskalegislature.gov/FloorDocs/109/PDF/Intro/LB784.pdf
LB0785,2025_2026,Hallstrom,Indefinitely postponed,Prohibit conduct involving mail receptacle keys and locks with the intent to defraud or deprive another of property,https://nebraskalegislature.gov/bills/view_bill.php?DocumentID=62759,2026,62759,https://nebraskalegislature.gov/FloorDocs/109/PDF/Intro/LB785.pdf
LB0786,2025_2026,Sanders,Indefinitely postponed,"Change provisions relating to Military Honor Plates under the Motor Vehicle Registration Act, create a fund, provide for grants to certain needy service members, and provide duties to the Adjutant General",https://nebraskalegislature.gov/bills/view_bill.php?DocumentID=62974,2026,62974,https://nebraskalegislature.gov/FloorDocs/109/PDF/Intro/LB786.pdf
LB0787,2025_2026,Sanders,Passed,Change provisions relating to the Commission on Military and Veterans Affairs and eliminate provisions relating to veterans homes,https://nebraskalegislature.gov/bills/view_bill.php?DocumentID=62778,2026,62778,https://nebraskalegislature.gov/FloorDocs/109/PDF/Intro/LB787.pdf
LB0788,2025_2026,Bosn,Passed,Change the administrator of the Financial Fraud Victims' Reimbursement Fund from the Attorney General to the Nebraska State Patrol,https://nebraskalegislature.gov/bills/view_bill.php?DocumentID=63080,2026,63080,https://nebraskalegislature.gov/FloorDocs/109/PDF/Intro/LB788.pdf
LB0789,2025_2026,Bosn,Indefinitely postponed,Provide an exclusion from the hearsay rule for a statement offered against a party that wrongfully caused the declarant's unavailability,https://nebraskalegislature.gov/bills/view_bill.php?DocumentID=62844,2026,62844,https://nebraskalegislature.gov/FloorDocs/109/PDF/Intro/LB789.pdf
LB0790,2025_2026,Bosn,Indefinitely postponed,Change sanctions available for substance abuse violations of parole,https://nebraskalegislature.gov/bills/view_bill.php?DocumentID=62998,2026,62998,https://nebraskalegislature.gov/FloorDocs/109/PDF/Intro/LB790.pdf
LB0791,2025_2026,Raybould,Withdrawn,Provide a contribution limit for candidate and ballot question committees under the Nebraska Political Accountability and Disclosure Act,https://nebraskalegislature.gov/bills/view_bill.php?DocumentID=63236,2026,63236,https://nebraskalegislature.gov/FloorDocs/109/PDF/Intro/LB791.pdf
LB0792,2025_2026,Raybould,Indefinitely postponed,Eliminate an applicability provision of the Family Home Visitation Act,https://nebraskalegislature.gov/bills/view_bill.php?DocumentID=62829,2026,62829,https://nebraskalegislature.gov/FloorDocs/109/PDF/Intro/LB792.pdf
LB0793,2025_2026,Spivey,Indefinitely postponed,Change liability insurance and financial responsibility requirements relating to motor vehicles,https://nebraskalegislature.gov/bills/view_bill.php?DocumentID=63136,2026,63136,https://nebraskalegislature.gov/FloorDocs/109/PDF/Intro/LB793.pdf
LB0794,2025_2026,DeKay,Passed,"Change and eliminate provisions relating to the Healthy Soils Task Force, require the Department of Agriculture to submit related documentation, and provide powers to natural resources districts regarding soil and water practices",https://nebraskalegislature.gov/bills/view_bill.php?DocumentID=62733,2026,62733,https://nebraskalegislature.gov/FloorDocs/109/PDF/Intro/LB794.pdf
LB0795,2025_2026,DeKay,Passed,"Designate bromazolam as a controlled substance under the Uniform Controlled Substances Act, correct the spelling of certain controlled substances, and enhance penalties for certain controlled substance offenses involving fentanyl",https://nebraskalegislature.gov/bills/view_bill.php?DocumentID=62625,2026,62625,https://nebraskalegislature.gov/FloorDocs/109/PDF/Intro/LB795.pdf
LB0796,2025_2026,DeKay,Indefinitely postponed,Change provisions relating to the practice of pharmacy,https://nebraskalegislature.gov/bills/view_bill.php?DocumentID=63312,2026,63312,https://nebraskalegislature.gov/FloorDocs/109/PDF/Intro/LB796.pdf
LB0797,2025_2026,Urban Affairs Committee,Passed,Increase minimum bidding amount requirements for certain cities and villages,https://nebraskalegislature.gov/bills/view_bill.php?DocumentID=62860,2026,62860,https://nebraskalegislature.gov/FloorDocs/109/PDF/Intro/LB797.pdf
LB0798,2025_2026,Urban Affairs Committee,Passed,Change provisions relating to the composition of the planning commission of a city of the second class or village and allow a city of the second class to elect council members by ward,https://nebraskalegislature.gov/bills/view_bill.php?DocumentID=62859,2026,62859,https://nebraskalegislature.gov/FloorDocs/109/PDF/Intro/LB798.pdf
LB0799,2025_2026,Urban Affairs Committee,Indefinitely postponed,Adopt the Service Contract Reporting Act,https://nebraskalegislature.gov/bills/view_bill.php?DocumentID=62795,2026,62795,https://nebraskalegislature.gov/FloorDocs/109/PDF/Intro/LB799.pdf
LB0800,2025_2026,Urban Affairs Committee,Indefinitely postponed,Adopt updates to building and energy codes,https://nebraskalegislature.gov/bills/view_bill.php?DocumentID=62789,2026,62789,https://nebraskalegislature.gov/FloorDocs/109/PDF/Intro/LB800.pdf
LB0801,2025_2026,Urban Affairs Committee,Indefinitely postponed,Adopt updates to building and energy codes,https://nebraskalegislature.gov/bills/view_bill.php?DocumentID=62790,2026,62790,https://nebraskalegislature.gov/FloorDocs/109/PDF/Intro/LB801.pdf
LB0802,2025_2026,Revenue Committee,Indefinitely postponed,Change individual income tax rates,https://nebraskalegislature.gov/bills/view_bill.php?DocumentID=63338,2026,63338,https://nebraskalegislature.gov/FloorDocs/109/PDF/Intro/LB802.pdf
LB0803,2025_2026,Revenue Committee,Passed,"Adopt the First-Time Home Buyer Savings Account Act and change provisions relating to the Sports Arena Facility Financing Assistance Act, the Property Tax Growth Limitation Act,  the Domestic Violence and Human Trafficking Service Providers Tax Credit Act, property tax valuation and levy procedures, homestead exemptions, and income taxes",https://nebraskalegislature.gov/bills/view_bill.php?DocumentID=63336,2026,63336,https://nebraskalegislature.gov/FloorDocs/109/PDF/Intro/LB803.pdf
LB0803A,2025_2026,von Gillern,Passed,Appropriation Bill,https://nebraskalegislature.gov/bills/view_bill.php?DocumentID=65784,2026,65784,https://nebraskalegislature.gov/FloorDocs/109/PDF/Intro/LB803A.pdf
LB0804,2025_2026,Lonowski,Indefinitely postponed,"Provide confidential peer support counseling for law enforcement officers, emergency services personnel, and Nebraska National Guard personnel",https://nebraskalegislature.gov/bills/view_bill.php?DocumentID=63164,2026,63164,https://nebraskalegislature.gov/FloorDocs/109/PDF/Intro/LB804.pdf
LB0805,2025_2026,Lonowski,Indefinitely postponed,Require insurance coverage for infant cranial helmets,https://nebraskalegislature.gov/bills/view_bill.php?DocumentID=62830,2026,62830,https://nebraskalegislature.gov/FloorDocs/109/PDF/Intro/LB805.pdf
LB0806,2025_2026,Ibach,Indefinitely postponed,Provide for a grant to a city of the first class from the Site and Building Development Fund,https://nebraskalegislature.gov/bills/view_bill.php?DocumentID=63297,2026,63297,https://nebraskalegislature.gov/FloorDocs/109/PDF/Intro/LB806.pdf
LB0807,2025_2026,Ibach,Passed,Eliminate the Riparian Vegetation Management Task Force and provisions relating to grants and provide for grants relating to weed management from the Water Resources Cash Fund,https://nebraskalegislature.gov/bills/view_bill.php?DocumentID=62945,2026,62945,https://nebraskalegislature.gov/FloorDocs/109/PDF/Intro/LB807.pdf
LB0808,2025_2026,Ibach,Indefinitely postponed,Create a child care licensing pilot program under the Child Care Licensing Act,https://nebraskalegislature.gov/bills/view_bill.php?DocumentID=63272,2026,63272,https://nebraskalegislature.gov/FloorDocs/109/PDF/Intro/LB808.pdf
LB0809,2025_2026,Dover,Indefinitely postponed,Prohibit political subdivisions from enacting certain ordinances relating to landlords,https://nebraskalegislature.gov/bills/view_bill.php?DocumentID=62802,2026,62802,https://nebraskalegislature.gov/FloorDocs/109/PDF/Intro/LB809.pdf
LB0810,2025_2026,Dover,Indefinitely postponed,Provide for a deputy director and eliminate notice requirements for cease and desist orders under the Nebraska Real Estate License Act,https://nebraskalegislature.gov/bills/view_bill.php?DocumentID=62714,2026,62714,https://nebraskalegislature.gov/FloorDocs/109/PDF/Intro/LB810.pdf
LB0811,2025_2026,Dover,Indefinitely postponed,Change provisions relating to the municipalities that are authorized to form their own land banks under the Nebraska Municipal Land Bank Act,https://nebraskalegislature.gov/bills/view_bill.php?DocumentID=63159,2026,63159,https://nebraskalegislature.gov/FloorDocs/109/PDF/Intro/LB811.pdf
LB0812,2025_2026,Bostar,Indefinitely postponed,Provide requirements for the Department of Health and Human Services relating to medicaid eligibility redeterminations and community engagement,https://nebraskalegislature.gov/bills/view_bill.php?DocumentID=63177,2026,63177,https://nebraskalegislature.gov/FloorDocs/109/PDF/Intro/LB812.pdf
LB0813,2025_2026,Bostar,Indefinitely postponed,Change provisions relating to marketplace network contractors under the Employment Security Law,https://nebraskalegislature.gov/bills/view_bill.php?DocumentID=62709,2026,62709,https://nebraskalegislature.gov/FloorDocs/109/PDF/Intro/LB813.pdf
LB0814,2025_2026,Brandt,Indefinitely postponed,Change provisions relating to the valuation of agricultural land and horticultural land,https://nebraskalegislature.gov/bills/view_bill.php?DocumentID=63258,2026,63258,https://nebraskalegislature.gov/FloorDocs/109/PDF/Intro/LB814.pdf
LB0815,2025_2026,Brandt,Passed,"Provide for a tax on diesel fuels, change provisions relating to refunds for motor fuel taxes, the petroleum release remedial action fee, and the Motor Fuel Tax Enforcement and Collection Cash Fund, change and eliminate provisions of the Ethanol Development Act, and eliminate the Ethanol Production Incentive Cash Fund",https://nebraskalegislature.gov/bills/view_bill.php?DocumentID=62732,2026,62732,https://nebraskalegislature.gov/FloorDocs/109/PDF/Intro/LB815.pdf
LB0815A,2025_2026,Brandt,Passed,Appropriation Bill,https://nebraskalegislature.gov/bills/view_bill.php?DocumentID=65967,2026,65967,https://nebraskalegislature.gov/FloorDocs/109/PDF/Intro/LB815A.pdf
LB0816,2025_2026,Storer,Passed,Provide privileges and immunities relating to peer support services communications by public safety personnel and change provisions relating to emergency protective custody,https://nebraskalegislature.gov/bills/view_bill.php?DocumentID=62858,2026,62858,https://nebraskalegislature.gov/FloorDocs/109/PDF/Intro/LB816.pdf
LB0817,2025_2026,Storer,Indefinitely postponed,Enhance penalties for certain controlled substance offenses involving fentanyl,https://nebraskalegislature.gov/bills/view_bill.php?DocumentID=62995,2026,62995,https://nebraskalegislature.gov/FloorDocs/109/PDF/Intro/LB817.pdf
LB0818,2025_2026,Storer,Indefinitely postponed,Change provisions relating to penalties for domestic assault and assault by strangulation or suffocation,https://nebraskalegislature.gov/bills/view_bill.php?DocumentID=63280,2026,63280,https://nebraskalegislature.gov/FloorDocs/109/PDF/Intro/LB818.pdf
LB0819,2025_2026,Hallstrom,Indefinitely postponed,Change provisions of the Rural Workforce Housing Investment Act and the Middle Income Workforce Housing Investment Act,https://nebraskalegislature.gov/bills/view_bill.php?DocumentID=63002,2026,63002,https://nebraskalegislature.gov/FloorDocs/109/PDF/Intro/LB819.pdf
LB0820,2025_2026,Nebraska Retirement Systems Committee,Passed,"Change retirement provisions relating to approved identification documents, participation in certain retirement systems, state contributions, ex officio members of the Nebraska Investment Council, contributions by school districts, computation of tax withholdings, retirement allowances, cost-of-living adjustments, and the Nebraska State Patrol and change the title of the executive director of the Nebraska Public Employees Retirement Systems",https://nebraskalegislature.gov/bills/view_bill.php?DocumentID=62672,2026,62672,https://nebraskalegislature.gov/FloorDocs/109/PDF/Intro/LB820.pdf
LB0820A,2025_2026,Ballard,Passed,Appropriation Bill,https://nebraskalegislature.gov/bills/view_bill.php?DocumentID=65531,2026,65531,https://nebraskalegislature.gov/FloorDocs/109/PDF/Intro/LB820A.pdf
LB0821,2025_2026,Nebraska Retirement Systems Committee,Passed,Eliminate certain verification requirements performed by the Public Employees Retirement Board and change duties of the board and the Nebraska Investment Council relating to retirement systems,https://nebraskalegislature.gov/bills/view_bill.php?DocumentID=62593,2026,62593,https://nebraskalegislature.gov/FloorDocs/109/PDF/Intro/LB821.pdf
LB0822,2025_2026,Nebraska Retirement Systems Committee,Passed,Rename the Police Officers Retirement Act as the Cities of the First Class Police Officers Retirement Act and change provisions of such act,https://nebraskalegislature.gov/bills/view_bill.php?DocumentID=63087,2026,63087,https://nebraskalegislature.gov/FloorDocs/109/PDF/Intro/LB822.pdf
LB0823,2025_2026,Wordekemper,Passed,Change provisions relating to burning permits and the statewide open burning ban,https://nebraskalegislature.gov/bills/view_bill.php?DocumentID=62895,2026,62895,https://nebraskalegislature.gov/FloorDocs/109/PDF/Intro/LB823.pdf
LB0824,2025_2026,Lonowski,Passed,Change provisions relating to termination of employment under the School Employees Retirement Act and the Class V School Employees Retirement Act,https://nebraskalegislature.gov/bills/view_bill.php?DocumentID=63147,2026,63147,https://nebraskalegislature.gov/FloorDocs/109/PDF/Intro/LB824.pdf
LB0825,2025_2026,Ballard,Indefinitely postponed,Require training on domestic abuse for mental health practitioners under the Uniform Credentialing Act,https://nebraskalegislature.gov/bills/view_bill.php?DocumentID=63230,2026,63230,https://nebraskalegislature.gov/FloorDocs/109/PDF/Intro/LB825.pdf
LB0826,2025_2026,DeKay,Passed,Change provisions relating to late applications for homestead exemptions,https://nebraskalegislature.gov/bills/view_bill.php?DocumentID=62608,2026,62608,https://nebraskalegislature.gov/FloorDocs/109/PDF/Intro/LB826.pdf
LB0827,2025_2026,DeKay,Indefinitely postponed,Provide for natural resources districts to create soil and water programs,https://nebraskalegislature.gov/bills/view_bill.php?DocumentID=63060,2026,63060,https://nebraskalegislature.gov/FloorDocs/109/PDF/Intro/LB827.pdf
LB0828,2025_2026,DeKay,Indefinitely postponed,Redefine a term relating to gift enterprises,https://nebraskalegislature.gov/bills/view_bill.php?DocumentID=62776,2026,62776,https://nebraskalegislature.gov/FloorDocs/109/PDF/Intro/LB828.pdf
LB0829,2025_2026,Lonowski,Passed,Change provisions relating to audit examinations by the Auditor of Public Accounts,https://nebraskalegislature.gov/bills/view_bill.php?DocumentID=62944,2026,62944,https://nebraskalegislature.gov/FloorDocs/109/PDF/Intro/LB829.pdf
LB0830,2025_2026,Lonowski,Indefinitely postponed,"Change and eliminate provisions relating to the payment of state salaries, the use of deferred maintenance funds, and county payments for state institutions",https://nebraskalegislature.gov/bills/view_bill.php?DocumentID=62839,2026,62839,https://nebraskalegislature.gov/FloorDocs/109/PDF/Intro/LB830.pdf
LB0831,2025_2026,Hallstrom,Indefinitely postponed,Provide limitations and requirements for civil actions relating to exposure to ethylene oxide,https://nebraskalegislature.gov/bills/view_bill.php?DocumentID=62781,2026,62781,https://nebraskalegislature.gov/FloorDocs/109/PDF/Intro/LB831.pdf
LB0832,2025_2026,Hansen,Indefinitely postponed,Extend the prohibition of the addition of long-term care services and supports to the medicaid managed care program,https://nebraskalegislature.gov/bills/view_bill.php?DocumentID=62897,2026,62897,https://nebraskalegislature.gov/FloorDocs/109/PDF/Intro/LB832.pdf
LB0833,2025_2026,Kauth,Indefinitely postponed,Change provisions relating to instructional priorities and degree programs at state colleges,https://nebraskalegislature.gov/bills/view_bill.php?DocumentID=63246,2026,63246,https://nebraskalegislature.gov/FloorDocs/109/PDF/Intro/LB833.pdf
LB0834,2025_2026,Kauth,Passed,"Change provisions relating to county assessors, the Property Tax Administrator, real property assessments, taxes levied in counties, delinquent taxes owed to counties, remission of sales and use taxes, and mobile homes",https://nebraskalegislature.gov/bills/view_bill.php?DocumentID=62989,2026,62989,https://nebraskalegislature.gov/FloorDocs/109/PDF/Intro/LB834.pdf
LB0835,2025_2026,Jacobson,Passed,"Change and eliminate provisions relating to fees of the Secretary of State, notices of liens under the Uniform Federal Lien Registration Act and the Uniform State Tax Lien Registration and Enforcement Act, the central filing system, effective financing statements, the master lien list, and filed records under the Uniform Commercial Code",https://nebraskalegislature.gov/bills/view_bill.php?DocumentID=63036,2026,63036,https://nebraskalegislature.gov/FloorDocs/109/PDF/Intro/LB835.pdf
LB0836,2025_2026,Jacobson,Passed,"Change and eliminate provisions relating to charges for examination of financial institutions, levying assessments, fees, and costs on financial entities, and transfers from a fund",https://nebraskalegislature.gov/bills/view_bill.php?DocumentID=63127,2026,63127,https://nebraskalegislature.gov/FloorDocs/109/PDF/Intro/LB836.pdf
LB0837,2025_2026,Jacobson,Indefinitely postponed,Provide for rounding of certain cash transaction amounts,https://nebraskalegislature.gov/bills/view_bill.php?DocumentID=63325,2026,63325,https://nebraskalegislature.gov/FloorDocs/109/PDF/Intro/LB837.pdf
LB0838,2025_2026,Jacobson,Passed,"Change provisions relating to the financial exploitation of vulnerable or senior adults, rules and codes of procedure, decedents' estates, inheritance taxes, deceptive trade practices, the Age-Appropriate Online Design Code Act, the Equipment Business Regulation Act, the Nebraska Money Transmitters Act, and the Nebraska Uniform Trust Code and provide for rounding of certain cash transaction amounts",https://nebraskalegislature.gov/bills/view_bill.php?DocumentID=63102,2026,63102,https://nebraskalegislature.gov/FloorDocs/109/PDF/Intro/LB838.pdf
LB0838A,2025_2026,Jacobson,Passed,Appropriation Bill,https://nebraskalegislature.gov/bills/view_bill.php?DocumentID=66056,2026,66056,https://nebraskalegislature.gov/FloorDocs/109/PDF/Intro/LB838A.pdf
LB0839,2025_2026,Rountree,Governor Veto,Change reporting requirements under the Municipal Density and Missing Middle Housing Act and provide requirements for projects under the Nebraska Affordable Housing Act,https://nebraskalegislature.gov/bills/view_bill.php?DocumentID=63178,2026,63178,https://nebraskalegislature.gov/FloorDocs/109/PDF/Intro/LB839.pdf
LB0840,2025_2026,Rountree,Indefinitely postponed,Provide requirements for multifamily housing projects under the Nebraska Affordable Housing Act,https://nebraskalegislature.gov/bills/view_bill.php?DocumentID=63181,2026,63181,https://nebraskalegislature.gov/FloorDocs/109/PDF/Intro/LB840.pdf
LB0841,2025_2026,Rountree,Indefinitely postponed,"Change provisions relating to special education services, parental consent, and hearings",https://nebraskalegislature.gov/bills/view_bill.php?DocumentID=63085,2026,63085,https://nebraskalegislature.gov/FloorDocs/109/PDF/Intro/LB841.pdf
LB0841A,2025_2026,Rountree,Indefinitely postponed,Appropriation Bill,https://nebraskalegislature.gov/bills/view_bill.php?DocumentID=65834,2026,65834,https://nebraskalegislature.gov/FloorDocs/109/PDF/Intro/LB841A.pdf
LB0842,2025_2026,Rountree,Indefinitely postponed,Authorize certain municipal contracts and agreements relating to parking facilities,https://nebraskalegislature.gov/bills/view_bill.php?DocumentID=62711,2026,62711,https://nebraskalegislature.gov/FloorDocs/109/PDF/Intro/LB842.pdf
LB0843,2025_2026,Rountree,Indefinitely postponed,Require the Department of Health and Human Services to file a Supplemental Nutrition Assistance Program waiver for refugees and immigrants,https://nebraskalegislature.gov/bills/view_bill.php?DocumentID=63182,2026,63182,https://nebraskalegislature.gov/FloorDocs/109/PDF/Intro/LB843.pdf
LB0844,2025_2026,Rountree,Indefinitely postponed,Provide for additional grants under the Site and Building Development Fund,https://nebraskalegislature.gov/bills/view_bill.php?DocumentID=63204,2026,63204,https://nebraskalegislature.gov/FloorDocs/109/PDF/Intro/LB844.pdf
LB0845,2025_2026,Health and Human Services Committee,Indefinitely postponed,"Eliminate, rename, and change provisions relating to committees and councils administered by the Department of Health and Human Services",https://nebraskalegislature.gov/bills/view_bill.php?DocumentID=63240,2026,63240,https://nebraskalegislature.gov/FloorDocs/109/PDF/Intro/LB845.pdf
LB0846,2025_2026,Dungan,Indefinitely postponed,Change provisions relating to individual income tax deductions,https://nebraskalegislature.gov/bills/view_bill.php?DocumentID=63097,2026,63097,https://nebraskalegislature.gov/FloorDocs/109/PDF/Intro/LB846.pdf
LB0847,2025_2026,Kauth,Passed,"Adopt the Nebraska Registered Apprenticeship Act, change provisions relating to funds, child labor, the Business Innovation Act, the Contractor Registration Act, the Employee Classification Act, the Employment Security Law, and the Nebraska Wage Payment and Collection Act, and transfer administration of student internships to the Department of Labor",https://nebraskalegislature.gov/bills/view_bill.php?DocumentID=63335,2026,63335,https://nebraskalegislature.gov/FloorDocs/109/PDF/Intro/LB847.pdf
LB0847A,2025_2026,Kauth,Indefinitely postponed,Appropriation Bill,https://nebraskalegislature.gov/bills/view_bill.php?DocumentID=65510,2026,65510,https://nebraskalegislature.gov/FloorDocs/109/PDF/Intro/LB847A.pdf
LB0848,2025_2026,"Cavanaugh, J.",Indefinitely postponed,"Provide for exemption from sales tax for purchases of clothing, personal computers, and school supplies for a prescribed period",https://nebraskalegislature.gov/bills/view_bill.php?DocumentID=63054,2026,63054,https://nebraskalegislature.gov/FloorDocs/109/PDF/Intro/LB848.pdf
LB0849,2025_2026,"Cavanaugh, J.",Indefinitely postponed,Provide a sales and use tax exemption for over-the-counter drugs,https://nebraskalegislature.gov/bills/view_bill.php?DocumentID=63055,2026,63055,https://nebraskalegislature.gov/FloorDocs/109/PDF/Intro/LB849.pdf
LB0850,2025_2026,"Cavanaugh, J.",Indefinitely postponed,Authorize the use of economic development programs for certain construction or rehabilitation of housing in cities of the metropolitan class and cities of the primary class under the Local Option Municipal Economic Development Act,https://nebraskalegislature.gov/bills/view_bill.php?DocumentID=63275,2026,63275,https://nebraskalegislature.gov/FloorDocs/109/PDF/Intro/LB850.pdf
LB0851,2025_2026,Dungan,Indefinitely postponed,Change income tax provisions relating to certain income or loss received from S-corporations and limited liability companies,https://nebraskalegislature.gov/bills/view_bill.php?DocumentID=63100,2026,63100,https://nebraskalegislature.gov/FloorDocs/109/PDF/Intro/LB851.pdf
LB0852,2025_2026,Spivey,Passed,Provide for the recapture of funding distributed from the Convention Center Support Fund to certain recipients,https://nebraskalegislature.gov/bills/view_bill.php?DocumentID=63364,2026,63364,https://nebraskalegislature.gov/FloorDocs/109/PDF/Intro/LB852.pdf
LB0853,2025_2026,Dungan,Indefinitely postponed,Provide an income tax adjustment related to certain federal tax deductions,https://nebraskalegislature.gov/bills/view_bill.php?DocumentID=63098,2026,63098,https://nebraskalegislature.gov/FloorDocs/109/PDF/Intro/LB853.pdf
LB0854,2025_2026,Hunt,Indefinitely postponed,Prohibit law enforcement officers from wearing facial coverings or disguises and require them to wear appropriate identification,https://nebraskalegislature.gov/bills/view_bill.php?DocumentID=63311,2026,63311,https://nebraskalegislature.gov/FloorDocs/109/PDF/Intro/LB854.pdf
LB0855,2025_2026,McKinney,Indefinitely postponed,Adopt the Youth Early Intervention and Support Act,https://nebraskalegislature.gov/bills/view_bill.php?DocumentID=63315,2026,63315,https://nebraskalegislature.gov/FloorDocs/109/PDF/Intro/LB855.pdf
LB0856,2025_2026,McKinney,Indefinitely postponed,"Adopt the Community Reinvestment and Equity Act, establish an excise tax, and create a fund and a grant program",https://nebraskalegislature.gov/bills/view_bill.php?DocumentID=62964,2026,62964,https://nebraskalegislature.gov/FloorDocs/109/PDF/Intro/LB856.pdf
LB0857,2025_2026,Dungan,Indefinitely postponed,Change federal references related to taxation under the Nebraska Revenue Act of 1967,https://nebraskalegislature.gov/bills/view_bill.php?DocumentID=63099,2026,63099,https://nebraskalegislature.gov/FloorDocs/109/PDF/Intro/LB857.pdf
LB0858,2025_2026,Fredrickson,Indefinitely postponed,Appropriate funds to the Department of Health and Human Services for federally qualified community health centers,https://nebraskalegislature.gov/bills/view_bill.php?DocumentID=63289,2026,63289,https://nebraskalegislature.gov/FloorDocs/109/PDF/Intro/LB858.pdf
LB0859,2025_2026,Bostar,Indefinitely postponed,Provide for county conflict counsel to represent certain indigent persons when the public defender is unavailable,https://nebraskalegislature.gov/bills/view_bill.php?DocumentID=62632,2026,62632,https://nebraskalegislature.gov/FloorDocs/109/PDF/Intro/LB859.pdf
LB0860,2025_2026,Bostar,Indefinitely postponed,Require the Department of Health and Human Services to create a program to provide behavioral health care services to individuals under twenty-one years of age,https://nebraskalegislature.gov/bills/view_bill.php?DocumentID=62739,2026,62739,https://nebraskalegislature.gov/FloorDocs/109/PDF/Intro/LB860.pdf
LB0861,2025_2026,Bostar,Indefinitely postponed,Require authorized building inspectors for inspections under the Building Construction Act and public access to certain building inspection records,https://nebraskalegislature.gov/bills/view_bill.php?DocumentID=62970,2026,62970,https://nebraskalegislature.gov/FloorDocs/109/PDF/Intro/LB861.pdf
LB0862,2025_2026,Prokop,Indefinitely postponed,Change intent relating to appropriations under the Nebraska Reading Improvement Act,https://nebraskalegislature.gov/bills/view_bill.php?DocumentID=63113,2026,63113,https://nebraskalegislature.gov/FloorDocs/109/PDF/Intro/LB862.pdf
LB0863,2025_2026,Prokop,Indefinitely postponed,Require the Department of Correctional Services to construct barriers around certain facilities near residential properties,https://nebraskalegislature.gov/bills/view_bill.php?DocumentID=62856,2026,62856,https://nebraskalegislature.gov/FloorDocs/109/PDF/Intro/LB863.pdf
LB0864,2025_2026,Prokop,Indefinitely postponed,Transfer administration of student internships from the Department of Economic Development to the Department of Labor,https://nebraskalegislature.gov/bills/view_bill.php?DocumentID=62852,2026,62852,https://nebraskalegislature.gov/FloorDocs/109/PDF/Intro/LB864.pdf
LB0865,2025_2026,Prokop,Indefinitely postponed,"Provide for exemption from sales tax for purchases of child care supplies, clothing, footwear, and school supplies for a prescribed period",https://nebraskalegislature.gov/bills/view_bill.php?DocumentID=62827,2026,62827,https://nebraskalegislature.gov/FloorDocs/109/PDF/Intro/LB865.pdf
LB0866,2025_2026,Ballard,Indefinitely postponed,"Change distribution of the Nebraska Opioid Recovery Trust Fund, create a fund, and provide for drug detection activities",https://nebraskalegislature.gov/bills/view_bill.php?DocumentID=63257,2026,63257,https://nebraskalegislature.gov/FloorDocs/109/PDF/Intro/LB866.pdf
LB0867,2025_2026,Health and Human Services Committee,Passed,"Change provisions relating to special needs trusts, fingerprints under the Uniform Credentialing Act, child care grants, the Title IV-D Division Customer Service Unit, eligibility for young adults in the bridge to independence program, licensed and self-funded insurers under the Medical Assistance Act, medicaid nursing facility rates, assistance to aged, blind, or disabled persons, and the state Commodity Supplemental Food program; provide for a money follows the person program for medicaid benefits, a youth afterschool eligibility letter for child care employment, use of wholesale drug distributor license fees for the prescription drug monitoring program, and maintenance of epinephrine by certain schools; change provisions of and rename the Alzheimer's Disease and Other Dementia Support Act , the Alzheimer's Disease and Other Dementia Advisory Council, the State Advisory Committee on Mental Health, the Division of Developmental Disabilities of the Department of Health and Human Services, and the Director of Developmental Disabilities; and eliminate provisions relating to divisions of the Department of Health and Human Services, the Division of Medicaid and Long-Term Care Advisory Committee on Aging, the Maternal and Child Health and Public Health Work Fund, and an obsolete Nurse Licensure Compact",https://nebraskalegislature.gov/bills/view_bill.php?DocumentID=62890,2026,62890,https://nebraskalegislature.gov/FloorDocs/109/PDF/Intro/LB867.pdf
LB0867A,2025_2026,Hardin,Indefinitely postponed,Appropriation Bill,https://nebraskalegislature.gov/bills/view_bill.php?DocumentID=65974,2026,65974,https://nebraskalegislature.gov/FloorDocs/109/PDF/Intro/LB867A.pdf
LB0868,2025_2026,DeKay,Indefinitely postponed,Provide an inheritance tax exemption relating to victims of homicide and change provisions relating to when certain inheritance taxes are due,https://nebraskalegislature.gov/bills/view_bill.php?DocumentID=62585,2026,62585,https://nebraskalegislature.gov/FloorDocs/109/PDF/Intro/LB868.pdf
LB0869,2025_2026,DeKay,Indefinitely postponed,Change provisions relating to notice requirements for property presumed abandoned,https://nebraskalegislature.gov/bills/view_bill.php?DocumentID=63171,2026,63171,https://nebraskalegislature.gov/FloorDocs/109/PDF/Intro/LB869.pdf
LB0870,2025_2026,Andersen,Indefinitely postponed,Change residence requirements relating to tuition and fees at state postsecondary educational institutions,https://nebraskalegislature.gov/bills/view_bill.php?DocumentID=62659,2026,62659,https://nebraskalegislature.gov/FloorDocs/109/PDF/Intro/LB870.pdf
LB0871,2025_2026,Conrad,Indefinitely postponed,Increase and provide for inflation adjustments for amounts exempt from judicial enforcement and the homestead and exempt property allowances,https://nebraskalegislature.gov/bills/view_bill.php?DocumentID=63091,2026,63091,https://nebraskalegislature.gov/FloorDocs/109/PDF/Intro/LB871.pdf
LB0872,2025_2026,Conrad,Indefinitely postponed,Eliminate an income reduction for extraordinary dividends and certain capital gains for income tax purposes,https://nebraskalegislature.gov/bills/view_bill.php?DocumentID=63004,2026,63004,https://nebraskalegislature.gov/FloorDocs/109/PDF/Intro/LB872.pdf
LB0873,2025_2026,Hallstrom,Indefinitely postponed,Provide for an excise tax on kratom products and change provisions of the Kratom Consumer Protection Act relating to adulterated products,https://nebraskalegislature.gov/bills/view_bill.php?DocumentID=63089,2026,63089,https://nebraskalegislature.gov/FloorDocs/109/PDF/Intro/LB873.pdf
LB0873A,2025_2026,Hallstrom,Indefinitely postponed,Appropriation Bill,https://nebraskalegislature.gov/bills/view_bill.php?DocumentID=64863,2026,64863,https://nebraskalegislature.gov/FloorDocs/109/PDF/Intro/LB873A.pdf
LB0874,2025_2026,Hallstrom,Indefinitely postponed,Enhance penalties for motor vehicle homicide and motor vehicle homicide of an unborn child caused by wireless communication device violations,https://nebraskalegislature.gov/bills/view_bill.php?DocumentID=63207,2026,63207,https://nebraskalegislature.gov/FloorDocs/109/PDF/Intro/LB874.pdf
LB0875,2025_2026,Hallstrom,Indefinitely postponed,Amend the Equipment Business Regulation Act to change provisions relating to dealer agreements and the return of surplus repair parts,https://nebraskalegislature.gov/bills/view_bill.php?DocumentID=63219,2026,63219,https://nebraskalegislature.gov/FloorDocs/109/PDF/Intro/LB875.pdf
LB0876,2025_2026,Hallstrom,Indefinitely postponed,Adopt the Immediate Protection from Abuse Act and change notice requirements under the Protection Orders Act,https://nebraskalegislature.gov/bills/view_bill.php?DocumentID=62877,2026,62877,https://nebraskalegislature.gov/FloorDocs/109/PDF/Intro/LB876.pdf
LB0877,2025_2026,Hallstrom,Passed,Designate certain substances as controlled substances under the Uniform Controlled Substances Act,https://nebraskalegislature.gov/bills/view_bill.php?DocumentID=63292,2026,63292,https://nebraskalegislature.gov/FloorDocs/109/PDF/Intro/LB877.pdf
LB0878,2025_2026,Guereca,Governor Veto,Require paid parental leave for state employees,https://nebraskalegislature.gov/bills/view_bill.php?DocumentID=63092,2026,63092,https://nebraskalegislature.gov/FloorDocs/109/PDF/Intro/LB878.pdf
LB0879,2025_2026,Guereca,Indefinitely postponed,Adopt the Guest Worker Permit Act,https://nebraskalegislature.gov/bills/view_bill.php?DocumentID=63208,2026,63208,https://nebraskalegislature.gov/FloorDocs/109/PDF/Intro/LB879.pdf
LB0880,2025_2026,Guereca,Indefinitely postponed,Prohibit residential landlords from prohibiting or charging extra fees for tenants' payments made by automated clearinghouse transfer,https://nebraskalegislature.gov/bills/view_bill.php?DocumentID=63225,2026,63225,https://nebraskalegislature.gov/FloorDocs/109/PDF/Intro/LB880.pdf
LB0881,2025_2026,Guereca,Indefinitely postponed,"Require law enforcement agencies, jails, and the Nebraska State Patrol to receive approval prior to entering into agreements to enforce immigration law",https://nebraskalegislature.gov/bills/view_bill.php?DocumentID=62746,2026,62746,https://nebraskalegislature.gov/FloorDocs/109/PDF/Intro/LB881.pdf
LB0882,2025_2026,Andersen,Indefinitely postponed,Change provisions relating to homestead exemptions for certain veterans and surviving spouses,https://nebraskalegislature.gov/bills/view_bill.php?DocumentID=62753,2026,62753,https://nebraskalegislature.gov/FloorDocs/109/PDF/Intro/LB882.pdf
LB0883,2025_2026,Andersen,Passed,Change provisions relating to the Civic and Community Center Financing Act and the Revitalize Rural Nebraska Grant Program,https://nebraskalegislature.gov/bills/view_bill.php?DocumentID=62826,2026,62826,https://nebraskalegislature.gov/FloorDocs/109/PDF/Intro/LB883.pdf
LB0884,2025_2026,Andersen,Indefinitely postponed,"Change provisions relating to voter registration, ballots, and poll watchers and observers",https://nebraskalegislature.gov/bills/view_bill.php?DocumentID=62884,2026,62884,https://nebraskalegislature.gov/FloorDocs/109/PDF/Intro/LB884.pdf
LB0885,2025_2026,Andersen,Indefinitely postponed,Allow the Governor to remove the state investment officer from office and eliminate the need for cause for removal of the state investment officer,https://nebraskalegislature.gov/bills/view_bill.php?DocumentID=63250,2026,63250,https://nebraskalegislature.gov/FloorDocs/109/PDF/Intro/LB885.pdf
LB0886,2025_2026,Andersen,Indefinitely postponed,Change provisions relating to operation of motor vehicles by persons who are not citizens of the United States,https://nebraskalegislature.gov/bills/view_bill.php?DocumentID=62873,2026,62873,https://nebraskalegislature.gov/FloorDocs/109/PDF/Intro/LB886.pdf
LB0887,2025_2026,Hallstrom,Indefinitely postponed,Change provisions relating to pharmacists and transfer of prescriptions and eliminate a report under the Parkinson's Disease Registry Act,https://nebraskalegislature.gov/bills/view_bill.php?DocumentID=63169,2026,63169,https://nebraskalegislature.gov/FloorDocs/109/PDF/Intro/LB887.pdf
LB0888,2025_2026,Clouse,Passed,"Change enforcement provisions for violations of the Nebraska Uniform Standards for Modular Housing Units Act, the Uniform Standard Code for Manufactured Homes and Recreational Vehicles, and certain rules, regulations, and orders",https://nebraskalegislature.gov/bills/view_bill.php?DocumentID=62604,2026,62604,https://nebraskalegislature.gov/FloorDocs/109/PDF/Intro/LB888.pdf
LB0889,2025_2026,Clouse,Passed,Change a penalty and provisions regulating licensure and registration under the State Electrical Act,https://nebraskalegislature.gov/bills/view_bill.php?DocumentID=62772,2026,62772,https://nebraskalegislature.gov/FloorDocs/109/PDF/Intro/LB889.pdf
LB0890,2025_2026,Clouse,Indefinitely postponed,Change provisions relating to fees and occupations taxes under the Mechanical Amusement Device Tax Act,https://nebraskalegislature.gov/bills/view_bill.php?DocumentID=62740,2026,62740,https://nebraskalegislature.gov/FloorDocs/109/PDF/Intro/LB890.pdf
LB0891,2025_2026,Hansen,Indefinitely postponed,"Change provisions of the Child Care Licensing Act relating to background checks, a complaint tracking system, and staff-to-child ratios",https://nebraskalegislature.gov/bills/view_bill.php?DocumentID=63084,2026,63084,https://nebraskalegislature.gov/FloorDocs/109/PDF/Intro/LB891.pdf
LB0892,2025_2026,Hansen,Indefinitely postponed,Change requirements relating to licensure of massage therapy establishments,https://nebraskalegislature.gov/bills/view_bill.php?DocumentID=63255,2026,63255,https://nebraskalegislature.gov/FloorDocs/109/PDF/Intro/LB892.pdf
LB0893,2025_2026,Storm,Indefinitely postponed,Provide for an interpersonal relations training course as an alternative to the human relations training requirement for substitute teachers,https://nebraskalegislature.gov/bills/view_bill.php?DocumentID=62719,2026,62719,https://nebraskalegislature.gov/FloorDocs/109/PDF/Intro/LB893.pdf
LB0894,2025_2026,DeKay,Passed,Change provisions relating to the Grain Dealer Act and the Grain Warehouse Act,https://nebraskalegislature.gov/bills/view_bill.php?DocumentID=62684,2026,62684,https://nebraskalegislature.gov/FloorDocs/109/PDF/Intro/LB894.pdf
LB0895,2025_2026,DeKay,Indefinitely postponed,"Change applicability, license requirements, and fees under the Grain Warehouse Act",https://nebraskalegislature.gov/bills/view_bill.php?DocumentID=62685,2026,62685,https://nebraskalegislature.gov/FloorDocs/109/PDF/Intro/LB895.pdf
LB0896,2025_2026,Lonowski,Indefinitely postponed,Change fees related to marriage licenses and records,https://nebraskalegislature.gov/bills/view_bill.php?DocumentID=63037,2026,63037,https://nebraskalegislature.gov/FloorDocs/109/PDF/Intro/LB896.pdf
LB0897,2025_2026,Lonowski,Indefinitely postponed,Change a penalty and provide a fee for violating the open burning ban,https://nebraskalegislature.gov/bills/view_bill.php?DocumentID=63116,2026,63116,https://nebraskalegislature.gov/FloorDocs/109/PDF/Intro/LB897.pdf
LB0898,2025_2026,Lonowski,Indefinitely postponed,Change which political subdivisions may use virtual conferencing for meetings under the Open Meetings Act and change related requirements,https://nebraskalegislature.gov/bills/view_bill.php?DocumentID=62831,2026,62831,https://nebraskalegislature.gov/FloorDocs/109/PDF/Intro/LB898.pdf
LB0899,2025_2026,Lonowski,Indefinitely postponed,Change and eliminate provisions of the Engineers and Architects Regulation Act,https://nebraskalegislature.gov/bills/view_bill.php?DocumentID=62748,2026,62748,https://nebraskalegislature.gov/FloorDocs/109/PDF/Intro/LB899.pdf
LB0900,2025_2026,Lonowski,Passed,"Change provisions relating to fees, commissions, and mileage of county sheriffs for distress warrants issued for the collection of taxes",https://nebraskalegislature.gov/bills/view_bill.php?DocumentID=63371,2026,63371,https://nebraskalegislature.gov/FloorDocs/109/PDF/Intro/LB900.pdf
LB0901,2025_2026,Revenue Committee,Passed,"Adopt the Domestic Violence and Human Trafficking Service Providers Tax Credit Act, change provisions related to the confidentiality of shared information, the distribution of certain tax revenue, contracts between the Tax Commissioner and collection agencies, the collection and enforcement of delinquent income tax claims, the ImagiNE Nebraska Act, the Kratom Consumer Protection Act, the Mechanical Amusement Device Tax Act, and the Nebraska Advantage Research and Development Act, provide for fees, provide an excise tax on kratom, eliminate certain personal property and sales and use tax exemptions and a tax credit, and terminate the Department of Revenue Miscellaneous Receipts Fund",https://nebraskalegislature.gov/bills/view_bill.php?DocumentID=63369,2026,63369,https://nebraskalegislature.gov/FloorDocs/109/PDF/Intro/LB901.pdf
LB0901A,2025_2026,von Gillern,Indefinitely postponed,Appropriation Bill,https://nebraskalegislature.gov/bills/view_bill.php?DocumentID=65500,2026,65500,https://nebraskalegislature.gov/FloorDocs/109/PDF/Intro/LB901A.pdf
LB0902,2025_2026,Dungan,Indefinitely postponed,Adopt the Medical Standards for Incarcerated Individuals Act and provide powers and duties for the office of the Inspector General of the Nebraska Correctional System,https://nebraskalegislature.gov/bills/view_bill.php?DocumentID=63191,2026,63191,https://nebraskalegislature.gov/FloorDocs/109/PDF/Intro/LB902.pdf
LB0903,2025_2026,Storer,Passed,Provide for referrals for home visitation services and for early intervention services and eliminate a provision relating to the applicability of the Family Home Visitation Act,https://nebraskalegislature.gov/bills/view_bill.php?DocumentID=62862,2026,62862,https://nebraskalegislature.gov/FloorDocs/109/PDF/Intro/LB903.pdf
LB0904,2025_2026,Arch,Passed,Change provisions relating to Chinese military companies under the Nebraska Political Accountability and Disclosure Act,https://nebraskalegislature.gov/bills/view_bill.php?DocumentID=62725,2026,62725,https://nebraskalegislature.gov/FloorDocs/109/PDF/Intro/LB904.pdf
LB0905,2025_2026,Arch,Passed,"Change and eliminate provisions relating to boards, commissions, committees, task forces, and funds that terminate",https://nebraskalegislature.gov/bills/view_bill.php?DocumentID=62638,2026,62638,https://nebraskalegislature.gov/FloorDocs/109/PDF/Intro/LB905.pdf
LB0906,2025_2026,Juarez,Indefinitely postponed,Prohibit law enforcement officers from wearing facial coverings or disguises and require officers to wear appropriate identification,https://nebraskalegislature.gov/bills/view_bill.php?DocumentID=62717,2026,62717,https://nebraskalegislature.gov/FloorDocs/109/PDF/Intro/LB906.pdf
LB0907,2025_2026,Juarez,Indefinitely postponed,Prohibit law enforcement officers from entering community safe spaces to enforce immigration law,https://nebraskalegislature.gov/bills/view_bill.php?DocumentID=62906,2026,62906,https://nebraskalegislature.gov/FloorDocs/109/PDF/Intro/LB907.pdf
LB0908,2025_2026,Storm,Indefinitely postponed,Require courts to consider certain research in determining the best interests of the child under the Parenting Act,https://nebraskalegislature.gov/bills/view_bill.php?DocumentID=63024,2026,63024,https://nebraskalegislature.gov/FloorDocs/109/PDF/Intro/LB908.pdf
LB0909,2025_2026,Hardin,Indefinitely postponed,Prohibit sexual abuse by a law enforcement officer,https://nebraskalegislature.gov/bills/view_bill.php?DocumentID=62907,2026,62907,https://nebraskalegislature.gov/FloorDocs/109/PDF/Intro/LB909.pdf
LB0910,2025_2026,Hardin,Indefinitely postponed,Require defendants convicted of sexual offenses against children to pay a fee for electronic devices seized during prosecution,https://nebraskalegislature.gov/bills/view_bill.php?DocumentID=62833,2026,62833,https://nebraskalegislature.gov/FloorDocs/109/PDF/Intro/LB910.pdf
LB0911,2025_2026,Hardin,Indefinitely postponed,"Provide requirements for licensed behavior analysts, certain child care licensing facilities, behavior analysis services under the Medical Assistance Act, and the Department of Health and Human Services",https://nebraskalegislature.gov/bills/view_bill.php?DocumentID=62749,2026,62749,https://nebraskalegislature.gov/FloorDocs/109/PDF/Intro/LB911.pdf
LB0912,2025_2026,Hardin,Passed,"Adopt the Community Health Worker Training Endorsement Act, the Athletic Trainer Compact, and the Respiratory Care Interstate Compact, change provisions relating to child care licensing and the practice of athletic training, respiratory care, massage therapy, medical radiography, nurse practitioners, pharmacy, and pharmacists, provide for liens for physical therapy services and automated pickup kiosks for certain prescription medication, and eliminate provisions relating to physician liability for physician assistants",https://nebraskalegislature.gov/bills/view_bill.php?DocumentID=62787,2026,62787,https://nebraskalegislature.gov/FloorDocs/109/PDF/Intro/LB912.pdf
LB0912A,2025_2026,Hardin,Passed,Appropriation Bill,https://nebraskalegislature.gov/bills/view_bill.php?DocumentID=65684,2026,65684,https://nebraskalegislature.gov/FloorDocs/109/PDF/Intro/LB912A.pdf
LB0913,2025_2026,Guereca,Passed,Require the Department of Health and Human Services to appoint a dementia services coordinator,https://nebraskalegislature.gov/bills/view_bill.php?DocumentID=63340,2026,63340,https://nebraskalegislature.gov/FloorDocs/109/PDF/Intro/LB913.pdf
LB0914,2025_2026,Hardin,Indefinitely postponed,Eliminate physician liability for negligence of physician assistants,https://nebraskalegislature.gov/bills/view_bill.php?DocumentID=62704,2026,62704,https://nebraskalegislature.gov/FloorDocs/109/PDF/Intro/LB914.pdf
LB0915,2025_2026,Lippincott,Indefinitely postponed,Change the number of authorized inland port districts under the Municipal Inland Port Authority Act,https://nebraskalegislature.gov/bills/view_bill.php?DocumentID=63197,2026,63197,https://nebraskalegislature.gov/FloorDocs/109/PDF/Intro/LB915.pdf
LB0916,2025_2026,"Meyer, G.",Indefinitely postponed,Provide requirements for the transport of carbon dioxide and change provisions relating to eminent domain and the Nebraska Geologic Storage of Carbon Dioxide Act,https://nebraskalegislature.gov/bills/view_bill.php?DocumentID=62708,2026,62708,https://nebraskalegislature.gov/FloorDocs/109/PDF/Intro/LB916.pdf
LB0917,2025_2026,Conrad,Indefinitely postponed,Change provisions relating to the disposition of property by the University of Nebraska,https://nebraskalegislature.gov/bills/view_bill.php?DocumentID=63035,2026,63035,https://nebraskalegislature.gov/FloorDocs/109/PDF/Intro/LB917.pdf
LB0918,2025_2026,Conrad,Indefinitely postponed,Change provisions relating to limitations on state assistance under the Sports Arena Facility Financing Assistance Act,https://nebraskalegislature.gov/bills/view_bill.php?DocumentID=63358,2026,63358,https://nebraskalegislature.gov/FloorDocs/109/PDF/Intro/LB918.pdf
LB0919,2025_2026,Sanders,Indefinitely postponed,Allow for the use of durable accessible mediums for public records,https://nebraskalegislature.gov/bills/view_bill.php?DocumentID=63022,2026,63022,https://nebraskalegislature.gov/FloorDocs/109/PDF/Intro/LB919.pdf
LB0920,2025_2026,Spivey,Indefinitely postponed,"Change provisions relating to the advertisement, operation, use, and taxation of cash devices, the distribution of tax proceeds, and violations under the Mechanical Amusement Device Tax Act and create the Nebraska Child Care Aid Fund",https://nebraskalegislature.gov/bills/view_bill.php?DocumentID=63234,2026,63234,https://nebraskalegislature.gov/FloorDocs/109/PDF/Intro/LB920.pdf
LB0921,2025_2026,Ibach,Passed,"Adopt the Nebraska Worker Adjustment and Retraining Notification Act and the Health Care Staffing Agency Registration Act and change provisions of the Employment Security Law, the In the Line of Duty Compensation Act, the Non-English-Speaking Workers Protection Act, and the State Miscellaneous Claims Act",https://nebraskalegislature.gov/bills/view_bill.php?DocumentID=63332,2026,63332,https://nebraskalegislature.gov/FloorDocs/109/PDF/Intro/LB921.pdf
LB0922,2025_2026,Brandt,Indefinitely postponed,Change certain fees under the Motor Vehicle Industry Regulation Act,https://nebraskalegislature.gov/bills/view_bill.php?DocumentID=62751,2026,62751,https://nebraskalegislature.gov/FloorDocs/109/PDF/Intro/LB922.pdf
LB0923,2025_2026,Clouse,Indefinitely postponed,Change and eliminate provisions relating to county records,https://nebraskalegislature.gov/bills/view_bill.php?DocumentID=62683,2026,62683,https://nebraskalegislature.gov/FloorDocs/109/PDF/Intro/LB923.pdf
LB0924,2025_2026,Andersen,Passed,Change powers of learning community councils and authorized uses of learning community levies,https://nebraskalegislature.gov/bills/view_bill.php?DocumentID=62999,2026,62999,https://nebraskalegislature.gov/FloorDocs/109/PDF/Intro/LB924.pdf
LB0925,2025_2026,Andersen,Indefinitely postponed,Adopt the Safe Parks and Public Spaces Act,https://nebraskalegislature.gov/bills/view_bill.php?DocumentID=63081,2026,63081,https://nebraskalegislature.gov/FloorDocs/109/PDF/Intro/LB925.pdf
LB0926,2025_2026,Andersen,Indefinitely postponed,Change provisions relating to cash assistance under the Welfare Reform Act and transitional assistance under the aid to dependent children program,https://nebraskalegislature.gov/bills/view_bill.php?DocumentID=63321,2026,63321,https://nebraskalegislature.gov/FloorDocs/109/PDF/Intro/LB926.pdf
LB0927,2025_2026,Andersen,Indefinitely postponed,Change provisions relating to the involvement of foreign nationals with funding and organization of ballot question committees,https://nebraskalegislature.gov/bills/view_bill.php?DocumentID=62850,2026,62850,https://nebraskalegislature.gov/FloorDocs/109/PDF/Intro/LB927.pdf
LB0928,2025_2026,von Gillern,Indefinitely postponed,Require notifications by the Department of Health and Human Services to fictive kin of a child who has been removed from the home,https://nebraskalegislature.gov/bills/view_bill.php?DocumentID=63298,2026,63298,https://nebraskalegislature.gov/FloorDocs/109/PDF/Intro/LB928.pdf
LB0929,2025_2026,Fredrickson,Governor Veto,"Provide for managed care organizations to pay the deductible, cost sharing, or similar charges on behalf of medicaid enrollees",https://nebraskalegislature.gov/bills/view_bill.php?DocumentID=63088,2026,63088,https://nebraskalegislature.gov/FloorDocs/109/PDF/Intro/LB929.pdf
LB0930,2025_2026,"Cavanaugh, J.",Indefinitely postponed,Provide an income tax deduction to retired firefighters and law enforcement officers for annual retirement benefits,https://nebraskalegislature.gov/bills/view_bill.php?DocumentID=63232,2026,63232,https://nebraskalegislature.gov/FloorDocs/109/PDF/Intro/LB930.pdf
LB0931,2025_2026,"Cavanaugh, J.",Indefinitely postponed,Provide an income tax credit related to premium payments for a qualified health plan,https://nebraskalegislature.gov/bills/view_bill.php?DocumentID=63303,2026,63303,https://nebraskalegislature.gov/FloorDocs/109/PDF/Intro/LB931.pdf
LB0932,2025_2026,"Cavanaugh, J.",Indefinitely postponed,Provide an income tax adjustment for tip income and income received from overtime compensation,https://nebraskalegislature.gov/bills/view_bill.php?DocumentID=63391,2026,63391,https://nebraskalegislature.gov/FloorDocs/109/PDF/Intro/LB932.pdf
LB0933,2025_2026,"Cavanaugh, J.",Indefinitely postponed,Provide immunity for health care practitioners under the Nebraska Medical Cannabis Patient Protection Act,https://nebraskalegislature.gov/bills/view_bill.php?DocumentID=63001,2026,63001,https://nebraskalegislature.gov/FloorDocs/109/PDF/Intro/LB933.pdf
LB0934,2025_2026,"Cavanaugh, J.",Indefinitely postponed,Provide for the election of members of the Nebraska Medical Cannabis Commission,https://nebraskalegislature.gov/bills/view_bill.php?DocumentID=63006,2026,63006,https://nebraskalegislature.gov/FloorDocs/109/PDF/Intro/LB934.pdf
LB0935,2025_2026,Bosn,Passed,"Provide for court fees; change provisions relating to incentives for rural legal practice, protection orders, hearsay, sentencing, support order liens, and paternity proceedings; provide for no-contact periods for victims of certain assaults and civil actions for conduct relating to prohibited content or child exploitation devices; and provide for and change offenses involving mobile tracking devices, stalking, unlawful intrusion, operation of unmanned aircraft systems, and swatting",https://nebraskalegislature.gov/bills/view_bill.php?DocumentID=62933,2026,62933,https://nebraskalegislature.gov/FloorDocs/109/PDF/Intro/LB935.pdf
LB0936,2025_2026,Ballard,Indefinitely postponed,Provide for the use of fluoroscopy by medical radiographers in collaboration with nurse practitioners under the Uniform Credentialing Act,https://nebraskalegislature.gov/bills/view_bill.php?DocumentID=62987,2026,62987,https://nebraskalegislature.gov/FloorDocs/109/PDF/Intro/LB936.pdf
LB0937,2025_2026,Education Committee,Passed,"Adopt the Prior Learning Act and the K-12 Education Cybersecurity Act and change provisions relating to student transfers, school absences, option enrollment, extracurricular activities, reports, school employment, the improvement grant program, monitoring or providing instruction, deadlines, the Nebraska Teacher Apprenticeship Program, the Nebraska Teacher Recruitment and Retention Act, and the College Pathway Program Act",https://nebraskalegislature.gov/bills/view_bill.php?DocumentID=63153,2026,63153,https://nebraskalegislature.gov/FloorDocs/109/PDF/Intro/LB937.pdf
LB0937A,2025_2026,Murman,Indefinitely postponed,Appropriation Bill,https://nebraskalegislature.gov/bills/view_bill.php?DocumentID=65964,2026,65964,https://nebraskalegislature.gov/FloorDocs/109/PDF/Intro/LB937A.pdf
LB0938,2025_2026,Hallstrom,Indefinitely postponed,Adopt the First-Time Home Buyer Savings Account Act and provide for income tax adjustments,https://nebraskalegislature.gov/bills/view_bill.php?DocumentID=63361,2026,63361,https://nebraskalegislature.gov/FloorDocs/109/PDF/Intro/LB938.pdf
LB0939,2025_2026,Murman,Indefinitely postponed,Adopt the Saving Human Connection Act,https://nebraskalegislature.gov/bills/view_bill.php?DocumentID=63038,2026,63038,https://nebraskalegislature.gov/FloorDocs/109/PDF/Intro/LB939.pdf
LB0940,2025_2026,Murman,Passed,Prohibit certain color additives in school meals,https://nebraskalegislature.gov/bills/view_bill.php?DocumentID=62814,2026,62814,https://nebraskalegislature.gov/FloorDocs/109/PDF/Intro/LB940.pdf
LB0941,2025_2026,Lippincott,Indefinitely postponed,Exclude certain franchisors from being considered employers under certain labor laws,https://nebraskalegislature.gov/bills/view_bill.php?DocumentID=62962,2026,62962,https://nebraskalegislature.gov/FloorDocs/109/PDF/Intro/LB941.pdf
LB0942,2025_2026,Riepe,Indefinitely postponed,Provide requirements for medicaid reimbursement for emergency medical conditions and inpatient services under the Medical Assistance Act,https://nebraskalegislature.gov/bills/view_bill.php?DocumentID=63221,2026,63221,https://nebraskalegislature.gov/FloorDocs/109/PDF/Intro/LB942.pdf
LB0943,2025_2026,Dorn,Indefinitely postponed,Provide immunity from claims of public or private nuisance for motor vehicle racing facilities,https://nebraskalegislature.gov/bills/view_bill.php?DocumentID=63103,2026,63103,https://nebraskalegislature.gov/FloorDocs/109/PDF/Intro/LB943.pdf
LB0944,2025_2026,Dorn,Indefinitely postponed,Require direct reimbursement to certain facilities for hospice care services under the Medical Assistance Act,https://nebraskalegislature.gov/bills/view_bill.php?DocumentID=62796,2026,62796,https://nebraskalegislature.gov/FloorDocs/109/PDF/Intro/LB944.pdf
LB0945,2025_2026,Dorn,Indefinitely postponed,Change provisions relating to the use of the Hospital Quality Assurance and Access Assessment Fund,https://nebraskalegislature.gov/bills/view_bill.php?DocumentID=63344,2026,63344,https://nebraskalegislature.gov/FloorDocs/109/PDF/Intro/LB945.pdf
LB0946,2025_2026,Dorn,Indefinitely postponed,State intent regarding appropriations to the Department of Health and Human Services for medicaid assisted-living facilities,https://nebraskalegislature.gov/bills/view_bill.php?DocumentID=62756,2026,62756,https://nebraskalegislature.gov/FloorDocs/109/PDF/Intro/LB946.pdf
LB0947,2025_2026,Agriculture Committee,Indefinitely postponed,"Change fees under the Plant Protection and Plant Pest Act and the Pesticide Act, change provisions relating to the Weeds of the Great Plains book, and change, eliminate, and terminate certain funds",https://nebraskalegislature.gov/bills/view_bill.php?DocumentID=63173,2026,63173,https://nebraskalegislature.gov/FloorDocs/109/PDF/Intro/LB947.pdf
LB0948,2025_2026,Agriculture Committee,Passed,"Change provisions of the Plant Protection and Plant Pest Act, change fees under the Pesticide Act, rename and change provisions of the Nebraska Commercial Fertilizer and Soil Conditioner Act, eliminate the Nebraska Poultry and Egg Resources Act, terminate a fund, and eliminate provisions relating to certain associations and societies",https://nebraskalegislature.gov/bills/view_bill.php?DocumentID=62823,2026,62823,https://nebraskalegislature.gov/FloorDocs/109/PDF/Intro/LB948.pdf
LB0949,2025_2026,Ballard,Indefinitely postponed,"Change provisions relating to the prescription drug monitoring program, the statewide health information exchange, and the Health Information Technology Board",https://nebraskalegislature.gov/bills/view_bill.php?DocumentID=62801,2026,62801,https://nebraskalegislature.gov/FloorDocs/109/PDF/Intro/LB949.pdf
LB0950,2025_2026,Bostar,Indefinitely postponed,"Change provisions relating to uniform prior authorization forms, the designated health information exchange, and the Health Information Technology Board",https://nebraskalegislature.gov/bills/view_bill.php?DocumentID=62924,2026,62924,https://nebraskalegislature.gov/FloorDocs/109/PDF/Intro/LB950.pdf
LB0951,2025_2026,Ballard,Indefinitely postponed,Include extraterritorial zoning jurisdiction in municipal elections and districts,https://nebraskalegislature.gov/bills/view_bill.php?DocumentID=62791,2026,62791,https://nebraskalegislature.gov/FloorDocs/109/PDF/Intro/LB951.pdf
LB0952,2025_2026,Dorn,Passed,Create the Supreme Court Operations Cash Fund and terminate the Supreme Court Reports Cash Fund and the Court Appointed Special Advocate Fund,https://nebraskalegislature.gov/bills/view_bill.php?DocumentID=62845,2026,62845,https://nebraskalegislature.gov/FloorDocs/109/PDF/Intro/LB952.pdf
LB0953,2025_2026,von Gillern,Indefinitely postponed,Change provisions related to eligible activities for and requirements for assistance from the Site and Building Development Fund,https://nebraskalegislature.gov/bills/view_bill.php?DocumentID=62731,2026,62731,https://nebraskalegislature.gov/FloorDocs/109/PDF/Intro/LB953.pdf
LB0954,2025_2026,von Gillern,Passed,Provide for the recalculation of certain base-year employees under the Nebraska Advantage Act,https://nebraskalegislature.gov/bills/view_bill.php?DocumentID=63227,2026,63227,https://nebraskalegislature.gov/FloorDocs/109/PDF/Intro/LB954.pdf
LB0955,2025_2026,Hardin,Passed,Provide for practice agreements between pharmacists and physician assistants,https://nebraskalegislature.gov/bills/view_bill.php?DocumentID=62703,2026,62703,https://nebraskalegislature.gov/FloorDocs/109/PDF/Intro/LB955.pdf
LB0956,2025_2026,"Cavanaugh, J.",Passed,Provide for the collection of postsecondary institution compensation data,https://nebraskalegislature.gov/bills/view_bill.php?DocumentID=63243,2026,63243,https://nebraskalegislature.gov/FloorDocs/109/PDF/Intro/LB956.pdf
LB0957,2025_2026,"Cavanaugh, J.",Indefinitely postponed,Provide a cause of action against certain adults for allowing a minor to possess a handgun and create an offense of leaving a loaded firearm in a location accessible to a minor,https://nebraskalegislature.gov/bills/view_bill.php?DocumentID=63056,2026,63056,https://nebraskalegislature.gov/FloorDocs/109/PDF/Intro/LB957.pdf
LB0958,2025_2026,"Cavanaugh, M.",Passed,"Provide for implementation of a home and community-based services waiver, retroactive coverage of certain benefits, and reimbursement of doula services and change reporting requirements under the Medical Assistance Act, change provisions relating to the Nebraska Prenatal Plus Program, and provide limits for crisis assistance payments under the low-income home energy assistance program",https://nebraskalegislature.gov/bills/view_bill.php?DocumentID=63301,2026,63301,https://nebraskalegislature.gov/FloorDocs/109/PDF/Intro/LB958.pdf
LB0958A,2025_2026,"Cavanaugh, M.",Indefinitely postponed,Appropriation Bill,https://nebraskalegislature.gov/bills/view_bill.php?DocumentID=65983,2026,65983,https://nebraskalegislature.gov/FloorDocs/109/PDF/Intro/LB958A.pdf
LB0959,2025_2026,Riepe,Indefinitely postponed,Require the Department of Health and Human Services to create a youth afterschool credential and an adult eligibility passport under the Child Care Licensing Act,https://nebraskalegislature.gov/bills/view_bill.php?DocumentID=63244,2026,63244,https://nebraskalegislature.gov/FloorDocs/109/PDF/Intro/LB959.pdf
LB0960,2025_2026,McKinney,Indefinitely postponed,Provide a requirement to include nonvoting student members on school boards,https://nebraskalegislature.gov/bills/view_bill.php?DocumentID=63314,2026,63314,https://nebraskalegislature.gov/FloorDocs/109/PDF/Intro/LB960.pdf
LB0961,2025_2026,McKinney,Indefinitely postponed,Adopt the Collateral Sanction Relief Act,https://nebraskalegislature.gov/bills/view_bill.php?DocumentID=62956,2026,62956,https://nebraskalegislature.gov/FloorDocs/109/PDF/Intro/LB961.pdf
LB0962,2025_2026,McKinney,Passed,Adopt the Youth Reentry and Transitional Support Act,https://nebraskalegislature.gov/bills/view_bill.php?DocumentID=62854,2026,62854,https://nebraskalegislature.gov/FloorDocs/109/PDF/Intro/LB962.pdf
LB0962A,2025_2026,McKinney,Indefinitely postponed,Appropriation Bill,https://nebraskalegislature.gov/bills/view_bill.php?DocumentID=66027,2026,66027,https://nebraskalegislature.gov/FloorDocs/109/PDF/Intro/LB962A.pdf
LB0963,2025_2026,McKinney,Indefinitely postponed,Prohibit agreements by state agencies relating to immigration enforcement without legislative approval and change provisions relating to the use of state prisons,https://nebraskalegislature.gov/bills/view_bill.php?DocumentID=62835,2026,62835,https://nebraskalegislature.gov/FloorDocs/109/PDF/Intro/LB963.pdf
LB0964,2025_2026,Bostar,Indefinitely postponed,Adopt the Nebraska Public Property Disclosure Act,https://nebraskalegislature.gov/bills/view_bill.php?DocumentID=62651,2026,62651,https://nebraskalegislature.gov/FloorDocs/109/PDF/Intro/LB964.pdf
LB0965,2025_2026,Bostar,Passed,"Prohibit sexual abuse of a probationer or problem solving court participant and sexual abuse by a conservator, guardian, guardian ad litem, or child welfare service provider; change provisions relating to protection orders, certain offenses, attorney's fees, and victim notification requirements; and provide requirements for immunity for probation employees, Brady-Giglio disclosures, confidentiality for certain officers, registration under the Sex Offender Registration Act, county conflict counsel, and determinations of the best interest of the child",https://nebraskalegislature.gov/bills/view_bill.php?DocumentID=62618,2026,62618,https://nebraskalegislature.gov/FloorDocs/109/PDF/Intro/LB965.pdf
LB0966,2025_2026,"Cavanaugh, M.",Passed,Adopt the Hunger-Free Schools Act and provide for an appropriation,https://nebraskalegislature.gov/bills/view_bill.php?DocumentID=63160,2026,63160,https://nebraskalegislature.gov/FloorDocs/109/PDF/Intro/LB966.pdf
LB0967,2025_2026,Jacobson,Passed,"Change provisions relating to insurance fees, licensing, and trade practices, pharmacy benefit managers, mutual insurance holding companies, the Population Health Information Act, the Health Information Technology Board, and the Site and Building Development Act and adopt the Nebraska Protection of Seniors from Insurance Exploitation Act",https://nebraskalegislature.gov/bills/view_bill.php?DocumentID=62984,2026,62984,https://nebraskalegislature.gov/FloorDocs/109/PDF/Intro/LB967.pdf
LB0968,2025_2026,Prokop,Indefinitely postponed,Appropriate funds to the Military Department for grants for equipment for emergency events,https://nebraskalegislature.gov/bills/view_bill.php?DocumentID=62957,2026,62957,https://nebraskalegislature.gov/FloorDocs/109/PDF/Intro/LB968.pdf
LB0969,2025_2026,Hallstrom,Indefinitely postponed,Establish a database of financial information from counties and municipalities,https://nebraskalegislature.gov/bills/view_bill.php?DocumentID=63107,2026,63107,https://nebraskalegislature.gov/FloorDocs/109/PDF/Intro/LB969.pdf
LB0970,2025_2026,Guereca,Indefinitely postponed,"Require the Department of Health and Human Services to submit a state plan amendment to include a program of early literacy promotion and intervention in well-child visits under the early and periodic screening, diagnosis, and treatment services program",https://nebraskalegislature.gov/bills/view_bill.php?DocumentID=63196,2026,63196,https://nebraskalegislature.gov/FloorDocs/109/PDF/Intro/LB970.pdf
LB0971,2025_2026,Guereca,Indefinitely postponed,Require insurance coverage for rescue and maintenance asthma inhalers,https://nebraskalegislature.gov/bills/view_bill.php?DocumentID=63245,2026,63245,https://nebraskalegislature.gov/FloorDocs/109/PDF/Intro/LB971.pdf
LB0972,2025_2026,Fredrickson,Passed,"Adopt the Recreational Vehicle Industry Regulation Act and change provisions relating to parking spaces for handicapped or disabled persons, certain license revocations, the Motor Vehicle Industry Regulation Act, the Motor Vehicle Operator’s License Act,  the Motor Vehicle Registration Act, the Motor Vehicle Safety Responsibility Act, the Nebraska Rules of the Road, and the State Boat Act",https://nebraskalegislature.gov/bills/view_bill.php?DocumentID=62768,2026,62768,https://nebraskalegislature.gov/FloorDocs/109/PDF/Intro/LB972.pdf
LB0972A,2025_2026,Fredrickson,Passed,Appropriation Bill,https://nebraskalegislature.gov/bills/view_bill.php?DocumentID=66025,2026,66025,https://nebraskalegislature.gov/FloorDocs/109/PDF/Intro/LB972A.pdf
LB0973,2025_2026,Raybould,Indefinitely postponed,Provide for free parking for state employees,https://nebraskalegislature.gov/bills/view_bill.php?DocumentID=63205,2026,63205,https://nebraskalegislature.gov/FloorDocs/109/PDF/Intro/LB973.pdf
LB0974,2025_2026,Conrad,Indefinitely postponed,Provide for an excise tax on individual incomes and create the Tax Equity Cash Fund,https://nebraskalegislature.gov/bills/view_bill.php?DocumentID=63180,2026,63180,https://nebraskalegislature.gov/FloorDocs/109/PDF/Intro/LB974.pdf
LB0975,2025_2026,Conrad,Indefinitely postponed,Adopt the Private Attorney Retention Sunshine Act,https://nebraskalegislature.gov/bills/view_bill.php?DocumentID=63005,2026,63005,https://nebraskalegislature.gov/FloorDocs/109/PDF/Intro/LB975.pdf
LB0976,2025_2026,Andersen,Indefinitely postponed,Change provisions relating to sanitary and improvement districts,https://nebraskalegislature.gov/bills/view_bill.php?DocumentID=63379,2026,63379,https://nebraskalegislature.gov/FloorDocs/109/PDF/Intro/LB976.pdf
LB0977,2025_2026,Storer,Passed,"Provide requirements under the Nebraska Rules of the Road for motorists and electric personal assistive mobility device operators encountering certain animals being led, herded, or driven on or along highways",https://nebraskalegislature.gov/bills/view_bill.php?DocumentID=63281,2026,63281,https://nebraskalegislature.gov/FloorDocs/109/PDF/Intro/LB977.pdf
LB0978,2025_2026,Storer,Indefinitely postponed,"Provide for civil actions for conduct relating to obscene material, child sexual abuse material, and child sexual exploitation devices",https://nebraskalegislature.gov/bills/view_bill.php?DocumentID=62973,2026,62973,https://nebraskalegislature.gov/FloorDocs/109/PDF/Intro/LB978.pdf
LB0979,2025_2026,Brandt,Passed,Change provisions of the Game Law and the State Boat Act,https://nebraskalegislature.gov/bills/view_bill.php?DocumentID=63324,2026,63324,https://nebraskalegislature.gov/FloorDocs/109/PDF/Intro/LB979.pdf
LB0980,2025_2026,Bosn,Indefinitely postponed,Change provisions of the Uniform Residential Landlord and Tenant Act relating to waivers of jury trials and summonses and provide for summary judgment and expedited proceedings,https://nebraskalegislature.gov/bills/view_bill.php?DocumentID=62868,2026,62868,https://nebraskalegislature.gov/FloorDocs/109/PDF/Intro/LB980.pdf
LB0981,2025_2026,Urban Affairs Committee,Indefinitely postponed,Provide powers to cities of the metropolitan class to regulate housing authorities and change provisions of the Nebraska Housing Agency Act,https://nebraskalegislature.gov/bills/view_bill.php?DocumentID=62857,2026,62857,https://nebraskalegislature.gov/FloorDocs/109/PDF/Intro/LB981.pdf
LB0982,2025_2026,DeBoer,Indefinitely postponed,Appropriate funds to the Public Service Commission for the Broadband Bridge Program,https://nebraskalegislature.gov/bills/view_bill.php?DocumentID=63396,2026,63396,https://nebraskalegislature.gov/FloorDocs/109/PDF/Intro/LB982.pdf
LB0983,2025_2026,DeBoer,Indefinitely postponed,Change civil procedure provisions relating to third-party practice and deposition subpoenas,https://nebraskalegislature.gov/bills/view_bill.php?DocumentID=63131,2026,63131,https://nebraskalegislature.gov/FloorDocs/109/PDF/Intro/LB983.pdf
LB0984,2025_2026,DeBoer,Indefinitely postponed,Require both parties to be eighteen years of age or older for a marriage license,https://nebraskalegislature.gov/bills/view_bill.php?DocumentID=62832,2026,62832,https://nebraskalegislature.gov/FloorDocs/109/PDF/Intro/LB984.pdf
LB0985,2025_2026,DeBoer,Passed,Change provisions relating to guardians and conservators,https://nebraskalegislature.gov/bills/view_bill.php?DocumentID=63416,2026,63416,https://nebraskalegislature.gov/FloorDocs/109/PDF/Intro/LB985.pdf
LB0986,2025_2026,Bostar,Passed,Allow expenditure of campaign funds for security services and systems under the Nebraska Political Accountability and Disclosure Act,https://nebraskalegislature.gov/bills/view_bill.php?DocumentID=62606,2026,62606,https://nebraskalegislature.gov/FloorDocs/109/PDF/Intro/LB986.pdf
LB0987,2025_2026,Lonowski,Indefinitely postponed,Adopt the Vision Benefit Plan Act,https://nebraskalegislature.gov/bills/view_bill.php?DocumentID=63333,2026,63333,https://nebraskalegislature.gov/FloorDocs/109/PDF/Intro/LB987.pdf
LB0988,2025_2026,"Meyer, G.",Indefinitely postponed,Change provisions of the Community Development Law,https://nebraskalegislature.gov/bills/view_bill.php?DocumentID=62675,2026,62675,https://nebraskalegislature.gov/FloorDocs/109/PDF/Intro/LB988.pdf
LB0989,2025_2026,Sanders,Indefinitely postponed,Appropriate funds to the Military Department for the Nebraska Nonprofit Security Grant Program,https://nebraskalegislature.gov/bills/view_bill.php?DocumentID=63363,2026,63363,https://nebraskalegislature.gov/FloorDocs/109/PDF/Intro/LB989.pdf
LB0990,2025_2026,Dover,Indefinitely postponed,Rename the School District Property Tax Relief Act as the Live Here Thrive Here Act and the School District Property Tax Relief Credit Fund as the Live Here Thrive Here Credit Fund and change the distribution of property tax credits under the act,https://nebraskalegislature.gov/bills/view_bill.php?DocumentID=62623,2026,62623,https://nebraskalegislature.gov/FloorDocs/109/PDF/Intro/LB990.pdf
LB0991,2025_2026,Dover,Indefinitely postponed,Provide for stop-signal-arm camera systems on school buses and authorize the use of such systems for enforcement of certain violations under the Nebraska Rules of the Road,https://nebraskalegislature.gov/bills/view_bill.php?DocumentID=63014,2026,63014,https://nebraskalegislature.gov/FloorDocs/109/PDF/Intro/LB991.pdf
LB0992,2025_2026,Dover,Indefinitely postponed,State intent regarding appropriations,https://nebraskalegislature.gov/bills/view_bill.php?DocumentID=63395,2026,63395,https://nebraskalegislature.gov/FloorDocs/109/PDF/Intro/LB992.pdf
LB0993,2025_2026,McKinney,Indefinitely postponed,"Provide a cause of action for deprivation of constitutional rights by a law enforcement officer, eliminate the defense of qualified immunity as prescribed, and change provisions of the Political Subdivisions Tort Claims Act and State Tort Claims Act",https://nebraskalegislature.gov/bills/view_bill.php?DocumentID=62950,2026,62950,https://nebraskalegislature.gov/FloorDocs/109/PDF/Intro/LB993.pdf
LB0994,2025_2026,McKinney,Indefinitely postponed,Change provisions of the Nebraska Treatment and Corrections Act relating to good time and parole eligibility,https://nebraskalegislature.gov/bills/view_bill.php?DocumentID=62960,2026,62960,https://nebraskalegislature.gov/FloorDocs/109/PDF/Intro/LB994.pdf
LB0995,2025_2026,Rountree,Indefinitely postponed,Require appointment of counsel for juveniles and provide duties for juvenile courts,https://nebraskalegislature.gov/bills/view_bill.php?DocumentID=63249,2026,63249,https://nebraskalegislature.gov/FloorDocs/109/PDF/Intro/LB995.pdf
LB0996,2025_2026,Rountree,Indefinitely postponed,Prohibit the use of shackling or restraints on juveniles,https://nebraskalegislature.gov/bills/view_bill.php?DocumentID=63247,2026,63247,https://nebraskalegislature.gov/FloorDocs/109/PDF/Intro/LB996.pdf
LB0997,2025_2026,Andersen,Indefinitely postponed,Change provisions relating to emergency contracts in the State Procurement Act,https://nebraskalegislature.gov/bills/view_bill.php?DocumentID=63639,2026,63639,https://nebraskalegislature.gov/FloorDocs/109/PDF/Intro/LB997.pdf
LB0998,2025_2026,Andersen,Passed,Change provisions relating to the state income tax deduction for members of the Nebraska National Guard,https://nebraskalegislature.gov/bills/view_bill.php?DocumentID=63419,2026,63419,https://nebraskalegislature.gov/FloorDocs/109/PDF/Intro/LB998.pdf
LB0999,2025_2026,Spivey,Indefinitely postponed,Adopt the Business Innovation and Startup Commission Act,https://nebraskalegislature.gov/bills/view_bill.php?DocumentID=63377,2026,63377,https://nebraskalegislature.gov/FloorDocs/109/PDF/Intro/LB999.pdf
LB1000,2025_2026,Prokop,Indefinitely postponed,Change penalties for violations of domestic abuse and sexual assault protection orders,https://nebraskalegislature.gov/bills/view_bill.php?DocumentID=63373,2026,63373,https://nebraskalegislature.gov/FloorDocs/109/PDF/Intro/LB1000.pdf
LB1001,2025_2026,General Affairs Committee,Passed,"Change and eliminate provisions relating to licensed racetrack enclosures, licenses and wagering on horseracing, assistance to problem gamblers, bingo, lotteries, raffles, gift enterprises, the Nebraska Commission on Problem Gambling, the Charitable Gaming Division of the Department of Revenue, keno at licensed racetrack enclosures, and the Compulsive Gamblers Assistance Fund",https://nebraskalegislature.gov/bills/view_bill.php?DocumentID=63426,2026,63426,https://nebraskalegislature.gov/FloorDocs/109/PDF/Intro/LB1001.pdf
LB1001A,2025_2026,Holdcroft,Passed,Appropriation Bill,https://nebraskalegislature.gov/bills/view_bill.php?DocumentID=64692,2026,64692,https://nebraskalegislature.gov/FloorDocs/109/PDF/Intro/LB1001A.pdf
LB1002,2025_2026,"Cavanaugh, M.",Indefinitely postponed,Change provisions relating to filings under the Nebraska Political Accountability and Disclosure Act,https://nebraskalegislature.gov/bills/view_bill.php?DocumentID=62738,2026,62738,https://nebraskalegislature.gov/FloorDocs/109/PDF/Intro/LB1002.pdf
LB1003,2025_2026,"Meyer, G.",Indefinitely postponed,Adopt the Renewable Energy Consumer Protection Act and provide a deceptive trade practice,https://nebraskalegislature.gov/bills/view_bill.php?DocumentID=62668,2026,62668,https://nebraskalegislature.gov/FloorDocs/109/PDF/Intro/LB1003.pdf
LB1004,2025_2026,Clouse,Indefinitely postponed,Change the regulation of nonalcoholic beer under the Nebraska Liquor Control Act,https://nebraskalegislature.gov/bills/view_bill.php?DocumentID=62803,2026,62803,https://nebraskalegislature.gov/FloorDocs/109/PDF/Intro/LB1004.pdf
LB1005,2025_2026,Clouse,Indefinitely postponed,Provide for the operation of all-terrain vehicles and utility-type vehicles between sunset and sunrise under the Nebraska Rules of the Road,https://nebraskalegislature.gov/bills/view_bill.php?DocumentID=63362,2026,63362,https://nebraskalegislature.gov/FloorDocs/109/PDF/Intro/LB1005.pdf
LB1006,2025_2026,Guereca,Indefinitely postponed,Adopt the Protecting Consumers and Jobs from Predatory Pricing Act,https://nebraskalegislature.gov/bills/view_bill.php?DocumentID=63326,2026,63326,https://nebraskalegislature.gov/FloorDocs/109/PDF/Intro/LB1006.pdf
LB1007,2025_2026,Dungan,Indefinitely postponed,Prohibit a landlord from keeping a security deposit when a rental agreement is not signed and prohibit nondisclosure terms in rental agreements,https://nebraskalegislature.gov/bills/view_bill.php?DocumentID=63349,2026,63349,https://nebraskalegislature.gov/FloorDocs/109/PDF/Intro/LB1007.pdf
LB1008,2025_2026,Brandt,Indefinitely postponed,Change provisions relating to the amount of relief granted under the School District Property Tax Relief Act,https://nebraskalegislature.gov/bills/view_bill.php?DocumentID=63403,2026,63403,https://nebraskalegislature.gov/FloorDocs/109/PDF/Intro/LB1008.pdf
LB1009,2025_2026,Dungan,Indefinitely postponed,Change provisions relating to the date when compensation begins under the Nebraska Workers' Compensation Act,https://nebraskalegislature.gov/bills/view_bill.php?DocumentID=63143,2026,63143,https://nebraskalegislature.gov/FloorDocs/109/PDF/Intro/LB1009.pdf
LB1010,2025_2026,Brandt,Passed,"Adopt the Large Load Customer Regulation Act, provide for eminent domain relating to energy storage and regulation and taxation of energy storage resources, and change provisions relating to cryptocurrency mining operations and data centers",https://nebraskalegislature.gov/bills/view_bill.php?DocumentID=63217,2026,63217,https://nebraskalegislature.gov/FloorDocs/109/PDF/Intro/LB1010.pdf
LB1011,2025_2026,Dungan,Indefinitely postponed,Change provisions relating to compensation for temporary disability under the Nebraska Workers' Compensation Act,https://nebraskalegislature.gov/bills/view_bill.php?DocumentID=63138,2026,63138,https://nebraskalegislature.gov/FloorDocs/109/PDF/Intro/LB1011.pdf
LB1012,2025_2026,Hansen,Indefinitely postponed,Provide for a lien for professional services rendered by a physical therapist,https://nebraskalegislature.gov/bills/view_bill.php?DocumentID=63347,2026,63347,https://nebraskalegislature.gov/FloorDocs/109/PDF/Intro/LB1012.pdf
LB1013,2025_2026,Hansen,Indefinitely postponed,Change and eliminate provisions relating to names of state institutions and requirements relating to gender at youth rehabilitation and treatment centers,https://nebraskalegislature.gov/bills/view_bill.php?DocumentID=62892,2026,62892,https://nebraskalegislature.gov/FloorDocs/109/PDF/Intro/LB1013.pdf
LB1014,2025_2026,Spivey,Indefinitely postponed,Change provisions relating to notice under the Nebraska Uniform Limited Liability Act and require the Secretary of State to create a web page and charge a fee for electronic publication of notices under the act,https://nebraskalegislature.gov/bills/view_bill.php?DocumentID=63365,2026,63365,https://nebraskalegislature.gov/FloorDocs/109/PDF/Intro/LB1014.pdf
LB1015,2025_2026,Ibach,Indefinitely postponed,Redefine a term and change provisions relating to the combined tax and the state unemployment insurance tax rate under the Employment Security Law and change provisions relating to the Business Innovation Act,https://nebraskalegislature.gov/bills/view_bill.php?DocumentID=63253,2026,63253,https://nebraskalegislature.gov/FloorDocs/109/PDF/Intro/LB1015.pdf
LB1016,2025_2026,Raybould,Indefinitely postponed,Require the Department of Health and Human Services to submit a demonstration project waiver for traditional healing services,https://nebraskalegislature.gov/bills/view_bill.php?DocumentID=63305,2026,63305,https://nebraskalegislature.gov/FloorDocs/109/PDF/Intro/LB1016.pdf
LB1017,2025_2026,Raybould,Indefinitely postponed,Provide a limit on contributions made to a candidate committee under the Nebraska Political Accountability and Disclosure Act,https://nebraskalegislature.gov/bills/view_bill.php?DocumentID=63690,2026,63690,https://nebraskalegislature.gov/FloorDocs/109/PDF/Intro/LB1017.pdf
LB1018,2025_2026,Raybould,Indefinitely postponed,Change provisions relating to prohibited expenditures by committees under the Nebraska Political Accountability and Disclosure Act,https://nebraskalegislature.gov/bills/view_bill.php?DocumentID=63677,2026,63677,https://nebraskalegislature.gov/FloorDocs/109/PDF/Intro/LB1018.pdf
LB1019,2025_2026,Dorn,Indefinitely postponed,Provide immunity from prosecution for trespass for county assessors,https://nebraskalegislature.gov/bills/view_bill.php?DocumentID=62783,2026,62783,https://nebraskalegislature.gov/FloorDocs/109/PDF/Intro/LB1019.pdf
LB1020,2025_2026,Bostar,Indefinitely postponed,"Provide for and change offenses involving mobile tracking devices, stalking, unlawful intrusion, operation of unmanned aircraft systems, and swatting and eliminate the requirement that courts impose probation for Class IV felonies",https://nebraskalegislature.gov/bills/view_bill.php?DocumentID=63320,2026,63320,https://nebraskalegislature.gov/FloorDocs/109/PDF/Intro/LB1020.pdf
LB1021,2025_2026,Ibach,Indefinitely postponed,"Change provisions related to penalties, proceeds, and distributed revenue of the nameplate capacity tax",https://nebraskalegislature.gov/bills/view_bill.php?DocumentID=62736,2026,62736,https://nebraskalegislature.gov/FloorDocs/109/PDF/Intro/LB1021.pdf
LB1022,2025_2026,Murman,Passed,Eliminate the human relations training requirement for obtaining a Nebraska substitute teacher's certificate,https://nebraskalegislature.gov/bills/view_bill.php?DocumentID=62806,2026,62806,https://nebraskalegislature.gov/FloorDocs/109/PDF/Intro/LB1022.pdf
LB1023,2025_2026,Murman,Indefinitely postponed,Eliminate the sales and use tax exemption for zoo and aquarium admissions,https://nebraskalegislature.gov/bills/view_bill.php?DocumentID=63330,2026,63330,https://nebraskalegislature.gov/FloorDocs/109/PDF/Intro/LB1023.pdf
LB1024,2025_2026,Murman,Indefinitely postponed,Require school districts and the State Board of Education to provide for instruction on the history of communism,https://nebraskalegislature.gov/bills/view_bill.php?DocumentID=63282,2026,63282,https://nebraskalegislature.gov/FloorDocs/109/PDF/Intro/LB1024.pdf
LB1025,2025_2026,Bosn,Indefinitely postponed,Provide for an excise tax on certain social media platform businesses,https://nebraskalegislature.gov/bills/view_bill.php?DocumentID=62649,2026,62649,https://nebraskalegislature.gov/FloorDocs/109/PDF/Intro/LB1025.pdf
LB1026,2025_2026,Storm,Indefinitely postponed,"Prohibit retirement, shutdown, cessation of operation, and alteration of operation of certain energy generation facilities",https://nebraskalegislature.gov/bills/view_bill.php?DocumentID=62880,2026,62880,https://nebraskalegislature.gov/FloorDocs/109/PDF/Intro/LB1026.pdf
LB1027,2025_2026,Storm,Indefinitely postponed,Eliminate certain exemptions applicable to privately developed renewable energy generation facilities and change requirements for the construction of privately developed renewable energy generation facilities,https://nebraskalegislature.gov/bills/view_bill.php?DocumentID=62941,2026,62941,https://nebraskalegislature.gov/FloorDocs/109/PDF/Intro/LB1027.pdf
LB1028,2025_2026,Juarez,Indefinitely postponed,Provide requirements for nutrient management plans and the application of livestock waste or litter,https://nebraskalegislature.gov/bills/view_bill.php?DocumentID=62879,2026,62879,https://nebraskalegislature.gov/FloorDocs/109/PDF/Intro/LB1028.pdf
LB1029,2025_2026,Conrad,Governor Veto,Redefine terms relating to reportable funding from a foreign adversarial source for colleges and universities,https://nebraskalegislature.gov/bills/view_bill.php?DocumentID=63261,2026,63261,https://nebraskalegislature.gov/FloorDocs/109/PDF/Intro/LB1029.pdf
LB1030,2025_2026,Dorn,Indefinitely postponed,Appropriate funds to the Department of Economic Development for state aid to development districts,https://nebraskalegislature.gov/bills/view_bill.php?DocumentID=62916,2026,62916,https://nebraskalegislature.gov/FloorDocs/109/PDF/Intro/LB1030.pdf
LB1031,2025_2026,Dorn,Indefinitely postponed,Require appropriations from the Hospital Quality Assurance and Access Assessment Fund and state intent regarding medicaid rates for mental health providers,https://nebraskalegislature.gov/bills/view_bill.php?DocumentID=63162,2026,63162,https://nebraskalegislature.gov/FloorDocs/109/PDF/Intro/LB1031.pdf
LB1032,2025_2026,DeBoer,Passed,Provide for recognition and enforcement of tribal customary adoptions under the Nebraska Indian Child Welfare Act and related laws,https://nebraskalegislature.gov/bills/view_bill.php?DocumentID=63152,2026,63152,https://nebraskalegislature.gov/FloorDocs/109/PDF/Intro/LB1032.pdf
LB1032A,2025_2026,DeBoer,Indefinitely postponed,Appropriation Bill,https://nebraskalegislature.gov/bills/view_bill.php?DocumentID=66151,2026,66151,https://nebraskalegislature.gov/FloorDocs/109/PDF/Intro/LB1032A.pdf
LB1033,2025_2026,Spivey,Indefinitely postponed,Require the Department of Health and Human Services to make crisis assistance payments under the low-income home energy assistance program,https://nebraskalegislature.gov/bills/view_bill.php?DocumentID=63422,2026,63422,https://nebraskalegislature.gov/FloorDocs/109/PDF/Intro/LB1033.pdf
LB1034,2025_2026,Dungan,Indefinitely postponed,Prohibit school staff from allowing federal immigration enforcement officers to access schools without a judicial warrant,https://nebraskalegislature.gov/bills/view_bill.php?DocumentID=63723,2026,63723,https://nebraskalegislature.gov/FloorDocs/109/PDF/Intro/LB1034.pdf
LB1035,2025_2026,"Cavanaugh, M.",Indefinitely postponed,Change and provide limitations on the rating system an insurer can file under the Property Casualty Insurance Rate and Form Act,https://nebraskalegislature.gov/bills/view_bill.php?DocumentID=63067,2026,63067,https://nebraskalegislature.gov/FloorDocs/109/PDF/Intro/LB1035.pdf
LB1036,2025_2026,Dungan,Indefinitely postponed,"Change Nebraska Evidence Rules to provide for consideration of evidence of other crimes, wrongs, or acts as prescribed",https://nebraskalegislature.gov/bills/view_bill.php?DocumentID=63348,2026,63348,https://nebraskalegislature.gov/FloorDocs/109/PDF/Intro/LB1036.pdf
LB1037,2025_2026,Raybould,Indefinitely postponed,Change provisions relating to negotiations and agreements between the Governor and federally recognized Indian Tribes relating to the collection and dissemination of any cigarette tax or certain other tobacco products tax collected on sales of such products made or sold on a federal recognized Indian tribe’s Indian country,https://nebraskalegislature.gov/bills/view_bill.php?DocumentID=63029,2026,63029,https://nebraskalegislature.gov/FloorDocs/109/PDF/Intro/LB1037.pdf
LB1038,2025_2026,Hughes,Indefinitely postponed,Change provisions relating to school funding and property taxes,https://nebraskalegislature.gov/bills/view_bill.php?DocumentID=62677,2026,62677,https://nebraskalegislature.gov/FloorDocs/109/PDF/Intro/LB1038.pdf
LB1039,2025_2026,Dungan,Indefinitely postponed,Prohibit school resource officers and security guards from using corporal punishment,https://nebraskalegislature.gov/bills/view_bill.php?DocumentID=62978,2026,62978,https://nebraskalegislature.gov/FloorDocs/109/PDF/Intro/LB1039.pdf
LB1040,2025_2026,Kauth,Indefinitely postponed,Change provisions of the Nebraska Mental Health Commitment Act relating to grounds for civil commitment and inpatient treatment and allow for interested parties to file petitions,https://nebraskalegislature.gov/bills/view_bill.php?DocumentID=63309,2026,63309,https://nebraskalegislature.gov/FloorDocs/109/PDF/Intro/LB1040.pdf
LB1041,2025_2026,Rountree,Indefinitely postponed,"Provide requirements for cities, villages, and counties relating to accessory dwelling units",https://nebraskalegislature.gov/bills/view_bill.php?DocumentID=62965,2026,62965,https://nebraskalegislature.gov/FloorDocs/109/PDF/Intro/LB1041.pdf
LB1042,2025_2026,Rountree,Indefinitely postponed,Change provisions of the Uninsured and Underinsured Motorist Insurance Coverage Act relating to stacking of coverage,https://nebraskalegislature.gov/bills/view_bill.php?DocumentID=63139,2026,63139,https://nebraskalegislature.gov/FloorDocs/109/PDF/Intro/LB1042.pdf
LB1043,2025_2026,"Meyer, G.",Indefinitely postponed,"Include prescription antidepressants, antipsychotics, and anticonvulsants on the preferred drug list under the Medical Assistance Act",https://nebraskalegislature.gov/bills/view_bill.php?DocumentID=62724,2026,62724,https://nebraskalegislature.gov/FloorDocs/109/PDF/Intro/LB1043.pdf
LB1044,2025_2026,Prokop,Indefinitely postponed,Change provisions of the Business Innovation Act,https://nebraskalegislature.gov/bills/view_bill.php?DocumentID=63123,2026,63123,https://nebraskalegislature.gov/FloorDocs/109/PDF/Intro/LB1044.pdf
LB1045,2025_2026,McKinney,Indefinitely postponed,Adopt the Nebraska Public Housing Preservation Trust Act,https://nebraskalegislature.gov/bills/view_bill.php?DocumentID=63210,2026,63210,https://nebraskalegislature.gov/FloorDocs/109/PDF/Intro/LB1045.pdf
LB1046,2025_2026,McKinney,Indefinitely postponed,"Require school policies relating to name, image, and likeness rights for high school students",https://nebraskalegislature.gov/bills/view_bill.php?DocumentID=62872,2026,62872,https://nebraskalegislature.gov/FloorDocs/109/PDF/Intro/LB1046.pdf
LB1047,2025_2026,Holdcroft,Indefinitely postponed,Authorize music bingo under the Nebraska Bingo Act  and change provisions relating to special event bingo and prizes that can be awarded under the act,https://nebraskalegislature.gov/bills/view_bill.php?DocumentID=63372,2026,63372,https://nebraskalegislature.gov/FloorDocs/109/PDF/Intro/LB1047.pdf
LB1048,2025_2026,Arch,Passed,"Change and eliminate reporting requirements involving certain government agencies and preparation of the state executive budget, require the provision of copies of certain contracts to the Auditor of Public Accounts, and eliminate the Suggestion Award Board and the state employee suggestion system",https://nebraskalegislature.gov/bills/view_bill.php?DocumentID=62865,2026,62865,https://nebraskalegislature.gov/FloorDocs/109/PDF/Intro/LB1048.pdf
LB1049,2025_2026,Ibach,Indefinitely postponed,Require the Legislative Fiscal Analyst to prepare economic impact reports for regulatory actions,https://nebraskalegislature.gov/bills/view_bill.php?DocumentID=63544,2026,63544,https://nebraskalegislature.gov/FloorDocs/109/PDF/Intro/LB1049.pdf
LB1050,2025_2026,Murman,Indefinitely postponed,Provide requirements for dyslexia screening and limit  advancement to grade four under the Nebraska Reading Improvement Act,https://nebraskalegislature.gov/bills/view_bill.php?DocumentID=63185,2026,63185,https://nebraskalegislature.gov/FloorDocs/109/PDF/Intro/LB1050.pdf
LB1050A,2025_2026,Murman,Indefinitely postponed,Appropriation Bill,https://nebraskalegislature.gov/bills/view_bill.php?DocumentID=66059,2026,66059,https://nebraskalegislature.gov/FloorDocs/109/PDF/Intro/LB1050A.pdf
LB1051,2025_2026,Education Committee,Indefinitely postponed,Change a definition relating to the University of Nebraska,https://nebraskalegislature.gov/bills/view_bill.php?DocumentID=63155,2026,63155,https://nebraskalegislature.gov/FloorDocs/109/PDF/Intro/LB1051.pdf
LB1052,2025_2026,Education Committee,Indefinitely postponed,Change terminology relating to the Student Discipline Act,https://nebraskalegislature.gov/bills/view_bill.php?DocumentID=63154,2026,63154,https://nebraskalegislature.gov/FloorDocs/109/PDF/Intro/LB1052.pdf
LB1053,2025_2026,Education Committee,Indefinitely postponed,Eliminate the prohibition regarding suspending a student that is in prekindergarten through second grade,https://nebraskalegislature.gov/bills/view_bill.php?DocumentID=62744,2026,62744,https://nebraskalegislature.gov/FloorDocs/109/PDF/Intro/LB1053.pdf
LB1054,2025_2026,DeBoer,Indefinitely postponed,Appropriate funds to the State Department of Education for grants for cybersecurity products and services,https://nebraskalegislature.gov/bills/view_bill.php?DocumentID=63407,2026,63407,https://nebraskalegislature.gov/FloorDocs/109/PDF/Intro/LB1054.pdf
LB1055,2025_2026,DeBoer,Passed,Provide training requirements for an adult protective services official under the Adult Protective Services Act,https://nebraskalegislature.gov/bills/view_bill.php?DocumentID=63390,2026,63390,https://nebraskalegislature.gov/FloorDocs/109/PDF/Intro/LB1055.pdf
LB1056,2025_2026,Conrad,Indefinitely postponed,Change provisions of the Nebraska Workers' Compensation Act,https://nebraskalegislature.gov/bills/view_bill.php?DocumentID=63140,2026,63140,https://nebraskalegislature.gov/FloorDocs/109/PDF/Intro/LB1056.pdf
LB1057,2025_2026,Ballard,Passed,Redefine adult day service under the Health Care Facility Licensure Act,https://nebraskalegislature.gov/bills/view_bill.php?DocumentID=62891,2026,62891,https://nebraskalegislature.gov/FloorDocs/109/PDF/Intro/LB1057.pdf
LB1058,2025_2026,Hallstrom,Indefinitely postponed,Provide for an additional grant under the Nebraska Visitors Development Act and state intent relating to funding,https://nebraskalegislature.gov/bills/view_bill.php?DocumentID=63302,2026,63302,https://nebraskalegislature.gov/FloorDocs/109/PDF/Intro/LB1058.pdf
LB1059,2025_2026,Bosn,Indefinitely postponed,Prohibit certain conduct relating to mobile tracking devices and change penalties for stalking,https://nebraskalegislature.gov/bills/view_bill.php?DocumentID=63402,2026,63402,https://nebraskalegislature.gov/FloorDocs/109/PDF/Intro/LB1059.pdf
LB1060,2025_2026,Murman,Indefinitely postponed,Adopt the Child Placement Services Preservation Act,https://nebraskalegislature.gov/bills/view_bill.php?DocumentID=63661,2026,63661,https://nebraskalegislature.gov/FloorDocs/109/PDF/Intro/LB1060.pdf
LB1061,2025_2026,Murman,Indefinitely postponed,Change residence requirements relating to tuition and fees at state postsecondary educational institutions,https://nebraskalegislature.gov/bills/view_bill.php?DocumentID=62705,2026,62705,https://nebraskalegislature.gov/FloorDocs/109/PDF/Intro/LB1061.pdf
LB1062,2025_2026,Bostar,Indefinitely postponed,Change provisions relating to the Insurance Producers Licensing Act and the Pharmacy Benefit Manager Licensure and Regulation Act,https://nebraskalegislature.gov/bills/view_bill.php?DocumentID=63124,2026,63124,https://nebraskalegislature.gov/FloorDocs/109/PDF/Intro/LB1062.pdf
LB1063,2025_2026,Bostar,Indefinitely postponed,Change provisions relating to applicants and licensees under the Nebraska Money Transmitters Act and prohibit money transmission by foreign adversary persons,https://nebraskalegislature.gov/bills/view_bill.php?DocumentID=63213,2026,63213,https://nebraskalegislature.gov/FloorDocs/109/PDF/Intro/LB1063.pdf
LB1064,2025_2026,Bostar,Indefinitely postponed,Adopt the Large Load Customer Regulation Act,https://nebraskalegislature.gov/bills/view_bill.php?DocumentID=62971,2026,62971,https://nebraskalegislature.gov/FloorDocs/109/PDF/Intro/LB1064.pdf
LB1065,2025_2026,Executive Board,Indefinitely postponed,Change provisions regarding the publication and distribution of the Constitution of Nebraska,https://nebraskalegislature.gov/bills/view_bill.php?DocumentID=62800,2026,62800,https://nebraskalegislature.gov/FloorDocs/109/PDF/Intro/LB1065.pdf
LB1066,2025_2026,Fredrickson,Indefinitely postponed,Require members of the Legislature to complete a civics assessment,https://nebraskalegislature.gov/bills/view_bill.php?DocumentID=63039,2026,63039,https://nebraskalegislature.gov/FloorDocs/109/PDF/Intro/LB1066.pdf
LB1067,2025_2026,Hallstrom,Passed,"Change provisions relating to the Affordable Housing Trust Fund, the rate and disbursement of the documentary stamp tax, the Rural Workforce Housing Investment Fund, and the Middle Income Workforce Housing Investment Fund",https://nebraskalegislature.gov/bills/view_bill.php?DocumentID=63083,2026,63083,https://nebraskalegislature.gov/FloorDocs/109/PDF/Intro/LB1067.pdf
LB1068,2025_2026,Storm,Indefinitely postponed,Change requirements for petition circulators and sponsors under the Election Act,https://nebraskalegislature.gov/bills/view_bill.php?DocumentID=63248,2026,63248,https://nebraskalegislature.gov/FloorDocs/109/PDF/Intro/LB1068.pdf
LB1069,2025_2026,Dover,Indefinitely postponed,Require emergency care providers to submit claims to third-party payors,https://nebraskalegislature.gov/bills/view_bill.php?DocumentID=63352,2026,63352,https://nebraskalegislature.gov/FloorDocs/109/PDF/Intro/LB1069.pdf
LB1070,2025_2026,Dover,Indefinitely postponed,Change appropriations to the Department of Economic Development,https://nebraskalegislature.gov/bills/view_bill.php?DocumentID=63649,2026,63649,https://nebraskalegislature.gov/FloorDocs/109/PDF/Intro/LB1070.pdf
LB1071,2025_2026,Speaker Arch,Passed,"Provide, change, and eliminate provisions related to appropriations for the expenses of Nebraska State Government for the biennium ending June 30, 2027",https://nebraskalegislature.gov/bills/view_bill.php?DocumentID=62648,2026,62648,https://nebraskalegislature.gov/FloorDocs/109/PDF/Intro/LB1071.pdf
LB1072,2025_2026,Speaker Arch,Passed,"Provide for and change transfers from the Cash Reserve Fund and provide, change, and eliminate provisions relating to fees, funds, fund transfers, agency powers and duties, and various statutory programs",https://nebraskalegislature.gov/bills/view_bill.php?DocumentID=62666,2026,62666,https://nebraskalegislature.gov/FloorDocs/109/PDF/Intro/LB1072.pdf
LB1073,2025_2026,Bosn,Indefinitely postponed,Require commercial motor vehicle driver training to include antitrafficking training,https://nebraskalegislature.gov/bills/view_bill.php?DocumentID=63337,2026,63337,https://nebraskalegislature.gov/FloorDocs/109/PDF/Intro/LB1073.pdf
LB1074,2025_2026,Sanders,Indefinitely postponed,Change provisions relating to unclaimed property proceeds and funds and a statute of limitations,https://nebraskalegislature.gov/bills/view_bill.php?DocumentID=63329,2026,63329,https://nebraskalegislature.gov/FloorDocs/109/PDF/Intro/LB1074.pdf
LB1075,2025_2026,Sanders,Passed,"Provide for a database of county and municipal financial information and requirements for village warrants and vacancies in a village board, change provisions of the Election Act, the Nebraska Political Accountability and Disclosure Act, and the Uniform Disposition of Unclaimed Property Act, and eliminate provisions relating to initiative and referendum petitions",https://nebraskalegislature.gov/bills/view_bill.php?DocumentID=63306,2026,63306,https://nebraskalegislature.gov/FloorDocs/109/PDF/Intro/LB1075.pdf
LB1075A,2025_2026,Sanders,Passed,Appropriation Bill,https://nebraskalegislature.gov/bills/view_bill.php?DocumentID=66093,2026,66093,https://nebraskalegislature.gov/FloorDocs/109/PDF/Intro/LB1075A.pdf
LB1076,2025_2026,Brandt,Indefinitely postponed,Change penalty provisions relating to the Nebraska Geologic Storage of Carbon Dioxide Act,https://nebraskalegislature.gov/bills/view_bill.php?DocumentID=62765,2026,62765,https://nebraskalegislature.gov/FloorDocs/109/PDF/Intro/LB1076.pdf
LB1077,2025_2026,Brandt,Indefinitely postponed,Change provisions relating to workers' compensation insurance policies and deductibles,https://nebraskalegislature.gov/bills/view_bill.php?DocumentID=63411,2026,63411,https://nebraskalegislature.gov/FloorDocs/109/PDF/Intro/LB1077.pdf
LB1078,2025_2026,Dungan,Indefinitely postponed,Adopt the Fair Online Pricing Act,https://nebraskalegislature.gov/bills/view_bill.php?DocumentID=63415,2026,63415,https://nebraskalegislature.gov/FloorDocs/109/PDF/Intro/LB1078.pdf
LB1079,2025_2026,von Gillern,Indefinitely postponed,Change provisions relating to the habitual criminal enhancement for theft offenses,https://nebraskalegislature.gov/bills/view_bill.php?DocumentID=63031,2026,63031,https://nebraskalegislature.gov/FloorDocs/109/PDF/Intro/LB1079.pdf
LB1080,2025_2026,DeBoer,Indefinitely postponed,"Provide for use of unsworn declarations in civil proceedings, change related criminal provisions, and change provisions of the Uniform Unsworn Foreign Declarations Act",https://nebraskalegislature.gov/bills/view_bill.php?DocumentID=63132,2026,63132,https://nebraskalegislature.gov/FloorDocs/109/PDF/Intro/LB1080.pdf
LB1081,2025_2026,"Meyer, G.",Indefinitely postponed,Require state agencies and political subdivisions to purchase flags made in the United States,https://nebraskalegislature.gov/bills/view_bill.php?DocumentID=62587,2026,62587,https://nebraskalegislature.gov/FloorDocs/109/PDF/Intro/LB1081.pdf
LB1082,2025_2026,Storer,Indefinitely postponed,Provide a duty for telecommunications companies under the Nebraska Telecommunications Regulation Act,https://nebraskalegislature.gov/bills/view_bill.php?DocumentID=62762,2026,62762,https://nebraskalegislature.gov/FloorDocs/109/PDF/Intro/LB1082.pdf
LB1083,2025_2026,Storer,Indefinitely postponed,"Adopt the Transparency in Artificial Intelligence Risk Management Act, create a fund, and change provisions relating to records which may be withheld from the public",https://nebraskalegislature.gov/bills/view_bill.php?DocumentID=63049,2026,63049,https://nebraskalegislature.gov/FloorDocs/109/PDF/Intro/LB1083.pdf
LB1084,2025_2026,Storer,Indefinitely postponed,Change provisions relating to persons taken into emergency protective custody,https://nebraskalegislature.gov/bills/view_bill.php?DocumentID=63408,2026,63408,https://nebraskalegislature.gov/FloorDocs/109/PDF/Intro/LB1084.pdf
LB1085,2025_2026,Clouse,Indefinitely postponed,"Change provisions relating to retail, bottle club, craft brewery, and microdistillery licenses, Nebraska Liquor Control Commission powers and duties, and penalties for violations under the Nebraska Liquor Control Act",https://nebraskalegislature.gov/bills/view_bill.php?DocumentID=63222,2026,63222,https://nebraskalegislature.gov/FloorDocs/109/PDF/Intro/LB1085.pdf
LB1086,2025_2026,Dover,Passed,Change eligibility requirements for community college gap assistance,https://nebraskalegislature.gov/bills/view_bill.php?DocumentID=63323,2026,63323,https://nebraskalegislature.gov/FloorDocs/109/PDF/Intro/LB1086.pdf
LB1087,2025_2026,Arch,Passed,Create the Nebraska-Ireland Commission,https://nebraskalegislature.gov/bills/view_bill.php?DocumentID=63023,2026,63023,https://nebraskalegislature.gov/FloorDocs/109/PDF/Intro/LB1087.pdf
LB1088,2025_2026,Raybould,Indefinitely postponed,Require persons convicted of misdemeanor crimes of domestic violence or subject to domestic abuse protection orders to surrender firearms for a period of time,https://nebraskalegislature.gov/bills/view_bill.php?DocumentID=63304,2026,63304,https://nebraskalegislature.gov/FloorDocs/109/PDF/Intro/LB1088.pdf
LB1089,2025_2026,Hughes,Indefinitely postponed,Change enforcement provisions of the Nebraska Healthy Families and Workplaces Act,https://nebraskalegislature.gov/bills/view_bill.php?DocumentID=62584,2026,62584,https://nebraskalegislature.gov/FloorDocs/109/PDF/Intro/LB1089.pdf
LB1090,2025_2026,Murman,Indefinitely postponed,Provide requirements for petition circulators and provide a penalty,https://nebraskalegislature.gov/bills/view_bill.php?DocumentID=63288,2026,63288,https://nebraskalegislature.gov/FloorDocs/109/PDF/Intro/LB1090.pdf
LB1091,2025_2026,Bostar,Passed,Provide requirements for the Department of Health and Human Services for long-term care clients with special needs under the medical assistance program,https://nebraskalegislature.gov/bills/view_bill.php?DocumentID=63278,2026,63278,https://nebraskalegislature.gov/FloorDocs/109/PDF/Intro/LB1091.pdf
LB1092,2025_2026,Bostar,Indefinitely postponed,Provide for Back the Blue License Plates and Iconic-Design License Plates,https://nebraskalegislature.gov/bills/view_bill.php?DocumentID=62626,2026,62626,https://nebraskalegislature.gov/FloorDocs/109/PDF/Intro/LB1092.pdf
LB1093,2025_2026,Ballard,Indefinitely postponed,Redefine excavation under the One-Call Notification System Act,https://nebraskalegislature.gov/bills/view_bill.php?DocumentID=63032,2026,63032,https://nebraskalegislature.gov/FloorDocs/109/PDF/Intro/LB1093.pdf
LB1094,2025_2026,Ballard,Indefinitely postponed,Adopt the By-Right Housing Development Act and the Permitting Approval Timeliness Act,https://nebraskalegislature.gov/bills/view_bill.php?DocumentID=63063,2026,63063,https://nebraskalegislature.gov/FloorDocs/109/PDF/Intro/LB1094.pdf
LB1095,2025_2026,Andersen,Indefinitely postponed,"Change provisions relating to the duties of the Nebraska Investment Council, the state investment officer, and the State Treasurer",https://nebraskalegislature.gov/bills/view_bill.php?DocumentID=63343,2026,63343,https://nebraskalegislature.gov/FloorDocs/109/PDF/Intro/LB1095.pdf
LB1096,2025_2026,Bostar,Passed,"Adopt the Preventing Lethal Agricultural and National Threats Act, create restrictions on contracts with foreign principals, authorize the withholding of records, and provide civil penalties",https://nebraskalegislature.gov/bills/view_bill.php?DocumentID=63291,2026,63291,https://nebraskalegislature.gov/FloorDocs/109/PDF/Intro/LB1096.pdf
LB1096A,2025_2026,Bostar,Indefinitely postponed,Appropriation Bill,https://nebraskalegislature.gov/bills/view_bill.php?DocumentID=65955,2026,65955,https://nebraskalegislature.gov/FloorDocs/109/PDF/Intro/LB1096A.pdf
LB1097,2025_2026,Conrad,Indefinitely postponed,Adopt the State and Political Subdivisions Sexual Abuse Liability Act,https://nebraskalegislature.gov/bills/view_bill.php?DocumentID=63142,2026,63142,https://nebraskalegislature.gov/FloorDocs/109/PDF/Intro/LB1097.pdf
LB1098,2025_2026,Juarez,Indefinitely postponed,Adopt the State Rail Plan Act,https://nebraskalegislature.gov/bills/view_bill.php?DocumentID=62758,2026,62758,https://nebraskalegislature.gov/FloorDocs/109/PDF/Intro/LB1098.pdf
LB1099,2025_2026,Hansen,Indefinitely postponed,Provide for Husker Red License Plates,https://nebraskalegislature.gov/bills/view_bill.php?DocumentID=62898,2026,62898,https://nebraskalegislature.gov/FloorDocs/109/PDF/Intro/LB1099.pdf
LB1100,2025_2026,Sorrentino,Indefinitely postponed,Modernize language in a civil procedure statute,https://nebraskalegislature.gov/bills/view_bill.php?DocumentID=63546,2026,63546,https://nebraskalegislature.gov/FloorDocs/109/PDF/Intro/LB1100.pdf
LB1101,2025_2026,Nebraska Retirement Systems Committee,Passed,Change provisions of the Judges Retirement Act,https://nebraskalegislature.gov/bills/view_bill.php?DocumentID=62946,2026,62946,https://nebraskalegislature.gov/FloorDocs/109/PDF/Intro/LB1101.pdf
LB1101A,2025_2026,Ballard,Indefinitely postponed,Appropriation Bill,https://nebraskalegislature.gov/bills/view_bill.php?DocumentID=65647,2026,65647,https://nebraskalegislature.gov/FloorDocs/109/PDF/Intro/LB1101A.pdf
LB1102,2025_2026,Ballard,Indefinitely postponed,Provide requirements for monthly payments of retirement allowances and change when certain cost-of-living adjustments occur under the Class V School Employees Retirement Act,https://nebraskalegislature.gov/bills/view_bill.php?DocumentID=63130,2026,63130,https://nebraskalegislature.gov/FloorDocs/109/PDF/Intro/LB1102.pdf
LB1103,2025_2026,Bostar,Indefinitely postponed,Change the mandatory retirement age and provisions relating to deferred retirement option plans under the Nebraska State Patrol Retirement Act,https://nebraskalegislature.gov/bills/view_bill.php?DocumentID=62674,2026,62674,https://nebraskalegislature.gov/FloorDocs/109/PDF/Intro/LB1103.pdf
LB1104,2025_2026,Dover,Indefinitely postponed,Provide for certain determinations relating to the avoidance of motor vehicle taxes and fees under the Motor Vehicle Registration Act,https://nebraskalegislature.gov/bills/view_bill.php?DocumentID=63728,2026,63728,https://nebraskalegislature.gov/FloorDocs/109/PDF/Intro/LB1104.pdf
LB1105,2025_2026,Dover,Indefinitely postponed,State intent regarding appropriations,https://nebraskalegislature.gov/bills/view_bill.php?DocumentID=63397,2026,63397,https://nebraskalegislature.gov/FloorDocs/109/PDF/Intro/LB1105.pdf
LB1106,2025_2026,Prokop,Indefinitely postponed,Provide for transfers of funds from the Nebraska Health Care Cash Fund to the Patient Safety Cash Fund,https://nebraskalegislature.gov/bills/view_bill.php?DocumentID=63646,2026,63646,https://nebraskalegislature.gov/FloorDocs/109/PDF/Intro/LB1106.pdf
LB1107,2025_2026,"Meyer, G.",Indefinitely postponed,Change provisions of the Rural Road Improvement District Act,https://nebraskalegislature.gov/bills/view_bill.php?DocumentID=62782,2026,62782,https://nebraskalegislature.gov/FloorDocs/109/PDF/Intro/LB1107.pdf
LB1108,2025_2026,Clouse,Passed,Change provisions related to contracts entered into by and bidding requirements and exceptions for joint entities and public power districts,https://nebraskalegislature.gov/bills/view_bill.php?DocumentID=62931,2026,62931,https://nebraskalegislature.gov/FloorDocs/109/PDF/Intro/LB1108.pdf
LB1109,2025_2026,von Gillern,Indefinitely postponed,Eliminate certain sales and use tax exemptions and a renewable energy tax credit and change provisions relating to the Nebraska Advantage Research and Development Act and the ImagiNE Nebraska Act,https://nebraskalegislature.gov/bills/view_bill.php?DocumentID=63418,2026,63418,https://nebraskalegislature.gov/FloorDocs/109/PDF/Intro/LB1109.pdf
LB1110,2025_2026,von Gillern,Indefinitely postponed,"Change provisions related to the distribution of certain tax revenue, confidentiality of shared information, contracts between the Tax Commissioner and collection agencies, and the collection and enforcement of delinquent income tax claims and provide for fees",https://nebraskalegislature.gov/bills/view_bill.php?DocumentID=62735,2026,62735,https://nebraskalegislature.gov/FloorDocs/109/PDF/Intro/LB1110.pdf
LB1110A,2025_2026,von Gillern,Indefinitely postponed,Appropriation Bill,https://nebraskalegislature.gov/bills/view_bill.php?DocumentID=64868,2026,64868,https://nebraskalegislature.gov/FloorDocs/109/PDF/Intro/LB1110A.pdf
LB1111,2025_2026,"Cavanaugh, M.",Indefinitely postponed,"Require an annual data center load report to the Nebraska Power Review Board, provide powers and duties for public power suppliers, allow and require regulation of data centers, and change provisions relating to regulation of cryptocurrency mining operations",https://nebraskalegislature.gov/bills/view_bill.php?DocumentID=63375,2026,63375,https://nebraskalegislature.gov/FloorDocs/109/PDF/Intro/LB1111.pdf
LB1112,2025_2026,McKinney,Indefinitely postponed,Adopt the Statewide Standardized Grading System Act,https://nebraskalegislature.gov/bills/view_bill.php?DocumentID=63058,2026,63058,https://nebraskalegislature.gov/FloorDocs/109/PDF/Intro/LB1112.pdf
LB1113,2025_2026,Urban Affairs Committee,Indefinitely postponed,Change provisions relating to certain notices under the Community Development Law,https://nebraskalegislature.gov/bills/view_bill.php?DocumentID=63659,2026,63659,https://nebraskalegislature.gov/FloorDocs/109/PDF/Intro/LB1113.pdf
LB1114,2025_2026,Urban Affairs Committee,Passed,"Adopt the Community Improvement District Act and the New Taxpayer Recruitment Grant Act, authorize community improvement districts to levy property taxes, and change provisions related to the Community Development Law, the Municipal Inland Port Authority Act, extraterritorial jurisdiction, sanitary and improvement districts, housing authorities, housing agencies, the Nebraska Housing Agency Act, and the Local Option Municipal Economic Development Act",https://nebraskalegislature.gov/bills/view_bill.php?DocumentID=62848,2026,62848,https://nebraskalegislature.gov/FloorDocs/109/PDF/Intro/LB1114.pdf
LB1115,2025_2026,Storer,Indefinitely postponed,Exempt microbreweries from certain distribution agreement requirements between beer suppliers and wholesalers,https://nebraskalegislature.gov/bills/view_bill.php?DocumentID=63047,2026,63047,https://nebraskalegislature.gov/FloorDocs/109/PDF/Intro/LB1115.pdf
LB1116,2025_2026,Ibach,Indefinitely postponed,Change provisions relating to the Sports Arena Facility Financing Assistance Act,https://nebraskalegislature.gov/bills/view_bill.php?DocumentID=63235,2026,63235,https://nebraskalegislature.gov/FloorDocs/109/PDF/Intro/LB1116.pdf
LB1117,2025_2026,Ibach,Indefinitely postponed,Change provisions relating to tuition waivers and provide for reimbursement to postsecondary institutions,https://nebraskalegislature.gov/bills/view_bill.php?DocumentID=63270,2026,63270,https://nebraskalegislature.gov/FloorDocs/109/PDF/Intro/LB1117.pdf
LB1118,2025_2026,Bosn,Indefinitely postponed,Classify certain actions by a social media platform as deceptive trade practices under the Uniform Deceptive Trade Practices Act,https://nebraskalegislature.gov/bills/view_bill.php?DocumentID=63157,2026,63157,https://nebraskalegislature.gov/FloorDocs/109/PDF/Intro/LB1118.pdf
LB1119,2025_2026,Bosn,Indefinitely postponed,Change provisions relating to the collection and use of personal data and provide additional duties and prohibitions for a covered online service under the Age-Appropriate Online Design Code Act,https://nebraskalegislature.gov/bills/view_bill.php?DocumentID=63405,2026,63405,https://nebraskalegislature.gov/FloorDocs/109/PDF/Intro/LB1119.pdf
LB1120,2025_2026,Hansen,Indefinitely postponed,Authorize a progressive jackpot form of lottery and raffle under the Nebraska Lottery and Raffle Act and the Nebraska Small Lottery and Raffle Act,https://nebraskalegislature.gov/bills/view_bill.php?DocumentID=63318,2026,63318,https://nebraskalegislature.gov/FloorDocs/109/PDF/Intro/LB1120.pdf
LB1121,2025_2026,Ballard,Indefinitely postponed,"Adopt the Recreational Vehicle Industry Regulation Act, change provisions of the Motor Vehicle Industry Regulation Act, and change provisions relating to recreational vehicles",https://nebraskalegislature.gov/bills/view_bill.php?DocumentID=62793,2026,62793,https://nebraskalegislature.gov/FloorDocs/109/PDF/Intro/LB1121.pdf
LB1122,2025_2026,Bostar,Indefinitely postponed,State intent regarding appropriations to the Department of Health and Human Services,https://nebraskalegislature.gov/bills/view_bill.php?DocumentID=63341,2026,63341,https://nebraskalegislature.gov/FloorDocs/109/PDF/Intro/LB1122.pdf
LB1123,2025_2026,Bostar,Indefinitely postponed,"Provide requirements relating to Brady-Giglio lists, protections for certain officers, and duties for prosecuting agencies and public safety agencies, and change the penalty for impersonating a peace officer",https://nebraskalegislature.gov/bills/view_bill.php?DocumentID=63980,2026,63980,https://nebraskalegislature.gov/FloorDocs/109/PDF/Intro/LB1123.pdf
LB1124,2025_2026,Sorrentino,Indefinitely postponed,Increase the cigarette tax and state intent and change provisions relating to the distribution of cigarette tax proceeds,https://nebraskalegislature.gov/bills/view_bill.php?DocumentID=62815,2026,62815,https://nebraskalegislature.gov/FloorDocs/109/PDF/Intro/LB1124.pdf
LB1125,2025_2026,Sorrentino,Indefinitely postponed,Require legislative approval of certain University of Nebraska contracts and restrict ownership of certain facilities,https://nebraskalegislature.gov/bills/view_bill.php?DocumentID=63652,2026,63652,https://nebraskalegislature.gov/FloorDocs/109/PDF/Intro/LB1125.pdf
LB1126,2025_2026,Moser,Passed,"Adopt the Infrastructure Development Investment Program Act and change and eliminate provisions relating to the Rural Road Improvement District Act, the Political Subdivisions Construction Alternatives Act, the Transportation Innovation Act, the Motor Vehicle Safety Responsibility Act, the Nebraska Rules of the Road, intrastate medicaid nonemergency medical transportation services, and wireless service surcharges",https://nebraskalegislature.gov/bills/view_bill.php?DocumentID=62994,2026,62994,https://nebraskalegislature.gov/FloorDocs/109/PDF/Intro/LB1126.pdf
LB1126A,2025_2026,Moser,Passed,Appropriation Bill,https://nebraskalegislature.gov/bills/view_bill.php?DocumentID=66026,2026,66026,https://nebraskalegislature.gov/FloorDocs/109/PDF/Intro/LB1126A.pdf
LB1127,2025_2026,Dover,Passed,Provide for hangtag permits for motor vehicles under the Game Law,https://nebraskalegislature.gov/bills/view_bill.php?DocumentID=63721,2026,63721,https://nebraskalegislature.gov/FloorDocs/109/PDF/Intro/LB1127.pdf
LB1127A,2025_2026,Dover,Passed,Appropriation Bill,https://nebraskalegislature.gov/bills/view_bill.php?DocumentID=64719,2026,64719,https://nebraskalegislature.gov/FloorDocs/109/PDF/Intro/LB1127A.pdf
LB1128,2025_2026,Dover,Indefinitely postponed,Change provisions relating to entertainment district licenses under the Nebraska Liquor Control Act,https://nebraskalegislature.gov/bills/view_bill.php?DocumentID=63322,2026,63322,https://nebraskalegislature.gov/FloorDocs/109/PDF/Intro/LB1128.pdf
LB1129,2025_2026,Dover,Indefinitely postponed,Change provisions of the Community Development Law,https://nebraskalegislature.gov/bills/view_bill.php?DocumentID=63287,2026,63287,https://nebraskalegislature.gov/FloorDocs/109/PDF/Intro/LB1129.pdf
LB1130,2025_2026,Jacobson,Indefinitely postponed,Adopt the Community Improvement District Act,https://nebraskalegislature.gov/bills/view_bill.php?DocumentID=62851,2026,62851,https://nebraskalegislature.gov/FloorDocs/109/PDF/Intro/LB1130.pdf
LB1131,2025_2026,Bostar,Indefinitely postponed,Adopt the Domestic Violence and Human Trafficking Service Providers Tax Credit Act and eliminate personal property tax and sales and use tax exemptions relating to data centers,https://nebraskalegislature.gov/bills/view_bill.php?DocumentID=62766,2026,62766,https://nebraskalegislature.gov/FloorDocs/109/PDF/Intro/LB1131.pdf
LB1132,2025_2026,Fredrickson,Indefinitely postponed,Require the Department of Health and Human Services to file a state plan amendment for coverage of long-acting injectable and extended-release medications for certain individuals,https://nebraskalegislature.gov/bills/view_bill.php?DocumentID=63780,2026,63780,https://nebraskalegislature.gov/FloorDocs/109/PDF/Intro/LB1132.pdf
LB1133,2025_2026,Kauth,Passed,Provide for payment of claims against the state,https://nebraskalegislature.gov/bills/view_bill.php?DocumentID=63118,2026,63118,https://nebraskalegislature.gov/FloorDocs/109/PDF/Intro/LB1133.pdf
LB1134,2025_2026,Kauth,Indefinitely postponed,"Change and provide limitations on updates to state and local building codes, electrical codes, and energy codes",https://nebraskalegislature.gov/bills/view_bill.php?DocumentID=63308,2026,63308,https://nebraskalegislature.gov/FloorDocs/109/PDF/Intro/LB1134.pdf
LB1135,2025_2026,Urban Affairs Committee,Passed,"Adopt the Service Contract Reporting Act, authorize municipalities to contract regarding parking facilities, change provisions of the Community Development Law, the Nebraska Municipal Land Bank Act, and the Property Assessed Clean Energy Act, and provide for the sale of certain waterworks, sewer systems, and water systems to Indian tribes",https://nebraskalegislature.gov/bills/view_bill.php?DocumentID=62837,2026,62837,https://nebraskalegislature.gov/FloorDocs/109/PDF/Intro/LB1135.pdf
LB1136,2025_2026,Dungan,Indefinitely postponed,Require political subdivisions to identify authorized recipients of tort claims filed under the Political Subdivisions Tort Claims Act,https://nebraskalegislature.gov/bills/view_bill.php?DocumentID=63767,2026,63767,https://nebraskalegislature.gov/FloorDocs/109/PDF/Intro/LB1136.pdf
LB1137,2025_2026,Ballard,Indefinitely postponed,"Change provisions relating to residential contracts, notice of cancelations, prohibited acts, and post-loss assignment of rights or benefits under the Insured Homeowners Protection Act, licenses, contracts, prohibited acts, and fees under the Public Adjusters Licensing Act, and penalties relating to fraudulent insurance acts",https://nebraskalegislature.gov/bills/view_bill.php?DocumentID=63079,2026,63079,https://nebraskalegislature.gov/FloorDocs/109/PDF/Intro/LB1137.pdf
LB1138,2025_2026,Hallstrom,Indefinitely postponed,Adopt the Nebraska Protection of Seniors from Insurance Exploitation Act,https://nebraskalegislature.gov/bills/view_bill.php?DocumentID=63186,2026,63186,https://nebraskalegislature.gov/FloorDocs/109/PDF/Intro/LB1138.pdf
LB1139,2025_2026,Hallstrom,Indefinitely postponed,Change provisions relating to liens arising from child and spousal support orders,https://nebraskalegislature.gov/bills/view_bill.php?DocumentID=62816,2026,62816,https://nebraskalegislature.gov/FloorDocs/109/PDF/Intro/LB1139.pdf
LB1140,2025_2026,Spivey,Indefinitely postponed,Provide for distribution of appropriations to the State Department of Education for a pilot program in a city of the metropolitan class,https://nebraskalegislature.gov/bills/view_bill.php?DocumentID=63824,2026,63824,https://nebraskalegislature.gov/FloorDocs/109/PDF/Intro/LB1140.pdf
LB1141,2025_2026,Spivey,Indefinitely postponed,"Create the Nebraska Youth Pre-Apprentice Conservation Program, provide powers and duties to the Game and Parks Commission, and transfer funds from the Workforce Development Program Cash Fund",https://nebraskalegislature.gov/bills/view_bill.php?DocumentID=63398,2026,63398,https://nebraskalegislature.gov/FloorDocs/109/PDF/Intro/LB1141.pdf
LB1142,2025_2026,Hardin,Indefinitely postponed,Change provisions relating to the Nebraska Visitors Development Act,https://nebraskalegislature.gov/bills/view_bill.php?DocumentID=63945,2026,63945,https://nebraskalegislature.gov/FloorDocs/109/PDF/Intro/LB1142.pdf
LB1143,2025_2026,Hardin,Indefinitely postponed,Change provisions relating to nursing facility rates and establish a money follows the person program under the Medical Assistance Act,https://nebraskalegislature.gov/bills/view_bill.php?DocumentID=63125,2026,63125,https://nebraskalegislature.gov/FloorDocs/109/PDF/Intro/LB1143.pdf
LB1144,2025_2026,Hardin,Indefinitely postponed,Redefine a term and provide requirements for entities issuing health plans under the Medical Assistance Act,https://nebraskalegislature.gov/bills/view_bill.php?DocumentID=63823,2026,63823,https://nebraskalegislature.gov/FloorDocs/109/PDF/Intro/LB1144.pdf
LB1145,2025_2026,Lonowski,Indefinitely postponed,Change provisions relating to notice requirements for a meeting of a public body under the Open Meetings Act,https://nebraskalegislature.gov/bills/view_bill.php?DocumentID=63724,2026,63724,https://nebraskalegislature.gov/FloorDocs/109/PDF/Intro/LB1145.pdf
LB1146,2025_2026,Conrad,Indefinitely postponed,Change provisions relating to reports by a school district relating to absences of a child from school,https://nebraskalegislature.gov/bills/view_bill.php?DocumentID=63013,2026,63013,https://nebraskalegislature.gov/FloorDocs/109/PDF/Intro/LB1146.pdf
LB1147,2025_2026,Conrad,Indefinitely postponed,Require the Auditor of Public Accounts to investigate impoundment of funds by the Governor and submit a quarterly report,https://nebraskalegislature.gov/bills/view_bill.php?DocumentID=63011,2026,63011,https://nebraskalegislature.gov/FloorDocs/109/PDF/Intro/LB1147.pdf
LB1148,2025_2026,Hunt,Indefinitely postponed,Provide for recognition and enforcement of parentage of children conceived by assisted reproduction,https://nebraskalegislature.gov/bills/view_bill.php?DocumentID=63409,2026,63409,https://nebraskalegislature.gov/FloorDocs/109/PDF/Intro/LB1148.pdf
LB1149,2025_2026,Hunt,Indefinitely postponed,Require disclosure of proposed state agency contracts with private entities that have contracts with United States Immigration and Customs Enforcement,https://nebraskalegislature.gov/bills/view_bill.php?DocumentID=64027,2026,64027,https://nebraskalegislature.gov/FloorDocs/109/PDF/Intro/LB1149.pdf
LB1150,2025_2026,Hunt,Indefinitely postponed,Prohibit the approval of certain applications under the ImagiNE Nebraska Act,https://nebraskalegislature.gov/bills/view_bill.php?DocumentID=64026,2026,64026,https://nebraskalegislature.gov/FloorDocs/109/PDF/Intro/LB1150.pdf
LB1151,2025_2026,Clouse,Indefinitely postponed,Provide for a regional craft brewery license under the Nebraska Liquor Control Act,https://nebraskalegislature.gov/bills/view_bill.php?DocumentID=63389,2026,63389,https://nebraskalegislature.gov/FloorDocs/109/PDF/Intro/LB1151.pdf
LB1152,2025_2026,Ballard,Indefinitely postponed,Adopt the New Taxpayer Recruitment Grant Act,https://nebraskalegislature.gov/bills/view_bill.php?DocumentID=63339,2026,63339,https://nebraskalegislature.gov/FloorDocs/109/PDF/Intro/LB1152.pdf
LB1153,2025_2026,Conrad,Indefinitely postponed,"Change provisions relating to recovery under the Consumer Protection Act, provide a termination date for the State Settlement Cash Fund and for distribution of money in the fund, and change provisions relating to the State Settlement Trust Fund",https://nebraskalegislature.gov/bills/view_bill.php?DocumentID=63007,2026,63007,https://nebraskalegislature.gov/FloorDocs/109/PDF/Intro/LB1153.pdf
LB1154,2025_2026,Riepe,Indefinitely postponed,Change provisions relating to the calculation of property tax request authority under the Property Tax Growth Limitation Act,https://nebraskalegislature.gov/bills/view_bill.php?DocumentID=63386,2026,63386,https://nebraskalegislature.gov/FloorDocs/109/PDF/Intro/LB1154.pdf
LB1155,2025_2026,Dorn,Passed,Change provisions relating to legislative oversight,https://nebraskalegislature.gov/bills/view_bill.php?DocumentID=63252,2026,63252,https://nebraskalegislature.gov/FloorDocs/109/PDF/Intro/LB1155.pdf
LB1156,2025_2026,Spivey,Withdrawn,Adopt the Disinvested Community Development Incentive Tax Credit Act,https://nebraskalegislature.gov/bills/view_bill.php?DocumentID=64039,2026,64039,https://nebraskalegislature.gov/FloorDocs/109/PDF/Intro/LB1156.pdf
LB1157,2025_2026,Hansen,Indefinitely postponed,"Provide payment method requirements for health insurers, health insurer vendors, and care management organizations",https://nebraskalegislature.gov/bills/view_bill.php?DocumentID=63417,2026,63417,https://nebraskalegislature.gov/FloorDocs/109/PDF/Intro/LB1157.pdf
LB1158,2025_2026,Dungan,Indefinitely postponed,Change provisions relating to certain motor carriers,https://nebraskalegislature.gov/bills/view_bill.php?DocumentID=63985,2026,63985,https://nebraskalegislature.gov/FloorDocs/109/PDF/Intro/LB1158.pdf
LB1159,2025_2026,Lonowski,Indefinitely postponed,Require the naming of a person to the Nebraska Hall of Fame,https://nebraskalegislature.gov/bills/view_bill.php?DocumentID=63161,2026,63161,https://nebraskalegislature.gov/FloorDocs/109/PDF/Intro/LB1159.pdf
LB1160,2025_2026,Hallstrom,Indefinitely postponed,"Change provisions relating to civil procedure, decedents' estates, trusts, and inheritance taxes",https://nebraskalegislature.gov/bills/view_bill.php?DocumentID=63896,2026,63896,https://nebraskalegislature.gov/FloorDocs/109/PDF/Intro/LB1160.pdf
LB1161,2025_2026,Juarez,Indefinitely postponed,Change provisions relating to the age of majority,https://nebraskalegislature.gov/bills/view_bill.php?DocumentID=62935,2026,62935,https://nebraskalegislature.gov/FloorDocs/109/PDF/Intro/LB1161.pdf
LB1162,2025_2026,Ballard,Indefinitely postponed,Change powers and duties of the Public Service Commission relating to railroad safety,https://nebraskalegislature.gov/bills/view_bill.php?DocumentID=63559,2026,63559,https://nebraskalegislature.gov/FloorDocs/109/PDF/Intro/LB1162.pdf
LB1163,2025_2026,Fredrickson,Indefinitely postponed,Change provisions relating to the Property Assessed Clean Energy Act,https://nebraskalegislature.gov/bills/view_bill.php?DocumentID=63981,2026,63981,https://nebraskalegislature.gov/FloorDocs/109/PDF/Intro/LB1163.pdf
LB1164,2025_2026,Lonowski,Indefinitely postponed,Adopt the Prior Learning Act,https://nebraskalegislature.gov/bills/view_bill.php?DocumentID=63167,2026,63167,https://nebraskalegislature.gov/FloorDocs/109/PDF/Intro/LB1164.pdf
LB1165,2025_2026,von Gillern,Passed,"Adopt the Grow the Good Life Act, provide an income tax credit, change provisions relating to the Convention Center Facility Financing Assistance Act, the ImagiNE Nebraska Act, the Nebraska Advantage Act, and the Site and Building Development Act, and create grant programs to help employers retain or attract employees and to assist cities of the first class impacted by private entity closure or downsizing",https://nebraskalegislature.gov/bills/view_bill.php?DocumentID=63187,2026,63187,https://nebraskalegislature.gov/FloorDocs/109/PDF/Intro/LB1165.pdf
LB1165A,2025_2026,von Gillern,Passed,Appropriation Bill,https://nebraskalegislature.gov/bills/view_bill.php?DocumentID=65966,2026,65966,https://nebraskalegislature.gov/FloorDocs/109/PDF/Intro/LB1165A.pdf
LB1166,2025_2026,Juarez,Indefinitely postponed,Change applicability of the employee contribution rate under the School Employees Retirement Act,https://nebraskalegislature.gov/bills/view_bill.php?DocumentID=63111,2026,63111,https://nebraskalegislature.gov/FloorDocs/109/PDF/Intro/LB1166.pdf
LB1167,2025_2026,Dorn,Indefinitely postponed,State intent regarding appropriations to the Department of Economic Development,https://nebraskalegislature.gov/bills/view_bill.php?DocumentID=63946,2026,63946,https://nebraskalegislature.gov/FloorDocs/109/PDF/Intro/LB1167.pdf
LB1168,2025_2026,Wordekemper,Indefinitely postponed,Authorize the issuance of conduit revenue bonds under the Community Development Law,https://nebraskalegislature.gov/bills/view_bill.php?DocumentID=63366,2026,63366,https://nebraskalegislature.gov/FloorDocs/109/PDF/Intro/LB1168.pdf
LB1169,2025_2026,Wordekemper,Indefinitely postponed,Prohibit assault on a court operations officer,https://nebraskalegislature.gov/bills/view_bill.php?DocumentID=63316,2026,63316,https://nebraskalegislature.gov/FloorDocs/109/PDF/Intro/LB1169.pdf
LB1170,2025_2026,Wordekemper,Indefinitely postponed,Change provisions relating to filing and appealing claims against the state,https://nebraskalegislature.gov/bills/view_bill.php?DocumentID=63214,2026,63214,https://nebraskalegislature.gov/FloorDocs/109/PDF/Intro/LB1170.pdf
LB1171,2025_2026,Moser,Indefinitely postponed,Provide for certain claims relating to sewer systems under the Political Subdivisions Tort Claims Act,https://nebraskalegislature.gov/bills/view_bill.php?DocumentID=62718,2026,62718,https://nebraskalegislature.gov/FloorDocs/109/PDF/Intro/LB1171.pdf
LB1172,2025_2026,Holdcroft,Indefinitely postponed,Provide requirements for electric suppliers relating to dispatchable electricity capacity,https://nebraskalegislature.gov/bills/view_bill.php?DocumentID=63936,2026,63936,https://nebraskalegislature.gov/FloorDocs/109/PDF/Intro/LB1172.pdf
LB1173,2025_2026,Kauth,Indefinitely postponed,"Provide for an annual filing fee for certain employers under the Employment Security Law, rename the Contractor and Professional Employer Organization Registration Cash Fund, and change permitted uses of such fund",https://nebraskalegislature.gov/bills/view_bill.php?DocumentID=64024,2026,64024,https://nebraskalegislature.gov/FloorDocs/109/PDF/Intro/LB1173.pdf
LB1174,2025_2026,Kauth,Indefinitely postponed,Change provisions related to reports of condition under the Nebraska Money Transmitters Act and provide for a remittance transfer tax,https://nebraskalegislature.gov/bills/view_bill.php?DocumentID=63822,2026,63822,https://nebraskalegislature.gov/FloorDocs/109/PDF/Intro/LB1174.pdf
LB1175,2025_2026,DeBoer,Indefinitely postponed,Change provisions relating to civil actions under the Parental Rights in Social Media Act,https://nebraskalegislature.gov/bills/view_bill.php?DocumentID=63892,2026,63892,https://nebraskalegislature.gov/FloorDocs/109/PDF/Intro/LB1175.pdf
LB1176,2025_2026,DeBoer,Indefinitely postponed,Change provisions relating to the Nebraska Rules of the Road and the Automatic License Plate Reader Privacy Act,https://nebraskalegislature.gov/bills/view_bill.php?DocumentID=63893,2026,63893,https://nebraskalegislature.gov/FloorDocs/109/PDF/Intro/LB1176.pdf
LB1177,2025_2026,DeBoer,Indefinitely postponed,Create the Child Care Cash Fund,https://nebraskalegislature.gov/bills/view_bill.php?DocumentID=63404,2026,63404,https://nebraskalegislature.gov/FloorDocs/109/PDF/Intro/LB1177.pdf
LB1178,2025_2026,DeBoer,Indefinitely postponed,Change provisions relating to certain judicial hearings and duties of guardians under the Nebraska Probate Code,https://nebraskalegislature.gov/bills/view_bill.php?DocumentID=63654,2026,63654,https://nebraskalegislature.gov/FloorDocs/109/PDF/Intro/LB1178.pdf
LB1179,2025_2026,DeBoer,Indefinitely postponed,"Change provisions relating to the Agriculture Committee, Natural Resources Committee, and Transportation and Telecommunications Committee of the Legislature",https://nebraskalegislature.gov/bills/view_bill.php?DocumentID=63268,2026,63268,https://nebraskalegislature.gov/FloorDocs/109/PDF/Intro/LB1179.pdf
LB1180,2025_2026,DeBoer,Indefinitely postponed,Provide for licenses to engage in intrastate medicaid nonemergency medical transportation services and provide that certain rates charged by certain motor carriers are not subject to regulation by the Public Service Commission,https://nebraskalegislature.gov/bills/view_bill.php?DocumentID=63368,2026,63368,https://nebraskalegislature.gov/FloorDocs/109/PDF/Intro/LB1180.pdf
LB1181,2025_2026,Bosn,Passed,Change provisions relating to the rights of victims of certain crimes,https://nebraskalegislature.gov/bills/view_bill.php?DocumentID=63383,2026,63383,https://nebraskalegislature.gov/FloorDocs/109/PDF/Intro/LB1181.pdf
LB1181A,2025_2026,Bosn,Passed,Appropriation Bill,https://nebraskalegislature.gov/bills/view_bill.php?DocumentID=65440,2026,65440,https://nebraskalegislature.gov/FloorDocs/109/PDF/Intro/LB1181A.pdf
LB1182,2025_2026,Lippincott,Indefinitely postponed,Provide for a base salary for certified teachers and state intent relating to changes to the Tax Equity and Educational Opportunities Support Act and a new form of block grant funding,https://nebraskalegislature.gov/bills/view_bill.php?DocumentID=64035,2026,64035,https://nebraskalegislature.gov/FloorDocs/109/PDF/Intro/LB1182.pdf
LB1183,2025_2026,Lippincott,Indefinitely postponed,Change provisions relating to valuation of property,https://nebraskalegislature.gov/bills/view_bill.php?DocumentID=64033,2026,64033,https://nebraskalegislature.gov/FloorDocs/109/PDF/Intro/LB1183.pdf
LB1184,2025_2026,Fredrickson,Indefinitely postponed,Adopt the Nebraska Tribal College Investment Act,https://nebraskalegislature.gov/bills/view_bill.php?DocumentID=63189,2026,63189,https://nebraskalegislature.gov/FloorDocs/109/PDF/Intro/LB1184.pdf
LB1185,2025_2026,Bostar,Indefinitely postponed,Adopt the Conversational Artificial Intelligence Safety Act,https://nebraskalegislature.gov/bills/view_bill.php?DocumentID=63873,2026,63873,https://nebraskalegislature.gov/FloorDocs/109/PDF/Intro/LB1185.pdf
LB1186,2025_2026,"Cavanaugh, J.",Indefinitely postponed,Adopt the Affordable American Energy and Jobs Act and change distribution provisions relating to the nameplate capacity tax,https://nebraskalegislature.gov/bills/view_bill.php?DocumentID=63647,2026,63647,https://nebraskalegislature.gov/FloorDocs/109/PDF/Intro/LB1186.pdf
LB1187,2025_2026,DeKay,Passed,Change provisions of the Livestock Brand Act,https://nebraskalegislature.gov/bills/view_bill.php?DocumentID=63346,2026,63346,https://nebraskalegislature.gov/FloorDocs/109/PDF/Intro/LB1187.pdf
LB1188,2025_2026,DeKay,Indefinitely postponed,Update a federal reference in the Foreign-owned Real Estate National Security Act and prohibit ownership of real estate in adversary nations by the state and any political subdivision thereof,https://nebraskalegislature.gov/bills/view_bill.php?DocumentID=64030,2026,64030,https://nebraskalegislature.gov/FloorDocs/109/PDF/Intro/LB1188.pdf
LB1189,2025_2026,Conrad,Indefinitely postponed,Create a pilot program to raise awareness of the earned income tax credit,https://nebraskalegislature.gov/bills/view_bill.php?DocumentID=63943,2026,63943,https://nebraskalegislature.gov/FloorDocs/109/PDF/Intro/LB1189.pdf
LB1190,2025_2026,Conrad,Indefinitely postponed,Change authorized use of funds appropriated to the Department of Economic Development,https://nebraskalegislature.gov/bills/view_bill.php?DocumentID=64034,2026,64034,https://nebraskalegislature.gov/FloorDocs/109/PDF/Intro/LB1190.pdf
LB1191,2025_2026,Hallstrom,Indefinitely postponed,Change provisions relating to certain employment and investment requirements under the Nebraska Advantage Act,https://nebraskalegislature.gov/bills/view_bill.php?DocumentID=63765,2026,63765,https://nebraskalegislature.gov/FloorDocs/109/PDF/Intro/LB1191.pdf
LB1192,2025_2026,Prokop,Indefinitely postponed,Redefine a term under the Convention Center Facility Financing Assistance Act,https://nebraskalegislature.gov/bills/view_bill.php?DocumentID=62653,2026,62653,https://nebraskalegislature.gov/FloorDocs/109/PDF/Intro/LB1192.pdf
LB1193,2025_2026,Prokop,Indefinitely postponed,Provide regulation of and requirements for energy storage resources and change provisions relating to property tax exemptions and the nameplate capacity tax,https://nebraskalegislature.gov/bills/view_bill.php?DocumentID=63394,2026,63394,https://nebraskalegislature.gov/FloorDocs/109/PDF/Intro/LB1193.pdf
LB1194,2025_2026,Storer,Indefinitely postponed,Adopt the Real Food Act,https://nebraskalegislature.gov/bills/view_bill.php?DocumentID=63875,2026,63875,https://nebraskalegislature.gov/FloorDocs/109/PDF/Intro/LB1194.pdf
LB1195,2025_2026,Storer,Passed,Change requirements relating to female inmates of county jails and require county and city jails to comply with standards regarding cross-gender supervision and searches of inmates,https://nebraskalegislature.gov/bills/view_bill.php?DocumentID=63356,2026,63356,https://nebraskalegislature.gov/FloorDocs/109/PDF/Intro/LB1195.pdf
LB1196,2025_2026,Storer,Indefinitely postponed,Prohibit the use of state or local funds for low-earning outcome postsecondary education programs,https://nebraskalegislature.gov/bills/view_bill.php?DocumentID=63284,2026,63284,https://nebraskalegislature.gov/FloorDocs/109/PDF/Intro/LB1196.pdf
LB1197,2025_2026,Storer,Indefinitely postponed,Change provisions relating to limited landowner hunting permits,https://nebraskalegislature.gov/bills/view_bill.php?DocumentID=63355,2026,63355,https://nebraskalegislature.gov/FloorDocs/109/PDF/Intro/LB1197.pdf
LB1198,2025_2026,Prokop,Indefinitely postponed,Require paper tickets for certain large public events,https://nebraskalegislature.gov/bills/view_bill.php?DocumentID=62650,2026,62650,https://nebraskalegislature.gov/FloorDocs/109/PDF/Intro/LB1198.pdf
LB1199,2025_2026,Ibach,Indefinitely postponed,Change provisions of the Legal Education for Public Service and Rural Practice Loan Repayment Assistance Act and provide for a transfer from the State Settlement Cash Fund,https://nebraskalegislature.gov/bills/view_bill.php?DocumentID=62928,2026,62928,https://nebraskalegislature.gov/FloorDocs/109/PDF/Intro/LB1199.pdf
LB1200,2025_2026,Guereca,Indefinitely postponed,Require industrial integrators to submit an annual disaster mitigation plan to the Department of Health and Human Services,https://nebraskalegislature.gov/bills/view_bill.php?DocumentID=63653,2026,63653,https://nebraskalegislature.gov/FloorDocs/109/PDF/Intro/LB1200.pdf
LB1201,2025_2026,Guereca,Indefinitely postponed,Provide for a grant program related to classroom libraries and engagement materials,https://nebraskalegislature.gov/bills/view_bill.php?DocumentID=63237,2026,63237,https://nebraskalegislature.gov/FloorDocs/109/PDF/Intro/LB1201.pdf
LB1202,2025_2026,Clouse,Indefinitely postponed,Change provisions relating to ignition interlock devices and ignition interlock permits,https://nebraskalegislature.gov/bills/view_bill.php?DocumentID=62707,2026,62707,https://nebraskalegislature.gov/FloorDocs/109/PDF/Intro/LB1202.pdf
LB1203,2025_2026,Clouse,Indefinitely postponed,Provide for the treatment of uncashed checks issued by counties,https://nebraskalegislature.gov/bills/view_bill.php?DocumentID=63384,2026,63384,https://nebraskalegislature.gov/FloorDocs/109/PDF/Intro/LB1203.pdf
LB1204,2025_2026,Clouse,Indefinitely postponed,Adopt the Nameplate Capacity Tax Facility Standards Act and change provisions relating to property tax exemptions and the nameplate capacity tax,https://nebraskalegislature.gov/bills/view_bill.php?DocumentID=63645,2026,63645,https://nebraskalegislature.gov/FloorDocs/109/PDF/Intro/LB1204.pdf
LB1205,2025_2026,Clouse,Passed,Require the Department of Economic Development to award grants under the Business Innovation Act,https://nebraskalegislature.gov/bills/view_bill.php?DocumentID=64031,2026,64031,https://nebraskalegislature.gov/FloorDocs/109/PDF/Intro/LB1205.pdf
LB1206,2025_2026,Juarez,Indefinitely postponed,"Exempt income received by certificated teachers, paraeducators, and paraprofessionals from state income taxation",https://nebraskalegislature.gov/bills/view_bill.php?DocumentID=62991,2026,62991,https://nebraskalegislature.gov/FloorDocs/109/PDF/Intro/LB1206.pdf
LB1207,2025_2026,Juarez,Indefinitely postponed,Require school districts to provide mental health leave for school employees,https://nebraskalegislature.gov/bills/view_bill.php?DocumentID=63028,2026,63028,https://nebraskalegislature.gov/FloorDocs/109/PDF/Intro/LB1207.pdf
LB1208,2025_2026,Juarez,Indefinitely postponed,Provide a budget requirement under the Tax Equity and Educational Opportunities Support Act,https://nebraskalegislature.gov/bills/view_bill.php?DocumentID=63676,2026,63676,https://nebraskalegislature.gov/FloorDocs/109/PDF/Intro/LB1208.pdf
LB1209,2025_2026,Clements,Passed,Provide and change appropriations for purposes of carrying out legislation and change provisions relating to appropriations and a transfer of funds,https://nebraskalegislature.gov/bills/view_bill.php?DocumentID=63881,2026,63881,https://nebraskalegislature.gov/FloorDocs/109/PDF/Intro/LB1209.pdf
LB1210,2025_2026,Clements,Indefinitely postponed,Eliminate an obsolete transfer relating to the Cash Reserve Fund,https://nebraskalegislature.gov/bills/view_bill.php?DocumentID=63882,2026,63882,https://nebraskalegislature.gov/FloorDocs/109/PDF/Intro/LB1210.pdf
LB1211,2025_2026,Riepe,Indefinitely postponed,Provide requirements for automated medication systems operated by certain pharmacies under the Automated Medication Systems Act,https://nebraskalegislature.gov/bills/view_bill.php?DocumentID=63655,2026,63655,https://nebraskalegislature.gov/FloorDocs/109/PDF/Intro/LB1211.pdf
LB1212,2025_2026,Riepe,Passed,Provide for licensure of internationally trained physicians under the Uniform Credentialing Act and change provisions of the Engineers and Architects Regulation Act,https://nebraskalegislature.gov/bills/view_bill.php?DocumentID=63078,2026,63078,https://nebraskalegislature.gov/FloorDocs/109/PDF/Intro/LB1212.pdf
LB1213,2025_2026,McKinney,Indefinitely postponed,Adopt the Case Management Licensure Act,https://nebraskalegislature.gov/bills/view_bill.php?DocumentID=63666,2026,63666,https://nebraskalegislature.gov/FloorDocs/109/PDF/Intro/LB1213.pdf
LB1214,2025_2026,McKinney,Indefinitely postponed,Create a pilot program for neighborhood data collaboratives,https://nebraskalegislature.gov/bills/view_bill.php?DocumentID=63290,2026,63290,https://nebraskalegislature.gov/FloorDocs/109/PDF/Intro/LB1214.pdf
LB1215,2025_2026,McKinney,Indefinitely postponed,Adopt the Political Subdivision Contracting Transparency Act,https://nebraskalegislature.gov/bills/view_bill.php?DocumentID=63062,2026,63062,https://nebraskalegislature.gov/FloorDocs/109/PDF/Intro/LB1215.pdf
LB1216,2025_2026,McKinney,Passed,Provide for educational services for prisoners,https://nebraskalegislature.gov/bills/view_bill.php?DocumentID=62979,2026,62979,https://nebraskalegislature.gov/FloorDocs/109/PDF/Intro/LB1216.pdf
LB1217,2025_2026,Hardin,Indefinitely postponed,Authorize schools to maintain epinephrine for emergency first aid,https://nebraskalegislature.gov/bills/view_bill.php?DocumentID=63990,2026,63990,https://nebraskalegislature.gov/FloorDocs/109/PDF/Intro/LB1217.pdf
LB1218,2025_2026,Brandt,Indefinitely postponed,Change provisions of the County Bridge Match Program and provide for a transfer of funds from the Roads Operations Cash Fund,https://nebraskalegislature.gov/bills/view_bill.php?DocumentID=63648,2026,63648,https://nebraskalegislature.gov/FloorDocs/109/PDF/Intro/LB1218.pdf
LB1219,2025_2026,Brandt,Indefinitely postponed,Limit the amount of property taxes that may be levied by a political subdivision,https://nebraskalegislature.gov/bills/view_bill.php?DocumentID=63982,2026,63982,https://nebraskalegislature.gov/FloorDocs/109/PDF/Intro/LB1219.pdf
LB1220,2025_2026,Brandt,Indefinitely postponed,"Change provisions relating to hunting, fur-harvesting and fishing",https://nebraskalegislature.gov/bills/view_bill.php?DocumentID=63770,2026,63770,https://nebraskalegislature.gov/FloorDocs/109/PDF/Intro/LB1220.pdf
LB1221,2025_2026,Ballard,Indefinitely postponed,Provide definitions relating to community engagement and work requirements under the Medical Assistance Act,https://nebraskalegislature.gov/bills/view_bill.php?DocumentID=63940,2026,63940,https://nebraskalegislature.gov/FloorDocs/109/PDF/Intro/LB1221.pdf
LB1222,2025_2026,Prokop,Indefinitely postponed,Require insurance coverage of acquired brain injury services and require insurance and medicaid coverage of certain testing and treatments for Alzheimer's disease and related dementia,https://nebraskalegislature.gov/bills/view_bill.php?DocumentID=63761,2026,63761,https://nebraskalegislature.gov/FloorDocs/109/PDF/Intro/LB1222.pdf
LB1223,2025_2026,Hunt,Indefinitely postponed,Change headlight requirements under the Nebraska Rules of the Road and prohibit the sale and distribution of certain motor vehicles under the Motor Vehicle Industry Regulation Act,https://nebraskalegislature.gov/bills/view_bill.php?DocumentID=63988,2026,63988,https://nebraskalegislature.gov/FloorDocs/109/PDF/Intro/LB1223.pdf
LB1224,2025_2026,Hunt,Indefinitely postponed,Prohibit children from transferring to an exempt school during certain child abuse or neglect investigations and prohibit persons convicted of certain crimes from monitoring or providing instruction at such schools,https://nebraskalegislature.gov/bills/view_bill.php?DocumentID=63295,2026,63295,https://nebraskalegislature.gov/FloorDocs/109/PDF/Intro/LB1224.pdf
LB1225,2025_2026,Raybould,Indefinitely postponed,Change provisions of the Nebraska Juvenile Code relating to expedited appeals of motions to transfer to county or district court,https://nebraskalegislature.gov/bills/view_bill.php?DocumentID=63762,2026,63762,https://nebraskalegislature.gov/FloorDocs/109/PDF/Intro/LB1225.pdf
LB1226,2025_2026,Andersen,Indefinitely postponed,Provide for issuance of a combination hunting and fishing permit and certain stamps to certain veterans,https://nebraskalegislature.gov/bills/view_bill.php?DocumentID=62656,2026,62656,https://nebraskalegislature.gov/FloorDocs/109/PDF/Intro/LB1226.pdf
LB1227,2025_2026,Andersen,Indefinitely postponed,Change provisions relating to local energy codes and local electrical codes,https://nebraskalegislature.gov/bills/view_bill.php?DocumentID=63656,2026,63656,https://nebraskalegislature.gov/FloorDocs/109/PDF/Intro/LB1227.pdf
LB1228,2025_2026,Holdcroft,Indefinitely postponed,Provide for a state docket fee and create funds for court purposes,https://nebraskalegislature.gov/bills/view_bill.php?DocumentID=63665,2026,63665,https://nebraskalegislature.gov/FloorDocs/109/PDF/Intro/LB1228.pdf
LB1229,2025_2026,Strommen,Indefinitely postponed,Create the Rural Health Transformation Fund,https://nebraskalegislature.gov/bills/view_bill.php?DocumentID=63380,2026,63380,https://nebraskalegislature.gov/FloorDocs/109/PDF/Intro/LB1229.pdf
LB1230,2025_2026,Strommen,Indefinitely postponed,Provide for mobile homes in the Disposition of Personal Property Landlord and Tenant Act and change provisions relating to certificates of title for mobile homes,https://nebraskalegislature.gov/bills/view_bill.php?DocumentID=63263,2026,63263,https://nebraskalegislature.gov/FloorDocs/109/PDF/Intro/LB1230.pdf
LB1231,2025_2026,Strommen,Indefinitely postponed,Transfer money from the Panhandle Improvement Project Cash Fund to the Animal Damage Control Cash Fund and state legislative intent,https://nebraskalegislature.gov/bills/view_bill.php?DocumentID=63657,2026,63657,https://nebraskalegislature.gov/FloorDocs/109/PDF/Intro/LB1231.pdf
LB1232,2025_2026,Strommen,Indefinitely postponed,Provide for mountain lion hunting permits,https://nebraskalegislature.gov/bills/view_bill.php?DocumentID=63681,2026,63681,https://nebraskalegislature.gov/FloorDocs/109/PDF/Intro/LB1232.pdf
LB1233,2025_2026,Hansen,Indefinitely postponed,Adopt the Developmental Disabilities Provider Excessive Training and Cost Reduction Act,https://nebraskalegislature.gov/bills/view_bill.php?DocumentID=63987,2026,63987,https://nebraskalegislature.gov/FloorDocs/109/PDF/Intro/LB1233.pdf
LB1234,2025_2026,Hansen,Indefinitely postponed,Adopt the Freestanding Birth Center Act,https://nebraskalegislature.gov/bills/view_bill.php?DocumentID=63777,2026,63777,https://nebraskalegislature.gov/FloorDocs/109/PDF/Intro/LB1234.pdf
LB1235,2025_2026,General Affairs Committee,Passed,Change provisions of the Nebraska Liquor Control Act and the Nebraska Medical Cannabis Regulation Act,https://nebraskalegislature.gov/bills/view_bill.php?DocumentID=63951,2026,63951,https://nebraskalegislature.gov/FloorDocs/109/PDF/Intro/LB1235.pdf
LB1235A,2025_2026,Holdcroft,Indefinitely postponed,Appropriation Bill,https://nebraskalegislature.gov/bills/view_bill.php?DocumentID=65499,2026,65499,https://nebraskalegislature.gov/FloorDocs/109/PDF/Intro/LB1235A.pdf
LB1236,2025_2026,Executive Board,Passed,"Change provisions relating to publication, printing, and distribution of legislative journals, session laws, and statutes and publication of the Constitution of Nebraska",https://nebraskalegislature.gov/bills/view_bill.php?DocumentID=63772,2026,63772,https://nebraskalegislature.gov/FloorDocs/109/PDF/Intro/LB1236.pdf
LB1236A,2025_2026,Hansen,Passed,Appropriation Bill,https://nebraskalegislature.gov/bills/view_bill.php?DocumentID=65270,2026,65270,https://nebraskalegislature.gov/FloorDocs/109/PDF/Intro/LB1236A.pdf
LB1237,2025_2026,Executive Board,Delivered to Governor,Prohibit bringing weapons or prohibited substances into the State Capitol,https://nebraskalegislature.gov/bills/view_bill.php?DocumentID=63812,2026,63812,https://nebraskalegislature.gov/FloorDocs/109/PDF/Intro/LB1237.pdf
LB1237A,2025_2026,Hansen,Delivered to Governor,Appropriation Bill,https://nebraskalegislature.gov/bills/view_bill.php?DocumentID=65234,2026,65234,https://nebraskalegislature.gov/FloorDocs/109/PDF/Intro/LB1237A.pdf
LB1238,2025_2026,Hughes,Indefinitely postponed,Change the cigarette tax and distribution of such tax and change taxes imposed under the Tobacco Products Tax Act,https://nebraskalegislature.gov/bills/view_bill.php?DocumentID=63034,2026,63034,https://nebraskalegislature.gov/FloorDocs/109/PDF/Intro/LB1238.pdf
LB1239,2025_2026,DeKay,Withdrawn,Change provisions relating to management of long-term care facilities,https://nebraskalegislature.gov/bills/view_bill.php?DocumentID=63378,2026,63378,https://nebraskalegislature.gov/FloorDocs/109/PDF/Intro/LB1239.pdf
LB1240,2025_2026,Murman,Passed,Change provisions relating to state recovery under the achieving a better life experience program,https://nebraskalegislature.gov/bills/view_bill.php?DocumentID=64025,2026,64025,https://nebraskalegislature.gov/FloorDocs/109/PDF/Intro/LB1240.pdf
LB1241,2025_2026,Murman,Indefinitely postponed,Provide requirements relating to applications for employment at a school,https://nebraskalegislature.gov/bills/view_bill.php?DocumentID=63294,2026,63294,https://nebraskalegislature.gov/FloorDocs/109/PDF/Intro/LB1241.pdf
LB1242,2025_2026,Murman,Indefinitely postponed,Provide for the establishment and enforcement of child support for an unborn child,https://nebraskalegislature.gov/bills/view_bill.php?DocumentID=63658,2026,63658,https://nebraskalegislature.gov/FloorDocs/109/PDF/Intro/LB1242.pdf
LB1243,2025_2026,Murman,Indefinitely postponed,Change school board policies and procedures relating to part-time enrollment,https://nebraskalegislature.gov/bills/view_bill.php?DocumentID=63771,2026,63771,https://nebraskalegislature.gov/FloorDocs/109/PDF/Intro/LB1243.pdf
LB1244,2025_2026,Murman,Indefinitely postponed,"Eliminate certain sales and use tax exemptions, impose sales and use tax on certain services, and change provisions relating to the Nebraska Job Creation and Mainstreet Revitalization Act",https://nebraskalegislature.gov/bills/view_bill.php?DocumentID=63986,2026,63986,https://nebraskalegislature.gov/FloorDocs/109/PDF/Intro/LB1244.pdf
LB1245,2025_2026,Dover,Indefinitely postponed,Provide for assigned parking for members of the Legislature and judges,https://nebraskalegislature.gov/bills/view_bill.php?DocumentID=63941,2026,63941,https://nebraskalegislature.gov/FloorDocs/109/PDF/Intro/LB1245.pdf
LB1246,2025_2026,Dover,Indefinitely postponed,Provide duties for the Nebraska Investment Finance Authority and change reporting requirements under the Nebraska Affordable Housing Act,https://nebraskalegislature.gov/bills/view_bill.php?DocumentID=63266,2026,63266,https://nebraskalegislature.gov/FloorDocs/109/PDF/Intro/LB1246.pdf
LB1247,2025_2026,Dover,Indefinitely postponed,Require postsecondary institution participation in the Nebraska Statewide Workforce and Education Reporting System for the Nebraska Career Scholarship Act,https://nebraskalegislature.gov/bills/view_bill.php?DocumentID=63879,2026,63879,https://nebraskalegislature.gov/FloorDocs/109/PDF/Intro/LB1247.pdf
LB1248,2025_2026,Dover,Indefinitely postponed,"Change appropriations to the Department of Water, Energy, and Environment",https://nebraskalegislature.gov/bills/view_bill.php?DocumentID=63939,2026,63939,https://nebraskalegislature.gov/FloorDocs/109/PDF/Intro/LB1248.pdf
LB1249,2025_2026,Sorrentino,Indefinitely postponed,"Redefine terms, change provisions relating to the carryover of paid sick time, and repeal obsolete provisions in the Nebraska Healthy Families and Workplaces Act",https://nebraskalegislature.gov/bills/view_bill.php?DocumentID=63370,2026,63370,https://nebraskalegislature.gov/FloorDocs/109/PDF/Intro/LB1249.pdf
LB1250,2025_2026,Guereca,Indefinitely postponed,"Authorize certain cities and villages to sell waterworks, sewer systems, and water systems",https://nebraskalegislature.gov/bills/view_bill.php?DocumentID=63769,2026,63769,https://nebraskalegislature.gov/FloorDocs/109/PDF/Intro/LB1250.pdf
LB1251,2025_2026,Dover,Indefinitely postponed,Change provisions relating to liens of homeowners' associations and unit owners associations,https://nebraskalegislature.gov/bills/view_bill.php?DocumentID=62990,2026,62990,https://nebraskalegislature.gov/FloorDocs/109/PDF/Intro/LB1251.pdf
LB1252,2025_2026,Murman,Indefinitely postponed,Provide for a retail delivery fee under the Nebraska Revenue Act of 1967,https://nebraskalegislature.gov/bills/view_bill.php?DocumentID=63894,2026,63894,https://nebraskalegislature.gov/FloorDocs/109/PDF/Intro/LB1252.pdf
LB1253,2025_2026,Bostar,Passed,Change provisions relating to the laws that apply to certain tax sale certificates,https://nebraskalegislature.gov/bills/view_bill.php?DocumentID=63202,2026,63202,https://nebraskalegislature.gov/FloorDocs/109/PDF/Intro/LB1253.pdf
LB1254,2025_2026,Bostar,Indefinitely postponed,Prohibit sale of electronic smoking devices without a child safety feature,https://nebraskalegislature.gov/bills/view_bill.php?DocumentID=62634,2026,62634,https://nebraskalegislature.gov/FloorDocs/109/PDF/Intro/LB1254.pdf
LB1255,2025_2026,Bostar,Indefinitely postponed,Prohibit public power suppliers from exercising the power of eminent domain,https://nebraskalegislature.gov/bills/view_bill.php?DocumentID=63989,2026,63989,https://nebraskalegislature.gov/FloorDocs/109/PDF/Intro/LB1255.pdf
LB1256,2025_2026,"Cavanaugh, J.",Governor Veto,Redefine a term under the Emergency Management Act,https://nebraskalegislature.gov/bills/view_bill.php?DocumentID=63720,2026,63720,https://nebraskalegislature.gov/FloorDocs/109/PDF/Intro/LB1256.pdf
LB1257,2025_2026,Hansen,Indefinitely postponed,"Eliminate certain sales tax exemptions, impose sales and use taxes on certain services, change school district levy limitations, eliminate the School District Property Tax Relief Act, change provisions of the School District Property Tax Limitation Act, and provide additional foundation aid under the Tax Equity and Educational Opportunities Support Act",https://nebraskalegislature.gov/bills/view_bill.php?DocumentID=63018,2026,63018,https://nebraskalegislature.gov/FloorDocs/109/PDF/Intro/LB1257.pdf
LB1258,2025_2026,Hansen,Indefinitely postponed,"Rename the Livestock Brand Act as the Livestock Protection Act, eliminate the Nebraska Brand Committee, and change, provide, and eliminate provisions relating to livestock branding and livestock protection",https://nebraskalegislature.gov/bills/view_bill.php?DocumentID=63334,2026,63334,https://nebraskalegislature.gov/FloorDocs/109/PDF/Intro/LB1258.pdf
LB1259,2025_2026,Hansen,Indefinitely postponed,Adopt the Grid Modernization Act,https://nebraskalegislature.gov/bills/view_bill.php?DocumentID=63345,2026,63345,https://nebraskalegislature.gov/FloorDocs/109/PDF/Intro/LB1259.pdf
LB1260,2025_2026,Clements,Withdrawn,"Change motor vehicle taxes, fees, and allocations, provide for a motor vehicle tax supplement, and change local system formula resources under the Tax Equity and Educational Opportunities Support Act",https://nebraskalegislature.gov/bills/view_bill.php?DocumentID=63401,2026,63401,https://nebraskalegislature.gov/FloorDocs/109/PDF/Intro/LB1260.pdf
LB1261,2025_2026,DeKay,Passed,Prohibit the use of eminent domain to acquire certain privately owned electric generation facilities,https://nebraskalegislature.gov/bills/view_bill.php?DocumentID=62918,2026,62918,https://nebraskalegislature.gov/FloorDocs/109/PDF/Intro/LB1261.pdf
LB1261A,2025_2026,DeKay,Passed,Appropriation Bill,https://nebraskalegislature.gov/bills/view_bill.php?DocumentID=65685,2026,65685,https://nebraskalegislature.gov/FloorDocs/109/PDF/Intro/LB1261A.pdf
LB1262,2025_2026,Andersen,Indefinitely postponed,Adopt the Foreign Adversaries Out of Postsecondary Education Act,https://nebraskalegislature.gov/bills/view_bill.php?DocumentID=64037,2026,64037,https://nebraskalegislature.gov/FloorDocs/109/PDF/Intro/LB1262.pdf
LR0282,2025_2026,Executive Board Committee,Indefinitely postponed,"Provide for the expulsion of Senator Dan McKeon, Legislative District 41, from the Nebraska Legislature",https://nebraskalegislature.gov/bills/view_bill.php?DocumentID=63374,2026,63374,https://nebraskalegislature.gov/FloorDocs/109/PDF/Intro/LR282.pdf
LR0283CA,2025_2026,DeKay,Indefinitely postponed,Constitutional amendment to state that only a United States citizen may be an elector,https://nebraskalegislature.gov/bills/view_bill.php?DocumentID=62669,2026,62669,https://nebraskalegislature.gov/FloorDocs/109/PDF/Intro/LR283CA.pdf
LR0284CA,2025_2026,McKinney,Indefinitely postponed,Constitutional amendment to change the voting age to sixteen years of age,https://nebraskalegislature.gov/bills/view_bill.php?DocumentID=62952,2026,62952,https://nebraskalegislature.gov/FloorDocs/109/PDF/Intro/LR284CA.pdf
LR0285,2025_2026,Sorrentino,Adopted,Congratulate Gary Sadlemyer on almost fifty years at KFAB,https://nebraskalegislature.gov/bills/view_bill.php?DocumentID=63203,2026,63203,https://nebraskalegislature.gov/FloorDocs/109/PDF/Intro/LR285.pdf
LR0286,2025_2026,Sorrentino,Adopted,Congratulate the Elkhorn North High School boys golf team on winning the 2025 State Championship,https://nebraskalegislature.gov/bills/view_bill.php?DocumentID=62886,2026,62886,https://nebraskalegislature.gov/FloorDocs/109/PDF/Intro/LR286.pdf
LR0287,2025_2026,Sorrentino,Adopted,Congratulate Andrew Neitfeldt on winning the 2025 Class B State Golf Individual Championship title,https://nebraskalegislature.gov/bills/view_bill.php?DocumentID=62887,2026,62887,https://nebraskalegislature.gov/FloorDocs/109/PDF/Intro/LR287.pdf
LR0288,2025_2026,Sorrentino,Adopted,Congratulate Hillrise Elementary School for being named a Nebraska Department of Education 2025 Blue Ribbon School,https://nebraskalegislature.gov/bills/view_bill.php?DocumentID=62888,2026,62888,https://nebraskalegislature.gov/FloorDocs/109/PDF/Intro/LR288.pdf
LR0289,2025_2026,Sorrentino,Adopted,Congratulate Mount Michael Benedictine School for being named a Nebraska Department of Education 2025 Blue Ribbon School,https://nebraskalegislature.gov/bills/view_bill.php?DocumentID=62889,2026,62889,https://nebraskalegislature.gov/FloorDocs/109/PDF/Intro/LR289.pdf
LR0290,2025_2026,Sorrentino,Adopted,Congratulate Mount Michael Benedictine School for winning the Class B Boys State Tennis Championship,https://nebraskalegislature.gov/bills/view_bill.php?DocumentID=62893,2026,62893,https://nebraskalegislature.gov/FloorDocs/109/PDF/Intro/LR290.pdf
LR0291,2025_2026,Sorrentino,Adopted,Congratulate the Elkhorn North High School girls cross country team for winning the 2025 Class B Cross Country State Championship title,https://nebraskalegislature.gov/bills/view_bill.php?DocumentID=62894,2026,62894,https://nebraskalegislature.gov/FloorDocs/109/PDF/Intro/LR291.pdf
LR0292CA,2025_2026,Andersen,Indefinitely postponed,"Constitutional amendment to provide a new method of valuing real property for property tax purposes, provide a limit on property tax increases, provide certain exceptions, provide requirements for declared emergencies, provide for emergency bond levies, and eliminate conflicting constitutional provisions",https://nebraskalegislature.gov/bills/view_bill.php?DocumentID=63015,2026,63015,https://nebraskalegislature.gov/FloorDocs/109/PDF/Intro/LR292CA.pdf
LR0293,2025_2026,Kauth,Adopted,Urge the United States Congress to swiftly enact legislation to provide for veterans' access to treatments for traumatic brain injury and post-traumatic stress disorder,https://nebraskalegislature.gov/bills/view_bill.php?DocumentID=62911,2026,62911,https://nebraskalegislature.gov/FloorDocs/109/PDF/Intro/LR293.pdf
LR0294,2025_2026,Kauth,,Provide notice of intent to file articles of impeachment against University of Nebraska Regent Elizabeth O'Connor,https://nebraskalegislature.gov/bills/view_bill.php?DocumentID=63105,2026,63105,https://nebraskalegislature.gov/FloorDocs/109/PDF/Intro/LR294.pdf
LR0295,2025_2026,Kauth,,Provide a resolution adopting articles of impeachment against University of Nebraska Regent Elizabeth O'Connor,https://nebraskalegislature.gov/bills/view_bill.php?DocumentID=63267,2026,63267,https://nebraskalegislature.gov/FloorDocs/109/PDF/Intro/LR295.pdf
LR0296,2025_2026,Hallstrom,Adopted,Urge the President of the United States and members of Congress to make permanent changes to the Child and Adult Food Programs,https://nebraskalegislature.gov/bills/view_bill.php?DocumentID=62812,2026,62812,https://nebraskalegislature.gov/FloorDocs/109/PDF/Intro/LR296.pdf
LR0297CA,2025_2026,"Cavanaugh, M.",Indefinitely postponed,"Constitutional amendment to change provisions related to amending, repealing, modifying, or impairing a law enacted by initiative petition",https://nebraskalegislature.gov/bills/view_bill.php?DocumentID=63071,2026,63071,https://nebraskalegislature.gov/FloorDocs/109/PDF/Intro/LR297CA.pdf
LR0298CA,2025_2026,Brandt,Indefinitely postponed,Constitutional amendment to create requirements for the use of the Nebraska Environmental Trust Fund,https://nebraskalegislature.gov/bills/view_bill.php?DocumentID=63382,2026,63382,https://nebraskalegislature.gov/FloorDocs/109/PDF/Intro/LR298CA.pdf
LR0299CA,2025_2026,McKinney,Indefinitely postponed,Constitutional amendment to create the Nebraska Board of Commutation and transfer powers of the Board of Pardons,https://nebraskalegislature.gov/bills/view_bill.php?DocumentID=63094,2026,63094,https://nebraskalegislature.gov/FloorDocs/109/PDF/Intro/LR299CA.pdf
LR0300,2025_2026,Spivey,Indefinitely postponed,Create the Nebraska Economic Development Task Force,https://nebraskalegislature.gov/bills/view_bill.php?DocumentID=62996,2026,62996,https://nebraskalegislature.gov/FloorDocs/109/PDF/Intro/LR300.pdf
LR0301,2025_2026,Kauth,Referral,Interim study to examine whether socially or medically changing the behavioral or physical characteristics of a child in opposition to the characteristics associated with the child's sex registered at birth constitutes child abuse under the Nebraska Criminal Code,https://nebraskalegislature.gov/bills/view_bill.php?DocumentID=63734,2026,63734,https://nebraskalegislature.gov/FloorDocs/109/PDF/Intro/LR301.pdf
LR0302,2025_2026,Lonowski,Adopted,Recognize Ken Lonowski for his many years of public service and his lifelong contributions to our country and state,https://nebraskalegislature.gov/bills/view_bill.php?DocumentID=63739,2026,63739,https://nebraskalegislature.gov/FloorDocs/109/PDF/Intro/LR302.pdf
LR0303CA,2025_2026,"Cavanaugh, M.",Indefinitely postponed,Constitutional amendment to provide for paid family medical leave,https://nebraskalegislature.gov/bills/view_bill.php?DocumentID=63074,2026,63074,https://nebraskalegislature.gov/FloorDocs/109/PDF/Intro/LR303CA.pdf
LR0304,2025_2026,Fredrickson,Indefinitely postponed,"Designate the Legislative Oversight Committee to review, investigate, and assess the effect of child welfare efficiency practices on child safety, quality of services provided by the Department of Health and Human Services, and public and private workforce stability",https://nebraskalegislature.gov/bills/view_bill.php?DocumentID=63735,2026,63735,https://nebraskalegislature.gov/FloorDocs/109/PDF/Intro/LR304.pdf
LR0305CA,2025_2026,Lippincott,Indefinitely postponed,"Constitutional amendment to authorize the recall of the Governor, the Lieutenant Governor, the Secretary of State, the State Treasurer, the Attorney General, the Auditor of Public Accounts, and members of the Legislature",https://nebraskalegislature.gov/bills/view_bill.php?DocumentID=63360,2026,63360,https://nebraskalegislature.gov/FloorDocs/109/PDF/Intro/LR305CA.pdf
LR0306,2025_2026,McKinney,Adopted,"Express condolences to the family, friends, and community of Todd Meneely",https://nebraskalegislature.gov/bills/view_bill.php?DocumentID=63742,2026,63742,https://nebraskalegislature.gov/FloorDocs/109/PDF/Intro/LR306.pdf
LR0307,2025_2026,Wordekemper,Adopted,Recognize the month of January 2026 as Firefighter Cancer Awareness Month in Nebraska,https://nebraskalegislature.gov/bills/view_bill.php?DocumentID=63733,2026,63733,https://nebraskalegislature.gov/FloorDocs/109/PDF/Intro/LR307.pdf
LR0308,2025_2026,Lonowski,Adopted,Congratulate the Hastings St. Cecilia High School softball team on winning the 2025 Class C state championship,https://nebraskalegislature.gov/bills/view_bill.php?DocumentID=62779,2026,62779,https://nebraskalegislature.gov/FloorDocs/109/PDF/Intro/LR308.pdf
LR0309,2025_2026,Lonowski,Adopted,Congratulate the Minden High School girls golf team on winning the 2025 Class C state championship,https://nebraskalegislature.gov/bills/view_bill.php?DocumentID=62878,2026,62878,https://nebraskalegislature.gov/FloorDocs/109/PDF/Intro/LR309.pdf
LR0310,2025_2026,Jacobson,Referral,Interim study to examine the organizational structure of the Nebraska Tourism Commission,https://nebraskalegislature.gov/bills/view_bill.php?DocumentID=63944,2026,63944,https://nebraskalegislature.gov/FloorDocs/109/PDF/Intro/LR310.pdf
LR0311CA,2025_2026,"Cavanaugh, J.",Indefinitely postponed,Constitutional amendment to create a Commission on Redistricting and provide requirements for drawing district boundaries,https://nebraskalegislature.gov/bills/view_bill.php?DocumentID=64032,2026,64032,https://nebraskalegislature.gov/FloorDocs/109/PDF/Intro/LR311CA.pdf
LR0312CA,2025_2026,Clouse,Indefinitely postponed,Constitutional amendment to authorize cities and villages to incur indebtedness for residential development projects and pledge taxes for such indebtedness and to change provisions relating to redevelopment projects,https://nebraskalegislature.gov/bills/view_bill.php?DocumentID=63262,2026,63262,https://nebraskalegislature.gov/FloorDocs/109/PDF/Intro/LR312CA.pdf
LR0313,2025_2026,McKinney,Adopted,Express sympathy to the family and friends of Daniel Goodwin Sr.,https://nebraskalegislature.gov/bills/view_bill.php?DocumentID=63741,2026,63741,https://nebraskalegislature.gov/FloorDocs/109/PDF/Intro/LR313.pdf
LR0314,2025_2026,Strommen,Adopted,Congratulate the Sidney High School football team on earning the 2025 Class C-1 state runner-up title,https://nebraskalegislature.gov/bills/view_bill.php?DocumentID=63736,2026,63736,https://nebraskalegislature.gov/FloorDocs/109/PDF/Intro/LR314.pdf
LR0315,2025_2026,Strommen,Adopted,Congratulate the Garden County High School football team on winning the 2025 Class D-6 state championship,https://nebraskalegislature.gov/bills/view_bill.php?DocumentID=63737,2026,63737,https://nebraskalegislature.gov/FloorDocs/109/PDF/Intro/LR315.pdf
LR0316CA,2025_2026,"Cavanaugh, M.",Indefinitely postponed,Constitutional amendment to provide for certain rights of persons with disabilities,https://nebraskalegislature.gov/bills/view_bill.php?DocumentID=63942,2026,63942,https://nebraskalegislature.gov/FloorDocs/109/PDF/Intro/LR316CA.pdf
LR0317CA,2025_2026,Brandt,Indefinitely postponed,Constitutional amendment to limit the annual growth in the amount of property taxes levied by political subdivisions,https://nebraskalegislature.gov/bills/view_bill.php?DocumentID=63766,2026,63766,https://nebraskalegislature.gov/FloorDocs/109/PDF/Intro/LR317CA.pdf
LR0318,2025_2026,Hughes,Adopted,"Recognize January 25, 2026, through January 31, 2026, as School Board Member Week",https://nebraskalegislature.gov/bills/view_bill.php?DocumentID=64043,2026,64043,https://nebraskalegislature.gov/FloorDocs/109/PDF/Intro/LR318.pdf
LR0319,2025_2026,Hughes,Adopted,Recognize the Concordia University men's soccer team for winning the 2025 Great Plains Athletic Conference Soccer championship,https://nebraskalegislature.gov/bills/view_bill.php?DocumentID=64044,2026,64044,https://nebraskalegislature.gov/FloorDocs/109/PDF/Intro/LR319.pdf
LR0320,2025_2026,Spivey,Adopted,Congratulate the Omaha North High Magnet School girls varsity basketball team on winning the Metro Holiday Tournament,https://nebraskalegislature.gov/bills/view_bill.php?DocumentID=63740,2026,63740,https://nebraskalegislature.gov/FloorDocs/109/PDF/Intro/LR320.pdf
LR0321,2025_2026,Bosn,Adopted,Congratulate Joshua Bush on his noteworthy achievements at the 2025 Veteran Fencing World Championships and his representation of Nebraska and the United States on the international stage,https://nebraskalegislature.gov/bills/view_bill.php?DocumentID=63738,2026,63738,https://nebraskalegislature.gov/FloorDocs/109/PDF/Intro/LR321.pdf
LR0322,2025_2026,Spivey,Adopted,Recognize February 2026 as Black History Month in Nebraska,https://nebraskalegislature.gov/bills/view_bill.php?DocumentID=63821,2026,63821,https://nebraskalegislature.gov/FloorDocs/109/PDF/Intro/LR322.pdf
LR0323,2025_2026,DeKay,Adopted,Congratulate the Crofton Warrior Marching band for earning the Nebraska State Band Association's competitive marching competition in the Class 1A division,https://nebraskalegislature.gov/bills/view_bill.php?DocumentID=62876,2026,62876,https://nebraskalegislature.gov/FloorDocs/109/PDF/Intro/LR323.pdf
LR0324,2025_2026,DeKay,Adopted,"Congratulate Hartington-Newcastle High School, Wausa High School, and St. Mary's of O'Neill on earning the 2025 Nebraska School Activities Association Play Production state championship titles",https://nebraskalegislature.gov/bills/view_bill.php?DocumentID=63193,2026,63193,https://nebraskalegislature.gov/FloorDocs/109/PDF/Intro/LR324.pdf
LR0325,2025_2026,DeKay,Adopted,Congratulate the Creighton High School Bulldogs on earning the 2025 NSAA Class D Boys Golf Championship and a sweep of individual titles,https://nebraskalegislature.gov/bills/view_bill.php?DocumentID=62874,2026,62874,https://nebraskalegislature.gov/FloorDocs/109/PDF/Intro/LR325.pdf
LR0326,2025_2026,DeKay,Adopted,Congratulate Avery Arens of Crofton High School for winning the 2025 NSAA Class D Girls State Cross Country Championship race,https://nebraskalegislature.gov/bills/view_bill.php?DocumentID=62875,2026,62875,https://nebraskalegislature.gov/FloorDocs/109/PDF/Intro/LR326.pdf
LR0327,2025_2026,DeKay,Adopted,Congratulate Wynot High School on winning the 2025 Nebraska School Activities Association Class D-2 State Volleyball and State Football Championships,https://nebraskalegislature.gov/bills/view_bill.php?DocumentID=62921,2026,62921,https://nebraskalegislature.gov/FloorDocs/109/PDF/Intro/LR327.pdf
LR0328,2025_2026,Clements,Adopted,Congratulate Elmwood-Murdock High School on winning the Class C-1 Championship play production title,https://nebraskalegislature.gov/bills/view_bill.php?DocumentID=63731,2026,63731,https://nebraskalegislature.gov/FloorDocs/109/PDF/Intro/LR328.pdf
LR0329,2025_2026,DeKay,Indefinitely postponed,Recognize the month of January 2026 as Nuclear Power Month in Nebraska,https://nebraskalegislature.gov/bills/view_bill.php?DocumentID=64209,2026,64209,https://nebraskalegislature.gov/FloorDocs/109/PDF/Intro/LR329.pdf
LR0330,2025_2026,Storm,Adopted,Congratulate the Bishop Neumann Cavaliers football team and coach on winning the 2025 NSAA Class C-2 State Football Championship,https://nebraskalegislature.gov/bills/view_bill.php?DocumentID=64121,2026,64121,https://nebraskalegislature.gov/FloorDocs/109/PDF/Intro/LR330.pdf
LR0331,2025_2026,Storm,Adopted,Congratulate the Wahoo Warriors football team and coach on winning the 2025 NSAA Class C-1 State Football Championship,https://nebraskalegislature.gov/bills/view_bill.php?DocumentID=64111,2026,64111,https://nebraskalegislature.gov/FloorDocs/109/PDF/Intro/LR331.pdf
LR0332,2025_2026,von Gillern,Adopted,Congratulate Ezra Millard Elementary School for being named a Nebraska Department of Education 2025 Blue Ribbon School,https://nebraskalegislature.gov/bills/view_bill.php?DocumentID=63764,2026,63764,https://nebraskalegislature.gov/FloorDocs/109/PDF/Intro/LR332.pdf
LR0333,2025_2026,Holdcroft,Adopted,Congratulate the Papillion La Vista South High School girls volleyball team for winning the 2025 NSAA Class A State Championship title,https://nebraskalegislature.gov/bills/view_bill.php?DocumentID=62988,2026,62988,https://nebraskalegislature.gov/FloorDocs/109/PDF/Intro/LR333.pdf
LR0334,2025_2026,Juarez,Adopted,Recognize Jim Hartung's life-long dedication to gymnastics and his love for the sport,https://nebraskalegislature.gov/bills/view_bill.php?DocumentID=64040,2026,64040,https://nebraskalegislature.gov/FloorDocs/109/PDF/Intro/LR334.pdf
LR0335,2025_2026,Raybould,Adopted,Congratulate Lincoln Electric System on sixty years of reliable service and continued commitment to Nebraska,https://nebraskalegislature.gov/bills/view_bill.php?DocumentID=64041,2026,64041,https://nebraskalegislature.gov/FloorDocs/109/PDF/Intro/LR335.pdf
LR0336,2025_2026,Spivey,Adopted,Acknowledge and celebrate the efforts of community organizations and individuals in raising awareness to Bring Her Home efforts in Nebraska,https://nebraskalegislature.gov/bills/view_bill.php?DocumentID=64305,2026,64305,https://nebraskalegislature.gov/FloorDocs/109/PDF/Intro/LR336.pdf
LR0337,2025_2026,Spivey,Adopted,Congratulate Mama's Attic-African American History Center and Doll Museum for celebrating five years and recognize LaVon Stennis-Williams for her vision and leadership,https://nebraskalegislature.gov/bills/view_bill.php?DocumentID=64312,2026,64312,https://nebraskalegislature.gov/FloorDocs/109/PDF/Intro/LR337.pdf
LR0338,2025_2026,Murman,Adopted,Congratulate Patrick Moore for earning the Nebraska State Association of Secondary School Principals Distinguished Service Award,https://nebraskalegislature.gov/bills/view_bill.php?DocumentID=64318,2026,64318,https://nebraskalegislature.gov/FloorDocs/109/PDF/Intro/LR338.pdf
LR0339,2025_2026,Hughes,Adopted,Celebrate the history of the Blue River Cattle Trail and the historians who make such remembrance and celebration possible,https://nebraskalegislature.gov/bills/view_bill.php?DocumentID=64280,2026,64280,https://nebraskalegislature.gov/FloorDocs/109/PDF/Intro/LR339.pdf
LR0340,2025_2026,Jacobson,Adopted,Recognize 2026 as the United Nations International Year of Rangelands and Pastoralists in solidarity,https://nebraskalegislature.gov/bills/view_bill.php?DocumentID=64256,2026,64256,https://nebraskalegislature.gov/FloorDocs/109/PDF/Intro/LR340.pdf
LR0341,2025_2026,Arch,Adopted,"Recognize and honor Mogens C. Bay for his exceptional leadership, his enduring commitment to Nebraska, and his profound contributions to industry, community, and philanthropy",https://nebraskalegislature.gov/bills/view_bill.php?DocumentID=64680,2026,64680,https://nebraskalegislature.gov/FloorDocs/109/PDF/Intro/LR341.pdf
LR0342,2025_2026,Arch,Adopted,"Recognize and honor Steve Hornady for his exceptional leadership, his enduring commitment to Nebraska, and his profound contributions to industry, community, and philanthropy",https://nebraskalegislature.gov/bills/view_bill.php?DocumentID=64683,2026,64683,https://nebraskalegislature.gov/FloorDocs/109/PDF/Intro/LR342.pdf
LR0343,2025_2026,Quick,Adopted,Congratulate Fred Hotz on his retirement from the Grand Island Fire Department,https://nebraskalegislature.gov/bills/view_bill.php?DocumentID=64613,2026,64613,https://nebraskalegislature.gov/FloorDocs/109/PDF/Intro/LR343.pdf
LR0344,2025_2026,Rountree,Adopted,Recognize March 2026 as Multiple Sclerosis Awareness Month,https://nebraskalegislature.gov/bills/view_bill.php?DocumentID=64246,2026,64246,https://nebraskalegislature.gov/FloorDocs/109/PDF/Intro/LR344.pdf
LR0345,2025_2026,Wordekemper,Adopted,Congratulate the Fremont High School boys bowling team on winning the 2026 Class A Boys Bowling Championship title,https://nebraskalegislature.gov/bills/view_bill.php?DocumentID=64700,2026,64700,https://nebraskalegislature.gov/FloorDocs/109/PDF/Intro/LR345.pdf
LR0346,2025_2026,Wordekemper,Adopted,Congratulate the Fremont High School girls bowling team on earning the 2026 Class A Girls Bowling Championship runner-up title,https://nebraskalegislature.gov/bills/view_bill.php?DocumentID=64709,2026,64709,https://nebraskalegislature.gov/FloorDocs/109/PDF/Intro/LR346.pdf
LR0347,2025_2026,Spivey,Adopted,Express and extend sympathy and condolences to the family of Ira F. Combs,https://nebraskalegislature.gov/bills/view_bill.php?DocumentID=64321,2026,64321,https://nebraskalegislature.gov/FloorDocs/109/PDF/Intro/LR347.pdf
LR0348,2025_2026,Spivey,Adopted,Recognize March 2026 as Women's History Month,https://nebraskalegislature.gov/bills/view_bill.php?DocumentID=64289,2026,64289,https://nebraskalegislature.gov/FloorDocs/109/PDF/Intro/LR348.pdf
LR0349,2025_2026,Prokop,Adopted,Congratulate Ken Siemek on his successful forty-four year career and induction into the Nebraska Broadcasters Association Hall of Fame,https://nebraskalegislature.gov/bills/view_bill.php?DocumentID=64671,2026,64671,https://nebraskalegislature.gov/FloorDocs/109/PDF/Intro/LR349.pdf
LR0350,2025_2026,Ballard,Adopted,"Recognize, commend, and congratulate the State Government Affairs Council for its fifty years of service",https://nebraskalegislature.gov/bills/view_bill.php?DocumentID=63803,2026,63803,https://nebraskalegislature.gov/FloorDocs/109/PDF/Intro/LR350.pdf
LR0351,2025_2026,Ballard,Adopted,Congratulate the Waverly Vikings football team for winning the 2025 NSAA Class B Championship title while remaining undefeated throughout the season,https://nebraskalegislature.gov/bills/view_bill.php?DocumentID=63732,2026,63732,https://nebraskalegislature.gov/FloorDocs/109/PDF/Intro/LR351.pdf
LR0352,2025_2026,Brandt,Adopted,Thank Erwin H. Schopp for his service to the United States,https://nebraskalegislature.gov/bills/view_bill.php?DocumentID=62797,2026,62797,https://nebraskalegislature.gov/FloorDocs/109/PDF/Intro/LR352.pdf
LR0353,2025_2026,Clouse,Adopted,"Extend condolences to the family, friends, and community of Mike Yanney",https://nebraskalegislature.gov/bills/view_bill.php?DocumentID=64771,2026,64771,https://nebraskalegislature.gov/FloorDocs/109/PDF/Intro/LR353.pdf
LR0354,2025_2026,Hunt,Adopted,Recognize March 2026 as Celebrate Theatre in Our Schools Month,https://nebraskalegislature.gov/bills/view_bill.php?DocumentID=64297,2026,64297,https://nebraskalegislature.gov/FloorDocs/109/PDF/Intro/LR354.pdf
LR0355,2025_2026,Bosn,Adopted,Congratulates the Lincoln Pius X Catholic High School boys cross country team on being the first Nebraska high school team to qualify for the Nike Cross Nationals,https://nebraskalegislature.gov/bills/view_bill.php?DocumentID=64763,2026,64763,https://nebraskalegislature.gov/FloorDocs/109/PDF/Intro/LR355.pdf
LR0356,2025_2026,Bosn,Adopted,Congratulate David Krier for earning the 2025-26 Gatorade Nebraska Boys Cross Country Player of the Year,https://nebraskalegislature.gov/bills/view_bill.php?DocumentID=64921,2026,64921,https://nebraskalegislature.gov/FloorDocs/109/PDF/Intro/LR356.pdf
LR0357,2025_2026,Riepe,Adopted,Congratulate the American Legion on one hundred seven years of service to the military and veterans,https://nebraskalegislature.gov/bills/view_bill.php?DocumentID=64970,2026,64970,https://nebraskalegislature.gov/FloorDocs/109/PDF/Intro/LR357.pdf
LR0358,2025_2026,Murman,Adopted,Recognize and congratulate the Sandy Creek Cougars football team on winning the 2025 Nebraska School Activities Association Class D-1 State Football Championship,https://nebraskalegislature.gov/bills/view_bill.php?DocumentID=64783,2026,64783,https://nebraskalegislature.gov/FloorDocs/109/PDF/Intro/LR358.pdf
LR0359,2025_2026,Clouse,Adopted,Express and extend sympathy and condolences to the family of Kellie John,https://nebraskalegislature.gov/bills/view_bill.php?DocumentID=65013,2026,65013,https://nebraskalegislature.gov/FloorDocs/109/PDF/Intro/LR359.pdf
LR0360,2025_2026,Lonowski,Adopted,Congratulate the Adams Central girls wrestling team on winning the 2026 Nebraska School Activities Association Class B Girls State Wrestling Championship title,https://nebraskalegislature.gov/bills/view_bill.php?DocumentID=65168,2026,65168,https://nebraskalegislature.gov/FloorDocs/109/PDF/Intro/LR360.pdf
LR0361,2025_2026,McKinney,Adopted,Congratulate Creighton Preparatory School wrestler Kameron Green Jr. on winning gold in the 2026 Boys Class A 144-pound State Wrestling Championship,https://nebraskalegislature.gov/bills/view_bill.php?DocumentID=65026,2026,65026,https://nebraskalegislature.gov/FloorDocs/109/PDF/Intro/LR361.pdf
LR0362,2025_2026,McKinney,Adopted,Congratulate Omaha North High School wrestler Terence Crawford Jr. on winning gold in the Boys Class A 106-pound State Wrestling Championship,https://nebraskalegislature.gov/bills/view_bill.php?DocumentID=65027,2026,65027,https://nebraskalegislature.gov/FloorDocs/109/PDF/Intro/LR362.pdf
LR0363,2025_2026,McKinney,Adopted,"Recognize Terence ""Bud"" Crawford for earning the 2025 Ring Magazine Fighter of the Year award and for an illustrious boxing career",https://nebraskalegislature.gov/bills/view_bill.php?DocumentID=65028,2026,65028,https://nebraskalegislature.gov/FloorDocs/109/PDF/Intro/LR363.pdf
LR0364,2025_2026,Clements,Adopted,Congratulate Dr. Bleicher as the recipient of the 2025 Copic Humanitarian Award and extend appreciation for his service to the State of Nebraska,https://nebraskalegislature.gov/bills/view_bill.php?DocumentID=65012,2026,65012,https://nebraskalegislature.gov/FloorDocs/109/PDF/Intro/LR364.pdf
LR0365,2025_2026,Hardin,Adopted,Celebrate the forty-third anniversary of Nebraska's sister-state relationship with Taiwan,https://nebraskalegislature.gov/bills/view_bill.php?DocumentID=65066,2026,65066,https://nebraskalegislature.gov/FloorDocs/109/PDF/Intro/LR365.pdf
LR0366,2025_2026,Holdcroft,Referral,Interim study to examine the regulatory framework established under the Nebraska Liquor Control Act,https://nebraskalegislature.gov/bills/view_bill.php?DocumentID=65367,2026,65367,https://nebraskalegislature.gov/FloorDocs/109/PDF/Intro/LR366.pdf
LR0367,2025_2026,Murman,Adopted,Congratulate Kamerin Sealey for his athletic achievements,https://nebraskalegislature.gov/bills/view_bill.php?DocumentID=64319,2026,64319,https://nebraskalegislature.gov/FloorDocs/109/PDF/Intro/LR367.pdf
LR0368,2025_2026,Spivey,Adopted,"Congratulate Pastor Jarvis A. Ellis, Sr. on the occasion of his installation as Pastor of Salem Baptist Church",https://nebraskalegislature.gov/bills/view_bill.php?DocumentID=65165,2026,65165,https://nebraskalegislature.gov/FloorDocs/109/PDF/Intro/LR368.pdf
LR0369,2025_2026,Wordekemper,Adopted,"Congratulate the Fremont High School boys swim team on winning the 200 freestyle relay championship title, and congratulate Elliot Vech on winning the 100 and 200 individual freestyle championship titles",https://nebraskalegislature.gov/bills/view_bill.php?DocumentID=65241,2026,65241,https://nebraskalegislature.gov/FloorDocs/109/PDF/Intro/LR369.pdf
LR0370,2025_2026,DeBoer,Adopted,"Congratulate Brayden Jensen, Hagan Jones, and Jared Pacha from Troop 308 on achieving the rank of Eagle Scout",https://nebraskalegislature.gov/bills/view_bill.php?DocumentID=65011,2026,65011,https://nebraskalegislature.gov/FloorDocs/109/PDF/Intro/LR370.pdf
LR0371,2025_2026,"Cavanaugh, J.",Referral,Interim study to determine whether Nebraska should amend the rules of evidence to mirror federal changes to the admissibility of expert testimony,https://nebraskalegislature.gov/bills/view_bill.php?DocumentID=65200,2026,65200,https://nebraskalegislature.gov/FloorDocs/109/PDF/Intro/LR371.pdf
LR0372,2025_2026,Nebraska Retirement Systems Committee,Referral,Interim study to examine the Nebraska Public Employees Retirement Systems administered by the Public Employees Retirement Board,https://nebraskalegislature.gov/bills/view_bill.php?DocumentID=65357,2026,65357,https://nebraskalegislature.gov/FloorDocs/109/PDF/Intro/LR372.pdf
LR0373,2025_2026,Nebraska Retirement Systems Committee,Referral,"Interim study to carry out the provisions of section 13-2402, which requires the Nebraska Retirement Systems Committee to monitor underfunded defined benefit plans administered by political subdivisions",https://nebraskalegislature.gov/bills/view_bill.php?DocumentID=65358,2026,65358,https://nebraskalegislature.gov/FloorDocs/109/PDF/Intro/LR373.pdf
LR0374,2025_2026,Nebraska Retirement Systems Committee,Referral,Interim study to examine any issues within the jurisdiction of the Nebraska Retirement Systems Committee of the Legislature that may arise during the interim,https://nebraskalegislature.gov/bills/view_bill.php?DocumentID=65359,2026,65359,https://nebraskalegislature.gov/FloorDocs/109/PDF/Intro/LR374.pdf
LR0375,2025_2026,Hughes,Adopted,Congratulate the Milford High School Eagles on winning the 2026 Class C-1 Girls State Basketball Championship title and the Class C-1 State Volleyball Championship title,https://nebraskalegislature.gov/bills/view_bill.php?DocumentID=65353,2026,65353,https://nebraskalegislature.gov/FloorDocs/109/PDF/Intro/LR375.pdf
LR0376,2025_2026,"Cavanaugh, J.",Adopted,Recognize more than two hundred fifty years of the United States Postal Service and support the continued public mission to serve all Americans,https://nebraskalegislature.gov/bills/view_bill.php?DocumentID=65199,2026,65199,https://nebraskalegislature.gov/FloorDocs/109/PDF/Intro/LR376.pdf
LR0377,2025_2026,Storm,Adopted,Congratulate the Howells-Dodge High School girls basketball team on winning the 2026 D-1 State Basketball Championship title,https://nebraskalegislature.gov/bills/view_bill.php?DocumentID=65498,2026,65498,https://nebraskalegislature.gov/FloorDocs/109/PDF/Intro/LR377.pdf
LR0378,2025_2026,Arch,Adopted,Commend the Omaha Magical Society for its preservation of a unique part of Nebraska's history and for keeping the magic alive,https://nebraskalegislature.gov/bills/view_bill.php?DocumentID=65246,2026,65246,https://nebraskalegislature.gov/FloorDocs/109/PDF/Intro/LR378.pdf
LR0379,2025_2026,Storer,Adopted,Congratulate Bonita Williams on turning one hundred years old,https://nebraskalegislature.gov/bills/view_bill.php?DocumentID=65352,2026,65352,https://nebraskalegislature.gov/FloorDocs/109/PDF/Intro/LR379.pdf
LR0380,2025_2026,Fredrickson,Referral,"Interim study to identify the needs of youth moving and transitioning to and from a youth rehabilitation and treatment center, an adult correctional facility, or a residential treatment facility as proposed by LB867",https://nebraskalegislature.gov/bills/view_bill.php?DocumentID=65636,2026,65636,https://nebraskalegislature.gov/FloorDocs/109/PDF/Intro/LR380.pdf
LR0381,2025_2026,Fredrickson,Referral,"Interim study to examine the feasibility, effectiveness, and safeguards associated with implementing universal youth mental health screenings in public schools",https://nebraskalegislature.gov/bills/view_bill.php?DocumentID=65150,2026,65150,https://nebraskalegislature.gov/FloorDocs/109/PDF/Intro/LR381.pdf
LR0382,2025_2026,Fredrickson,Referral,Interim study to examine issues related to play therapy access in Nebraska,https://nebraskalegislature.gov/bills/view_bill.php?DocumentID=65473,2026,65473,https://nebraskalegislature.gov/FloorDocs/109/PDF/Intro/LR382.pdf
LR0383,2025_2026,Spivey,Referral,Interim study to examine the issue of maternal depression in Nebraska and potential statutory or administrative changes that may support maternal mental health in the state,https://nebraskalegislature.gov/bills/view_bill.php?DocumentID=65645,2026,65645,https://nebraskalegislature.gov/FloorDocs/109/PDF/Intro/LR383.pdf
LR0384,2025_2026,Sanders,Referral,Interim study to review the Licensing of Truth and Deception Examiners Act and any rules and regulations for truth and deception examiners in furtherance of the purposes of the Occupational Board Reform Act,https://nebraskalegislature.gov/bills/view_bill.php?DocumentID=65680,2026,65680,https://nebraskalegislature.gov/FloorDocs/109/PDF/Intro/LR384.pdf
LR0385,2025_2026,Sanders,Referral,"Interim study to examine any issues within the jurisdiction of the Government, Military and Veterans Affairs Committee of the Legislature that may arise in the interim",https://nebraskalegislature.gov/bills/view_bill.php?DocumentID=65770,2026,65770,https://nebraskalegislature.gov/FloorDocs/109/PDF/Intro/LR385.pdf
LR0386,2025_2026,Moser,Referral,Interim study to examine any issues within the jurisdiction of the Transportation and Telecommunications Committee of the Legislature,https://nebraskalegislature.gov/bills/view_bill.php?DocumentID=65761,2026,65761,https://nebraskalegislature.gov/FloorDocs/109/PDF/Intro/LR386.pdf
LR0387,2025_2026,Storm,Adopted,Congratulate the Ashland-Greenwood High School boys basketball team on winning the 2026 Class C-1 State Basketball Championship,https://nebraskalegislature.gov/bills/view_bill.php?DocumentID=65644,2026,65644,https://nebraskalegislature.gov/FloorDocs/109/PDF/Intro/LR387.pdf
LR0388,2025_2026,Storm,Adopted,Congratulate the Howells-Dodge High School boys basketball team on winning the 2026 Class D-1 State Basketball Championship,https://nebraskalegislature.gov/bills/view_bill.php?DocumentID=65642,2026,65642,https://nebraskalegislature.gov/FloorDocs/109/PDF/Intro/LR388.pdf
LR0389,2025_2026,Conrad,Referral,Interim study to examine educational opportunities and services available to deaf and hard of hearing elementary students in Nebraska,https://nebraskalegislature.gov/bills/view_bill.php?DocumentID=65521,2026,65521,https://nebraskalegislature.gov/FloorDocs/109/PDF/Intro/LR389.pdf
LR0390,2025_2026,Hardin,Referral,Interim study to allow the Health and Human Services Committee of the Legislature to examine any health and human services issues within the jurisdiction of the committee that arise during the legislative interim period,https://nebraskalegislature.gov/bills/view_bill.php?DocumentID=65668,2026,65668,https://nebraskalegislature.gov/FloorDocs/109/PDF/Intro/LR390.pdf
LR0391,2025_2026,Dungan,Referral,Interim study to examine the issue of diaper access for Nebraska families,https://nebraskalegislature.gov/bills/view_bill.php?DocumentID=65497,2026,65497,https://nebraskalegislature.gov/FloorDocs/109/PDF/Intro/LR391.pdf
LR0392,2025_2026,Dungan,Adopted,Congratulate the St. Leger Cowley Chapter of the National Society Daughters of the American Revolution on the recent celebration of one hundred and fifteen years of service to the community,https://nebraskalegislature.gov/bills/view_bill.php?DocumentID=65201,2026,65201,https://nebraskalegislature.gov/FloorDocs/109/PDF/Intro/LR392.pdf
LR0393,2025_2026,Conrad,Referral,Interim study to examine the potential for providing universal child care at no cost to parents in Nebraska modeled after the New Mexico program,https://nebraskalegislature.gov/bills/view_bill.php?DocumentID=65321,2026,65321,https://nebraskalegislature.gov/FloorDocs/109/PDF/Intro/LR393.pdf
LR0394,2025_2026,Arch,Adopted,Commend Mayor David P. Black for his many years of exceptional leadership,https://nebraskalegislature.gov/bills/view_bill.php?DocumentID=65540,2026,65540,https://nebraskalegislature.gov/FloorDocs/109/PDF/Intro/LR394.pdf
LR0395,2025_2026,Prokop,Adopted,Congratulate the Lincoln Southwest High School boys basketball team for winning the 2026 Class A State Basketball Championship title,https://nebraskalegislature.gov/bills/view_bill.php?DocumentID=65640,2026,65640,https://nebraskalegislature.gov/FloorDocs/109/PDF/Intro/LR395.pdf
LR0396,2025_2026,Lippincott,Adopted,Congratulate the University of Nebraska men's basketball team and Head Coach Fred Hoiberg on the team's historic season and achieving the first NCAA Tournament win in school history,https://nebraskalegislature.gov/bills/view_bill.php?DocumentID=65771,2026,65771,https://nebraskalegislature.gov/FloorDocs/109/PDF/Intro/LR396.pdf
LR0397,2025_2026,Clouse,Adopted,Congratulate the University of Nebraska at Kearney's men's wrestling team on winning the 2026 Division II National Wrestling Championship title,https://nebraskalegislature.gov/bills/view_bill.php?DocumentID=65681,2026,65681,https://nebraskalegislature.gov/FloorDocs/109/PDF/Intro/LR397.pdf
LR0398,2025_2026,Conrad,Adopted,Congratulate the Nebraska Library Commission on celebrating one hundred and twenty-five years of dedicated service to the community,https://nebraskalegislature.gov/bills/view_bill.php?DocumentID=65641,2026,65641,https://nebraskalegislature.gov/FloorDocs/109/PDF/Intro/LR398.pdf
LR0399,2025_2026,Dover,Referral,Interim study to examine the impact of appropriations for biomedical research funding in the State of Nebraska,https://nebraskalegislature.gov/bills/view_bill.php?DocumentID=65814,2026,65814,https://nebraskalegislature.gov/FloorDocs/109/PDF/Intro/LR399.pdf
LR0400,2025_2026,Spivey,Referral,"Interim study to examine economic development programs, policies, and incentives administered by the state",https://nebraskalegislature.gov/bills/view_bill.php?DocumentID=65361,2026,65361,https://nebraskalegislature.gov/FloorDocs/109/PDF/Intro/LR400.pdf
LR0401,2025_2026,Spivey,Referral,Interim study to examine the programs and funding structures of the Nebraska Commission on Law Enforcement and Criminal Justice and the associated outcomes of the commission's efforts,https://nebraskalegislature.gov/bills/view_bill.php?DocumentID=65857,2026,65857,https://nebraskalegislature.gov/FloorDocs/109/PDF/Intro/LR401.pdf
LR0402,2025_2026,Quick,Referral,Interim study to examine compensation for laboratory hours taught at a community college and to review the statutory definition of the laboratory hours,https://nebraskalegislature.gov/bills/view_bill.php?DocumentID=65597,2026,65597,https://nebraskalegislature.gov/FloorDocs/109/PDF/Intro/LR402.pdf
LR0403,2025_2026,Rountree,Referral,Interim study on the use of shackling on juveniles,https://nebraskalegislature.gov/bills/view_bill.php?DocumentID=65596,2026,65596,https://nebraskalegislature.gov/FloorDocs/109/PDF/Intro/LR403.pdf
LR0404,2025_2026,Rountree,Referral,Interim study to examine Nebraska statutes and the processes relating to the developmental disability and the aged and disabled waivers and the tools used to assess developmental disabilities,https://nebraskalegislature.gov/bills/view_bill.php?DocumentID=65813,2026,65813,https://nebraskalegislature.gov/FloorDocs/109/PDF/Intro/LR404.pdf
LR0405,2025_2026,Murman,Referral,Interim study to examine current laws and regulations to ascertain whether the State of Nebraska is able to assume the increased responsibilities necessary in order to ensure compliance with federal civil rights laws relating to education and whether statutory or regulatory reform is necessary to provide for such responsibilities,https://nebraskalegislature.gov/bills/view_bill.php?DocumentID=65319,2026,65319,https://nebraskalegislature.gov/FloorDocs/109/PDF/Intro/LR405.pdf
LR0406,2025_2026,Hughes,Referral,Interim study to examine the special fund for sites and buildings that public school boards or public boards of education may establish within their school district,https://nebraskalegislature.gov/bills/view_bill.php?DocumentID=65703,2026,65703,https://nebraskalegislature.gov/FloorDocs/109/PDF/Intro/LR406.pdf
LR0407,2025_2026,McKinney,Referral,"Interim study to examine revitalization of urban areas and how cities and villages may utilize the role of culture as a driver of economic development, workforce attraction, tourism, and community revitalization in Nebraska",https://nebraskalegislature.gov/bills/view_bill.php?DocumentID=65848,2026,65848,https://nebraskalegislature.gov/FloorDocs/109/PDF/Intro/LR407.pdf
LR0408,2025_2026,McKinney,Referral,Interim study to examine whether Nebraska should amend its laws relating to the determination of the age of majority,https://nebraskalegislature.gov/bills/view_bill.php?DocumentID=65869,2026,65869,https://nebraskalegislature.gov/FloorDocs/109/PDF/Intro/LR408.pdf
LR0409,2025_2026,McKinney,Referral,Interim study of the felony murder rule,https://nebraskalegislature.gov/bills/view_bill.php?DocumentID=65618,2026,65618,https://nebraskalegislature.gov/FloorDocs/109/PDF/Intro/LR409.pdf
LR0410,2025_2026,Dover,Adopted,Congratulate the Battle Creek High School boys wrestling team on winning the 2026 Class C State Wrestling Championship title,https://nebraskalegislature.gov/bills/view_bill.php?DocumentID=65578,2026,65578,https://nebraskalegislature.gov/FloorDocs/109/PDF/Intro/LR410.pdf
LR0411,2025_2026,Riepe,Referral,"Interim study to examine barriers affecting access to health care in Nebraska, with a particular, but not exclusive, focus on rural areas with specific attention to the role of transportation, distance, and other social and economic factors that affect timely care",https://nebraskalegislature.gov/bills/view_bill.php?DocumentID=65928,2026,65928,https://nebraskalegislature.gov/FloorDocs/109/PDF/Intro/LR411.pdf
LR0412,2025_2026,Spivey,Referral,"Interim study to examine the ways in which the Legislature can take a more coordinated, proactive, and intentional policy role in understanding the impact of child care financing models that create or expand state-funded subsidies and federal child care subsidies to increase access, affordability, and expand coverage for working families in Nebraska",https://nebraskalegislature.gov/bills/view_bill.php?DocumentID=65745,2026,65745,https://nebraskalegislature.gov/FloorDocs/109/PDF/Intro/LR412.pdf
LR0413,2025_2026,DeBoer,Referral,Interim study to examine Nebraska statutes and processes relating to guardianship,https://nebraskalegislature.gov/bills/view_bill.php?DocumentID=65686,2026,65686,https://nebraskalegislature.gov/FloorDocs/109/PDF/Intro/LR413.pdf
LR0414,2025_2026,Conrad,Referral,Interim study to examine portable benefits systems and related regulatory frameworks for independent contractors and other workers engaged in nontraditional work arrangements,https://nebraskalegislature.gov/bills/view_bill.php?DocumentID=65569,2026,65569,https://nebraskalegislature.gov/FloorDocs/109/PDF/Intro/LR414.pdf
LR0415,2025_2026,Conrad,Referral,Interim study to examine current practices under Nebraska law related to the designation of real property as blighted and substandard,https://nebraskalegislature.gov/bills/view_bill.php?DocumentID=65687,2026,65687,https://nebraskalegislature.gov/FloorDocs/109/PDF/Intro/LR415.pdf
LR0416,2025_2026,"Cavanaugh, M.",Adopted,Recognize May 2026 as Maternal Mental Health Awareness Month in Nebraska,https://nebraskalegislature.gov/bills/view_bill.php?DocumentID=64743,2026,64743,https://nebraskalegislature.gov/FloorDocs/109/PDF/Intro/LR416.pdf
LR0417,2025_2026,Urban Affairs Committee,Referral,"Interim study to examine innovative approaches to housing development, financing, and ownership in Nebraska",https://nebraskalegislature.gov/bills/view_bill.php?DocumentID=65744,2026,65744,https://nebraskalegislature.gov/FloorDocs/109/PDF/Intro/LR417.pdf
LR0418,2025_2026,Urban Affairs Committee,Referral,"Interim study to examine inland port authorities, how inland port authorities currently operate, and the progress of inland port authorities in developing land, infrastructure, and opportunities in the areas of the authorities",https://nebraskalegislature.gov/bills/view_bill.php?DocumentID=65743,2026,65743,https://nebraskalegislature.gov/FloorDocs/109/PDF/Intro/LR418.pdf
LR0419,2025_2026,Urban Affairs Committee,Referral,Interim study to examine volunteer burnout on municipal boards and commissions and identify specific municipal boards or commissions that could effectively function with a reduced number of members,https://nebraskalegislature.gov/bills/view_bill.php?DocumentID=65741,2026,65741,https://nebraskalegislature.gov/FloorDocs/109/PDF/Intro/LR419.pdf
LR0420,2025_2026,Urban Affairs Committee,Referral,Interim study to examine any issues within the jurisdiction of the Urban Affairs Committee of the Legislature that may arise during the interim,https://nebraskalegislature.gov/bills/view_bill.php?DocumentID=65781,2026,65781,https://nebraskalegislature.gov/FloorDocs/109/PDF/Intro/LR420.pdf
LR0421,2025_2026,Storer,Referral,Interim study to examine the current status of artificial intelligence legislation occurring at the state and federal levels to address risks to public safety and to determine what action Nebraska should take to address such risks,https://nebraskalegislature.gov/bills/view_bill.php?DocumentID=65874,2026,65874,https://nebraskalegislature.gov/FloorDocs/109/PDF/Intro/LR421.pdf
LR0422,2025_2026,Rountree,Adopted,Urge Congress and the President of the United States to enact legislation to fully fund the Individuals with Disabilities Education Act,https://nebraskalegislature.gov/bills/view_bill.php?DocumentID=65742,2026,65742,https://nebraskalegislature.gov/FloorDocs/109/PDF/Intro/LR422.pdf
LR0423,2025_2026,Rountree,Referral,Interim study to examine the issue of food insecurity for pregnant and postpartum women and their children in Nebraska,https://nebraskalegislature.gov/bills/view_bill.php?DocumentID=65861,2026,65861,https://nebraskalegislature.gov/FloorDocs/109/PDF/Intro/LR423.pdf
LR0424,2025_2026,Fredrickson,Adopted,Recognize the celebration of Deepavali and its significance to all Nebraskans who celebrate the holiday,https://nebraskalegislature.gov/bills/view_bill.php?DocumentID=65162,2026,65162,https://nebraskalegislature.gov/FloorDocs/109/PDF/Intro/LR424.pdf
LR0425,2025_2026,Hardin,Referral,Interim study to examine the rehabilitation and treatment of youth and the transition back to their communities,https://nebraskalegislature.gov/bills/view_bill.php?DocumentID=65873,2026,65873,https://nebraskalegislature.gov/FloorDocs/109/PDF/Intro/LR425.pdf
LR0426,2025_2026,Hardin,Referral,Interim study to examine the evolving pattern of management of health information,https://nebraskalegislature.gov/bills/view_bill.php?DocumentID=65872,2026,65872,https://nebraskalegislature.gov/FloorDocs/109/PDF/Intro/LR426.pdf
LR0427,2025_2026,Riepe,Referral,Interim study to review the performance and policies of managed care organizations in the medical assistance program,https://nebraskalegislature.gov/bills/view_bill.php?DocumentID=65562,2026,65562,https://nebraskalegislature.gov/FloorDocs/109/PDF/Intro/LR427.pdf
LR0428,2025_2026,Lonowski,Referral,"Interim study relating to insurance to examine the effects of implementing LB987 introduced in the One Hundred Ninth Legislature, Second Session",https://nebraskalegislature.gov/bills/view_bill.php?DocumentID=65927,2026,65927,https://nebraskalegislature.gov/FloorDocs/109/PDF/Intro/LR428.pdf
LR0429,2025_2026,Clouse,Referral,Interim study to evaluate the compensation of members of the governing bodies of political subdivisions,https://nebraskalegislature.gov/bills/view_bill.php?DocumentID=65862,2026,65862,https://nebraskalegislature.gov/FloorDocs/109/PDF/Intro/LR429.pdf
LR0430,2025_2026,Clouse,Referral,Interim study to examine the different forms of county government used throughout the United States,https://nebraskalegislature.gov/bills/view_bill.php?DocumentID=65864,2026,65864,https://nebraskalegislature.gov/FloorDocs/109/PDF/Intro/LR430.pdf
LR0431,2025_2026,Raybould,Referral,Interim study to examine best practices and policies implemented in other states to reduce domestic violence and improve outcomes for survivors,https://nebraskalegislature.gov/bills/view_bill.php?DocumentID=65925,2026,65925,https://nebraskalegislature.gov/FloorDocs/109/PDF/Intro/LR431.pdf
LR0432,2025_2026,Dover,Referral,Interim study to examine how current residential building codes affect the cost of rehabilitating older properties and if changes need to be made to such codes to lessen the cost of rehabilitation,https://nebraskalegislature.gov/bills/view_bill.php?DocumentID=65926,2026,65926,https://nebraskalegislature.gov/FloorDocs/109/PDF/Intro/LR432.pdf
LR0433,2025_2026,Dover,Referral,Interim study to examine the necessity of a robust and well-integrated education and workforce system to support long-term economic growth that enables learners to move efficiently from education and training to employment in high-demand and high-wage occupations across the state,https://nebraskalegislature.gov/bills/view_bill.php?DocumentID=65855,2026,65855,https://nebraskalegislature.gov/FloorDocs/109/PDF/Intro/LR433.pdf
LR0434,2025_2026,Spivey,Referral,Interim study to examine how the existing learning community as defined in section 79-2101 interacts with and impacts the city of the metropolitan class in which it exists,https://nebraskalegislature.gov/bills/view_bill.php?DocumentID=65994,2026,65994,https://nebraskalegislature.gov/FloorDocs/109/PDF/Intro/LR434.pdf
LR0435,2025_2026,Spivey,Referral,Interim study to examine appropriations relating to Nebraska's program of all-inclusive care for elderly (PACE) under 42 U.S.C. 1396u-4,https://nebraskalegislature.gov/bills/view_bill.php?DocumentID=65617,2026,65617,https://nebraskalegislature.gov/FloorDocs/109/PDF/Intro/LR435.pdf
LR0436,2025_2026,Kauth,Referral,Interim study to review regulations for professional employer organizations,https://nebraskalegislature.gov/bills/view_bill.php?DocumentID=65929,2026,65929,https://nebraskalegislature.gov/FloorDocs/109/PDF/Intro/LR436.pdf
LR0437,2025_2026,Ibach,Adopted,Congratulate the family of Bob Foote for his posthumous induction into the Cattle Feeders Hall of Fame,https://nebraskalegislature.gov/bills/view_bill.php?DocumentID=65085,2026,65085,https://nebraskalegislature.gov/FloorDocs/109/PDF/Intro/LR437.pdf
LR0438,2025_2026,Ibach,Adopted,Congratulate the Pribbeno family for earning the National Cattlemen's Beef Association's 2025 National Environmental Stewardship Award and for their exceptional stewardship of the land,https://nebraskalegislature.gov/bills/view_bill.php?DocumentID=65084,2026,65084,https://nebraskalegislature.gov/FloorDocs/109/PDF/Intro/LR438.pdf
LR0439,2025_2026,Ibach,Adopted,Congratulate the Dundy County Stratton girls basketball team on winning the 2026 Class D-2 State Basketball Championship title,https://nebraskalegislature.gov/bills/view_bill.php?DocumentID=65451,2026,65451,https://nebraskalegislature.gov/FloorDocs/109/PDF/Intro/LR439.pdf
LR0440,2025_2026,Hughes,Referral,"Interim study to examine the identification, evaluation, and effectiveness of reading screeners approved by the State Department of Education and utilized by school districts, and to examine whether improvements to screening practices should precede consideration of student retention at the third-grade level",https://nebraskalegislature.gov/bills/view_bill.php?DocumentID=65860,2026,65860,https://nebraskalegislature.gov/FloorDocs/109/PDF/Intro/LR440.pdf
LR0441,2025_2026,Andersen,Referral,"Interim study relating to the applicability for residential versus commercial building codes and the implications of enacting LB1227, introduced in the One Hundred Ninth Legislature, Second Session",https://nebraskalegislature.gov/bills/view_bill.php?DocumentID=65930,2026,65930,https://nebraskalegislature.gov/FloorDocs/109/PDF/Intro/LR441.pdf
LR0442,2025_2026,Prokop,Referral,"Interim study to examine youth sports participation in the State of Nebraska, with a focus on ensuring equal access, fair play, and adequate organizational support structures for children and youth",https://nebraskalegislature.gov/bills/view_bill.php?DocumentID=65865,2026,65865,https://nebraskalegislature.gov/FloorDocs/109/PDF/Intro/LR442.pdf
LR0443,2025_2026,DeBoer,Referral,Interim study to consider creating a referencing guide to assist the Reference Committee of the Legislature in referencing bills to the proper standing committee of the Legislature,https://nebraskalegislature.gov/bills/view_bill.php?DocumentID=65679,2026,65679,https://nebraskalegislature.gov/FloorDocs/109/PDF/Intro/LR443.pdf
LR0444,2025_2026,Quick,Referral,Interim study to examine cost models and payment models for determining behavioral health service rates in Nebraska,https://nebraskalegislature.gov/bills/view_bill.php?DocumentID=65755,2026,65755,https://nebraskalegislature.gov/FloorDocs/109/PDF/Intro/LR444.pdf
LR0445,2025_2026,von Gillern,Referral,Interim study to examine the sales tax revenue remittance process under the Good Life District Economic Development Act,https://nebraskalegislature.gov/bills/view_bill.php?DocumentID=65871,2026,65871,https://nebraskalegislature.gov/FloorDocs/109/PDF/Intro/LR445.pdf
LR0446,2025_2026,Jacobson,Referral,Interim study to examine auctioneer licensing and continuing education requirements,https://nebraskalegislature.gov/bills/view_bill.php?DocumentID=65920,2026,65920,https://nebraskalegislature.gov/FloorDocs/109/PDF/Intro/LR446.pdf
LR0447,2025_2026,Jacobson,Referral,"Interim study to examine how a baccalaureate degree requiring fewer than the traditional one hundred twenty hours, or four years, may benefit the state",https://nebraskalegislature.gov/bills/view_bill.php?DocumentID=65847,2026,65847,https://nebraskalegislature.gov/FloorDocs/109/PDF/Intro/LR447.pdf
LR0448,2025_2026,Holdcroft,Referral,Interim study to review the quality and availability of assistance to Nebraska veterans and their families,https://nebraskalegislature.gov/bills/view_bill.php?DocumentID=65939,2026,65939,https://nebraskalegislature.gov/FloorDocs/109/PDF/Intro/LR448.pdf
LR0449,2025_2026,DeKay,Referral,Interim study to examine state resources and programs to assist with recovery and restoration of agricultural lands that have suffered from devastating wildfires within the state,https://nebraskalegislature.gov/bills/view_bill.php?DocumentID=65936,2026,65936,https://nebraskalegislature.gov/FloorDocs/109/PDF/Intro/LR449.pdf
LR0450,2025_2026,DeKay,Referral,Interim study to examine issues within the jurisdiction of the Agriculture Committee,https://nebraskalegislature.gov/bills/view_bill.php?DocumentID=65945,2026,65945,https://nebraskalegislature.gov/FloorDocs/109/PDF/Intro/LR450.pdf
LR0451,2025_2026,DeKay,Referral,Interim study to review occupational regulations for bulk milk haulers and field representatives under the Nebraska Milk Act for purposes of the Occupational Board Reform Act,https://nebraskalegislature.gov/bills/view_bill.php?DocumentID=65691,2026,65691,https://nebraskalegislature.gov/FloorDocs/109/PDF/Intro/LR451.pdf
LR0452,2025_2026,Spivey,Referral,"Interim study to examine funding sources, fee structures, service types, oversight structures, reimbursement structures, and appropriations for cross-system services between child welfare and juvenile justice",https://nebraskalegislature.gov/bills/view_bill.php?DocumentID=65701,2026,65701,https://nebraskalegislature.gov/FloorDocs/109/PDF/Intro/LR452.pdf
LR0453,2025_2026,Hallstrom,Referral,"Interim study to review the impact on homestead exemptions of LB126, One Hundred Eighth Legislature, Second Session, 2024",https://nebraskalegislature.gov/bills/view_bill.php?DocumentID=65917,2026,65917,https://nebraskalegislature.gov/FloorDocs/109/PDF/Intro/LR453.pdf
LR0454,2025_2026,Hallstrom,Referral,Interim study to examine alternative funding sources for addressing the shortage of affordable and workforce housing in Nebraska,https://nebraskalegislature.gov/bills/view_bill.php?DocumentID=65854,2026,65854,https://nebraskalegislature.gov/FloorDocs/109/PDF/Intro/LR454.pdf
LR0455,2025_2026,Juarez,Referral,"Interim study to examine recruitment, retention, and professional recognition of prekindergarten, elementary, and secondary educators",https://nebraskalegislature.gov/bills/view_bill.php?DocumentID=65817,2026,65817,https://nebraskalegislature.gov/FloorDocs/109/PDF/Intro/LR455.pdf
LR0456,2025_2026,Dungan,Referral,Interim study to examine the implementation of recreational cannabis in Nebraska,https://nebraskalegislature.gov/bills/view_bill.php?DocumentID=65923,2026,65923,https://nebraskalegislature.gov/FloorDocs/109/PDF/Intro/LR456.pdf
LR0457,2025_2026,Hallstrom,Referral,Interim study to identify the barriers to multiple employer insurance plans,https://nebraskalegislature.gov/bills/view_bill.php?DocumentID=65846,2026,65846,https://nebraskalegislature.gov/FloorDocs/109/PDF/Intro/LR457.pdf
LR0458,2025_2026,Andersen,Referral,Interim study to examine the availability and disclosure of data regarding tax exemptions and tax incentives to Nebraska state personnel,https://nebraskalegislature.gov/bills/view_bill.php?DocumentID=65941,2026,65941,https://nebraskalegislature.gov/FloorDocs/109/PDF/Intro/LR458.pdf
LR0459,2025_2026,Dover,Referral,Interim study to examine the assessment of agricultural land value based on potential income and determine whether such method of assessment is the best way to properly assess agricultural land,https://nebraskalegislature.gov/bills/view_bill.php?DocumentID=65924,2026,65924,https://nebraskalegislature.gov/FloorDocs/109/PDF/Intro/LR459.pdf
LR0460,2025_2026,Dover,Referral,Interim study to examine residential building codes and land development regulations and which specific codes may be cost prohibitive in the building of affordable and workforce housing,https://nebraskalegislature.gov/bills/view_bill.php?DocumentID=65954,2026,65954,https://nebraskalegislature.gov/FloorDocs/109/PDF/Intro/LR460.pdf
LR0461,2025_2026,Ballard,Referral,"Interim study to complement the work of the Infrastructure Review Task Force, conduct a comprehensive examination of Nebraska's highway funding structure, and recommend possible alternatives",https://nebraskalegislature.gov/bills/view_bill.php?DocumentID=65940,2026,65940,https://nebraskalegislature.gov/FloorDocs/109/PDF/Intro/LR461.pdf
LR0462,2025_2026,Ballard,Referral,Interim study to examine a stair-stepping approach to public assistance eligibility,https://nebraskalegislature.gov/bills/view_bill.php?DocumentID=65856,2026,65856,https://nebraskalegislature.gov/FloorDocs/109/PDF/Intro/LR462.pdf
LR0463,2025_2026,Lonowski,Referral,Interim study to analyze data from learning community schools to investigate the return on investment,https://nebraskalegislature.gov/bills/view_bill.php?DocumentID=65938,2026,65938,https://nebraskalegislature.gov/FloorDocs/109/PDF/Intro/LR463.pdf
LR0464,2025_2026,Conrad,Referral,Interim study to explore the potential for a de minimis personal property tax exemption,https://nebraskalegislature.gov/bills/view_bill.php?DocumentID=65320,2026,65320,https://nebraskalegislature.gov/FloorDocs/109/PDF/Intro/LR464.pdf
LR0465,2025_2026,Murman,Referral,"Interim study relating to school policies on student surveys and the involvement of parents, guardians, and educational decisionmakers",https://nebraskalegislature.gov/bills/view_bill.php?DocumentID=65893,2026,65893,https://nebraskalegislature.gov/FloorDocs/109/PDF/Intro/LR465.pdf
LR0466,2025_2026,McKinney,Referral,"Interim study to examine the prevalence, causes, and impacts of suspension and other exclusionary discipline practices affecting elementary school students",https://nebraskalegislature.gov/bills/view_bill.php?DocumentID=65849,2026,65849,https://nebraskalegislature.gov/FloorDocs/109/PDF/Intro/LR466.pdf
LR0467,2025_2026,McKinney,Referral,"Interim study to examine strategies, policies, and investments that cities, villages, and the State of Nebraska may use to make the state more attractive to young people",https://nebraskalegislature.gov/bills/view_bill.php?DocumentID=65852,2026,65852,https://nebraskalegislature.gov/FloorDocs/109/PDF/Intro/LR467.pdf
LR0468,2025_2026,Guereca,Referral,Interim study to examine policies that could be enacted to provide assurances to immigrant communities that some community areas would be safe from immigration harassment and enforcement,https://nebraskalegislature.gov/bills/view_bill.php?DocumentID=65868,2026,65868,https://nebraskalegislature.gov/FloorDocs/109/PDF/Intro/LR468.pdf
LR0469,2025_2026,Guereca,Adopted,Congratulate the Omaha South High School's Performing and Fine Arts Pathway for earning the 2025 Nebraskans for the Arts NebraskARTS Award,https://nebraskalegislature.gov/bills/view_bill.php?DocumentID=65450,2026,65450,https://nebraskalegislature.gov/FloorDocs/109/PDF/Intro/LR469.pdf
LR0470,2025_2026,Ballard,Referral,"Interim study to streamline and improve wireless connectivity for residents, families, and businesses, specifically by examining policies to address unreasonable fees and other costs for wireless deployments",https://nebraskalegislature.gov/bills/view_bill.php?DocumentID=66039,2026,66039,https://nebraskalegislature.gov/FloorDocs/109/PDF/Intro/LR470.pdf
LR0471,2025_2026,Brandt,Referral,Interim study to examine issues related to the production of natural gas,https://nebraskalegislature.gov/bills/view_bill.php?DocumentID=65997,2026,65997,https://nebraskalegislature.gov/FloorDocs/109/PDF/Intro/LR471.pdf
LR0472,2025_2026,Clouse,Referral,Interim study to examine federally funded Head Start Preschool and Early Head Start programs and to provide state policy recommendations in support of such programs,https://nebraskalegislature.gov/bills/view_bill.php?DocumentID=65853,2026,65853,https://nebraskalegislature.gov/FloorDocs/109/PDF/Intro/LR472.pdf
LR0473,2025_2026,Clouse,Referral,Interim study to examine opportunities for countywide local option sales taxes,https://nebraskalegislature.gov/bills/view_bill.php?DocumentID=65851,2026,65851,https://nebraskalegislature.gov/FloorDocs/109/PDF/Intro/LR473.pdf
LR0474,2025_2026,Clouse,Referral,Interim study to examine the Municipal Equalization Fund that is used to provide state aid to equalize the property tax capacity of incorporated cities in Nebraska,https://nebraskalegislature.gov/bills/view_bill.php?DocumentID=65863,2026,65863,https://nebraskalegislature.gov/FloorDocs/109/PDF/Intro/LR474.pdf
LR0475,2025_2026,Andersen,Referral,Interim study to conduct a comprehensive review of state funding provided to nonprofit organizations,https://nebraskalegislature.gov/bills/view_bill.php?DocumentID=65922,2026,65922,https://nebraskalegislature.gov/FloorDocs/109/PDF/Intro/LR475.pdf
LR0476,2025_2026,Andersen,Referral,"Interim study to examine the fiscal, constitutional, and administrative implications of adopting LB1095, 2026, relating to divesting assets of the retirement systems from the People's Republic of China",https://nebraskalegislature.gov/bills/view_bill.php?DocumentID=65937,2026,65937,https://nebraskalegislature.gov/FloorDocs/109/PDF/Intro/LR476.pdf
LR0477,2025_2026,Jacobson,Adopted,Congratulate Brittany McDaniel for earning the 2026 Nebraska School Activities Association Champions for Coaches Award for Play Production,https://nebraskalegislature.gov/bills/view_bill.php?DocumentID=65579,2026,65579,https://nebraskalegislature.gov/FloorDocs/109/PDF/Intro/LR477.pdf
LR0478,2025_2026,Ballard,Referral,"Interim study to examine the governance and operational structure of Nebraska's prescription drug monitoring program, including its relationship with the health information exchange",https://nebraskalegislature.gov/bills/view_bill.php?DocumentID=65914,2026,65914,https://nebraskalegislature.gov/FloorDocs/109/PDF/Intro/LR478.pdf
LR0479,2025_2026,Wordekemper,Adopted,Congratulate the Archbishop Bergan High School boys basketball team on winning the 2026 Class C-2 State Basketball Championship,https://nebraskalegislature.gov/bills/view_bill.php?DocumentID=65587,2026,65587,https://nebraskalegislature.gov/FloorDocs/109/PDF/Intro/LR479.pdf
LR0480,2025_2026,Bostar,Referral,"Interim study to examine how public resources for youth development programming are currently distributed across Nebraska, identify gaps in availability and access, particularly in rural areas and communities with fewer resources, and develop recommendations for ensuring those resources work more efficiently and effectively for youth, families, and communities",https://nebraskalegislature.gov/bills/view_bill.php?DocumentID=65704,2026,65704,https://nebraskalegislature.gov/FloorDocs/109/PDF/Intro/LR480.pdf
LR0481,2025_2026,Bostar,Referral,Interim study to examine the fiscal and operational issues related to the addition of long-term care services and supports to the medicaid managed care program,https://nebraskalegislature.gov/bills/view_bill.php?DocumentID=65870,2026,65870,https://nebraskalegislature.gov/FloorDocs/109/PDF/Intro/LR481.pdf
LR0482,2025_2026,Bostar,Referral,"Interim study relating to insurance coverage practices and policies and reimbursement structures for access to nonopioid treatment options to address opioid use, overdose outcomes, and access to care across Nebraska",https://nebraskalegislature.gov/bills/view_bill.php?DocumentID=65815,2026,65815,https://nebraskalegislature.gov/FloorDocs/109/PDF/Intro/LR482.pdf
LR0483,2025_2026,Sanders,Adopted,"Express appreciation to Wilson Munsterman for sharing his insights and congratulate him on the success of his book, ""Marked by Adoption"".",https://nebraskalegislature.gov/bills/view_bill.php?DocumentID=65086,2026,65086,https://nebraskalegislature.gov/FloorDocs/109/PDF/Intro/LR483.pdf
LR0484,2025_2026,McKinney,Adopted,Congratulate Imani Skanes on winning the women's long jump at the National Association of Intercollegiate Athletics Indoor Track and Field Championships and becoming the first national champion in the history of the College of Saint Mary athletic program,https://nebraskalegislature.gov/bills/view_bill.php?DocumentID=65496,2026,65496,https://nebraskalegislature.gov/FloorDocs/109/PDF/Intro/LR484.pdf
LR0485,2025_2026,Prokop,Adopted,Congratulate Uzziah Sanders for earning the Gatorade Player of the Year Award,https://nebraskalegislature.gov/bills/view_bill.php?DocumentID=65999,2026,65999,https://nebraskalegislature.gov/FloorDocs/109/PDF/Intro/LR485.pdf
LR0486,2025_2026,"Meyer, G.",Adopted,Congratulate the Pender Lady Pendragons for winning the 2026 Class C-2 Girls State Basketball Championship title and for winning four straight girls basketball championship titles spanning over two classifications,https://nebraskalegislature.gov/bills/view_bill.php?DocumentID=66001,2026,66001,https://nebraskalegislature.gov/FloorDocs/109/PDF/Intro/LR486.pdf
LR0487,2025_2026,Hallstrom,Adopted,Congratulate Hadley Mazzulla on winning the 2026 Class B Girls State 105-pound Championship title,https://nebraskalegislature.gov/bills/view_bill.php?DocumentID=66071,2026,66071,https://nebraskalegislature.gov/FloorDocs/109/PDF/Intro/LR487.pdf
LR0488,2025_2026,Hallstrom,Adopted,Congratulate Haylee Trew on winning the 2026 Class B Girls State 100-pound Championship title,https://nebraskalegislature.gov/bills/view_bill.php?DocumentID=66070,2026,66070,https://nebraskalegislature.gov/FloorDocs/109/PDF/Intro/LR488.pdf
LR0489,2025_2026,Hardin,Adopted,Congratulate the Scottsbluff High School Boys Basketball Team on winning the 2026 Class B State Championship,https://nebraskalegislature.gov/bills/view_bill.php?DocumentID=66004,2026,66004,https://nebraskalegislature.gov/FloorDocs/109/PDF/Intro/LR489.pdf
LR0490,2025_2026,Storer,Adopted,Congratulate Brody Jensen on winning the 2026 Class D Boys State Wrestling Championship in the 132-pound division,https://nebraskalegislature.gov/bills/view_bill.php?DocumentID=65819,2026,65819,https://nebraskalegislature.gov/FloorDocs/109/PDF/Intro/LR490.pdf
LR0491,2025_2026,Storer,Adopted,Congratulate Drew Dawe on winning the 2026 Class D Boys State Wrestling Championship in the 138-pound division,https://nebraskalegislature.gov/bills/view_bill.php?DocumentID=65820,2026,65820,https://nebraskalegislature.gov/FloorDocs/109/PDF/Intro/LR491.pdf
LR0492,2025_2026,"Cavanaugh, J.",Adopted,Congratulate Creighton University men's basketball head coach Greg McDermott on his retirement and his accomplishments at Creighton University and Wayne State College,https://nebraskalegislature.gov/bills/view_bill.php?DocumentID=66003,2026,66003,https://nebraskalegislature.gov/FloorDocs/109/PDF/Intro/LR492.pdf
LR0493,2025_2026,Jacobson,Adopted,Congratulate Jeff and Shae Caldwell for earning the Nebraska Business Development Center Champion of Small Business 2025 award,https://nebraskalegislature.gov/bills/view_bill.php?DocumentID=66002,2026,66002,https://nebraskalegislature.gov/FloorDocs/109/PDF/Intro/LR493.pdf
LR0494,2025_2026,Storer,Adopted,Congratulate Chris Bitner for being awarded the 2026 Nebraska Library Association's Outstanding Volunteer Award,https://nebraskalegislature.gov/bills/view_bill.php?DocumentID=65818,2026,65818,https://nebraskalegislature.gov/FloorDocs/109/PDF/Intro/LR494.pdf
LR0495,2025_2026,Juarez,,Congratulate Nancy Kratky on twenty-five years of service to the Omaha Public School Board and for her service as a teacher for more than thirty-three years,https://nebraskalegislature.gov/bills/view_bill.php?DocumentID=66000,2026,66000,https://nebraskalegislature.gov/FloorDocs/109/PDF/Intro/LR495.pdf
LR0496,2025_2026,Hughes,,Congratulate the YMCA for one hundred and seventy-five years of service to the nation and one hundred sixty years of service to Nebraska communities,https://nebraskalegislature.gov/bills/view_bill.php?DocumentID=66005,2026,66005,https://nebraskalegislature.gov/FloorDocs/109/PDF/Intro/LR496.pdf
LR0497,2025_2026,DeKay,,"Congratulate the 2025-26 Nebraska FFA Association State Officers for their leadership, dedication, and service to the State of Nebraska",https://nebraskalegislature.gov/bills/view_bill.php?DocumentID=66103,2026,66103,https://nebraskalegislature.gov/FloorDocs/109/PDF/Intro/LR497.pdf
LR0498,2025_2026,McKinney,,Congratulate the Omaha North High Magnet School girls basketball team on earning the 2026 Class A Basketball State Championship runner-up title,https://nebraskalegislature.gov/bills/view_bill.php?DocumentID=66072,2026,66072,https://nebraskalegislature.gov/FloorDocs/109/PDF/Intro/LR498.pdf
LR0499,2025_2026,Bostar,,Recognize the month of May 2026 as National Asthma and Allergy Awareness Month,https://nebraskalegislature.gov/bills/view_bill.php?DocumentID=66116,2026,66116,https://nebraskalegislature.gov/FloorDocs/109/PDF/Intro/LR499.pdf
LR0500,2025_2026,Clouse,,Recognize and commend Hot Meals for its rapid and sustained volunteer disaster response during the 2026 Nebraska wildfire emergency,https://nebraskalegislature.gov/bills/view_bill.php?DocumentID=66344,2026,66344,https://nebraskalegislature.gov/FloorDocs/109/PDF/Intro/LR500.pdf
LR0501,2025_2026,Clouse,,"Congratulate and honor Dr. Neal H. Schnoor on his investiture as the tenth Chancellor of the University of Nebraska at Kearney and commend his lifelong dedication to the students, faculty, and communities of Nebraska",https://nebraskalegislature.gov/bills/view_bill.php?DocumentID=66294,2026,66294,https://nebraskalegislature.gov/FloorDocs/109/PDF/Intro/LR501.pdf
LR0502,2025_2026,Murman,,Congratulate the City of Clay Center for earning Nebraska Rural Water Association's 2026 Best Tasting Drinking Water award,https://nebraskalegislature.gov/bills/view_bill.php?DocumentID=66308,2026,66308,https://nebraskalegislature.gov/FloorDocs/109/PDF/Intro/LR502.pdf
LR0503,2025_2026,Murman,,Recognize Coach Russ Ninemire's fifty years of dedication to Nebraska students and support for girls' athletics,https://nebraskalegislature.gov/bills/view_bill.php?DocumentID=65811,2026,65811,https://nebraskalegislature.gov/FloorDocs/109/PDF/Intro/LR503.pdf
LR0504,2025_2026,Murman,,Recognize and honor Pryce Sandfort and Braden Frager and their families for their contributions to Nebraska basketball and the continuation of a proud District 38 legacy,https://nebraskalegislature.gov/bills/view_bill.php?DocumentID=66307,2026,66307,https://nebraskalegislature.gov/FloorDocs/109/PDF/Intro/LR504.pdf
LR0505,2025_2026,Sanders,,Express and extend its sympathy and condolences to the family of Master Sergeant Noah Lee Tietjens,https://nebraskalegislature.gov/bills/view_bill.php?DocumentID=66006,2026,66006,https://nebraskalegislature.gov/FloorDocs/109/PDF/Intro/LR505.pdf
LR0506,2025_2026,"Banking, Commerce and Insurance Committee",Referral,"Interim study to examine how public funds are deposited, held, and invested, and to evaluate the economic impacts of current public-fund investment practices on local communities throughout Nebraska",https://nebraskalegislature.gov/bills/view_bill.php?DocumentID=66054,2026,66054,https://nebraskalegislature.gov/FloorDocs/109/PDF/Intro/LR506.pdf
LR0507,2025_2026,Arch,,"Commend Coach Fred Hoiberg for building a successful men's basketball program, for serving as a mentor and role model for his team, and for being a leader in the Nebraska community",https://nebraskalegislature.gov/bills/view_bill.php?DocumentID=66122,2026,66122,https://nebraskalegislature.gov/FloorDocs/109/PDF/Intro/LR507.pdf
LR0508,2025_2026,Guereca,,Congratulate Jake Guentzel for being selected to Team USA and for helping Team USA Hockey earn the gold medal for the United States of America,https://nebraskalegislature.gov/bills/view_bill.php?DocumentID=65816,2026,65816,https://nebraskalegislature.gov/FloorDocs/109/PDF/Intro/LR508.pdf
LR0509,2025_2026,Storer,,Congratulate Deloris Marshall Adamson for being inducted into the Nebraska Sandhills Cowboy Hall of Fame,https://nebraskalegislature.gov/bills/view_bill.php?DocumentID=66453,2026,66453,https://nebraskalegislature.gov/FloorDocs/109/PDF/Intro/LR509.pdf
LR0510,2025_2026,Arch,,Thank Carol Koranda for her exceptional service and commitment to the Legislature and the State of Nebraska and congratulate her on her distinguished career and well-deserved retirement,https://nebraskalegislature.gov/bills/view_bill.php?DocumentID=66262,2026,66262,https://nebraskalegislature.gov/FloorDocs/109/PDF/Intro/LR510.pdf
LR0511,2025_2026,Arch,,Thank Marcia McClurg for her service to the Legislature and the State of Nebraska and congratulate her on her career and well-deserved retirement,https://nebraskalegislature.gov/bills/view_bill.php?DocumentID=66158,2026,66158,https://nebraskalegislature.gov/FloorDocs/109/PDF/Intro/LR511.pdf
