bill_id,ga_num,term,session,companion_bill_id,sponsor,cosponsors,companion_sponsor,title,abstract,fiscal_summary,summary,bill_url
HB7001,113th,2023_2024,SS1,SB7068,Thompson,Clemmons,Akbari,"AN ACT to amend Tennessee Code Annotated, Title 39, Chapter 14; Title 39, Chapter 17 and Chapter 445 of the Public Acts of 2023, relative to firearm safety.","Firearms and Ammunition - As introduced, specifies that classes that qualify as training for issuance of an enhanced handgun carry permit or concealed handgun carry permit must include training on the use of gun locks. - Amends TCA Title 39, Chapter 14; Title 39, Chapter 17 and Chapter 445 of the Public Acts of 2023.",NOT SIGNIFICANT,Abstract summarizes the bill.,http://wapp.capitol.tn.gov/apps/BillInfo/default.aspx?BillNumber=HB7001&GA=113
HB7002,113th,2023_2024,SS1,SB7001,Lamberth,"Lynn, Littleton, Helton-Haynes, Sherrell, Alexander, Kumar, Slater, Hardaway, Cepicky, Crawford, White, Raper, Garrett, Zachary, Baum, Terry",Haile,"AN ACT to amend Tennessee Code Annotated, Title 39; Title 49 and Chapter 367 of the Public Acts of 2023, relative to safety precautions taken in response to potential active shooter situations.","Safety - As introduced, requires each LEA, public charter school, private school, and church-related school to develop a policy to direct how students, teachers, substitute teachers, and staff are to respond when a fire alarm is activated on school premises outside of a scheduled fire drill to protect students, teachers, substitute teachers, and staff in the event the fire alarm was activated due to the presence of an active shooter on school premises. - Amends TCA Title 39; Title 49 and Chapter 367 of the Public Acts of 2023.",NOT SIGNIFICANT,"Present law provides that each school safety team, private school, and church-related school must annually conduct at least one armed intruder drill, incident command drill, and emergency safety bus drill. Present law requires that the results of such drills must be maintained by the school for a minimum of five years; and made available to a local law enforcement agency with jurisdiction and the department of education or the department of safety upon request, if the drill was conducted by a school safety team. In addition to the above requirements, this bill requires each LEA, public charter school, private school, and church-related school to develop a policy to direct how students, teachers, substitute teachers, and staff are to respond when a fire alarm is activated on school premises outside of a scheduled fire drill to protect students, teachers, substitute teachers, and staff in the event the fire alarm was activated due to the presence of an active shooter on school premises. This bill also requires each LEA, and to the extent applicable, each public charter school, to coordinate with its district-wide school safety team and building-level school safety team to incorporate the policy in its district-wide school safety plan and building-level school safety plan. This bill provides that each policy must be implemented no later than January 1, 2024, and must be annually reviewed and updated, if necessary, to ensure that the policy reflects best practices for the safety of students, teachers, substitute teachers, and staff. ON AUGUST 24, 2023, THE HOUSE ADOPTED AMENDMENT #1 AND PASSED HOUSE BILL 7002, AS AMENDED. AMENDMENT #1 rewrites this bill to require, instead, the following: (1) Each LEA, public charter school, private school, and church-related school to develop a procedure for determining the cause of a fire alarm activation, including the potential for an active shooter event. The procedure must be developed in consultation with local fire and law enforcement officers and must comply with applicable fire and building codes. The procedure must include response procedures for students and school staff, including substitute teachers and other part-time staff and school volunteers, after a determination is made regarding whether the emergency situation involves a fire, an active shooter, or other incident. Each LEA, public charter school, private school, and church-related school must annually train all school staff, including substitute teachers and other part-time staff and school volunteers, on the safety procedure developed pursuant to this bill; (2) Each LEA, and to the extent applicable, each public charter school, to coordinate with its district-wide school safety team and building-level school safety team to incorporate the procedure developed pursuant to this bill in its district-wide school safety plan and building-level school safety plan; and (3) Each procedure developed pursuant to this bill to be implemented no later than January 1, 2024, and to be annually reviewed and updated, if necessary, to ensure the procedure reflects best practices for the safety of students and school staff, including substitute teachers and other part-time staff and school volunteers.",http://wapp.capitol.tn.gov/apps/BillInfo/default.aspx?BillNumber=HB7002&GA=113
HB7003,113th,2023_2024,SS1,SB7058,Lamberth,"Howell, Russell, Sherrell, Hardaway, Haston, Towns, Crawford, White, Helton-Haynes, Littleton, Gillespie, Carringer, Raper, Keisling, Zachary, Hawk, Sparks, Whitson, Davis",Rose,"AN ACT to amend Tennessee Code Annotated, Title 36 and Title 39, relative to lifetime orders of protection.","Orders of Protection - As introduced, expands the eligibility for filing a petition to obtain a lifetime order of protection to include victims of aggravated stalking and especially aggravated stalking. - Amends TCA Title 36 and Title 39.",NOT SIGNIFICANT,"ON AUGUST 24, 2023, THE HOUSE ADOPTED AMENDMENT #1 AND PASSED HOUSE BILL 7003, AS AMENDED. AMENDMENT #1 adds that a person who is subject to a lifetime order of protection, issued pursuant to this bill, due to a conviction for aggravated stalking or especially aggravated stalking may petition the court that issued the lifetime order of protection for relief from any prohibition on purchasing or possessing a firearm if the person has been granted any of the following with regard to the conviction that was the basis for the lifetime order of protection: (1) The person has been pardoned; (2) The person's conviction has been expunged; or (3) The person's civil rights have been restored and the restoration order does not specifically prohibit the person from possessing firearms.",http://wapp.capitol.tn.gov/apps/BillInfo/default.aspx?BillNumber=HB7003&GA=113
HB7004,113th,2023_2024,SS1,SB7081,Lamberth,"Sherrell, Hardaway, Crawford, White, Sparks, Alexander, Raper, Howell",Stevens,"AN ACT to amend Tennessee Code Annotated, Title 8, Chapter 8 and Title 33, relative to release from certain facilities.","Mental Health & Substance Abuse Services, Dept. of - As introduced, requires the court or chief officer of a mental health facility that orders the release of a person from the mental health facility to notify the law enforcement agency that transported the person to the mental health facility of the person's release. - Amends TCA Title 8, Chapter 8 and Title 33.",NOT SIGNIFICANT,"As of October 1, 2023, this bill requires the applicable court or chief officer of a mental health facility (""chief officer"") that orders the release of a person from the mental health facility to notify the law enforcement agency that transported the person to the mental health facility of the person's release as described below.NOTICE OF RELEASE OR TRANSFER PRIOR TO PROBABLE CAUSE HEARING Present law provides that, if the defendant is released or transferred due to no longer meeting standards for admission for inpatient treatment before the probable cause hearing, then the chief officer must notify the court that ordered the defendant's emergency diagnosis, evaluation, and treatment. This bill also requires the chief officer to notify, if applicable, the law enforcement agency that transported the person of the release.NOTICE OF RELEASE IF PROBABLE CAUSE FINDINGS NOT MADE BY COURT Present law requires the court to order the release of a person from the hospital or treatment resource and terminate proceedings under law, if the court does not find both that there is probable cause to believe that (1) the person is subject to involuntary care and treatment under judicial commitment; and (2) that, if involuntary treatment is not continued, then the person's condition resulting from mental illness or serious emotional disturbance is likely to deteriorate rapidly to the point that the person would be again admissible. This bill adds that, if the court orders the person's release as provided above, then the court must notify the law enforcement agency that transported the person of the release.NOTICE OF RELEASE IF CHIEF OFFICER DETERMINES CERTIFICATES NOT SUPPORTED Present law provides that, if the chief officer determines that the person's condition does not support the filing of certificates of need, then the chief officer must release the person. The chief officer must generally release the person five days from the date of the general sessions court's original order to hold the person, unless the general sessions court has ordered the person 's further care and treatment under law or the person has been committed under law. The chief officer must also release the person no later than 15 days after the probable cause hearing unless a complaint for commitment is filed within the 15-day period. This bill adds that, if the chief officer releases the person as provided above, then the chief officer must notify the law enforcement agency that transported the person of the release.NOTICE OF RELEASE TO THE COMMITTING COURT Present law provides that, if, after considering the reports of the physicians and other relevant information, the chief officer determines that the person is eligible for discharge and that the discharge is not subject to judicial review, then the chief officer must order the immediate release of the person and notify the committing court. This bill also requires the chief officer to notify, if applicable, the law enforcement agency that transported the person of the release. Present law also provides that when the chief officer determines that the person is otherwise eligible under law for discharge, the chief officer must notify the committing court of that conclusion, of the basis for it, and, if discharge is due to a release from hospitalization subject to outpatient treatment, of the outpatient treatment plan approved by the releasing facility and the qualified mental health professional for the person. The clerk must then send a copy of that complete notice and plan to the person's counsel and to the district attorney general for the jurisdiction in which the committing court is located. This bill also requires the clerk to send, if applicable, the notice and plan to the law enforcement agency that transported the person.",http://wapp.capitol.tn.gov/apps/BillInfo/default.aspx?BillNumber=HB7004&GA=113
HB7005,113th,2023_2024,SS1,SB7004,Bulso,"Todd, Capley, Fritts, Zachary, McCalmon, Cepicky",Hensley,"AN ACT to amend Tennessee Code Annotated, Title 49, Chapter 1 and Title 49, Chapter 50, relative to private schools.","Schools, Private - As introduced, clarifies that a private school serving students in any of the grades pre-kindergarten through twelve is authorized to adopt a handgun carry policy for the private school's property. - Amends TCA Title 49, Chapter 1 and Title 49, Chapter 50.",NOT SIGNIFICANT,Abstract summarizes the bill.,http://wapp.capitol.tn.gov/apps/BillInfo/default.aspx?BillNumber=HB7005&GA=113
HB7006,113th,2023_2024,SS1,SB7005,Cepicky,,Hensley,"AN ACT to amend Tennessee Code Annotated, Title 33, Chapter 1, Part 3, relative to allocating mental health services throughout the state.","Mental Health & Substance Abuse Services, Dept. of - As introduced, authorizes the department to direct available state funds to contract with additional private service providers across the state to provide inpatient psychiatric services for uninsured individuals in this state; requires the department to report to the speakers of both houses on whether additional inpatient psychiatric services are needed in the City of Knoxville and whether additional state funds should be expended for the construction of a state-owned and -operated inpatient psychiatric facility in the City of Knoxville.   - Amends TCA Title 33, Chapter 1, Part 3.",Other Fiscal Impact - The Department of Mental Health and Substance Abuse Services will require additional appropriations or utilization of future reversions of state funds in order to contract for inpatient psychiatric services. The timing and extent of any future available reversions or the necessity for additional appropriations cannot be reasonably determined.,Abstract summarizes the bill.,http://wapp.capitol.tn.gov/apps/BillInfo/default.aspx?BillNumber=HB7006&GA=113
HB7007,113th,2023_2024,SS1,SB7090,Lamberth,"Bulso, Alexander, Rudder, McCalmon, Kumar, Carringer, Hakeem, Hardaway, Sherrell, Burkhart, McKenzie, Leatherwood, Slater, Crawford, Eldridge, Todd, Terry, Helton-Haynes, Hale, Zachary, Littleton, Howell, Hicks T, Martin G, Hurt, Garrett, Gillespie, Marsh, Raper, Moon, Whitson, Baum, Vital, White",Johnson,"AN ACT to amend Tennessee Code Annotated, Title 10, Chapter 7; Title 38; Title 39 and Title 40, relative to minor victims of violent crime.","Autopsies - As introduced, specifies that reports of county medical examiners and autopsy reports of victims of violent crime who are minors are not public documents; allows a parent or legal guardian of a minor victim of a violent crime to consent to the release of the report of the county medical examiner or autopsy report of the minor victim if the parent or legal guardian is not a suspect in the circumstances of the minor's death. - Amends TCA Title 10, Chapter 7; Title 38; Title 39 and Title 40.",NOT SIGNIFICANT,"Under present law, the reports of the county medical examiners, toxicological reports, and autopsy reports are generally public documents. Medical records of deceased persons, law enforcement investigative reports, and photographs, video and other images of deceased persons are not public records. Present law authorizes a court to order that parts of a report of a county medical examiner, toxicological report, or autopsy report to remain confidential if the release of such information may seriously impede or impair the investigation of a homicide or felony. This bill changes present law by designating as confidential the reports of county medical examiners and autopsy reports of victims of violent crime who are minors. Under this bill, such records may be released if: (1) The minor's parent or legal guardian is not a suspect in the circumstances of the minor's death and the parent or legal guardian consents to the release; or (2) A court orders the release of the report upon a showing of good cause. ON AUGUST 24, 2023, THE HOUSE ADOPTED AMENDMENT #1 AND PASSED HOUSE BILL 7007, AS AMENDED. AMENDMENT #1 rewrites this bill to change present law by designating as confidential the reports of county medical examiners and autopsy reports of a minor victim when the manner of death is deemed homicide. Under this bill, such records may be released if: (1) The minor's parent or legal guardian is not a suspect in the circumstances of the minor's death and the parent or legal guardian consents to the release; or (2) A court orders the release of the report upon a showing of good cause, which includes, but is not limited to, release of the records for the investigation of a potential wrongful conviction.",http://wapp.capitol.tn.gov/apps/BillInfo/default.aspx?BillNumber=HB7007&GA=113
HB7008,113th,2023_2024,SS1,SB7078,Zachary,"Moon, Grills, Sherrell, Hardaway, Todd, Howell, Cochran",Massey,"AN ACT to amend Tennessee Code Annotated, Section 33-3-206, relative to duties required of mental health professionals.","Mental Illness - As introduced, requires a qualified mental health professional or behavior analyst to take certain steps to warn or protect an identified victim or group of people when the professional determines that a service recipient has made an actual threat of bodily harm or has an intention to commit such harm; provides immunity from civil, criminal, and regulatory liability for a professional who takes reasonable action to provide such warning or protection. - Amends TCA Section 33-3-206.",NOT SIGNIFICANT,"Present law requires a professional to take reasonable care to predict, warn of, or take precautions to protect an identified victim from a service recipient's violent behavior if, and only if, (i) the recipient has communicated to the qualified mental health professional or behavior analyst an actual threat of bodily harm against a clearly identified victim and (ii) the professional, using the reasonable skill, knowledge, and care ordinarily possessed and exercised by the professional's specialty under similar circumstances, has determined or reasonably should have determined that the recipient has the apparent ability to commit such an act and is likely to carry out the threat unless prevented from doing so. This bill rewrites the above provisions to provide, instead that, the professional or analyst must (i) take reasonable care to predict, warn of, or take precautions to protect the identified victim or group of people from a service recipient's violent behavior and (ii) report the threat to the department of mental health and substance abuse services or the local law enforcement agency with jurisdiction over the municipality or county of residence of the recipient if, and only if: (1) The recipient has communicated to the professional or analyst (i) an intent for or perceived actual threat of bodily harm against a clearly identified victim or (ii) an intent for or perceived actual threat of bodily harm against a group of people, including, but not limited to, students at a day care or school, people at a place of worship, and members of the recipient's family; and (2) The professional or analyst, using the reasonable skill, knowledge, and care ordinarily possessed and exercised by the professional's or analyst's specialty under similar circumstances, has determined or reasonably should have determined that the recipient has the apparent ability to commit such an act. This bill clarifies that a professional or analyst who acts or makes a reasonable attempt to act in accordance with this bill is not liable for damages in a civil action, subject to prosecution in a criminal proceeding, or subject to disciplinary action by a regulatory board for such act or reasonable attempt to act. ON AUTUST 28, 2023, THE HOUSE ADOPTED AMENDMENT #1 AND PASSED HOUSE BILL 7008, AS AMENDED. AMENDMENT #1 makes the duty to warn dependent on a service recipient's communication of an intent for an actual threat of bodily harm, so that the duty is not triggered by communication of a perception of a threat. This amendment removes prediction of violent behavior as a component of the duty to warn. This amendment revises the duty to report to require that, once the duty is triggered, the provider must report the threat to: (1) The local law enforcement agency with jurisdiction over the municipality or county of residence of the service recipient; or (2) If the threat is general and not imminent or clearly identified, 988, or local crisis response service.",http://wapp.capitol.tn.gov/apps/BillInfo/default.aspx?BillNumber=HB7008&GA=113
HB7009,113th,2023_2024,SS1,SB7052,Gillespie,,Kyle,"AN ACT to amend Tennessee Code Annotated, Title 49; Title 56; Title 63; Title 68 and Title 71, relative to mental healthcare professionals student loan repayment.","Scholarships and Financial Aid - As introduced, establishes a mental healthcare professionals student loan repayment grant program to incentivize certain mental healthcare providers to provide services in this state. - Amends TCA Title 49; Title 56; Title 63; Title 68 and Title 71.","Increase State Expenditure - $21,850,000/FY24-25 ----- Exceeds $21,850,000/FY25-26 and Subsequent Years","As of January 1, 2024, this bill creates a mental healthcare professionals student loan repayment grant program (""program"") to incentivize certain mental healthcare professionals to provide mental health services in this state following completion of their training. The bill provides that the creation of the program is subject to specific appropriations of funds by the general assembly.PRACTITIONER ELIGIBILITY This bill provides that in order to be eligible for a loan repayment grant pursuant to the program, an individual must: (1) Be a physician licensed pursuant to the laws of this state, with expertise in psychiatry as determined by training, education, or experience and whose practice is primarily limited to psychiatry; a psychologist licensed pursuant to the laws of this state and designated as a health service provider pursuant to the laws of this state; or a licensed professional counselor designated as a mental health service provider and certified to practice trauma therapy; (2) Have an outstanding student loan balance that resulted from medical education; (3) Apply to the department of health for a grant on forms provided by the department; and (4) Enter into a contract with the department of health stating the individual must (i) provide mental health services in this state for at least six years within the eight years following the date of application approval; (ii) accept TennCare or private insurance for services provided to patients for the entire term of the contract; and (iii) use the grant funds only to repay eligible educational loans.STUDENT ELIGIBILITY This bill authorizes an individual to apply for a grant while in training to become a licensed psychiatrist, psychologist, or professional counselor, but prohibits the individual from receiving a grant until the individual completes all necessary training to be a licensed provider and satisfies the eligibility requirements listed above for practitioners. In order to be eligible to apply while in training, this bill requires the individual to be a student who meets the following criteria: (1) Has graduated from an accredited medical school and is actively enrolled in a psychiatry residency training program; (2) Is training to become a psychologist and is actively completing one year of post-doctoral experience; or (3) Is actively completing the two years of postgraduate supervised experience required to become a licensed professional counselor designated as a mental health service provider and is certified to practice trauma therapy.ADMINISTRATION AND PAYMENT This bill requires the department of health to administer the program and establish an application and contract process. The department must issue program monies to pay mental healthcare professionals student loan repayment grants to qualifying individuals for the amount of principal, interest, and related expenses of the individual's medical school educational loans, not to exceed the individual's total student loan indebtedness. This bill provides that an individual who receives a student loan repayment grant and breaches the contract by failing to comply with any of the requirements described above is liable for liquidated damages in an amount equal to the amount that would be owed for default and all other penalties as determined and authorized by the department. This bill authorizes the department to retain legal counsel and commence whatever actions necessary to collect grant payments and charges if there is a default or a breach of a contract. However, this bill also authorizes the department to waive the liquidated damages if the department determines that death or permanent physical disability accounted for the failure of the participant to fulfill the contract. This bill also authorizes the department to prescribe additional conditions for default, cancellation, waiver, or suspension.ANNUAL REPORT This bill requires the department to provide an annual report to the governor, the chair of the education administration committee of the house of representatives, and the chair of the education committee of the senate specifying the number of individuals applying for and receiving grants, and making any recommendations for program improvements.RULEMAKING AUTHORITY This bill authorizes the department, in consultation with the Tennessee student assistance corporation (TSAC), the board of medical examiners, board of osteopathic examination, the board of professional counselors, and the board of examiners in psychology, to promulgate rules to effectuate this bill.",http://wapp.capitol.tn.gov/apps/BillInfo/default.aspx?BillNumber=HB7009&GA=113
HB7010,113th,2023_2024,SS1,SB7072,Parkinson,Clemmons,Akbari,"AN ACT to amend Tennessee Code Annotated, Title 39, relative to firearms offenses involving minors.","Firearms and Ammunition - As introduced, creates the Class D felony of knowingly inducing or coercing a minor under 18 to commit theft of a firearm or a robbery or burglary offense involving theft of a firearm. - Amends TCA Title 39.","Increase State Expenditures – $1,610,300 Incarceration",Abstract summarizes the bill.,http://wapp.capitol.tn.gov/apps/BillInfo/default.aspx?BillNumber=HB7010&GA=113
HB7011,113th,2023_2024,SS1,SB7071,Parkinson,Clemmons,Akbari,"AN ACT to amend Tennessee Code Annotated, Title 39, relative to mass violence.","Criminal Offenses - As introduced, makes a person who illegally transfers a firearm to a minor criminally responsible for any resulting act of mass violence or a threat of mass violence in which the minor threatens to use the firearm. - Amends TCA Title 39.","Increase State Expenditures - $77,100 Incarceration",Abstract summarizes the bill.,http://wapp.capitol.tn.gov/apps/BillInfo/default.aspx?BillNumber=HB7011&GA=113
HB7012,113th,2023_2024,SS1,SB7085,Lamberth,"Cochran, White, Sparks, Thompson, Baum, McCalmon, Bulso, Whitson, Hardaway, Haston, Towns, Zachary, Hicks T",Johnson,"AN ACT to amend Tennessee Code Annotated, Title 39, Chapter 17, Part 13 and Title 67, Chapter 6, Part 3, relative to firearm safety.","Firearms and Ammunition - As enacted, directs the department of safety to provide free firearm locks to Tennessee residents upon request, subject to appropriations; requires department-approved handgun safety courses to contain instruction on the safe storage of firearms; exempts the retail sale of firearm safes and firearm safety devices from sales and use taxes beginning November 1, 2023. - Amends TCA Title 39, Chapter 17, Part 13 and Title 67, Chapter 6, Part 3.","Decrease State Revenue – Net Impact - $1,022,800/FY23-24----- $1,534,200/FY24-25 and Subsequent Years----- Increase State Expenditures – $7,500/FY26-27 and Subsequent Years----- ----- Decrease Local Revenue – Net Impact - $416,500/FY23-24----- $624,700/FY24-25 and Subsequent Years","ON AUGUST 23, 2023, THE SENATE ADOPTED AMENDMENT #1 AND PASSED SENATE BILL 7085, AS AMENDED. AMENDMENT #1 clarifies that the requirement of the department of safety to provide free firearm locks to a Tennessee resident upon the resident's request is subject to appropriations.COURSE REQUIREMENT FOR CONCEALED HANDGUN CARRY PERMIT Present law requires the department to determine that a firearms training or safety course or class meets the requirements for a concealed handgun carry permit if, amongst meeting other criteria, the course or class curriculum conveys the basic knowledge and skills necessary for safe handling and storage of firearms and ammunition and includes firearm safety rules, handgun uses, features, basic skills and techniques, safe cleaning, transportation, and storage methods. The bill changed ""storage methods"" in the prior provision to ""safe storage methods"". This amendment clarifies that, despite the above change, a course that was approved by the department prior to October 1, 2023, may continue to provide instruction in the same manner under which the course was previously approved. Further, a person who has obtained a concealed carry permit prior to October 1, 2023, is not required by this bill to take an additional handgun safety course. ON AUGUST 28, 2023, THE HOUSE SUBSTITUTED SENATE BILL 7085 FOR HOUSE BILL 7012, ADOPTED AMENDMENT #2, AND PASSED SENATE BILL 7085, AS AMENDED. AMENDMENT #2 incorporates the changes made by Senate Amendment #1 and adds that the department's safety campaign dedicated to safe firearm storage be created using funds specifically appropriated for that purpose during the 2023-2024 fiscal year. This amendment also adds a statement of legislative intent that $1,100,000 be appropriated for the department's public safety campaign dedicated to safe firearm storage.",http://wapp.capitol.tn.gov/apps/BillInfo/default.aspx?BillNumber=HB7012&GA=113
HB7013,113th,2023_2024,SS1,SB7086,Lamberth,"Cochran, Farmer, Hardaway, Cepicky, Todd, Howell, Martin G, Whitson, Littleton, Bulso, Ragan, Alexander",Johnson,"AN ACT to amend Tennessee Code Annotated, Title 16, Chapter 18 and Title 18, Chapter 4, relative to notification to the Tennessee bureau of investigation of final disposition of criminal proceedings.","Clerks, Court - As enacted, changes from 30 days to 72 hours the time frame within which a clerk of the circuit or general sessions court must notify the TBI of the final disposition of criminal proceedings against a person after final disposition of such proceedings; requires the clerk to notify the TBI of the final disposition of such proceedings by electronic submission; requires the clerk of the municipal court, when exercising concurrent general sessions court jurisdiction, to notify the TBI by electronic submission of the final disposition of such proceedings against a person no later than 72 hours after final disposition of such proceedings. - Amends TCA Title 16, Chapter 18 and Title 18, Chapter 4.",NOT SIGNIFICANT,"ON AUGUST 23, 2023, THE SENATE ADOPTED AMENDMENT #1 AND PASSED SENATE BILL 7086, AS AMENDED. AMENDMENT #1 makes the following changes to this bill: (1) Changes from 72 hours to three business days, the time frame within which a clerk of the circuit or general sessions court must notify the TBI of the final disposition of criminal proceedings against a person after final disposition of such proceedings; and (2) Changes from 72 hours to three business days after final disposition, the time frame within which the clerk of the municipal court, when exercising concurrent general sessions court jurisdiction, must notify the TBI by electronic submission of the final disposition of such proceedings against a person. ON AUGUST 24, 2023, THE HOUSE SUBSTITUTED SENATE BILL 7086 FOR HOUSE BILL 7013, AND RESET SENATE BILL 7086. ON AUGUST 28, 2023, THE HOUSE FURTHER CONSIDERED SENATE BILL 7086, ADOPTED AMENDMENT #2, AND PASSED SENATE BILL 7086, AS AMENDED. AMENDMENT #2 removes the changes made by Senate Amendment #1.",http://wapp.capitol.tn.gov/apps/BillInfo/default.aspx?BillNumber=HB7013&GA=113
HB7014,113th,2023_2024,SS1,,Lamberth,"Cochran, Hawk",,"AN ACT to amend Tennessee Code Annotated, Section 71-5-107, relative to TennCare members receiving services in an institution for mental diseases.","TennCare - As introduced, requires the commissioner of finance and administration to obtain a TennCare new demonstration waiver or amendment to provide medical assistance to members who are receiving care in an institution for mental diseases. - Amends TCA Section 71-5-107.",Not Available,Abstract summarizes the bill.,http://wapp.capitol.tn.gov/apps/BillInfo/default.aspx?BillNumber=HB7014&GA=113
HB7015,113th,2023_2024,SS1,SB7087,Lamberth,"Cochran, Helton-Haynes, Eldridge, Moon, Gillespie, Alexander, Whitson, Howell, Rudder, Bricken, Littleton",Johnson,"AN ACT to amend Tennessee Code Annotated, Section 40-35-321, relative to persons arrested for the commission of a felony offense.","Criminal Procedure - As introduced, expands, from certain violent offenses to any felony offense, the offenses for which a person who has been arrested is required to have a biological specimen taken for the purpose of DNA analysis to determine identification characteristics specific to the person if probable cause exists for the arrest. - Amends TCA Section 40-35-321.","Increase State Expenditures - $2,783,000/FY23-24----- $3,604,000/FY24-25 and Subsequent Years-----Other Fiscal Impact – Increasing DNA sample testing will result in an increase in the total number of individuals incarcerated in state and local facilities as well as the length of time an individual is housed within a state or local facility. The extent and timing of any increases in state or local expenditures cannot reasonably be determined with any certainty but could be significant.",Abstract summarizes the bill.,http://wapp.capitol.tn.gov/apps/BillInfo/default.aspx?BillNumber=HB7015&GA=113
HB7016,113th,2023_2024,SS1,SB7002,Cochran,,Haile,"AN ACT to amend Tennessee Code Annotated, Title 39, Chapter 17, Part 3 and Title 40, Chapter 11, relative to mass violence.","Criminal Offenses - As introduced, creates the criminal offense of recklessly, by any means of communication, threatening to commit an act of mass violence; requires the court to determine whether a defendant charged with threatening to commit an act of mass violence is a threat to the public prior to release on bail. - Amends TCA Title 39, Chapter 17, Part 3 and Title 40, Chapter 11.","Increase State Expenditures – $2,766,900 Incarceration ----- $508,300/FY23-24/General Fund ----- $1,016,600/FY24-25 and Subsequent Years/General Fund -----Decrease Local Expenditures – $3,400/FY23-24 ----- $6,800/FY24-25 and Subsequent Years","As of January 1, 2024, this bill creates an offense for a person who recklessly, by any means of communication, threatens to commit an act of mass violence and the threat causes a reasonable expectation or reasonable fear of the imminent commission of an act of mass violence. As used in this bill, ""means of communication"" means direct and indirect verbal, written, or electronic communications, including graffiti, pictures, diagrams, telephone calls, voice over internet protocol calls, video messages, voicemail, electronic mail, social media posts, instant messages, chat group posts, text messages, and any other recognized means of conveying information.PENALTY This bill classifies this new offense generally as a Class E felony. The classification is raised to a Class D felony if the following conditions exist: (1) The violation involves a threat to commit an act of mass violence (i) on the property of a school, house of worship, or federal, state, or local government; (ii) at a live performance or event; or (iii) at a place that is open to the public and averages 250 or more visitors per day; (2) The defendant has one or more prior convictions for a violation of this bill or a threat of mass violence on school property or at school-related activity; or (3) The defendant has taken a substantial step toward carrying out an act of mass violence. As used in this bill, ""school"" means any public or private day school, preschool, elementary school, middle school, high school, college of applied technology, postsecondary vocational or technical school, or two-year or four-year college or university. This bill provides that, in addition to any other penalty authorized by law, a sentencing court may order a person convicted under this bill to pay restitution, including costs and damages resulting from the disruption of the normal activity that would have otherwise occurred but for the threat to commit an act of mass violence.BAIL Generally, when a defendant has been arrested or held to answer for any bailable offense, the defendant is entitled to be admitted to bail by the committing magistrate, by any judge of the circuit or criminal court, or by the clerk of any circuit or criminal court. However, this bill specifies that when a defendant has been arrested or held to answer for the offense of threatening to commit an act of mass violence as described in this bill, then the defendant may be admitted to bail only by a judge of the general sessions, circuit, or criminal court. This bill provides that, prior to release on bail, the court must determine whether the defendant is a threat to the public. The department of safety must create a behavioral risk assessment, which may be used by the court in determining whether the defendant is a threat to the public. The court may consider evidence or testimony from law enforcement officers, the district attorney general, or any other appropriate person in making such a determination. This bill further provides that, as a condition of bail or other pretrial release, the court must order the defendant to undergo an evaluation to determine whether the defendant poses a substantial likelihood of serious harm to the defendant's self or others, which may result in the initiation of proceedings for judicial commitment, if appropriate.",http://wapp.capitol.tn.gov/apps/BillInfo/default.aspx?BillNumber=HB7016&GA=113
HB7017,113th,2023_2024,SS1,SB7037,Davis A,Clemmons,Oliver,"AN ACT to amend Tennessee Code Annotated, Title 39, relative to stalking.","Criminal Offenses - As introduced, increases the penalty by one classification for the offenses of stalking, aggravated stalking, or especially aggravated stalking if the offense was committed because of the victim's status as a healthcare provider who performs abortions and classifies the offense as a hate crime. - Amends TCA Title 39.","Increase State Expenditures – $23,600 Incarceration----- Decrease Local Expenditures – $1,400/FY23-24----- $1,800/FY24-25 and Subsequent Years",Abstract summarizes the bill.,http://wapp.capitol.tn.gov/apps/BillInfo/default.aspx?BillNumber=HB7017&GA=113
HB7018,113th,2023_2024,SS1,SB7038,Davis A,Clemmons,Oliver,"AN ACT to amend Tennessee Code Annotated, Title 39, relative to certain stalking offenses.","Criminal Offenses - As introduced, increases the penalty by one classification for the offenses of stalking, aggravated stalking, or especially aggravated stalking if the offense was committed because of the victim's status as a healthcare provider who provides gender-affirming care and classifies the offense as a hate crime. - Amends TCA Title 39.","Increase State Expenditures - $23,600 Incarceration----- Decrease Local Expenditures – $1,400/FY23-24----- $1,800/FY24-25 and Subsequent Years",Abstract summarizes the bill.,http://wapp.capitol.tn.gov/apps/BillInfo/default.aspx?BillNumber=HB7018&GA=113
HB7019,113th,2023_2024,SS1,SB7035,Davis A,Clemmons,Oliver,"AN ACT to amend Tennessee Code Annotated, Title 39, relative to criminal acts of mass violence.","Criminal Offenses - As introduced, creates the Class B felony of knowingly committing an act of mass violence against another; states that the offense is a hate crime, which shall be punished one classification higher than otherwise provided if the defendant committed the act of mass violence against the other person due to the person's status as a healthcare provider who provides gender-affirming care. - Amends TCA Title 39.","Increase State Expenditures – $58,600 Incarceration",Abstract summarizes the bill.,http://wapp.capitol.tn.gov/apps/BillInfo/default.aspx?BillNumber=HB7019&GA=113
HB7020,113th,2023_2024,SS1,SB7034,Davis A,Clemmons,Oliver,"AN ACT to amend Tennessee Code Annotated, Title 39, relative to acts of mass violence.","Criminal Offenses - As introduced, creates the Class B felony of knowingly committing an act of mass violence against another; states that the offense is a hate crime, which shall be punished one classification higher than otherwise provided if the defendant committed the act of mass violence against the other person due to the person's status as a healthcare provider who performs abortions. - Amends TCA Title 39.","Increase State Expenditures - $58,600 Incarceration",Abstract summarizes the bill.,http://wapp.capitol.tn.gov/apps/BillInfo/default.aspx?BillNumber=HB7020&GA=113
HB7021,113th,2023_2024,SS1,SB7036,Davis A,Clemmons,Oliver,"AN ACT to amend Tennessee Code Annotated, Title 39, relative to threats of mass violence.","Criminal Offenses - As introduced, creates the Class E felony of knowingly threatening to commit an act of mass violence against another and frightening the other person; classifies the offense as a hate crime, to be punished one classification higher than otherwise provided, if the offense was committed due to the other person's status as a healthcare provider who provides gender-affirming care. - Amends TCA Title 39.","Increase State Expenditures - $2,321,700 Incarceration",Abstract summarizes the bill.,http://wapp.capitol.tn.gov/apps/BillInfo/default.aspx?BillNumber=HB7021&GA=113
HB7022,113th,2023_2024,SS1,SB7033,Davis A,Clemmons,Oliver,"AN ACT to amend Tennessee Code Annotated, Title 39, relative to mass violence.","Criminal Offenses - As introduced, creates the Class E felony of threatening to commit an act of mass violence against another; classifies a violation of threats of mass violence as a hate crime, which must be punished one classification higher than otherwise provided, if the defendant threatened to commit the act of mass violence against the other person due to the person's status as a healthcare provider who performs abortions. - Amends TCA Title 39.","Increase State Expenditures - $2,321,700 Incarceration",Abstract summarizes the bill.,http://wapp.capitol.tn.gov/apps/BillInfo/default.aspx?BillNumber=HB7022&GA=113
HB7023,113th,2023_2024,SS1,SB7015,Cepicky,"Todd, Howell",Hensley,"AN ACT to amend Tennessee Code Annotated, Title 8; Title 37; Title 38; Title 49 and Title 62, relative to law enforcement at schools.","Law Enforcement - As introduced, authorizes a law enforcement agency to assign a law enforcement officer to serve as a school resource officer at a school within a local board of education's control that has not entered into a memorandum of understanding with a law enforcement agency to assign a school resource officer to the school. - Amends TCA Title 8; Title 37; Title 38; Title 49 and Title 62.","Other Fiscal Impact – The Appropriations Act of 2023 allocated recurring funding of $140,000,000 for SRO Program Grants. As of August 2023, $64,575,000 in SRO Program Grants have been issued. To the extent that additional SRO Program Grants are awarded, there will be an increase in state expenditures from the SRO Grant Fund. The net local fiscal impact is estimated to be not significant.","Starting with the 2023-2024 school year, and continuing with each school year thereafter, this bill provides that, if a local board of education has not entered into a memorandum of understanding (MOU) with a law enforcement agency to assign a school resource officer at each school within the local board of education's control, then a law enforcement agency with jurisdiction may assign at least one law enforcement officer to serve as a school resource officer (SRO) at the school to increase the protection and safety of students and school personnel during regular school hours when children are present on the school's premises, as well as during school-sponsored events. This bill authorizes such an officer assigned to a school to possess and carry a firearm on the grounds of the school at which the officer is assigned. This bill provides that, if a law enforcement officer is assigned to a school as described above, then the chief of the law enforcement agency that assigned the law enforcement officer must notify the director of schools and the principal of the school of the following: (1) The officer's assignment; (2) The policies of the officer's employing law enforcement agency that the officer must follow; (3) Procedures for communication among the LEA, officers, and local law enforcement agencies; (4) A description of any policies, procedures, or other requirements that the officer must follow when responding to an emergency on school grounds; (5) A procedure for addressing complaints against the officer; and (6) The officer's assigned schedule at a school in the LEA. This bill prohibits an LEA from impeding on the duties of an officer who is assigned to a school as described above. ON AUGUST 28, 2023, THE HOUSE ADOPTED AMENDMENT #1 AND PASSED HOUSE BILL 7023, AS AMENDED. AMENDMENT #1 makes the following changes to this bill: (1) Adds that, if a law enforcement officer is assigned to a school pursuant to this bill, then the chief of the law enforcement agency that assigned the law enforcement officer must notify the director of schools and the principal of the school of whether the officer carries a firearm; and (2) Clarifies that a law enforcement officer who is assigned to a school pursuant to this bill does not need the joint written authorization of the director of schools in conjunction with the principal of the school to carry or possess a firearm on school property.",http://wapp.capitol.tn.gov/apps/BillInfo/default.aspx?BillNumber=HB7023&GA=113
HB7024,113th,2023_2024,SS1,,Bulso,Gant,,"AN ACT to amend Tennessee Code Annotated, Title 4; Title 49 and Title 68, relative to school safety.","Safety - As introduced, requires each public and private school facility to be equipped with an alarm system to be used in cases of an active shooter; requires the department of education to provide grants to local education agencies and private school operators to cover the cost of the installation and maintenance of the system. - Amends TCA Title 4; Title 49 and Title 68.",Not Available,Abstract summarizes the bill.,http://wapp.capitol.tn.gov/apps/BillInfo/default.aspx?BillNumber=HB7024&GA=113
HB7025,113th,2023_2024,SS1,SB7021,Todd,,Jackson,"AN ACT to amend Tennessee Code Annotated, Title 33, relative to mental health.","Mental Illness - As introduced, adds categories of victims and geographic targets that are the subject of threats communicated by a service recipient as targets that require certain actions by a qualified mental health professional or behavior analyst; requires reports of certain information about communicated threats to be reported to local law enforcement; makes certain other changes regarding reporting requirements by mental health professionals to whom threats are communicated by service recipients. - Amends TCA Title 33.",NOT SIGNIFICANT,"As described below, this bill alters the duty that certain mental health professionals have to warn or take precautions to protect certain victims from a service recipient's violent behavior.DUTY TO WARN OR TAKE PRECAUTIONS Present law requires a professional to take reasonable care to predict, warn of, or take precautions to protect the identified victim from the service recipient's violent behavior if, and only if, the following circumstances exist: (1) The service recipient has communicated to a qualified mental health professional or behavior analyst an actual threat of bodily harm against a clearly identified victim; and (2) The professional, using the reasonable skill, knowledge, and care ordinarily possessed and exercised by the professional's specialty under similar circumstances, has determined or reasonably should have determined that the service recipient has the apparent ability to commit such an act and is likely to carry out the threat unless prevented from doing so.This bill amends (1) above to provide, instead, the following: (1) The service recipient (i) has communicated to a qualified mental health professional or behavior analyst an actual threat of bodily or physical harm against a clearly identified victim, including a category of victims or a specific geographic target or (ii) has communicated to a qualified mental health professional or behavior analyst to a reasonable degree of certainty, a probable threat of bodily or physical harm against a clearly identified victim, including a category of victims or a specific geographic target. This bill amends the duty imposed to provide, instead, that the professional or analyst must take reasonable care to predict, warn of, or take precautions to protect the clearly identified victim, including any category of victims or specific geographic targets, from the service recipient's planned or potential violent behavior.DISCHARGE OF DUTY Present law provides that the duty, as described above, may be discharged by the professional or service provider by doing the following: (1) Informing the clearly identified victim of the threat; (2) Having the service recipient admitted on a voluntary basis to a hospital; (3) Taking steps to seek admission of the service recipient to a hospital or treatment resource on an involuntary basis; or (4) Pursuing a course of action consistent with current professional standards that will discharge the duty. This bill adds that the professional or provider may also discharge the duty by informing the applicable law enforcement agency, as described below.REPORTING TO LOCAL LAW ENFORCEMENT Present law provides that, if a service recipient has communicated to a qualified mental health professional or behavior analyst an actual threat of serious bodily harm or death against a reasonably identifiable victim or victims, then the qualified mental health professional or behavior analyst, using the reasonable skill, knowledge, and care ordinarily possessed and exercised by the professional's specialty under similar circumstances, who has determined or reasonably should have determined that the service recipient has the apparent ability to commit such an act and is likely to carry out the threat unless prevented from doing so, must immediately report the service recipient to local law enforcement, who shall take appropriate action based upon the information reported. This bill also requires reporting if there is communicated, to a reasonable degree of certainty, a probable threat of serious bodily or physical harm or death against a reasonably identifiable victim, category of victims, or geographic target. Present law requires the professional or analyst to report certain information in situations as described above. This bill adds to the present list of information the following: (1) The names or identities of any reasonably identifiable potential victims, categories of victims, or geographic targets to the extent such information was communicated by the service recipient or reasonably inferable from the communications of the service recipient; and (2) A detailed statement of the service recipient's communications or actions which warrant reporting under this section.CONFIDENTIALITY PROTECTION This bill clarifies that information provided pursuant to the above provisions, the confidentiality of which is protected by other statutes or regulations, is declared protected by this bill.",http://wapp.capitol.tn.gov/apps/BillInfo/default.aspx?BillNumber=HB7025&GA=113
HB7026,113th,2023_2024,SS1,SB7092,Zachary,,Reeves,"AN ACT to amend Tennessee Code Annotated, Title 16; Title 33; Title 34; Title 37; Title 38 and Title 39, relative to juveniles.","Courts, Juvenile - As introduced, requires a court that makes mental health adjudications regarding children to enter a standing and continuing order instructing the juvenile court clerk to collect and report certain information regarding children who have been adjudicated as a mental defective or judicially committed to a mental institution within three business days for the purposes of complying with federal law. - Amends TCA Title 16; Title 33; Title 34; Title 37; Title 38 and Title 39.","Increase State Expenditures – $10,000/FY23-24","This bill requires a court in which juvenile commitments to a mental institution are ordered, or juveniles are adjudicated as a mental defective, to enter a standing and continuing order instructing the juvenile court clerk to collect and report as soon as practicable, but no later than the third business day following the date of such an order or adjudication, information described below regarding children who have been adjudicated as a mental defective or judicially committed to a mental institution at 16 or older for the purposes of complying with certain federal law. This bill requires the following information to be collected and reported to the Federal Bureau of Investigation-NICS Indices and the department of safety: (1) Complete name and all aliases of the child judicially committed or adjudicated as a mental defective, including, but not limited to, any names that the child may have had or currently has by reason of marriage or otherwise; (2) Case or docket number of the judicial commitment or the adjudication as a mental defective; (3) Date judicial commitment ordered or adjudication as a mental defective was made; (4) Private or state hospital or treatment resource to which the child was judicially committed; (5) Date of birth of the child judicially committed or adjudicated as a mental defective, if such information has been provided to the clerk; (6) Race and sex of the child judicially committed or adjudicated as a mental defective; and (7) Social security number of the child judicially committed or adjudicated as a mental defective, if available. This bill clarifies that the information described above must be maintained as confidential and is not subject to public inspection pursuant to applicable statutes or regulations, except for such use as may be necessary in the conduct of certain proceedings pursuant to law concerning verification of criminal violation information, law concerning the sales of dangerous weapons, or law regarding the suspension or revocation of handgun permits. Additionally, information collected and reported to the Federal Bureau of Investigation-NICS Indices and the department of safety pursuant to subsection (b) must not be removed unless the individual receives relief from federal firearms disability under state or federal law. This bill prohibits an agency from providing to the Federal bureau of Investigation-NICS Indices, or any other national or local databases, records related to commitments to mental institutions or children adjudicated as a mental defective if the child was under 16 at the time of the commitment or adjudication. This bill requires a juvenile court to enter a standing and continuing order instructing the juvenile court clerk to notify the department of safety to update, correct, modify, or remove records following relief from firearm disabilities. The Tennessee bureau of investigation must notify and remove such records from the Federal Bureau of Investigation-NICS Indices.",http://wapp.capitol.tn.gov/apps/BillInfo/default.aspx?BillNumber=HB7026&GA=113
HB7027,113th,2023_2024,SS1,SB7080,Lamberth,"Hardaway, Crawford, Whitson, Clemmons, Ragan, Alexander, Lynn, Hale, Littleton, Helton-Haynes",Stevens,"AN ACT to amend Tennessee Code Annotated, Title 33; Title 39 and Title 40, relative to mental health evaluation and treatment for criminal defendants.","Mental Illness - As introduced, requires the state to pay the cost of a court-ordered mental health evaluation and treatment for criminal defendants who have been charged with a misdemeanor and are believed to be incompetent to stand trial or for whom there is a question about mental capacity at the time of the offense. - Amends TCA Title 33; Title 39 and Title 40.","Increase State Expenditures - $2,490,000/FY23-24 ----- $3,320,000/FY24-25 and Subsequent Years----- Decrease Local Expenditures - $1,033,500/FY23-24 ----- $1,378,000/FY24-25 and Subsequent Years","Under present law, the cost of a court-ordered mental health evaluation and treatment for a criminal defendant who is charged with a misdemeanor and who is financially unable to pay such costs is generally payable by the county. This bill transfers the responsibility for such costs from the counties to the state.",http://wapp.capitol.tn.gov/apps/BillInfo/default.aspx?BillNumber=HB7027&GA=113
HB7028,113th,2023_2024,SS1,SB7006,Gillespie,White,Walley,"AN ACT to amend Tennessee Code Annotated, Title 16; Title 18; Title 33 and Title 68, relative to notifications of mental health adjudications and commitments.","Mental Illness - As introduced, clarifies the meaning of “local law enforcement” for purposes of the required notification to law enforcement by an inpatient mental health treatment facility or hospital that a service recipient has been committed; requires the clerk of court who maintains records of the adjudication as a mental defective or judicial commitment to a mental institution of a Tennessee resident to notify the clerk of court in the county of the person’s permanent residence. - Amends TCA Title 16; Title 18; Title 33 and Title 68.",NOT SIGNIFICANT,"Present law provides that, if a service recipient is involuntarily committed to an inpatient treatment facility, then the inpatient treatment facility must report the service recipient to local law enforcement as soon as practicable, but no later than the third business day following the date of such commitment, who must report the service recipient to the Federal Bureau of Investigation-NICS Index and the department of safety as soon as practicable, but no later than the third business day following the date of receiving such notification, for the purposes of complying with federal law. This bill defines ""local law enforcement"" for purposes of the above provision to mean the municipal police or county sheriff with jurisdiction over the location where (i) the service recipient permanently resides, if the service recipient is a resident of this state or (ii) the inpatient treatment facility is located, if the service recipient is not a resident of this state.NOTICE TO COURT CLERK This bill provides that a court clerk who maintains records of the adjudication as a mental defective or judicial commitment to a mental institution pursuant to provisions of law relative to judicial procedures for residential treatment and review of transfers of a person who is a resident of this state must send notice of the adjudication or commitment to the clerk of court in the county of the person's permanent residence no later than five business days after the date adjudication as a mental defective is made or judicial commitment is ordered.REPORTING BY HOSPITAL Present law provides that, if a patient is involuntarily committed to inpatient treatment at a licensed hospital, then the hospital must report the service recipient to local law enforcement as soon as practicable, but no later than the third business day following the date of such commitment, who must report the service recipient to the Federal Bureau of Investigation-NICS Index and the department of safety as soon as practicable, but no later than the third business day following the date of receiving such notification, for the purposes of complying with federal law. This bill defines ""local law enforcement"" for purposes of the above provision to mean the municipal police or county sheriff with jurisdiction over the location where (i) the service recipient permanently resides, if the service recipient is a resident of this state or (ii) the inpatient treatment facility is located, if the service recipient is not a resident of this state.",http://wapp.capitol.tn.gov/apps/BillInfo/default.aspx?BillNumber=HB7028&GA=113
HB7029,113th,2023_2024,SS1,SB7010,Littleton,,Jackson,"AN ACT to amend Tennessee Code Annotated, Title 37; Title 39 and Title 40, relative to juvenile offenders.","Juvenile Offenders - As introduced, requires juvenile offenders 16 years of age or more who are alleged to have committed certain offenses and meeting certain other criteria to be transferred to adult criminal court for disposition as if the juvenile were an adult. - Amends TCA Title 37; Title 39 and Title 40.","Increase State Expenditures – $7,649,400 Incarceration----- $12,000,000/FY23-24----- ----- Decrease State Expenditures – Net Impact - ----- $16,484,400/FY24-25 and Subsequent Years----- ----- Decrease Federal Expenditures – $1,978,300/FY24-25 and Subsequent Years","Present law authorizes the transfer of juveniles who are alleged to have committed a delinquent act that would be a criminal offense if committed by an adult from the juvenile court to criminal court. Such authorization is dependent on the juvenile's age and the offense alleged to have been committed. Prior to any such transfer, present law requires that the court conduct a hearing and consider certain factors to determine whether there is probable cause to believe that: (1) The child committed the delinquent act as alleged; (2) The child is not committable to an institution for the developmentally disabled or mentally ill; and (3) The interests of the community require that the child be put under legal restraint or discipline. This bill deletes from present law a statement of legislative intent that children shall not be transferred to criminal court due to a lack of appropriate resources for effective treatment and rehabilitation in the juvenile justice system. This bill makes the transfer of a juvenile to criminal court mandatory if: (1) The juvenile was 16 or more but less than 18 at the time of the alleged conduct; (2) The juvenile was charged with theft of a firearm or a criminal offense that was committed while the juvenile was in possession of a firearm; and (3) A probable cause hearing is held after proper notice is given. A court conducting a probable cause hearing under this bill will not be required to find probable cause that community interests require the child to be put under legal restraint or discipline. The district attorney general shall not seek, nor shall any child transferred under this bill receive, a sentence of death or mandatory life without the possibility of parole for the offense for which the child was transferred.",http://wapp.capitol.tn.gov/apps/BillInfo/default.aspx?BillNumber=HB7029&GA=113
HB7030,113th,2023_2024,SS1,SB7062,Grills,"Zachary, Kumar, Bulso, Littleton, Moon, Gant, Lamberth, Cochran, Todd, Martin B, McCalmon",Rose,"AN ACT to amend Tennessee Code Annotated, Title 37; Title 39 and Chapter 264 of the Public Acts of 2023, relative to acts committed by juveniles.","Juvenile Offenders - As introduced, expands the offenses for which a juvenile court may transfer a child to be tried as an adult in criminal court, if the child was 16 years of age or more at the time of the offense, to include burglary involving the theft of a firearm or an attempt to commit such offense; adds an appeal process for a criminal court to review a juvenile court's determination for such transfers. - Amends TCA Title 37; Title 39 and Chapter 264 of the Public Acts of 2023.",NOT SIGNIFICANT,"Present law generally provides that, after a petition has been filed alleging delinquency based on conduct that is designated a crime or public offense under the laws of this state, the court, before hearing the petition on the merits, may transfer the child to the sheriff of the county to be held and to be dealt with as an adult in the criminal court of competent jurisdiction. The disposition of the child must be as if the child were an adult if certain circumstances apply. One such circumstance is that the child was 16 or more at the time of the alleged conduct; and was either (i) charged with the offense of robbery or attempt to commit robbery or (ii) confined in a youth development center approved, certified, or licensed by the department of children's services, and charged with escape therefrom. For acts committed on or after October 1, 2023, this bill rewrites that provision to provide, instead, that it applies to a child who was 16 or more at the time of the alleged conduct and was charged with the offense of robbery, burglary involving theft of a firearm, or attempt to commit any such offense.PROCESS This bill requires the criminal court, or court having criminal jurisdiction, to review a juvenile court's determination pursuant to the new circumstance described above upon motion by either party. If appealed, the clerk of the juvenile court must file the record on appeal no later than 15 days after the entry of the juvenile court's order. This bill requires the criminal court or court having criminal jurisdiction to conduct a de novo review of the juvenile court's determination, and the court's review must be expedited. The review by the criminal court or court having criminal jurisdiction is a review of the record only and must be conducted without an evidentiary hearing. This bill requires the state to serve and file a brief no later than 15 days after the date on which the record is filed with the clerk of the criminal court or court having criminal jurisdiction. Counsel for the child must serve and file a brief within 15 days after the state's brief is filed with the clerk. Reply briefs are not permitted. The criminal court or court having criminal jurisdiction must issue a decision within 45 days after the date on which the record is filed with the clerk of the criminal court or court having criminal jurisdiction. If an appeal is filed, then the juvenile court's jurisdiction over the alleged delinquent conduct under de novo review by the criminal court or court having criminal jurisdiction is automatically stayed until the review by the criminal court or court having criminal jurisdiction is completed.",http://wapp.capitol.tn.gov/apps/BillInfo/default.aspx?BillNumber=HB7030&GA=113
HB7031,113th,2023_2024,SS1,SB7061,Grills,"Zachary, Kumar, Bulso, Littleton, Moon, Gant, Lamberth, Cochran, Todd",Rose,"AN ACT to amend Tennessee Code Annotated, Title 37; Title 39 and Chapter 264 of the Public Acts of 2023, relative to juvenile justice.","Juvenile Offenders - As introduced, expands the offenses for which a juvenile court may transfer a child to be tried as an adult in criminal court, if the child was 16 or older at the time of the offense, to include theft of a firearm or attempt to commit theft of a firearm; adds an appeal process for a criminal court to review a juvenile court's determination for such transfers. - Amends TCA Title 37; Title 39 and Chapter 264 of the Public Acts of 2023.",NOT SIGNIFICANT,"Present law generally provides that, after a petition has been filed alleging delinquency based on conduct that is designated a crime or public offense under the laws of this state, the court, before hearing the petition on the merits, may transfer the child to the sheriff of the county to be held and to be dealt with as an adult in the criminal court of competent jurisdiction. The disposition of the child must be as if the child were an adult if certain circumstances apply. One such circumstance is that the child was 16 or more at the time of the alleged conduct; and was either (i) charged with the offense of robbery or attempt to commit robbery or (ii) confined in a youth development center approved, certified, or licensed by the department of children's services, and charged with escape therefrom. For acts committed on or after October 1, 2023, this bill rewrites that provision to provide, instead, that it applies to a child who was 16 or more at the time of the alleged conduct and was charged with the offense of robbery, theft of a firearm, or attempt to commit any such offense.PROCESS This bill requires the criminal court, or court having criminal jurisdiction, to review a juvenile court's determination pursuant to the new circumstance described above upon motion by either party. If appealed, the clerk of the juvenile court must file the record on appeal no later than 15 days after the entry of the juvenile court's order. This bill requires the criminal court or court having criminal jurisdiction to conduct a de novo review of the juvenile court's determination, and the court's review must be expedited. The review by the criminal court or court having criminal jurisdiction is a review of the record only and must be conducted without an evidentiary hearing. This bill requires the state to serve and file a brief no later than 15 days after the date on which the record is filed with the clerk of the criminal court or court having criminal jurisdiction. Counsel for the child must serve and file a brief within 15 days after the state's brief is filed with the clerk. Reply briefs are not permitted. The criminal court or court having criminal jurisdiction must issue a decision within 45 days after the date on which the record is filed with the clerk of the criminal court or court having criminal jurisdiction. If an appeal is filed, then the juvenile court's jurisdiction over the alleged delinquent conduct under de novo review by the criminal court or court having criminal jurisdiction is automatically stayed until the review by the criminal court or court having criminal jurisdiction is completed.",http://wapp.capitol.tn.gov/apps/BillInfo/default.aspx?BillNumber=HB7031&GA=113
HB7032,113th,2023_2024,SS1,SB7091,Sexton,"Williams, Zachary, Grills, Hardaway, Harris, Crawford, Hicks T, White, Terry, Martin B, Whitson, Littleton, Vital, Alexander, Helton-Haynes, Howell",Reeves,"AN ACT to amend Tennessee Code Annotated, Title 8; Title 33; Title 56 and Title 71, relative to parity in coverage for mental health services.","Insurance, Health, Accident - As introduced, requires health insurance carriers, including TennCare providers, to provide mental health services and treatment to the same extent that the carriers and providers provide alcoholism and drug dependence services and treatment. - Amends TCA Title 8; Title 33; Title 56 and Title 71.",NOT SIGNIFICANT,"Generally, present law requires an individual or group health benefit plan issued by a health insurance carrier to provide coverage for mental health or alcoholism or drug dependency services in compliance with the federal Paul Wellstone and Pete Domenici Mental Health Parity and Addiction Equity Act. This bill makes such requirement applicable to TennCare. Present law specifies that the coverage mandate for mental health or alcoholism or drug dependency services does not prohibit an employee health benefit plan, or a plan issuer offering an individual or group health plan from utilizing managed care practices for the delivery of such services, as long as that for a utilization review or benefit determination for the treatment of alcoholism or drug dependence the clinical review criteria is the most recent Treatment Criteria for Addictive, Substance-Related, and Co-Occurring Conditions established by the American Society of Addiction Medicine or other evidence-based clinical guidelines, such as those referenced by the federal substance abuse and mental health services administration. Present law prohibits the use of other criteria during utilization review or benefit determination for treatment of substance use disorders. This bill adds that additional criteria used must ensure that benefit determination for the treatment of alcoholism or drug dependence remain in parity with benefit determination for the treatment of mental health disorders. Present law provides that the mandate to provide coverage for mental health services does not apply with respect to a group health plan if the application of the mandate to the plan results in an increase in the cost under the plan of more than one percent. This bill replaces such exception with a requirement that a health benefit plan issued by a health insurance carrier must provide coverage for mental health services and treatment to the same extent that the health benefit plan provides coverage for the treatment of alcoholism and drug dependence. This bill makes some changes to the department of commerce and insurance's reporting and educational requirements to reflect the requirement for parity in coverage for mental health services and alcoholism and drug dependency services. This bill removes a provision of present law that authorizes certain health insurance policies and plans to exclude coverage for psychiatric disorders, mental or nervous conditions, alcoholism, drug dependence, or the medical complication of mental illness or intellectual disability. Present law generally requires that every insurer that proposes to issue a group hospital policy or a group major medical policy in this state and every nonprofit hospital and medical service plan corporation that proposes to issue group hospital, medical or major medical service plan contracts that provide coverage for the insured or the subscriber, in the case of outpatient expenses at a community mental health center, make available certain benefits for the care and treatment of mental, emotional or nervous disorders, alcoholism, drug dependence or the medical complication of mental illness or intellectual disability. Present law requires that the benefits provided be subject to deductibles and coinsurance factors that are not less favorable than for physical illness generally, and in no event shall coverage be required to be made available for more than 30 outpatient visits per year. This bill instead requires that the benefits provided are subject to deductibles and coinsurance factors that are not less favorable than for physical illness or the treatment of alcoholism or substance abuse generally, and coverage is not required to be made available for more than the number of visits per year offered for the treatment of alcoholism or substance abuse. Present law requires that all group hospital and major medical policies, and all group hospital, medical and major medical service plans, that provide benefits for expenses of state residents arising from psychiatric disorders, mental or nervous conditions, alcoholism, drug dependence or medical complication of mental illness or intellectual disability, reimburse for these benefits, if any, when the benefits are provided at a facility that is: (1) With respect to outpatient benefit, a community mental health center, or (2) With respect to inpatient benefits, a community mental health center that has facilities for inpatient care and that has received a certificate of need from the Tennessee health facilities commission certifying the necessity of the facility if required by law. This bill adds a third category of facility, which is residential or other mental health treatment facility licensed under the Mental Health, Alcohol and Drug Abuse Prevention and/or Treatment, Intellectual and Developmental Disabilities, and Personal Support Services Licensure Law. This bill specifies that a group health plan issued by an entity regulated under the insurance laws of Tennessee does not have to provide mental health benefits unless the plan provides coverage for alcoholism and drug dependence. This bill specifies that a group health plan issued to a small employer (an employer having two-50 employees) by an entity regulated under the insurance laws of Tennessee, and which plan provides coverage for alcoholism and drug dependence, will not be exempt from providing mental health coverage in parity with coverage for alcoholism and drug dependence. ON AUGUST 28, 2023, THE HOUSE ADOPTED AMENDMENT #1 AND PASSED HOUSE BILL 7032, AS AMENDED. AMENDMENT #1 makes the following clarifications to this bill: (1) Clarifies that ""benefit determination,"" as used in this bill when talking about the additional criteria used to ensure that the benefit determination for the treatment of alcoholism or drug dependence remain in parity with the benefit determination for the treatment of mental health disorders, includes coverage and reimbursement; (2) Clarifies that the provision of the bill that requires a health benefit plan issued by a health insurance carrier to provide coverage for mental health services and treatment to the same extent that the health benefit plan provides coverage for the treatment of alcoholism and drug dependence also includes the provision of reimbursement; (3) Clarifies that the provision of this bill that makes changes to the department of commerce and insurance's reporting and educational requirements to reflect the requirement for parity in coverage for mental health services and alcoholism and drug dependency services must also reflect parity in the rates of reimbursement; (4) Clarifies that the provision of this bill that provides that coverage is not required to be made available for more than the number of visits per year offered for the treatment of alcoholism or substance abuse also applies to reimbursement; (5) Clarifies that the provision of this bill that specifies that a group health plan issued by a regulated entity does not have to provide mental health benefits unless the plan provides coverage for alcoholism and drug dependence, also requires the plan to provide reimbursement for alcoholism and drug dependence; and (6) Clarifies that the provision of this bill that specifies that a group health plan issued to a small employer (an employer having two-50 employees) by a regulated entity, and which plan provides coverage for alcoholism and drug dependence, will not be exempt from providing mental health coverage in parity with coverage for alcoholism and drug dependence, also requires reimbursement to remain in parity.",http://wapp.capitol.tn.gov/apps/BillInfo/default.aspx?BillNumber=HB7032&GA=113
HB7033,113th,2023_2024,SS1,SB7028,Sexton,White,Taylor,"AN ACT to amend Tennessee Code Annotated, Title 40, relative to bail.","Bail, Bail Bonds - As introduced, requires a bail hearing, which must be open to the public, before a defendant who has been arrested or held to answer for a bailable offense may be admitted to bail.   - Amends TCA Title 40.",NOT SIGNIFICANT,Abstract summarizes the bill.,http://wapp.capitol.tn.gov/apps/BillInfo/default.aspx?BillNumber=HB7033&GA=113
HB7034,113th,2023_2024,SS1,SB7077,Sexton,"Lamberth, Grills, Hardaway, Todd, McCalmon, Gillespie, Littleton, Moon",Rose,"AN ACT to amend Tennessee Code Annotated, Title 36; Title 39, Chapter 13; Section 39-17-315; Title 40, Chapter 11; Chapter 349 of the Public Acts of 2023 and Chapter 413 of the Public Acts of 2023, relative to stalking.","Criminal Offenses - As introduced, raises from a Class A misdemeanor to a Class E felony knowingly violating an order of protection or a restraining order issued due to domestic abuse when based on stalking; raises the classification range for stalking from a Class A misdemeanor or Class E felony to a Class E or D felony; raises the classification of aggravated stalking from a Class E to a Class D felony; requires a court to order a mental health assessment of a defendant's need for mental health treatment if convicted of a stalking offense, at cost to the defendant unless indigent; requires the sentence to include the defendant undergoing treatment and monitoring of drug intake if the assessment indicates that the defendant is in need of and amenable to treatment. - Amends TCA Title 36; Title 39, Chapter 13; Section 39-17-315; Title 40, Chapter 11; Chapter 349 of the Public Acts of 2023 and Chapter 413 of the Public Acts of 2023.","Increase State Expenditures – $9,766,800 Incarceration----- $397,700/FY23-24/General Fund----- $530,200/FY24-25 and Subsequent Years/General Fund----- -----Decrease Local Expenditures – $567,100/FY23-24----- $756,100/FY24-25 and Subsequent Years","ON AUGUST 28, 2023, THE HOUSE ADOPTED AMENDMENT #1 AND PASSED HOUSE BILL 7034, AS AMENDED. AMENDMENT #1 corrects a cross reference to the definition of ""stalking"".",http://wapp.capitol.tn.gov/apps/BillInfo/default.aspx?BillNumber=HB7034&GA=113
HB7035,113th,2023_2024,SS1,SB7079,Sexton,"Gillespie, Terry",Massey,"AN ACT to amend Tennessee Code Annotated, Title 49, relative to student loan repayment for mental healthcare professionals.","Education - As introduced, establishes a loan forgiveness program for psychiatrists, psychologists, and counselors.   - Amends TCA Title 49.","Increase State Expenditures - $21,850,000/FY24-25----- Exceeds $21,850,000/FY25-26 and Subsequent Years","This bill establishes a mental healthcare professionals student loan repayment grant program to incentivize certain mental healthcare professionals to provide mental healthcare services in this state following completion of their training. In order to be eligible for a repayment grant under this bill an individual must: (1) Be a licensed physician with expertise in psychiatry and whose practice is primarily limited to psychiatry, a licensed psychologist designated as a health services provider, or a licensed professional counselor designated as a mental health service provider; (2) Have an outstanding student loan balance that resulted from medical education; (3) Apply to the department for a grant; and (4) Enter into a contract with the department of health stating the individual will provide mental health services in Tennessee for at least five years within the seven years following the date of application approval and use the grant funds only to repay eligible educational loans. This bill authorizes qualified individuals to apply for a grant while in training to become a licensed psychiatrist, psychologist, or professional counselor; however, the individual must not receive a grant until the individual completes all necessary training to be a licensed provider and enters a contract with the department. The full text of this bill specifies the qualifications an individual must possess in order to apply for a repayment grant while still in training. This bill requires the department of health to do the following: (1) Administer the repayment grant program and establish an application and contract process; (2) Issue program monies to pay mental healthcare professionals student loan repayment grants to qualifying individuals for the amount of principal, interest, and related expenses of the individual's medical school educational loans, not to exceed the individual's total student loan indebtedness; and (3) Provide an annual report to the governor, the chair of the education administration committee of the house of representatives, and the chair of the education committee of the senate, outlining the number of individuals applying for and awarded grants, and any recommendations for program improvements, no later than January 1 of each year. This bill prohibits retroactive awards of the grants authorized by this bill. An individual who receives a student loan repayment grant and breaches their contract with the department of health will be liable for liquidated damages in an amount equivalent to the amount that would be owed for default and any other penalties as determined and authorized by the department. This bill authorizes the department to waive the liquidated damages if it determines that death or permanent physical disability accounted for the failure of the participant to fulfill the contract. The department may prescribe additional conditions for default, cancellation, waiver, or suspension. This bill authorizes the department of health, in consultation with TSAC, the board of medical examiners, the board of osteopathic examination, the board of professional counselors, and the board of examiners in psychology, to promulgate rules to effectuate this bill. This bill takes effect upon becoming a law for rulemaking purposes and January 1, 2024, for all other purposes.",http://wapp.capitol.tn.gov/apps/BillInfo/default.aspx?BillNumber=HB7035&GA=113
HB7036,113th,2023_2024,SS1,SB7082,Sexton,"Kumar, White, Terry, Martin B",Haile,"AN ACT to amend Tennessee Code Annotated, Title 16; Title 33; Title 41 and Title 68, relative to mental health services.","Mental Health & Substance Abuse Services, Dept. of - As introduced, changes prerequisites for emergency detention and admission to a treatment facility from ""immediate"" substantial likelihood of serious harm to ""imminent"" substantial likelihood of serious harm. - Amends TCA Title 16; Title 33; Title 41 and Title 68.",NOT SIGNIFICANT,"Under present law, the standard for emergency detention of an individual for purposes of conducting an examination to determine whether to complete a certificate of need for treatment due to mental illness or serious emotional disturbance is as follows: IF AND ONLY IF (1) a person has a mental illness or serious emotional disturbance, AND (2) the person poses an immediate substantial likelihood of serious harm because of the mental illness or serious emotional disturbance, THEN (3) the person may be detained to obtain examination for certification of need for care and treatment. This bill substitutes ""imminent"" for ""immediate"" in (2) of the standard for emergency detention. This bill makes a corresponding change to the present law standard concerning involuntary admission and detention to a hospital or treatment resource for emergency diagnosis, evaluation, and treatment.",http://wapp.capitol.tn.gov/apps/BillInfo/default.aspx?BillNumber=HB7036&GA=113
HB7037,113th,2023_2024,SS1,SB7012,Davis A,Clemmons,Yarbro,"AN ACT to amend Tennessee Code Annotated, Title 8; Title 16 and Title 38, relative to criminal records.","Tennessee Bureau of Investigation - As introduced, requires that, by October 1, 2024, the bureau enter each final disposition of criminal proceedings received by the bureau into the national crime information center and any other databases maintained by the bureau for the purpose of criminal history record checks within 30 days of the bureau's receipt of the disposition from a court clerk. - Amends TCA Title 8; Title 16 and Title 38.",NOT SIGNIFICANT,Abstract summarizes the bill.,http://wapp.capitol.tn.gov/apps/BillInfo/default.aspx?BillNumber=HB7037&GA=113
HB7038,113th,2023_2024,SS1,SB7060,Gant,"Bulso, Hardaway, Chism, Towns, Crawford, Helton-Haynes, Capley, Howell, Littleton, White, Cepicky, McCalmon, Hale, Cochran, Doggett",Rose,"AN ACT to amend Tennessee Code Annotated, Title 9; Title 49 and Title 67, relative to educational expenses for school safety plans.","Education - As introduced, requires the department of education to establish a school safety alert grant program to provide grants to LEAs to offset expenses incurred by schools for the installation of school safety alert systems. - Amends TCA Title 9; Title 49 and Title 67.","Increase State Expenditures – $90,000,000/FY24-25----- -----Other Fiscal Impact – To the extent that the School Safety Alert Grant does not cover the costs for LEAs and public charter schools to install and maintain a safety alert system, an increase in local expenditures may occur. However, due to multiple unknown variables, the extent and timing of any local fiscal impact cannot be reasonably determined.","As of October 1, 2023, this bill requires the department of education to establish and administer a school safety alert grant program. This bill provides that the purpose of the program is to provide grants to LEAs and public charter schools to establish school safety alert systems in public schools.FUNDING This bill requires the creation of a separate fund within the general fund to be known as the school safety alert grant fund. The fund is composed of funds appropriated by the general assembly for the fund and gifts, grants, and other donations received by the department for the fund. Subject to the availability of funds, the department must allocate and disperse grants each fiscal year to LEAs and public charter schools. A grant is limited to $50,000 per eligible school in a fiscal year and must be awarded on a first-come, first-served basis. This bill provides that it is the legislative intent that funding in the amount of $90 million be appropriated in fiscal year 2024-2025 for awarding grants from the fund.ANNUAL REPORT On or before January 1, 2025, and by January 1 of each subsequent year, this bill requires the department to prepare a report to the general assembly regarding the funds received and payments made by the fund.RULEMAKING This bill authorizes the commissioner of education to promulgate rules to effectuate this bill. ON AUGUST 28, 2023, THE HOUSE ADOPTED AMENDMENT #1 AND PASSED HOUSE BILL 7038, AS AMENDED. AMENDMENT #1 makes the following changes to this bill: (1) Requires the alert systems funded through the grant program to be approved by the department of education in consultation with the department of safety; (2) Removes the provisions of this bill creating a separate fund within the general fund for the funds; (3) Prohibits the department of education from requiring an LEA or public charter school to include a school safety alert system in the LEA's or public charter school's school security self-assessment, district-wide school safety plan, or building-level school safety plan in order to receive a grant; and (4) Removes the provisions of this bill referring to the intended funding amount for the program and, instead, provides that the intent is that funding for a school alert grant program is funded by the unexpended balance of appropriations made for school safety grants to LEAs in prior legislation.",http://wapp.capitol.tn.gov/apps/BillInfo/default.aspx?BillNumber=HB7038&GA=113
HB7039,113th,2023_2024,SS1,SB7059,Gant,Bulso,Rose,"AN ACT to make appropriations for the purpose of defraying the expenses of the state government for the fiscal year beginning July 1, 2023, in the administration, operation, and maintenance of the legislative, executive, and judicial branches of the various departments, institutions, offices, and agencies of the state; for certain state aid and obligations; for capital outlay, for the service of the public debt, for emergency and contingency; to repeal certain appropriations and any acts inconsistent herewith; to provide provisional continuing appropriations; and to establish certain provisions, limitations, and restrictions under which appropriations may be obligated and expended.  This act makes appropriations for the purposes described above for the fiscal year beginning July 1, 2023.","Appropriations - As introduced, makes appropriations to provide funding for any legislation enacted during the first extraordinary session of the 113th General Assembly that creates a grant program to assist LEAs and public charter schools with costs for school safety alert systems. -",Not Available,Abstract summarizes the bill.,http://wapp.capitol.tn.gov/apps/BillInfo/default.aspx?BillNumber=HB7039&GA=113
HB7040,113th,2023_2024,SS1,,Lamberth,"Cochran, Faison",,"AN ACT to amend Tennessee Code Annotated, Title 63, Chapter 7, relative to psychiatric mental health nurse practitioners.","Medical Occupations - As introduced, establishes the designation of a psychiatric mental health nurse practitioner and enumerates the permitted activities for an individual with such designation. - Amends TCA Title 63, Chapter 7.",Not Available,"This bill requires the board of nursing to establish the designation of a psychiatric mental health nurse practitioner (APRN-PMHNP-BC) for a nurse practitioner who holds national specialty certification as a PMHNP-BC from the American Nurses Credentialing Center.PERMITTED ACTIVITIES Present law provides that a nurse who has been issued a certificate of fitness as a nurse practitioner must file a notice with the board, containing the name of the nurse practitioner, the name of the licensed physician collaborating with the nurse practitioner who has control and responsibility for prescriptive services rendered by the nurse practitioner, and a copy of the formulary describing the categories of legend drugs to be prescribed and/or issued by the nurse practitioner. Additionally, the nurse practitioner is responsible for updating this information. This bill provides that, notwithstanding the provisions of present law described above, a nurse practitioner who has been issued a certificate of fitness, and who has been granted the APRN-PMHNP-BC designation, may, in the course of providing psychiatric mental health services, diagnose, create a plan of care, issue orders, and prescribe drugs and other treatments without a collaborating physician. This bill takes effect upon becoming a law for purposes of promulgating rules and implementing necessary technological system changes, and January 1, 2024, for all other purposes.",http://wapp.capitol.tn.gov/apps/BillInfo/default.aspx?BillNumber=HB7040&GA=113
HB7041,113th,2023_2024,SS1,SB7088,Lamberth,"Cochran, Moody, Gant, Todd, Terry, White, McCalmon, Zachary, Martin B, Sparks, Vital, Whitson, Bulso, Ragan, Raper, Helton-Haynes, Marsh, Barrett, Grills, Howell, Boyd, Capley",Johnson,"AN ACT to amend Tennessee Code Annotated, Title 38, Chapter 6, relative to Tennessee bureau of investigation reports on the status of human trafficking.","Tennessee Bureau of Investigation - As enacted, requires the bureau to submit a report on child and human trafficking crimes and trends in this state, based upon data available to the bureau, as well as current programs and activities of the bureau's human trafficking unit, to the governor, the speaker of the house of representatives, and the speaker of the senate by December 1, 2023, and by each December 1 thereafter. - Amends TCA Title 38, Chapter 6.",NOT SIGNIFICANT,Abstract summarizes the bill.,http://wapp.capitol.tn.gov/apps/BillInfo/default.aspx?BillNumber=HB7041&GA=113
HB7042,113th,2023_2024,SS1,SB7024,Barrett,,Hensley,"AN ACT to amend Tennessee Code Annotated, Title 10, Chapter 7; Title 49 and Chapter 367 of the Public Acts of 2023, relative to school safety.","Safety, Dept. of - As introduced, requires the department to audit each public school in this state to assess its compliance with all applicable safety laws, rules, and policies designed to ensure the safety of students, staff, and visitors in the event of an active threat or active shooter situation on school premises, and to report the results of the audit to the general assembly; requires an audit of each public school no less than once every five years. - Amends TCA Title 10, Chapter 7; Title 49 and Chapter 367 of the Public Acts of 2023.",NOT SIGNIFICANT,"This bill requires the department of safety to conduct a periodic audit of each public school in this state that serves students in any of the grades pre-K-12 to assess the school's compliance with all applicable safety laws, rules, and policies that are designed to ensure the safety of students, staff, and visitors in the event of an active threat or active shooter situation on school premises, and to identify areas of noncompliance, any safety issues or concerns, and to recommend any improvements or changes to the school's security measures. This bill requires LEAs and public charter schools to allow the department full access to all school buildings, school premises, safety plans, and safety equipment while the department is conducting the audit. This bill requires the department to submit a report of each audit conducted pursuant to this bill to the general assembly no later than 90 days after the audit is complete. Initial audits must be conducted by November 1, 2025, and subsequent audits must be conducted no less than once every five years from the date of the school's most recent audit.",http://wapp.capitol.tn.gov/apps/BillInfo/default.aspx?BillNumber=HB7042&GA=113
HB7043,113th,2023_2024,SS1,SB7023,Barrett,Fritts,Hensley,"AN ACT to amend Tennessee Code Annotated, Title 39, Chapter 17, Part 13 and Title 49, relative to school safety.","Firearms and Ammunition - As introduced, authorizes persons with an enhanced handgun carry permit to carry a handgun on school property unless the person knows that the respective school provides armed security on the school property; removes certain exemptions of a law enforcement officer's authority to possess a firearm on school property; authorizes certain community corrections officers to possess a handgun on school property. - Amends TCA Title 39, Chapter 17, Part 13 and Title 49.","Other Fiscal Impact – Liability insurance expenditures for schools is estimated to increase; however, the precise amount or timing of the increase cannot be reasonably determined.","Subject to various exceptions, present law makes it a Class E felony for a person to possess or carry, with the intent to go armed, weapons, including firearms, on school property. Also, subject to various exceptions, present law makes it a Class B misdemeanor for a person to carry or possess a firearm on school property, even without the person having the intent to go armed. One of the exceptions to the above offenses is for state and local law enforcement officers, when in the discharge of their official duties. Present law authorizes an off-duty law enforcement officer to carry a firearm onto school property during regular school hours if the officer provides immediate notice to the school principal, or other administrative staff person. This bill deletes the requirement that an off-duty law enforcement officer must provide immediate notice to the school principal, or other administrative staff person when possessing a firearm on school property during regular school hours. This bill also adds an exception to the above offenses for enhanced handgun carry permit holders to carry or possess a handgun on school property, unless the board of education, school, college, or university board of trustees, regents, or directors provides armed security on the school property and the permit holder knows that the respective school provides armed security on the school property; provided, that the person carrying a handgun keeps the handgun concealed on their person and secure from unauthorized access at all times. Under present law, in Bedford, Giles, and Rutherford counties, the general authorization for law enforcement officers to carry firearms at all times only applies to law enforcement officers who are law enforcement officers for those counties or law enforcement officers for municipalities located therein. This bill adds that the exception for Bedford, Giles, and Rutherford counties does not apply if the law enforcement officer is on school grounds or inside a school building. This bill adds authorization for a community corrections officer who holds a valid Tennessee enhanced handgun carry permit to carry a handgun at all times on school property while in the course of employment and engaged in the actual discharge of official duties, except as provided by federal law or lawful orders of court. In order to carry a firearm on school property, present law generally requires that a school employee, among other things, have the joint written authorization of the director of schools in conjunction with the principal of the school. This bill prohibits an LEA that does not provide armed security from prohibiting the LEA's employees or contractors from possessing and carrying a handgun on school grounds. This bill adds similar prohibitions for public institutions of higher education, governing entities of private institutions of higher education, and governing entities of each private K-12 schools, that do not provide armed security.",http://wapp.capitol.tn.gov/apps/BillInfo/default.aspx?BillNumber=HB7043&GA=113
HB7044,113th,2023_2024,SS1,SB7017,Slater,,Haile,"AN ACT to amend Tennessee Code Annotated, Title 49, relative to school transportation.","School Transportation - As introduced, requires each local education agency to post a notice in a conspicuous place on each school bus in operation by the LEA to notify others that no person shall enter onto school buses except for those authorized; requires new bus drivers and transportation supervisors to receive training regarding procedures concerning persons improperly on school buses. - Amends TCA Title 49.",NOT SIGNIFICANT,Abstract summarizes the bill.,http://wapp.capitol.tn.gov/apps/BillInfo/default.aspx?BillNumber=HB7044&GA=113
HB7045,113th,2023_2024,SS1,SB7105,Hardaway,,Akbari,"AN ACT to amend Tennessee Code Annotated, Title 37; Title 39; Title 40 and Chapter 363 of the Public Acts of 2023, relative to juvenile justice.","Juvenile Offenders - As introduced, establishes a pilot program under which a juvenile court may retain jurisdiction over a child until the child's twenty-fifth birthday and impose a sentence upon the child that could be imposed if the offense was committed by an adult; requires any portion of the disposition imposed that extends prior to the child's twenty-fifth birthday to be stayed pending completion of requirements set forth by the court at the time of disposition. - Amends TCA Title 37; Title 39; Title 40 and Chapter 363 of the Public Acts of 2023.","Other Fiscal Impact – Due to multiple unknown factors, the extent and timing of any permissive increase in local expenditures or decrease in state incarceration expenditures cannot reasonably be determined.","This bill establishes a pilot program that will authorize a juvenile court to retain jurisdiction over certain delinquent children until their 25th birthday, in certain circumstances. Under this bill, if a child is found delinquent or pleads guilty to an offense that qualifies for transfer to an adult court, the juvenile court may retain jurisdiction over the child until the child's 25th birthday and order the child to participate in the pilot program established by this bill. Under the pilot program, the court may impose a sentence upon the child that could be imposed if the offense was committed by an adult, but may not commit the child to the custody of the department of children’s services or place the child on probation under the supervision of the department of children’s services. Any portion of the disposition imposed that extends prior to the child's 25th birthday must be stayed pending completion of requirements set forth by the court at the time of disposition. This bill further permits that at any time prior to the child's 25th birthday, a petition may be filed requesting the court find that the child has completed all requirements under the original disposition order and that the child be placed or released in a manner consistent with this bill. The request must make specific recommendations with respect to the child's placement. If, on review of the record, the court is of the opinion that the request is well-taken and the district attorney general has no objection, then the judge may order the release or placement without a hearing. Otherwise, the court will schedule a hearing at which the department, the juvenile offender, the victim, and the state must be given an opportunity to be heard in support or opposition of a proposed placement or release. Each party may subpoena witnesses to testify on an issue raised by the proposed placement or release. The court may ensure that orders pertaining to continued commitment, home placement, probation, or release as the court determines, are justified by the proof produced at the hearing. Within 30 days of the child's 25th birthday, the court will hold a hearing to determine the child's status. At that hearing, the court must make one of the following determinations: (1) That the child must be released on the child's 25th birthday with no other conditions; (2) That the child must be released and placed on probation; or (3) That the child must serve any remainder of the sentence as ordered by the court. The pilot program must be implemented in a county in which an authorizing resolution is approved by the county legislative body by two-thirds majority and must be paid for by local or grant funding. A county that approves the pilot program must submit a yearly report to the chairs of the judiciary committee of the senate and the criminal justice committee of the house detailing the number of persons sentenced pursuant to the pilot program, the cost of implementing the program, and other relevant information with regard to the pilot program.",http://wapp.capitol.tn.gov/apps/BillInfo/default.aspx?BillNumber=HB7045&GA=113
HB7046,113th,2023_2024,SS1,SB7109,Hardaway,,Akbari,"AN ACT to amend Tennessee Code Annotated, Title 37; Title 39; Title 40; Chapter 264 of the Public Acts of 2023 and Chapter 363 of the Public Acts of 2023, relative to blended sentencing.","Juvenile Offenders - As introduced, creates a pilot program under which a juvenile court may retain jurisdiction over the child who was adjudicated delinquent for an offense that was eligible to be transferred to criminal court; allows the court to impose a sentence upon the child that could be imposed if the offense was committed by an adult, but any portion of the disposition imposed that extends prior to the child's twenty-fifth birthday must be stayed pending completion of requirements set forth by the court at the time of disposition. - Amends TCA Title 37; Title 39; Title 40; Chapter 264 of the Public Acts of 2023 and Chapter 363 of the Public Acts of 2023.",Not Available,"This bill establishes a pilot program that will authorize a juvenile court to retain jurisdiction over certain delinquent children until their 25th birthday, in certain circumstances. Under this bill, if a child is found delinquent or pleads guilty to an offense that qualifies for transfer to an adult court, in a county in which the pilot program established by this bill is established, then the juvenile court may retain jurisdiction over the child until the child's 25th birthday and order the child to participate in the pilot program established by this bill. Under the pilot program, the court may impose a sentence upon the child that could be imposed if the offense was committed by an adult, but may not commit the child to the custody of the department of children’s services or place the child on probation under the supervision of the department of children’s services. Any portion of the disposition imposed that extends prior to the child's 25th birthday must be stayed pending completion of requirements set forth by the court at the time of disposition. This bill further permits that at any time prior to the child's 25th birthday, a petition may be filed requesting the court find that the child has completed all requirements under the original disposition order and that the child be placed or released. The request must make specific recommendations with respect to the child's placement. If, on review of the record, the court is of the opinion that the request is well-taken and the district attorney general has no objection, then the court may order the release or placement without a hearing. Otherwise, the court will schedule a hearing at which the department, the juvenile offender, the victim, and the state must be given an opportunity to be heard in support of or opposition to a proposed placement or release. Each party may subpoena witnesses to testify on an issue raised by the proposed placement or release. The court may ensure that orders pertaining to continued commitment, home placement, probation, or release as the court determines, are justified by the proof produced at the hearing. The pilot program must be implemented in a county in which an authorizing resolution is approved by the county legislative body by two-thirds majority and must be paid for by local or grant funding. A county that approves the pilot program must submit a yearly report to the chairs of the judiciary committee of the senate and the criminal justice committee of the house detailing the number of persons sentenced pursuant to the pilot program, the cost of implementing the program, and other relevant information with regard to the pilot program.",http://wapp.capitol.tn.gov/apps/BillInfo/default.aspx?BillNumber=HB7046&GA=113
HB7047,113th,2023_2024,SS1,SB7011,Davis A,Clemmons,Yarbro,"AN ACT to amend Tennessee Code Annotated, Title 39 and Title 55, relative to acts of mass violence.","Firearms and Ammunition - As introduced, creates a Class E felony of threatened mass violence for the reckless handling, display, or discharge of a firearm while operating, or as a passenger in, a motor vehicle. - Amends TCA Title 39 and Title 55.","Increase State Expenditures – $31,600 Incarceration",Abstract summarizes the bill.,http://wapp.capitol.tn.gov/apps/BillInfo/default.aspx?BillNumber=HB7047&GA=113
HB7048,113th,2023_2024,SS1,,Cepicky,,,"AN ACT to amend Tennessee Code Annotated, Title 33, relative to individuals authorized to complete certificates of need.","Mental Illness - As introduced, authorizes physician assistants to be designated professionals in order to complete the first certificate of need in support of hospitalization for a person when other specified professionals are not available. - Amends TCA Title 33.",NOT SIGNIFICANT,"Present law authorizes the commissioner of mental health and substance abuse services to designate certain mental health professionals to perform the responsibilities of a physician with regard to the emergency involuntary admission to inpatient treatment (including making determinations necessary for emergency detention, examinations, and issuing a certificate of need for care) for a person with a mental illness or serious emotional disturbance who poses an immediate substantial likelihood of serious harm). The professionals whom the commissioner may appoint to perform such responsibilities include the following persons who are licensed in Tennessee, if a license is required for the profession: (1) Psychiatrists; (2) Physicians with expertise in psychiatry as determined by training, education, or experience; (3) Psychologists with health service provider designation; (4) Psychological examiners and senior psychological examiners; (5) Licensed master's social workers with two years of mental health experience; (6) Licensed clinical social workers; (7) Marital and family therapists; (8) Nurses with a master's degree in nursing who function as psychiatric nurses; (9) Professional counselors; (10) If the person is providing service to service recipients who are children, any of the educational credentials in (1)-(9) plus mental health experience with children; and (11) Licensed physician assistants with a master's degree and expertise in psychiatry as determined by the department based upon training, education or experience. This bill authorizes a physician assistant, as described in (11), to perform the responsibilities of a physician with regard to the emergency involuntary admission to inpatient treatment, without having first been designated by the commissioner, when no officer authorized to make arrests in Tennessee, licensed physician, or psychologist who meets the requirements for designation is available to examine a person to determine whether to issue a certificate of need for emergency diagnosis, evaluation, and treatment.",http://wapp.capitol.tn.gov/apps/BillInfo/default.aspx?BillNumber=HB7048&GA=113
HB7049,113th,2023_2024,SS1,SB7064,Parkinson,"Clemmons, Love, Camper",Kyle,"AN ACT to amend Tennessee Code Annotated, Title 39 and Title 40, relative to offenses related to inducing or coercing a minor to commit an offense.","Criminal Offenses - As introduced, creates the Class C felony of knowingly inducing or coercing a minor under 18 to commit theft of a firearm or a robbery or burglary offense involving theft of a firearm from a residence or motor vehicle. - Amends TCA Title 39 and Title 40.","Increase State Expenditures - $2,138,500 Incarceration",This bill creates a Class C felony for a person who knowingly induces or coerces a minor under 18 to commit any of the following: (1) Theft of a firearm from a residence or a motor vehicle; (2) Robbery involving theft of a firearm from a residence or a motor vehicle; (3) Aggravated robbery involving theft of a firearm from a residence or a motor vehicle; (4) Especially aggravated robbery involving theft of a firearm from a residence or a motor vehicle; (5) Burglary involving theft of a firearm from a residence or a motor vehicle; (6) Aggravated burglary involving theft of a firearm from a residence or a motor vehicle; or (7) Especially aggravated burglary involving theft of a firearm from a residence or a motor vehicle.,http://wapp.capitol.tn.gov/apps/BillInfo/default.aspx?BillNumber=HB7049&GA=113
HB7050,113th,2023_2024,SS1,SB7063,Clemmons,Harris,Kyle,"AN ACT to amend Tennessee Code Annotated, Title 4; Title 8; Title 38 and Title 39, relative to firearm locks.","Firearms and Ammunition - As introduced, requires the department of safety to distribute firearm locks to each county's sheriff for distribution to members of the public; requires each sheriff to distribute firearm locks to any person who makes a request; authorizes the sheriff to distribute multiple locks to the same person; authorizes transfers of locks amongst sheriffs based on demand. - Amends TCA Title 4; Title 8; Title 38 and Title 39.","Increase State Expenditures - $7,500/FY26-27 and Subsequent Years",Abstract summarizes the bill.,http://wapp.capitol.tn.gov/apps/BillInfo/default.aspx?BillNumber=HB7050&GA=113
HB7051,113th,2023_2024,SS1,SB7075,Clemmons,,Akbari,"AN ACT to amend Tennessee Code Annotated, Title 4, Chapter 3; Title 9; Title 16; Title 18 and Title 37, relative to juvenile courts.","Courts, Administrative Office of the - As introduced, requires the AOC in conjunction with the department of finance and administration's office of criminal justice programs to establish an extended pilot program for the rehabilitation of juvenile offenders to be administered by clerks of juvenile courts in this state. - Amends TCA Title 4, Chapter 3; Title 9; Title 16; Title 18 and Title 37.","Increase State Expenditures – $250,161,500/Each FY23-24 through FY32-33","This bill requires the administrative office of the courts (""AOC"") in conjunction with the department of finance and administration's office of criminal justice programs to establish an extended pilot program for the rehabilitation of juvenile offenders to be administered by clerks of juvenile courts . This bill requires juvenile court clerks that serve counties that do not have an existing juvenile offender rehabilitation program that provides recreational, educational, and mentoring opportunities for juvenile offenders to establish and administer such a program in those counties in accordance with standards established for the pilot program. This bill creates the juvenile offender rehabilitation extended pilot program grant fund, which will be composed of the following: (1) Funds appropriated by the general assembly for the fund; and (2) Gifts, grants, and other donations received by the department of finance and administration or the administrative office of the courts for the fund. This bill expresses the legislative intent that funding in the amount of $250 million be appropriated each fiscal year from 2023-2024 through 2032-2033 in an appropriations act for awarding grants from the fund. Subject to the availability of funds, this bill requires the department of finance and administration via the AOC to allocate and disperse grants each fiscal year to juvenile court clerks to support the extended pilot program. This bill authorizes the commissioner of finance and administration to promulgate rules to effectuate this bill's provisions. This bill requires the AOC and the department of finance and administration to prepare an annual report to the general assembly regarding the funds received and payments made by the juvenile offender rehabilitation extended pilot program grant fund. The first report will be due by January 1, 2025.",http://wapp.capitol.tn.gov/apps/BillInfo/default.aspx?BillNumber=HB7051&GA=113
HB7052,113th,2023_2024,SS1,SB7076,Sparks,,Hensley,"AN ACT to amend Tennessee Code Annotated, Title 68, Chapter 1, Part 1, relative to reporting on availability of psychiatric inpatient resources.","Mental Health & Substance Abuse Services, Dept. of - As introduced, requires hospitals to update the psychiatric bed tracking system at least daily. - Amends TCA Title 68, Chapter 1, Part 1.",NOT SIGNIFICANT,Abstract summarizes the bill.,http://wapp.capitol.tn.gov/apps/BillInfo/default.aspx?BillNumber=HB7052&GA=113
HB7053,113th,2023_2024,SS1,SB7093,Sparks,,Reeves,"AN ACT to amend Tennessee Code Annotated, Title 67, Chapter 6, relative to taxation of gun safes and gun safety devices.","Taxes - As introduced, permanently exempts from sales and use tax, the retail sale of gun safes and gun safety devices; removes the temporary sales tax holiday.  - Amends TCA Title 67, Chapter 6.","Decrease State Revenue – Net Impact - $1,150,700/FY23-24----- $1,534,200/FY24-25 and Subsequent Years----- ----- Decrease Local Revenue – Net Impact - $468,500/FY23-24----- $624,700/FY24-25 and Subsequent Years",Abstract summarizes the bill.,http://wapp.capitol.tn.gov/apps/BillInfo/default.aspx?BillNumber=HB7053&GA=113
HB7054,113th,2023_2024,SS1,SB7083,Faison,Littleton,Haile,"AN ACT to amend Tennessee Code Annotated, Title 39, Chapter 17, Part 13, relative to firearms in motor vehicles.","Firearms and Ammunition - As introduced, exempts a person from civil liability for damages, injuries, or death resulting from or arising out of the theft of the person's firearm that is properly stored in the person's motor vehicle unless the person commits an offense involving the use of the stored firearm or intentionally solicits or procures the conduct resulting in damage, injury, or death. - Amends TCA Title 39, Chapter 17, Part 13.",NOT SIGNIFICANT,Abstract summarizes the bill.,http://wapp.capitol.tn.gov/apps/BillInfo/default.aspx?BillNumber=HB7054&GA=113
HB7055,113th,2023_2024,SS1,,Hakeem,,,"AN ACT to amend Tennessee Code Annotated, Title 29, Chapter 4; Title 37 and Title 39, relative to firearms offenses involving minors.","Criminal Offenses - As introduced, creates the Class A misdemeanor of knowingly selling, loaning, or making a gift of a firearm to a minor for the purpose of inducing or coercing the minor to commit an offense; subjects a person convicted for such offense to civil liability for any criminal act committed by the minor. - Amends TCA Title 29, Chapter 4; Title 37 and Title 39.",Not Available,Abstract summarizes the bill.,http://wapp.capitol.tn.gov/apps/BillInfo/default.aspx?BillNumber=HB7055&GA=113
HB7056,113th,2023_2024,SS1,SB7049,Hakeem,Clemmons,Campbell,"AN ACT to amend Tennessee Code Annotated, Title 36; Title 39; Chapter 349 of the Public Acts of 2023 and Chapter 413 of the Public Acts of 2023, relative to stalking.","Criminal Offenses - As introduced, expands the offense of aggravated stalking to include persons who purchase a semi-automatic rifle or attempt to use a semi-automatic rifle for the course and furtherance of stalking. - Amends TCA Title 36; Title 39; Chapter 349 of the Public Acts of 2023 and Chapter 413 of the Public Acts of 2023.","Increase State Expenditures – $17,400 Incarceration----- Decrease Local Expenditures – $1,000/FY23-24----- $1,400/FY24-25 and Subsequent Years",Abstract summarizes the bill.,http://wapp.capitol.tn.gov/apps/BillInfo/default.aspx?BillNumber=HB7056&GA=113
HB7057,113th,2023_2024,SS1,SB7108,Hardaway,,Akbari,"AN ACT to amend Tennessee Code Annotated, Title 37, Chapter 1, Part 1, relative to a blended sentencing pilot project.","Sentencing - As introduced, creates an alternative sentencing pilot program for children adjudicated delinquent who are under 25. - Amends TCA Title 37, Chapter 1, Part 1.","Other Fiscal Impact – Due to multiple unknown factors, the extent and timing of any permissive increase in local expenditures or decrease in state incarceration expenditures cannot reasonably be determined.","This bill establishes a pilot program that will authorize a juvenile court to retain jurisdiction over certain delinquent children until their 25th birthday, in certain circumstances. Under this bill, if a child is found delinquent or pleads guilty to an offense that qualifies for transfer to an adult court, the juvenile court may retain jurisdiction over the child until the child's 25th birthday and order the child to participate in the pilot program established by this bill. Under the pilot program, the court may impose a sentence upon the child that could be imposed if the offense was committed by an adult, but may not commit the child to the custody of the department of children’s services or place the child on probation under the supervision of the department of children’s services. Any portion of the disposition imposed that extends prior to the child's 25th birthday must be stayed pending completion of requirements set forth by the court at the time of disposition. This bill further authorizes, any time prior to the child's 25th birthday, the filing of a petition requesting the court find that the child has completed all requirements under the original disposition order and that the child be placed or released in a manner consistent with this bill. The request must make specific recommendations with respect to the child's placement. If, on review of the record, the court is of the opinion that the request is well-taken and the district attorney general has no objection, then the judge may order the release or placement without a hearing. Otherwise, the court will schedule a hearing at which the department of children's services, the juvenile offender, the victim, and the state must be given an opportunity to be heard in support or opposition of a proposed placement or release. Within 30 days before a child's 25th birthday, this bill requires the court to hold a hearing to determine the status of the child who is participating in the pilot program. At that hearing the court must make one of the following determinations: (1) That the child must be released on the child's 25th birthday with no other conditions; (2) That the child must be released and placed on probation; or (3) That the child must serve any remainder of the sentence as ordered by the court. The pilot program must be implemented in a county in which an authorizing resolution is approved by the county legislative body by two-thirds majority and must be paid for by local or grant funding. A county that approves the pilot program must submit an annual report concerning the pilot program to the chairs of the judiciary committee of the senate and the criminal justice committee of the house of representatives.",http://wapp.capitol.tn.gov/apps/BillInfo/default.aspx?BillNumber=HB7057&GA=113
HB7058,113th,2023_2024,SS1,SB7008,Cochran,,Haile,"AN ACT to amend Tennessee Code Annotated, Title 33, Chapter 3, Part 2, relative to special liability.","Mental Illness - As introduced, expands the statutory duty that qualified mental health professionals and licensed behavior analysts have to notify potential victims and law enforcement of an actual threat of bodily harm against a clearly identified victim made by a person receiving mental health services to apply to additional healthcare providers and include credible threats without a clearly identifiable victim. - Amends TCA Title 33, Chapter 3, Part 2.",NOT SIGNIFICANT,"As of October 1, 2023, this bill extends the statutory duty that qualified mental health professionals and behavior analysts have to notify potential victims and law enforcement of an actual threat of bodily harm against a clearly identified victim made by a person receiving mental health services to apply to all licensed physicians, nurse practitioners, and physician assistants (collectively referred to as ""health care providers"").DUTY TO PREDICT, WARN, OR TAKE PRECAUTIONS TO PROVIDE PROTECTION Present law requires a qualified mental health professional or behavior analyst to take reasonable care to predict, warn of, or take precautions to protect an identified victim from a service recipient's violent behavior if, and only if, the following occurs: (1) The service recipient has communicated to the qualified mental health professional or behavior analyst an actual threat of bodily harm against a clearly identified victim; and (2) The professional, using the reasonable skill, knowledge, and care ordinarily possessed and exercised by the professional's specialty under similar circumstances, has determined or reasonably should have determined that the service recipient has the apparent ability to commit such an act and is likely to carry out the threat unless prevented from doing so. Present law specifies that a mental health professional or service provider discharges the duty to predict, warn, or take precautions to provide protection by: (1) Informing the clearly identified victim of the threat; (2) Having the service recipient admitted on a voluntary basis to a hospital; (3) Taking steps to seek admission of the service recipient to a hospital or treatment resource on an involuntary basis; or (4) Pursuing a course of action consistent with current professional standards that will discharge the duty. This bill adds that the duty may be discharged by reporting the threat to law enforcement (as described below). This bill places the same duties and responsibilities on health care providers. This bill also makes such duties and responsibilities apply when a threat is made against a ""victim"" rather than a ""clearly identified victim"".REPORTING TO LOCAL LAW ENFORCEMENT Present law provides that, if a service recipient has communicated to a qualified mental health professional or behavior analyst an actual threat of serious bodily harm or death against a reasonably identifiable victim or victims, then the professional or analyst, using the reasonable skill, knowledge, and care ordinarily possessed and exercised by their specialty under similar circumstances, who has determined or reasonably should have determined that the service recipient has the apparent ability to commit such an act and is likely to carry out the threat unless prevented from doing so, must immediately report the service recipient to local law enforcement, who must take appropriate action based upon the information reported. Present law provides that, if a mental health professional or behavior analyst is required to report as described in the paragraph above, then the professional or analyst must report the following information: (1) The complete name and all aliases of the service recipient; (2) The name of the professional or analyst and the name of the private or state hospital or treatment resource from which the individual may be receiving services; (3) The date of birth of the service recipient; (4) The race and sex of the service recipient; and (5) The social security number of the service recipient, if available. Present law clarifies that the information described in (1)-(3) above, the confidentiality of which is protected by other statutes or regulations, must be maintained as confidential and not subject to public inspection pursuant to such statutes or regulations, except as may be necessary in the conduct of certain criminal proceedings. This bill places the same reporting duties and responsibilities on health care providers. This bill also makes the duty to report attach when there is an actual threat of serious bodily harm or death against a ""victim"" rather than a ""reasonably identifiable victim"".",http://wapp.capitol.tn.gov/apps/BillInfo/default.aspx?BillNumber=HB7058&GA=113
HB7059,113th,2023_2024,SS1,SB7025,Cepicky,,Hensley,"AN ACT to amend Tennessee Code Annotated, Title 8; Title 37; Title 38; Title 49; Title 62 and Chapter 367 of the Public Acts of 2023, relative to school safety.","Law Enforcement - As introduced, authorizes a law enforcement agency to assign a law enforcement officer to serve as a school resource officer at a school within a local board of education's or public charter school governing body's control that has not adopted a policy to assign a school resource officer to the school. - Amends TCA Title 8; Title 37; Title 38; Title 49; Title 62 and Chapter 367 of the Public Acts of 2023.","Other Fiscal Impact – The Appropriations Act of 2023 allocated recurring funding of $140,000,000 for SRO Program Grants. As of August 2023, $64,575,000 in SRO Program Grants have been issued. To the extent that additional SRO Program Grants are awarded, there will be an increase in state expenditures from the SRO Grant Fund. The net local fiscal impact is estimated to be not significant.","Starting with the 2023-2024 school year, and continuing with each school year thereafter, this bill provides that, if an LEA or public charter school has not adopted a policy authorizing a law enforcement officer to serve as a school resource officer (SRO) at each school within the local board of education's or public charter school governing body's control, then a law enforcement agency with jurisdiction may assign at least one law enforcement officer to serve as an SRO at the school to increase the protection and safety of students and school personnel during regular school hours when children are present on the school's premises, as well as during school-sponsored events. This bill authorizes such an officer to possess and carry a firearm on the grounds of the school at which the officer is assigned. If a law enforcement officer is assigned to a school as described above, then this bill requires the chief of the law enforcement agency that assigned the law enforcement officer to notify the director of schools or the director of the public charter school and the principal of the school of the following: (1) The officer's assignment; (2) The policies of the officer's employing law enforcement agency that the officer must follow; (3) Procedures for communication among the LEA or public charter school, officers, and local law enforcement agencies; (4) A description of any policies, procedures, or other requirements that the officer must follow when responding to an emergency on school grounds; (5) A procedure for addressing complaints against the officer; and (6) The officer's assigned schedule at a school in the LEA or public charter school. This bill prohibits an LEA or public charter school from impeding on the duties of an officer who is assigned to a school as described above.",http://wapp.capitol.tn.gov/apps/BillInfo/default.aspx?BillNumber=HB7059&GA=113
HB7060,113th,2023_2024,SS1,SB7084,White,,Taylor,"AN ACT to amend Tennessee Code Annotated, Title 37; Title 40 and Chapter 264 of the Public Acts of 2023, relative to juvenile offenders.","Juvenile Offenders - As introduced, requires juvenile offenders alleged to have committed certain offenses and meeting certain other criteria to be transferred to adult criminal court for disposition as if the juvenile were an adult; authorizes an appeal for such transfers. - Amends TCA Title 37; Title 40 and Chapter 264 of the Public Acts of 2023.","Increase State Expenditures – $7,649,400 Incarceration----- $12,000,000/FY23-24----- ----- Decrease State Expenditures – Net Impact - ----- $16,484,400/FY24-25 and Subsequent Years----- ----- Decrease Federal Expenditures – $1,978,300/FY24-25 and Subsequent Years","After a petition has been filed alleging delinquency based on conduct that is designated a crime, present law authorizes the court, before hearing the petition on the merits, to transfer the child to the county sheriff to be held according to law and to be dealt with as an adult in the criminal court of competent jurisdiction. Present law specifies that the disposition of the child must be as if the child were an adult under certain circumstances; provided, certain procedures are followed. One circumstance under which the disposition of the child must be as if the child were an adult is if the child was 14 years of age or more but less than 17 years of age at the time of the alleged conduct and charged with the offense of first degree murder, second degree murder, rape, aggravated rape, rape of a child, aggravated rape of a child, aggravated robbery, especially aggravated robbery, aggravated burglary, especially aggravated burglary, kidnapping, aggravated kidnapping, especially aggravated kidnapping, commission of an act of terrorism, carjacking, or an attempt to commit any such offenses. This bill instead requires that the disposition of the child be as if the child were an adult when the child was 16 years of age or more but less than 18 years of age at the time of the alleged conduct and charged with any such offense. Prior to transferring a child to criminal court, present law requires the court to conduct a probable cause hearing during which the court must consider seven specific factors to determine whether there is probable cause to believe that: (1) The child committed the delinquent act as alleged; (2) The child is not committable to an institution for the developmentally disabled or mentally ill; and (3) The interests of the community require that the child be put under legal restraint or discipline. When a court conducts a probable cause hearing under this bill concerning a child who is charged with one of the offenses listed above, the court will not be required to consider the seven specific factors listed in present law or make the determination described in (3). This bill provides a process for appeals of probable cause determinations, which will be conducted by criminal courts.",http://wapp.capitol.tn.gov/apps/BillInfo/default.aspx?BillNumber=HB7060&GA=113
HB7061,113th,2023_2024,SS1,SB7067,Love,"Clemmons, Hardaway, Thompson",Akbari,"AN ACT to amend Tennessee Code Annotated, Title 49, relative to mental health resources.","Education, Dept. of - As introduced, requires the department to annually notify each local education agency (LEA) in writing of all state and federal grant programs available to assist the LEA in expanding mental health services and resources in schools. - Amends TCA Title 49.",NOT SIGNIFICANT,Abstract summarizes the bill.,http://wapp.capitol.tn.gov/apps/BillInfo/default.aspx?BillNumber=HB7061&GA=113
HB7062,113th,2023_2024,SS1,SB7030,Grills,,Taylor,"AN ACT to amend Tennessee Code Annotated, Title 16; Title 33; Title 34; Title 37; Title 38 and Title 39, relative to law enforcement's access to juvenile court records.","Courts, Juvenile - As introduced, authorizes the Tennessee bureau of investigation to inspect files and records of the court in a juvenile court proceeding for the purposes of complying with the Bipartisan Safer Communities Act of 2022 and the NICS Improvement Amendments Act of 2007. - Amends TCA Title 16; Title 33; Title 34; Title 37; Title 38 and Title 39.",NOT SIGNIFICANT,Abstract summarizes the bill.,http://wapp.capitol.tn.gov/apps/BillInfo/default.aspx?BillNumber=HB7062&GA=113
HB7063,113th,2023_2024,SS1,SB7094,Rudd,"Cepicky, Todd, Ragan, Capley, Howell, Eldridge",Reeves,"AN ACT to amend Tennessee Code Annotated, Title 8; Title 37; Title 38; Title 49 and Title 62, relative to school safety.","Local Education Agencies - As introduced, authorizes LEAs and public charter schools to employ retired law enforcement officers who are retired from a federal, state, or local law enforcement agency and honorably discharged veterans of the United States armed forces to serve as school resource officers on school premises; requires local boards of education and public charter school governing bodies to adopt policies to effectuate same. - Amends TCA Title 8; Title 37; Title 38; Title 49 and Title 62.","Other Fiscal Impact – To the extent that a school chooses to employ a retired law enforcement officer or an honorably discharged veteran as an SRO, a permissive increase in local expenditures of approximately $73,200 per SRO may occur. However, due to multiple unknown variables, a precise fiscal impact cannot be reasonably determined.","In order to serve as a school resource officer (""SRO""), present law requires that the person be a law enforcement officer who is in compliance with all laws, rules, and regulations of the POST commission, and who has been assigned to a school in accordance with a MOU between the chief of the appropriate law enforcement agency and the LEA. This bill adds authorization for LEAs and public charter schools to employ persons who meet either of the following qualifications as an SRO to provide security on school premises: (1) A retired law enforcement officer who is retired from a federal, state, or local law enforcement agency, and who has been assigned to a public school by the director of schools or by the director of the public charter school; or (2) An honorably discharged veteran of the U.S. armed forces who has been assigned to a public school by the director of schools or by the director of the public charter school. In order to be authorized to carry a firearm on school property, a person who is employed as an SRO under (1) or (2) must complete, at the person's own expense, the same amount of basic training in school policing as law enforcement officers who serve as SROs (40 hours). This bill requires LEAs and public charter school governing bodies that intend to employ an SRO under (1) or (2) to adopt a policy that outlines the duties, responsibilities, and authority of an SRO, including any limitations on the SRO's authority. Each policy must ensure compliance with all relevant privacy laws. This bill specifies that only SROs who are law enforcement officers operating under an MOU pursuant to present law will have the authority to receive certain confidential information concerning children who have been adjudicated delinquent, assist in the enforcement of court orders, and take a student into custody after witnessing the student violate a criminal statute. ON AUGUST 28, 2023, THE HOUSE ADOPTED AMENDMENTS # 1 AND 2, AND PASSED HOUSE BILL 7063, AS AMENDED. AMENDMENT #1 makes the following changes to this bill: (1) Adds a requirement that the Tennessee peace officer standards and training commission waive the requirement that a law enforcement officer be employed by a law enforcement agency in order to receive the basic training in school policing required for school resource officers (SROs) so that SROs who have been assigned to a public school by the director of schools or the director of the public charter school may receive the training; (2) Clarifies that the requirements in the ""Private Protective Services Licensing and Regulatory Act"" do not apply to an SRO; and (3) Clarifies that the authorization granted in this bill to LEAs and public charter schools to employ as an SRO to provide security on school premises persons who are law enforcement officers retired from a federal, state, or local law enforcement agency, and who have been assigned to a public school by the director of schools or by the director of the public charter school, only applies to those officers who are no more than seven years retired from service. AMENDMENT #2 adds to present law that a person employed by an LEA as a faculty or staff member at a school within the LEA, or a person assigned to a school in accordance with a MOU between the chief of the appropriate law enforcement agency and the LEA, may possess and carry a firearms on school property if the person: (1) Is an SRO; (2) Has written authorization of the chief of the appropriate law enforcement agency to carry or possess a concealed handgun on school grounds; (3) Is not prohibited from purchasing, possessing, or carrying a handgun, as determined by state and federal criminal history background checks; and (4) Have been certified by a Tennessee licensed healthcare provider, who is qualified in the psychiatric or psychological field and who contracts with the authorizing law enforcement agency, as being free from any impairment, as set forth in the current edition of the Diagnostic and Statistical Manual of Mental Disorders (DSM) of the American Psychiatric Association at the time of the examination, that would, in the professional judgment of the examiner, affect the person's ability to safely possess and carry a concealed handgun on the grounds of a school.",http://wapp.capitol.tn.gov/apps/BillInfo/default.aspx?BillNumber=HB7063&GA=113
HB7064,113th,2023_2024,SS1,SB7020,Todd,"Grills, Capley",Bailey,"AN ACT to amend Tennessee Code Annotated, Title 38; Title 39, Chapter 17, Part 13; Title 49; Chapter 142 of the Public Acts of 2023 and Chapter 149 of the Public Acts of 2023, relative to firearms.","Firearms and Ammunition - As introduced, allows law enforcement officers, whether on-duty or off-duty, retired law enforcement officers, active duty and retired members of the armed forces of the United States, whether in discharge of official duties or not, and enhanced handgun carry permit holders, except in certain circumstances, to possess or carry, whether openly or concealed, with or without the intent to go armed, a handgun in any public school building or bus, on any public school campus, grounds, recreation area, athletic field, or any other property owned, operated, or while in use by any public board of education, school, college, or university board of trustees, regents, or directors for the administration of any public educational institution. - Amends TCA Title 38; Title 39, Chapter 17, Part 13; Title 49; Chapter 142 of the Public Acts of 2023 and Chapter 149 of the Public Acts of 2023.","Other Fiscal Impact – Liability insurance expenditures for schools is estimated to increase; however, the precise amount or timing of the increase cannot be reasonable determined at this time.","Under present law, it is generally a Class E felony for a person to possess or carry, with the intent to go armed, a weapon on school property. Additionally, it is generally a Class B misdemeanor for a person to possess or carry (regardless of whether the person intended to be armed) a firearm on school property. Present law specifies various exceptions to such offenses whereby certain persons may lawfully possess or carry a weapon, including a firearm, on school property. Among the 13 exceptions to present law concerning possession and carrying of weapons on school property are the following: (1) Persons employed in the army, air force, navy, coast guard or marine service of the U.S. or any member of the Tennessee national guard when in discharge of their official duties and acting under orders requiring them to carry arms or weapons; (2) Civil officers of the U.S. in the discharge of their official duties; (3) Officers and soldiers of the militia and the national guard when called into actual service; (4) Officers of the state, or of any county, city or town, charged with the enforcement of the laws of the state, when in the discharge of their official duties; (5) Pupils who are members of ROTC or pupils enrolled in a course of instruction or members of a club or team, and who are required to carry arms or weapons in the discharge of their official class or team duties; (6) Private police employed by the administration or board of trustees of any public or private institution of higher education in the discharge of their duties; (7) Any registered security guard/officer who meets the requirements of the Private Protective Services Licensing and Regulatory Act, and who is discharging the officer's official duties; (8) Enhanced handgun carry permit holders who possess a handgun while within or on a non-school public park or other similar public place. Generally, this exception does not apply in areas that are being used by an educational entity for an athletic event or school-related activity; (9) Persons carrying a handgun of a private institution pursuant to the institution's policies; (10) Persons permitted to carry a handgun on school property under the Schools Against Violence in Education Act; (11) Authorized employees of public institutions of higher education who possess an enhanced handgun carry permit; (12) Employees of the University of Tennessee institute of agriculture or a college or department of agriculture at a campus in the University of Tennessee system when in the discharge of the employee's official duties and with prior authorization from the chancellor of the institute. There is also an exception for fellow household members of such employees when living in school housing; and (13) Employees of the university's college or department of agriculture when in the discharge of the employee's official duties and with prior authorization from the president of a university in the board of regents system. There is also an exception for fellow household members of such employees when living in school housing. This bill adds the following to the list of exceptions to present law concerning possession and carrying of weapons on school property: (1) Active duty and retired members of the armed forces of the U.S. possessing or carrying a handgun, unless the person is otherwise prohibited from possessing or carrying a handgun by state or federal law; and (2) State and local law enforcement officers, whether on-duty or off-duty, possessing or carrying a handgun, or retired law enforcement officers possessing or carrying a handgun who are authorized to carry the handgun pursuant to a written directive of the officer's employing agency. This bill replaces the exceptions described in (8), (10), and (11), and the exceptions for fellow household members of agricultural college employees residing in school housing, with a general exception for law enforcement officers and enhanced handgun carry permit holders. Under this bill, an enhanced handgun carry permit holder will be exempt from the general prohibition against possessing or carrying a weapon on school property when the permit holder possesses or carries a handgun on property owned, operated, or in use by a public school, unless the permit holder: (1) Is a student at a public or private K-12 school; or (2) Is an employee of the school entity in a meeting regarding a disciplinary matter or tenure issues, or in a hospital or office where medical or mental health services are the primary services provided. Subject to certain exceptions, present law authorizes law enforcement officers to carry firearms at all times and all places. One exception to the general authorization is that a law enforcement officer who is not engaged in discharging official duties cannot carry a firearm onto school grounds without immediately notifying the school principal or another administrative employee of the school. This bill limits the application of such requirement to private schools so that law enforcement officers will be authorized to carry firearms onto public school property without immediately providing notice. This bill also removes references to some of the exceptions that this bill deletes from present law concerning prohibited firearm registries.",http://wapp.capitol.tn.gov/apps/BillInfo/default.aspx?BillNumber=HB7064&GA=113
HB7065,113th,2023_2024,SS1,SB7022,Hemmer,Clemmons,Yarbro,"AN ACT to amend Tennessee Code Annotated, Title 33 and Title 71, relative to services for persons with mental health needs.","TennCare - As introduced, directs the bureau of TennCare to submit to the federal centers for medicare and medicaid services an application for a research and demonstration waiver under Section 1115 of the federal Social Security Act to provide housing solutions for Tennesseans in need of mental health services; includes the provision of certain services as minimum requirements for the terms of the waiver application. - Amends TCA Title 33 and Title 71.","Increase State Expenditures - $43,410,600/FY24-25 and Subsequent Years-----Increase Federal Expenditures - $82,362,600/FY24-25 and Subsequent Years -----Other Fiscal Impact - If the Division of TennCare is able to secure a waiver to provide housing solutions for individuals in need of mental health services, then expenditures on other healthcare services may decrease. Such decrease is dependent on a number of factors and cannot be precisely quantified.-----If the Division of TennCare is required to increase reimbursement rates for additional services then state and federal expenditures will increase. The impact of such increase is dependent on a number of unknown factors and cannot be reasonably determined.","This bill requires the bureau of TennCare to submit, no later than December 31, 2023, to the federal centers for medicare and medicaid services an application for a research and demonstration waiver under Section 1115 of the federal Social Security Act to provide housing solutions for Tennesseans in need of mental health services, subject to appropriation by the general assembly and the terms and conditions imposed by the waiver. This bill requires the director of TennCare to ensure that the waiver application includes the requirement that TennCare provide rent or temporary housing for up to six months for individuals with mental health disabilities or disorders, or who are experiencing other mental health challenges and who are the following: (1) Transitioning out of institutional care or congregate settings, including, but not limited to, nursing facilities, large group homes, congregate residential settings, institutions for mental diseases, correctional facilities, and acute care hospitals; (2) Homeless, at risk of homelessness, or transitioning out of an emergency shelter; or (3) Youth transitioning out of the child welfare system, including foster care.",http://wapp.capitol.tn.gov/apps/BillInfo/default.aspx?BillNumber=HB7065&GA=113
HB7066,113th,2023_2024,SS1,SB7032,Jernigan,Harris,Oliver,"AN ACT to amend Tennessee Code Annotated, Title 33; Title 63 and Title 68, relative to mental health services for youth.","Mental Health & Substance Abuse Services, Dept. of - As introduced, enacts the ""Temporary Youth Mental Health Services Program Act."" - Amends TCA Title 33; Title 63 and Title 68.","Increase State Expenditures - $1,388,400/FY23-24----- $3,580,300/FY24-25 and Subsequent Years","This bill enacts the Temporary Youth Mental Health Services Program Act, which requires the establishment within the department of mental health and substance abuse services (the ""department"") of a temporary youth mental health services program to facilitate access to mental health services for youth, including substance use disorder services, to respond to mental health needs identified in an initial mental health screening through the portal, including those needs that may have resulted from the Covid-19 pandemic (the ""program""). As used in this bill, ""youth"" means a person who is 18 or younger, and a person who is 21 or younger, but older than 18, who is receiving special education services.REIMBURSEMENT TO PROVIDERS This bill requires the department to reimburse providers who participate in the program for each mental health session with a youth, either in-person or via telehealth, up to a maximum of three sessions per youth client. However, the department may reimburse a provider for additional sessions, subject to available funding. In order to be eligible for reimbursement, this bill requires a provider to provide three mental health sessions to each youth the provider accepts as a client. As used in this bill, a ""provider"" means a psychiatrist, psychologist, master's social worker, clinical social worker, marriage and family therapist, professional counselor, and alcohol and drug abuse counselor, who is licensed, registered, permitted, or otherwise authorized by this state's law to deliver healthcare to patients in this state.CONFIDENTIALITY This bill requires a provider to maintain client confidentiality pursuant to state and federal law with regard to a youth client who participates in a mental health session with the provider that is reimbursed pursuant to the program.DUTIES OF DEPARTMENT This bill requires the department to do the following: (1) Develop a process by which providers apply for, and demonstrate eligibility to receive, reimbursement from the program; (2) Determine a reasonable rate of reimbursement of each mental health session with a youth client pursuant to the program, which rate must be the same regardless of whether the appointment is a telehealth or an in-person appointment; and (3) Implement a statewide public awareness and outreach campaign about the program, with the intent that such campaign involve schools, neighborhood youth organizations, healthcare providers, faith-based organizations, and other community-based organizations that interact with youth at the local level when disseminating information about the program.PROGRAM PORTAL This bill requires the department to enter into an agreement with a vendor, no later than December 1, 2023, to create or use an existing website or web-based application as a portal available to youth and providers to facilitate the program. The portal must do the following: (1) Serve as a platform for initial age-appropriate mental health screenings to determine if a youth may benefit from mental health support; (2) Allow providers to register and share in-person or telehealth appointment availability; (3) When possible, connect youth with providers who accept the youth's insurance or payment source that may cover the costs of ongoing mental health treatment, if the youth has insurance or a payment source; and (4) Allow a youth, regardless of whether the youth has insurance or another payment source, to schedule telehealth or, when available, in-person appointments with a provider.ANNUAL REPORT On or before February 1, 2024, and on or before February 1 each year thereafter, this bill requires the department to deliver a report to the health and welfare committee of the senate, the health committee of the house of representatives, and the legislative librarian on the status of the program. The report must include the number of youth who received services under the program, aggregated information about the services provided to youth under the program, and other information the department deems relevant to the report. However, the department must ensure that no personally identifying information or other information protected under state or federal law is included in the report.RULEMAKING AUTHORITY This bill authorizes the department to promulgate rules to effectuate this bill.",http://wapp.capitol.tn.gov/apps/BillInfo/default.aspx?BillNumber=HB7066&GA=113
HB7067,113th,2023_2024,SS1,SB7013,Jernigan,Harris,Yarbro,"AN ACT to amend Tennessee Code Annotated, Title 33, relative to mental health services.","Mental Health & Substance Abuse Services, Dept. of - As introduced, authorizes the department to conduct a pilot program to provide certain mental health services to service recipients upon discharge from an inpatient facility following an involuntary commitment; requires the department to submit a report to the general assembly following the end of each fiscal year during which the pilot program is conducted. - Amends TCA Title 33.","Increase State Expenditures - $564,100/FY24-25-----$564,100/FY25-26","This bill authorizes the department of mental health and substance abuse services to conduct a pilot project to provide home-based mental healthcare services to service recipients following discharge from an inpatient treatment facility for involuntary commitment. In order to develop and conduct the pilot program, this bill authorizes the department to do the following: (1) Consult with other government providers that have utilized home-based visits and similar community-based mental health follow-up services to individuals subsequent to discharge from inpatient mental healthcare facilities; (2) Partner with appropriate inpatient facilities where service recipients are involuntarily committed; (3) Employ or contract with public health nurses and other mental health professionals to make home visits to service recipients; (4) Develop policies and procedures related to the frequency of, requirements for, and goals for such visits; (5) Develop policies and procedures relating to a health professional's initiation of a referral that results in a petition for the service recipient to be re-committed to an inpatient facility; (6) Collect medicaid, medicare, or private insurance benefits to compensate for services provided; (7) Develop assessment tools to identify and prioritize a service recipient's need for home-based care subsequent to release from an inpatient facility; and (8) Provide home-based services to service recipients in a manner that maximizes available resources, utilizes existing partnerships, and achieves the department's needs in evaluating the success of the pilot program.ANALYSIS OF PROGRAM'S EFFECTIVENESS This bill requires the department to collect data and undertake analysis to evaluate the effectiveness of the pilot program. The analysis must be relevant to assessing the program's success, which may include, outcomes related to medication management; risk assessment; justice system involvement; the need for subsequent emergency or inpatient mental healthcare treatment; healthcare reimbursements; and relevant cost-benefit analysis.REPORT This bill requires the department to compile and deliver a report on the status and outcomes of the pilot program following the end of each fiscal year during which the pilot program is conducted. The report must be delivered no later than September 30 of that year to the chair of the health and welfare committee of the senate, the health committee of the house of representatives, and the legislative librarian.",http://wapp.capitol.tn.gov/apps/BillInfo/default.aspx?BillNumber=HB7067&GA=113
HB7068,113th,2023_2024,SS1,SB7073,Parkinson,Clemmons,Akbari,"AN ACT to amend Tennessee Code Annotated, Title 29, Chapter 3, Part 1; Title 39 and Title 40, relative to offenses related to inducing or coercing a minor to commit an offense.","Criminal Offenses - As introduced, creates a Class D felony offense for an adult criminal gang member who induces or coerces a minor to steal a firearm; makes the adult criminal gang member criminally responsible for offenses the minor commits with stolen firearm. - Amends TCA Title 29, Chapter 3, Part 1; Title 39 and Title 40.","Increase State Expenditures – $1,610,300 Incarceration-----Other Fiscal Impact – There will be additional increases in state expenditures related to an increase in admissions for adult criminal gang members who are criminally responsible for offenses minors commit with stolen firearms. The extent and timing of any such impacts cannot be reasonably determined.",Abstract summarizes the bill.,http://wapp.capitol.tn.gov/apps/BillInfo/default.aspx?BillNumber=HB7068&GA=113
HB7069,113th,2023_2024,SS1,SB7074,Parkinson,Clemmons,Akbari,"AN ACT to amend Tennessee Code Annotated, Title 4; Title 33 and Title 71, relative to expanding Medicaid to provide mental health services.","TennCare - As introduced, authorizes the governor to expand medicaid for mental health prevention and treatment pursuant to the federal Patient Protection and Affordable Care Act; authorizes the governor to negotiate with the federal centers for medicare and medicaid services to determine the terms of the expansion. - Amends TCA Title 4; Title 33 and Title 71.","Increase State Expenditures - $27,930,100/FY24-25----- $26,930,100/FY25-26 and Subsequent Years----- Increase Federal Expenditures - $59,204,400/FY24-25 ----- $50,204,400/FY25-26 and Subsequent Years-----Other Fiscal Impact - Passage of this legislation could result in a decrease in state expenditures for the Behavioral Health Safety Net. The extent of any change in expenditures is dependent on the number of individuals who will receive mental health services from Medicaid, rather than the Behavioral Health Safety Net, and cannot be reasonably determined.",Abstract summarizes the bill.,http://wapp.capitol.tn.gov/apps/BillInfo/default.aspx?BillNumber=HB7069&GA=113
HB7070,113th,2023_2024,SS1,SB7089,Lamberth,"Cochran, Hazlewood, Williams, Hicks G, Hardaway, Cepicky, Terry, Lafferty, White, Ragan, Marsh, Raper",Johnson,"AN ACT to make appropriations for the purpose of defraying the expenses of the state government for the fiscal years beginning July 1, 2023, in the administration, operation, and maintenance of the legislative, executive, and judicial branches of the various departments, institutions, offices, and agencies of the state; for certain state aid and obligations; for capital outlay, for the service of the public debt, for emergency and contingency; to repeal certain appropriations and any acts inconsistent herewith; to provide provisional continuing appropriations; and to establish certain provisions, limitations, and restrictions under which appropriations may be obligated and expended. This act makes appropriations for the purposes described above for the fiscal year beginning July 1, 2023.","Appropriations - As enacted, makes appropriations sufficient for the payment of any lawful expenses of the first extraordinary session of the 113th General Assembly; makes other appropriations related to such extraordinary session. -",Not Available,"ON AUGUST 23, 2023, THE SENATE ADOPTED AMENDMENT #1 AND PASSED SENATE BILL 7070, AS AMENDED. ON AUGUST 24, 2023, THE HOUSE SUBSTITUTED SENATE BILL 7089 FOR HOUSE BILL 7070, ADOPTED AMENDMENTS # 1, 2 AND 3, AND PASSED SENATE BILL 7089, AS AMENDED.",http://wapp.capitol.tn.gov/apps/BillInfo/default.aspx?BillNumber=HB7070&GA=113
HB7071,113th,2023_2024,SS1,SB7018,Sexton,"Hulsey, Todd, Zachary, Crawford, Grills",Bailey,"AN ACT to amend Tennessee Code Annotated, Title 38, relative to reporting of mass shootings.","Tennessee Bureau of Investigation - As introduced, requires the bureau to submit a report on the number of mass shootings that occur in this state to the governor, the speaker of the house of representatives, and the speaker of the senate by January 1, 2024, and by each January 1 thereafter. - Amends TCA Title 38.",NOT SIGNIFICANT,Abstract summarizes the bill.,http://wapp.capitol.tn.gov/apps/BillInfo/default.aspx?BillNumber=HB7071&GA=113
HB7072,113th,2023_2024,SS1,SB7007,Sexton,"Russell, Farmer, Todd, Ragan, Bulso, Raper, Whitson, Moon, Cepicky",White,"AN ACT to amend Tennessee Code Annotated, Title 8; Title 16 and Title 18, relative to court systems.","Courts, Administrative Office of the - As introduced, directs the administrative office of the courts (AOC) to define and develop a centralized system of case management, document management, electronic case filing, electronic payment methods, data reporting, and any other capability deemed necessary for collection and reporting of all state and local court public case level data. - Amends TCA Title 8; Title 16 and Title 18.",NOT SIGNIFICANT,"This bill directs the administrative office of the courts (AOC) to define and develop a centralized system of case management, document management, electronic case filing, electronic payment methods, data reporting, and any other capability deemed necessary for collection and reporting of all state and local court public case level data. The system may consist of software solutions capable of integrating with existing state and local systems to report case dispositions, statistics, and other related data with the goal that information in such system should be easily reportable, retrievable, accessible, and uniform and consistent throughout the state. The development of the centralized system must include projections for ongoing costs and maintenance of such a system.REPORT OF PROGRESS Beginning on January 31, 2024, and every six months thereafter until initial implementation of the system, this bill requires the AOC to submit a written update as to the progress of the development to the speakers and chief clerks of each house of the general assembly; the governor; the chairs of the finance, ways and means committees of the house of representatives and senate; the chair of the civil justice committee of the house of representatives; the chair of the judiciary committee of the senate; and the office of legislative budget analysis.INSTALLATION AND MAINTENANCE OF SYSTEM BY COURT CLERKS Present law requires the installation and maintenance of the Tennessee court information system (TnCIS) as provided by the AOC or a functionally equivalent computer system. The implementation of TnCIS in the offices of the court clerks must be determined by the TnCIS steering committee and be based on the availability of adequate funding. The TnCIS software must be made available to all offices of court clerks. This bill removes the above provisions and provides, instead, that it is the duty of the clerk of each of the courts to install and maintain the court information system as provided by the AOC that will collect and report electronically all data required under Tennessee Supreme Court Rule 11, Section II, or otherwise statutorily mandated, and that the AOC must provide for the necessary data transfers with other state agencies as defined by the AOC or as statutorily required.CONVERSION OF EXISTING SYSTEMS Present law provides that any court clerk office having a significant investment in an existing computer system is not required to acquire a new computer system, or to modify or convert an existing system to utilize the TnCIS software as long as those court clerk offices maintain a computer system that will report electronically all data required under Tennessee Supreme Court Rule 11, Section II, or otherwise statutorily mandated, and the AOC provides for the necessary data transfers with other state agencies as defined by the AOC or as statutorily required. This bill removes the above provisions and provides, instead, that until the AOC has completed the development of the system described in this bill, court clerk offices must maintain existing court information computer systems and report electronically all data required under Tennessee Supreme Court Rule 11, Section II, or otherwise statutorily mandated. This bill also requires the AOC to provide each court clerk with a list of the data that is required under Tennessee Supreme Court Rule 11, Section II or state law.AVAILABILITY OF THE SYSTEM When the AOC has completed the development of the system described above, this bill requires that the system must be made available to all offices of court clerks, including those offices previously automated and those offices within Shelby, Davidson, Knox, and Hamilton counties, and those offices shall adopt and convert to the new system on a schedule to be determined in consultation with the AOC.",http://wapp.capitol.tn.gov/apps/BillInfo/default.aspx?BillNumber=HB7072&GA=113
HB7073,113th,2023_2024,SS1,SB7027,Sexton,"Vaughan, Shaw, Gillespie, Alexander, Littleton",Taylor,"AN ACT to amend Tennessee Code Annotated, Title 33; Title 37; Title 39; Title 40; Chapter 264 of the Public Acts of 2023 and Chapter 363 of the Public Acts of 2023, relative to juvenile offenders.","Juvenile Offenders - As introduced, requires a juvenile court to impose a blended sentence on a child adjudicated delinquent for certain offenses; defines blended sentencing as a combination of any disposition otherwise provided for juveniles and a period of an adult disposition to be served after the child turns 19 and which ends on or before the child's 24th birthday; requires the juvenile court to hold a transfer hearing if a juvenile offender is 16 or more but less than 18 at the time of the alleged conduct and is alleged to have committed certain offenses; requires the juvenile court to transfer the juvenile to adult criminal court for disposition as if the juvenile were an adult if the court makes certain findings; provides for an automatic de novo review by the criminal court of a juvenile court's decision denying a transfer to adult criminal court. - Amends TCA Title 33; Title 37; Title 39; Title 40; Chapter 264 of the Public Acts of 2023 and Chapter 363 of the Public Acts of 2023.","Increase State Expenditures – ----- $10,184,500 Incarceration----- $6,187,400/FY23-24/General Fund----- $11,685,200/FY24-25 and Subsequent Years/General Fund----- -----Increase Federal Expenditures – $598,600/FY23-24----- $1,197,200/FY24-25 and Subsequent Years","Present law generally provides that juvenile offenders are no longer under the continuing jurisdiction of the juvenile court upon reaching the age of 19. This bill authorizes juvenile courts to retain jurisdiction over a person until the person reaches 24, if the person is a serious youthful offender (as defined in this bill).TRANSFER TO CRIMINAL COURT Present law provides various circumstances under which a juvenile court may transfer a child to criminal court. Generally, the more severe the offense, the younger the age at which transfer is authorized. Present law provides that the case of a juvenile who is transferred to criminal court must be disposed of as if the juvenile were an adult if the child was: (1) Less than 14 at the time of the alleged conduct and charged with first degree murder or second degree murder or attempted first or second degree murder; (2) Fourteen or more but less than 17 at the time of the alleged conduct and charged with the offense of first degree murder, second degree murder, rape, aggravated rape, rape of a child, aggravated rape of a child, aggravated robbery, especially aggravated robbery, aggravated burglary, especially aggravated burglary, kidnapping, aggravated kidnapping, especially aggravated kidnapping, commission of an act of terrorism, carjacking, or an attempt to commit any such offenses; (3) Sixteen or more at the time of the alleged conduct and charged with the offense of robbery or attempt to commit robbery; or (4) Seventeen or more at the time of the alleged conduct. This bill modifies (1) and (2) by adding that the case of a juvenile who is transferred to criminal court must be disposed of as if the juvenile were an adult if the child was 14 or more but less than 16 at the time of the alleged conduct and charged with first degree murder or second degree murder or attempted first or second degree murder. Prior to transferring a child to criminal court, present law requires the court to conduct a probable cause hearing during which the court must consider seven specific factors to determine whether there is probable cause to believe that: (1) The child committed the delinquent act as alleged; (2) The child is not committable to an institution for the developmentally disabled or mentally ill; and (3) The interests of the community require that the child be put under legal restraint or discipline. This bill establishes different standards for probable cause hearings (most significantly that the court will not be required to consider the seven specific factors specified in present law or make a finding described in (3)), for a child alleged to have committed an offense or engaged in conduct that is designated a criminal offense and the child was 16 or more at the time of the alleged conduct and charged with: (1) First degree murder or second degree murder or attempted first or second degree murder; or (2) Any offense for which transfer from juvenile to criminal court is authorized, the offense was committed with a deadly weapon, and the child has been previously adjudicated delinquent for which transfer from juvenile to criminal court is authorized. A court's determination to transfer or not transfer must be reduced to a written order detailing the court's findings of fact and conclusions of law. Any such order is subject to review by the criminal court upon motion of the child or the prosecution. The full text of this bill specifies procedural requirements for any such review. This bill specifies that a child who is transferred under these provisions and who was 16 or older at the time of the offense and is subsequently convicted and committed must be housed in a juvenile correctional facility unless the committing court orders commitment to an adult facility. A child so committed to an adult facility must be housed separately and removed from adult inmates.SERIOUS YOUTHFUL OFFENDERS/BLENDED SENTENCING This bill requires that a juvenile court classify a child as a serious youthful offender if the juvenile is: (1) Confined in a youth development center approved, certified, or licensed by the department of children's services, and charged with escape from that center; or (2) Adjudicated delinquent for: (A) First or second degree murder, if the child was less than 16 at the time of commission of the offense; (B) Rape, aggravated rape, rape of a child, aggravated rape of a child, robbery, aggravated robbery, especially aggravated robbery, aggravated burglary, especially aggravated burglary, kidnapping, aggravated kidnapping, especially aggravated kidnapping, commission of an act of terrorism, carjacking, aggravated child abuse, or aggravated child neglect or endangerment; (C) Criminal attempt to commit any of the offenses (A) or (B); or (D) Any offense involving the use of a deadly weapon during the commission of the offense. This bill does not prohibit a court from imposing any of the dispositions authorized under present law upon a juvenile classified as a serious youthful offender; provided, that, this bill requires the court to impose a determinate disposition to last until the serious youthful offender's nineteenth birthday which may not be shortened by time credits for good behavior or completion of institutional programs. In addition to the determinate disposition lasting until the serious youthful offender's nineteenth birthday, this bill requires the court to impose an additional disposition to be served after the serious youthful offender turns 19, and which ends on or before the offender's 24th birthday. The minimum additional disposition beyond the serious youthful offender's 19th birthday must be: (1) Four years if the juvenile is adjudicated delinquent for an act that would be a Class A felony if committed by an adult; (2) Three years if the juvenile is adjudicated delinquent for an act that would be a Class B felony if committed by an adult; or (3) One year if the juvenile is adjudicated delinquent for any other act for which classification as a serious youthful offender is required. A court may stay the additional disposition. If the additional disposition is stayed, then the court is required to conduct a hearing within four months of the serious youthful offender's 19th birthday to review the offender's circumstances and determine whether the stayed additional disposition should be invoked. The full text of this bill specifies five circumstances for which a court will be required to invoke the additional disposition. The full text of this bill specifies various procedural requirements concerning dispositions for serious youthful offenders. This bill specifies that a serious youthful offender supervised in a secure facility must be housed separately and removed from the general population.EFFECTIVE DATE This bill takes effect on January 1, 2024. ON AUGUST 28, 2023, THE HOUSE ADOPTED AMENDMENTS # 2 AND 3, AND PASSED HOUSE BILL 7073, AS AMENDED. AMENDMENT 2 specifies that, in order for a child to be designated a serious youthful offender under this bill, the child must be 14 years of age or older and must have been adjudicated delinquent for a Class A or B felony. This amendment clarifies that a juvenile who is subject to blended sentencing must receive a disposition that does not end before the juvenile's 19th birthday and an addition disposition that ends on or before the juvenile's 24th birthday. This amendment revises the process for a court to invoke stayed additional disposition. In deciding whether to invoke a stayed additional disposition, this amendment requires the court to consider whether the youthful offender has: (1) Committed another delinquent act; (2) Engaged in other conduct that creates a substantial safety risk; (3) Failed to meet the conditions of supervision during the determinate disposition prior to the hearing; (4) Failed to attend school regularly with passing grades, failed to graduate from high school; or failed to obtain a general educational development certificate; or (5) Failed to obtain regular employment, if the offender has graduated from high school. This amendment limits the offenses to which this bill's provisions concerning transfers from juvenile court to criminal court apply to first degree murder or second degree murder or attempted first or second degree murder. This amendment adds that, when a child transferred to criminal court is detained, the juvenile court is required to order confinement in a local juvenile detention facility or a juvenile detention facility with which it contracts, except that the juvenile court may order confinement in an adult detention facility separate and removed from adult detainees if the sheriff affirms to the court that the adult detention facility has the ability to comply with the requirements for detention of juveniles, and that the population of the adult detention facility does not exceed the capacity of the facility. The court having adult criminal jurisdiction may thereafter order detention in an adult detention facility separate and removed from adult detainees; provided, however, that during the period while such child is detained separately from adult detainees, the child must otherwise abide by the same regulations and policies governing conditions of imprisonment that apply to adult detainees who are charged with similar offenses. Similar regulations and policies governing educational opportunities for adults must be implemented for a child so detained, but such regulations and policies do not affect or alter the manner in which a LEA is required to provide educational services to a child under federal law. AMENDMENT #3 substitutes the term ""high school equivalency credential"" for ""general educational development certificate"".",http://wapp.capitol.tn.gov/apps/BillInfo/default.aspx?BillNumber=HB7073&GA=113
HB7074,113th,2023_2024,SS1,SB7044,Freeman,Clemmons,Oliver,"AN ACT to amend Tennessee Code Annotated, Title 39, Chapter 17, Part 13, relative to the safe storage of firearms.","Firearms and Ammunition - As introduced, encourages lawful owners and possessors of firearms to store guns safely in a locked compartment; with a trigger locking device; or with a locked device rendering the firearm inaccessible to a person other than the owner or person in lawful possession of the firearm and immovable from the stored location. - Amends TCA Title 39, Chapter 17, Part 13.",NOT SIGNIFICANT,Abstract summarizes the bill.,http://wapp.capitol.tn.gov/apps/BillInfo/default.aspx?BillNumber=HB7074&GA=113
HB7075,113th,2023_2024,SS1,SB7043,Freeman,Clemmons,Oliver,"AN ACT to amend Tennessee Code Annotated, Title 39, Chapter 17, Part 13, relative to the safe storage of firearms.","Firearms and Ammunition - As introduced, requires a person who purchases a firearm, or who applies for a permit to carry a handgun either openly or concealed, to sign an affidavit on a form prescribed by the department of safety affirming that the applicant will, while not lawfully carrying the firearm, store the firearm in a locked compartment; with a trigger locking device; or with a locked device rendering the firearm inaccessible to a person other than the owner or person in lawful possession of the firearm and immovable from the stored location; requires a firearm stored in a vehicle to be stored out of plain sight. - Amends TCA Title 39, Chapter 17, Part 13.",NOT SIGNIFICANT,Abstract summarizes the bill.,http://wapp.capitol.tn.gov/apps/BillInfo/default.aspx?BillNumber=HB7075&GA=113
HB7076,113th,2023_2024,SS1,SB7016,Freeman,"Clemmons, Harris",Campbell,"AN ACT to amend Tennessee Code Annotated, Title 49, relative to school counselors.","Teachers, Principals and School Personnel - As introduced, requires the department of education to allocate to each local education agency sufficient funds for the LEA to employ one full-time licensed professional school counselor position for every 250 student members of the LEA or one full-time position for the LEA and for each public charter school within the LEA, whichever is greater; requires each LEA and public charter school to employ a licensed professional school counselor for each position funded. - Amends TCA Title 49.","Increase State Expenditures - $209,737,400/FY23-24----- Exceeds $279,649,800/FY24-25 and Subsequent Years",Abstract summarizes the bill.,http://wapp.capitol.tn.gov/apps/BillInfo/default.aspx?BillNumber=HB7076&GA=113
HB7077,113th,2023_2024,SS1,SB7107,Hardaway,,Akbari,"AN ACT to amend Tennessee Code Annotated, Title 49 and Chapter 367 of the Public Acts of 2023, relative to a law enforcement agency's access to security systems.","Local Education Agencies - As introduced, specifies that an LEA must provide a responding law enforcement agency with immediate access to the LEA's security systems during a drill or in an emergency situation. - Amends TCA Title 49 and Chapter 367 of the Public Acts of 2023.",NOT SIGNIFICANT,Abstract summarizes the bill.,http://wapp.capitol.tn.gov/apps/BillInfo/default.aspx?BillNumber=HB7077&GA=113
HB7078,113th,2023_2024,SS1,SB7106,Hardaway,,Akbari,"AN ACT to amend Tennessee Code Annotated, Title 39, relative to stalking offenses.","Sentencing - As introduced, requires a sentencing court to order a defendant convicted of stalking, aggravated stalking, or especially aggravated stalking to carry or wear a global positioning monitoring system device and, unless the defendant is indigent, pay the costs associated with operating that system in relation to the defendant for a period of at least one year. - Amends TCA Title 39.",Not Available,Abstract summarizes the bill.,http://wapp.capitol.tn.gov/apps/BillInfo/default.aspx?BillNumber=HB7078&GA=113
HB7079,113th,2023_2024,SS1,SB7066,Camper,Harris,Akbari,"AN ACT to amend Tennessee Code Annotated, Title 39, Chapter 17, Part 13, relative to firearm safety devices.","Firearms and Ammunition - As introduced, requires a federally licensed firearm dealer to install a firearm safety device on a firearm before delivering the firearm to a purchaser if the purchaser is not a federally licensed firearm dealer; defines a firearm safety device as a device that, when installed on a firearm, is designed to prevent the firearm from being operated without first deactivating the device. - Amends TCA Title 39, Chapter 17, Part 13.",NOT SIGNIFICANT,Abstract summarizes the bill.,http://wapp.capitol.tn.gov/apps/BillInfo/default.aspx?BillNumber=HB7079&GA=113
HB7080,113th,2023_2024,SS1,SB7051,Jones,Harris,Campbell,"AN ACT to amend Tennessee Code Annotated, Title 39, relative to offenses of mass violence.","Criminal Offenses - As introduced, enhances the penalty for the offense of reckless endangerment when a person's reckless failure to render inoperable or safely secure or lock a firearm, results in a child under 13 years of age gaining possession of the firearm and committing an act of mass violence that injures or kills the child or another. - Amends TCA Title 39.","Increase State Expenditures – $20,000 Incarceration----- Decrease Local Expenditures – $900/FY23-24----- $1,200/FY24-25 and Subsequent Years","Present law provides that a person commits an offense who recklessly engages in conduct that places or may place another person in imminent danger of death or serious bodily injury. The classification of the offense ranges from a Class A misdemeanor to a Class C felony depending on certain circumstances, such as was the offense committed with a deadly weapon or did the offense involve discharging a firearm into a habitation or from within a motor vehicle. As of October 1, 2023, this bill adds that reckless endangerment committed by a person when the person fails to lock, secure, or otherwise store or make unavailable a firearm and ammunition for the firearm constitutes the following: (1) A Class E felony if a child younger than 13 obtains possession of the firearm, commits an act of mass violence with the firearm, and the act of mass violence results in bodily injury or serious bodily injury to the child or to another; or (2) A Class C felony if a child younger than 13 obtains possession of the firearm, commits an act of mass violence with the firearm, and the act of mass violence results in the death of the child or another. This bill defines ""an act of mass violence"" for purposes of the above provisions to mean to discharge a firearm in a manner that causes two or more other persons to reasonably fear imminent bodily injury or death.",http://wapp.capitol.tn.gov/apps/BillInfo/default.aspx?BillNumber=HB7080&GA=113
HB7081,113th,2023_2024,SS1,SB7053,Cochran,,McNally,"AN ACT to amend Tennessee Code Annotated, Title 39 and Title 40, Chapter 11, Part 1, relative to threats of mass violence.","Criminal Offenses - As introduced, expands the information a person with knowledge of a threat of mass violence must report to the local law enforcement agency to include the approximate age of the person making the threat. - Amends TCA Title 39 and Title 40, Chapter 11, Part 1.",NOT SIGNIFICANT,Abstract summarizes the bill.,http://wapp.capitol.tn.gov/apps/BillInfo/default.aspx?BillNumber=HB7081&GA=113
HB7082,113th,2023_2024,SS1,SB7054,Sexton,,McNally,"AN ACT to amend Tennessee Code Annotated, Title 71, relative to mental health services.","TennCare - As introduced, changes the date by which managed care organizations participating in the TennCare program must submit an annual report related to coverage of mental health treatment from March 1 to March 15. - Amends TCA Title 71.",NOT SIGNIFICANT,Abstract summarizes the bill.,http://wapp.capitol.tn.gov/apps/BillInfo/default.aspx?BillNumber=HB7082&GA=113
HB7083,113th,2023_2024,SS1,SB7055,Sexton,,McNally,"AN ACT to amend Tennessee Code Annotated, Title 33 and Title 63, relative to mental healthcare providers.","Health Care - As introduced, requires the department of health to conduct a study of laws in contiguous states concerning certifications and training programs required for healthcare professionals to provide mental health services. - Amends TCA Title 33 and Title 63.",NOT SIGNIFICANT,Abstract summarizes the bill.,http://wapp.capitol.tn.gov/apps/BillInfo/default.aspx?BillNumber=HB7083&GA=113
HB7084,113th,2023_2024,SS1,SB7057,Sexton,,McNally,"AN ACT to amend Tennessee Code Annotated, Title 33, Chapter 3, Part 2, relative to duty to warn.","Healthcare Liability - As introduced, expands the duty to warn of an actual threat of bodily harm to include all healthcare providers, not just mental health professionals and behavior analysts.  - Amends TCA Title 33, Chapter 3, Part 2.",NOT SIGNIFICANT,Abstract summarizes the bill.,http://wapp.capitol.tn.gov/apps/BillInfo/default.aspx?BillNumber=HB7084&GA=113
HB7085,113th,2023_2024,SS1,SB7056,Sexton,,McNally,"AN ACT to amend Tennessee Code Annotated, Title 37; Title 39; Title 40; Chapter 264 of the Public Acts of 2023 and Chapter 363 of the Public Acts of 2023, relative to juvenile justice.","Expunction - As introduced, states that the juvenile court records of a person who was transferred from juvenile court to be tried as an adult in criminal court and who is subsequently convicted may be expunged only by a court order issued under the court in which the person was convicted. - Amends TCA Title 37; Title 39; Title 40; Chapter 264 of the Public Acts of 2023 and Chapter 363 of the Public Acts of 2023.",NOT SIGNIFICANT,Abstract summarizes the bill.,http://wapp.capitol.tn.gov/apps/BillInfo/default.aspx?BillNumber=HB7085&GA=113
HB7086,113th,2023_2024,SS1,SB7019,Williams,"Todd, Hill, Butler",Bailey,"AN ACT to amend Tennessee Code Annotated, Section 49-6-815, relative to school safety.","Teachers, Principals and School Personnel - As introduced, authorizes a faculty or staff member of a school to carry a concealed handgun on school grounds subject to certain conditions, including obtaining an enhanced handgun carry permit and completing basic training in school policing. - Amends TCA Section 49-6-815.",NOT SIGNIFICANT,"Present law authorizes the following people to possess and carry a firearm on the grounds of the school at which they are assigned: (1) A person employed by an LEA as a faculty or staff member at a school within the LEA; or (2) A person assigned to a school in accordance with a memorandum of understanding (""MOU"") between the chief of the appropriate law enforcement agency and the LEA. Present law further provides that, in order to possess and carry a firearm on the grounds of the school pursuant to (1) or (2), the person must: (1) Be authorized to possess and carry a firearm pursuant to present law concerning enhanced handgun carry permits; (2) Have the joint written authorization of the director of schools in conjunction with the principal of the school to carry or possess a firearm on school property; and (3) Be a law enforcement officer, or have prior service as a law enforcement officer, and be in compliance with all laws, rules and regulations of the POST commission, and have successfully completed (at the person's own expense) 40 hours in basic training in school policing. Subject to certain exceptions listed at the end of this Summary, this bill specifies a process for a faculty or staff member who does not have law enforcement training to obtain authorization to carry a concealed handgun on school property at the school to which the person is assigned, if such person: (1) Holds an enhanced handgun carry permit; (2) Has written authorization from the chief of the appropriate law enforcement agency to carry or possess a concealed handgun on school grounds; (3) Not be prohibited from purchasing, possessing, and carrying a handgun as determined by criminal history background checks performed by both the TBI and FBI; (4) Undergoes a psychological examination conducted by a Tennessee licensed psychologist or psychiatrist, to determine whether the person is free from any impairment that under the examiner’s professional judgment would affect such person’s ability to safely possess and carry a concealed handgun on the grounds of a school; (5) Completes 40 hours of POST-approved basic training in school policing at the person's own expense; and (6) Is not a student at the school where the person seeks authorization to carry a concealed handgun. A faculty or staff member who carries a concealed handgun on school property pursuant to this bill will be prohibited from: (1) Carrying the handgun openly; or (2) Carrying the handgun at certain venues and in certain meetings specified in the full text of this bill. This bill specifies that an LEA and law enforcement agency are immune from claims for monetary damages that arise solely from, or that are related to, a faculty or staff member's use of, or failure to use, a handgun; provided, that the faculty or staff member is authorized to carry the handgun pursuant to this bill. The requirements for law enforcement officers and persons with prior service as law enforcement officers to carry firearms on school property under this bill are substantially the same as present law. This bill specifies that confidentiality requirements for persons who are authorized to carry firearms on school property under present law will apply non-law enforcement faculty and staff who obtain authorization to carry a concealed handgun on school property. This bill does not apply to: (1) Schools within the department of children's services' LEA; or (2) Schools within the department of correction's LEA.",http://wapp.capitol.tn.gov/apps/BillInfo/default.aspx?BillNumber=HB7086&GA=113
HB7087,113th,2023_2024,SS1,SB7046,Johnson G,Clemmons,Oliver,"AN ACT to amend Tennessee Code Annotated, Title 39 and Title 40, relative to stalking offenses.","Criminal Offenses - As introduced, provides that when a person commits stalking, aggravated stalking, or especially aggravated stalking, and the offense was committed due to the defendant's bias motivation against the victim, then the offense is a hate crime and shall be punished one classification higher than otherwise provided. - Amends TCA Title 39 and Title 40.","Increase State Expenditures - $17,900 Incarceration----- Decrease Local Expenditures - $1,000/FY23-24----- $1,400/FY24-25 and Subsequent Years",Abstract summarizes the bill.,http://wapp.capitol.tn.gov/apps/BillInfo/default.aspx?BillNumber=HB7087&GA=113
HB7088,113th,2023_2024,SS1,SB7039,Harris,,Oliver,"AN ACT to amend Tennessee Code Annotated, Title 8; Title 33; Title 56 and Title 71, relative to coverage of mental health services.","Insurance, Health, Accident - As introduced, enacts the ""Mental Health Parity Act."" - Amends TCA Title 8; Title 33; Title 56 and Title 71.","Other Fiscal Impact - If the Division of TennCare is required to provide additional coverage for mental health and substance abuse services based on a different definition of medical necessity, then expenditures will increase. Any such increase is dependent on a number of unknown factors and cannot be reasonably quantified.","This bill requires every state healthcare entity to provide coverage for the treatment of mental health or substance use disorders in accordance with the federal Mental Health Parity and Addiction Equity Act of 2008, which must be at least as extensive and provide at least the same degree of coverage as that provided by the entity for the treatment of other types of physical illnesses. As used in this bill, ""state healthcare entity"" means an entity that provides or arranges health care on a prepaid, capitated, or fee for service basis to enrollees or recipients of the state health plan, the TennCare program, or CoverKids program, including any insurer, managed care organization, administrative services organization, utilization management organization, or other entity. This bill requires the coverage described above to also cover the spouse and the dependents of the insured if the insured's spouse and dependents are covered under the benefit plan, policy, or contract. Additionally, the coverage must not contain any exclusions, reductions, or other limitations as to coverages, deductibles, or coinsurance provisions which apply to the treatment of mental health or substance use disorders unless such provisions apply generally to other similar benefits provided or paid for under the state health plan.REQUIREMENTS OF STATE HEALTHCARE ENTITIES This bill requires every state healthcare entity to do the following: (1) Provide such coverage for children, adolescents, and adults; (2) Apply the definitions of generally accepted standards of mental health or substance use disorder care, medically necessary, and mental health or substance use disorder in making any medical necessity, prior authorization, or utilization review determinations under such coverage; (3) Ensure that any subcontractor or affiliate responsible for management of mental health and substance use disorder care on behalf of the state healthcare entity complies with this bill; (4) Process hospital claims for emergency healthcare services for mental health or substance use disorders in accordance with this section regardless of whether a member is treated in an emergency department; and (5) No later than January 1, 2024, and annually thereafter, submit a report to the commissioner of commerce and insurance (the ""commissioner"") that contains the comparative analysis and other information required of insurers under the federal Mental Health Parity and Addiction Equity Act of 2008 and which delineates the comparative analysis and written processes and strategies used to apply benefits for children, adolescents, and adults.PUBLICATION OF REPORTS No later than January 1, 2025, and annually thereafter, this bill requires the commissioner to publish on the department's website in a prominent location the reports submitted to the commissioner.RULEMAKING AUTHORITY This bill authorizes the department of commerce and insurance to promulgate rules to effectuate this bill.APPLICABILITY This bill applies to policies entered into, amended, or renewed on or after October 1, 2023.",http://wapp.capitol.tn.gov/apps/BillInfo/default.aspx?BillNumber=HB7088&GA=113
HB7089,113th,2023_2024,SS1,SB7069,Harris,,Akbari,"AN ACT to amend Tennessee Code Annotated, Title 33; Title 38; Title 39 and Title 40, relative to mental health of a detainee.","Mental Illness - As introduced, requires that a law enforcement officer detain a person for mental health examination prior to issuing a charge or arrest if the officer has reason to believe the person is subject to detention for the purpose of examination for certification of need for care and treatment. - Amends TCA Title 33; Title 38; Title 39 and Title 40.",NOT SIGNIFICANT,Abstract summarizes the bill.,http://wapp.capitol.tn.gov/apps/BillInfo/default.aspx?BillNumber=HB7089&GA=113
HB7090,113th,2023_2024,SS1,SB7040,Harris,Clemmons,Oliver,"AN ACT to amend Tennessee Code Annotated, Title 54 and Title 55, relative to the safe storage of firearms.","Transportation, Dept. of - As introduced, requires the department, in the months of November 2023, February 2024, and May 2024, to use its existing permanent electronic overhead informational displays located on the interstate system to provide periodic messages to the motoring public that encourage the safe storage of firearms; allows the department to develop guidelines, in consultation with the department of safety, for the content of a message to be placed on the displays. - Amends TCA Title 54 and Title 55.","Other Fiscal Impact – The use of electronic highway signs in the manner required by this legislation may not be acceptable by the Federal Highway Administration. If found unacceptable by the Administration, this legislation could result in a loss in federal highway funding. The amount and timing of any such loss in federal highway funding cannot be determined with reasonable certainty.",Abstract summarizes the bill.,http://wapp.capitol.tn.gov/apps/BillInfo/default.aspx?BillNumber=HB7090&GA=113
HB7091,113th,2023_2024,SS1,SB7045,Harris,,Oliver,"AN ACT to amend Tennessee Code Annotated, Title 39, relative to threats of mass violence.","Criminal Offenses - As introduced, creates the Class E felony of knowingly threatening to commit an act of mass violence against another and frightening the other person; classifies the offense as a hate crime, to be punished one classification higher than otherwise provided, if the offense was committed by carrying a firearm into certain venues. - Amends TCA Title 39.","Increase State Expenditures – $2,766,900 Incarceration",Abstract summarizes the bill.,http://wapp.capitol.tn.gov/apps/BillInfo/default.aspx?BillNumber=HB7091&GA=113
HB7092,113th,2023_2024,SS1,SB7048,Pearson,Harris,Yarbro,"AN ACT to amend Tennessee Code Annotated, Title 49 and Chapter 367 of the Public Acts of 2023, relative to school safety.","Local Education Agencies - As introduced, adds local law enforcement officials to those who are appointed to each district-wide school safety team; specifies that each district-wide school safety team and each building-level school safety team shall annually review the respective district-wide school safety plan or building-level school safety plan. - Amends TCA Title 49 and Chapter 367 of the Public Acts of 2023.",NOT SIGNIFICANT,Abstract summarizes the bill.,http://wapp.capitol.tn.gov/apps/BillInfo/default.aspx?BillNumber=HB7092&GA=113
HB7093,113th,2023_2024,SS1,SB7070,Harris,,Akbari,"AN ACT to amend Tennessee Code Annotated, Title 49 and Chapter 367 of the Public Acts of 2023, relative to school safety plans.","Education - As introduced, requires the department of safety, in conjunction with the department of education to, at least once every three years, conduct an inspection of the facilities of each public school in this state that serves students in pre-K-12 to assess the safety and security of the public school's facilities. - Amends TCA Title 49 and Chapter 367 of the Public Acts of 2023.",NOT SIGNIFICANT,Abstract summarizes the bill.,http://wapp.capitol.tn.gov/apps/BillInfo/default.aspx?BillNumber=HB7093&GA=113
HB7094,113th,2023_2024,SS1,SB7031,Harris,Clemmons,Oliver,"AN ACT to amend Tennessee Code Annotated, Title 39 and Title 40, relative to threats of mass violence.","Criminal Offenses - As introduced, creates the Class E felony of knowingly threatening to commit an act of mass violence against another and frightening the other person; classifies the offense as a hate crime, to be punished one classification higher than otherwise provided, if the offense was committed due to a bias motivation. - Amends TCA Title 39 and Title 40.","Increase State Expenditures – $2,766,900 Incarceration",Abstract summarizes the bill.,http://wapp.capitol.tn.gov/apps/BillInfo/default.aspx?BillNumber=HB7094&GA=113
HB7095,113th,2023_2024,SS1,SB7047,Harris,,Yarbro,"AN ACT to amend Tennessee Code Annotated, Title 49 and Chapter 367 of the Public Acts of 2023, relative to school safety plans.","Education - As introduced, adds to requirements for school safety plans that the plans include measures to ensure district employees, including substitute teachers, have classroom access to communications devices that allow for immediate contact with first responders. - Amends TCA Title 49 and Chapter 367 of the Public Acts of 2023.","Other Fiscal Impact – To the extent that schools choose to purchase additional equipment or upgrade existing technology in a classroom, a permissive increase in local expenditures may occur. However, due to multiple unknown variables a precise fiscal impact cannot be reasonably determined.",Abstract summarizes the bill.,http://wapp.capitol.tn.gov/apps/BillInfo/default.aspx?BillNumber=HB7095&GA=113
HB7096,113th,2023_2024,SS1,SB7050,Harris,,Campbell,"AN ACT to amend Tennessee Code Annotated, Title 9; Title 49; Title 67 and Chapter 367 of the Public Acts of 2023, relative to educational expenses for school safety plans.","Education - As introduced, requires the department of education to establish a school bulletproofing grant program to provide grants to public schools located in counties with a crime rate of 13 percent or higher for violent offenses, for the purpose of offsetting expenses for the installation of bulletproof film on doors and windows. - Amends TCA Title 9; Title 49; Title 67 and Chapter 367 of the Public Acts of 2023.","Increase State Expenditures - $100,000,000/FY23-24 -----Other Fiscal Impact – To the extent that the grants do not cover the costs for LEAs and public charter schools to install bullet-resistant or entry-resistant film on the glass panel of each exterior entry or basement-level window, a permissive increase in local expenditures may occur. Due to multiple unknown variables, the extent and timing of any such local fiscal impact cannot be reasonably determined.","This bill requires the department of education (the ""department"") to establish and administer a school bulletproofing grant program. The purpose of the program is to provide grants to eligible schools to have installed a clear, bullet-resistant or entry-resistant film on the glass panel of each exterior entry or basement-level window and door to prevent individuals from entering the school building without authorization by breaking the glass in an exterior entry or basement-level window or door. As used in this bill, ""eligible school"" means an LEA or a public charter school located in a county that has a crime rate of 13 percent or higher for violent offenses as of October 1, 2023, based on Crimelnsight data from the Tennessee bureau of investigation, CJIS division, statistical analysis center.SCHOOL BULLETPROOFING GRANTS This bill creates a separate fund within the general fund to be known as the school bulletproofing grant fund. The fund is composed of funds appropriated by the general assembly for the fund and gifts, grants, and other donations received by the department for the fund. This bill states that it is the legislative intent that funding in the amount of $100 million be appropriated in fiscal year 2023-2024 in an appropriations act for awarding grants from the fund. Subject to the availability of funds, this bill requires the department to allocate and disperse grants each fiscal year to eligible schools. The grants must be awarded on a first-come, first-served basis. A grant is limited to the cost associated for the school to install bullet-resistant or entry-resistant film in accordance with subsection (b); provided, that the grant is not more than $50,000 per eligible school in a fiscal year.RULEMAKING AUTHORITY This bill authorizes the state board of education to promulgate rules to effectuate this bill.REPORT On or before January 1, 2025, and by January 1 of each subsequent year, this bill requires the department to prepare a report to the general assembly regarding the funds received and payments made by the fund.",http://wapp.capitol.tn.gov/apps/BillInfo/default.aspx?BillNumber=HB7096&GA=113
HB7097,113th,2023_2024,SS1,SB7041,Harris,Clemmons,Oliver,"AN ACT to amend Tennessee Code Annotated, Title 39; Title 49 and Chapter 367 of the Public Acts of 2023, relative to school safety.","Education, Dept. of - As introduced, requires the department to report in detail to the general assembly the types of threats of violence reported by LEAs and public charter schools and include its findings and any recommendations related to school safety; requires the report to be submitted by January 1 of each year.  - Amends TCA Title 39; Title 49 and Chapter 367 of the Public Acts of 2023.",NOT SIGNIFICANT,Abstract summarizes the bill.,http://wapp.capitol.tn.gov/apps/BillInfo/default.aspx?BillNumber=HB7097&GA=113
HB7098,113th,2023_2024,SS1,SB7026,Kumar,,Hensley,"AN ACT to amend Tennessee Code Annotated, Title 33 and Title 39, Chapter 17, Part 13, relative to firearms.","Safety, Dept. of - As introduced, requires the department to establish the Tennessee voluntary do not sell firearms list to prohibit the possession, transportation, and sale of firearms to any person who is voluntarily admitted to a public or private hospital or treatment resource for diagnosis, observation, and treatment of a mental illness or serious emotional disturbance and voluntarily registers to be enrolled to the list.   - Amends TCA Title 33 and Title 39, Chapter 17, Part 13.","Increase State Expenditures – $132,100/FY23-24/Handgun Division----- $172,800/FY24-25 and Subsequent Years/----- Handgun Division","This bill requires the department of safety (the ""department"") to establish the Tennessee voluntary do not sell firearms list to prohibit the possession, transportation, and sale of firearms to any person who is voluntarily admitted to a public or private hospital or treatment resource for diagnosis, observation, and treatment of a mental illness or serious emotional disturbance and voluntarily registers to be enrolled to the list.VOLUNTARY DO NOT SELL FIREARMS LIST This bill requires the department to create an enrollment form for the voluntary do not sell firearms list that includes the following: (1) A space for the registering person to designate an individual as a guardian angel if the registering person wishes to do so. The guardian angel must be informed if the registering person revokes enrollment on the voluntary do not sell firearms list. The registering person is responsible for providing contact information for the guardian angel. Upon submitting an enrollment form designating a guardian angel, the department shall notify the designated person of the effect of such designation and allow the designated person to consent or decline to be included as a guardian angel. The designated guardian angel has no obligation to or liability for failure to receive, or remain available to receive, or act upon the information received if the registering person revokes the enrollment on the voluntary do not sell firearms list; (2) A list of the firearms owned by the registering person and the disposition of each firearm; and (3) An attestation that the registering person does not currently possess or have access to any other firearms at the time of filing the enrollment form. This bill also requires the department to do the following: (1) Offer to provide a person seeking to enroll with information on mental health resources available to the person; (2) Require the person to present a valid photo identification to verify the person's identity prior to accepting the enrollment form; and (3) Maintain and update the voluntary do not sell firearms list, such that a gun dealer can be advised that the department's records indicate a firearm buyer is prohibited from purchasing, possessing, or transporting a firearm.REVOCATION OF ENROLLMENT No sooner than 14 calendar days after enrolling onto the voluntary do not sell firearms list, this bill authorizes a person to file a revocation of enrollment with the department. The filing of a revocation form allows the person executing the form to purchase or possess a firearm after the department has completed processing the form, unless the person is otherwise ineligible to purchase or possess a firearm under federal or state law. The department shall require a valid photo identification to verify the person's identity prior to accepting the form. By the end of the seventh business day following the date on which the form was received, the department must notify the person that the person's name has been removed from the voluntary do not sell firearms list, inform the person's guardian angel of the removal, if the person has designated a guardian angel, and destroy all records related to the person's enrollment on the voluntary do not sell firearms list. Within seven days of receiving a revocation form, the department must remove the person from the national instant criminal background check system and other federal or state computer-based systems used by law enforcement to identify prohibited purchasers of firearms in which the person's enrollment on the voluntary do not sell firearms list was entered, unless the person is otherwise ineligible to purchase or possess a firearm under federal or state law. PERJURY This bill provides that a person who knowingly makes a false statement regarding the person's identity on an enrollment or revocation form for the voluntary do not sell firearms list commits the offense of perjury.RULEMAKING AUTHORITY This bill authorizes the department to promulgate rules to effectuate this bill.CONFIDENTIALITY PROTECTIONS This bill requires the department to withhold from public disclosure all information regarding a request to be enrolled onto or removed from the voluntary do not sell firearms list and any other personal identifying information contained in or related to the list, except that such information may be disclosed to a law enforcement officer acting in the performance of official duties, to the applicant with respect to the applicant's own information, or in the course of certain criminal prosecutions. Records obtained and produced pursuant to this bill are confidential and are not an open record. Additionally, a form used to enroll onto or withdraw from the voluntary do not sell firearms list must not be considered by a court in a legal proceeding in which the person executing the form is a party, except that such a form may be used in a criminal prosecution for the Class A misdemeanor offense, created by this bill, of a person who is enrolled onto the voluntary do not sell firearms list purchasing, possessing, or transporting a firearm. This bill also prohibits a person appropriately licensed by the federal government to stock and sell firearms to make such sales to persons who are enrolled onto the voluntary do not sell firearms list.",http://wapp.capitol.tn.gov/apps/BillInfo/default.aspx?BillNumber=HB7098&GA=113
HB7099,113th,2023_2024,SS1,SB7095,Freeman,"Davis A, Clemmons, Harris",Campbell,"AN ACT to amend Tennessee Code Annotated, Title 33; Title 36; Title 38 and Title 39, relative to orders of protection.","Firearms and Ammunition - As introduced, allows a court to issue a risk protection order upon a finding by clear and convincing evidence that a person poses a significant danger of causing personal injury to the person or others if allowed to possess or purchase a firearm; authorizes a law enforcement officer to petition for the risk protection order. - Amends TCA Title 33; Title 36; Title 38 and Title 39.","Increase State Expenditures - $500,200/FY23-24----- $180,000/FY24-25 and Subsequent Years----- $119,700 Incarceration","This bill creates an action known as a petition for a risk protection order (""petition""). This bill authorizes a petition to be filed by a law enforcement officer or law enforcement agency (the ""petitioner""). This bill requires that the petition be filed in the county where the petitioner's law enforcement office is located, as applicable, or the county where the respondent resides. Additionally, a petition does not require either party to be represented by an attorney. This bill also clarifies that attorney fees must not be awarded in any proceeding concerning a petition. This bill requires a petition to do the following: (1) Allege that the respondent poses a significant danger of causing personal injury to the respondent's self or others by having a firearm or any ammunition in the respondent's custody or control or by purchasing, possessing, or receiving a firearm or any ammunition, and must be accompanied by an affidavit made under oath stating the specific statements, actions, or facts that give rise to a reasonable fear of significant dangerous acts by the respondent, including the respondent exhibiting suicidal or homicidal ideation; (2) Identify the quantities, types, and locations of all firearms and ammunition the petitioner believes to be in the respondent's current ownership, possession, custody, or control; (3) Identify whether there is a known existing protection order governing the respondent; and (4) Include a physical description of the respondent and the respondent's last known location. This bill requires the petitioner to make a good faith effort to provide notice to a family or household member of the respondent and to any known third party who may be at risk of violence. The notice must state that the petitioner intends to petition the court for a temporary mental health order of protection or has already done so and must include referrals to appropriate resources. The petitioner must attest in the petition to having provided such notice or must attest to the steps that will be taken to provide such notice. The petitioner must also list the address of record on the petition as being where the appropriate law enforcement agency is located. This bill prohibits a court or a public agency from charging fees for filing or for service of process to a petitioner seeking relief under this bill and must provide the necessary number of certified copies, forms, and instructional brochures free of charge. Additionally, a person is not required to post a bond to obtain relief in any proceeding concerning a petition. This bill places jurisdiction in the circuit courts of this state over proceedings concerning a petition. Upon receipt of a petition, the court must order a hearing to be held no later than 14 days after the date the petition is filed and must issue a notice of hearing to the respondent. This bill requires the court clerk to cause a copy of the notice of hearing and petition to be forwarded on or before the next business day to the appropriate law enforcement agency for service upon the respondent. The court must also order the respondent to undergo an assessment for suicidal or homicidal ideation. Upon notice and a hearing on the matter, if the court finds by clear and convincing evidence that the respondent poses a significant danger of causing personal injury to the respondent or others by having in the respondent's custody or control, or by purchasing, possessing, or receiving a firearm or any ammunition, then this bill requires the court to issue a temporary mental health order of protection (""risk protection order"") for an appropriate period of up to 180 days. In determining whether grounds for a risk protection order exist, this bill requires the court to consider the reported results of the ordered assessment for suicidal or homicidal ideation, and authorizes the court to consider any additional relevant evidence. A person, including an officer of the court, who offers evidence or recommendations relating to the petition must present the evidence or recommendations in writing to the court with copies to each party and the party's attorney, if retained, or present the evidence under oath at a hearing at which all parties are present. This bill provides that, during the hearing, the court must consider whether a mental health evaluation or substance abuse assessment is appropriate and may order such evaluations if appropriate.REQUIREMENTS OF A RISK PROTECTION ORDER This bill requires a risk protection order to include the following: (1) A statement of the grounds supporting the issuance of the order; (2) The date the order was issued; (3) The date the order ends; (4) Whether a mental health evaluation or substance abuse assessment of the respondent is required; (5) The address of the court in which any responsive pleading should be filed; (6) A description of the requirements for the surrender of all firearms and ammunition that the respondent owns; and (7) The following statement: To the subject of this protection order: This order will last until the date noted above. If you have not done so already, you must surrender immediately to the (insert name of local law enforcement agency) all firearms and ammunition that you own or have in your custody, control, or possession and any license to carry a handgun issued to you under Tennessee Code Annotated, § 39-17-1351 or § 39-17-1366. You may not have in your custody or control, or purchase, possess, receive, or attempt to purchase or receive, a firearm or ammunition while this order is in effect. You have the right to request a hearing to vacate this order, starting after the date of the issuance of this order, and to request another hearing after every extension of this order, if any. You may seek the advice of an attorney as to any matter connected with this order.DECISION TO ISSUE OR NOT ISSUE A RISK PROTECTION ORDER If the court issues a risk protection order, then this bill requires the court to inform the respondent that the respondent is entitled to request a hearing to vacate the order. The court must provide the respondent with a form to request a hearing to vacate. However, if the court denies the petitioner's request for a risk protection order, then the court must issue a written order stating the particular reasons for the denial.SERVICE BY SHERIFF This bill requires the court clerk to furnish a copy of the notice of hearing, assessment order, and petition, and risk protection order to the sheriff of the county where the respondent resides or can be found, who must then serve it upon the respondent as soon as possible. When requested by the sheriff, the court clerk may transmit a facsimile copy of a risk protection order that has been certified by the court clerk, and such copy may be served in the same manner as a certified copy. However, upon receiving a facsimile copy, the sheriff must verify receipt with the sender before attempting to serve it upon the respondent. The court clerk is responsible for furnishing to the sheriff information on the respondent's physical description and location. Service under these provisions takes precedence over the service of other documents, unless the other documents are of a similar emergency nature.SERVICE BY COURT CLERK This bill provides that all orders issued, changed, continued, extended, or vacated after the original service of documents must be certified by the court clerk and delivered to the parties at the time of the entry of the order. The parties may acknowledge receipt of such order in writing on the face of the original order. If a party fails or refuses to acknowledge the receipt of a certified copy of an order, then the clerk must note on the original order that service was effected. If delivery at the hearing is not possible, then the clerk must mail certified copies of the order to the parties at the last known address of each party. Service by mail is complete upon mailing. When an order is served pursuant to these provisions, then the clerk must prepare a written certification to be placed in the court file specifying the time, date, and method of service and must notify the sheriff.REQUEST TO VACATE A RISK PROTECTION ORDER This bill authorizes the respondent to submit one written request for a hearing to vacate a risk protection order, starting after the date of the issuance of the order, and to request another hearing after every extension of the order, if any. Upon receipt of the request for a hearing to vacate a risk protection order, the court must set a date for a hearing. Notice of the request and hearing must be served on the petitioner in accordance with the notice provisions described in the prior two paragraphs The hearing must occur no sooner than 14 days and no later than 30 days after the date of service of the request upon the petitioner. This bill places upon the respondent the burden of proving by clear and convincing evidence that the respondent does not pose a significant danger of causing personal injury to the respondent or others by having in the respondent's custody or control, purchasing, possessing, or receiving a firearm or ammunition. This bill authorizes the court to consider any relevant evidence. If the court finds after the hearing that the respondent has met the burden of proof, then the court must vacate the order. This bill requires the court clerk to notify the law enforcement agency holding any firearm or ammunition or handgun carry permit that has been surrendered of the court order to vacate the order. The court must also notify the petitioner of the impending end of a risk protection order. Notice must be received by the petitioner at least 30 days before the date the order ends.REQUEST OF EXTENSION OF RISK PROTECTION ORDER This bill authorizes the petitioner, by motion, to request an extension of a risk protection order at any time within 30 days before the end of the order. Upon receipt of the motion to extend, the court must order that a hearing be held no later than 14 days after receipt of the motion and must schedule such hearing. However, if the motion to extend is filed within 14 days of the date the risk protection order is due to expire, then the court must also order a temporary extension of the risk protection order to coincide with the date of the hearing. The respondent must be personally served in the same manner provided by the notice provisions described earlier. This bill authorizes the court to consider all relevant evidence in determining whether to extend a risk protection order. If the court finds by clear and convincing evidence that the requirements for issuance of a risk protection order continue to be met, then the court must extend the order. However, if, after notice to the respondent, the motion for extension is uncontested and no modification of the order is sought, then the order may be extended on the basis of a motion or affidavit stating that there has been no material change in relevant circumstances since entry of the order and stating the reason for the requested extension. The court may extend a risk protection order for a period that it deems appropriate, up to 180 days.SURRENDER OF FIREARMS Upon issuance of a risk protection order, this bill requires the court to order the respondent to surrender to the local law enforcement agency all firearms and ammunition owned by the respondent or in the respondent's custody, control, or possession, except as otherwise provided in this bill, and any handgun carry permit, held by the respondent. This bill requires the law enforcement officer serving a risk protection order to request that the respondent immediately surrender all firearms and ammunition owned by the respondent or in the respondent's custody, control, or possession and any handgun carry permit held by the respondent. The law enforcement officer must take possession of all firearms and ammunition owned by the respondent or in the respondent's custody, control, or possession and any handgun carry permit held by the respondent, which are surrendered. Alternatively, if personal service by a law enforcement officer is not possible or is not required because the respondent was present at the risk protection order hearing, then this bill requires the respondent to surrender any firearms and ammunition owned by the respondent or in the respondent's custody, control, or possession and any handgun carry permit, held by the respondent, in a safe manner to the control of the local law enforcement agency immediately after being served with the order by service or immediately after the hearing at which the respondent was present. This bill authorizes a law enforcement officer to seek a search warrant from a court of competent jurisdiction to conduct a search for firearms or ammunition owned or held by the respondent if the officer has probable cause to believe that there are firearms or ammunition in the respondent's custody, control, or possession that have not been surrendered. At the time of surrender, this bill requires the law enforcement officer taking possession of any firearm or ammunition, or any handgun carry permit, to issue a receipt identifying all firearms and the quantity and type of ammunition that have been surrendered, and any permit surrendered, and to provide a copy of the receipt to the respondent. Within 72 hours after service of the order, the law enforcement officer serving the order must file the original receipt with the court and ensure that the officer's law enforcement agency retains a copy of the receipt. Upon the sworn statement or testimony of any person alleging that the respondent has failed to comply with the surrender of firearms or ammunition as required by an order, this bill requires the court to determine whether probable cause exists to believe that the respondent has failed to surrender all firearms or ammunition owned by the respondent or in the respondent's custody, control, or possession. If the court finds that probable cause exists, then the court must issue a warrant describing the firearms or ammunition owned or possessed by the respondent and authorizing a search of the locations where the firearms or ammunition owned or possessed by the respondent are reasonably believed to be found and the seizure of any firearms or ammunition owned or possessed by the respondent discovered pursuant to the search. This bill provides that, if a person other than the respondent claims title to any firearms or ammunition surrendered pursuant to this bill and the person is determined by the law enforcement agency to be the lawful owner of the firearm or ammunition, then the firearm or ammunition must be returned to the person, if the following conditions exist: (1) The lawful owner agrees to store the firearm or ammunition in a manner such that the respondent does not have access to or control of the firearm or ammunition; and (2) The firearm or ammunition is not otherwise unlawfully possessed by the owner. Upon the issuance of a risk protection order, this bill requires the court to order a new hearing date and require the respondent to appear no later than three business days after the issuance of the order. At the hearing, the court must require proof that the respondent has surrendered any firearms or ammunition owned by the respondent or in the respondent's custody, control, or possession. However, the court may cancel the hearing upon a satisfactory showing that the respondent is in compliance with the order. This bill requires all law enforcement agencies to develop policies and procedures regarding the acceptance, storage, and return of firearms, ammunition, or licenses required to be surrendered under this bill.RETURN OF FIREARMS, AMMUNITION, AND PERMITS This bill provides that, if a risk protection order is vacated or ends without extension, then a law enforcement agency holding a firearm or any ammunition or any handgun carry permit, held by the respondent, that has been surrendered or seized pursuant to a risk protection order must return the items, as requested by a respondent only after confirming through a background check that the respondent is currently eligible to own or possess the items under federal and state law and after confirming with the court that the risk protection order has been vacated or has ended without extension. This bill further provides that, if a risk protection order of protection is vacated or ends without extension, then the department of safety, if the department has suspended a handgun carry permit pursuant to the entry of a risk protection order, must reinstate the permit only after confirming that the respondent is currently eligible to have a handgun carry permit. This bill requires a law enforcement agency to provide notice to any family or household members of the respondent before returning any surrendered items. Any surrendered items that remain unclaimed by the lawful owner for one year after the order to vacate the risk protection order must be disposed of pursuant to current law relative to disposing of such items.SURRENDER OF FIREARMS AND AMMUNITION THROUGH TRANSFER This bill authorizes a respondent to elect to transfer all firearms and ammunition owned by the respondent that have been surrendered to or seized by a local law enforcement agency pursuant to the risk protection order to another person who is willing to receive the items. This bill requires the law enforcement agency to allow such a transfer only if it is determined that the chosen recipient meets the following criteria: (1) Currently is eligible to own or possess the items under federal and state law after confirmation through a background check; (2) Attests to storing the items in a manner such that the respondent does not have access to or control of the items until the risk protection order is vacated or ends without extension; and (3) Attests not to transfer the items back to the respondent until the risk protection order against the respondent is vacated or ends without extension.ENTERING AND REMOVING ORDER IN DATABASES Within 24 hours after issuance of an order, this bill requires the court clerk to enter any risk protection order into the uniform case reporting system. During that same time period, the court clerk must also forward a copy of an order to the appropriate law enforcement agency specified in the order. Upon receipt of the copy of the order, the law enforcement agency must enter the order into the national crime information center and similar state databases. The order must remain in each system for the period stated in the order, and the law enforcement agency may only remove an order from the systems that has ended or has been vacated. Entry of the order into the national crime information center and similar state databases constitutes notice to all law enforcement agencies of the existence of the order. The order is fully enforceable in any county in this state. This bill requires the issuing court, within three business days after issuance of a risk protection order, to forward all available identifying information concerning the respondent, along with the date of order issuance, to the department of safety. Upon receipt of the information, the department must determine if the respondent has a handgun carry permit. If the respondent does have a handgun carry permit, then the department must immediately suspend the permit. This bill provides that, if a risk protection order is vacated before its end date, then the court clerk, on the day of the order to vacate, must forward a copy of the order to the department of safety and the appropriate law enforcement agency specified in the order to vacate. Upon receipt of the order, the law enforcement agency must promptly remove the order from any computer-based system in which it was entered.ADDITIONAL OFFENSES This bill provides that a person who makes a false statement under oath in a hearing held pursuant to this bill in regard to any material matter commits perjury. Additionally, a person who has in the person's custody or control a firearm or any ammunition or who purchases, possesses, or receives a firearm or any ammunition with knowledge that the person is prohibited from doing so by an order commits a Class E felony.PROTECTION FROM LIABILITY Except as otherwise specified above, this bill clarifies that there is no criminal or civil liability on any person or entity for acts or omissions related to obtaining a risk protection order, including, but not limited to, providing notice to the petitioner, a family or household member of the respondent, and any known third party who may be at risk of violence or failure to provide such notice, or reporting, declining to report, investigating, declining to investigate, filing, or declining to file, a petition.INSTRUCTIONS, INFORMATIONAL BROCHURES, AND STANDARD FORMS This bill requires the AOC to develop and prepare instructions and informational brochures, standard petitions and risk protection order forms, and a court staff handbook on the risk protection order process. The standard petition and order forms must be used after January 1, 2024, for all petitions filed and orders issued pursuant to § 39-17-1367. The instructions, brochures, forms, and handbook must be prepared in consultation with interested persons, including clerks, judges, and law enforcement personnel. Materials must be based on best practices and must be available online to the public. This bill requires the instructions to be designed to assist petitioners in completing the petition and must include a sample of a standard petition and order for protection forms. The instructions and standard petition must include a means for the petitioner to identify the firearms or ammunition the respondent may own, possess, receive, or have in the respondent's custody or control. The instructions must provide pictures of types of firearms and ammunition that the petitioner may choose from to identify the relevant firearms or ammunition, or must provide an equivalent means to allow petitioners to identify firearms or ammunition without requiring specific or technical knowledge regarding the firearms or ammunition. This bill requires the informational brochure to describe the use of and the process for obtaining, extending, and vacating a risk protection order and must provide relevant forms. This bill requires the risk protection order form to include, in a conspicuous location, notice of criminal penalties resulting from violation of the order and the following statement: ""You have the sole responsibility to avoid or refrain from violating this order's provisions. Only the court can change the order and only upon written request."". This bill authorizes a court clerk to create a community resource list of crisis intervention, mental health, substance abuse, interpreter, counseling, and other relevant resources serving the county in which the court is located. The court may make the community resource list available as part of or in addition to the informational brochures. This bill requires the AOC to distribute a master copy of the petition and order forms, instructions, and informational brochures to the clerks of court. Distribution of all documents must, at a minimum, be in an electronic format or formats accessible to all courts and clerks of court in the state. Within 90 days after receipt of the master copy from the AOC, this bill requires the court clerk to make available the standardized forms, instructions, and informational brochures. The AOC must update the instructions, brochures, standard petition and temporary mental health order of protection forms, and court staff handbook as necessary, including when changes in the law make an update necessary.",http://wapp.capitol.tn.gov/apps/BillInfo/default.aspx?BillNumber=HB7099&GA=113
HB7100,113th,2023_2024,SS1,SB7029,Freeman,"Clemmons, Harris",Yarbro,"AN ACT to amend Tennessee Code Annotated, Title 39, relative to temporary mental health orders of protection.","Criminal Procedure - As introduced, establishes a process for law enforcement to petition a circuit court for a temporary mental health order of protection for a person who poses a significant danger of causing personal injury to themselves or others by having a firearm. - Amends TCA Title 39.","Increase State Expenditures - $500,200/FY23-24----- $180,000/FY24-25 and Subsequent Years----- $119,700 Incarceration","This bill creates an action known as a petition for a temporary mental health order of protection (""petition""). This bill authorizes a petition to be filed by a law enforcement officer or law enforcement agency (the ""petitioner""). This bill requires that the petition be filed in the county where the petitioner's law enforcement office is located or the county where the respondent resides. Additionally, a petition does not require either party to be represented by an attorney. This bill also clarifies that attorney fees must not be awarded in any proceeding concerning a petition. This bill requires a petition to do the following: (1) Allege that the respondent poses a significant danger of causing personal injury to the respondent's self or others by having a firearm or any ammunition in the respondent's custody or control or by purchasing, possessing, or receiving a firearm or any ammunition, and must be accompanied by an affidavit made under oath stating the specific statements, actions, or facts that give rise to a reasonable fear of significant dangerous acts by the respondent; (2) Identify the quantities, types, and locations of all firearms and ammunition the petitioner believes to be in the respondent's current ownership, possession, custody, or control; (3) Identify whether there is a known existing protection order governing the respondent; and (4) Include a physical description of the respondent and the respondent's last known location. This bill requires the petitioner to make a good faith effort to provide notice to a family or household member of the respondent and to any known third party who may be at risk of violence. The notice must state that the petitioner intends to petition the court for a temporary mental health order of protection or has already done so and must include referrals to appropriate resources. The petitioner must attest in the petition to having provided such notice or must attest to the steps that will be taken to provide such notice. The petitioner must also list the address of record on the petition as being where the appropriate law enforcement agency is located. This bill prohibits a court or a public agency from charging fees for filing or for service of process to a petitioner seeking relief under this bill and must provide the necessary number of certified copies, forms, and instructional brochures free of charge. Additionally, a person is not required to post a bond to obtain relief in any proceeding concerning a petition. This bill places jurisdiction in the circuit courts of this state over proceedings concerning a petition. Upon receipt of a petition, the court must order the following: (1) A hearing to be held no later than 14 days after the date the petition is filed and must issue a notice of hearing to the respondent; and (2) The respondent to undergo an assessment for suicidal or homicidal ideation by an evaluator who has been certified by the commissioner of mental health and substance abuse services, which must occur prior to the hearing. This bill requires the court clerk to cause a copy of the notice of hearing and petition to be forwarded on or before the next business day to the appropriate law enforcement agency for service upon the respondent. Upon notice and a hearing on the matter, if the court finds by clear and convincing evidence that the respondent poses a significant danger of causing personal injury to the respondent or others by having in the respondent's custody or control, or by purchasing, possessing, or receiving a firearm or any ammunition, then this bill requires the court to issue a temporary mental health order of protection (""temporary order"") for an appropriate period of up to 180 days. In determining whether grounds for a temporary order exist, this bill authorizes the court to consider any relevant evidence. A person, including an officer of the court, who offers evidence or recommendations relating to the petition must present the evidence under oath at a hearing at which all parties are present.REQUIREMENTS OF A TEMPORARY ORDER This bill requires a temporary order to include the following: (1) A statement of the grounds supporting the issuance of the order; (2) The date the order was issued; (3) The date the order ends; (4) Whether a mental health evaluation or substance abuse assessment of the respondent is required; (5) The address of the court in which any responsive pleading should be filed; (6) A description of the requirements for the surrender of all firearms and ammunition that the respondent owns; and (7) The following statement: To the subject of this protection order: This order will last until the date noted above. If you have not done so already, you must surrender immediately to the (insert name of local law enforcement agency) all firearms and ammunition that you own or have in your custody, control, or possession and any license to carry a handgun issued to you under Tennessee Code Annotated, § 39-17-1351 or § 39-17-1366. You may not have in your custody or control, or purchase, possess, receive, or attempt to purchase or receive, a firearm or ammunition while this order is in effect. You have the right to request a hearing to vacate this order, starting after the date of the issuance of this order, and to request another hearing after every extension of this order, if any. You may seek the advice of an attorney as to any matter connected with this order.DECISION TO ISSUE OR NOT ISSUE A TEMPORARY ORDER If the court issues a temporary order, then this bill requires the court to inform the respondent that the respondent is entitled to request a hearing to vacate the order. The court must provide the respondent with a form to request a hearing to vacate. However, if the court denies the petitioner's request for a temporary order, then the court must issue a written order stating the particular reasons for the denial.SERVICE BY SHERIFF This bill requires the court clerk to furnish a copy of the notice of hearing, petition, and temporary order to the sheriff of the county where the respondent resides or can be found, who must then serve it upon the respondent as soon as possible. When requested by the sheriff, the court clerk may transmit a facsimile copy of a temporary order that has been certified by the court clerk, and such copy may be served in the same manner as a certified copy. However, upon receiving a facsimile copy, the sheriff must verify receipt with the sender before attempting to serve it upon the respondent. The court clerk is responsible for furnishing to the sheriff information on the respondent's physical description and location. Service under these provisions takes precedence over the service of other documents, unless the other documents are of a similar emergency nature.SERVICE BY COURT CLERK This bill provides that all orders issued, changed, continued, extended, or vacated after the original service of documents must be certified by the court clerk and delivered to the parties at the time of the entry of the order. The parties may acknowledge receipt of such order in writing on the face of the original order. If a party fails or refuses to acknowledge the receipt of a certified copy of an order, then the clerk must note on the original order that service was effected. If delivery at the hearing is not possible, then the clerk must mail certified copies of the order to the parties at the last known address of each party. Service by mail is complete upon mailing. When an order is served pursuant to these provisions, then the clerk must prepare a written certification to be placed in the court file specifying the time, date, and method of service and must notify the sheriff.REQUEST TO VACATE A TEMPORARY ORDER This bill authorizes the respondent to submit one written request for a hearing to vacate a temporary order, starting after the date of the issuance of the order, and to request another hearing after every extension of the order, if any. Upon receipt of the request for a hearing to vacate a temporary order, the court must set a date for a hearing. Notice of the request and hearing must be served on the petitioner in accordance with the notice provisions described in the prior two paragraphs The hearing must occur no sooner than 14 days and no later than 30 days after the date of service of the request upon the petitioner. This bill places upon the respondent the burden of proving by clear and convincing evidence that the respondent does not pose a significant danger of causing personal injury to the respondent or others by having in the respondent's custody or control, purchasing, possessing, or receiving a firearm or ammunition. This bill authorizes the court to consider any relevant evidence. If the court finds after the hearing that the respondent has met the burden of proof, then the court must vacate the order. This bill provides that, if the court vacates a temporary order, then the clerk of the court must notify the law enforcement agency holding any firearm or ammunition or handgun carry permit that has been surrendered of the court order to vacate the order. The court must also notify the petitioner of the impending end of a temporary order. Notice must be received by the petitioner at least 30 days before the date the order ends.REQUEST OF EXTENSION OF TEMPORARY ORDER This bill authorizes the petitioner, by motion, to request an extension of a temporary order at any time within 30 days before the end of the order. Upon receipt of the motion to extend, the court must order that a hearing be held no later than 14 days after receipt of the motion and must schedule such hearing. However, if the motion to extend is filed within 14 days of the date the temporary order is due to expire, then the court must also order a temporary extension of the temporary order to coincide with the date of the hearing. The respondent must be personally served in the same manner provided by the notice provisions described earlier. This bill authorizes the court to consider all relevant evidence in determining whether to extend a temporary order. If the court finds by clear and convincing evidence that the requirements for issuance of a temporary order continue to be met, then the court must extend the order. However, if, after notice to the respondent, the motion for extension is uncontested and no modification of the order is sought, then the order may be extended on the basis of a motion or affidavit stating that there has been no material change in relevant circumstances since entry of the order and stating the reason for the requested extension. The court may extend a temporary order for a period that it deems appropriate, up to 180 days.SURRENDER OF FIREARMS Upon issuance of a temporary order, this bill requires the court to order the respondent to surrender to the local law enforcement agency all firearms and ammunition owned by the respondent or in the respondent's custody, control, or possession, except as otherwise provided in this bill, and any handgun carry permit, held by the respondent. This bill requires the law enforcement officer serving a temporary order to request that the respondent immediately surrender all firearms and ammunition owned by the respondent or in the respondent's custody, control, or possession and any handgun carry permit held by the respondent. The law enforcement officer must take possession of all firearms and ammunition owned by the respondent or in the respondent's custody, control, or possession and any handgun carry permit held by the respondent, which are surrendered. Alternatively, if personal service by a law enforcement officer is not possible or is not required because the respondent was present at the temporary order hearing, then this bill requires the respondent to surrender any firearms and ammunition owned by the respondent or in the respondent's custody, control, or possession and any handgun carry permit, held by the respondent, in a safe manner to the control of the local law enforcement agency immediately after being served with the order by service or immediately after the hearing at which the respondent was present. This bill authorizes a law enforcement officer to seek a search warrant from a court of competent jurisdiction to conduct a search for firearms or ammunition owned or held by the respondent if the officer has probable cause to believe that there are firearms or ammunition in the respondent's custody, control, or possession that have not been surrendered. At the time of surrender, this bill requires the law enforcement officer taking possession of any firearm or ammunition, or any handgun carry permit, to issue a receipt identifying all firearms and the quantity and type of ammunition that have been surrendered, and any permit surrendered, and to provide a copy of the receipt to the respondent. Within 72 hours after service of the order, the law enforcement officer serving the order must file the original receipt with the court and ensure that the officer's law enforcement agency retains a copy of the receipt. Upon the sworn statement or testimony of any person alleging that the respondent has failed to comply with the surrender of firearms or ammunition as required by an order, this bill requires the court to determine whether probable cause exists to believe that the respondent has failed to surrender all firearms or ammunition owned by the respondent or in the respondent's custody, control, or possession. If the court finds that probable cause exists, then the court must issue a warrant describing the firearms or ammunition owned or possessed by the respondent and authorizing a search of the locations where the firearms or ammunition owned or possessed by the respondent are reasonably believed to be found and the seizure of any firearms or ammunition owned or possessed by the respondent discovered pursuant to the search. This bill provides that, if a person other than the respondent claims title to any firearms or ammunition surrendered pursuant to this bill and the person is determined by the law enforcement agency to be the lawful owner of the firearm or ammunition, then the firearm or ammunition must be returned to the person, if the following conditions exist: (1) The lawful owner agrees to store the firearm or ammunition in a manner such that the respondent does not have access to or control of the firearm or ammunition; and (2) The firearm or ammunition is not otherwise unlawfully possessed by the owner. Upon the issuance of a temporary order, this bill requires the court to order a new hearing date and require the respondent to appear no later than three business days after the issuance of the order. At the hearing, the court must require proof that the respondent has surrendered any firearms or ammunition owned by the respondent or in the respondent's custody, control, or possession. However, the court may cancel the hearing upon a satisfactory showing that the respondent is in compliance with the order. This bill requires all law enforcement agencies to develop policies and procedures regarding the acceptance, storage, and return of firearms, ammunition, or licenses required to be surrendered under this bill.RETURN OF FIREARMS, AMMUNITION, AND PERMITS This bill provides that, if a temporary order is vacated or ends without extension, then a law enforcement agency holding a firearm or any ammunition or any handgun carry permit, held by the respondent, that has been surrendered or seized pursuant to a temporary order must return the items, as requested by a respondent only after confirming through a background check that the respondent is currently eligible to own or possess the items under federal and state law and after confirming with the court that the temporary order has been vacated or has ended without extension. This bill further provides that, if a temporary order of protection is vacated or ends without extension, then the department of safety, if the department has suspended a handgun carry permit pursuant to the entry of a temporary order, must reinstate the permit only after confirming that the respondent is currently eligible to have a handgun carry permit. This bill requires a law enforcement agency to provide notice to any family or household members of the respondent before returning any surrendered items. Any surrendered items that remain unclaimed by the lawful owner for one year after the temporary order is vacated or ends without an extension must be disposed of pursuant to current law relative to disposing of such items.SURRENDER OF FIREARMS AND AMMUNITION THROUGH TRANSFER This bill authorizes a respondent to elect to transfer all firearms and ammunition owned by the respondent that have been surrendered to or seized by a local law enforcement agency pursuant to the temporary order to another person who is willing to receive the items. This bill requires the law enforcement agency to allow such a transfer only if it is determined that the chosen recipient meets the following criteria: (1) Currently is eligible to own or possess the items under federal and state law after confirmation through a background check; (2) Attests to storing the items in a manner such that the respondent does not have access to or control of the items until the temporary order is vacated or ends without extension; and (3) Attests not to transfer the items back to the respondent until the temporary order against the respondent is vacated or ends without extension.ENTERING AND REMOVING ORDER IN DATABASES Within 24 hours after issuance of an order, this bill requires the court clerk to enter any temporary order into the uniform case reporting system. During that same time period, the court clerk must also forward a copy of an order to the appropriate law enforcement agency specified in the order. Upon receipt of the copy of the order, the law enforcement agency must enter the order into the national crime information center and similar state databases. The order must remain in each system for the period stated in the order, and the law enforcement agency may only remove an order from the systems that has ended or has been vacated. Entry of the order into the national crime information center and similar state databases constitutes notice to all law enforcement agencies of the existence of the order. The order is fully enforceable in any county in this state. This bill requires the issuing court, within three business days after issuance of a temporary order, to forward all available identifying information concerning the respondent, along with the date of order issuance, to the department of safety. Upon receipt of the information, the department must determine if the respondent has a handgun carry permit. If the respondent does have a handgun carry permit, then the department must immediately suspend the permit. This bill provides that, if a temporary order is vacated before its end date, then the court clerk, on the day of the order to vacate, must forward a copy of the order to the department of safety and the appropriate law enforcement agency specified in the order to vacate. Upon receipt of the order, the law enforcement agency must promptly remove the order from any computer-based system in which it was entered.ADDITIONAL OFFENSES This bill provides that a person who makes a false statement under oath in a hearing held pursuant to this bill in regard to any material matter commits aggravated perjury. Additionally, a person who has in the person's custody or control a firearm or any ammunition or who purchases, possesses, or receives a firearm or any ammunition with knowledge that the person is prohibited from doing so by an order commits a Class E felony.PROTECTION FROM LIABILITY Except as otherwise specified above, this bill clarifies that there is no criminal or civil liability on any person or entity for acts or omissions related to obtaining a temporary order, including, but not limited to, providing notice to the petitioner, a family or household member of the respondent, and any known third party who may be at risk of violence or failure to provide such notice, or reporting, declining to report, investigating, declining to investigate, filing, or declining to file, a petition.INSTRUCTIONS, INFORMATIONAL BROCHURES, AND STANDARD FORMS This bill requires the AOC to develop and prepare instructions and informational brochures, standard petitions and temporary order forms, and a court staff handbook on the temporary order process. The standard petition and order forms must be used after January 1, 2024, for all petitions filed and orders issued pursuant to § 39-17-1367. The instructions, brochures, forms, and handbook must be prepared in consultation with interested persons, including clerks, judges, and law enforcement personnel. Materials must be based on best practices and must be available online to the public. This bill requires the instructions to be designed to assist petitioners in completing the petition and must include a sample of a standard petition and order for protection forms. The instructions and standard petition must include a means for the petitioner to identify the firearms or ammunition the respondent may own, possess, receive, or have in the respondent's custody or control. The instructions must provide pictures of types of firearms and ammunition that the petitioner may choose from to identify the relevant firearms or ammunition, or must provide an equivalent means to allow petitioners to identify firearms or ammunition without requiring specific or technical knowledge regarding the firearms or ammunition. This bill requires the informational brochure to describe the use of and the process for obtaining, extending, and vacating a temporary order and must provide relevant forms. This bill requires the temporary order form to include, in a conspicuous location, notice of criminal penalties resulting from violation of the order and the following statement: ""You have the sole responsibility to avoid or refrain from violating this order's provisions. Only the court can change the order and only upon written request."". This bill authorizes a court clerk to create a community resource list of crisis intervention, mental health, substance abuse, interpreter, counseling, and other relevant resources serving the county in which the court is located. The court may make the community resource list available as part of or in addition to the informational brochures. This bill requires the AOC to distribute a master copy of the petition and order forms, instructions, and informational brochures to the clerks of court. Distribution of all documents must, at a minimum, be in an electronic format or formats accessible to all courts and clerks of court in the state. Within 90 days after receipt of the master copy from the AOC, this bill requires the court clerk to make available the standardized forms, instructions, and informational brochures. The AOC must update the instructions, brochures, standard petition and temporary mental health order of protection forms, and court staff handbook as necessary, including when changes in the law make an update necessary.",http://wapp.capitol.tn.gov/apps/BillInfo/default.aspx?BillNumber=HB7100&GA=113
HB7101,113th,2023_2024,SS1,SB7042,Freeman,"Davis A, Clemmons, Harris",Oliver,"AN ACT to amend Tennessee Code Annotated, Title 33; Title 36; Title 38 and Title 39, relative to temporary mental health orders of protection.","Criminal Procedure - As introduced, establishes a process for law enforcement to petition a circuit court for a temporary mental health order of protection for a person who poses a significant danger of causing personal injury to themselves others by having a firearm. - Amends TCA Title 33; Title 36; Title 38 and Title 39.","Increase State Expenditures - $500,200/FY23-24----- $180,000/FY24-25 and Subsequent Years----- $119,700 Incarceration","This bill creates an action known as a petition for a temporary mental health order of protection (""petition""). This bill authorizes a petition to be filed by a law enforcement officer or law enforcement agency (the ""petitioner""). This bill requires that the petition be filed in the county where the petitioner's law enforcement office is located or the county where the respondent resides. Additionally, a petition does not require either party to be represented by an attorney. This bill also clarifies that attorney fees must not be awarded in any proceeding concerning a petition. This bill requires a petition to do the following: (1) Allege that the respondent poses a significant danger of causing personal injury to the respondent's self or others by having a firearm or any ammunition in the respondent's custody or control or by purchasing, possessing, or receiving a firearm or any ammunition, and must be accompanied by an affidavit made under oath stating the specific statements, actions, or facts that give rise to a reasonable fear of significant dangerous acts by the respondent; (2) Identify the quantities, types, and locations of all firearms and ammunition the petitioner believes to be in the respondent's current ownership, possession, custody, or control; (3) Identify whether there is a known existing protection order governing the respondent; and (4) Include a physical description of the respondent and the respondent's last known location. This bill requires the petitioner to make a good faith effort to provide notice to a family or household member of the respondent and to any known third party who may be at risk of violence. The notice must state that the petitioner intends to petition the court for a temporary mental health order of protection or has already done so and must include referrals to appropriate resources. The petitioner must attest in the petition to having provided such notice or must attest to the steps that will be taken to provide such notice. The petitioner must also list the address of record on the petition as being where the appropriate law enforcement agency is located. This bill prohibits a court or a public agency from charging fees for filing or for service of process to a petitioner seeking relief under this bill and must provide the necessary number of certified copies, forms, and instructional brochures free of charge. Additionally, a person is not required to post a bond to obtain relief in any proceeding concerning a petition. This bill places jurisdiction in the circuit courts of this state over proceedings concerning a petition. Upon receipt of a petition, the court must order the following: (1) A hearing to be held no later than 14 days after the date the petition is filed and must issue a notice of hearing to the respondent; and (2) The respondent to undergo an assessment for suicidal or homicidal ideation by an evaluator who has been certified by the commissioner of mental health and substance abuse services, which must occur prior to the hearing. This bill requires the court clerk to cause a copy of the notice of hearing and petition to be forwarded on or before the next business day to the appropriate law enforcement agency for service upon the respondent. Upon notice and a hearing on the matter, if the court finds by clear and convincing evidence that the respondent poses a significant danger of causing personal injury to the respondent or others by having in the respondent's custody or control, or by purchasing, possessing, or receiving a firearm or any ammunition, then this bill requires the court to issue a temporary mental health order of protection (""temporary order"") for an appropriate period of up to 180 days. In determining whether grounds for a temporary order exist, this bill authorizes the court to consider any relevant evidence. A person, including an officer of the court, who offers evidence or recommendations relating to the petition must present the evidence under oath at a hearing at which all parties are present.REQUIREMENTS OF A TEMPORARY ORDER This bill requires a temporary order to include the following: (1) A statement of the grounds supporting the issuance of the order; (2) The date the order was issued; (3) The date the order ends; (4) Whether a mental health evaluation or substance abuse assessment of the respondent is required; (5) The address of the court in which any responsive pleading should be filed; (6) A description of the requirements for the surrender of all firearms and ammunition that the respondent owns; and (7) The following statement: To the subject of this protection order: This order will last until the date noted above. If you have not done so already, you must surrender immediately to the (insert name of local law enforcement agency) all firearms and ammunition that you own or have in your custody, control, or possession and any license to carry a handgun issued to you under Tennessee Code Annotated, § 39-17-1351 or § 39-17-1366. You may not have in your custody or control, or purchase, possess, receive, or attempt to purchase or receive, a firearm or ammunition while this order is in effect. You have the right to request a hearing to vacate this order, starting after the date of the issuance of this order, and to request another hearing after every extension of this order, if any. You may seek the advice of an attorney as to any matter connected with this order.DECISION TO ISSUE OR NOT ISSUE A TEMPORARY ORDER If the court issues a temporary order, then this bill requires the court to inform the respondent that the respondent is entitled to request a hearing to vacate the order. The court must provide the respondent with a form to request a hearing to vacate. However, if the court denies the petitioner's request for a temporary order, then the court must issue a written order stating the particular reasons for the denial.SERVICE BY SHERIFF This bill requires the court clerk to furnish a copy of the notice of hearing, petition, and temporary order to the sheriff of the county where the respondent resides or can be found, who must then serve it upon the respondent as soon as possible. When requested by the sheriff, the court clerk may transmit a facsimile copy of a temporary order that has been certified by the court clerk, and such copy may be served in the same manner as a certified copy. However, upon receiving a facsimile copy, the sheriff must verify receipt with the sender before attempting to serve it upon the respondent. The court clerk is responsible for furnishing to the sheriff information on the respondent's physical description and location. Service under these provisions takes precedence over the service of other documents, unless the other documents are of a similar emergency nature.SERVICE BY COURT CLERK This bill provides that all orders issued, changed, continued, extended, or vacated after the original service of documents must be certified by the court clerk and delivered to the parties at the time of the entry of the order. The parties may acknowledge receipt of such order in writing on the face of the original order. If a party fails or refuses to acknowledge the receipt of a certified copy of an order, then the clerk must note on the original order that service was effected. If delivery at the hearing is not possible, then the clerk must mail certified copies of the order to the parties at the last known address of each party. Service by mail is complete upon mailing. When an order is served pursuant to these provisions, then the clerk must prepare a written certification to be placed in the court file specifying the time, date, and method of service and must notify the sheriff.REQUEST TO VACATE A TEMPORARY ORDER This bill authorizes the respondent to submit one written request for a hearing to vacate a temporary order, starting after the date of the issuance of the order, and to request another hearing after every extension of the order, if any. Upon receipt of the request for a hearing to vacate a temporary order, the court must set a date for a hearing. Notice of the request and hearing must be served on the petitioner in accordance with the notice provisions described in the prior two paragraphs The hearing must occur no sooner than 14 days and no later than 30 days after the date of service of the request upon the petitioner. This bill places upon the respondent the burden of proving by clear and convincing evidence that the respondent does not pose a significant danger of causing personal injury to the respondent or others by having in the respondent's custody or control, purchasing, possessing, or receiving a firearm or ammunition. This bill authorizes the court to consider any relevant evidence. If the court finds after the hearing that the respondent has met the burden of proof, then the court must vacate the order. This bill provides that, if the court vacates a temporary order, then the clerk of the court must notify the law enforcement agency holding any firearm or ammunition or handgun carry permit that has been surrendered of the court order to vacate the order. The court must also notify the petitioner of the impending end of a temporary order. Notice must be received by the petitioner at least 30 days before the date the order ends.REQUEST OF EXTENSION OF TEMPORARY ORDER This bill authorizes the petitioner, by motion, to request an extension of a temporary order at any time within 30 days before the end of the order. Upon receipt of the motion to extend, the court must order that a hearing be held no later than 14 days after receipt of the motion and must schedule such hearing. However, if the motion to extend is filed within 14 days of the date the temporary order is due to expire, then the court must also order a temporary extension of the temporary order to coincide with the date of the hearing. The respondent must be personally served in the same manner provided by the notice provisions described earlier. This bill authorizes the court to consider all relevant evidence in determining whether to extend a temporary order. If the court finds by clear and convincing evidence that the requirements for issuance of a temporary order continue to be met, then the court must extend the order. However, if, after notice to the respondent, the motion for extension is uncontested and no modification of the order is sought, then the order may be extended on the basis of a motion or affidavit stating that there has been no material change in relevant circumstances since entry of the order and stating the reason for the requested extension. The court may extend a temporary order for a period that it deems appropriate, up to 180 days.SURRENDER OF FIREARMS Upon issuance of a temporary order, this bill requires the court to order the respondent to surrender to the local law enforcement agency all firearms and ammunition owned by the respondent or in the respondent's custody, control, or possession, except as otherwise provided in this bill, and any handgun carry permit, held by the respondent. This bill requires the law enforcement officer serving a temporary order to request that the respondent immediately surrender all firearms and ammunition owned by the respondent or in the respondent's custody, control, or possession and any handgun carry permit held by the respondent. The law enforcement officer must take possession of all firearms and ammunition owned by the respondent or in the respondent's custody, control, or possession and any handgun carry permit held by the respondent, which are surrendered. Alternatively, if personal service by a law enforcement officer is not possible or is not required because the respondent was present at the temporary order hearing, then this bill requires the respondent to surrender any firearms and ammunition owned by the respondent or in the respondent's custody, control, or possession and any handgun carry permit, held by the respondent, in a safe manner to the control of the local law enforcement agency immediately after being served with the order by service or immediately after the hearing at which the respondent was present. This bill authorizes a law enforcement officer to seek a search warrant from a court of competent jurisdiction to conduct a search for firearms or ammunition owned or held by the respondent if the officer has probable cause to believe that there are firearms or ammunition in the respondent's custody, control, or possession that have not been surrendered. At the time of surrender, this bill requires the law enforcement officer taking possession of any firearm or ammunition, or any handgun carry permit, to issue a receipt identifying all firearms and the quantity and type of ammunition that have been surrendered, and any permit surrendered, and to provide a copy of the receipt to the respondent. Within 72 hours after service of the order, the law enforcement officer serving the order must file the original receipt with the court and ensure that the officer's law enforcement agency retains a copy of the receipt. Upon the sworn statement or testimony of any person alleging that the respondent has failed to comply with the surrender of firearms or ammunition as required by an order, this bill requires the court to determine whether probable cause exists to believe that the respondent has failed to surrender all firearms or ammunition owned by the respondent or in the respondent's custody, control, or possession. If the court finds that probable cause exists, then the court must issue a warrant describing the firearms or ammunition owned or possessed by the respondent and authorizing a search of the locations where the firearms or ammunition owned or possessed by the respondent are reasonably believed to be found and the seizure of any firearms or ammunition owned or possessed by the respondent discovered pursuant to the search. This bill provides that, if a person other than the respondent claims title to any firearms or ammunition surrendered pursuant to this bill and the person is determined by the law enforcement agency to be the lawful owner of the firearm or ammunition, then the firearm or ammunition must be returned to the person, if the following conditions exist: (1) The lawful owner agrees to store the firearm or ammunition in a manner such that the respondent does not have access to or control of the firearm or ammunition; and (2) The firearm or ammunition is not otherwise unlawfully possessed by the owner. Upon the issuance of a temporary order, this bill requires the court to order a new hearing date and require the respondent to appear no later than three business days after the issuance of the order. At the hearing, the court must require proof that the respondent has surrendered any firearms or ammunition owned by the respondent or in the respondent's custody, control, or possession. However, the court may cancel the hearing upon a satisfactory showing that the respondent is in compliance with the order. This bill requires all law enforcement agencies to develop policies and procedures regarding the acceptance, storage, and return of firearms, ammunition, or licenses required to be surrendered under this bill.RETURN OF FIREARMS, AMMUNITION, AND PERMITS This bill provides that, if a temporary order is vacated or ends without extension, then a law enforcement agency holding a firearm or any ammunition or any handgun carry permit, held by the respondent, that has been surrendered or seized pursuant to a temporary order must return the items, as requested by a respondent only after confirming through a background check that the respondent is currently eligible to own or possess the items under federal and state law and after confirming with the court that the temporary order has been vacated or has ended without extension. This bill further provides that, if a temporary order of protection is vacated or ends without extension, then the department of safety, if the department has suspended a handgun carry permit pursuant to the entry of a temporary order, must reinstate the permit only after confirming that the respondent is currently eligible to have a handgun carry permit. This bill requires a law enforcement agency to provide notice to any family or household members of the respondent before returning any surrendered items. Any surrendered items that remain unclaimed by the lawful owner for one year after the temporary order is vacated or ends without an extension must be disposed of pursuant to current law relative to disposing of such items.SURRENDER OF FIREARMS AND AMMUNITION THROUGH TRANSFER This bill authorizes a respondent to elect to transfer all firearms and ammunition owned by the respondent that have been surrendered to or seized by a local law enforcement agency pursuant to the temporary order to another person who is willing to receive the items. This bill requires the law enforcement agency to allow such a transfer only if it is determined that the chosen recipient meets the following criteria: (1) Currently is eligible to own or possess the items under federal and state law after confirmation through a background check; (2) Attests to storing the items in a manner such that the respondent does not have access to or control of the items until the temporary order is vacated or ends without extension; and (3) Attests not to transfer the items back to the respondent until the temporary order against the respondent is vacated or ends without extension.ENTERING AND REMOVING ORDER IN DATABASES Within 24 hours after issuance of an order, this bill requires the court clerk to enter any temporary order into the uniform case reporting system. During that same time period, the court clerk must also forward a copy of an order to the appropriate law enforcement agency specified in the order. Upon receipt of the copy of the order, the law enforcement agency must enter the order into the national crime information center and similar state databases. The order must remain in each system for the period stated in the order, and the law enforcement agency may only remove an order from the systems that has ended or has been vacated. Entry of the order into the national crime information center and similar state databases constitutes notice to all law enforcement agencies of the existence of the order. The order is fully enforceable in any county in this state. This bill requires the issuing court, within three business days after issuance of a temporary order, to forward all available identifying information concerning the respondent, along with the date of order issuance, to the department of safety. Upon receipt of the information, the department must determine if the respondent has a handgun carry permit. If the respondent does have a handgun carry permit, then the department must immediately suspend the permit. This bill provides that, if a temporary order is vacated before its end date, then the court clerk, on the day of the order to vacate, must forward a copy of the order to the department of safety and the appropriate law enforcement agency specified in the order to vacate. Upon receipt of the order, the law enforcement agency must promptly remove the order from any computer-based system in which it was entered.ADDITIONAL OFFENSES This bill provides that a person who makes a false statement under oath in a hearing held pursuant to this bill in regard to any material matter commits aggravated perjury. Additionally, a person who has in the person's custody or control a firearm or any ammunition or who purchases, possesses, or receives a firearm or any ammunition with knowledge that the person is prohibited from doing so by an order commits a Class E felony.PROTECTION FROM LIABILITY Except as otherwise specified above, this bill clarifies that there is no criminal or civil liability on any person or entity for acts or omissions related to obtaining a temporary order, including, but not limited to, providing notice to the petitioner, a family or household member of the respondent, and any known third party who may be at risk of violence or failure to provide such notice, or reporting, declining to report, investigating, declining to investigate, filing, or declining to file, a petition.INSTRUCTIONS, INFORMATIONAL BROCHURES, AND STANDARD FORMS This bill requires the AOC to develop and prepare instructions and informational brochures, standard petitions and temporary order forms, and a court staff handbook on the temporary order process. The standard petition and order forms must be used after January 1, 2024, for all petitions filed and orders issued pursuant to § 39-17-1367. The instructions, brochures, forms, and handbook must be prepared in consultation with interested persons, including clerks, judges, and law enforcement personnel. Materials must be based on best practices and must be available online to the public. This bill requires the instructions to be designed to assist petitioners in completing the petition and must include a sample of a standard petition and order for protection forms. The instructions and standard petition must include a means for the petitioner to identify the firearms or ammunition the respondent may own, possess, receive, or have in the respondent's custody or control. The instructions must provide pictures of types of firearms and ammunition that the petitioner may choose from to identify the relevant firearms or ammunition, or must provide an equivalent means to allow petitioners to identify firearms or ammunition without requiring specific or technical knowledge regarding the firearms or ammunition. This bill requires the informational brochure to describe the use of and the process for obtaining, extending, and vacating a temporary order and must provide relevant forms. This bill requires the temporary order form to include, in a conspicuous location, notice of criminal penalties resulting from violation of the order and the following statement: ""You have the sole responsibility to avoid or refrain from violating this order's provisions. Only the court can change the order and only upon written request."". This bill authorizes a court clerk to create a community resource list of crisis intervention, mental health, substance abuse, interpreter, counseling, and other relevant resources serving the county in which the court is located. The court may make the community resource list available as part of or in addition to the informational brochures. This bill requires the AOC to distribute a master copy of the petition and order forms, instructions, and informational brochures to the clerks of court. Distribution of all documents must, at a minimum, be in an electronic format or formats accessible to all courts and clerks of court in the state. Within 90 days after receipt of the master copy from the AOC, this bill requires the court clerk to make available the standardized forms, instructions, and informational brochures. The AOC must update the instructions, brochures, standard petition and temporary mental health order of protection forms, and court staff handbook as necessary, including when changes in the law make an update necessary.",http://wapp.capitol.tn.gov/apps/BillInfo/default.aspx?BillNumber=HB7101&GA=113
HB7102,113th,2023_2024,SS1,SB7065,Russell,,Swann,"AN ACT to amend Tennessee Code Annotated, Title 49, Chapter 6, relative to social interaction.","Local Education Agencies - As introduced, requires an LEA to provide its students with a certain minimum amount of social interaction time each month depending on the amount of instruction being provided to students each month. - Amends TCA Title 49, Chapter 6.",NOT SIGNIFICANT,"In order to improve students' ability to recover from stress, anxiety, and depression and reduce the risk of violent and suicidal behaviors, this bill requires each LEA, starting with the 2024-2025 school year and continuing with each school year thereafter, to provide its students with a minimum of eight combined hours of social interaction each month of the school year if school is in session for at least 20 percent of the month, or for a minimum of four combined hours each month if school is in session for less than 20 percent of the month. This bill clarifies that such social interaction is not required for a month in which there is no scheduled instruction for the LEA. Additionally, this bill prohibits an LEA from allowing a student to participate in such social interaction using an electronic device unless the student is receiving remote instruction. This bill requires an LEA to determine the amount of social interaction required for each course offered by the LEA. Each teacher must determine how best to provide the amount of social interaction required for the courses taught by the teacher using a course outline created by the teacher.",http://wapp.capitol.tn.gov/apps/BillInfo/default.aspx?BillNumber=HB7102&GA=113
HB7103,113th,2023_2024,SS1,SB7096,Carringer,,Massey,"AN ACT to amend Tennessee Code Annotated, Title 8; Title 56 and Title 71, relative to coverage of mental health services.","Mental Health & Substance Abuse Services, Dept. of - As introduced, requires TennCare to ensure certain reimbursement rates, expand access to providers, and prohibit quantitative benefit limits for mental health services. - Amends TCA Title 8; Title 56 and Title 71.",Not Available,"This bill requires the bureau of TennCare to do the following: (1) Require that each group health insurance contract, or group hospital or medical expense insurance policy, plan, or group policy delivered, issued for delivery, amended, or renewed in this state by an MCO on or after the effective date of this bill to not include quantitative treatment limitations for mental health services; (2) Reimburse an in-network or contract provider for covered mental health services provided to an enrollee at a rate not less than 180 percent of the federal centers for medicare and medicaid services medicare program's allowable charge for participating providers that is in effect at the time the service is provided; and (3) Allow an enrollee to access an out-of-network or non-contract provider for covered mental health services and reimburse such provider at a rate not less than 100 percent of the CMS medicare program's allowable charge for participating providers that is in effect at the time the service is provided. However, a provider reimbursed pursuant to this (3) must not bill an enrollee for an amount above the allowed amount.APPLICABILITY This bill applies only to contracts or policies entered into, amended, or renewed on or after the effective date of this bill.",http://wapp.capitol.tn.gov/apps/BillInfo/default.aspx?BillNumber=HB7103&GA=113
HB7104,113th,2023_2024,SS1,SB7097,Carringer,,Massey,"AN ACT to amend Tennessee Code Annotated, Title 8; Title 56 and Title 71, relative to coverage of behavioral health services.","Health Care - As introduced, requires TennCare to ensure certain reimbursement rates, expand access to providers, and prohibit quantitative benefit limits for behavioral health services. - Amends TCA Title 8; Title 56 and Title 71.","Increase State Expenditures - $350,346,800/FY24-25 and Subsequent Years -----Increase Federal Expenditures - $664,709,900/FY24-25 and Subsequent Years-","This bill requires the bureau of TennCare to do the following: (1) Require that each group health insurance contract, or group hospital or medical expense insurance policy, plan, or group policy delivered, issued for delivery, amended, or renewed in this state by an MCO on or after the date that this bill becomes a law not include limits on the scope or duration of a benefit that are expressed numerically (""quantitative treatment limitations"") for behavioral health services; (2) Reimburse an in-network or contract provider for covered behavioral health services provided to an enrollee at a rate not less than 180 percent of the federal centers for medicare and medicaid services (CMS) medicare program's allowable charge for participating providers that is in effect at the time the service is provided; and (3) Allow an enrollee to access an out-of-network or non-contract provider for covered behavioral health services and reimburse such provider at a rate not less than 100 percent of the CMS medicare program's allowable charge for participating providers that is in effect at the time the service is provided. A provider reimbursed pursuant to this (3) is prohibited from billing an enrollee for an amount above the allowed amount.",http://wapp.capitol.tn.gov/apps/BillInfo/default.aspx?BillNumber=HB7104&GA=113
HB7105,113th,2023_2024,SS1,,Pearson,Clemmons,,"AN ACT to amend Tennessee Code Annotated, Title 16; Title 18; Title 33; Title 37; Title 38 and Title 39, relative to records.","Tennessee Bureau of Investigation - As introduced, requires the administrative office of the courts to ensure that certain courts accurately, completely, and timely submit relevant information to the TBI to be included in databases used to check a person's criminal history; requires the TBI to review all databases of criminal history background information maintained by the TBI to determine how the process for submitting information to databases could be improved and submit a report by January 1, 2024, to the governor and the speakers of the senate and the house of representatives that identifies any barriers to such reporting of information. - Amends TCA Title 16; Title 18; Title 33; Title 37; Title 38 and Title 39.",Not Available,Abstract summarizes the bill.,http://wapp.capitol.tn.gov/apps/BillInfo/default.aspx?BillNumber=HB7105&GA=113
HB7106,113th,2023_2024,SS1,SB7101,Pearson,Clemmons,Akbari,"AN ACT to amend Tennessee Code Annotated, Title 38 and Title 39, relative to the safe storage of firearms.","Safety - As introduced, encourages that a firearm be secured in a locked container, unloaded, and separate from ammunition so as to render the firearm inoperable by any person other than the owner or another lawfully authorized user except when the firearm is carried by or under the control of the owner or other lawfully authorized user. - Amends TCA Title 38 and Title 39.",NOT SIGNIFICANT,Abstract summarizes the bill.,http://wapp.capitol.tn.gov/apps/BillInfo/default.aspx?BillNumber=HB7106&GA=113
HB7107,113th,2023_2024,SS1,SB7099,Pearson,Clemmons,Akbari,"AN ACT to amend Tennessee Code Annotated, Title 33; Title 46; Title 49 and Title 67, relative to the use of sales tax proceeds for mental health resources and services.","Taxes, Sales - As introduced, allocates sales tax proceeds collected on firearms, ammunition, and firearm accessories to a mental health resources account  for local governments and nonprofit organizations to provide mental health resources or services within this state. - Amends TCA Title 33; Title 46; Title 49 and Title 67.",Not Available,"This bill creates within the state treasury a ""mental health resources account,"" and requires that 100 percent of the sales tax proceeds collected on firearms, ammunition, and firearm accessories be deposited by the commissioner of revenue into that new account. This bill provides that amounts remaining in the account at the end of each fiscal year do not revert to the general fund, but must remain in the account. This bill requires the state treasurer to allocate grants from the account to local governments and nonprofit organizations to be used for providing mental health resources or services within this state. A local government or nonprofit organization must submit an application, by May 1 of each year, to the state treasurer to receive such a grant. However, if the number of applications received exceeds the amount in the account, then the state treasurer must create and implement guidelines on grant preferences.",http://wapp.capitol.tn.gov/apps/BillInfo/default.aspx?BillNumber=HB7107&GA=113
HB7108,113th,2023_2024,SS1,,Pearson,,,"AN ACT to amend Tennessee Code Annotated, Title 16; Title 18, Chapter 4; Title 33, Chapter 3; Title 38, Chapter 6 and Title 68, Chapter 11, relative to background checks.","Clerks, Court - As introduced, changes the time frame for clerks of court to report certain mental health adjudications from no later than three business days to within 72 hours; changes the time frame for clerks of court to report a final disposition of a criminal proceeding to the Tennessee bureau of investigation from no later than 30 days to within 72 hours. - Amends TCA Title 16; Title 18, Chapter 4; Title 33, Chapter 3; Title 38, Chapter 6 and Title 68, Chapter 11.",Not Available,"This bill enacts the ""Keeping our Streets Safe: Expand Background Checks Act"" to change present law concerning data reporting. Present law requires courts to report any adjudication that results in a person being found a mental defective or committed to a mental institution. Any such report must be made to the department of safety and the FBI as soon as practicable, but no later than the third business day following the date of the order or adjudication. This bill changes the reporting deadline to within 72 hours following the date of the order or adjudication. This bill makes a similar change concerning the time within which hospitals must report to the department and the FBI the involuntary commitment of a patient to inpatient treatment. Present law also requires courts to notify the TBI of the final disposition of a criminal proceeding within 30 days after such disposition. This bill changes the reporting deadline to with 72 hours after such disposition.",http://wapp.capitol.tn.gov/apps/BillInfo/default.aspx?BillNumber=HB7108&GA=113
HB7109,113th,2023_2024,SS1,,Pearson,Clemmons,,"AN ACT to amend Tennessee Code Annotated, Title 38 and Title 39, Chapter 17, Part 13, relative to firearms.","Tennessee Bureau of Investigation - As introduced, requires the bureau to compile and maintain information on any available serial numbers on firearm parts that were used to a make a firearm that does not contain a serial number or other mark in a manner that conforms with federal requirements and that was used in an incident of mass violence or possessed by a person who threatened to commit an incident of mass violence. - Amends TCA Title 38 and Title 39, Chapter 17, Part 13.",Not Available,Abstract summarizes the bill.,http://wapp.capitol.tn.gov/apps/BillInfo/default.aspx?BillNumber=HB7109&GA=113
HB7110,113th,2023_2024,SS1,SB7104,Pearson,Clemmons,Akbari,"AN ACT to amend Tennessee Code Annotated, Title 33 and Title 68, relative to mental health.","Mental Health & Substance Abuse Services, Dept. of - As introduced, directs the department to develop and implement, in consultation with the department of health and the department of safety, a public awareness campaign on mental health and gun storage; requires the department to make campaign materials available to the public for free on its website during calendar years 2024 and 2025; authorizes county health departments to develop a public awareness campaign on mental health and gun storage. - Amends TCA Title 33 and Title 68.","Increase State Expenditures - Exceeds $10,000/Each FY23-24 and FY24-25",Abstract summarizes the bill.,http://wapp.capitol.tn.gov/apps/BillInfo/default.aspx?BillNumber=HB7110&GA=113
HB7111,113th,2023_2024,SS1,,Pearson,Clemmons,,"AN ACT to amend Tennessee Code Annotated, Title 16; Title 18; Title 33; Title 37; Title 38 and Title 39, relative to records.","Tennessee Bureau of Investigation - As introduced, requires the administrative office of the courts to ensure that certain courts accurately, completely, and timely submit relevant information to the TBI to be included in databases used to check a person's criminal history; requires the TBI to review all databases of criminal history background information maintained by the TBI to determine how the process for submitting information to databases could be improved and submit a report by January 1, 2024, to the governor and the speakers of the senate and the house of representatives that identifies any barriers to such reporting of information. - Amends TCA Title 16; Title 18; Title 33; Title 37; Title 38 and Title 39.",Not Available,Abstract summarizes the bill.,http://wapp.capitol.tn.gov/apps/BillInfo/default.aspx?BillNumber=HB7111&GA=113
HB7112,113th,2023_2024,SS1,,Pearson,Clemmons,,"AN ACT to amend Tennessee Code Annotated, Title 33; Title 37; Title 38 and Title 39, relative to mental health orders of protection.","Firearms and Ammunition - As introduced, allows a law enforcement officer to petition for a mental health order of protection; requires the court to issue a mental health order of protection order if, after notice and a hearing on the petition, the court finds by clear and convincing evidence that the person poses a substantial likelihood of serious harm to the person's self or others by purchasing or possessing a firearm or ammunition. - Amends TCA Title 33; Title 37; Title 38 and Title 39.",Not Available,"As of October 1, 2023, this bill creates an action known as a petition for a mental health order of protection (""petition""). A petition for a mental health order of protection (""order of protection"") may be filed by a law enforcement officer or law enforcement agency, and must be filed in the county where the petitioner's law enforcement office is located or the county where the respondent resides. This bill clarifies that a petition for an order of protection does not require the petitioner to be represented by an attorney. If the respondent does not employ an attorney, then the court must appoint an attorney to represent the respondent not later than three days before the date of the hearing. If the court determines that the respondent is not able to understand the nature of the proceedings and cannot communicate with counsel in the conduct of the case, then the court may appoint another person to serve as the respondent's guardian ad litem. An attorney representing the respondent must not serve as guardian ad litem. Additionally, attorney fees must not be awarded in a proceeding under this bill.PETITION REQUIREMENTS This bill requires a petition to do the following: (1) Allege that the respondent poses a substantial likelihood of serious harm to respondent's self or others by having a firearm or ammunition in the respondent's custody or control or by purchasing, possessing, or receiving a firearm or ammunition, and must be accompanied by an affidavit made under oath stating the specific statements, actions, or facts that give rise to a reasonable fear of significant dangerous acts by the respondent; (2) Identify the quantities, types, and locations of all firearms and ammunition the petitioner believes to be in the respondent's current ownership, possession, custody, or control; (3) Identify whether there is a known existing order of protection governing the respondent; and (4) Include a physical description of the respondent and the respondent's last known location.SERVICE OF PROCESS This bill requires the petitioner to make a good faith effort to provide notice to any known third party who the petitioner asserts in the petition may be at risk of violence. The notice must state that the petitioner intends to petition the court for an order of protection or has already done so and must include referrals to appropriate resources. The petitioner must attest in the petition to having provided such notice or must attest to the steps that will be taken to provide such notice. Additionally, the petitioner must list the address of record on the petition as being where the appropriate law enforcement agency is located. This bill prohibits a court or a public agency from charging fees for filing or for service of process to a petitioner seeking relief under this bill and must provide the necessary number of certified copies, forms, and instructional brochures free of charge.COURT PROCEDURE This bill places jurisdiction over proceedings under this bill in the circuit courts of this state, and clarifies that a person is not required to post a bond to obtain relief in any proceeding under this bill. Upon receipt of a petition, this bill requires the court to order the following: (1) A hearing to be held no later than 14 days after the date the petition is filed and must issue a notice of hearing to the respondent; and (2) The respondent to undergo an assessment for suicidal or homicidal ideation by an evaluator who has been certified by the commissioner of mental health and substance abuse services, which must occur prior to the hearing. When making this determination, the evaluator is immune from any civil liability and has an affirmative defense to any criminal liability arising from the evaluation. This bill requires the court clerk to cause a copy of the notice of hearing and petition to be forwarded on or before the next business day to the appropriate law enforcement agency for service upon the respondent. Upon notice and a hearing on the matter, if the court finds by clear and convincing evidence that the respondent poses a substantial likelihood of serious harm to the respondent's self or others by having in the respondent's custody or control, or by purchasing, possessing, or receiving, a firearm or any ammunition, then this bill requires the court to issue an order of protection for an appropriate period of up to 180 days.ORDER OF PROTECTION REQUIREMENTS This bill requires an order of protection to include the following: (1) A statement of the grounds supporting the issuance of the order of protection; (2) The date the order of protection was issued; (3) The date the order of protection ends; (4) Whether an additional mental health evaluation or substance abuse assessment is required; (5) A requirement that the respondent attend available mental health treatment, which may include counseling programs that address violence and control issues, anger management, or substance abuse problems; (6) A description of the requirements for the surrender of all firearms and ammunition that the respondent owns; and (7) The following statement: To the subject of this protection order: This order will last until the date noted above. If you have not done so already, you must immediately surrender to the (insert name of local law enforcement agency) all firearms and ammunition that you own or have in your custody, control, or possession and any license to carry a handgun issued to you under Tennessee Code Annotated, § 39-17-1351 or § 39-17-1366. You may not have in your custody or control, or purchase, possess, receive, or attempt to purchase or receive, a firearm or ammunition while this order is in effect. You have the right to request a hearing to vacate this order, starting after the date of the issuance of this order, and to request another hearing after every extension of this order, if any. You may seek the advice of an attorney as to any matter connected with this order. This bill provides that, if the court issues an order of protection, then the court must inform the respondent that the respondent is entitled to request a hearing to vacate the order of protection. The court must provide the respondent with a form to request a hearing to vacate. This bill also provides that, if the court denies the petitioner's request for an order of protection, then the court must issue a written order stating the particular reasons for the denial and ordering the expunction of all public records of the petition.SERVICE BY SHERIFF This bill requires the court clerk to furnish a copy of the notice of hearing, petition, and order of protection, as applicable, to the sheriff of the county where the respondent resides or can be found, who must serve the document upon the respondent as soon as possible. When requested by the sheriff, the court clerk may transmit a facsimile or electronic copy of an order of protection that has been certified by the court clerk, and this facsimile or electronic copy may be served in the same manner as a certified copy. Upon receiving a facsimile or electronic copy, the sheriff must verify receipt with the sender before attempting to serve the copy upon the respondent. The court clerk is responsible for furnishing to the sheriff information on the respondent's physical description and location. Service under these provisions takes precedence over the service of other documents, unless the other documents are of a similar emergency nature. This bill requires all orders issued, changed, continued, extended, or vacated after the original service of documents to be certified by the court clerk and delivered to the parties at the time of the entry of the order. The parties may acknowledge receipt of such order in writing on the face of the original order. If a party fails or refuses to acknowledge the receipt of a certified copy of an order, then the clerk must note on the original order that service was effected. If delivery at the hearing is not possible, then the clerk must mail certified copies of the order to the parties at the last known address of each party. Service by mail is complete upon mailing. When an order is served pursuant to these provisions, the clerk must prepare a written certification to be placed in the court file specifying the time, date, and method of service and must notify the sheriff.REQUEST TO VACATE AN ORDER OF PROTECTION This bill authorizes the respondent to submit one written request for a hearing to vacate an order of protection, starting after the date of the issuance of the order, and may request another hearing after every extension of the order, if any. Upon receipt of the request, the court must set a date for a hearing. Notice of the request and hearing must be served on the petitioner as provided above. The hearing must occur no sooner than 14 days and no later than 30 days after the date of service of the request upon the petitioner. This bill provides that the respondent has the burden of proving by clear and convincing evidence that the respondent does not pose a substantial likelihood of serious harm by having in the respondent's custody or control, purchasing, possessing, or receiving a firearm or ammunition. The court may consider any relevant evidence. If the court finds after the hearing that the respondent has met the burden of proof, then the court must vacate the order. If the court vacates the order, then the court clerk must notify the law enforcement agency holding any firearm or ammunition or handgun carry permit that has been surrendered pursuant to this bill of the court order to vacate the order of protection.REQUEST TO EXTEND AN ORDER OF PROTECTION This bill requires the court to notify the petitioner of the impending end of an order of protection. Notice must be received by the petitioner at least 30 days before the date the order ends. This bill authorizes the petitioner, by motion, to request an extension of an order of protection at any time within 30 days before the end of the order. Upon receipt of the motion to extend, the court must order that a hearing be held no later than 14 days after receipt of the motion and must schedule such hearing. However, if the motion to extend is filed within 14 days of the date the order of protection is due to expire, then the court must also order a temporary extension of the order of protection to coincide with the date of the hearing. The respondent must be personally served in the same manner described above. This bill provides that, in determining whether to extend an order, the court may consider all relevant evidence. If the court finds by clear and convincing evidence that the requirements for issuance of an order of protection continue to be met, then the court must extend the order. However, if, after notice to the respondent, the motion for extension is uncontested and no modification of the order is sought, then the order may be extended on the basis of a motion or affidavit stating that there has been no material change in relevant circumstances since entry of the order and stating the reason for the requested extension. The court may extend an order of protection for a period that the court deems appropriate, up to 180 days.SURRENDER OF FIREARMS, AMMUNITION, AND HANDGUN CARRY PERMIT This bill provides that, upon issuance of an order of protection, the court must order the respondent to surrender to the local law enforcement agency all firearms and ammunition owned by the respondent or in the respondent's custody, control, or possession and any handgun carry permit, held by the respondent. The law enforcement officer serving an order of protection must request that the respondent immediately surrender all firearms and ammunition owned by the respondent or in the respondent's custody, control, or possession and any handgun carry permit, held by the respondent. This bill requires the law enforcement officer to take possession of all firearms and ammunition owned by the respondent or in the respondent's custody, control, or possession and any handgun carry permit, held by the respondent, which are surrendered. Alternatively, if personal service by a law enforcement officer is not possible or is not required because the respondent was present at the order of protection hearing, then the respondent must surrender any firearms and ammunition owned by the respondent or in the respondent's custody, control, or possession and any handgun carry permit, held by the respondent, in a safe manner to the control of the local law enforcement agency immediately after being served with the order by service or immediately after the hearing at which the respondent was present. A law enforcement officer may seek a search warrant from a court of competent jurisdiction to conduct a search for firearms or ammunition owned or held by the respondent if the officer has probable cause to believe that there are firearms or ammunition in the respondent's custody, control, or possession that have not been surrendered. At the time of surrender, this bill provides that a law enforcement officer taking possession of any firearm or ammunition owned by the respondent or in the respondent's custody, control, or possession, or any handgun carry permit, held by the respondent must issue a receipt identifying all firearms and the quantity and type of ammunition that have been surrendered, and any permit surrendered, and must provide a copy of the receipt to the respondent. Within 72 hours after service of the order, the law enforcement officer serving the order must file the original receipt with the court and ensure that the officer's law enforcement agency retains a copy of the receipt. Upon the sworn statement or testimony of any person alleging that the respondent has failed to comply with the surrender of firearms or ammunition as required by an order, this bill requires the court to determine whether probable cause exists to believe that the respondent has failed to surrender all firearms or ammunition owned by the respondent or in the respondent's custody, control, or possession. If the court finds that probable cause exists, then the court must issue a warrant describing the firearms or ammunition owned or possessed by the respondent and authorizing a search of the locations where the firearms or ammunition owned or possessed by the respondent are reasonably believed to be found and the seizure of any firearms or ammunition owned or possessed by the respondent discovered pursuant to the search. This bill provides that, if a person other than the respondent claims title to any surrendered firearms or ammunition and the person is determined by the law enforcement agency to be the lawful owner of the firearm or ammunition, then the firearm or ammunition must be returned to the person, if the following conditions exist: (1) The lawful owner agrees to store the firearm or ammunition in a manner such that the respondent does not have access to or control of the firearm or ammunition; and (2) The firearm or ammunition is not otherwise unlawfully possessed by the owner. Upon the issuance of an order of protection, this bill requires the court to order a new hearing date and require the respondent to appear no later than three business days after the issuance of the order. At the hearing, the court must require proof that the respondent has surrendered all firearms or ammunition owned by the respondent or in the respondent's custody, control, or possession. The court may cancel the hearing upon a satisfactory showing that the respondent is in compliance with the order. This bill requires all law enforcement agencies to develop policies and procedures regarding the acceptance, storage, and return of firearms, ammunition, or licenses required to be surrendered under this section.RETURN OF FIREARMS, AMMUNITION, AND HANDGUN CARRY PERMIT This bill provides that, if an order of protection is vacated or ends without extension, then a law enforcement agency holding a firearm or any ammunition owned by the respondent or any handgun carry permit, held by the respondent, that has been surrendered or seized must return the surrendered firearm, ammunition, or permit, as requested by a respondent only after confirming through a background check that the respondent is currently eligible to own or possess firearms and ammunition under federal and state law and after confirming with the court that the order of protection has been vacated or has ended without extension. The background check must be conducted at no cost to the respondent. If a mental health order of protection is vacated or ends without extension, then this bill provides that the department of safety, if the department has suspended a handgun carry permit, must reinstate the permit only after confirming that the respondent is currently eligible to have a handgun carry permit. This bill requires a law enforcement agency to provide notice to any family or household members of the respondent before returning any surrendered firearm and ammunition owned by the respondent. However, any firearm and ammunition surrendered by a respondent that remains unclaimed by the lawful owner for five years after an order of protection is vacated or ends without extension must be disposed of according to law, except that any proceeds from the sale of the firearm or ammunition is paid to the respondent.TRANSFER OF FIREARMS AND AMMUNITION This bill authorizes a respondent to elect to transfer all firearms and ammunition owned by the respondent that have been surrendered to or seized by a local law enforcement agency to another person who is willing to receive the respondent's firearms and ammunition. The law enforcement agency must allow such a transfer only if the law enforcement agency determines that the chosen recipient meets the following criteria: (1) Currently is eligible to own or possess a firearm and ammunition under federal and state law after confirmation through a background check, which must be performed at no cost to the recipient; (2) Attests to storing the firearms and ammunition in a manner such that the respondent does not have access to or control of the firearms and ammunition until the mental health order of protection against the respondent is vacated or ends without extension; and (3) Attests not to transfer the firearms or ammunition back to the respondent until the mental health order of protection against the respondent is vacated or ends without extension.REPORTING TO, AND REMOVAL FROM, DATABASES This bill requires, within 24 hours after issuance, that the court clerk enter any order of protection issued under this bill into the uniform case reporting system. Additionally, within that same time period, the court clerk must forward a copy of an order issued under this bill to the appropriate law enforcement agency specified in the order. Upon receipt of the copy of the order, the law enforcement agency must enter the order into the national crime information center and similar state databases. The order must remain in each system for the period stated in the order, and the law enforcement agency may only remove an order from the systems that has ended or has been vacated. Entry of the order into the national crime information center and similar state databases constitutes notice to all law enforcement agencies of the existence of the order. The order is fully enforceable in any county in this state. This bill provides that the issuing court, within three business days after issuance of an order of protection, must forward all available identifying information concerning the respondent, along with the date of order issuance, to the department of safety. Upon receipt of the information, the department shall determine if the respondent has a handgun carry permit. If the respondent does have a handgun carry permit, then the department must immediately suspend the permit. This bill also provides that, if an order of protection is vacated before its end date, then the court clerk, on the day of the order to vacate, must forward a copy of the order to the department of safety and the appropriate law enforcement agency specified in the order to vacate. Within one business day of receipt of the order, the law enforcement agency must remove the order from any computer-based system in which the order was entered.OFFENSES This bill provides the following: (1) A person who intentionally makes a false statement or omits relevant information, with intent to deceive, when testifying under oath in a hearing under this bill in regard to any material matter commits perjury; (2) A person who has in the person's custody or control a firearm or any ammunition or who purchases, possesses, or receives a firearm or any ammunition with knowledge that the person is prohibited from doing so by an order issued under this bill commits a Class E felony; and (3) A person who gives, sells, lends, or otherwise transfers a firearm to another, when the person knows that the person receiving the firearm is subject to an order of protection commits a Class E felony.LIABILITY PROTECTIONS This bill clarifies that it does not impose criminal or civil liability on any person or entity for acts or omissions related to obtaining an order of protection, including, but not limited to, providing notice to the petitioner, a family or household member of the respondent, and any known third party who may be at risk of violence or failure to provide such notice, or reporting, declining to report, investigating, declining to investigate, filing, or declining to file, a petition.INSTRUCTIONS, BROCHURES, STANDARD PETITIONS AND FORMS, AND HANDBOOKS This bill requires the administrative office of the courts to develop and prepare instructions and informational brochures, standard petitions and order of protection forms, and a court staff handbook on the mental health order of protection process. The standard petition and order forms must be used after January 1, 2024, for all petitions filed and orders issued pursuant to this bill. The instructions, brochures, forms, and handbook must be prepared in consultation with interested persons, including clerks, judges, and law enforcement personnel. Materials must be based on best practices and must be available online to the public. This bill requires the instructions to be designed to assist petitioners in completing the petition and must include a sample of a standard petition and order of protection forms. Further, the instructions and standard petition must include a means for the petitioner to identify the firearms or ammunition the respondent may own, possess, receive, or have in the respondent's custody or control. The instructions must provide pictures of types of firearms and ammunition that the petitioner may choose from to identify the relevant firearms or ammunition, or must provide an equivalent means to allow petitioners to identify firearms or ammunition without requiring specific or technical knowledge regarding the firearms or ammunition. This bill requires the informational brochure to describe the use of and the process for obtaining, extending, and vacating an order of protection and must provide relevant forms. This bill requires the order of protection form to include, in a conspicuous location, notice of criminal penalties resulting from violation of the order and the following statement: ""You have the sole responsibility to avoid or refrain from violating this order's provisions. Only the court can change the order and only upon written request."". This bill requires the court staff handbook to allow for the addition of a community resource list by the court that includes community resources for crisis intervention, mental health, substance abuse, interpreter, counseling, and other relevant resources serving the county in which the court is located. The court may make the community resource list available as part of or in addition to the informational brochures. This bill requires the administrative office of the courts to distribute a master copy of the petition and order forms, instructions, and informational brochures to the court clerks. Distribution of all documents must, at a minimum, be in an electronic format or formats accessible to all courts and court clerks in this state. Within 90 days after receipt of the master copy from the administrative office of the courts, the court clerk must make available the standardized forms, instructions, and informational brochures. This bill requires the administrative office of the courts to update the instructions, brochures, standard petition and order of protection forms, and court staff handbook as necessary, including when changes in the law make an update necessary.TENNESSEE PEACE OFFICER STANDARDS AND TRAINING COMMISSION COURSE This bill requires the course of training leading to the basic certification of compliance issued by the Tennessee peace officer standards and training commission to include a course of instruction in filing a petition.PUBLIC AWARENESS CAMPAIGN This bill requires the department of safety to create a public awareness campaign designed to educate the public about orders of protection described in this bill. The public awareness campaign must include information on who can file a petition for an order of protection, the criteria for the issuance of an order of protection, and the effect of such an order.",http://wapp.capitol.tn.gov/apps/BillInfo/default.aspx?BillNumber=HB7112&GA=113
HB7113,113th,2023_2024,SS1,,Pearson,Clemmons,,"AN ACT to amend Tennessee Code Annotated, Title 38 and Title 39, relative to the safe storage of firearms.","Firearms and Ammunition - As introduced, encourages that a firearm be secured in a home or in a vehicle in a locked container, unloaded, and separate from parts, accessories, and ammunition so as to render the firearm inoperable by any person other than the owner or another lawfully authorized user except when the firearm is carried by or under the control of the owner or other lawfully authorized user. - Amends TCA Title 38 and Title 39.",Not Available,Abstract summarizes the bill.,http://wapp.capitol.tn.gov/apps/BillInfo/default.aspx?BillNumber=HB7113&GA=113
HB7114,113th,2023_2024,SS1,,Pearson,Clemmons,,"AN ACT to amend Tennessee Code Annotated, Title 39, Chapter 17, Part 13, relative to the storage of firearms in motor vehicles.","Firearms and Ammunition - As introduced, prohibits the storage of a firearm or firearm ammunition in a motor vehicle unless the firearm or ammunition is not plainly observable when the owner is present in the vehicle or the firearm or ammunition is not plainly visible and inside a locked compartment when the owner is not present in the vehicle.  - Amends TCA Title 39, Chapter 17, Part 13.",Not Available,Abstract summarizes the bill.,http://wapp.capitol.tn.gov/apps/BillInfo/default.aspx?BillNumber=HB7114&GA=113
SB7001,113th,2023_2024,SS1,HB7002,Haile,,Lamberth,"AN ACT to amend Tennessee Code Annotated, Title 39; Title 49 and Chapter 367 of the Public Acts of 2023, relative to safety precautions taken in response to potential active shooter situations.","Safety - As introduced, requires each LEA, public charter school, private school, and church-related school to develop a policy to direct how students, teachers, substitute teachers, and staff are to respond when a fire alarm is activated on school premises outside of a scheduled fire drill to protect students, teachers, substitute teachers, and staff in the event the fire alarm was activated due to the presence of an active shooter on school premises. - Amends TCA Title 39; Title 49 and Chapter 367 of the Public Acts of 2023.",NOT SIGNIFICANT,"Present law provides that each school safety team, private school, and church-related school must annually conduct at least one armed intruder drill, incident command drill, and emergency safety bus drill. Present law requires that the results of such drills must be maintained by the school for a minimum of five years; and made available to a local law enforcement agency with jurisdiction and the department of education or the department of safety upon request, if the drill was conducted by a school safety team. In addition to the above requirements, this bill requires each LEA, public charter school, private school, and church-related school to develop a policy to direct how students, teachers, substitute teachers, and staff are to respond when a fire alarm is activated on school premises outside of a scheduled fire drill to protect students, teachers, substitute teachers, and staff in the event the fire alarm was activated due to the presence of an active shooter on school premises. This bill also requires each LEA, and to the extent applicable, each public charter school, to coordinate with its district-wide school safety team and building-level school safety team to incorporate the policy in its district-wide school safety plan and building-level school safety plan. This bill provides that each policy must be implemented no later than January 1, 2024, and must be annually reviewed and updated, if necessary, to ensure that the policy reflects best practices for the safety of students, teachers, substitute teachers, and staff. ON AUGUST 24, 2023, THE HOUSE ADOPTED AMENDMENT #1 AND PASSED HOUSE BILL 7002, AS AMENDED. AMENDMENT #1 rewrites this bill to require, instead, the following: (1) Each LEA, public charter school, private school, and church-related school to develop a procedure for determining the cause of a fire alarm activation, including the potential for an active shooter event. The procedure must be developed in consultation with local fire and law enforcement officers and must comply with applicable fire and building codes. The procedure must include response procedures for students and school staff, including substitute teachers and other part-time staff and school volunteers, after a determination is made regarding whether the emergency situation involves a fire, an active shooter, or other incident. Each LEA, public charter school, private school, and church-related school must annually train all school staff, including substitute teachers and other part-time staff and school volunteers, on the safety procedure developed pursuant to this bill; (2) Each LEA, and to the extent applicable, each public charter school, to coordinate with its district-wide school safety team and building-level school safety team to incorporate the procedure developed pursuant to this bill in its district-wide school safety plan and building-level school safety plan; and (3) Each procedure developed pursuant to this bill to be implemented no later than January 1, 2024, and to be annually reviewed and updated, if necessary, to ensure the procedure reflects best practices for the safety of students and school staff, including substitute teachers and other part-time staff and school volunteers.",http://wapp.capitol.tn.gov/apps/BillInfo/default.aspx?BillNumber=SB7001&GA=113
SB7002,113th,2023_2024,SS1,HB7016,Haile,Reeves,Cochran,"AN ACT to amend Tennessee Code Annotated, Title 39, Chapter 17, Part 3 and Title 40, Chapter 11, relative to mass violence.","Criminal Offenses - As introduced, creates the criminal offense of recklessly, by any means of communication, threatening to commit an act of mass violence; requires the court to determine whether a defendant charged with threatening to commit an act of mass violence is a threat to the public prior to release on bail. - Amends TCA Title 39, Chapter 17, Part 3 and Title 40, Chapter 11.","Increase State Expenditures – $2,766,900 Incarceration ----- $508,300/FY23-24/General Fund ----- $1,016,600/FY24-25 and Subsequent Years/General Fund -----Decrease Local Expenditures – $3,400/FY23-24 ----- $6,800/FY24-25 and Subsequent Years","As of January 1, 2024, this bill creates an offense for a person who recklessly, by any means of communication, threatens to commit an act of mass violence and the threat causes a reasonable expectation or reasonable fear of the imminent commission of an act of mass violence. As used in this bill, ""means of communication"" means direct and indirect verbal, written, or electronic communications, including graffiti, pictures, diagrams, telephone calls, voice over internet protocol calls, video messages, voicemail, electronic mail, social media posts, instant messages, chat group posts, text messages, and any other recognized means of conveying information.PENALTY This bill classifies this new offense generally as a Class E felony. The classification is raised to a Class D felony if the following conditions exist: (1) The violation involves a threat to commit an act of mass violence (i) on the property of a school, house of worship, or federal, state, or local government; (ii) at a live performance or event; or (iii) at a place that is open to the public and averages 250 or more visitors per day; (2) The defendant has one or more prior convictions for a violation of this bill or a threat of mass violence on school property or at school-related activity; or (3) The defendant has taken a substantial step toward carrying out an act of mass violence. As used in this bill, ""school"" means any public or private day school, preschool, elementary school, middle school, high school, college of applied technology, postsecondary vocational or technical school, or two-year or four-year college or university. This bill provides that, in addition to any other penalty authorized by law, a sentencing court may order a person convicted under this bill to pay restitution, including costs and damages resulting from the disruption of the normal activity that would have otherwise occurred but for the threat to commit an act of mass violence.BAIL Generally, when a defendant has been arrested or held to answer for any bailable offense, the defendant is entitled to be admitted to bail by the committing magistrate, by any judge of the circuit or criminal court, or by the clerk of any circuit or criminal court. However, this bill specifies that when a defendant has been arrested or held to answer for the offense of threatening to commit an act of mass violence as described in this bill, then the defendant may be admitted to bail only by a judge of the general sessions, circuit, or criminal court. This bill provides that, prior to release on bail, the court must determine whether the defendant is a threat to the public. The department of safety must create a behavioral risk assessment, which may be used by the court in determining whether the defendant is a threat to the public. The court may consider evidence or testimony from law enforcement officers, the district attorney general, or any other appropriate person in making such a determination. This bill further provides that, as a condition of bail or other pretrial release, the court must order the defendant to undergo an evaluation to determine whether the defendant poses a substantial likelihood of serious harm to the defendant's self or others, which may result in the initiation of proceedings for judicial commitment, if appropriate.",http://wapp.capitol.tn.gov/apps/BillInfo/default.aspx?BillNumber=SB7002&GA=113
SB7003,113th,2023_2024,SS1,,Haile,,,"AN ACT to amend Tennessee Code Annotated, Title 39, Chapter 17, Part 13, relative to firearms in motor vehicles.","Firearms and Ammunition - As introduced, exempts a person from civil liability for damages, injuries, or death resulting from or arising out of the theft of the person's firearm or firearm ammunition properly stored in the person's motor vehicle unless the person commits an offense involving the use of the stored firearm or firearm ammunition or intentionally solicits or procures the conduct resulting in the damage, injury, or death. - Amends TCA Title 39, Chapter 17, Part 13.",NOT SIGNIFICANT,Abstract summarizes the bill.,http://wapp.capitol.tn.gov/apps/BillInfo/default.aspx?BillNumber=SB7003&GA=113
SB7004,113th,2023_2024,SS1,HB7005,Hensley,,Bulso,"AN ACT to amend Tennessee Code Annotated, Title 49, Chapter 1 and Title 49, Chapter 50, relative to private schools.","Schools, Private - As introduced, clarifies that a private school serving students in any of the grades pre-kindergarten through twelve is authorized to adopt a handgun carry policy for the private school's property. - Amends TCA Title 49, Chapter 1 and Title 49, Chapter 50.",NOT SIGNIFICANT,Abstract summarizes the bill.,http://wapp.capitol.tn.gov/apps/BillInfo/default.aspx?BillNumber=SB7004&GA=113
SB7005,113th,2023_2024,SS1,HB7006,Hensley,,Cepicky,"AN ACT to amend Tennessee Code Annotated, Title 33, Chapter 1, Part 3, relative to allocating mental health services throughout the state.","Mental Health & Substance Abuse Services, Dept. of - As introduced, authorizes the department to direct available state funds to contract with additional private service providers across the state to provide inpatient psychiatric services for uninsured individuals in this state; requires the department to report to the speakers of both houses on whether additional inpatient psychiatric services are needed in the City of Knoxville and whether additional state funds should be expended for the construction of a state-owned and -operated inpatient psychiatric facility in the City of Knoxville.   - Amends TCA Title 33, Chapter 1, Part 3.",Other Fiscal Impact - The Department of Mental Health and Substance Abuse Services will require additional appropriations or utilization of future reversions of state funds in order to contract for inpatient psychiatric services. The timing and extent of any future available reversions or the necessity for additional appropriations cannot be reasonably determined.,Abstract summarizes the bill.,http://wapp.capitol.tn.gov/apps/BillInfo/default.aspx?BillNumber=SB7005&GA=113
SB7006,113th,2023_2024,SS1,HB7028,Walley,,Gillespie,"AN ACT to amend Tennessee Code Annotated, Title 16; Title 18; Title 33 and Title 68, relative to notifications of mental health adjudications and commitments.","Mental Illness - As introduced, clarifies the meaning of “local law enforcement” for purposes of the required notification to law enforcement by an inpatient mental health treatment facility or hospital that a service recipient has been committed; requires the clerk of court who maintains records of the adjudication as a mental defective or judicial commitment to a mental institution of a Tennessee resident to notify the clerk of court in the county of the person’s permanent residence. - Amends TCA Title 16; Title 18; Title 33 and Title 68.",NOT SIGNIFICANT,"Present law provides that, if a service recipient is involuntarily committed to an inpatient treatment facility, then the inpatient treatment facility must report the service recipient to local law enforcement as soon as practicable, but no later than the third business day following the date of such commitment, who must report the service recipient to the Federal Bureau of Investigation-NICS Index and the department of safety as soon as practicable, but no later than the third business day following the date of receiving such notification, for the purposes of complying with federal law. This bill defines ""local law enforcement"" for purposes of the above provision to mean the municipal police or county sheriff with jurisdiction over the location where (i) the service recipient permanently resides, if the service recipient is a resident of this state or (ii) the inpatient treatment facility is located, if the service recipient is not a resident of this state.NOTICE TO COURT CLERK This bill provides that a court clerk who maintains records of the adjudication as a mental defective or judicial commitment to a mental institution pursuant to provisions of law relative to judicial procedures for residential treatment and review of transfers of a person who is a resident of this state must send notice of the adjudication or commitment to the clerk of court in the county of the person's permanent residence no later than five business days after the date adjudication as a mental defective is made or judicial commitment is ordered.REPORTING BY HOSPITAL Present law provides that, if a patient is involuntarily committed to inpatient treatment at a licensed hospital, then the hospital must report the service recipient to local law enforcement as soon as practicable, but no later than the third business day following the date of such commitment, who must report the service recipient to the Federal Bureau of Investigation-NICS Index and the department of safety as soon as practicable, but no later than the third business day following the date of receiving such notification, for the purposes of complying with federal law. This bill defines ""local law enforcement"" for purposes of the above provision to mean the municipal police or county sheriff with jurisdiction over the location where (i) the service recipient permanently resides, if the service recipient is a resident of this state or (ii) the inpatient treatment facility is located, if the service recipient is not a resident of this state.",http://wapp.capitol.tn.gov/apps/BillInfo/default.aspx?BillNumber=SB7006&GA=113
SB7007,113th,2023_2024,SS1,HB7072,White,McNally,Sexton,"AN ACT to amend Tennessee Code Annotated, Title 8; Title 16 and Title 18, relative to court systems.","Courts, Administrative Office of the - As introduced, directs the administrative office of the courts (AOC) to define and develop a centralized system of case management, document management, electronic case filing, electronic payment methods, data reporting, and any other capability deemed necessary for collection and reporting of all state and local court public case level data. - Amends TCA Title 8; Title 16 and Title 18.",NOT SIGNIFICANT,"This bill directs the administrative office of the courts (AOC) to define and develop a centralized system of case management, document management, electronic case filing, electronic payment methods, data reporting, and any other capability deemed necessary for collection and reporting of all state and local court public case level data. The system may consist of software solutions capable of integrating with existing state and local systems to report case dispositions, statistics, and other related data with the goal that information in such system should be easily reportable, retrievable, accessible, and uniform and consistent throughout the state. The development of the centralized system must include projections for ongoing costs and maintenance of such a system.REPORT OF PROGRESS Beginning on January 31, 2024, and every six months thereafter until initial implementation of the system, this bill requires the AOC to submit a written update as to the progress of the development to the speakers and chief clerks of each house of the general assembly; the governor; the chairs of the finance, ways and means committees of the house of representatives and senate; the chair of the civil justice committee of the house of representatives; the chair of the judiciary committee of the senate; and the office of legislative budget analysis.INSTALLATION AND MAINTENANCE OF SYSTEM BY COURT CLERKS Present law requires the installation and maintenance of the Tennessee court information system (TnCIS) as provided by the AOC or a functionally equivalent computer system. The implementation of TnCIS in the offices of the court clerks must be determined by the TnCIS steering committee and be based on the availability of adequate funding. The TnCIS software must be made available to all offices of court clerks. This bill removes the above provisions and provides, instead, that it is the duty of the clerk of each of the courts to install and maintain the court information system as provided by the AOC that will collect and report electronically all data required under Tennessee Supreme Court Rule 11, Section II, or otherwise statutorily mandated, and that the AOC must provide for the necessary data transfers with other state agencies as defined by the AOC or as statutorily required.CONVERSION OF EXISTING SYSTEMS Present law provides that any court clerk office having a significant investment in an existing computer system is not required to acquire a new computer system, or to modify or convert an existing system to utilize the TnCIS software as long as those court clerk offices maintain a computer system that will report electronically all data required under Tennessee Supreme Court Rule 11, Section II, or otherwise statutorily mandated, and the AOC provides for the necessary data transfers with other state agencies as defined by the AOC or as statutorily required. This bill removes the above provisions and provides, instead, that until the AOC has completed the development of the system described in this bill, court clerk offices must maintain existing court information computer systems and report electronically all data required under Tennessee Supreme Court Rule 11, Section II, or otherwise statutorily mandated. This bill also requires the AOC to provide each court clerk with a list of the data that is required under Tennessee Supreme Court Rule 11, Section II or state law.AVAILABILITY OF THE SYSTEM When the AOC has completed the development of the system described above, this bill requires that the system must be made available to all offices of court clerks, including those offices previously automated and those offices within Shelby, Davidson, Knox, and Hamilton counties, and those offices shall adopt and convert to the new system on a schedule to be determined in consultation with the AOC.",http://wapp.capitol.tn.gov/apps/BillInfo/default.aspx?BillNumber=SB7007&GA=113
SB7008,113th,2023_2024,SS1,HB7058,Haile,,Cochran,"AN ACT to amend Tennessee Code Annotated, Title 33, Chapter 3, Part 2, relative to special liability.","Mental Illness - As introduced, expands the statutory duty that qualified mental health professionals and licensed behavior analysts have to notify potential victims and law enforcement of an actual threat of bodily harm against a clearly identified victim made by a person receiving mental health services to apply to additional healthcare providers and include credible threats without a clearly identifiable victim. - Amends TCA Title 33, Chapter 3, Part 2.",NOT SIGNIFICANT,"As of October 1, 2023, this bill extends the statutory duty that qualified mental health professionals and behavior analysts have to notify potential victims and law enforcement of an actual threat of bodily harm against a clearly identified victim made by a person receiving mental health services to apply to all licensed physicians, nurse practitioners, and physician assistants (collectively referred to as ""health care providers"").DUTY TO PREDICT, WARN, OR TAKE PRECAUTIONS TO PROVIDE PROTECTION Present law requires a qualified mental health professional or behavior analyst to take reasonable care to predict, warn of, or take precautions to protect an identified victim from a service recipient's violent behavior if, and only if, the following occurs: (1) The service recipient has communicated to the qualified mental health professional or behavior analyst an actual threat of bodily harm against a clearly identified victim; and (2) The professional, using the reasonable skill, knowledge, and care ordinarily possessed and exercised by the professional's specialty under similar circumstances, has determined or reasonably should have determined that the service recipient has the apparent ability to commit such an act and is likely to carry out the threat unless prevented from doing so. Present law specifies that a mental health professional or service provider discharges the duty to predict, warn, or take precautions to provide protection by: (1) Informing the clearly identified victim of the threat; (2) Having the service recipient admitted on a voluntary basis to a hospital; (3) Taking steps to seek admission of the service recipient to a hospital or treatment resource on an involuntary basis; or (4) Pursuing a course of action consistent with current professional standards that will discharge the duty. This bill adds that the duty may be discharged by reporting the threat to law enforcement (as described below). This bill places the same duties and responsibilities on health care providers. This bill also makes such duties and responsibilities apply when a threat is made against a ""victim"" rather than a ""clearly identified victim"".REPORTING TO LOCAL LAW ENFORCEMENT Present law provides that, if a service recipient has communicated to a qualified mental health professional or behavior analyst an actual threat of serious bodily harm or death against a reasonably identifiable victim or victims, then the professional or analyst, using the reasonable skill, knowledge, and care ordinarily possessed and exercised by their specialty under similar circumstances, who has determined or reasonably should have determined that the service recipient has the apparent ability to commit such an act and is likely to carry out the threat unless prevented from doing so, must immediately report the service recipient to local law enforcement, who must take appropriate action based upon the information reported. Present law provides that, if a mental health professional or behavior analyst is required to report as described in the paragraph above, then the professional or analyst must report the following information: (1) The complete name and all aliases of the service recipient; (2) The name of the professional or analyst and the name of the private or state hospital or treatment resource from which the individual may be receiving services; (3) The date of birth of the service recipient; (4) The race and sex of the service recipient; and (5) The social security number of the service recipient, if available. Present law clarifies that the information described in (1)-(3) above, the confidentiality of which is protected by other statutes or regulations, must be maintained as confidential and not subject to public inspection pursuant to such statutes or regulations, except as may be necessary in the conduct of certain criminal proceedings. This bill places the same reporting duties and responsibilities on health care providers. This bill also makes the duty to report attach when there is an actual threat of serious bodily harm or death against a ""victim"" rather than a ""reasonably identifiable victim"".",http://wapp.capitol.tn.gov/apps/BillInfo/default.aspx?BillNumber=SB7008&GA=113
SB7009,113th,2023_2024,SS1,,Oliver,,,"AN ACT to amend Tennessee Code Annotated, Title 39; Title 49 and Chapter 367 of the Public Acts of 2023, relative to school safety plans.","Local Education Agencies - As introduced, requires each district-wide school safety plan and building-level school safety plan to prohibit the possession, carrying, or storage of firearms or firearm ammunition on school property by students; eliminates the authorization to transport or store a firearm or firearm ammunition in a motor vehicle if doing so would be in violation of a school safety plan. - Amends TCA Title 39; Title 49 and Chapter 367 of the Public Acts of 2023.",NOT SIGNIFICANT,Abstract summarizes the bill.,http://wapp.capitol.tn.gov/apps/BillInfo/default.aspx?BillNumber=SB7009&GA=113
SB7010,113th,2023_2024,SS1,HB7029,Jackson,,Littleton,"AN ACT to amend Tennessee Code Annotated, Title 37; Title 39 and Title 40, relative to juvenile offenders.","Juvenile Offenders - As introduced, requires juvenile offenders 16 years of age or more who are alleged to have committed certain offenses and meeting certain other criteria to be transferred to adult criminal court for disposition as if the juvenile were an adult. - Amends TCA Title 37; Title 39 and Title 40.","Increase State Expenditures – $7,649,400 Incarceration----- $12,000,000/FY23-24----- ----- Decrease State Expenditures – Net Impact - ----- $16,484,400/FY24-25 and Subsequent Years----- ----- Decrease Federal Expenditures – $1,978,300/FY24-25 and Subsequent Years","Present law authorizes the transfer of juveniles who are alleged to have committed a delinquent act that would be a criminal offense if committed by an adult from the juvenile court to criminal court. Such authorization is dependent on the juvenile's age and the offense alleged to have been committed. Prior to any such transfer, present law requires that the court conduct a hearing and consider certain factors to determine whether there is probable cause to believe that: (1) The child committed the delinquent act as alleged; (2) The child is not committable to an institution for the developmentally disabled or mentally ill; and (3) The interests of the community require that the child be put under legal restraint or discipline. This bill deletes from present law a statement of legislative intent that children shall not be transferred to criminal court due to a lack of appropriate resources for effective treatment and rehabilitation in the juvenile justice system. This bill makes the transfer of a juvenile to criminal court mandatory if: (1) The juvenile was 16 or more but less than 18 at the time of the alleged conduct; (2) The juvenile was charged with theft of a firearm or a criminal offense that was committed while the juvenile was in possession of a firearm; and (3) A probable cause hearing is held after proper notice is given. A court conducting a probable cause hearing under this bill will not be required to find probable cause that community interests require the child to be put under legal restraint or discipline. The district attorney general shall not seek, nor shall any child transferred under this bill receive, a sentence of death or mandatory life without the possibility of parole for the offense for which the child was transferred.",http://wapp.capitol.tn.gov/apps/BillInfo/default.aspx?BillNumber=SB7010&GA=113
SB7011,113th,2023_2024,SS1,HB7047,Yarbro,,Davis A,"AN ACT to amend Tennessee Code Annotated, Title 39 and Title 55, relative to acts of mass violence.","Firearms and Ammunition - As introduced, creates a Class E felony of threatened mass violence for the reckless handling, display, or discharge of a firearm while operating, or as a passenger in, a motor vehicle. - Amends TCA Title 39 and Title 55.","Increase State Expenditures – $31,600 Incarceration",Abstract summarizes the bill.,http://wapp.capitol.tn.gov/apps/BillInfo/default.aspx?BillNumber=SB7011&GA=113
SB7012,113th,2023_2024,SS1,HB7037,Yarbro,,Davis A,"AN ACT to amend Tennessee Code Annotated, Title 8; Title 16 and Title 38, relative to criminal records.","Tennessee Bureau of Investigation - As introduced, requires that, by October 1, 2024, the bureau enter each final disposition of criminal proceedings received by the bureau into the national crime information center and any other databases maintained by the bureau for the purpose of criminal history record checks within 30 days of the bureau's receipt of the disposition from a court clerk. - Amends TCA Title 8; Title 16 and Title 38.",NOT SIGNIFICANT,Abstract summarizes the bill.,http://wapp.capitol.tn.gov/apps/BillInfo/default.aspx?BillNumber=SB7012&GA=113
SB7013,113th,2023_2024,SS1,HB7067,Yarbro,,Jernigan,"AN ACT to amend Tennessee Code Annotated, Title 33, relative to mental health services.","Mental Health & Substance Abuse Services, Dept. of - As introduced, authorizes the department to conduct a pilot program to provide certain mental health services to service recipients upon discharge from an inpatient facility following an involuntary commitment; requires the department to submit a report to the general assembly following the end of each fiscal year during which the pilot program is conducted. - Amends TCA Title 33.","Increase State Expenditures - $564,100/FY24-25-----$564,100/FY25-26","This bill authorizes the department of mental health and substance abuse services to conduct a pilot project to provide home-based mental healthcare services to service recipients following discharge from an inpatient treatment facility for involuntary commitment. In order to develop and conduct the pilot program, this bill authorizes the department to do the following: (1) Consult with other government providers that have utilized home-based visits and similar community-based mental health follow-up services to individuals subsequent to discharge from inpatient mental healthcare facilities; (2) Partner with appropriate inpatient facilities where service recipients are involuntarily committed; (3) Employ or contract with public health nurses and other mental health professionals to make home visits to service recipients; (4) Develop policies and procedures related to the frequency of, requirements for, and goals for such visits; (5) Develop policies and procedures relating to a health professional's initiation of a referral that results in a petition for the service recipient to be re-committed to an inpatient facility; (6) Collect medicaid, medicare, or private insurance benefits to compensate for services provided; (7) Develop assessment tools to identify and prioritize a service recipient's need for home-based care subsequent to release from an inpatient facility; and (8) Provide home-based services to service recipients in a manner that maximizes available resources, utilizes existing partnerships, and achieves the department's needs in evaluating the success of the pilot program.ANALYSIS OF PROGRAM'S EFFECTIVENESS This bill requires the department to collect data and undertake analysis to evaluate the effectiveness of the pilot program. The analysis must be relevant to assessing the program's success, which may include, outcomes related to medication management; risk assessment; justice system involvement; the need for subsequent emergency or inpatient mental healthcare treatment; healthcare reimbursements; and relevant cost-benefit analysis.REPORT This bill requires the department to compile and deliver a report on the status and outcomes of the pilot program following the end of each fiscal year during which the pilot program is conducted. The report must be delivered no later than September 30 of that year to the chair of the health and welfare committee of the senate, the health committee of the house of representatives, and the legislative librarian.",http://wapp.capitol.tn.gov/apps/BillInfo/default.aspx?BillNumber=SB7013&GA=113
SB7014,113th,2023_2024,SS1,,Yarbro,,,"AN ACT to amend Tennessee Code Annotated, Title 33 and Title 71, relative to services for persons with mental health needs.","TennCare - As introduced, directs the bureau of TennCare to submit to the federal centers for medicare and medicaid services an application for a research and demonstration waiver under Section 1115 of the federal Social Security Act to provide housing solutions for Tennesseans in need of mental health services; includes the provision of certain services as minimum requirements for the terms of the waiver application. - Amends TCA Title 33 and Title 71.",Not Available,"This bill requires the bureau of TennCare to submit, no later than December 31, 2023, to the federal centers for medicare and medicaid services an application for a research and demonstration waiver under Section 1115 of the federal Social Security Act to provide housing solutions for Tennesseans in need of mental health services, subject to appropriation by the general assembly and the terms and conditions imposed by the waiver. This bill requires the director of TennCare to ensure that the submitted waiver application includes the requirement that TennCare provide the following: (1) Rent or temporary housing for up to six months for individuals with mental health disabilities or disorders, or who are experiencing other mental health challenges and who are (i) transitioning out of institutional care or congregate settings, including, but not limited to, nursing facilities, large group homes, congregate residential settings, institutions for mental diseases, correctional facilities, and acute care hospitals; (ii) homeless, at risk of homelessness, or transitioning out of an emergency shelter; or (iii) youth transitioning out of the child welfare system, including foster care; and (2) Traditional respite services, day habilitation programs and sobering centers, pre-tenancy and tenancy sustaining services, housing transition navigation services, and one-time transition and moving costs.",http://wapp.capitol.tn.gov/apps/BillInfo/default.aspx?BillNumber=SB7014&GA=113
SB7015,113th,2023_2024,SS1,HB7023,Hensley,,Cepicky,"AN ACT to amend Tennessee Code Annotated, Title 8; Title 37; Title 38; Title 49 and Title 62, relative to law enforcement at schools.","Law Enforcement - As introduced, authorizes a law enforcement agency to assign a law enforcement officer to serve as a school resource officer at a school within a local board of education's control that has not entered into a memorandum of understanding with a law enforcement agency to assign a school resource officer to the school. - Amends TCA Title 8; Title 37; Title 38; Title 49 and Title 62.","Other Fiscal Impact – The Appropriations Act of 2023 allocated recurring funding of $140,000,000 for SRO Program Grants. As of August 2023, $64,575,000 in SRO Program Grants have been issued. To the extent that additional SRO Program Grants are awarded, there will be an increase in state expenditures from the SRO Grant Fund. The net local fiscal impact is estimated to be not significant.","Starting with the 2023-2024 school year, and continuing with each school year thereafter, this bill provides that, if a local board of education has not entered into a memorandum of understanding (MOU) with a law enforcement agency to assign a school resource officer at each school within the local board of education's control, then a law enforcement agency with jurisdiction may assign at least one law enforcement officer to serve as a school resource officer (SRO) at the school to increase the protection and safety of students and school personnel during regular school hours when children are present on the school's premises, as well as during school-sponsored events. This bill authorizes such an officer assigned to a school to possess and carry a firearm on the grounds of the school at which the officer is assigned. This bill provides that, if a law enforcement officer is assigned to a school as described above, then the chief of the law enforcement agency that assigned the law enforcement officer must notify the director of schools and the principal of the school of the following: (1) The officer's assignment; (2) The policies of the officer's employing law enforcement agency that the officer must follow; (3) Procedures for communication among the LEA, officers, and local law enforcement agencies; (4) A description of any policies, procedures, or other requirements that the officer must follow when responding to an emergency on school grounds; (5) A procedure for addressing complaints against the officer; and (6) The officer's assigned schedule at a school in the LEA. This bill prohibits an LEA from impeding on the duties of an officer who is assigned to a school as described above. ON AUGUST 28, 2023, THE HOUSE ADOPTED AMENDMENT #1 AND PASSED HOUSE BILL 7023, AS AMENDED. AMENDMENT #1 makes the following changes to this bill: (1) Adds that, if a law enforcement officer is assigned to a school pursuant to this bill, then the chief of the law enforcement agency that assigned the law enforcement officer must notify the director of schools and the principal of the school of whether the officer carries a firearm; and (2) Clarifies that a law enforcement officer who is assigned to a school pursuant to this bill does not need the joint written authorization of the director of schools in conjunction with the principal of the school to carry or possess a firearm on school property.",http://wapp.capitol.tn.gov/apps/BillInfo/default.aspx?BillNumber=SB7015&GA=113
SB7016,113th,2023_2024,SS1,HB7076,Campbell,,Freeman,"AN ACT to amend Tennessee Code Annotated, Title 49, relative to school counselors.","Teachers, Principals and School Personnel - As introduced, requires the department of education to allocate to each local education agency sufficient funds for the LEA to employ one full-time licensed professional school counselor position for every 250 student members of the LEA or one full-time position for the LEA and for each public charter school within the LEA, whichever is greater; requires each LEA and public charter school to employ a licensed professional school counselor for each position funded. - Amends TCA Title 49.","Increase State Expenditures - $209,737,400/FY23-24----- Exceeds $279,649,800/FY24-25 and Subsequent Years",Abstract summarizes the bill.,http://wapp.capitol.tn.gov/apps/BillInfo/default.aspx?BillNumber=SB7016&GA=113
SB7017,113th,2023_2024,SS1,HB7044,Haile,,Slater,"AN ACT to amend Tennessee Code Annotated, Title 49, relative to school transportation.","School Transportation - As introduced, requires each local education agency to post a notice in a conspicuous place on each school bus in operation by the LEA to notify others that no person shall enter onto school buses except for those authorized; requires new bus drivers and transportation supervisors to receive training regarding procedures concerning persons improperly on school buses. - Amends TCA Title 49.",NOT SIGNIFICANT,Abstract summarizes the bill.,http://wapp.capitol.tn.gov/apps/BillInfo/default.aspx?BillNumber=SB7017&GA=113
SB7018,113th,2023_2024,SS1,HB7071,Bailey,,Sexton,"AN ACT to amend Tennessee Code Annotated, Title 38, relative to reporting of mass shootings.","Tennessee Bureau of Investigation - As introduced, requires the bureau to submit a report on the number of mass shootings that occur in this state to the governor, the speaker of the house of representatives, and the speaker of the senate by January 1, 2024, and by each January 1 thereafter. - Amends TCA Title 38.",NOT SIGNIFICANT,Abstract summarizes the bill.,http://wapp.capitol.tn.gov/apps/BillInfo/default.aspx?BillNumber=SB7018&GA=113
SB7019,113th,2023_2024,SS1,HB7086,Bailey,,Williams,"AN ACT to amend Tennessee Code Annotated, Section 49-6-815, relative to school safety.","Teachers, Principals and School Personnel - As introduced, authorizes a faculty or staff member of a school to carry a concealed handgun on school grounds subject to certain conditions, including obtaining an enhanced handgun carry permit and completing basic training in school policing. - Amends TCA Section 49-6-815.",NOT SIGNIFICANT,"Present law authorizes the following people to possess and carry a firearm on the grounds of the school at which they are assigned: (1) A person employed by an LEA as a faculty or staff member at a school within the LEA; or (2) A person assigned to a school in accordance with a memorandum of understanding (""MOU"") between the chief of the appropriate law enforcement agency and the LEA. Present law further provides that, in order to possess and carry a firearm on the grounds of the school pursuant to (1) or (2), the person must: (1) Be authorized to possess and carry a firearm pursuant to present law concerning enhanced handgun carry permits; (2) Have the joint written authorization of the director of schools in conjunction with the principal of the school to carry or possess a firearm on school property; and (3) Be a law enforcement officer, or have prior service as a law enforcement officer, and be in compliance with all laws, rules and regulations of the POST commission, and have successfully completed (at the person's own expense) 40 hours in basic training in school policing. Subject to certain exceptions listed at the end of this Summary, this bill specifies a process for a faculty or staff member who does not have law enforcement training to obtain authorization to carry a concealed handgun on school property at the school to which the person is assigned, if such person: (1) Holds an enhanced handgun carry permit; (2) Has written authorization from the chief of the appropriate law enforcement agency to carry or possess a concealed handgun on school grounds; (3) Not be prohibited from purchasing, possessing, and carrying a handgun as determined by criminal history background checks performed by both the TBI and FBI; (4) Undergoes a psychological examination conducted by a Tennessee licensed psychologist or psychiatrist, to determine whether the person is free from any impairment that under the examiner’s professional judgment would affect such person’s ability to safely possess and carry a concealed handgun on the grounds of a school; (5) Completes 40 hours of POST-approved basic training in school policing at the person's own expense; and (6) Is not a student at the school where the person seeks authorization to carry a concealed handgun. A faculty or staff member who carries a concealed handgun on school property pursuant to this bill will be prohibited from: (1) Carrying the handgun openly; or (2) Carrying the handgun at certain venues and in certain meetings specified in the full text of this bill. This bill specifies that an LEA and law enforcement agency are immune from claims for monetary damages that arise solely from, or that are related to, a faculty or staff member's use of, or failure to use, a handgun; provided, that the faculty or staff member is authorized to carry the handgun pursuant to this bill. The requirements for law enforcement officers and persons with prior service as law enforcement officers to carry firearms on school property under this bill are substantially the same as present law. This bill specifies that confidentiality requirements for persons who are authorized to carry firearms on school property under present law will apply non-law enforcement faculty and staff who obtain authorization to carry a concealed handgun on school property. This bill does not apply to: (1) Schools within the department of children's services' LEA; or (2) Schools within the department of correction's LEA.",http://wapp.capitol.tn.gov/apps/BillInfo/default.aspx?BillNumber=SB7019&GA=113
SB7020,113th,2023_2024,SS1,HB7064,Bailey,,Todd,"AN ACT to amend Tennessee Code Annotated, Title 38; Title 39, Chapter 17, Part 13; Title 49; Chapter 142 of the Public Acts of 2023 and Chapter 149 of the Public Acts of 2023, relative to firearms.","Firearms and Ammunition - As introduced, allows law enforcement officers, whether on-duty or off-duty, retired law enforcement officers, active duty and retired members of the armed forces of the United States, whether in discharge of official duties or not, and enhanced handgun carry permit holders, except in certain circumstances, to possess or carry, whether openly or concealed, with or without the intent to go armed, a handgun in any public school building or bus, on any public school campus, grounds, recreation area, athletic field, or any other property owned, operated, or while in use by any public board of education, school, college, or university board of trustees, regents, or directors for the administration of any public educational institution. - Amends TCA Title 38; Title 39, Chapter 17, Part 13; Title 49; Chapter 142 of the Public Acts of 2023 and Chapter 149 of the Public Acts of 2023.","Other Fiscal Impact – Liability insurance expenditures for schools is estimated to increase; however, the precise amount or timing of the increase cannot be reasonable determined at this time.","Under present law, it is generally a Class E felony for a person to possess or carry, with the intent to go armed, a weapon on school property. Additionally, it is generally a Class B misdemeanor for a person to possess or carry (regardless of whether the person intended to be armed) a firearm on school property. Present law specifies various exceptions to such offenses whereby certain persons may lawfully possess or carry a weapon, including a firearm, on school property. Among the 13 exceptions to present law concerning possession and carrying of weapons on school property are the following: (1) Persons employed in the army, air force, navy, coast guard or marine service of the U.S. or any member of the Tennessee national guard when in discharge of their official duties and acting under orders requiring them to carry arms or weapons; (2) Civil officers of the U.S. in the discharge of their official duties; (3) Officers and soldiers of the militia and the national guard when called into actual service; (4) Officers of the state, or of any county, city or town, charged with the enforcement of the laws of the state, when in the discharge of their official duties; (5) Pupils who are members of ROTC or pupils enrolled in a course of instruction or members of a club or team, and who are required to carry arms or weapons in the discharge of their official class or team duties; (6) Private police employed by the administration or board of trustees of any public or private institution of higher education in the discharge of their duties; (7) Any registered security guard/officer who meets the requirements of the Private Protective Services Licensing and Regulatory Act, and who is discharging the officer's official duties; (8) Enhanced handgun carry permit holders who possess a handgun while within or on a non-school public park or other similar public place. Generally, this exception does not apply in areas that are being used by an educational entity for an athletic event or school-related activity; (9) Persons carrying a handgun of a private institution pursuant to the institution's policies; (10) Persons permitted to carry a handgun on school property under the Schools Against Violence in Education Act; (11) Authorized employees of public institutions of higher education who possess an enhanced handgun carry permit; (12) Employees of the University of Tennessee institute of agriculture or a college or department of agriculture at a campus in the University of Tennessee system when in the discharge of the employee's official duties and with prior authorization from the chancellor of the institute. There is also an exception for fellow household members of such employees when living in school housing; and (13) Employees of the university's college or department of agriculture when in the discharge of the employee's official duties and with prior authorization from the president of a university in the board of regents system. There is also an exception for fellow household members of such employees when living in school housing. This bill adds the following to the list of exceptions to present law concerning possession and carrying of weapons on school property: (1) Active duty and retired members of the armed forces of the U.S. possessing or carrying a handgun, unless the person is otherwise prohibited from possessing or carrying a handgun by state or federal law; and (2) State and local law enforcement officers, whether on-duty or off-duty, possessing or carrying a handgun, or retired law enforcement officers possessing or carrying a handgun who are authorized to carry the handgun pursuant to a written directive of the officer's employing agency. This bill replaces the exceptions described in (8), (10), and (11), and the exceptions for fellow household members of agricultural college employees residing in school housing, with a general exception for law enforcement officers and enhanced handgun carry permit holders. Under this bill, an enhanced handgun carry permit holder will be exempt from the general prohibition against possessing or carrying a weapon on school property when the permit holder possesses or carries a handgun on property owned, operated, or in use by a public school, unless the permit holder: (1) Is a student at a public or private K-12 school; or (2) Is an employee of the school entity in a meeting regarding a disciplinary matter or tenure issues, or in a hospital or office where medical or mental health services are the primary services provided. Subject to certain exceptions, present law authorizes law enforcement officers to carry firearms at all times and all places. One exception to the general authorization is that a law enforcement officer who is not engaged in discharging official duties cannot carry a firearm onto school grounds without immediately notifying the school principal or another administrative employee of the school. This bill limits the application of such requirement to private schools so that law enforcement officers will be authorized to carry firearms onto public school property without immediately providing notice. This bill also removes references to some of the exceptions that this bill deletes from present law concerning prohibited firearm registries.",http://wapp.capitol.tn.gov/apps/BillInfo/default.aspx?BillNumber=SB7020&GA=113
SB7021,113th,2023_2024,SS1,HB7025,Jackson,,Todd,"AN ACT to amend Tennessee Code Annotated, Title 33, relative to mental health.","Mental Illness - As introduced, adds categories of victims and geographic targets that are the subject of threats communicated by a service recipient as targets that require certain actions by a qualified mental health professional or behavior analyst; requires reports of certain information about communicated threats to be reported to local law enforcement; makes certain other changes regarding reporting requirements by mental health professionals to whom threats are communicated by service recipients. - Amends TCA Title 33.",NOT SIGNIFICANT,"As described below, this bill alters the duty that certain mental health professionals have to warn or take precautions to protect certain victims from a service recipient's violent behavior.DUTY TO WARN OR TAKE PRECAUTIONS Present law requires a professional to take reasonable care to predict, warn of, or take precautions to protect the identified victim from the service recipient's violent behavior if, and only if, the following circumstances exist: (1) The service recipient has communicated to a qualified mental health professional or behavior analyst an actual threat of bodily harm against a clearly identified victim; and (2) The professional, using the reasonable skill, knowledge, and care ordinarily possessed and exercised by the professional's specialty under similar circumstances, has determined or reasonably should have determined that the service recipient has the apparent ability to commit such an act and is likely to carry out the threat unless prevented from doing so.This bill amends (1) above to provide, instead, the following: (1) The service recipient (i) has communicated to a qualified mental health professional or behavior analyst an actual threat of bodily or physical harm against a clearly identified victim, including a category of victims or a specific geographic target or (ii) has communicated to a qualified mental health professional or behavior analyst to a reasonable degree of certainty, a probable threat of bodily or physical harm against a clearly identified victim, including a category of victims or a specific geographic target. This bill amends the duty imposed to provide, instead, that the professional or analyst must take reasonable care to predict, warn of, or take precautions to protect the clearly identified victim, including any category of victims or specific geographic targets, from the service recipient's planned or potential violent behavior.DISCHARGE OF DUTY Present law provides that the duty, as described above, may be discharged by the professional or service provider by doing the following: (1) Informing the clearly identified victim of the threat; (2) Having the service recipient admitted on a voluntary basis to a hospital; (3) Taking steps to seek admission of the service recipient to a hospital or treatment resource on an involuntary basis; or (4) Pursuing a course of action consistent with current professional standards that will discharge the duty. This bill adds that the professional or provider may also discharge the duty by informing the applicable law enforcement agency, as described below.REPORTING TO LOCAL LAW ENFORCEMENT Present law provides that, if a service recipient has communicated to a qualified mental health professional or behavior analyst an actual threat of serious bodily harm or death against a reasonably identifiable victim or victims, then the qualified mental health professional or behavior analyst, using the reasonable skill, knowledge, and care ordinarily possessed and exercised by the professional's specialty under similar circumstances, who has determined or reasonably should have determined that the service recipient has the apparent ability to commit such an act and is likely to carry out the threat unless prevented from doing so, must immediately report the service recipient to local law enforcement, who shall take appropriate action based upon the information reported. This bill also requires reporting if there is communicated, to a reasonable degree of certainty, a probable threat of serious bodily or physical harm or death against a reasonably identifiable victim, category of victims, or geographic target. Present law requires the professional or analyst to report certain information in situations as described above. This bill adds to the present list of information the following: (1) The names or identities of any reasonably identifiable potential victims, categories of victims, or geographic targets to the extent such information was communicated by the service recipient or reasonably inferable from the communications of the service recipient; and (2) A detailed statement of the service recipient's communications or actions which warrant reporting under this section.CONFIDENTIALITY PROTECTION This bill clarifies that information provided pursuant to the above provisions, the confidentiality of which is protected by other statutes or regulations, is declared protected by this bill.",http://wapp.capitol.tn.gov/apps/BillInfo/default.aspx?BillNumber=SB7021&GA=113
SB7022,113th,2023_2024,SS1,HB7065,Yarbro,,Hemmer,"AN ACT to amend Tennessee Code Annotated, Title 33 and Title 71, relative to services for persons with mental health needs.","TennCare - As introduced, directs the bureau of TennCare to submit to the federal centers for medicare and medicaid services an application for a research and demonstration waiver under Section 1115 of the federal Social Security Act to provide housing solutions for Tennesseans in need of mental health services; includes the provision of certain services as minimum requirements for the terms of the waiver application. - Amends TCA Title 33 and Title 71.","Increase State Expenditures - $43,410,600/FY24-25 and Subsequent Years-----Increase Federal Expenditures - $82,362,600/FY24-25 and Subsequent Years -----Other Fiscal Impact - If the Division of TennCare is able to secure a waiver to provide housing solutions for individuals in need of mental health services, then expenditures on other healthcare services may decrease. Such decrease is dependent on a number of factors and cannot be precisely quantified.-----If the Division of TennCare is required to increase reimbursement rates for additional services then state and federal expenditures will increase. The impact of such increase is dependent on a number of unknown factors and cannot be reasonably determined.","This bill requires the bureau of TennCare to submit, no later than December 31, 2023, to the federal centers for medicare and medicaid services an application for a research and demonstration waiver under Section 1115 of the federal Social Security Act to provide housing solutions for Tennesseans in need of mental health services, subject to appropriation by the general assembly and the terms and conditions imposed by the waiver. This bill requires the director of TennCare to ensure that the waiver application includes the requirement that TennCare provide rent or temporary housing for up to six months for individuals with mental health disabilities or disorders, or who are experiencing other mental health challenges and who are the following: (1) Transitioning out of institutional care or congregate settings, including, but not limited to, nursing facilities, large group homes, congregate residential settings, institutions for mental diseases, correctional facilities, and acute care hospitals; (2) Homeless, at risk of homelessness, or transitioning out of an emergency shelter; or (3) Youth transitioning out of the child welfare system, including foster care.",http://wapp.capitol.tn.gov/apps/BillInfo/default.aspx?BillNumber=SB7022&GA=113
SB7023,113th,2023_2024,SS1,HB7043,Hensley,,Barrett,"AN ACT to amend Tennessee Code Annotated, Title 39, Chapter 17, Part 13 and Title 49, relative to school safety.","Firearms and Ammunition - As introduced, authorizes persons with an enhanced handgun carry permit to carry a handgun on school property unless the person knows that the respective school provides armed security on the school property; removes certain exemptions of a law enforcement officer's authority to possess a firearm on school property; authorizes certain community corrections officers to possess a handgun on school property. - Amends TCA Title 39, Chapter 17, Part 13 and Title 49.","Other Fiscal Impact – Liability insurance expenditures for schools is estimated to increase; however, the precise amount or timing of the increase cannot be reasonably determined.","Subject to various exceptions, present law makes it a Class E felony for a person to possess or carry, with the intent to go armed, weapons, including firearms, on school property. Also, subject to various exceptions, present law makes it a Class B misdemeanor for a person to carry or possess a firearm on school property, even without the person having the intent to go armed. One of the exceptions to the above offenses is for state and local law enforcement officers, when in the discharge of their official duties. Present law authorizes an off-duty law enforcement officer to carry a firearm onto school property during regular school hours if the officer provides immediate notice to the school principal, or other administrative staff person. This bill deletes the requirement that an off-duty law enforcement officer must provide immediate notice to the school principal, or other administrative staff person when possessing a firearm on school property during regular school hours. This bill also adds an exception to the above offenses for enhanced handgun carry permit holders to carry or possess a handgun on school property, unless the board of education, school, college, or university board of trustees, regents, or directors provides armed security on the school property and the permit holder knows that the respective school provides armed security on the school property; provided, that the person carrying a handgun keeps the handgun concealed on their person and secure from unauthorized access at all times. Under present law, in Bedford, Giles, and Rutherford counties, the general authorization for law enforcement officers to carry firearms at all times only applies to law enforcement officers who are law enforcement officers for those counties or law enforcement officers for municipalities located therein. This bill adds that the exception for Bedford, Giles, and Rutherford counties does not apply if the law enforcement officer is on school grounds or inside a school building. This bill adds authorization for a community corrections officer who holds a valid Tennessee enhanced handgun carry permit to carry a handgun at all times on school property while in the course of employment and engaged in the actual discharge of official duties, except as provided by federal law or lawful orders of court. In order to carry a firearm on school property, present law generally requires that a school employee, among other things, have the joint written authorization of the director of schools in conjunction with the principal of the school. This bill prohibits an LEA that does not provide armed security from prohibiting the LEA's employees or contractors from possessing and carrying a handgun on school grounds. This bill adds similar prohibitions for public institutions of higher education, governing entities of private institutions of higher education, and governing entities of each private K-12 schools, that do not provide armed security.",http://wapp.capitol.tn.gov/apps/BillInfo/default.aspx?BillNumber=SB7023&GA=113
SB7024,113th,2023_2024,SS1,HB7042,Hensley,,Barrett,"AN ACT to amend Tennessee Code Annotated, Title 10, Chapter 7; Title 49 and Chapter 367 of the Public Acts of 2023, relative to school safety.","Safety, Dept. of - As introduced, requires the department to audit each public school in this state to assess its compliance with all applicable safety laws, rules, and policies designed to ensure the safety of students, staff, and visitors in the event of an active threat or active shooter situation on school premises, and to report the results of the audit to the general assembly; requires an audit of each public school no less than once every five years. - Amends TCA Title 10, Chapter 7; Title 49 and Chapter 367 of the Public Acts of 2023.",NOT SIGNIFICANT,"This bill requires the department of safety to conduct a periodic audit of each public school in this state that serves students in any of the grades pre-K-12 to assess the school's compliance with all applicable safety laws, rules, and policies that are designed to ensure the safety of students, staff, and visitors in the event of an active threat or active shooter situation on school premises, and to identify areas of noncompliance, any safety issues or concerns, and to recommend any improvements or changes to the school's security measures. This bill requires LEAs and public charter schools to allow the department full access to all school buildings, school premises, safety plans, and safety equipment while the department is conducting the audit. This bill requires the department to submit a report of each audit conducted pursuant to this bill to the general assembly no later than 90 days after the audit is complete. Initial audits must be conducted by November 1, 2025, and subsequent audits must be conducted no less than once every five years from the date of the school's most recent audit.",http://wapp.capitol.tn.gov/apps/BillInfo/default.aspx?BillNumber=SB7024&GA=113
SB7025,113th,2023_2024,SS1,HB7059,Hensley,,Cepicky,"AN ACT to amend Tennessee Code Annotated, Title 8; Title 37; Title 38; Title 49; Title 62 and Chapter 367 of the Public Acts of 2023, relative to school safety.","Law Enforcement - As introduced, authorizes a law enforcement agency to assign a law enforcement officer to serve as a school resource officer at a school within a local board of education's or public charter school governing body's control that has not adopted a policy to assign a school resource officer to the school. - Amends TCA Title 8; Title 37; Title 38; Title 49; Title 62 and Chapter 367 of the Public Acts of 2023.","Other Fiscal Impact – The Appropriations Act of 2023 allocated recurring funding of $140,000,000 for SRO Program Grants. As of August 2023, $64,575,000 in SRO Program Grants have been issued. To the extent that additional SRO Program Grants are awarded, there will be an increase in state expenditures from the SRO Grant Fund. The net local fiscal impact is estimated to be not significant.","Starting with the 2023-2024 school year, and continuing with each school year thereafter, this bill provides that, if an LEA or public charter school has not adopted a policy authorizing a law enforcement officer to serve as a school resource officer (SRO) at each school within the local board of education's or public charter school governing body's control, then a law enforcement agency with jurisdiction may assign at least one law enforcement officer to serve as an SRO at the school to increase the protection and safety of students and school personnel during regular school hours when children are present on the school's premises, as well as during school-sponsored events. This bill authorizes such an officer to possess and carry a firearm on the grounds of the school at which the officer is assigned. If a law enforcement officer is assigned to a school as described above, then this bill requires the chief of the law enforcement agency that assigned the law enforcement officer to notify the director of schools or the director of the public charter school and the principal of the school of the following: (1) The officer's assignment; (2) The policies of the officer's employing law enforcement agency that the officer must follow; (3) Procedures for communication among the LEA or public charter school, officers, and local law enforcement agencies; (4) A description of any policies, procedures, or other requirements that the officer must follow when responding to an emergency on school grounds; (5) A procedure for addressing complaints against the officer; and (6) The officer's assigned schedule at a school in the LEA or public charter school. This bill prohibits an LEA or public charter school from impeding on the duties of an officer who is assigned to a school as described above.",http://wapp.capitol.tn.gov/apps/BillInfo/default.aspx?BillNumber=SB7025&GA=113
SB7026,113th,2023_2024,SS1,HB7098,Hensley,,Kumar,"AN ACT to amend Tennessee Code Annotated, Title 33 and Title 39, Chapter 17, Part 13, relative to firearms.","Safety, Dept. of - As introduced, requires the department to establish the Tennessee voluntary do not sell firearms list to prohibit the possession, transportation, and sale of firearms to any person who is voluntarily admitted to a public or private hospital or treatment resource for diagnosis, observation, and treatment of a mental illness or serious emotional disturbance and voluntarily registers to be enrolled to the list.   - Amends TCA Title 33 and Title 39, Chapter 17, Part 13.","Increase State Expenditures – $132,100/FY23-24/Handgun Division----- $172,800/FY24-25 and Subsequent Years/----- Handgun Division","This bill requires the department of safety (the ""department"") to establish the Tennessee voluntary do not sell firearms list to prohibit the possession, transportation, and sale of firearms to any person who is voluntarily admitted to a public or private hospital or treatment resource for diagnosis, observation, and treatment of a mental illness or serious emotional disturbance and voluntarily registers to be enrolled to the list.VOLUNTARY DO NOT SELL FIREARMS LIST This bill requires the department to create an enrollment form for the voluntary do not sell firearms list that includes the following: (1) A space for the registering person to designate an individual as a guardian angel if the registering person wishes to do so. The guardian angel must be informed if the registering person revokes enrollment on the voluntary do not sell firearms list. The registering person is responsible for providing contact information for the guardian angel. Upon submitting an enrollment form designating a guardian angel, the department shall notify the designated person of the effect of such designation and allow the designated person to consent or decline to be included as a guardian angel. The designated guardian angel has no obligation to or liability for failure to receive, or remain available to receive, or act upon the information received if the registering person revokes the enrollment on the voluntary do not sell firearms list; (2) A list of the firearms owned by the registering person and the disposition of each firearm; and (3) An attestation that the registering person does not currently possess or have access to any other firearms at the time of filing the enrollment form. This bill also requires the department to do the following: (1) Offer to provide a person seeking to enroll with information on mental health resources available to the person; (2) Require the person to present a valid photo identification to verify the person's identity prior to accepting the enrollment form; and (3) Maintain and update the voluntary do not sell firearms list, such that a gun dealer can be advised that the department's records indicate a firearm buyer is prohibited from purchasing, possessing, or transporting a firearm.REVOCATION OF ENROLLMENT No sooner than 14 calendar days after enrolling onto the voluntary do not sell firearms list, this bill authorizes a person to file a revocation of enrollment with the department. The filing of a revocation form allows the person executing the form to purchase or possess a firearm after the department has completed processing the form, unless the person is otherwise ineligible to purchase or possess a firearm under federal or state law. The department shall require a valid photo identification to verify the person's identity prior to accepting the form. By the end of the seventh business day following the date on which the form was received, the department must notify the person that the person's name has been removed from the voluntary do not sell firearms list, inform the person's guardian angel of the removal, if the person has designated a guardian angel, and destroy all records related to the person's enrollment on the voluntary do not sell firearms list. Within seven days of receiving a revocation form, the department must remove the person from the national instant criminal background check system and other federal or state computer-based systems used by law enforcement to identify prohibited purchasers of firearms in which the person's enrollment on the voluntary do not sell firearms list was entered, unless the person is otherwise ineligible to purchase or possess a firearm under federal or state law. PERJURY This bill provides that a person who knowingly makes a false statement regarding the person's identity on an enrollment or revocation form for the voluntary do not sell firearms list commits the offense of perjury.RULEMAKING AUTHORITY This bill authorizes the department to promulgate rules to effectuate this bill.CONFIDENTIALITY PROTECTIONS This bill requires the department to withhold from public disclosure all information regarding a request to be enrolled onto or removed from the voluntary do not sell firearms list and any other personal identifying information contained in or related to the list, except that such information may be disclosed to a law enforcement officer acting in the performance of official duties, to the applicant with respect to the applicant's own information, or in the course of certain criminal prosecutions. Records obtained and produced pursuant to this bill are confidential and are not an open record. Additionally, a form used to enroll onto or withdraw from the voluntary do not sell firearms list must not be considered by a court in a legal proceeding in which the person executing the form is a party, except that such a form may be used in a criminal prosecution for the Class A misdemeanor offense, created by this bill, of a person who is enrolled onto the voluntary do not sell firearms list purchasing, possessing, or transporting a firearm. This bill also prohibits a person appropriately licensed by the federal government to stock and sell firearms to make such sales to persons who are enrolled onto the voluntary do not sell firearms list.",http://wapp.capitol.tn.gov/apps/BillInfo/default.aspx?BillNumber=SB7026&GA=113
SB7027,113th,2023_2024,SS1,HB7073,Taylor,,Sexton,"AN ACT to amend Tennessee Code Annotated, Title 33; Title 37; Title 39; Title 40; Chapter 264 of the Public Acts of 2023 and Chapter 363 of the Public Acts of 2023, relative to juvenile offenders.","Juvenile Offenders - As introduced, requires a juvenile court to impose a blended sentence on a child adjudicated delinquent for certain offenses; defines blended sentencing as a combination of any disposition otherwise provided for juveniles and a period of an adult disposition to be served after the child turns 19 and which ends on or before the child's 24th birthday; requires the juvenile court to hold a transfer hearing if a juvenile offender is 16 or more but less than 18 at the time of the alleged conduct and is alleged to have committed certain offenses; requires the juvenile court to transfer the juvenile to adult criminal court for disposition as if the juvenile were an adult if the court makes certain findings; provides for an automatic de novo review by the criminal court of a juvenile court's decision denying a transfer to adult criminal court. - Amends TCA Title 33; Title 37; Title 39; Title 40; Chapter 264 of the Public Acts of 2023 and Chapter 363 of the Public Acts of 2023.","Increase State Expenditures – ----- $10,184,500 Incarceration----- $6,187,400/FY23-24/General Fund----- $11,685,200/FY24-25 and Subsequent Years/General Fund----- -----Increase Federal Expenditures – $598,600/FY23-24----- $1,197,200/FY24-25 and Subsequent Years","Present law generally provides that juvenile offenders are no longer under the continuing jurisdiction of the juvenile court upon reaching the age of 19. This bill authorizes juvenile courts to retain jurisdiction over a person until the person reaches 24, if the person is a serious youthful offender (as defined in this bill).TRANSFER TO CRIMINAL COURT Present law provides various circumstances under which a juvenile court may transfer a child to criminal court. Generally, the more severe the offense, the younger the age at which transfer is authorized. Present law provides that the case of a juvenile who is transferred to criminal court must be disposed of as if the juvenile were an adult if the child was: (1) Less than 14 at the time of the alleged conduct and charged with first degree murder or second degree murder or attempted first or second degree murder; (2) Fourteen or more but less than 17 at the time of the alleged conduct and charged with the offense of first degree murder, second degree murder, rape, aggravated rape, rape of a child, aggravated rape of a child, aggravated robbery, especially aggravated robbery, aggravated burglary, especially aggravated burglary, kidnapping, aggravated kidnapping, especially aggravated kidnapping, commission of an act of terrorism, carjacking, or an attempt to commit any such offenses; (3) Sixteen or more at the time of the alleged conduct and charged with the offense of robbery or attempt to commit robbery; or (4) Seventeen or more at the time of the alleged conduct. This bill modifies (1) and (2) by adding that the case of a juvenile who is transferred to criminal court must be disposed of as if the juvenile were an adult if the child was 14 or more but less than 16 at the time of the alleged conduct and charged with first degree murder or second degree murder or attempted first or second degree murder. Prior to transferring a child to criminal court, present law requires the court to conduct a probable cause hearing during which the court must consider seven specific factors to determine whether there is probable cause to believe that: (1) The child committed the delinquent act as alleged; (2) The child is not committable to an institution for the developmentally disabled or mentally ill; and (3) The interests of the community require that the child be put under legal restraint or discipline. This bill establishes different standards for probable cause hearings (most significantly that the court will not be required to consider the seven specific factors specified in present law or make a finding described in (3)), for a child alleged to have committed an offense or engaged in conduct that is designated a criminal offense and the child was 16 or more at the time of the alleged conduct and charged with: (1) First degree murder or second degree murder or attempted first or second degree murder; or (2) Any offense for which transfer from juvenile to criminal court is authorized, the offense was committed with a deadly weapon, and the child has been previously adjudicated delinquent for which transfer from juvenile to criminal court is authorized. A court's determination to transfer or not transfer must be reduced to a written order detailing the court's findings of fact and conclusions of law. Any such order is subject to review by the criminal court upon motion of the child or the prosecution. The full text of this bill specifies procedural requirements for any such review. This bill specifies that a child who is transferred under these provisions and who was 16 or older at the time of the offense and is subsequently convicted and committed must be housed in a juvenile correctional facility unless the committing court orders commitment to an adult facility. A child so committed to an adult facility must be housed separately and removed from adult inmates.SERIOUS YOUTHFUL OFFENDERS/BLENDED SENTENCING This bill requires that a juvenile court classify a child as a serious youthful offender if the juvenile is: (1) Confined in a youth development center approved, certified, or licensed by the department of children's services, and charged with escape from that center; or (2) Adjudicated delinquent for: (A) First or second degree murder, if the child was less than 16 at the time of commission of the offense; (B) Rape, aggravated rape, rape of a child, aggravated rape of a child, robbery, aggravated robbery, especially aggravated robbery, aggravated burglary, especially aggravated burglary, kidnapping, aggravated kidnapping, especially aggravated kidnapping, commission of an act of terrorism, carjacking, aggravated child abuse, or aggravated child neglect or endangerment; (C) Criminal attempt to commit any of the offenses (A) or (B); or (D) Any offense involving the use of a deadly weapon during the commission of the offense. This bill does not prohibit a court from imposing any of the dispositions authorized under present law upon a juvenile classified as a serious youthful offender; provided, that, this bill requires the court to impose a determinate disposition to last until the serious youthful offender's nineteenth birthday which may not be shortened by time credits for good behavior or completion of institutional programs. In addition to the determinate disposition lasting until the serious youthful offender's nineteenth birthday, this bill requires the court to impose an additional disposition to be served after the serious youthful offender turns 19, and which ends on or before the offender's 24th birthday. The minimum additional disposition beyond the serious youthful offender's 19th birthday must be: (1) Four years if the juvenile is adjudicated delinquent for an act that would be a Class A felony if committed by an adult; (2) Three years if the juvenile is adjudicated delinquent for an act that would be a Class B felony if committed by an adult; or (3) One year if the juvenile is adjudicated delinquent for any other act for which classification as a serious youthful offender is required. A court may stay the additional disposition. If the additional disposition is stayed, then the court is required to conduct a hearing within four months of the serious youthful offender's 19th birthday to review the offender's circumstances and determine whether the stayed additional disposition should be invoked. The full text of this bill specifies five circumstances for which a court will be required to invoke the additional disposition. The full text of this bill specifies various procedural requirements concerning dispositions for serious youthful offenders. This bill specifies that a serious youthful offender supervised in a secure facility must be housed separately and removed from the general population.EFFECTIVE DATE This bill takes effect on January 1, 2024. ON AUGUST 28, 2023, THE HOUSE ADOPTED AMENDMENTS # 2 AND 3, AND PASSED HOUSE BILL 7073, AS AMENDED. AMENDMENT 2 specifies that, in order for a child to be designated a serious youthful offender under this bill, the child must be 14 years of age or older and must have been adjudicated delinquent for a Class A or B felony. This amendment clarifies that a juvenile who is subject to blended sentencing must receive a disposition that does not end before the juvenile's 19th birthday and an addition disposition that ends on or before the juvenile's 24th birthday. This amendment revises the process for a court to invoke stayed additional disposition. In deciding whether to invoke a stayed additional disposition, this amendment requires the court to consider whether the youthful offender has: (1) Committed another delinquent act; (2) Engaged in other conduct that creates a substantial safety risk; (3) Failed to meet the conditions of supervision during the determinate disposition prior to the hearing; (4) Failed to attend school regularly with passing grades, failed to graduate from high school; or failed to obtain a general educational development certificate; or (5) Failed to obtain regular employment, if the offender has graduated from high school. This amendment limits the offenses to which this bill's provisions concerning transfers from juvenile court to criminal court apply to first degree murder or second degree murder or attempted first or second degree murder. This amendment adds that, when a child transferred to criminal court is detained, the juvenile court is required to order confinement in a local juvenile detention facility or a juvenile detention facility with which it contracts, except that the juvenile court may order confinement in an adult detention facility separate and removed from adult detainees if the sheriff affirms to the court that the adult detention facility has the ability to comply with the requirements for detention of juveniles, and that the population of the adult detention facility does not exceed the capacity of the facility. The court having adult criminal jurisdiction may thereafter order detention in an adult detention facility separate and removed from adult detainees; provided, however, that during the period while such child is detained separately from adult detainees, the child must otherwise abide by the same regulations and policies governing conditions of imprisonment that apply to adult detainees who are charged with similar offenses. Similar regulations and policies governing educational opportunities for adults must be implemented for a child so detained, but such regulations and policies do not affect or alter the manner in which a LEA is required to provide educational services to a child under federal law. AMENDMENT #3 substitutes the term ""high school equivalency credential"" for ""general educational development certificate"".",http://wapp.capitol.tn.gov/apps/BillInfo/default.aspx?BillNumber=SB7027&GA=113
SB7028,113th,2023_2024,SS1,HB7033,Taylor,,Sexton,"AN ACT to amend Tennessee Code Annotated, Title 40, relative to bail.","Bail, Bail Bonds - As introduced, requires a bail hearing, which must be open to the public, before a defendant who has been arrested or held to answer for a bailable offense may be admitted to bail.   - Amends TCA Title 40.",NOT SIGNIFICANT,Abstract summarizes the bill.,http://wapp.capitol.tn.gov/apps/BillInfo/default.aspx?BillNumber=SB7028&GA=113
SB7029,113th,2023_2024,SS1,HB7100,Yarbro,,Freeman,"AN ACT to amend Tennessee Code Annotated, Title 39, relative to temporary mental health orders of protection.","Criminal Procedure - As introduced, establishes a process for law enforcement to petition a circuit court for a temporary mental health order of protection for a person who poses a significant danger of causing personal injury to themselves or others by having a firearm. - Amends TCA Title 39.","Increase State Expenditures - $500,200/FY23-24----- $180,000/FY24-25 and Subsequent Years----- $119,700 Incarceration","This bill creates an action known as a petition for a temporary mental health order of protection (""petition""). This bill authorizes a petition to be filed by a law enforcement officer or law enforcement agency (the ""petitioner""). This bill requires that the petition be filed in the county where the petitioner's law enforcement office is located or the county where the respondent resides. Additionally, a petition does not require either party to be represented by an attorney. This bill also clarifies that attorney fees must not be awarded in any proceeding concerning a petition. This bill requires a petition to do the following: (1) Allege that the respondent poses a significant danger of causing personal injury to the respondent's self or others by having a firearm or any ammunition in the respondent's custody or control or by purchasing, possessing, or receiving a firearm or any ammunition, and must be accompanied by an affidavit made under oath stating the specific statements, actions, or facts that give rise to a reasonable fear of significant dangerous acts by the respondent; (2) Identify the quantities, types, and locations of all firearms and ammunition the petitioner believes to be in the respondent's current ownership, possession, custody, or control; (3) Identify whether there is a known existing protection order governing the respondent; and (4) Include a physical description of the respondent and the respondent's last known location. This bill requires the petitioner to make a good faith effort to provide notice to a family or household member of the respondent and to any known third party who may be at risk of violence. The notice must state that the petitioner intends to petition the court for a temporary mental health order of protection or has already done so and must include referrals to appropriate resources. The petitioner must attest in the petition to having provided such notice or must attest to the steps that will be taken to provide such notice. The petitioner must also list the address of record on the petition as being where the appropriate law enforcement agency is located. This bill prohibits a court or a public agency from charging fees for filing or for service of process to a petitioner seeking relief under this bill and must provide the necessary number of certified copies, forms, and instructional brochures free of charge. Additionally, a person is not required to post a bond to obtain relief in any proceeding concerning a petition. This bill places jurisdiction in the circuit courts of this state over proceedings concerning a petition. Upon receipt of a petition, the court must order the following: (1) A hearing to be held no later than 14 days after the date the petition is filed and must issue a notice of hearing to the respondent; and (2) The respondent to undergo an assessment for suicidal or homicidal ideation by an evaluator who has been certified by the commissioner of mental health and substance abuse services, which must occur prior to the hearing. This bill requires the court clerk to cause a copy of the notice of hearing and petition to be forwarded on or before the next business day to the appropriate law enforcement agency for service upon the respondent. Upon notice and a hearing on the matter, if the court finds by clear and convincing evidence that the respondent poses a significant danger of causing personal injury to the respondent or others by having in the respondent's custody or control, or by purchasing, possessing, or receiving a firearm or any ammunition, then this bill requires the court to issue a temporary mental health order of protection (""temporary order"") for an appropriate period of up to 180 days. In determining whether grounds for a temporary order exist, this bill authorizes the court to consider any relevant evidence. A person, including an officer of the court, who offers evidence or recommendations relating to the petition must present the evidence under oath at a hearing at which all parties are present.REQUIREMENTS OF A TEMPORARY ORDER This bill requires a temporary order to include the following: (1) A statement of the grounds supporting the issuance of the order; (2) The date the order was issued; (3) The date the order ends; (4) Whether a mental health evaluation or substance abuse assessment of the respondent is required; (5) The address of the court in which any responsive pleading should be filed; (6) A description of the requirements for the surrender of all firearms and ammunition that the respondent owns; and (7) The following statement: To the subject of this protection order: This order will last until the date noted above. If you have not done so already, you must surrender immediately to the (insert name of local law enforcement agency) all firearms and ammunition that you own or have in your custody, control, or possession and any license to carry a handgun issued to you under Tennessee Code Annotated, § 39-17-1351 or § 39-17-1366. You may not have in your custody or control, or purchase, possess, receive, or attempt to purchase or receive, a firearm or ammunition while this order is in effect. You have the right to request a hearing to vacate this order, starting after the date of the issuance of this order, and to request another hearing after every extension of this order, if any. You may seek the advice of an attorney as to any matter connected with this order.DECISION TO ISSUE OR NOT ISSUE A TEMPORARY ORDER If the court issues a temporary order, then this bill requires the court to inform the respondent that the respondent is entitled to request a hearing to vacate the order. The court must provide the respondent with a form to request a hearing to vacate. However, if the court denies the petitioner's request for a temporary order, then the court must issue a written order stating the particular reasons for the denial.SERVICE BY SHERIFF This bill requires the court clerk to furnish a copy of the notice of hearing, petition, and temporary order to the sheriff of the county where the respondent resides or can be found, who must then serve it upon the respondent as soon as possible. When requested by the sheriff, the court clerk may transmit a facsimile copy of a temporary order that has been certified by the court clerk, and such copy may be served in the same manner as a certified copy. However, upon receiving a facsimile copy, the sheriff must verify receipt with the sender before attempting to serve it upon the respondent. The court clerk is responsible for furnishing to the sheriff information on the respondent's physical description and location. Service under these provisions takes precedence over the service of other documents, unless the other documents are of a similar emergency nature.SERVICE BY COURT CLERK This bill provides that all orders issued, changed, continued, extended, or vacated after the original service of documents must be certified by the court clerk and delivered to the parties at the time of the entry of the order. The parties may acknowledge receipt of such order in writing on the face of the original order. If a party fails or refuses to acknowledge the receipt of a certified copy of an order, then the clerk must note on the original order that service was effected. If delivery at the hearing is not possible, then the clerk must mail certified copies of the order to the parties at the last known address of each party. Service by mail is complete upon mailing. When an order is served pursuant to these provisions, then the clerk must prepare a written certification to be placed in the court file specifying the time, date, and method of service and must notify the sheriff.REQUEST TO VACATE A TEMPORARY ORDER This bill authorizes the respondent to submit one written request for a hearing to vacate a temporary order, starting after the date of the issuance of the order, and to request another hearing after every extension of the order, if any. Upon receipt of the request for a hearing to vacate a temporary order, the court must set a date for a hearing. Notice of the request and hearing must be served on the petitioner in accordance with the notice provisions described in the prior two paragraphs The hearing must occur no sooner than 14 days and no later than 30 days after the date of service of the request upon the petitioner. This bill places upon the respondent the burden of proving by clear and convincing evidence that the respondent does not pose a significant danger of causing personal injury to the respondent or others by having in the respondent's custody or control, purchasing, possessing, or receiving a firearm or ammunition. This bill authorizes the court to consider any relevant evidence. If the court finds after the hearing that the respondent has met the burden of proof, then the court must vacate the order. This bill provides that, if the court vacates a temporary order, then the clerk of the court must notify the law enforcement agency holding any firearm or ammunition or handgun carry permit that has been surrendered of the court order to vacate the order. The court must also notify the petitioner of the impending end of a temporary order. Notice must be received by the petitioner at least 30 days before the date the order ends.REQUEST OF EXTENSION OF TEMPORARY ORDER This bill authorizes the petitioner, by motion, to request an extension of a temporary order at any time within 30 days before the end of the order. Upon receipt of the motion to extend, the court must order that a hearing be held no later than 14 days after receipt of the motion and must schedule such hearing. However, if the motion to extend is filed within 14 days of the date the temporary order is due to expire, then the court must also order a temporary extension of the temporary order to coincide with the date of the hearing. The respondent must be personally served in the same manner provided by the notice provisions described earlier. This bill authorizes the court to consider all relevant evidence in determining whether to extend a temporary order. If the court finds by clear and convincing evidence that the requirements for issuance of a temporary order continue to be met, then the court must extend the order. However, if, after notice to the respondent, the motion for extension is uncontested and no modification of the order is sought, then the order may be extended on the basis of a motion or affidavit stating that there has been no material change in relevant circumstances since entry of the order and stating the reason for the requested extension. The court may extend a temporary order for a period that it deems appropriate, up to 180 days.SURRENDER OF FIREARMS Upon issuance of a temporary order, this bill requires the court to order the respondent to surrender to the local law enforcement agency all firearms and ammunition owned by the respondent or in the respondent's custody, control, or possession, except as otherwise provided in this bill, and any handgun carry permit, held by the respondent. This bill requires the law enforcement officer serving a temporary order to request that the respondent immediately surrender all firearms and ammunition owned by the respondent or in the respondent's custody, control, or possession and any handgun carry permit held by the respondent. The law enforcement officer must take possession of all firearms and ammunition owned by the respondent or in the respondent's custody, control, or possession and any handgun carry permit held by the respondent, which are surrendered. Alternatively, if personal service by a law enforcement officer is not possible or is not required because the respondent was present at the temporary order hearing, then this bill requires the respondent to surrender any firearms and ammunition owned by the respondent or in the respondent's custody, control, or possession and any handgun carry permit, held by the respondent, in a safe manner to the control of the local law enforcement agency immediately after being served with the order by service or immediately after the hearing at which the respondent was present. This bill authorizes a law enforcement officer to seek a search warrant from a court of competent jurisdiction to conduct a search for firearms or ammunition owned or held by the respondent if the officer has probable cause to believe that there are firearms or ammunition in the respondent's custody, control, or possession that have not been surrendered. At the time of surrender, this bill requires the law enforcement officer taking possession of any firearm or ammunition, or any handgun carry permit, to issue a receipt identifying all firearms and the quantity and type of ammunition that have been surrendered, and any permit surrendered, and to provide a copy of the receipt to the respondent. Within 72 hours after service of the order, the law enforcement officer serving the order must file the original receipt with the court and ensure that the officer's law enforcement agency retains a copy of the receipt. Upon the sworn statement or testimony of any person alleging that the respondent has failed to comply with the surrender of firearms or ammunition as required by an order, this bill requires the court to determine whether probable cause exists to believe that the respondent has failed to surrender all firearms or ammunition owned by the respondent or in the respondent's custody, control, or possession. If the court finds that probable cause exists, then the court must issue a warrant describing the firearms or ammunition owned or possessed by the respondent and authorizing a search of the locations where the firearms or ammunition owned or possessed by the respondent are reasonably believed to be found and the seizure of any firearms or ammunition owned or possessed by the respondent discovered pursuant to the search. This bill provides that, if a person other than the respondent claims title to any firearms or ammunition surrendered pursuant to this bill and the person is determined by the law enforcement agency to be the lawful owner of the firearm or ammunition, then the firearm or ammunition must be returned to the person, if the following conditions exist: (1) The lawful owner agrees to store the firearm or ammunition in a manner such that the respondent does not have access to or control of the firearm or ammunition; and (2) The firearm or ammunition is not otherwise unlawfully possessed by the owner. Upon the issuance of a temporary order, this bill requires the court to order a new hearing date and require the respondent to appear no later than three business days after the issuance of the order. At the hearing, the court must require proof that the respondent has surrendered any firearms or ammunition owned by the respondent or in the respondent's custody, control, or possession. However, the court may cancel the hearing upon a satisfactory showing that the respondent is in compliance with the order. This bill requires all law enforcement agencies to develop policies and procedures regarding the acceptance, storage, and return of firearms, ammunition, or licenses required to be surrendered under this bill.RETURN OF FIREARMS, AMMUNITION, AND PERMITS This bill provides that, if a temporary order is vacated or ends without extension, then a law enforcement agency holding a firearm or any ammunition or any handgun carry permit, held by the respondent, that has been surrendered or seized pursuant to a temporary order must return the items, as requested by a respondent only after confirming through a background check that the respondent is currently eligible to own or possess the items under federal and state law and after confirming with the court that the temporary order has been vacated or has ended without extension. This bill further provides that, if a temporary order of protection is vacated or ends without extension, then the department of safety, if the department has suspended a handgun carry permit pursuant to the entry of a temporary order, must reinstate the permit only after confirming that the respondent is currently eligible to have a handgun carry permit. This bill requires a law enforcement agency to provide notice to any family or household members of the respondent before returning any surrendered items. Any surrendered items that remain unclaimed by the lawful owner for one year after the temporary order is vacated or ends without an extension must be disposed of pursuant to current law relative to disposing of such items.SURRENDER OF FIREARMS AND AMMUNITION THROUGH TRANSFER This bill authorizes a respondent to elect to transfer all firearms and ammunition owned by the respondent that have been surrendered to or seized by a local law enforcement agency pursuant to the temporary order to another person who is willing to receive the items. This bill requires the law enforcement agency to allow such a transfer only if it is determined that the chosen recipient meets the following criteria: (1) Currently is eligible to own or possess the items under federal and state law after confirmation through a background check; (2) Attests to storing the items in a manner such that the respondent does not have access to or control of the items until the temporary order is vacated or ends without extension; and (3) Attests not to transfer the items back to the respondent until the temporary order against the respondent is vacated or ends without extension.ENTERING AND REMOVING ORDER IN DATABASES Within 24 hours after issuance of an order, this bill requires the court clerk to enter any temporary order into the uniform case reporting system. During that same time period, the court clerk must also forward a copy of an order to the appropriate law enforcement agency specified in the order. Upon receipt of the copy of the order, the law enforcement agency must enter the order into the national crime information center and similar state databases. The order must remain in each system for the period stated in the order, and the law enforcement agency may only remove an order from the systems that has ended or has been vacated. Entry of the order into the national crime information center and similar state databases constitutes notice to all law enforcement agencies of the existence of the order. The order is fully enforceable in any county in this state. This bill requires the issuing court, within three business days after issuance of a temporary order, to forward all available identifying information concerning the respondent, along with the date of order issuance, to the department of safety. Upon receipt of the information, the department must determine if the respondent has a handgun carry permit. If the respondent does have a handgun carry permit, then the department must immediately suspend the permit. This bill provides that, if a temporary order is vacated before its end date, then the court clerk, on the day of the order to vacate, must forward a copy of the order to the department of safety and the appropriate law enforcement agency specified in the order to vacate. Upon receipt of the order, the law enforcement agency must promptly remove the order from any computer-based system in which it was entered.ADDITIONAL OFFENSES This bill provides that a person who makes a false statement under oath in a hearing held pursuant to this bill in regard to any material matter commits aggravated perjury. Additionally, a person who has in the person's custody or control a firearm or any ammunition or who purchases, possesses, or receives a firearm or any ammunition with knowledge that the person is prohibited from doing so by an order commits a Class E felony.PROTECTION FROM LIABILITY Except as otherwise specified above, this bill clarifies that there is no criminal or civil liability on any person or entity for acts or omissions related to obtaining a temporary order, including, but not limited to, providing notice to the petitioner, a family or household member of the respondent, and any known third party who may be at risk of violence or failure to provide such notice, or reporting, declining to report, investigating, declining to investigate, filing, or declining to file, a petition.INSTRUCTIONS, INFORMATIONAL BROCHURES, AND STANDARD FORMS This bill requires the AOC to develop and prepare instructions and informational brochures, standard petitions and temporary order forms, and a court staff handbook on the temporary order process. The standard petition and order forms must be used after January 1, 2024, for all petitions filed and orders issued pursuant to § 39-17-1367. The instructions, brochures, forms, and handbook must be prepared in consultation with interested persons, including clerks, judges, and law enforcement personnel. Materials must be based on best practices and must be available online to the public. This bill requires the instructions to be designed to assist petitioners in completing the petition and must include a sample of a standard petition and order for protection forms. The instructions and standard petition must include a means for the petitioner to identify the firearms or ammunition the respondent may own, possess, receive, or have in the respondent's custody or control. The instructions must provide pictures of types of firearms and ammunition that the petitioner may choose from to identify the relevant firearms or ammunition, or must provide an equivalent means to allow petitioners to identify firearms or ammunition without requiring specific or technical knowledge regarding the firearms or ammunition. This bill requires the informational brochure to describe the use of and the process for obtaining, extending, and vacating a temporary order and must provide relevant forms. This bill requires the temporary order form to include, in a conspicuous location, notice of criminal penalties resulting from violation of the order and the following statement: ""You have the sole responsibility to avoid or refrain from violating this order's provisions. Only the court can change the order and only upon written request."". This bill authorizes a court clerk to create a community resource list of crisis intervention, mental health, substance abuse, interpreter, counseling, and other relevant resources serving the county in which the court is located. The court may make the community resource list available as part of or in addition to the informational brochures. This bill requires the AOC to distribute a master copy of the petition and order forms, instructions, and informational brochures to the clerks of court. Distribution of all documents must, at a minimum, be in an electronic format or formats accessible to all courts and clerks of court in the state. Within 90 days after receipt of the master copy from the AOC, this bill requires the court clerk to make available the standardized forms, instructions, and informational brochures. The AOC must update the instructions, brochures, standard petition and temporary mental health order of protection forms, and court staff handbook as necessary, including when changes in the law make an update necessary.",http://wapp.capitol.tn.gov/apps/BillInfo/default.aspx?BillNumber=SB7029&GA=113
SB7030,113th,2023_2024,SS1,HB7062,Taylor,,Grills,"AN ACT to amend Tennessee Code Annotated, Title 16; Title 33; Title 34; Title 37; Title 38 and Title 39, relative to law enforcement's access to juvenile court records.","Courts, Juvenile - As introduced, authorizes the Tennessee bureau of investigation to inspect files and records of the court in a juvenile court proceeding for the purposes of complying with the Bipartisan Safer Communities Act of 2022 and the NICS Improvement Amendments Act of 2007. - Amends TCA Title 16; Title 33; Title 34; Title 37; Title 38 and Title 39.",NOT SIGNIFICANT,Abstract summarizes the bill.,http://wapp.capitol.tn.gov/apps/BillInfo/default.aspx?BillNumber=SB7030&GA=113
SB7031,113th,2023_2024,SS1,HB7094,Oliver,,Harris,"AN ACT to amend Tennessee Code Annotated, Title 39 and Title 40, relative to threats of mass violence.","Criminal Offenses - As introduced, creates the Class E felony of knowingly threatening to commit an act of mass violence against another and frightening the other person; classifies the offense as a hate crime, to be punished one classification higher than otherwise provided, if the offense was committed due to a bias motivation. - Amends TCA Title 39 and Title 40.","Increase State Expenditures – $2,766,900 Incarceration",Abstract summarizes the bill.,http://wapp.capitol.tn.gov/apps/BillInfo/default.aspx?BillNumber=SB7031&GA=113
SB7032,113th,2023_2024,SS1,HB7066,Oliver,,Jernigan,"AN ACT to amend Tennessee Code Annotated, Title 33; Title 63 and Title 68, relative to mental health services for youth.","Mental Health & Substance Abuse Services, Dept. of - As introduced, enacts the ""Temporary Youth Mental Health Services Program Act."" - Amends TCA Title 33; Title 63 and Title 68.","Increase State Expenditures - $1,388,400/FY23-24----- $3,580,300/FY24-25 and Subsequent Years","This bill enacts the Temporary Youth Mental Health Services Program Act, which requires the establishment within the department of mental health and substance abuse services (the ""department"") of a temporary youth mental health services program to facilitate access to mental health services for youth, including substance use disorder services, to respond to mental health needs identified in an initial mental health screening through the portal, including those needs that may have resulted from the Covid-19 pandemic (the ""program""). As used in this bill, ""youth"" means a person who is 18 or younger, and a person who is 21 or younger, but older than 18, who is receiving special education services.REIMBURSEMENT TO PROVIDERS This bill requires the department to reimburse providers who participate in the program for each mental health session with a youth, either in-person or via telehealth, up to a maximum of three sessions per youth client. However, the department may reimburse a provider for additional sessions, subject to available funding. In order to be eligible for reimbursement, this bill requires a provider to provide three mental health sessions to each youth the provider accepts as a client. As used in this bill, a ""provider"" means a psychiatrist, psychologist, master's social worker, clinical social worker, marriage and family therapist, professional counselor, and alcohol and drug abuse counselor, who is licensed, registered, permitted, or otherwise authorized by this state's law to deliver healthcare to patients in this state.CONFIDENTIALITY This bill requires a provider to maintain client confidentiality pursuant to state and federal law with regard to a youth client who participates in a mental health session with the provider that is reimbursed pursuant to the program.DUTIES OF DEPARTMENT This bill requires the department to do the following: (1) Develop a process by which providers apply for, and demonstrate eligibility to receive, reimbursement from the program; (2) Determine a reasonable rate of reimbursement of each mental health session with a youth client pursuant to the program, which rate must be the same regardless of whether the appointment is a telehealth or an in-person appointment; and (3) Implement a statewide public awareness and outreach campaign about the program, with the intent that such campaign involve schools, neighborhood youth organizations, healthcare providers, faith-based organizations, and other community-based organizations that interact with youth at the local level when disseminating information about the program.PROGRAM PORTAL This bill requires the department to enter into an agreement with a vendor, no later than December 1, 2023, to create or use an existing website or web-based application as a portal available to youth and providers to facilitate the program. The portal must do the following: (1) Serve as a platform for initial age-appropriate mental health screenings to determine if a youth may benefit from mental health support; (2) Allow providers to register and share in-person or telehealth appointment availability; (3) When possible, connect youth with providers who accept the youth's insurance or payment source that may cover the costs of ongoing mental health treatment, if the youth has insurance or a payment source; and (4) Allow a youth, regardless of whether the youth has insurance or another payment source, to schedule telehealth or, when available, in-person appointments with a provider.ANNUAL REPORT On or before February 1, 2024, and on or before February 1 each year thereafter, this bill requires the department to deliver a report to the health and welfare committee of the senate, the health committee of the house of representatives, and the legislative librarian on the status of the program. The report must include the number of youth who received services under the program, aggregated information about the services provided to youth under the program, and other information the department deems relevant to the report. However, the department must ensure that no personally identifying information or other information protected under state or federal law is included in the report.RULEMAKING AUTHORITY This bill authorizes the department to promulgate rules to effectuate this bill.",http://wapp.capitol.tn.gov/apps/BillInfo/default.aspx?BillNumber=SB7032&GA=113
SB7033,113th,2023_2024,SS1,HB7022,Oliver,,Davis A,"AN ACT to amend Tennessee Code Annotated, Title 39, relative to mass violence.","Criminal Offenses - As introduced, creates the Class E felony of threatening to commit an act of mass violence against another; classifies a violation of threats of mass violence as a hate crime, which must be punished one classification higher than otherwise provided, if the defendant threatened to commit the act of mass violence against the other person due to the person's status as a healthcare provider who performs abortions. - Amends TCA Title 39.","Increase State Expenditures - $2,321,700 Incarceration",Abstract summarizes the bill.,http://wapp.capitol.tn.gov/apps/BillInfo/default.aspx?BillNumber=SB7033&GA=113
SB7034,113th,2023_2024,SS1,HB7020,Oliver,,Davis A,"AN ACT to amend Tennessee Code Annotated, Title 39, relative to acts of mass violence.","Criminal Offenses - As introduced, creates the Class B felony of knowingly committing an act of mass violence against another; states that the offense is a hate crime, which shall be punished one classification higher than otherwise provided if the defendant committed the act of mass violence against the other person due to the person's status as a healthcare provider who performs abortions. - Amends TCA Title 39.","Increase State Expenditures - $58,600 Incarceration",Abstract summarizes the bill.,http://wapp.capitol.tn.gov/apps/BillInfo/default.aspx?BillNumber=SB7034&GA=113
SB7035,113th,2023_2024,SS1,HB7019,Oliver,,Davis A,"AN ACT to amend Tennessee Code Annotated, Title 39, relative to criminal acts of mass violence.","Criminal Offenses - As introduced, creates the Class B felony of knowingly committing an act of mass violence against another; states that the offense is a hate crime, which shall be punished one classification higher than otherwise provided if the defendant committed the act of mass violence against the other person due to the person's status as a healthcare provider who provides gender-affirming care. - Amends TCA Title 39.","Increase State Expenditures – $58,600 Incarceration",Abstract summarizes the bill.,http://wapp.capitol.tn.gov/apps/BillInfo/default.aspx?BillNumber=SB7035&GA=113
SB7036,113th,2023_2024,SS1,HB7021,Oliver,,Davis A,"AN ACT to amend Tennessee Code Annotated, Title 39, relative to threats of mass violence.","Criminal Offenses - As introduced, creates the Class E felony of knowingly threatening to commit an act of mass violence against another and frightening the other person; classifies the offense as a hate crime, to be punished one classification higher than otherwise provided, if the offense was committed due to the other person's status as a healthcare provider who provides gender-affirming care. - Amends TCA Title 39.","Increase State Expenditures - $2,321,700 Incarceration",Abstract summarizes the bill.,http://wapp.capitol.tn.gov/apps/BillInfo/default.aspx?BillNumber=SB7036&GA=113
SB7037,113th,2023_2024,SS1,HB7017,Oliver,,Davis A,"AN ACT to amend Tennessee Code Annotated, Title 39, relative to stalking.","Criminal Offenses - As introduced, increases the penalty by one classification for the offenses of stalking, aggravated stalking, or especially aggravated stalking if the offense was committed because of the victim's status as a healthcare provider who performs abortions and classifies the offense as a hate crime. - Amends TCA Title 39.","Increase State Expenditures – $23,600 Incarceration----- Decrease Local Expenditures – $1,400/FY23-24----- $1,800/FY24-25 and Subsequent Years",Abstract summarizes the bill.,http://wapp.capitol.tn.gov/apps/BillInfo/default.aspx?BillNumber=SB7037&GA=113
SB7038,113th,2023_2024,SS1,HB7018,Oliver,,Davis A,"AN ACT to amend Tennessee Code Annotated, Title 39, relative to certain stalking offenses.","Criminal Offenses - As introduced, increases the penalty by one classification for the offenses of stalking, aggravated stalking, or especially aggravated stalking if the offense was committed because of the victim's status as a healthcare provider who provides gender-affirming care and classifies the offense as a hate crime. - Amends TCA Title 39.","Increase State Expenditures - $23,600 Incarceration----- Decrease Local Expenditures – $1,400/FY23-24----- $1,800/FY24-25 and Subsequent Years",Abstract summarizes the bill.,http://wapp.capitol.tn.gov/apps/BillInfo/default.aspx?BillNumber=SB7038&GA=113
SB7039,113th,2023_2024,SS1,HB7088,Oliver,,Harris,"AN ACT to amend Tennessee Code Annotated, Title 8; Title 33; Title 56 and Title 71, relative to coverage of mental health services.","Insurance, Health, Accident - As introduced, enacts the ""Mental Health Parity Act."" - Amends TCA Title 8; Title 33; Title 56 and Title 71.","Other Fiscal Impact - If the Division of TennCare is required to provide additional coverage for mental health and substance abuse services based on a different definition of medical necessity, then expenditures will increase. Any such increase is dependent on a number of unknown factors and cannot be reasonably quantified.","This bill requires every state healthcare entity to provide coverage for the treatment of mental health or substance use disorders in accordance with the federal Mental Health Parity and Addiction Equity Act of 2008, which must be at least as extensive and provide at least the same degree of coverage as that provided by the entity for the treatment of other types of physical illnesses. As used in this bill, ""state healthcare entity"" means an entity that provides or arranges health care on a prepaid, capitated, or fee for service basis to enrollees or recipients of the state health plan, the TennCare program, or CoverKids program, including any insurer, managed care organization, administrative services organization, utilization management organization, or other entity. This bill requires the coverage described above to also cover the spouse and the dependents of the insured if the insured's spouse and dependents are covered under the benefit plan, policy, or contract. Additionally, the coverage must not contain any exclusions, reductions, or other limitations as to coverages, deductibles, or coinsurance provisions which apply to the treatment of mental health or substance use disorders unless such provisions apply generally to other similar benefits provided or paid for under the state health plan.REQUIREMENTS OF STATE HEALTHCARE ENTITIES This bill requires every state healthcare entity to do the following: (1) Provide such coverage for children, adolescents, and adults; (2) Apply the definitions of generally accepted standards of mental health or substance use disorder care, medically necessary, and mental health or substance use disorder in making any medical necessity, prior authorization, or utilization review determinations under such coverage; (3) Ensure that any subcontractor or affiliate responsible for management of mental health and substance use disorder care on behalf of the state healthcare entity complies with this bill; (4) Process hospital claims for emergency healthcare services for mental health or substance use disorders in accordance with this section regardless of whether a member is treated in an emergency department; and (5) No later than January 1, 2024, and annually thereafter, submit a report to the commissioner of commerce and insurance (the ""commissioner"") that contains the comparative analysis and other information required of insurers under the federal Mental Health Parity and Addiction Equity Act of 2008 and which delineates the comparative analysis and written processes and strategies used to apply benefits for children, adolescents, and adults.PUBLICATION OF REPORTS No later than January 1, 2025, and annually thereafter, this bill requires the commissioner to publish on the department's website in a prominent location the reports submitted to the commissioner.RULEMAKING AUTHORITY This bill authorizes the department of commerce and insurance to promulgate rules to effectuate this bill.APPLICABILITY This bill applies to policies entered into, amended, or renewed on or after October 1, 2023.",http://wapp.capitol.tn.gov/apps/BillInfo/default.aspx?BillNumber=SB7039&GA=113
SB7040,113th,2023_2024,SS1,HB7090,Oliver,,Harris,"AN ACT to amend Tennessee Code Annotated, Title 54 and Title 55, relative to the safe storage of firearms.","Transportation, Dept. of - As introduced, requires the department, in the months of November 2023, February 2024, and May 2024, to use its existing permanent electronic overhead informational displays located on the interstate system to provide periodic messages to the motoring public that encourage the safe storage of firearms; allows the department to develop guidelines, in consultation with the department of safety, for the content of a message to be placed on the displays. - Amends TCA Title 54 and Title 55.","Other Fiscal Impact – The use of electronic highway signs in the manner required by this legislation may not be acceptable by the Federal Highway Administration. If found unacceptable by the Administration, this legislation could result in a loss in federal highway funding. The amount and timing of any such loss in federal highway funding cannot be determined with reasonable certainty.",Abstract summarizes the bill.,http://wapp.capitol.tn.gov/apps/BillInfo/default.aspx?BillNumber=SB7040&GA=113
SB7041,113th,2023_2024,SS1,HB7097,Oliver,,Harris,"AN ACT to amend Tennessee Code Annotated, Title 39; Title 49 and Chapter 367 of the Public Acts of 2023, relative to school safety.","Education, Dept. of - As introduced, requires the department to report in detail to the general assembly the types of threats of violence reported by LEAs and public charter schools and include its findings and any recommendations related to school safety; requires the report to be submitted by January 1 of each year.  - Amends TCA Title 39; Title 49 and Chapter 367 of the Public Acts of 2023.",NOT SIGNIFICANT,Abstract summarizes the bill.,http://wapp.capitol.tn.gov/apps/BillInfo/default.aspx?BillNumber=SB7041&GA=113
SB7042,113th,2023_2024,SS1,HB7101,Oliver,,Freeman,"AN ACT to amend Tennessee Code Annotated, Title 33; Title 36; Title 38 and Title 39, relative to temporary mental health orders of protection.","Criminal Procedure - As introduced, establishes a process for law enforcement to petition a circuit court for a temporary mental health order of protection for a person who poses a significant danger of causing personal injury to themselves others by having a firearm. - Amends TCA Title 33; Title 36; Title 38 and Title 39.","Increase State Expenditures - $500,200/FY23-24----- $180,000/FY24-25 and Subsequent Years----- $119,700 Incarceration","This bill creates an action known as a petition for a temporary mental health order of protection (""petition""). This bill authorizes a petition to be filed by a law enforcement officer or law enforcement agency (the ""petitioner""). This bill requires that the petition be filed in the county where the petitioner's law enforcement office is located or the county where the respondent resides. Additionally, a petition does not require either party to be represented by an attorney. This bill also clarifies that attorney fees must not be awarded in any proceeding concerning a petition. This bill requires a petition to do the following: (1) Allege that the respondent poses a significant danger of causing personal injury to the respondent's self or others by having a firearm or any ammunition in the respondent's custody or control or by purchasing, possessing, or receiving a firearm or any ammunition, and must be accompanied by an affidavit made under oath stating the specific statements, actions, or facts that give rise to a reasonable fear of significant dangerous acts by the respondent; (2) Identify the quantities, types, and locations of all firearms and ammunition the petitioner believes to be in the respondent's current ownership, possession, custody, or control; (3) Identify whether there is a known existing protection order governing the respondent; and (4) Include a physical description of the respondent and the respondent's last known location. This bill requires the petitioner to make a good faith effort to provide notice to a family or household member of the respondent and to any known third party who may be at risk of violence. The notice must state that the petitioner intends to petition the court for a temporary mental health order of protection or has already done so and must include referrals to appropriate resources. The petitioner must attest in the petition to having provided such notice or must attest to the steps that will be taken to provide such notice. The petitioner must also list the address of record on the petition as being where the appropriate law enforcement agency is located. This bill prohibits a court or a public agency from charging fees for filing or for service of process to a petitioner seeking relief under this bill and must provide the necessary number of certified copies, forms, and instructional brochures free of charge. Additionally, a person is not required to post a bond to obtain relief in any proceeding concerning a petition. This bill places jurisdiction in the circuit courts of this state over proceedings concerning a petition. Upon receipt of a petition, the court must order the following: (1) A hearing to be held no later than 14 days after the date the petition is filed and must issue a notice of hearing to the respondent; and (2) The respondent to undergo an assessment for suicidal or homicidal ideation by an evaluator who has been certified by the commissioner of mental health and substance abuse services, which must occur prior to the hearing. This bill requires the court clerk to cause a copy of the notice of hearing and petition to be forwarded on or before the next business day to the appropriate law enforcement agency for service upon the respondent. Upon notice and a hearing on the matter, if the court finds by clear and convincing evidence that the respondent poses a significant danger of causing personal injury to the respondent or others by having in the respondent's custody or control, or by purchasing, possessing, or receiving a firearm or any ammunition, then this bill requires the court to issue a temporary mental health order of protection (""temporary order"") for an appropriate period of up to 180 days. In determining whether grounds for a temporary order exist, this bill authorizes the court to consider any relevant evidence. A person, including an officer of the court, who offers evidence or recommendations relating to the petition must present the evidence under oath at a hearing at which all parties are present.REQUIREMENTS OF A TEMPORARY ORDER This bill requires a temporary order to include the following: (1) A statement of the grounds supporting the issuance of the order; (2) The date the order was issued; (3) The date the order ends; (4) Whether a mental health evaluation or substance abuse assessment of the respondent is required; (5) The address of the court in which any responsive pleading should be filed; (6) A description of the requirements for the surrender of all firearms and ammunition that the respondent owns; and (7) The following statement: To the subject of this protection order: This order will last until the date noted above. If you have not done so already, you must surrender immediately to the (insert name of local law enforcement agency) all firearms and ammunition that you own or have in your custody, control, or possession and any license to carry a handgun issued to you under Tennessee Code Annotated, § 39-17-1351 or § 39-17-1366. You may not have in your custody or control, or purchase, possess, receive, or attempt to purchase or receive, a firearm or ammunition while this order is in effect. You have the right to request a hearing to vacate this order, starting after the date of the issuance of this order, and to request another hearing after every extension of this order, if any. You may seek the advice of an attorney as to any matter connected with this order.DECISION TO ISSUE OR NOT ISSUE A TEMPORARY ORDER If the court issues a temporary order, then this bill requires the court to inform the respondent that the respondent is entitled to request a hearing to vacate the order. The court must provide the respondent with a form to request a hearing to vacate. However, if the court denies the petitioner's request for a temporary order, then the court must issue a written order stating the particular reasons for the denial.SERVICE BY SHERIFF This bill requires the court clerk to furnish a copy of the notice of hearing, petition, and temporary order to the sheriff of the county where the respondent resides or can be found, who must then serve it upon the respondent as soon as possible. When requested by the sheriff, the court clerk may transmit a facsimile copy of a temporary order that has been certified by the court clerk, and such copy may be served in the same manner as a certified copy. However, upon receiving a facsimile copy, the sheriff must verify receipt with the sender before attempting to serve it upon the respondent. The court clerk is responsible for furnishing to the sheriff information on the respondent's physical description and location. Service under these provisions takes precedence over the service of other documents, unless the other documents are of a similar emergency nature.SERVICE BY COURT CLERK This bill provides that all orders issued, changed, continued, extended, or vacated after the original service of documents must be certified by the court clerk and delivered to the parties at the time of the entry of the order. The parties may acknowledge receipt of such order in writing on the face of the original order. If a party fails or refuses to acknowledge the receipt of a certified copy of an order, then the clerk must note on the original order that service was effected. If delivery at the hearing is not possible, then the clerk must mail certified copies of the order to the parties at the last known address of each party. Service by mail is complete upon mailing. When an order is served pursuant to these provisions, then the clerk must prepare a written certification to be placed in the court file specifying the time, date, and method of service and must notify the sheriff.REQUEST TO VACATE A TEMPORARY ORDER This bill authorizes the respondent to submit one written request for a hearing to vacate a temporary order, starting after the date of the issuance of the order, and to request another hearing after every extension of the order, if any. Upon receipt of the request for a hearing to vacate a temporary order, the court must set a date for a hearing. Notice of the request and hearing must be served on the petitioner in accordance with the notice provisions described in the prior two paragraphs The hearing must occur no sooner than 14 days and no later than 30 days after the date of service of the request upon the petitioner. This bill places upon the respondent the burden of proving by clear and convincing evidence that the respondent does not pose a significant danger of causing personal injury to the respondent or others by having in the respondent's custody or control, purchasing, possessing, or receiving a firearm or ammunition. This bill authorizes the court to consider any relevant evidence. If the court finds after the hearing that the respondent has met the burden of proof, then the court must vacate the order. This bill provides that, if the court vacates a temporary order, then the clerk of the court must notify the law enforcement agency holding any firearm or ammunition or handgun carry permit that has been surrendered of the court order to vacate the order. The court must also notify the petitioner of the impending end of a temporary order. Notice must be received by the petitioner at least 30 days before the date the order ends.REQUEST OF EXTENSION OF TEMPORARY ORDER This bill authorizes the petitioner, by motion, to request an extension of a temporary order at any time within 30 days before the end of the order. Upon receipt of the motion to extend, the court must order that a hearing be held no later than 14 days after receipt of the motion and must schedule such hearing. However, if the motion to extend is filed within 14 days of the date the temporary order is due to expire, then the court must also order a temporary extension of the temporary order to coincide with the date of the hearing. The respondent must be personally served in the same manner provided by the notice provisions described earlier. This bill authorizes the court to consider all relevant evidence in determining whether to extend a temporary order. If the court finds by clear and convincing evidence that the requirements for issuance of a temporary order continue to be met, then the court must extend the order. However, if, after notice to the respondent, the motion for extension is uncontested and no modification of the order is sought, then the order may be extended on the basis of a motion or affidavit stating that there has been no material change in relevant circumstances since entry of the order and stating the reason for the requested extension. The court may extend a temporary order for a period that it deems appropriate, up to 180 days.SURRENDER OF FIREARMS Upon issuance of a temporary order, this bill requires the court to order the respondent to surrender to the local law enforcement agency all firearms and ammunition owned by the respondent or in the respondent's custody, control, or possession, except as otherwise provided in this bill, and any handgun carry permit, held by the respondent. This bill requires the law enforcement officer serving a temporary order to request that the respondent immediately surrender all firearms and ammunition owned by the respondent or in the respondent's custody, control, or possession and any handgun carry permit held by the respondent. The law enforcement officer must take possession of all firearms and ammunition owned by the respondent or in the respondent's custody, control, or possession and any handgun carry permit held by the respondent, which are surrendered. Alternatively, if personal service by a law enforcement officer is not possible or is not required because the respondent was present at the temporary order hearing, then this bill requires the respondent to surrender any firearms and ammunition owned by the respondent or in the respondent's custody, control, or possession and any handgun carry permit, held by the respondent, in a safe manner to the control of the local law enforcement agency immediately after being served with the order by service or immediately after the hearing at which the respondent was present. This bill authorizes a law enforcement officer to seek a search warrant from a court of competent jurisdiction to conduct a search for firearms or ammunition owned or held by the respondent if the officer has probable cause to believe that there are firearms or ammunition in the respondent's custody, control, or possession that have not been surrendered. At the time of surrender, this bill requires the law enforcement officer taking possession of any firearm or ammunition, or any handgun carry permit, to issue a receipt identifying all firearms and the quantity and type of ammunition that have been surrendered, and any permit surrendered, and to provide a copy of the receipt to the respondent. Within 72 hours after service of the order, the law enforcement officer serving the order must file the original receipt with the court and ensure that the officer's law enforcement agency retains a copy of the receipt. Upon the sworn statement or testimony of any person alleging that the respondent has failed to comply with the surrender of firearms or ammunition as required by an order, this bill requires the court to determine whether probable cause exists to believe that the respondent has failed to surrender all firearms or ammunition owned by the respondent or in the respondent's custody, control, or possession. If the court finds that probable cause exists, then the court must issue a warrant describing the firearms or ammunition owned or possessed by the respondent and authorizing a search of the locations where the firearms or ammunition owned or possessed by the respondent are reasonably believed to be found and the seizure of any firearms or ammunition owned or possessed by the respondent discovered pursuant to the search. This bill provides that, if a person other than the respondent claims title to any firearms or ammunition surrendered pursuant to this bill and the person is determined by the law enforcement agency to be the lawful owner of the firearm or ammunition, then the firearm or ammunition must be returned to the person, if the following conditions exist: (1) The lawful owner agrees to store the firearm or ammunition in a manner such that the respondent does not have access to or control of the firearm or ammunition; and (2) The firearm or ammunition is not otherwise unlawfully possessed by the owner. Upon the issuance of a temporary order, this bill requires the court to order a new hearing date and require the respondent to appear no later than three business days after the issuance of the order. At the hearing, the court must require proof that the respondent has surrendered any firearms or ammunition owned by the respondent or in the respondent's custody, control, or possession. However, the court may cancel the hearing upon a satisfactory showing that the respondent is in compliance with the order. This bill requires all law enforcement agencies to develop policies and procedures regarding the acceptance, storage, and return of firearms, ammunition, or licenses required to be surrendered under this bill.RETURN OF FIREARMS, AMMUNITION, AND PERMITS This bill provides that, if a temporary order is vacated or ends without extension, then a law enforcement agency holding a firearm or any ammunition or any handgun carry permit, held by the respondent, that has been surrendered or seized pursuant to a temporary order must return the items, as requested by a respondent only after confirming through a background check that the respondent is currently eligible to own or possess the items under federal and state law and after confirming with the court that the temporary order has been vacated or has ended without extension. This bill further provides that, if a temporary order of protection is vacated or ends without extension, then the department of safety, if the department has suspended a handgun carry permit pursuant to the entry of a temporary order, must reinstate the permit only after confirming that the respondent is currently eligible to have a handgun carry permit. This bill requires a law enforcement agency to provide notice to any family or household members of the respondent before returning any surrendered items. Any surrendered items that remain unclaimed by the lawful owner for one year after the temporary order is vacated or ends without an extension must be disposed of pursuant to current law relative to disposing of such items.SURRENDER OF FIREARMS AND AMMUNITION THROUGH TRANSFER This bill authorizes a respondent to elect to transfer all firearms and ammunition owned by the respondent that have been surrendered to or seized by a local law enforcement agency pursuant to the temporary order to another person who is willing to receive the items. This bill requires the law enforcement agency to allow such a transfer only if it is determined that the chosen recipient meets the following criteria: (1) Currently is eligible to own or possess the items under federal and state law after confirmation through a background check; (2) Attests to storing the items in a manner such that the respondent does not have access to or control of the items until the temporary order is vacated or ends without extension; and (3) Attests not to transfer the items back to the respondent until the temporary order against the respondent is vacated or ends without extension.ENTERING AND REMOVING ORDER IN DATABASES Within 24 hours after issuance of an order, this bill requires the court clerk to enter any temporary order into the uniform case reporting system. During that same time period, the court clerk must also forward a copy of an order to the appropriate law enforcement agency specified in the order. Upon receipt of the copy of the order, the law enforcement agency must enter the order into the national crime information center and similar state databases. The order must remain in each system for the period stated in the order, and the law enforcement agency may only remove an order from the systems that has ended or has been vacated. Entry of the order into the national crime information center and similar state databases constitutes notice to all law enforcement agencies of the existence of the order. The order is fully enforceable in any county in this state. This bill requires the issuing court, within three business days after issuance of a temporary order, to forward all available identifying information concerning the respondent, along with the date of order issuance, to the department of safety. Upon receipt of the information, the department must determine if the respondent has a handgun carry permit. If the respondent does have a handgun carry permit, then the department must immediately suspend the permit. This bill provides that, if a temporary order is vacated before its end date, then the court clerk, on the day of the order to vacate, must forward a copy of the order to the department of safety and the appropriate law enforcement agency specified in the order to vacate. Upon receipt of the order, the law enforcement agency must promptly remove the order from any computer-based system in which it was entered.ADDITIONAL OFFENSES This bill provides that a person who makes a false statement under oath in a hearing held pursuant to this bill in regard to any material matter commits aggravated perjury. Additionally, a person who has in the person's custody or control a firearm or any ammunition or who purchases, possesses, or receives a firearm or any ammunition with knowledge that the person is prohibited from doing so by an order commits a Class E felony.PROTECTION FROM LIABILITY Except as otherwise specified above, this bill clarifies that there is no criminal or civil liability on any person or entity for acts or omissions related to obtaining a temporary order, including, but not limited to, providing notice to the petitioner, a family or household member of the respondent, and any known third party who may be at risk of violence or failure to provide such notice, or reporting, declining to report, investigating, declining to investigate, filing, or declining to file, a petition.INSTRUCTIONS, INFORMATIONAL BROCHURES, AND STANDARD FORMS This bill requires the AOC to develop and prepare instructions and informational brochures, standard petitions and temporary order forms, and a court staff handbook on the temporary order process. The standard petition and order forms must be used after January 1, 2024, for all petitions filed and orders issued pursuant to § 39-17-1367. The instructions, brochures, forms, and handbook must be prepared in consultation with interested persons, including clerks, judges, and law enforcement personnel. Materials must be based on best practices and must be available online to the public. This bill requires the instructions to be designed to assist petitioners in completing the petition and must include a sample of a standard petition and order for protection forms. The instructions and standard petition must include a means for the petitioner to identify the firearms or ammunition the respondent may own, possess, receive, or have in the respondent's custody or control. The instructions must provide pictures of types of firearms and ammunition that the petitioner may choose from to identify the relevant firearms or ammunition, or must provide an equivalent means to allow petitioners to identify firearms or ammunition without requiring specific or technical knowledge regarding the firearms or ammunition. This bill requires the informational brochure to describe the use of and the process for obtaining, extending, and vacating a temporary order and must provide relevant forms. This bill requires the temporary order form to include, in a conspicuous location, notice of criminal penalties resulting from violation of the order and the following statement: ""You have the sole responsibility to avoid or refrain from violating this order's provisions. Only the court can change the order and only upon written request."". This bill authorizes a court clerk to create a community resource list of crisis intervention, mental health, substance abuse, interpreter, counseling, and other relevant resources serving the county in which the court is located. The court may make the community resource list available as part of or in addition to the informational brochures. This bill requires the AOC to distribute a master copy of the petition and order forms, instructions, and informational brochures to the clerks of court. Distribution of all documents must, at a minimum, be in an electronic format or formats accessible to all courts and clerks of court in the state. Within 90 days after receipt of the master copy from the AOC, this bill requires the court clerk to make available the standardized forms, instructions, and informational brochures. The AOC must update the instructions, brochures, standard petition and temporary mental health order of protection forms, and court staff handbook as necessary, including when changes in the law make an update necessary.",http://wapp.capitol.tn.gov/apps/BillInfo/default.aspx?BillNumber=SB7042&GA=113
SB7043,113th,2023_2024,SS1,HB7075,Oliver,,Freeman,"AN ACT to amend Tennessee Code Annotated, Title 39, Chapter 17, Part 13, relative to the safe storage of firearms.","Firearms and Ammunition - As introduced, requires a person who purchases a firearm, or who applies for a permit to carry a handgun either openly or concealed, to sign an affidavit on a form prescribed by the department of safety affirming that the applicant will, while not lawfully carrying the firearm, store the firearm in a locked compartment; with a trigger locking device; or with a locked device rendering the firearm inaccessible to a person other than the owner or person in lawful possession of the firearm and immovable from the stored location; requires a firearm stored in a vehicle to be stored out of plain sight. - Amends TCA Title 39, Chapter 17, Part 13.",NOT SIGNIFICANT,Abstract summarizes the bill.,http://wapp.capitol.tn.gov/apps/BillInfo/default.aspx?BillNumber=SB7043&GA=113
SB7044,113th,2023_2024,SS1,HB7074,Oliver,,Freeman,"AN ACT to amend Tennessee Code Annotated, Title 39, Chapter 17, Part 13, relative to the safe storage of firearms.","Firearms and Ammunition - As introduced, encourages lawful owners and possessors of firearms to store guns safely in a locked compartment; with a trigger locking device; or with a locked device rendering the firearm inaccessible to a person other than the owner or person in lawful possession of the firearm and immovable from the stored location. - Amends TCA Title 39, Chapter 17, Part 13.",NOT SIGNIFICANT,Abstract summarizes the bill.,http://wapp.capitol.tn.gov/apps/BillInfo/default.aspx?BillNumber=SB7044&GA=113
SB7045,113th,2023_2024,SS1,HB7091,Oliver,,Harris,"AN ACT to amend Tennessee Code Annotated, Title 39, relative to threats of mass violence.","Criminal Offenses - As introduced, creates the Class E felony of knowingly threatening to commit an act of mass violence against another and frightening the other person; classifies the offense as a hate crime, to be punished one classification higher than otherwise provided, if the offense was committed by carrying a firearm into certain venues. - Amends TCA Title 39.","Increase State Expenditures – $2,766,900 Incarceration",Abstract summarizes the bill.,http://wapp.capitol.tn.gov/apps/BillInfo/default.aspx?BillNumber=SB7045&GA=113
SB7046,113th,2023_2024,SS1,HB7087,Oliver,,Johnson G,"AN ACT to amend Tennessee Code Annotated, Title 39 and Title 40, relative to stalking offenses.","Criminal Offenses - As introduced, provides that when a person commits stalking, aggravated stalking, or especially aggravated stalking, and the offense was committed due to the defendant's bias motivation against the victim, then the offense is a hate crime and shall be punished one classification higher than otherwise provided. - Amends TCA Title 39 and Title 40.","Increase State Expenditures - $17,900 Incarceration----- Decrease Local Expenditures - $1,000/FY23-24----- $1,400/FY24-25 and Subsequent Years",Abstract summarizes the bill.,http://wapp.capitol.tn.gov/apps/BillInfo/default.aspx?BillNumber=SB7046&GA=113
SB7047,113th,2023_2024,SS1,HB7095,Yarbro,,Harris,"AN ACT to amend Tennessee Code Annotated, Title 49 and Chapter 367 of the Public Acts of 2023, relative to school safety plans.","Education - As introduced, adds to requirements for school safety plans that the plans include measures to ensure district employees, including substitute teachers, have classroom access to communications devices that allow for immediate contact with first responders. - Amends TCA Title 49 and Chapter 367 of the Public Acts of 2023.","Other Fiscal Impact – To the extent that schools choose to purchase additional equipment or upgrade existing technology in a classroom, a permissive increase in local expenditures may occur. However, due to multiple unknown variables a precise fiscal impact cannot be reasonably determined.",Abstract summarizes the bill.,http://wapp.capitol.tn.gov/apps/BillInfo/default.aspx?BillNumber=SB7047&GA=113
SB7048,113th,2023_2024,SS1,HB7092,Yarbro,,Pearson,"AN ACT to amend Tennessee Code Annotated, Title 49 and Chapter 367 of the Public Acts of 2023, relative to school safety.","Local Education Agencies - As introduced, adds local law enforcement officials to those who are appointed to each district-wide school safety team; specifies that each district-wide school safety team and each building-level school safety team shall annually review the respective district-wide school safety plan or building-level school safety plan. - Amends TCA Title 49 and Chapter 367 of the Public Acts of 2023.",NOT SIGNIFICANT,Abstract summarizes the bill.,http://wapp.capitol.tn.gov/apps/BillInfo/default.aspx?BillNumber=SB7048&GA=113
SB7049,113th,2023_2024,SS1,HB7056,Campbell,,Hakeem,"AN ACT to amend Tennessee Code Annotated, Title 36; Title 39; Chapter 349 of the Public Acts of 2023 and Chapter 413 of the Public Acts of 2023, relative to stalking.","Criminal Offenses - As introduced, expands the offense of aggravated stalking to include persons who purchase a semi-automatic rifle or attempt to use a semi-automatic rifle for the course and furtherance of stalking. - Amends TCA Title 36; Title 39; Chapter 349 of the Public Acts of 2023 and Chapter 413 of the Public Acts of 2023.","Increase State Expenditures – $17,400 Incarceration----- Decrease Local Expenditures – $1,000/FY23-24----- $1,400/FY24-25 and Subsequent Years",Abstract summarizes the bill.,http://wapp.capitol.tn.gov/apps/BillInfo/default.aspx?BillNumber=SB7049&GA=113
SB7050,113th,2023_2024,SS1,HB7096,Campbell,,Harris,"AN ACT to amend Tennessee Code Annotated, Title 9; Title 49; Title 67 and Chapter 367 of the Public Acts of 2023, relative to educational expenses for school safety plans.","Education - As introduced, requires the department of education to establish a school bulletproofing grant program to provide grants to public schools located in counties with a crime rate of 13 percent or higher for violent offenses, for the purpose of offsetting expenses for the installation of bulletproof film on doors and windows. - Amends TCA Title 9; Title 49; Title 67 and Chapter 367 of the Public Acts of 2023.","Increase State Expenditures - $100,000,000/FY23-24 -----Other Fiscal Impact – To the extent that the grants do not cover the costs for LEAs and public charter schools to install bullet-resistant or entry-resistant film on the glass panel of each exterior entry or basement-level window, a permissive increase in local expenditures may occur. Due to multiple unknown variables, the extent and timing of any such local fiscal impact cannot be reasonably determined.","This bill requires the department of education (the ""department"") to establish and administer a school bulletproofing grant program. The purpose of the program is to provide grants to eligible schools to have installed a clear, bullet-resistant or entry-resistant film on the glass panel of each exterior entry or basement-level window and door to prevent individuals from entering the school building without authorization by breaking the glass in an exterior entry or basement-level window or door. As used in this bill, ""eligible school"" means an LEA or a public charter school located in a county that has a crime rate of 13 percent or higher for violent offenses as of October 1, 2023, based on Crimelnsight data from the Tennessee bureau of investigation, CJIS division, statistical analysis center.SCHOOL BULLETPROOFING GRANTS This bill creates a separate fund within the general fund to be known as the school bulletproofing grant fund. The fund is composed of funds appropriated by the general assembly for the fund and gifts, grants, and other donations received by the department for the fund. This bill states that it is the legislative intent that funding in the amount of $100 million be appropriated in fiscal year 2023-2024 in an appropriations act for awarding grants from the fund. Subject to the availability of funds, this bill requires the department to allocate and disperse grants each fiscal year to eligible schools. The grants must be awarded on a first-come, first-served basis. A grant is limited to the cost associated for the school to install bullet-resistant or entry-resistant film in accordance with subsection (b); provided, that the grant is not more than $50,000 per eligible school in a fiscal year.RULEMAKING AUTHORITY This bill authorizes the state board of education to promulgate rules to effectuate this bill.REPORT On or before January 1, 2025, and by January 1 of each subsequent year, this bill requires the department to prepare a report to the general assembly regarding the funds received and payments made by the fund.",http://wapp.capitol.tn.gov/apps/BillInfo/default.aspx?BillNumber=SB7050&GA=113
SB7051,113th,2023_2024,SS1,HB7080,Campbell,,Jones,"AN ACT to amend Tennessee Code Annotated, Title 39, relative to offenses of mass violence.","Criminal Offenses - As introduced, enhances the penalty for the offense of reckless endangerment when a person's reckless failure to render inoperable or safely secure or lock a firearm, results in a child under 13 years of age gaining possession of the firearm and committing an act of mass violence that injures or kills the child or another. - Amends TCA Title 39.","Increase State Expenditures – $20,000 Incarceration----- Decrease Local Expenditures – $900/FY23-24----- $1,200/FY24-25 and Subsequent Years","Present law provides that a person commits an offense who recklessly engages in conduct that places or may place another person in imminent danger of death or serious bodily injury. The classification of the offense ranges from a Class A misdemeanor to a Class C felony depending on certain circumstances, such as was the offense committed with a deadly weapon or did the offense involve discharging a firearm into a habitation or from within a motor vehicle. As of October 1, 2023, this bill adds that reckless endangerment committed by a person when the person fails to lock, secure, or otherwise store or make unavailable a firearm and ammunition for the firearm constitutes the following: (1) A Class E felony if a child younger than 13 obtains possession of the firearm, commits an act of mass violence with the firearm, and the act of mass violence results in bodily injury or serious bodily injury to the child or to another; or (2) A Class C felony if a child younger than 13 obtains possession of the firearm, commits an act of mass violence with the firearm, and the act of mass violence results in the death of the child or another. This bill defines ""an act of mass violence"" for purposes of the above provisions to mean to discharge a firearm in a manner that causes two or more other persons to reasonably fear imminent bodily injury or death.",http://wapp.capitol.tn.gov/apps/BillInfo/default.aspx?BillNumber=SB7051&GA=113
SB7052,113th,2023_2024,SS1,HB7009,Kyle,,Gillespie,"AN ACT to amend Tennessee Code Annotated, Title 49; Title 56; Title 63; Title 68 and Title 71, relative to mental healthcare professionals student loan repayment.","Scholarships and Financial Aid - As introduced, establishes a mental healthcare professionals student loan repayment grant program to incentivize certain mental healthcare providers to provide services in this state. - Amends TCA Title 49; Title 56; Title 63; Title 68 and Title 71.","Increase State Expenditure - $21,850,000/FY24-25 ----- Exceeds $21,850,000/FY25-26 and Subsequent Years","As of January 1, 2024, this bill creates a mental healthcare professionals student loan repayment grant program (""program"") to incentivize certain mental healthcare professionals to provide mental health services in this state following completion of their training. The bill provides that the creation of the program is subject to specific appropriations of funds by the general assembly.PRACTITIONER ELIGIBILITY This bill provides that in order to be eligible for a loan repayment grant pursuant to the program, an individual must: (1) Be a physician licensed pursuant to the laws of this state, with expertise in psychiatry as determined by training, education, or experience and whose practice is primarily limited to psychiatry; a psychologist licensed pursuant to the laws of this state and designated as a health service provider pursuant to the laws of this state; or a licensed professional counselor designated as a mental health service provider and certified to practice trauma therapy; (2) Have an outstanding student loan balance that resulted from medical education; (3) Apply to the department of health for a grant on forms provided by the department; and (4) Enter into a contract with the department of health stating the individual must (i) provide mental health services in this state for at least six years within the eight years following the date of application approval; (ii) accept TennCare or private insurance for services provided to patients for the entire term of the contract; and (iii) use the grant funds only to repay eligible educational loans.STUDENT ELIGIBILITY This bill authorizes an individual to apply for a grant while in training to become a licensed psychiatrist, psychologist, or professional counselor, but prohibits the individual from receiving a grant until the individual completes all necessary training to be a licensed provider and satisfies the eligibility requirements listed above for practitioners. In order to be eligible to apply while in training, this bill requires the individual to be a student who meets the following criteria: (1) Has graduated from an accredited medical school and is actively enrolled in a psychiatry residency training program; (2) Is training to become a psychologist and is actively completing one year of post-doctoral experience; or (3) Is actively completing the two years of postgraduate supervised experience required to become a licensed professional counselor designated as a mental health service provider and is certified to practice trauma therapy.ADMINISTRATION AND PAYMENT This bill requires the department of health to administer the program and establish an application and contract process. The department must issue program monies to pay mental healthcare professionals student loan repayment grants to qualifying individuals for the amount of principal, interest, and related expenses of the individual's medical school educational loans, not to exceed the individual's total student loan indebtedness. This bill provides that an individual who receives a student loan repayment grant and breaches the contract by failing to comply with any of the requirements described above is liable for liquidated damages in an amount equal to the amount that would be owed for default and all other penalties as determined and authorized by the department. This bill authorizes the department to retain legal counsel and commence whatever actions necessary to collect grant payments and charges if there is a default or a breach of a contract. However, this bill also authorizes the department to waive the liquidated damages if the department determines that death or permanent physical disability accounted for the failure of the participant to fulfill the contract. This bill also authorizes the department to prescribe additional conditions for default, cancellation, waiver, or suspension.ANNUAL REPORT This bill requires the department to provide an annual report to the governor, the chair of the education administration committee of the house of representatives, and the chair of the education committee of the senate specifying the number of individuals applying for and receiving grants, and making any recommendations for program improvements.RULEMAKING AUTHORITY This bill authorizes the department, in consultation with the Tennessee student assistance corporation (TSAC), the board of medical examiners, board of osteopathic examination, the board of professional counselors, and the board of examiners in psychology, to promulgate rules to effectuate this bill.",http://wapp.capitol.tn.gov/apps/BillInfo/default.aspx?BillNumber=SB7052&GA=113
SB7053,113th,2023_2024,SS1,HB7081,McNally,,Cochran,"AN ACT to amend Tennessee Code Annotated, Title 39 and Title 40, Chapter 11, Part 1, relative to threats of mass violence.","Criminal Offenses - As introduced, expands the information a person with knowledge of a threat of mass violence must report to the local law enforcement agency to include the approximate age of the person making the threat. - Amends TCA Title 39 and Title 40, Chapter 11, Part 1.",NOT SIGNIFICANT,Abstract summarizes the bill.,http://wapp.capitol.tn.gov/apps/BillInfo/default.aspx?BillNumber=SB7053&GA=113
SB7054,113th,2023_2024,SS1,HB7082,McNally,,Sexton,"AN ACT to amend Tennessee Code Annotated, Title 71, relative to mental health services.","TennCare - As introduced, changes the date by which managed care organizations participating in the TennCare program must submit an annual report related to coverage of mental health treatment from March 1 to March 15. - Amends TCA Title 71.",NOT SIGNIFICANT,Abstract summarizes the bill.,http://wapp.capitol.tn.gov/apps/BillInfo/default.aspx?BillNumber=SB7054&GA=113
SB7055,113th,2023_2024,SS1,HB7083,McNally,,Sexton,"AN ACT to amend Tennessee Code Annotated, Title 33 and Title 63, relative to mental healthcare providers.","Health Care - As introduced, requires the department of health to conduct a study of laws in contiguous states concerning certifications and training programs required for healthcare professionals to provide mental health services. - Amends TCA Title 33 and Title 63.",NOT SIGNIFICANT,Abstract summarizes the bill.,http://wapp.capitol.tn.gov/apps/BillInfo/default.aspx?BillNumber=SB7055&GA=113
SB7056,113th,2023_2024,SS1,HB7085,McNally,,Sexton,"AN ACT to amend Tennessee Code Annotated, Title 37; Title 39; Title 40; Chapter 264 of the Public Acts of 2023 and Chapter 363 of the Public Acts of 2023, relative to juvenile justice.","Expunction - As introduced, states that the juvenile court records of a person who was transferred from juvenile court to be tried as an adult in criminal court and who is subsequently convicted may be expunged only by a court order issued under the court in which the person was convicted. - Amends TCA Title 37; Title 39; Title 40; Chapter 264 of the Public Acts of 2023 and Chapter 363 of the Public Acts of 2023.",NOT SIGNIFICANT,Abstract summarizes the bill.,http://wapp.capitol.tn.gov/apps/BillInfo/default.aspx?BillNumber=SB7056&GA=113
SB7057,113th,2023_2024,SS1,HB7084,McNally,,Sexton,"AN ACT to amend Tennessee Code Annotated, Title 33, Chapter 3, Part 2, relative to duty to warn.","Healthcare Liability - As introduced, expands the duty to warn of an actual threat of bodily harm to include all healthcare providers, not just mental health professionals and behavior analysts.  - Amends TCA Title 33, Chapter 3, Part 2.",NOT SIGNIFICANT,Abstract summarizes the bill.,http://wapp.capitol.tn.gov/apps/BillInfo/default.aspx?BillNumber=SB7057&GA=113
SB7058,113th,2023_2024,SS1,HB7003,Rose,,Lamberth,"AN ACT to amend Tennessee Code Annotated, Title 36 and Title 39, relative to lifetime orders of protection.","Orders of Protection - As introduced, expands the eligibility for filing a petition to obtain a lifetime order of protection to include victims of aggravated stalking and especially aggravated stalking. - Amends TCA Title 36 and Title 39.",NOT SIGNIFICANT,"ON AUGUST 24, 2023, THE HOUSE ADOPTED AMENDMENT #1 AND PASSED HOUSE BILL 7003, AS AMENDED. AMENDMENT #1 adds that a person who is subject to a lifetime order of protection, issued pursuant to this bill, due to a conviction for aggravated stalking or especially aggravated stalking may petition the court that issued the lifetime order of protection for relief from any prohibition on purchasing or possessing a firearm if the person has been granted any of the following with regard to the conviction that was the basis for the lifetime order of protection: (1) The person has been pardoned; (2) The person's conviction has been expunged; or (3) The person's civil rights have been restored and the restoration order does not specifically prohibit the person from possessing firearms.",http://wapp.capitol.tn.gov/apps/BillInfo/default.aspx?BillNumber=SB7058&GA=113
SB7059,113th,2023_2024,SS1,HB7039,Rose,,Gant,"AN ACT to make appropriations for the purpose of defraying the expenses of the state government for the fiscal year beginning July 1, 2023, in the administration, operation, and maintenance of the legislative, executive, and judicial branches of the various departments, institutions, offices, and agencies of the state; for certain state aid and obligations; for capital outlay, for the service of the public debt, for emergency and contingency; to repeal certain appropriations and any acts inconsistent herewith; to provide provisional continuing appropriations; and to establish certain provisions, limitations, and restrictions under which appropriations may be obligated and expended.  This act makes appropriations for the purposes described above for the fiscal year beginning July 1, 2023.","Appropriations - As introduced, makes appropriations to provide funding for any legislation enacted during the first extraordinary session of the 113th General Assembly that creates a grant program to assist LEAs and public charter schools with costs for school safety alert systems. -",Not Available,Abstract summarizes the bill.,http://wapp.capitol.tn.gov/apps/BillInfo/default.aspx?BillNumber=SB7059&GA=113
SB7060,113th,2023_2024,SS1,HB7038,Rose,,Gant,"AN ACT to amend Tennessee Code Annotated, Title 9; Title 49 and Title 67, relative to educational expenses for school safety plans.","Education - As introduced, requires the department of education to establish a school safety alert grant program to provide grants to LEAs to offset expenses incurred by schools for the installation of school safety alert systems. - Amends TCA Title 9; Title 49 and Title 67.","Increase State Expenditures – $90,000,000/FY24-25----- -----Other Fiscal Impact – To the extent that the School Safety Alert Grant does not cover the costs for LEAs and public charter schools to install and maintain a safety alert system, an increase in local expenditures may occur. However, due to multiple unknown variables, the extent and timing of any local fiscal impact cannot be reasonably determined.","As of October 1, 2023, this bill requires the department of education to establish and administer a school safety alert grant program. This bill provides that the purpose of the program is to provide grants to LEAs and public charter schools to establish school safety alert systems in public schools.FUNDING This bill requires the creation of a separate fund within the general fund to be known as the school safety alert grant fund. The fund is composed of funds appropriated by the general assembly for the fund and gifts, grants, and other donations received by the department for the fund. Subject to the availability of funds, the department must allocate and disperse grants each fiscal year to LEAs and public charter schools. A grant is limited to $50,000 per eligible school in a fiscal year and must be awarded on a first-come, first-served basis. This bill provides that it is the legislative intent that funding in the amount of $90 million be appropriated in fiscal year 2024-2025 for awarding grants from the fund.ANNUAL REPORT On or before January 1, 2025, and by January 1 of each subsequent year, this bill requires the department to prepare a report to the general assembly regarding the funds received and payments made by the fund.RULEMAKING This bill authorizes the commissioner of education to promulgate rules to effectuate this bill. ON AUGUST 28, 2023, THE HOUSE ADOPTED AMENDMENT #1 AND PASSED HOUSE BILL 7038, AS AMENDED. AMENDMENT #1 makes the following changes to this bill: (1) Requires the alert systems funded through the grant program to be approved by the department of education in consultation with the department of safety; (2) Removes the provisions of this bill creating a separate fund within the general fund for the funds; (3) Prohibits the department of education from requiring an LEA or public charter school to include a school safety alert system in the LEA's or public charter school's school security self-assessment, district-wide school safety plan, or building-level school safety plan in order to receive a grant; and (4) Removes the provisions of this bill referring to the intended funding amount for the program and, instead, provides that the intent is that funding for a school alert grant program is funded by the unexpended balance of appropriations made for school safety grants to LEAs in prior legislation.",http://wapp.capitol.tn.gov/apps/BillInfo/default.aspx?BillNumber=SB7060&GA=113
SB7061,113th,2023_2024,SS1,HB7031,Rose,,Grills,"AN ACT to amend Tennessee Code Annotated, Title 37; Title 39 and Chapter 264 of the Public Acts of 2023, relative to juvenile justice.","Juvenile Offenders - As introduced, expands the offenses for which a juvenile court may transfer a child to be tried as an adult in criminal court, if the child was 16 or older at the time of the offense, to include theft of a firearm or attempt to commit theft of a firearm; adds an appeal process for a criminal court to review a juvenile court's determination for such transfers. - Amends TCA Title 37; Title 39 and Chapter 264 of the Public Acts of 2023.",NOT SIGNIFICANT,"Present law generally provides that, after a petition has been filed alleging delinquency based on conduct that is designated a crime or public offense under the laws of this state, the court, before hearing the petition on the merits, may transfer the child to the sheriff of the county to be held and to be dealt with as an adult in the criminal court of competent jurisdiction. The disposition of the child must be as if the child were an adult if certain circumstances apply. One such circumstance is that the child was 16 or more at the time of the alleged conduct; and was either (i) charged with the offense of robbery or attempt to commit robbery or (ii) confined in a youth development center approved, certified, or licensed by the department of children's services, and charged with escape therefrom. For acts committed on or after October 1, 2023, this bill rewrites that provision to provide, instead, that it applies to a child who was 16 or more at the time of the alleged conduct and was charged with the offense of robbery, theft of a firearm, or attempt to commit any such offense.PROCESS This bill requires the criminal court, or court having criminal jurisdiction, to review a juvenile court's determination pursuant to the new circumstance described above upon motion by either party. If appealed, the clerk of the juvenile court must file the record on appeal no later than 15 days after the entry of the juvenile court's order. This bill requires the criminal court or court having criminal jurisdiction to conduct a de novo review of the juvenile court's determination, and the court's review must be expedited. The review by the criminal court or court having criminal jurisdiction is a review of the record only and must be conducted without an evidentiary hearing. This bill requires the state to serve and file a brief no later than 15 days after the date on which the record is filed with the clerk of the criminal court or court having criminal jurisdiction. Counsel for the child must serve and file a brief within 15 days after the state's brief is filed with the clerk. Reply briefs are not permitted. The criminal court or court having criminal jurisdiction must issue a decision within 45 days after the date on which the record is filed with the clerk of the criminal court or court having criminal jurisdiction. If an appeal is filed, then the juvenile court's jurisdiction over the alleged delinquent conduct under de novo review by the criminal court or court having criminal jurisdiction is automatically stayed until the review by the criminal court or court having criminal jurisdiction is completed.",http://wapp.capitol.tn.gov/apps/BillInfo/default.aspx?BillNumber=SB7061&GA=113
SB7062,113th,2023_2024,SS1,HB7030,Rose,,Grills,"AN ACT to amend Tennessee Code Annotated, Title 37; Title 39 and Chapter 264 of the Public Acts of 2023, relative to acts committed by juveniles.","Juvenile Offenders - As introduced, expands the offenses for which a juvenile court may transfer a child to be tried as an adult in criminal court, if the child was 16 years of age or more at the time of the offense, to include burglary involving the theft of a firearm or an attempt to commit such offense; adds an appeal process for a criminal court to review a juvenile court's determination for such transfers. - Amends TCA Title 37; Title 39 and Chapter 264 of the Public Acts of 2023.",NOT SIGNIFICANT,"Present law generally provides that, after a petition has been filed alleging delinquency based on conduct that is designated a crime or public offense under the laws of this state, the court, before hearing the petition on the merits, may transfer the child to the sheriff of the county to be held and to be dealt with as an adult in the criminal court of competent jurisdiction. The disposition of the child must be as if the child were an adult if certain circumstances apply. One such circumstance is that the child was 16 or more at the time of the alleged conduct; and was either (i) charged with the offense of robbery or attempt to commit robbery or (ii) confined in a youth development center approved, certified, or licensed by the department of children's services, and charged with escape therefrom. For acts committed on or after October 1, 2023, this bill rewrites that provision to provide, instead, that it applies to a child who was 16 or more at the time of the alleged conduct and was charged with the offense of robbery, burglary involving theft of a firearm, or attempt to commit any such offense.PROCESS This bill requires the criminal court, or court having criminal jurisdiction, to review a juvenile court's determination pursuant to the new circumstance described above upon motion by either party. If appealed, the clerk of the juvenile court must file the record on appeal no later than 15 days after the entry of the juvenile court's order. This bill requires the criminal court or court having criminal jurisdiction to conduct a de novo review of the juvenile court's determination, and the court's review must be expedited. The review by the criminal court or court having criminal jurisdiction is a review of the record only and must be conducted without an evidentiary hearing. This bill requires the state to serve and file a brief no later than 15 days after the date on which the record is filed with the clerk of the criminal court or court having criminal jurisdiction. Counsel for the child must serve and file a brief within 15 days after the state's brief is filed with the clerk. Reply briefs are not permitted. The criminal court or court having criminal jurisdiction must issue a decision within 45 days after the date on which the record is filed with the clerk of the criminal court or court having criminal jurisdiction. If an appeal is filed, then the juvenile court's jurisdiction over the alleged delinquent conduct under de novo review by the criminal court or court having criminal jurisdiction is automatically stayed until the review by the criminal court or court having criminal jurisdiction is completed.",http://wapp.capitol.tn.gov/apps/BillInfo/default.aspx?BillNumber=SB7062&GA=113
SB7063,113th,2023_2024,SS1,HB7050,Kyle,,Clemmons,"AN ACT to amend Tennessee Code Annotated, Title 4; Title 8; Title 38 and Title 39, relative to firearm locks.","Firearms and Ammunition - As introduced, requires the department of safety to distribute firearm locks to each county's sheriff for distribution to members of the public; requires each sheriff to distribute firearm locks to any person who makes a request; authorizes the sheriff to distribute multiple locks to the same person; authorizes transfers of locks amongst sheriffs based on demand. - Amends TCA Title 4; Title 8; Title 38 and Title 39.","Increase State Expenditures - $7,500/FY26-27 and Subsequent Years",Abstract summarizes the bill.,http://wapp.capitol.tn.gov/apps/BillInfo/default.aspx?BillNumber=SB7063&GA=113
SB7064,113th,2023_2024,SS1,HB7049,Kyle,,Parkinson,"AN ACT to amend Tennessee Code Annotated, Title 39 and Title 40, relative to offenses related to inducing or coercing a minor to commit an offense.","Criminal Offenses - As introduced, creates the Class C felony of knowingly inducing or coercing a minor under 18 to commit theft of a firearm or a robbery or burglary offense involving theft of a firearm from a residence or motor vehicle. - Amends TCA Title 39 and Title 40.","Increase State Expenditures - $2,138,500 Incarceration",This bill creates a Class C felony for a person who knowingly induces or coerces a minor under 18 to commit any of the following: (1) Theft of a firearm from a residence or a motor vehicle; (2) Robbery involving theft of a firearm from a residence or a motor vehicle; (3) Aggravated robbery involving theft of a firearm from a residence or a motor vehicle; (4) Especially aggravated robbery involving theft of a firearm from a residence or a motor vehicle; (5) Burglary involving theft of a firearm from a residence or a motor vehicle; (6) Aggravated burglary involving theft of a firearm from a residence or a motor vehicle; or (7) Especially aggravated burglary involving theft of a firearm from a residence or a motor vehicle.,http://wapp.capitol.tn.gov/apps/BillInfo/default.aspx?BillNumber=SB7064&GA=113
SB7065,113th,2023_2024,SS1,HB7102,Swann,,Russell,"AN ACT to amend Tennessee Code Annotated, Title 49, Chapter 6, relative to social interaction.","Local Education Agencies - As introduced, requires an LEA to provide its students with a certain minimum amount of social interaction time each month depending on the amount of instruction being provided to students each month. - Amends TCA Title 49, Chapter 6.",NOT SIGNIFICANT,"In order to improve students' ability to recover from stress, anxiety, and depression and reduce the risk of violent and suicidal behaviors, this bill requires each LEA, starting with the 2024-2025 school year and continuing with each school year thereafter, to provide its students with a minimum of eight combined hours of social interaction each month of the school year if school is in session for at least 20 percent of the month, or for a minimum of four combined hours each month if school is in session for less than 20 percent of the month. This bill clarifies that such social interaction is not required for a month in which there is no scheduled instruction for the LEA. Additionally, this bill prohibits an LEA from allowing a student to participate in such social interaction using an electronic device unless the student is receiving remote instruction. This bill requires an LEA to determine the amount of social interaction required for each course offered by the LEA. Each teacher must determine how best to provide the amount of social interaction required for the courses taught by the teacher using a course outline created by the teacher.",http://wapp.capitol.tn.gov/apps/BillInfo/default.aspx?BillNumber=SB7065&GA=113
SB7066,113th,2023_2024,SS1,HB7079,Akbari,,Camper,"AN ACT to amend Tennessee Code Annotated, Title 39, Chapter 17, Part 13, relative to firearm safety devices.","Firearms and Ammunition - As introduced, requires a federally licensed firearm dealer to install a firearm safety device on a firearm before delivering the firearm to a purchaser if the purchaser is not a federally licensed firearm dealer; defines a firearm safety device as a device that, when installed on a firearm, is designed to prevent the firearm from being operated without first deactivating the device. - Amends TCA Title 39, Chapter 17, Part 13.",NOT SIGNIFICANT,Abstract summarizes the bill.,http://wapp.capitol.tn.gov/apps/BillInfo/default.aspx?BillNumber=SB7066&GA=113
SB7067,113th,2023_2024,SS1,HB7061,Akbari,,Love,"AN ACT to amend Tennessee Code Annotated, Title 49, relative to mental health resources.","Education, Dept. of - As introduced, requires the department to annually notify each local education agency (LEA) in writing of all state and federal grant programs available to assist the LEA in expanding mental health services and resources in schools. - Amends TCA Title 49.",NOT SIGNIFICANT,Abstract summarizes the bill.,http://wapp.capitol.tn.gov/apps/BillInfo/default.aspx?BillNumber=SB7067&GA=113
SB7068,113th,2023_2024,SS1,HB7001,Akbari,,Thompson,"AN ACT to amend Tennessee Code Annotated, Title 39, Chapter 14; Title 39, Chapter 17 and Chapter 445 of the Public Acts of 2023, relative to firearm safety.","Firearms and Ammunition - As introduced, specifies that classes that qualify as training for issuance of an enhanced handgun carry permit or concealed handgun carry permit must include training on the use of gun locks. - Amends TCA Title 39, Chapter 14; Title 39, Chapter 17 and Chapter 445 of the Public Acts of 2023.",NOT SIGNIFICANT,Abstract summarizes the bill.,http://wapp.capitol.tn.gov/apps/BillInfo/default.aspx?BillNumber=SB7068&GA=113
SB7069,113th,2023_2024,SS1,HB7089,Akbari,,Harris,"AN ACT to amend Tennessee Code Annotated, Title 33; Title 38; Title 39 and Title 40, relative to mental health of a detainee.","Mental Illness - As introduced, requires that a law enforcement officer detain a person for mental health examination prior to issuing a charge or arrest if the officer has reason to believe the person is subject to detention for the purpose of examination for certification of need for care and treatment. - Amends TCA Title 33; Title 38; Title 39 and Title 40.",NOT SIGNIFICANT,Abstract summarizes the bill.,http://wapp.capitol.tn.gov/apps/BillInfo/default.aspx?BillNumber=SB7069&GA=113
SB7070,113th,2023_2024,SS1,HB7093,Akbari,,Harris,"AN ACT to amend Tennessee Code Annotated, Title 49 and Chapter 367 of the Public Acts of 2023, relative to school safety plans.","Education - As introduced, requires the department of safety, in conjunction with the department of education to, at least once every three years, conduct an inspection of the facilities of each public school in this state that serves students in pre-K-12 to assess the safety and security of the public school's facilities. - Amends TCA Title 49 and Chapter 367 of the Public Acts of 2023.",NOT SIGNIFICANT,Abstract summarizes the bill.,http://wapp.capitol.tn.gov/apps/BillInfo/default.aspx?BillNumber=SB7070&GA=113
SB7071,113th,2023_2024,SS1,HB7011,Akbari,,Parkinson,"AN ACT to amend Tennessee Code Annotated, Title 39, relative to mass violence.","Criminal Offenses - As introduced, makes a person who illegally transfers a firearm to a minor criminally responsible for any resulting act of mass violence or a threat of mass violence in which the minor threatens to use the firearm. - Amends TCA Title 39.","Increase State Expenditures - $77,100 Incarceration",Abstract summarizes the bill.,http://wapp.capitol.tn.gov/apps/BillInfo/default.aspx?BillNumber=SB7071&GA=113
SB7072,113th,2023_2024,SS1,HB7010,Akbari,,Parkinson,"AN ACT to amend Tennessee Code Annotated, Title 39, relative to firearms offenses involving minors.","Firearms and Ammunition - As introduced, creates the Class D felony of knowingly inducing or coercing a minor under 18 to commit theft of a firearm or a robbery or burglary offense involving theft of a firearm. - Amends TCA Title 39.","Increase State Expenditures – $1,610,300 Incarceration",Abstract summarizes the bill.,http://wapp.capitol.tn.gov/apps/BillInfo/default.aspx?BillNumber=SB7072&GA=113
SB7073,113th,2023_2024,SS1,HB7068,Akbari,,Parkinson,"AN ACT to amend Tennessee Code Annotated, Title 29, Chapter 3, Part 1; Title 39 and Title 40, relative to offenses related to inducing or coercing a minor to commit an offense.","Criminal Offenses - As introduced, creates a Class D felony offense for an adult criminal gang member who induces or coerces a minor to steal a firearm; makes the adult criminal gang member criminally responsible for offenses the minor commits with stolen firearm. - Amends TCA Title 29, Chapter 3, Part 1; Title 39 and Title 40.","Increase State Expenditures – $1,610,300 Incarceration-----Other Fiscal Impact – There will be additional increases in state expenditures related to an increase in admissions for adult criminal gang members who are criminally responsible for offenses minors commit with stolen firearms. The extent and timing of any such impacts cannot be reasonably determined.",Abstract summarizes the bill.,http://wapp.capitol.tn.gov/apps/BillInfo/default.aspx?BillNumber=SB7073&GA=113
SB7074,113th,2023_2024,SS1,HB7069,Akbari,,Parkinson,"AN ACT to amend Tennessee Code Annotated, Title 4; Title 33 and Title 71, relative to expanding Medicaid to provide mental health services.","TennCare - As introduced, authorizes the governor to expand medicaid for mental health prevention and treatment pursuant to the federal Patient Protection and Affordable Care Act; authorizes the governor to negotiate with the federal centers for medicare and medicaid services to determine the terms of the expansion. - Amends TCA Title 4; Title 33 and Title 71.","Increase State Expenditures - $27,930,100/FY24-25----- $26,930,100/FY25-26 and Subsequent Years----- Increase Federal Expenditures - $59,204,400/FY24-25 ----- $50,204,400/FY25-26 and Subsequent Years-----Other Fiscal Impact - Passage of this legislation could result in a decrease in state expenditures for the Behavioral Health Safety Net. The extent of any change in expenditures is dependent on the number of individuals who will receive mental health services from Medicaid, rather than the Behavioral Health Safety Net, and cannot be reasonably determined.",Abstract summarizes the bill.,http://wapp.capitol.tn.gov/apps/BillInfo/default.aspx?BillNumber=SB7074&GA=113
SB7075,113th,2023_2024,SS1,HB7051,Akbari,,Clemmons,"AN ACT to amend Tennessee Code Annotated, Title 4, Chapter 3; Title 9; Title 16; Title 18 and Title 37, relative to juvenile courts.","Courts, Administrative Office of the - As introduced, requires the AOC in conjunction with the department of finance and administration's office of criminal justice programs to establish an extended pilot program for the rehabilitation of juvenile offenders to be administered by clerks of juvenile courts in this state. - Amends TCA Title 4, Chapter 3; Title 9; Title 16; Title 18 and Title 37.","Increase State Expenditures – $250,161,500/Each FY23-24 through FY32-33","This bill requires the administrative office of the courts (""AOC"") in conjunction with the department of finance and administration's office of criminal justice programs to establish an extended pilot program for the rehabilitation of juvenile offenders to be administered by clerks of juvenile courts . This bill requires juvenile court clerks that serve counties that do not have an existing juvenile offender rehabilitation program that provides recreational, educational, and mentoring opportunities for juvenile offenders to establish and administer such a program in those counties in accordance with standards established for the pilot program. This bill creates the juvenile offender rehabilitation extended pilot program grant fund, which will be composed of the following: (1) Funds appropriated by the general assembly for the fund; and (2) Gifts, grants, and other donations received by the department of finance and administration or the administrative office of the courts for the fund. This bill expresses the legislative intent that funding in the amount of $250 million be appropriated each fiscal year from 2023-2024 through 2032-2033 in an appropriations act for awarding grants from the fund. Subject to the availability of funds, this bill requires the department of finance and administration via the AOC to allocate and disperse grants each fiscal year to juvenile court clerks to support the extended pilot program. This bill authorizes the commissioner of finance and administration to promulgate rules to effectuate this bill's provisions. This bill requires the AOC and the department of finance and administration to prepare an annual report to the general assembly regarding the funds received and payments made by the juvenile offender rehabilitation extended pilot program grant fund. The first report will be due by January 1, 2025.",http://wapp.capitol.tn.gov/apps/BillInfo/default.aspx?BillNumber=SB7075&GA=113
SB7076,113th,2023_2024,SS1,HB7052,Hensley,,Sparks,"AN ACT to amend Tennessee Code Annotated, Title 68, Chapter 1, Part 1, relative to reporting on availability of psychiatric inpatient resources.","Mental Health & Substance Abuse Services, Dept. of - As introduced, requires hospitals to update the psychiatric bed tracking system at least daily. - Amends TCA Title 68, Chapter 1, Part 1.",NOT SIGNIFICANT,Abstract summarizes the bill.,http://wapp.capitol.tn.gov/apps/BillInfo/default.aspx?BillNumber=SB7076&GA=113
SB7077,113th,2023_2024,SS1,HB7034,Rose,,Sexton,"AN ACT to amend Tennessee Code Annotated, Title 36; Title 39, Chapter 13; Section 39-17-315; Title 40, Chapter 11; Chapter 349 of the Public Acts of 2023 and Chapter 413 of the Public Acts of 2023, relative to stalking.","Criminal Offenses - As introduced, raises from a Class A misdemeanor to a Class E felony knowingly violating an order of protection or a restraining order issued due to domestic abuse when based on stalking; raises the classification range for stalking from a Class A misdemeanor or Class E felony to a Class E or D felony; raises the classification of aggravated stalking from a Class E to a Class D felony; requires a court to order a mental health assessment of a defendant's need for mental health treatment if convicted of a stalking offense, at cost to the defendant unless indigent; requires the sentence to include the defendant undergoing treatment and monitoring of drug intake if the assessment indicates that the defendant is in need of and amenable to treatment. - Amends TCA Title 36; Title 39, Chapter 13; Section 39-17-315; Title 40, Chapter 11; Chapter 349 of the Public Acts of 2023 and Chapter 413 of the Public Acts of 2023.","Increase State Expenditures – $9,766,800 Incarceration----- $397,700/FY23-24/General Fund----- $530,200/FY24-25 and Subsequent Years/General Fund----- -----Decrease Local Expenditures – $567,100/FY23-24----- $756,100/FY24-25 and Subsequent Years","ON AUGUST 28, 2023, THE HOUSE ADOPTED AMENDMENT #1 AND PASSED HOUSE BILL 7034, AS AMENDED. AMENDMENT #1 corrects a cross reference to the definition of ""stalking"".",http://wapp.capitol.tn.gov/apps/BillInfo/default.aspx?BillNumber=SB7077&GA=113
SB7078,113th,2023_2024,SS1,HB7008,Massey,,Zachary,"AN ACT to amend Tennessee Code Annotated, Section 33-3-206, relative to duties required of mental health professionals.","Mental Illness - As introduced, requires a qualified mental health professional or behavior analyst to take certain steps to warn or protect an identified victim or group of people when the professional determines that a service recipient has made an actual threat of bodily harm or has an intention to commit such harm; provides immunity from civil, criminal, and regulatory liability for a professional who takes reasonable action to provide such warning or protection. - Amends TCA Section 33-3-206.",NOT SIGNIFICANT,"Present law requires a professional to take reasonable care to predict, warn of, or take precautions to protect an identified victim from a service recipient's violent behavior if, and only if, (i) the recipient has communicated to the qualified mental health professional or behavior analyst an actual threat of bodily harm against a clearly identified victim and (ii) the professional, using the reasonable skill, knowledge, and care ordinarily possessed and exercised by the professional's specialty under similar circumstances, has determined or reasonably should have determined that the recipient has the apparent ability to commit such an act and is likely to carry out the threat unless prevented from doing so. This bill rewrites the above provisions to provide, instead that, the professional or analyst must (i) take reasonable care to predict, warn of, or take precautions to protect the identified victim or group of people from a service recipient's violent behavior and (ii) report the threat to the department of mental health and substance abuse services or the local law enforcement agency with jurisdiction over the municipality or county of residence of the recipient if, and only if: (1) The recipient has communicated to the professional or analyst (i) an intent for or perceived actual threat of bodily harm against a clearly identified victim or (ii) an intent for or perceived actual threat of bodily harm against a group of people, including, but not limited to, students at a day care or school, people at a place of worship, and members of the recipient's family; and (2) The professional or analyst, using the reasonable skill, knowledge, and care ordinarily possessed and exercised by the professional's or analyst's specialty under similar circumstances, has determined or reasonably should have determined that the recipient has the apparent ability to commit such an act. This bill clarifies that a professional or analyst who acts or makes a reasonable attempt to act in accordance with this bill is not liable for damages in a civil action, subject to prosecution in a criminal proceeding, or subject to disciplinary action by a regulatory board for such act or reasonable attempt to act. ON AUTUST 28, 2023, THE HOUSE ADOPTED AMENDMENT #1 AND PASSED HOUSE BILL 7008, AS AMENDED. AMENDMENT #1 makes the duty to warn dependent on a service recipient's communication of an intent for an actual threat of bodily harm, so that the duty is not triggered by communication of a perception of a threat. This amendment removes prediction of violent behavior as a component of the duty to warn. This amendment revises the duty to report to require that, once the duty is triggered, the provider must report the threat to: (1) The local law enforcement agency with jurisdiction over the municipality or county of residence of the service recipient; or (2) If the threat is general and not imminent or clearly identified, 988, or local crisis response service.",http://wapp.capitol.tn.gov/apps/BillInfo/default.aspx?BillNumber=SB7078&GA=113
SB7079,113th,2023_2024,SS1,HB7035,Massey,,Sexton,"AN ACT to amend Tennessee Code Annotated, Title 49, relative to student loan repayment for mental healthcare professionals.","Education - As introduced, establishes a loan forgiveness program for psychiatrists, psychologists, and counselors.   - Amends TCA Title 49.","Increase State Expenditures - $21,850,000/FY24-25----- Exceeds $21,850,000/FY25-26 and Subsequent Years","This bill establishes a mental healthcare professionals student loan repayment grant program to incentivize certain mental healthcare professionals to provide mental healthcare services in this state following completion of their training. In order to be eligible for a repayment grant under this bill an individual must: (1) Be a licensed physician with expertise in psychiatry and whose practice is primarily limited to psychiatry, a licensed psychologist designated as a health services provider, or a licensed professional counselor designated as a mental health service provider; (2) Have an outstanding student loan balance that resulted from medical education; (3) Apply to the department for a grant; and (4) Enter into a contract with the department of health stating the individual will provide mental health services in Tennessee for at least five years within the seven years following the date of application approval and use the grant funds only to repay eligible educational loans. This bill authorizes qualified individuals to apply for a grant while in training to become a licensed psychiatrist, psychologist, or professional counselor; however, the individual must not receive a grant until the individual completes all necessary training to be a licensed provider and enters a contract with the department. The full text of this bill specifies the qualifications an individual must possess in order to apply for a repayment grant while still in training. This bill requires the department of health to do the following: (1) Administer the repayment grant program and establish an application and contract process; (2) Issue program monies to pay mental healthcare professionals student loan repayment grants to qualifying individuals for the amount of principal, interest, and related expenses of the individual's medical school educational loans, not to exceed the individual's total student loan indebtedness; and (3) Provide an annual report to the governor, the chair of the education administration committee of the house of representatives, and the chair of the education committee of the senate, outlining the number of individuals applying for and awarded grants, and any recommendations for program improvements, no later than January 1 of each year. This bill prohibits retroactive awards of the grants authorized by this bill. An individual who receives a student loan repayment grant and breaches their contract with the department of health will be liable for liquidated damages in an amount equivalent to the amount that would be owed for default and any other penalties as determined and authorized by the department. This bill authorizes the department to waive the liquidated damages if it determines that death or permanent physical disability accounted for the failure of the participant to fulfill the contract. The department may prescribe additional conditions for default, cancellation, waiver, or suspension. This bill authorizes the department of health, in consultation with TSAC, the board of medical examiners, the board of osteopathic examination, the board of professional counselors, and the board of examiners in psychology, to promulgate rules to effectuate this bill. This bill takes effect upon becoming a law for rulemaking purposes and January 1, 2024, for all other purposes.",http://wapp.capitol.tn.gov/apps/BillInfo/default.aspx?BillNumber=SB7079&GA=113
SB7080,113th,2023_2024,SS1,HB7027,Stevens,,Lamberth,"AN ACT to amend Tennessee Code Annotated, Title 33; Title 39 and Title 40, relative to mental health evaluation and treatment for criminal defendants.","Mental Illness - As introduced, requires the state to pay the cost of a court-ordered mental health evaluation and treatment for criminal defendants who have been charged with a misdemeanor and are believed to be incompetent to stand trial or for whom there is a question about mental capacity at the time of the offense. - Amends TCA Title 33; Title 39 and Title 40.","Increase State Expenditures - $2,490,000/FY23-24 ----- $3,320,000/FY24-25 and Subsequent Years----- Decrease Local Expenditures - $1,033,500/FY23-24 ----- $1,378,000/FY24-25 and Subsequent Years","Under present law, the cost of a court-ordered mental health evaluation and treatment for a criminal defendant who is charged with a misdemeanor and who is financially unable to pay such costs is generally payable by the county. This bill transfers the responsibility for such costs from the counties to the state.",http://wapp.capitol.tn.gov/apps/BillInfo/default.aspx?BillNumber=SB7080&GA=113
SB7081,113th,2023_2024,SS1,HB7004,Stevens,,Lamberth,"AN ACT to amend Tennessee Code Annotated, Title 8, Chapter 8 and Title 33, relative to release from certain facilities.","Mental Health & Substance Abuse Services, Dept. of - As introduced, requires the court or chief officer of a mental health facility that orders the release of a person from the mental health facility to notify the law enforcement agency that transported the person to the mental health facility of the person's release. - Amends TCA Title 8, Chapter 8 and Title 33.",NOT SIGNIFICANT,"As of October 1, 2023, this bill requires the applicable court or chief officer of a mental health facility (""chief officer"") that orders the release of a person from the mental health facility to notify the law enforcement agency that transported the person to the mental health facility of the person's release as described below.NOTICE OF RELEASE OR TRANSFER PRIOR TO PROBABLE CAUSE HEARING Present law provides that, if the defendant is released or transferred due to no longer meeting standards for admission for inpatient treatment before the probable cause hearing, then the chief officer must notify the court that ordered the defendant's emergency diagnosis, evaluation, and treatment. This bill also requires the chief officer to notify, if applicable, the law enforcement agency that transported the person of the release.NOTICE OF RELEASE IF PROBABLE CAUSE FINDINGS NOT MADE BY COURT Present law requires the court to order the release of a person from the hospital or treatment resource and terminate proceedings under law, if the court does not find both that there is probable cause to believe that (1) the person is subject to involuntary care and treatment under judicial commitment; and (2) that, if involuntary treatment is not continued, then the person's condition resulting from mental illness or serious emotional disturbance is likely to deteriorate rapidly to the point that the person would be again admissible. This bill adds that, if the court orders the person's release as provided above, then the court must notify the law enforcement agency that transported the person of the release.NOTICE OF RELEASE IF CHIEF OFFICER DETERMINES CERTIFICATES NOT SUPPORTED Present law provides that, if the chief officer determines that the person's condition does not support the filing of certificates of need, then the chief officer must release the person. The chief officer must generally release the person five days from the date of the general sessions court's original order to hold the person, unless the general sessions court has ordered the person 's further care and treatment under law or the person has been committed under law. The chief officer must also release the person no later than 15 days after the probable cause hearing unless a complaint for commitment is filed within the 15-day period. This bill adds that, if the chief officer releases the person as provided above, then the chief officer must notify the law enforcement agency that transported the person of the release.NOTICE OF RELEASE TO THE COMMITTING COURT Present law provides that, if, after considering the reports of the physicians and other relevant information, the chief officer determines that the person is eligible for discharge and that the discharge is not subject to judicial review, then the chief officer must order the immediate release of the person and notify the committing court. This bill also requires the chief officer to notify, if applicable, the law enforcement agency that transported the person of the release. Present law also provides that when the chief officer determines that the person is otherwise eligible under law for discharge, the chief officer must notify the committing court of that conclusion, of the basis for it, and, if discharge is due to a release from hospitalization subject to outpatient treatment, of the outpatient treatment plan approved by the releasing facility and the qualified mental health professional for the person. The clerk must then send a copy of that complete notice and plan to the person's counsel and to the district attorney general for the jurisdiction in which the committing court is located. This bill also requires the clerk to send, if applicable, the notice and plan to the law enforcement agency that transported the person.",http://wapp.capitol.tn.gov/apps/BillInfo/default.aspx?BillNumber=SB7081&GA=113
SB7082,113th,2023_2024,SS1,HB7036,Haile,,Sexton,"AN ACT to amend Tennessee Code Annotated, Title 16; Title 33; Title 41 and Title 68, relative to mental health services.","Mental Health & Substance Abuse Services, Dept. of - As introduced, changes prerequisites for emergency detention and admission to a treatment facility from ""immediate"" substantial likelihood of serious harm to ""imminent"" substantial likelihood of serious harm. - Amends TCA Title 16; Title 33; Title 41 and Title 68.",NOT SIGNIFICANT,"Under present law, the standard for emergency detention of an individual for purposes of conducting an examination to determine whether to complete a certificate of need for treatment due to mental illness or serious emotional disturbance is as follows: IF AND ONLY IF (1) a person has a mental illness or serious emotional disturbance, AND (2) the person poses an immediate substantial likelihood of serious harm because of the mental illness or serious emotional disturbance, THEN (3) the person may be detained to obtain examination for certification of need for care and treatment. This bill substitutes ""imminent"" for ""immediate"" in (2) of the standard for emergency detention. This bill makes a corresponding change to the present law standard concerning involuntary admission and detention to a hospital or treatment resource for emergency diagnosis, evaluation, and treatment.",http://wapp.capitol.tn.gov/apps/BillInfo/default.aspx?BillNumber=SB7082&GA=113
SB7083,113th,2023_2024,SS1,HB7054,Haile,,Faison,"AN ACT to amend Tennessee Code Annotated, Title 39, Chapter 17, Part 13, relative to firearms in motor vehicles.","Firearms and Ammunition - As introduced, exempts a person from civil liability for damages, injuries, or death resulting from or arising out of the theft of the person's firearm that is properly stored in the person's motor vehicle unless the person commits an offense involving the use of the stored firearm or intentionally solicits or procures the conduct resulting in damage, injury, or death. - Amends TCA Title 39, Chapter 17, Part 13.",NOT SIGNIFICANT,Abstract summarizes the bill.,http://wapp.capitol.tn.gov/apps/BillInfo/default.aspx?BillNumber=SB7083&GA=113
SB7084,113th,2023_2024,SS1,HB7060,Taylor,,White,"AN ACT to amend Tennessee Code Annotated, Title 37; Title 40 and Chapter 264 of the Public Acts of 2023, relative to juvenile offenders.","Juvenile Offenders - As introduced, requires juvenile offenders alleged to have committed certain offenses and meeting certain other criteria to be transferred to adult criminal court for disposition as if the juvenile were an adult; authorizes an appeal for such transfers. - Amends TCA Title 37; Title 40 and Chapter 264 of the Public Acts of 2023.","Increase State Expenditures – $7,649,400 Incarceration----- $12,000,000/FY23-24----- ----- Decrease State Expenditures – Net Impact - ----- $16,484,400/FY24-25 and Subsequent Years----- ----- Decrease Federal Expenditures – $1,978,300/FY24-25 and Subsequent Years","After a petition has been filed alleging delinquency based on conduct that is designated a crime, present law authorizes the court, before hearing the petition on the merits, to transfer the child to the county sheriff to be held according to law and to be dealt with as an adult in the criminal court of competent jurisdiction. Present law specifies that the disposition of the child must be as if the child were an adult under certain circumstances; provided, certain procedures are followed. One circumstance under which the disposition of the child must be as if the child were an adult is if the child was 14 years of age or more but less than 17 years of age at the time of the alleged conduct and charged with the offense of first degree murder, second degree murder, rape, aggravated rape, rape of a child, aggravated rape of a child, aggravated robbery, especially aggravated robbery, aggravated burglary, especially aggravated burglary, kidnapping, aggravated kidnapping, especially aggravated kidnapping, commission of an act of terrorism, carjacking, or an attempt to commit any such offenses. This bill instead requires that the disposition of the child be as if the child were an adult when the child was 16 years of age or more but less than 18 years of age at the time of the alleged conduct and charged with any such offense. Prior to transferring a child to criminal court, present law requires the court to conduct a probable cause hearing during which the court must consider seven specific factors to determine whether there is probable cause to believe that: (1) The child committed the delinquent act as alleged; (2) The child is not committable to an institution for the developmentally disabled or mentally ill; and (3) The interests of the community require that the child be put under legal restraint or discipline. When a court conducts a probable cause hearing under this bill concerning a child who is charged with one of the offenses listed above, the court will not be required to consider the seven specific factors listed in present law or make the determination described in (3). This bill provides a process for appeals of probable cause determinations, which will be conducted by criminal courts.",http://wapp.capitol.tn.gov/apps/BillInfo/default.aspx?BillNumber=SB7084&GA=113
SB7085,113th,2023_2024,SS1,HB7012,Johnson,"Lowe, Jackson, Massey, Powers",Lamberth,"AN ACT to amend Tennessee Code Annotated, Title 39, Chapter 17, Part 13 and Title 67, Chapter 6, Part 3, relative to firearm safety.","Firearms and Ammunition - As enacted, directs the department of safety to provide free firearm locks to Tennessee residents upon request, subject to appropriations; requires department-approved handgun safety courses to contain instruction on the safe storage of firearms; exempts the retail sale of firearm safes and firearm safety devices from sales and use taxes beginning November 1, 2023. - Amends TCA Title 39, Chapter 17, Part 13 and Title 67, Chapter 6, Part 3.","Decrease State Revenue – Net Impact - $1,022,800/FY23-24----- $1,534,200/FY24-25 and Subsequent Years----- Increase State Expenditures – $7,500/FY26-27 and Subsequent Years----- ----- Decrease Local Revenue – Net Impact - $416,500/FY23-24----- $624,700/FY24-25 and Subsequent Years","ON AUGUST 23, 2023, THE SENATE ADOPTED AMENDMENT #1 AND PASSED SENATE BILL 7085, AS AMENDED. AMENDMENT #1 clarifies that the requirement of the department of safety to provide free firearm locks to a Tennessee resident upon the resident's request is subject to appropriations.COURSE REQUIREMENT FOR CONCEALED HANDGUN CARRY PERMIT Present law requires the department to determine that a firearms training or safety course or class meets the requirements for a concealed handgun carry permit if, amongst meeting other criteria, the course or class curriculum conveys the basic knowledge and skills necessary for safe handling and storage of firearms and ammunition and includes firearm safety rules, handgun uses, features, basic skills and techniques, safe cleaning, transportation, and storage methods. The bill changed ""storage methods"" in the prior provision to ""safe storage methods"". This amendment clarifies that, despite the above change, a course that was approved by the department prior to October 1, 2023, may continue to provide instruction in the same manner under which the course was previously approved. Further, a person who has obtained a concealed carry permit prior to October 1, 2023, is not required by this bill to take an additional handgun safety course. ON AUGUST 28, 2023, THE HOUSE SUBSTITUTED SENATE BILL 7085 FOR HOUSE BILL 7012, ADOPTED AMENDMENT #2, AND PASSED SENATE BILL 7085, AS AMENDED. AMENDMENT #2 incorporates the changes made by Senate Amendment #1 and adds that the department's safety campaign dedicated to safe firearm storage be created using funds specifically appropriated for that purpose during the 2023-2024 fiscal year. This amendment also adds a statement of legislative intent that $1,100,000 be appropriated for the department's public safety campaign dedicated to safe firearm storage.",http://wapp.capitol.tn.gov/apps/BillInfo/default.aspx?BillNumber=SB7085&GA=113
SB7086,113th,2023_2024,SS1,HB7013,Johnson,"Jackson, Massey, Powers",Lamberth,"AN ACT to amend Tennessee Code Annotated, Title 16, Chapter 18 and Title 18, Chapter 4, relative to notification to the Tennessee bureau of investigation of final disposition of criminal proceedings.","Clerks, Court - As enacted, changes from 30 days to 72 hours the time frame within which a clerk of the circuit or general sessions court must notify the TBI of the final disposition of criminal proceedings against a person after final disposition of such proceedings; requires the clerk to notify the TBI of the final disposition of such proceedings by electronic submission; requires the clerk of the municipal court, when exercising concurrent general sessions court jurisdiction, to notify the TBI by electronic submission of the final disposition of such proceedings against a person no later than 72 hours after final disposition of such proceedings. - Amends TCA Title 16, Chapter 18 and Title 18, Chapter 4.",NOT SIGNIFICANT,"ON AUGUST 23, 2023, THE SENATE ADOPTED AMENDMENT #1 AND PASSED SENATE BILL 7086, AS AMENDED. AMENDMENT #1 makes the following changes to this bill: (1) Changes from 72 hours to three business days, the time frame within which a clerk of the circuit or general sessions court must notify the TBI of the final disposition of criminal proceedings against a person after final disposition of such proceedings; and (2) Changes from 72 hours to three business days after final disposition, the time frame within which the clerk of the municipal court, when exercising concurrent general sessions court jurisdiction, must notify the TBI by electronic submission of the final disposition of such proceedings against a person. ON AUGUST 24, 2023, THE HOUSE SUBSTITUTED SENATE BILL 7086 FOR HOUSE BILL 7013, AND RESET SENATE BILL 7086. ON AUGUST 28, 2023, THE HOUSE FURTHER CONSIDERED SENATE BILL 7086, ADOPTED AMENDMENT #2, AND PASSED SENATE BILL 7086, AS AMENDED. AMENDMENT #2 removes the changes made by Senate Amendment #1.",http://wapp.capitol.tn.gov/apps/BillInfo/default.aspx?BillNumber=SB7086&GA=113
SB7087,113th,2023_2024,SS1,HB7015,Johnson,,Lamberth,"AN ACT to amend Tennessee Code Annotated, Section 40-35-321, relative to persons arrested for the commission of a felony offense.","Criminal Procedure - As introduced, expands, from certain violent offenses to any felony offense, the offenses for which a person who has been arrested is required to have a biological specimen taken for the purpose of DNA analysis to determine identification characteristics specific to the person if probable cause exists for the arrest. - Amends TCA Section 40-35-321.","Increase State Expenditures - $2,783,000/FY23-24----- $3,604,000/FY24-25 and Subsequent Years-----Other Fiscal Impact – Increasing DNA sample testing will result in an increase in the total number of individuals incarcerated in state and local facilities as well as the length of time an individual is housed within a state or local facility. The extent and timing of any increases in state or local expenditures cannot reasonably be determined with any certainty but could be significant.",Abstract summarizes the bill.,http://wapp.capitol.tn.gov/apps/BillInfo/default.aspx?BillNumber=SB7087&GA=113
SB7088,113th,2023_2024,SS1,HB7041,Johnson,"Yager, Haile, Jackson, Massey, Powers",Lamberth,"AN ACT to amend Tennessee Code Annotated, Title 38, Chapter 6, relative to Tennessee bureau of investigation reports on the status of human trafficking.","Tennessee Bureau of Investigation - As enacted, requires the bureau to submit a report on child and human trafficking crimes and trends in this state, based upon data available to the bureau, as well as current programs and activities of the bureau's human trafficking unit, to the governor, the speaker of the house of representatives, and the speaker of the senate by December 1, 2023, and by each December 1 thereafter. - Amends TCA Title 38, Chapter 6.",NOT SIGNIFICANT,Abstract summarizes the bill.,http://wapp.capitol.tn.gov/apps/BillInfo/default.aspx?BillNumber=SB7088&GA=113
SB7089,113th,2023_2024,SS1,HB7070,Johnson,Watson,Lamberth,"AN ACT to make appropriations for the purpose of defraying the expenses of the state government for the fiscal years beginning July 1, 2023, in the administration, operation, and maintenance of the legislative, executive, and judicial branches of the various departments, institutions, offices, and agencies of the state; for certain state aid and obligations; for capital outlay, for the service of the public debt, for emergency and contingency; to repeal certain appropriations and any acts inconsistent herewith; to provide provisional continuing appropriations; and to establish certain provisions, limitations, and restrictions under which appropriations may be obligated and expended. This act makes appropriations for the purposes described above for the fiscal year beginning July 1, 2023.","Appropriations - As enacted, makes appropriations sufficient for the payment of any lawful expenses of the first extraordinary session of the 113th General Assembly; makes other appropriations related to such extraordinary session. -",Not Available,"ON AUGUST 23, 2023, THE SENATE ADOPTED AMENDMENT #1 AND PASSED SENATE BILL 7070, AS AMENDED. ON AUGUST 24, 2023, THE HOUSE SUBSTITUTED SENATE BILL 7089 FOR HOUSE BILL 7070, ADOPTED AMENDMENTS # 1, 2 AND 3, AND PASSED SENATE BILL 7089, AS AMENDED.",http://wapp.capitol.tn.gov/apps/BillInfo/default.aspx?BillNumber=SB7089&GA=113
SB7090,113th,2023_2024,SS1,HB7007,Johnson,,Lamberth,"AN ACT to amend Tennessee Code Annotated, Title 10, Chapter 7; Title 38; Title 39 and Title 40, relative to minor victims of violent crime.","Autopsies - As introduced, specifies that reports of county medical examiners and autopsy reports of victims of violent crime who are minors are not public documents; allows a parent or legal guardian of a minor victim of a violent crime to consent to the release of the report of the county medical examiner or autopsy report of the minor victim if the parent or legal guardian is not a suspect in the circumstances of the minor's death. - Amends TCA Title 10, Chapter 7; Title 38; Title 39 and Title 40.",NOT SIGNIFICANT,"Under present law, the reports of the county medical examiners, toxicological reports, and autopsy reports are generally public documents. Medical records of deceased persons, law enforcement investigative reports, and photographs, video and other images of deceased persons are not public records. Present law authorizes a court to order that parts of a report of a county medical examiner, toxicological report, or autopsy report to remain confidential if the release of such information may seriously impede or impair the investigation of a homicide or felony. This bill changes present law by designating as confidential the reports of county medical examiners and autopsy reports of victims of violent crime who are minors. Under this bill, such records may be released if: (1) The minor's parent or legal guardian is not a suspect in the circumstances of the minor's death and the parent or legal guardian consents to the release; or (2) A court orders the release of the report upon a showing of good cause. ON AUGUST 24, 2023, THE HOUSE ADOPTED AMENDMENT #1 AND PASSED HOUSE BILL 7007, AS AMENDED. AMENDMENT #1 rewrites this bill to change present law by designating as confidential the reports of county medical examiners and autopsy reports of a minor victim when the manner of death is deemed homicide. Under this bill, such records may be released if: (1) The minor's parent or legal guardian is not a suspect in the circumstances of the minor's death and the parent or legal guardian consents to the release; or (2) A court orders the release of the report upon a showing of good cause, which includes, but is not limited to, release of the records for the investigation of a potential wrongful conviction.",http://wapp.capitol.tn.gov/apps/BillInfo/default.aspx?BillNumber=SB7090&GA=113
SB7091,113th,2023_2024,SS1,HB7032,Reeves,,Sexton,"AN ACT to amend Tennessee Code Annotated, Title 8; Title 33; Title 56 and Title 71, relative to parity in coverage for mental health services.","Insurance, Health, Accident - As introduced, requires health insurance carriers, including TennCare providers, to provide mental health services and treatment to the same extent that the carriers and providers provide alcoholism and drug dependence services and treatment. - Amends TCA Title 8; Title 33; Title 56 and Title 71.",NOT SIGNIFICANT,"Generally, present law requires an individual or group health benefit plan issued by a health insurance carrier to provide coverage for mental health or alcoholism or drug dependency services in compliance with the federal Paul Wellstone and Pete Domenici Mental Health Parity and Addiction Equity Act. This bill makes such requirement applicable to TennCare. Present law specifies that the coverage mandate for mental health or alcoholism or drug dependency services does not prohibit an employee health benefit plan, or a plan issuer offering an individual or group health plan from utilizing managed care practices for the delivery of such services, as long as that for a utilization review or benefit determination for the treatment of alcoholism or drug dependence the clinical review criteria is the most recent Treatment Criteria for Addictive, Substance-Related, and Co-Occurring Conditions established by the American Society of Addiction Medicine or other evidence-based clinical guidelines, such as those referenced by the federal substance abuse and mental health services administration. Present law prohibits the use of other criteria during utilization review or benefit determination for treatment of substance use disorders. This bill adds that additional criteria used must ensure that benefit determination for the treatment of alcoholism or drug dependence remain in parity with benefit determination for the treatment of mental health disorders. Present law provides that the mandate to provide coverage for mental health services does not apply with respect to a group health plan if the application of the mandate to the plan results in an increase in the cost under the plan of more than one percent. This bill replaces such exception with a requirement that a health benefit plan issued by a health insurance carrier must provide coverage for mental health services and treatment to the same extent that the health benefit plan provides coverage for the treatment of alcoholism and drug dependence. This bill makes some changes to the department of commerce and insurance's reporting and educational requirements to reflect the requirement for parity in coverage for mental health services and alcoholism and drug dependency services. This bill removes a provision of present law that authorizes certain health insurance policies and plans to exclude coverage for psychiatric disorders, mental or nervous conditions, alcoholism, drug dependence, or the medical complication of mental illness or intellectual disability. Present law generally requires that every insurer that proposes to issue a group hospital policy or a group major medical policy in this state and every nonprofit hospital and medical service plan corporation that proposes to issue group hospital, medical or major medical service plan contracts that provide coverage for the insured or the subscriber, in the case of outpatient expenses at a community mental health center, make available certain benefits for the care and treatment of mental, emotional or nervous disorders, alcoholism, drug dependence or the medical complication of mental illness or intellectual disability. Present law requires that the benefits provided be subject to deductibles and coinsurance factors that are not less favorable than for physical illness generally, and in no event shall coverage be required to be made available for more than 30 outpatient visits per year. This bill instead requires that the benefits provided are subject to deductibles and coinsurance factors that are not less favorable than for physical illness or the treatment of alcoholism or substance abuse generally, and coverage is not required to be made available for more than the number of visits per year offered for the treatment of alcoholism or substance abuse. Present law requires that all group hospital and major medical policies, and all group hospital, medical and major medical service plans, that provide benefits for expenses of state residents arising from psychiatric disorders, mental or nervous conditions, alcoholism, drug dependence or medical complication of mental illness or intellectual disability, reimburse for these benefits, if any, when the benefits are provided at a facility that is: (1) With respect to outpatient benefit, a community mental health center, or (2) With respect to inpatient benefits, a community mental health center that has facilities for inpatient care and that has received a certificate of need from the Tennessee health facilities commission certifying the necessity of the facility if required by law. This bill adds a third category of facility, which is residential or other mental health treatment facility licensed under the Mental Health, Alcohol and Drug Abuse Prevention and/or Treatment, Intellectual and Developmental Disabilities, and Personal Support Services Licensure Law. This bill specifies that a group health plan issued by an entity regulated under the insurance laws of Tennessee does not have to provide mental health benefits unless the plan provides coverage for alcoholism and drug dependence. This bill specifies that a group health plan issued to a small employer (an employer having two-50 employees) by an entity regulated under the insurance laws of Tennessee, and which plan provides coverage for alcoholism and drug dependence, will not be exempt from providing mental health coverage in parity with coverage for alcoholism and drug dependence. ON AUGUST 28, 2023, THE HOUSE ADOPTED AMENDMENT #1 AND PASSED HOUSE BILL 7032, AS AMENDED. AMENDMENT #1 makes the following clarifications to this bill: (1) Clarifies that ""benefit determination,"" as used in this bill when talking about the additional criteria used to ensure that the benefit determination for the treatment of alcoholism or drug dependence remain in parity with the benefit determination for the treatment of mental health disorders, includes coverage and reimbursement; (2) Clarifies that the provision of the bill that requires a health benefit plan issued by a health insurance carrier to provide coverage for mental health services and treatment to the same extent that the health benefit plan provides coverage for the treatment of alcoholism and drug dependence also includes the provision of reimbursement; (3) Clarifies that the provision of this bill that makes changes to the department of commerce and insurance's reporting and educational requirements to reflect the requirement for parity in coverage for mental health services and alcoholism and drug dependency services must also reflect parity in the rates of reimbursement; (4) Clarifies that the provision of this bill that provides that coverage is not required to be made available for more than the number of visits per year offered for the treatment of alcoholism or substance abuse also applies to reimbursement; (5) Clarifies that the provision of this bill that specifies that a group health plan issued by a regulated entity does not have to provide mental health benefits unless the plan provides coverage for alcoholism and drug dependence, also requires the plan to provide reimbursement for alcoholism and drug dependence; and (6) Clarifies that the provision of this bill that specifies that a group health plan issued to a small employer (an employer having two-50 employees) by a regulated entity, and which plan provides coverage for alcoholism and drug dependence, will not be exempt from providing mental health coverage in parity with coverage for alcoholism and drug dependence, also requires reimbursement to remain in parity.",http://wapp.capitol.tn.gov/apps/BillInfo/default.aspx?BillNumber=SB7091&GA=113
SB7092,113th,2023_2024,SS1,HB7026,Reeves,,Zachary,"AN ACT to amend Tennessee Code Annotated, Title 16; Title 33; Title 34; Title 37; Title 38 and Title 39, relative to juveniles.","Courts, Juvenile - As introduced, requires a court that makes mental health adjudications regarding children to enter a standing and continuing order instructing the juvenile court clerk to collect and report certain information regarding children who have been adjudicated as a mental defective or judicially committed to a mental institution within three business days for the purposes of complying with federal law. - Amends TCA Title 16; Title 33; Title 34; Title 37; Title 38 and Title 39.","Increase State Expenditures – $10,000/FY23-24","This bill requires a court in which juvenile commitments to a mental institution are ordered, or juveniles are adjudicated as a mental defective, to enter a standing and continuing order instructing the juvenile court clerk to collect and report as soon as practicable, but no later than the third business day following the date of such an order or adjudication, information described below regarding children who have been adjudicated as a mental defective or judicially committed to a mental institution at 16 or older for the purposes of complying with certain federal law. This bill requires the following information to be collected and reported to the Federal Bureau of Investigation-NICS Indices and the department of safety: (1) Complete name and all aliases of the child judicially committed or adjudicated as a mental defective, including, but not limited to, any names that the child may have had or currently has by reason of marriage or otherwise; (2) Case or docket number of the judicial commitment or the adjudication as a mental defective; (3) Date judicial commitment ordered or adjudication as a mental defective was made; (4) Private or state hospital or treatment resource to which the child was judicially committed; (5) Date of birth of the child judicially committed or adjudicated as a mental defective, if such information has been provided to the clerk; (6) Race and sex of the child judicially committed or adjudicated as a mental defective; and (7) Social security number of the child judicially committed or adjudicated as a mental defective, if available. This bill clarifies that the information described above must be maintained as confidential and is not subject to public inspection pursuant to applicable statutes or regulations, except for such use as may be necessary in the conduct of certain proceedings pursuant to law concerning verification of criminal violation information, law concerning the sales of dangerous weapons, or law regarding the suspension or revocation of handgun permits. Additionally, information collected and reported to the Federal Bureau of Investigation-NICS Indices and the department of safety pursuant to subsection (b) must not be removed unless the individual receives relief from federal firearms disability under state or federal law. This bill prohibits an agency from providing to the Federal bureau of Investigation-NICS Indices, or any other national or local databases, records related to commitments to mental institutions or children adjudicated as a mental defective if the child was under 16 at the time of the commitment or adjudication. This bill requires a juvenile court to enter a standing and continuing order instructing the juvenile court clerk to notify the department of safety to update, correct, modify, or remove records following relief from firearm disabilities. The Tennessee bureau of investigation must notify and remove such records from the Federal Bureau of Investigation-NICS Indices.",http://wapp.capitol.tn.gov/apps/BillInfo/default.aspx?BillNumber=SB7092&GA=113
SB7093,113th,2023_2024,SS1,HB7053,Reeves,,Sparks,"AN ACT to amend Tennessee Code Annotated, Title 67, Chapter 6, relative to taxation of gun safes and gun safety devices.","Taxes - As introduced, permanently exempts from sales and use tax, the retail sale of gun safes and gun safety devices; removes the temporary sales tax holiday.  - Amends TCA Title 67, Chapter 6.","Decrease State Revenue – Net Impact - $1,150,700/FY23-24----- $1,534,200/FY24-25 and Subsequent Years----- ----- Decrease Local Revenue – Net Impact - $468,500/FY23-24----- $624,700/FY24-25 and Subsequent Years",Abstract summarizes the bill.,http://wapp.capitol.tn.gov/apps/BillInfo/default.aspx?BillNumber=SB7093&GA=113
SB7094,113th,2023_2024,SS1,HB7063,Reeves,,Rudd,"AN ACT to amend Tennessee Code Annotated, Title 8; Title 37; Title 38; Title 49 and Title 62, relative to school safety.","Local Education Agencies - As introduced, authorizes LEAs and public charter schools to employ retired law enforcement officers who are retired from a federal, state, or local law enforcement agency and honorably discharged veterans of the United States armed forces to serve as school resource officers on school premises; requires local boards of education and public charter school governing bodies to adopt policies to effectuate same. - Amends TCA Title 8; Title 37; Title 38; Title 49 and Title 62.","Other Fiscal Impact – To the extent that a school chooses to employ a retired law enforcement officer or an honorably discharged veteran as an SRO, a permissive increase in local expenditures of approximately $73,200 per SRO may occur. However, due to multiple unknown variables, a precise fiscal impact cannot be reasonably determined.","In order to serve as a school resource officer (""SRO""), present law requires that the person be a law enforcement officer who is in compliance with all laws, rules, and regulations of the POST commission, and who has been assigned to a school in accordance with a MOU between the chief of the appropriate law enforcement agency and the LEA. This bill adds authorization for LEAs and public charter schools to employ persons who meet either of the following qualifications as an SRO to provide security on school premises: (1) A retired law enforcement officer who is retired from a federal, state, or local law enforcement agency, and who has been assigned to a public school by the director of schools or by the director of the public charter school; or (2) An honorably discharged veteran of the U.S. armed forces who has been assigned to a public school by the director of schools or by the director of the public charter school. In order to be authorized to carry a firearm on school property, a person who is employed as an SRO under (1) or (2) must complete, at the person's own expense, the same amount of basic training in school policing as law enforcement officers who serve as SROs (40 hours). This bill requires LEAs and public charter school governing bodies that intend to employ an SRO under (1) or (2) to adopt a policy that outlines the duties, responsibilities, and authority of an SRO, including any limitations on the SRO's authority. Each policy must ensure compliance with all relevant privacy laws. This bill specifies that only SROs who are law enforcement officers operating under an MOU pursuant to present law will have the authority to receive certain confidential information concerning children who have been adjudicated delinquent, assist in the enforcement of court orders, and take a student into custody after witnessing the student violate a criminal statute. ON AUGUST 28, 2023, THE HOUSE ADOPTED AMENDMENTS # 1 AND 2, AND PASSED HOUSE BILL 7063, AS AMENDED. AMENDMENT #1 makes the following changes to this bill: (1) Adds a requirement that the Tennessee peace officer standards and training commission waive the requirement that a law enforcement officer be employed by a law enforcement agency in order to receive the basic training in school policing required for school resource officers (SROs) so that SROs who have been assigned to a public school by the director of schools or the director of the public charter school may receive the training; (2) Clarifies that the requirements in the ""Private Protective Services Licensing and Regulatory Act"" do not apply to an SRO; and (3) Clarifies that the authorization granted in this bill to LEAs and public charter schools to employ as an SRO to provide security on school premises persons who are law enforcement officers retired from a federal, state, or local law enforcement agency, and who have been assigned to a public school by the director of schools or by the director of the public charter school, only applies to those officers who are no more than seven years retired from service. AMENDMENT #2 adds to present law that a person employed by an LEA as a faculty or staff member at a school within the LEA, or a person assigned to a school in accordance with a MOU between the chief of the appropriate law enforcement agency and the LEA, may possess and carry a firearms on school property if the person: (1) Is an SRO; (2) Has written authorization of the chief of the appropriate law enforcement agency to carry or possess a concealed handgun on school grounds; (3) Is not prohibited from purchasing, possessing, or carrying a handgun, as determined by state and federal criminal history background checks; and (4) Have been certified by a Tennessee licensed healthcare provider, who is qualified in the psychiatric or psychological field and who contracts with the authorizing law enforcement agency, as being free from any impairment, as set forth in the current edition of the Diagnostic and Statistical Manual of Mental Disorders (DSM) of the American Psychiatric Association at the time of the examination, that would, in the professional judgment of the examiner, affect the person's ability to safely possess and carry a concealed handgun on the grounds of a school.",http://wapp.capitol.tn.gov/apps/BillInfo/default.aspx?BillNumber=SB7094&GA=113
SB7095,113th,2023_2024,SS1,HB7099,Campbell,,Freeman,"AN ACT to amend Tennessee Code Annotated, Title 33; Title 36; Title 38 and Title 39, relative to orders of protection.","Firearms and Ammunition - As introduced, allows a court to issue a risk protection order upon a finding by clear and convincing evidence that a person poses a significant danger of causing personal injury to the person or others if allowed to possess or purchase a firearm; authorizes a law enforcement officer to petition for the risk protection order. - Amends TCA Title 33; Title 36; Title 38 and Title 39.","Increase State Expenditures - $500,200/FY23-24----- $180,000/FY24-25 and Subsequent Years----- $119,700 Incarceration","This bill creates an action known as a petition for a risk protection order (""petition""). This bill authorizes a petition to be filed by a law enforcement officer or law enforcement agency (the ""petitioner""). This bill requires that the petition be filed in the county where the petitioner's law enforcement office is located, as applicable, or the county where the respondent resides. Additionally, a petition does not require either party to be represented by an attorney. This bill also clarifies that attorney fees must not be awarded in any proceeding concerning a petition. This bill requires a petition to do the following: (1) Allege that the respondent poses a significant danger of causing personal injury to the respondent's self or others by having a firearm or any ammunition in the respondent's custody or control or by purchasing, possessing, or receiving a firearm or any ammunition, and must be accompanied by an affidavit made under oath stating the specific statements, actions, or facts that give rise to a reasonable fear of significant dangerous acts by the respondent, including the respondent exhibiting suicidal or homicidal ideation; (2) Identify the quantities, types, and locations of all firearms and ammunition the petitioner believes to be in the respondent's current ownership, possession, custody, or control; (3) Identify whether there is a known existing protection order governing the respondent; and (4) Include a physical description of the respondent and the respondent's last known location. This bill requires the petitioner to make a good faith effort to provide notice to a family or household member of the respondent and to any known third party who may be at risk of violence. The notice must state that the petitioner intends to petition the court for a temporary mental health order of protection or has already done so and must include referrals to appropriate resources. The petitioner must attest in the petition to having provided such notice or must attest to the steps that will be taken to provide such notice. The petitioner must also list the address of record on the petition as being where the appropriate law enforcement agency is located. This bill prohibits a court or a public agency from charging fees for filing or for service of process to a petitioner seeking relief under this bill and must provide the necessary number of certified copies, forms, and instructional brochures free of charge. Additionally, a person is not required to post a bond to obtain relief in any proceeding concerning a petition. This bill places jurisdiction in the circuit courts of this state over proceedings concerning a petition. Upon receipt of a petition, the court must order a hearing to be held no later than 14 days after the date the petition is filed and must issue a notice of hearing to the respondent. This bill requires the court clerk to cause a copy of the notice of hearing and petition to be forwarded on or before the next business day to the appropriate law enforcement agency for service upon the respondent. The court must also order the respondent to undergo an assessment for suicidal or homicidal ideation. Upon notice and a hearing on the matter, if the court finds by clear and convincing evidence that the respondent poses a significant danger of causing personal injury to the respondent or others by having in the respondent's custody or control, or by purchasing, possessing, or receiving a firearm or any ammunition, then this bill requires the court to issue a temporary mental health order of protection (""risk protection order"") for an appropriate period of up to 180 days. In determining whether grounds for a risk protection order exist, this bill requires the court to consider the reported results of the ordered assessment for suicidal or homicidal ideation, and authorizes the court to consider any additional relevant evidence. A person, including an officer of the court, who offers evidence or recommendations relating to the petition must present the evidence or recommendations in writing to the court with copies to each party and the party's attorney, if retained, or present the evidence under oath at a hearing at which all parties are present. This bill provides that, during the hearing, the court must consider whether a mental health evaluation or substance abuse assessment is appropriate and may order such evaluations if appropriate.REQUIREMENTS OF A RISK PROTECTION ORDER This bill requires a risk protection order to include the following: (1) A statement of the grounds supporting the issuance of the order; (2) The date the order was issued; (3) The date the order ends; (4) Whether a mental health evaluation or substance abuse assessment of the respondent is required; (5) The address of the court in which any responsive pleading should be filed; (6) A description of the requirements for the surrender of all firearms and ammunition that the respondent owns; and (7) The following statement: To the subject of this protection order: This order will last until the date noted above. If you have not done so already, you must surrender immediately to the (insert name of local law enforcement agency) all firearms and ammunition that you own or have in your custody, control, or possession and any license to carry a handgun issued to you under Tennessee Code Annotated, § 39-17-1351 or § 39-17-1366. You may not have in your custody or control, or purchase, possess, receive, or attempt to purchase or receive, a firearm or ammunition while this order is in effect. You have the right to request a hearing to vacate this order, starting after the date of the issuance of this order, and to request another hearing after every extension of this order, if any. You may seek the advice of an attorney as to any matter connected with this order.DECISION TO ISSUE OR NOT ISSUE A RISK PROTECTION ORDER If the court issues a risk protection order, then this bill requires the court to inform the respondent that the respondent is entitled to request a hearing to vacate the order. The court must provide the respondent with a form to request a hearing to vacate. However, if the court denies the petitioner's request for a risk protection order, then the court must issue a written order stating the particular reasons for the denial.SERVICE BY SHERIFF This bill requires the court clerk to furnish a copy of the notice of hearing, assessment order, and petition, and risk protection order to the sheriff of the county where the respondent resides or can be found, who must then serve it upon the respondent as soon as possible. When requested by the sheriff, the court clerk may transmit a facsimile copy of a risk protection order that has been certified by the court clerk, and such copy may be served in the same manner as a certified copy. However, upon receiving a facsimile copy, the sheriff must verify receipt with the sender before attempting to serve it upon the respondent. The court clerk is responsible for furnishing to the sheriff information on the respondent's physical description and location. Service under these provisions takes precedence over the service of other documents, unless the other documents are of a similar emergency nature.SERVICE BY COURT CLERK This bill provides that all orders issued, changed, continued, extended, or vacated after the original service of documents must be certified by the court clerk and delivered to the parties at the time of the entry of the order. The parties may acknowledge receipt of such order in writing on the face of the original order. If a party fails or refuses to acknowledge the receipt of a certified copy of an order, then the clerk must note on the original order that service was effected. If delivery at the hearing is not possible, then the clerk must mail certified copies of the order to the parties at the last known address of each party. Service by mail is complete upon mailing. When an order is served pursuant to these provisions, then the clerk must prepare a written certification to be placed in the court file specifying the time, date, and method of service and must notify the sheriff.REQUEST TO VACATE A RISK PROTECTION ORDER This bill authorizes the respondent to submit one written request for a hearing to vacate a risk protection order, starting after the date of the issuance of the order, and to request another hearing after every extension of the order, if any. Upon receipt of the request for a hearing to vacate a risk protection order, the court must set a date for a hearing. Notice of the request and hearing must be served on the petitioner in accordance with the notice provisions described in the prior two paragraphs The hearing must occur no sooner than 14 days and no later than 30 days after the date of service of the request upon the petitioner. This bill places upon the respondent the burden of proving by clear and convincing evidence that the respondent does not pose a significant danger of causing personal injury to the respondent or others by having in the respondent's custody or control, purchasing, possessing, or receiving a firearm or ammunition. This bill authorizes the court to consider any relevant evidence. If the court finds after the hearing that the respondent has met the burden of proof, then the court must vacate the order. This bill requires the court clerk to notify the law enforcement agency holding any firearm or ammunition or handgun carry permit that has been surrendered of the court order to vacate the order. The court must also notify the petitioner of the impending end of a risk protection order. Notice must be received by the petitioner at least 30 days before the date the order ends.REQUEST OF EXTENSION OF RISK PROTECTION ORDER This bill authorizes the petitioner, by motion, to request an extension of a risk protection order at any time within 30 days before the end of the order. Upon receipt of the motion to extend, the court must order that a hearing be held no later than 14 days after receipt of the motion and must schedule such hearing. However, if the motion to extend is filed within 14 days of the date the risk protection order is due to expire, then the court must also order a temporary extension of the risk protection order to coincide with the date of the hearing. The respondent must be personally served in the same manner provided by the notice provisions described earlier. This bill authorizes the court to consider all relevant evidence in determining whether to extend a risk protection order. If the court finds by clear and convincing evidence that the requirements for issuance of a risk protection order continue to be met, then the court must extend the order. However, if, after notice to the respondent, the motion for extension is uncontested and no modification of the order is sought, then the order may be extended on the basis of a motion or affidavit stating that there has been no material change in relevant circumstances since entry of the order and stating the reason for the requested extension. The court may extend a risk protection order for a period that it deems appropriate, up to 180 days.SURRENDER OF FIREARMS Upon issuance of a risk protection order, this bill requires the court to order the respondent to surrender to the local law enforcement agency all firearms and ammunition owned by the respondent or in the respondent's custody, control, or possession, except as otherwise provided in this bill, and any handgun carry permit, held by the respondent. This bill requires the law enforcement officer serving a risk protection order to request that the respondent immediately surrender all firearms and ammunition owned by the respondent or in the respondent's custody, control, or possession and any handgun carry permit held by the respondent. The law enforcement officer must take possession of all firearms and ammunition owned by the respondent or in the respondent's custody, control, or possession and any handgun carry permit held by the respondent, which are surrendered. Alternatively, if personal service by a law enforcement officer is not possible or is not required because the respondent was present at the risk protection order hearing, then this bill requires the respondent to surrender any firearms and ammunition owned by the respondent or in the respondent's custody, control, or possession and any handgun carry permit, held by the respondent, in a safe manner to the control of the local law enforcement agency immediately after being served with the order by service or immediately after the hearing at which the respondent was present. This bill authorizes a law enforcement officer to seek a search warrant from a court of competent jurisdiction to conduct a search for firearms or ammunition owned or held by the respondent if the officer has probable cause to believe that there are firearms or ammunition in the respondent's custody, control, or possession that have not been surrendered. At the time of surrender, this bill requires the law enforcement officer taking possession of any firearm or ammunition, or any handgun carry permit, to issue a receipt identifying all firearms and the quantity and type of ammunition that have been surrendered, and any permit surrendered, and to provide a copy of the receipt to the respondent. Within 72 hours after service of the order, the law enforcement officer serving the order must file the original receipt with the court and ensure that the officer's law enforcement agency retains a copy of the receipt. Upon the sworn statement or testimony of any person alleging that the respondent has failed to comply with the surrender of firearms or ammunition as required by an order, this bill requires the court to determine whether probable cause exists to believe that the respondent has failed to surrender all firearms or ammunition owned by the respondent or in the respondent's custody, control, or possession. If the court finds that probable cause exists, then the court must issue a warrant describing the firearms or ammunition owned or possessed by the respondent and authorizing a search of the locations where the firearms or ammunition owned or possessed by the respondent are reasonably believed to be found and the seizure of any firearms or ammunition owned or possessed by the respondent discovered pursuant to the search. This bill provides that, if a person other than the respondent claims title to any firearms or ammunition surrendered pursuant to this bill and the person is determined by the law enforcement agency to be the lawful owner of the firearm or ammunition, then the firearm or ammunition must be returned to the person, if the following conditions exist: (1) The lawful owner agrees to store the firearm or ammunition in a manner such that the respondent does not have access to or control of the firearm or ammunition; and (2) The firearm or ammunition is not otherwise unlawfully possessed by the owner. Upon the issuance of a risk protection order, this bill requires the court to order a new hearing date and require the respondent to appear no later than three business days after the issuance of the order. At the hearing, the court must require proof that the respondent has surrendered any firearms or ammunition owned by the respondent or in the respondent's custody, control, or possession. However, the court may cancel the hearing upon a satisfactory showing that the respondent is in compliance with the order. This bill requires all law enforcement agencies to develop policies and procedures regarding the acceptance, storage, and return of firearms, ammunition, or licenses required to be surrendered under this bill.RETURN OF FIREARMS, AMMUNITION, AND PERMITS This bill provides that, if a risk protection order is vacated or ends without extension, then a law enforcement agency holding a firearm or any ammunition or any handgun carry permit, held by the respondent, that has been surrendered or seized pursuant to a risk protection order must return the items, as requested by a respondent only after confirming through a background check that the respondent is currently eligible to own or possess the items under federal and state law and after confirming with the court that the risk protection order has been vacated or has ended without extension. This bill further provides that, if a risk protection order of protection is vacated or ends without extension, then the department of safety, if the department has suspended a handgun carry permit pursuant to the entry of a risk protection order, must reinstate the permit only after confirming that the respondent is currently eligible to have a handgun carry permit. This bill requires a law enforcement agency to provide notice to any family or household members of the respondent before returning any surrendered items. Any surrendered items that remain unclaimed by the lawful owner for one year after the order to vacate the risk protection order must be disposed of pursuant to current law relative to disposing of such items.SURRENDER OF FIREARMS AND AMMUNITION THROUGH TRANSFER This bill authorizes a respondent to elect to transfer all firearms and ammunition owned by the respondent that have been surrendered to or seized by a local law enforcement agency pursuant to the risk protection order to another person who is willing to receive the items. This bill requires the law enforcement agency to allow such a transfer only if it is determined that the chosen recipient meets the following criteria: (1) Currently is eligible to own or possess the items under federal and state law after confirmation through a background check; (2) Attests to storing the items in a manner such that the respondent does not have access to or control of the items until the risk protection order is vacated or ends without extension; and (3) Attests not to transfer the items back to the respondent until the risk protection order against the respondent is vacated or ends without extension.ENTERING AND REMOVING ORDER IN DATABASES Within 24 hours after issuance of an order, this bill requires the court clerk to enter any risk protection order into the uniform case reporting system. During that same time period, the court clerk must also forward a copy of an order to the appropriate law enforcement agency specified in the order. Upon receipt of the copy of the order, the law enforcement agency must enter the order into the national crime information center and similar state databases. The order must remain in each system for the period stated in the order, and the law enforcement agency may only remove an order from the systems that has ended or has been vacated. Entry of the order into the national crime information center and similar state databases constitutes notice to all law enforcement agencies of the existence of the order. The order is fully enforceable in any county in this state. This bill requires the issuing court, within three business days after issuance of a risk protection order, to forward all available identifying information concerning the respondent, along with the date of order issuance, to the department of safety. Upon receipt of the information, the department must determine if the respondent has a handgun carry permit. If the respondent does have a handgun carry permit, then the department must immediately suspend the permit. This bill provides that, if a risk protection order is vacated before its end date, then the court clerk, on the day of the order to vacate, must forward a copy of the order to the department of safety and the appropriate law enforcement agency specified in the order to vacate. Upon receipt of the order, the law enforcement agency must promptly remove the order from any computer-based system in which it was entered.ADDITIONAL OFFENSES This bill provides that a person who makes a false statement under oath in a hearing held pursuant to this bill in regard to any material matter commits perjury. Additionally, a person who has in the person's custody or control a firearm or any ammunition or who purchases, possesses, or receives a firearm or any ammunition with knowledge that the person is prohibited from doing so by an order commits a Class E felony.PROTECTION FROM LIABILITY Except as otherwise specified above, this bill clarifies that there is no criminal or civil liability on any person or entity for acts or omissions related to obtaining a risk protection order, including, but not limited to, providing notice to the petitioner, a family or household member of the respondent, and any known third party who may be at risk of violence or failure to provide such notice, or reporting, declining to report, investigating, declining to investigate, filing, or declining to file, a petition.INSTRUCTIONS, INFORMATIONAL BROCHURES, AND STANDARD FORMS This bill requires the AOC to develop and prepare instructions and informational brochures, standard petitions and risk protection order forms, and a court staff handbook on the risk protection order process. The standard petition and order forms must be used after January 1, 2024, for all petitions filed and orders issued pursuant to § 39-17-1367. The instructions, brochures, forms, and handbook must be prepared in consultation with interested persons, including clerks, judges, and law enforcement personnel. Materials must be based on best practices and must be available online to the public. This bill requires the instructions to be designed to assist petitioners in completing the petition and must include a sample of a standard petition and order for protection forms. The instructions and standard petition must include a means for the petitioner to identify the firearms or ammunition the respondent may own, possess, receive, or have in the respondent's custody or control. The instructions must provide pictures of types of firearms and ammunition that the petitioner may choose from to identify the relevant firearms or ammunition, or must provide an equivalent means to allow petitioners to identify firearms or ammunition without requiring specific or technical knowledge regarding the firearms or ammunition. This bill requires the informational brochure to describe the use of and the process for obtaining, extending, and vacating a risk protection order and must provide relevant forms. This bill requires the risk protection order form to include, in a conspicuous location, notice of criminal penalties resulting from violation of the order and the following statement: ""You have the sole responsibility to avoid or refrain from violating this order's provisions. Only the court can change the order and only upon written request."". This bill authorizes a court clerk to create a community resource list of crisis intervention, mental health, substance abuse, interpreter, counseling, and other relevant resources serving the county in which the court is located. The court may make the community resource list available as part of or in addition to the informational brochures. This bill requires the AOC to distribute a master copy of the petition and order forms, instructions, and informational brochures to the clerks of court. Distribution of all documents must, at a minimum, be in an electronic format or formats accessible to all courts and clerks of court in the state. Within 90 days after receipt of the master copy from the AOC, this bill requires the court clerk to make available the standardized forms, instructions, and informational brochures. The AOC must update the instructions, brochures, standard petition and temporary mental health order of protection forms, and court staff handbook as necessary, including when changes in the law make an update necessary.",http://wapp.capitol.tn.gov/apps/BillInfo/default.aspx?BillNumber=SB7095&GA=113
SB7096,113th,2023_2024,SS1,HB7103,Massey,,Carringer,"AN ACT to amend Tennessee Code Annotated, Title 8; Title 56 and Title 71, relative to coverage of mental health services.","Mental Health & Substance Abuse Services, Dept. of - As introduced, requires TennCare to ensure certain reimbursement rates, expand access to providers, and prohibit quantitative benefit limits for mental health services. - Amends TCA Title 8; Title 56 and Title 71.",Not Available,"This bill requires the bureau of TennCare to do the following: (1) Require that each group health insurance contract, or group hospital or medical expense insurance policy, plan, or group policy delivered, issued for delivery, amended, or renewed in this state by an MCO on or after the effective date of this bill to not include quantitative treatment limitations for mental health services; (2) Reimburse an in-network or contract provider for covered mental health services provided to an enrollee at a rate not less than 180 percent of the federal centers for medicare and medicaid services medicare program's allowable charge for participating providers that is in effect at the time the service is provided; and (3) Allow an enrollee to access an out-of-network or non-contract provider for covered mental health services and reimburse such provider at a rate not less than 100 percent of the CMS medicare program's allowable charge for participating providers that is in effect at the time the service is provided. However, a provider reimbursed pursuant to this (3) must not bill an enrollee for an amount above the allowed amount.APPLICABILITY This bill applies only to contracts or policies entered into, amended, or renewed on or after the effective date of this bill.",http://wapp.capitol.tn.gov/apps/BillInfo/default.aspx?BillNumber=SB7096&GA=113
SB7097,113th,2023_2024,SS1,HB7104,Massey,,Carringer,"AN ACT to amend Tennessee Code Annotated, Title 8; Title 56 and Title 71, relative to coverage of behavioral health services.","Health Care - As introduced, requires TennCare to ensure certain reimbursement rates, expand access to providers, and prohibit quantitative benefit limits for behavioral health services. - Amends TCA Title 8; Title 56 and Title 71.","Increase State Expenditures - $350,346,800/FY24-25 and Subsequent Years -----Increase Federal Expenditures - $664,709,900/FY24-25 and Subsequent Years-","This bill requires the bureau of TennCare to do the following: (1) Require that each group health insurance contract, or group hospital or medical expense insurance policy, plan, or group policy delivered, issued for delivery, amended, or renewed in this state by an MCO on or after the date that this bill becomes a law not include limits on the scope or duration of a benefit that are expressed numerically (""quantitative treatment limitations"") for behavioral health services; (2) Reimburse an in-network or contract provider for covered behavioral health services provided to an enrollee at a rate not less than 180 percent of the federal centers for medicare and medicaid services (CMS) medicare program's allowable charge for participating providers that is in effect at the time the service is provided; and (3) Allow an enrollee to access an out-of-network or non-contract provider for covered behavioral health services and reimburse such provider at a rate not less than 100 percent of the CMS medicare program's allowable charge for participating providers that is in effect at the time the service is provided. A provider reimbursed pursuant to this (3) is prohibited from billing an enrollee for an amount above the allowed amount.",http://wapp.capitol.tn.gov/apps/BillInfo/default.aspx?BillNumber=SB7097&GA=113
SB7098,113th,2023_2024,SS1,,Yarbro,,,"AN ACT to amend Tennessee Code Annotated, Title 33, Chapter 3 and Title 49, Chapter 6, relative to school safety.","Safety - As introduced, enacts the ""School Safety Protection Order Act of 2023."" - Amends TCA Title 33, Chapter 3 and Title 49, Chapter 6.",Not Available,"This bill enacts the ""School Safety Protection Order Act of 2023"" to do the following: (1) Requires that, if a person who is receiving service, has applied for service, or for whom someone has applied for or proposed service because the person has mental illness, serious emotional disturbance, or a developmental disability (a ""service recipient"") communicates a threat of violence or potential violence against a student, teacher, or school to a qualified health professional, and the professional, using the reasonable skill, knowledge, and care ordinarily possessed and exercised by such professionals under similar circumstances, has determined, or reasonably should have determined, that the service recipient has the apparent ability to carry out the school safety threat unless prevented from doing so, the professional must take reasonable care to predict, warn, or take other precautions to protect students, teachers, or schools from violent conduct by the service recipient. This bill requires the professional to, when warranted in the professional's opinion, report the school safety threat to the appropriate LEA's threat assessment team, or to an equivalent threat assessment team if the school safety threat concerns a charter school or private school. Any such report will be confidential to the same extent as other confidential information that is provided to a threat assessment team under present law; (2) Authorizes private schools and public charter schools to adopt policies governing their participation in LEA threat assessment teams and authorizes safety officials for such institutions to work in conjunction with an LEA's threat assessment team. Any such officials are subject to the statutory requirements for participation in a threat assessment team and applicable LEA policies; (3) Creates a process for school safety protection orders whereby an LEA threat assessment team that determines that a person is engaged in threatening or dangerous behavior that constitutes a significant threat to the safety of students within the LEA will be required to report the threat to local law enforcement so that a law enforcement officer or law enforcement agency petition in circuit or juvenile court, as applicable, for an order of protection for a duration of up to 12 months, order must be based on clear and convincing evidence that the respondent poses a significant danger of causing personal injury to the respondent or others by having in the respondent's custody or control, or by purchasing, possessing, or receiving, a firearm or any ammunition. The full text of this bill specifies various procedural requirements for a hearing on a petition for a school safety protection order; (4) Authorizes courts to issue a temporary ex parte school safety protection order pending the hearing for an order authorized under (3) and without notice to the respondent by including in the petition detailed allegations based on personal knowledge that the respondent poses a significant danger of causing personal injury to the respondent's self or others in the near future by having in the respondent's custody or control, or by purchasing, possessing, or receiving, a firearm or ammunition. The standard for issuance of an ex parte school safety protection order will be reasonable cause to believe that the respondent poses a significant danger of causing personal injury to the respondent's self or others in the near future by having in the respondent's custody or control, or by purchasing, possessing, or receiving a firearm or ammunition, then the court shall issue a temporary ex parte school safety protection order; (5) Upon issuance of an order under (3) or (4), the respondent will be required to surrender any firearm or ammunition that the person owns to law enforcement and will be prohibited from purchasing, possessing, or receiving a firearm or ammunition until the order is vacated or expires. The full text of this bill specifies how the dispossession process will operate and the processes for vacating or renewing an order and the process for returning a respondent's firearms upon vacation or renewal of an order; (6) Extend immunity from criminal or civil liability on any person or entity for acts or omissions related to obtaining a school safety protection order or temporary ex parte school safety protection order, including, but not limited to, providing notice to the petitioner, a family or household member of the respondent, and any known third party who may be at risk of violence or failure to provide such notice, or reporting, declining to report, investigating, declining to investigate, filing, or declining to file, a petition for an order; and (7) Authorizes LEA threat assessment teams to report certain otherwise confidential information related to an adult to law enforcement for purposes of seeking a school safety protection order; provided, that such disclosure must comply with all relevant privacy laws.",http://wapp.capitol.tn.gov/apps/BillInfo/default.aspx?BillNumber=SB7098&GA=113
SB7099,113th,2023_2024,SS1,HB7107,Akbari,,Pearson,"AN ACT to amend Tennessee Code Annotated, Title 33; Title 46; Title 49 and Title 67, relative to the use of sales tax proceeds for mental health resources and services.","Taxes, Sales - As introduced, allocates sales tax proceeds collected on firearms, ammunition, and firearm accessories to a mental health resources account  for local governments and nonprofit organizations to provide mental health resources or services within this state. - Amends TCA Title 33; Title 46; Title 49 and Title 67.",Not Available,"This bill creates within the state treasury a ""mental health resources account,"" and requires that 100 percent of the sales tax proceeds collected on firearms, ammunition, and firearm accessories be deposited by the commissioner of revenue into that new account. This bill provides that amounts remaining in the account at the end of each fiscal year do not revert to the general fund, but must remain in the account. This bill requires the state treasurer to allocate grants from the account to local governments and nonprofit organizations to be used for providing mental health resources or services within this state. A local government or nonprofit organization must submit an application, by May 1 of each year, to the state treasurer to receive such a grant. However, if the number of applications received exceeds the amount in the account, then the state treasurer must create and implement guidelines on grant preferences.",http://wapp.capitol.tn.gov/apps/BillInfo/default.aspx?BillNumber=SB7099&GA=113
SB7100,113th,2023_2024,SS1,,Akbari,,,"AN ACT to amend Tennessee Code Annotated, Title 39, relative to the safe storage of firearms.","Firearms and Ammunition - As introduced, encourages the owner of a firearm, or a person authorized to use the firearm, to report theft or loss of the firearm to law enforcement within 24 hours of discovering the theft or loss. - Amends TCA Title 39.",Not Available,Abstract summarizes the bill.,http://wapp.capitol.tn.gov/apps/BillInfo/default.aspx?BillNumber=SB7100&GA=113
SB7101,113th,2023_2024,SS1,HB7106,Akbari,,Pearson,"AN ACT to amend Tennessee Code Annotated, Title 38 and Title 39, relative to the safe storage of firearms.","Safety - As introduced, encourages that a firearm be secured in a locked container, unloaded, and separate from ammunition so as to render the firearm inoperable by any person other than the owner or another lawfully authorized user except when the firearm is carried by or under the control of the owner or other lawfully authorized user. - Amends TCA Title 38 and Title 39.",NOT SIGNIFICANT,Abstract summarizes the bill.,http://wapp.capitol.tn.gov/apps/BillInfo/default.aspx?BillNumber=SB7101&GA=113
SB7102,113th,2023_2024,SS1,,Akbari,,,"AN ACT to amend Tennessee Code Annotated, Title 4; Title 33 and Title 71, relative to expanding Medicaid to provide mental health services.","TennCare - As introduced, authorizes the governor to expand medicaid for mental health prevention and treatment pursuant to the federal Patient Protection and Affordable Care Act; authorizes the governor to negotiate with the federal centers for medicare and medicaid services to determine the terms of the expansion. - Amends TCA Title 4; Title 33 and Title 71.",Not Available,"Present law prohibits the governor from making any decision or obligating the state with regard to the expansion of optional enrollment in medicaid pursuant to the Patient Protection and Affordable Care Act, unless authorized by joint resolution of the general assembly. This bill adds an exception to present law by authorizing the governor to do the following: (1) Expand medicaid eligibility based on age, income, or other appropriate demographic factors solely for mental health prevention and treatment in accordance with the federal Patient Protection and Affordable Care Act; and (2) Negotiate with the centers for medicare and medicaid services with respect to the terms of medicaid expansion.",http://wapp.capitol.tn.gov/apps/BillInfo/default.aspx?BillNumber=SB7102&GA=113
SB7103,113th,2023_2024,SS1,,Oliver,,,"AN ACT to amend Tennessee Code Annotated, Title 39, Chapter 17, relative to safe storage of firearms.","Firearms and Ammunition - As introduced, states that a person is urged not to leave or store a firearm or firearm ammunition in an unattended motor vehicle unless the firearm or firearm ammunition is kept from ordinary observation and locked within the trunk, glove box, interior of the person's motor vehicle, or a container securely affixed to the motor vehicle. - Amends TCA Title 39, Chapter 17.",Not Available,Abstract summarizes the bill.,http://wapp.capitol.tn.gov/apps/BillInfo/default.aspx?BillNumber=SB7103&GA=113
SB7104,113th,2023_2024,SS1,HB7110,Akbari,,Pearson,"AN ACT to amend Tennessee Code Annotated, Title 33 and Title 68, relative to mental health.","Mental Health & Substance Abuse Services, Dept. of - As introduced, directs the department to develop and implement, in consultation with the department of health and the department of safety, a public awareness campaign on mental health and gun storage; requires the department to make campaign materials available to the public for free on its website during calendar years 2024 and 2025; authorizes county health departments to develop a public awareness campaign on mental health and gun storage. - Amends TCA Title 33 and Title 68.","Increase State Expenditures - Exceeds $10,000/Each FY23-24 and FY24-25",Abstract summarizes the bill.,http://wapp.capitol.tn.gov/apps/BillInfo/default.aspx?BillNumber=SB7104&GA=113
SB7105,113th,2023_2024,SS1,HB7045,Akbari,,Hardaway,"AN ACT to amend Tennessee Code Annotated, Title 37; Title 39; Title 40 and Chapter 363 of the Public Acts of 2023, relative to juvenile justice.","Juvenile Offenders - As introduced, establishes a pilot program under which a juvenile court may retain jurisdiction over a child until the child's twenty-fifth birthday and impose a sentence upon the child that could be imposed if the offense was committed by an adult; requires any portion of the disposition imposed that extends prior to the child's twenty-fifth birthday to be stayed pending completion of requirements set forth by the court at the time of disposition. - Amends TCA Title 37; Title 39; Title 40 and Chapter 363 of the Public Acts of 2023.","Other Fiscal Impact – Due to multiple unknown factors, the extent and timing of any permissive increase in local expenditures or decrease in state incarceration expenditures cannot reasonably be determined.","This bill establishes a pilot program that will authorize a juvenile court to retain jurisdiction over certain delinquent children until their 25th birthday, in certain circumstances. Under this bill, if a child is found delinquent or pleads guilty to an offense that qualifies for transfer to an adult court, the juvenile court may retain jurisdiction over the child until the child's 25th birthday and order the child to participate in the pilot program established by this bill. Under the pilot program, the court may impose a sentence upon the child that could be imposed if the offense was committed by an adult, but may not commit the child to the custody of the department of children’s services or place the child on probation under the supervision of the department of children’s services. Any portion of the disposition imposed that extends prior to the child's 25th birthday must be stayed pending completion of requirements set forth by the court at the time of disposition. This bill further permits that at any time prior to the child's 25th birthday, a petition may be filed requesting the court find that the child has completed all requirements under the original disposition order and that the child be placed or released in a manner consistent with this bill. The request must make specific recommendations with respect to the child's placement. If, on review of the record, the court is of the opinion that the request is well-taken and the district attorney general has no objection, then the judge may order the release or placement without a hearing. Otherwise, the court will schedule a hearing at which the department, the juvenile offender, the victim, and the state must be given an opportunity to be heard in support or opposition of a proposed placement or release. Each party may subpoena witnesses to testify on an issue raised by the proposed placement or release. The court may ensure that orders pertaining to continued commitment, home placement, probation, or release as the court determines, are justified by the proof produced at the hearing. Within 30 days of the child's 25th birthday, the court will hold a hearing to determine the child's status. At that hearing, the court must make one of the following determinations: (1) That the child must be released on the child's 25th birthday with no other conditions; (2) That the child must be released and placed on probation; or (3) That the child must serve any remainder of the sentence as ordered by the court. The pilot program must be implemented in a county in which an authorizing resolution is approved by the county legislative body by two-thirds majority and must be paid for by local or grant funding. A county that approves the pilot program must submit a yearly report to the chairs of the judiciary committee of the senate and the criminal justice committee of the house detailing the number of persons sentenced pursuant to the pilot program, the cost of implementing the program, and other relevant information with regard to the pilot program.",http://wapp.capitol.tn.gov/apps/BillInfo/default.aspx?BillNumber=SB7105&GA=113
SB7106,113th,2023_2024,SS1,HB7078,Akbari,,Hardaway,"AN ACT to amend Tennessee Code Annotated, Title 39, relative to stalking offenses.","Sentencing - As introduced, requires a sentencing court to order a defendant convicted of stalking, aggravated stalking, or especially aggravated stalking to carry or wear a global positioning monitoring system device and, unless the defendant is indigent, pay the costs associated with operating that system in relation to the defendant for a period of at least one year. - Amends TCA Title 39.",Not Available,Abstract summarizes the bill.,http://wapp.capitol.tn.gov/apps/BillInfo/default.aspx?BillNumber=SB7106&GA=113
SB7107,113th,2023_2024,SS1,HB7077,Akbari,,Hardaway,"AN ACT to amend Tennessee Code Annotated, Title 49 and Chapter 367 of the Public Acts of 2023, relative to a law enforcement agency's access to security systems.","Local Education Agencies - As introduced, specifies that an LEA must provide a responding law enforcement agency with immediate access to the LEA's security systems during a drill or in an emergency situation. - Amends TCA Title 49 and Chapter 367 of the Public Acts of 2023.",NOT SIGNIFICANT,Abstract summarizes the bill.,http://wapp.capitol.tn.gov/apps/BillInfo/default.aspx?BillNumber=SB7107&GA=113
SB7108,113th,2023_2024,SS1,HB7057,Akbari,,Hardaway,"AN ACT to amend Tennessee Code Annotated, Title 37, Chapter 1, Part 1, relative to a blended sentencing pilot project.","Sentencing - As introduced, creates an alternative sentencing pilot program for children adjudicated delinquent who are under 25. - Amends TCA Title 37, Chapter 1, Part 1.","Other Fiscal Impact – Due to multiple unknown factors, the extent and timing of any permissive increase in local expenditures or decrease in state incarceration expenditures cannot reasonably be determined.","This bill establishes a pilot program that will authorize a juvenile court to retain jurisdiction over certain delinquent children until their 25th birthday, in certain circumstances. Under this bill, if a child is found delinquent or pleads guilty to an offense that qualifies for transfer to an adult court, the juvenile court may retain jurisdiction over the child until the child's 25th birthday and order the child to participate in the pilot program established by this bill. Under the pilot program, the court may impose a sentence upon the child that could be imposed if the offense was committed by an adult, but may not commit the child to the custody of the department of children’s services or place the child on probation under the supervision of the department of children’s services. Any portion of the disposition imposed that extends prior to the child's 25th birthday must be stayed pending completion of requirements set forth by the court at the time of disposition. This bill further authorizes, any time prior to the child's 25th birthday, the filing of a petition requesting the court find that the child has completed all requirements under the original disposition order and that the child be placed or released in a manner consistent with this bill. The request must make specific recommendations with respect to the child's placement. If, on review of the record, the court is of the opinion that the request is well-taken and the district attorney general has no objection, then the judge may order the release or placement without a hearing. Otherwise, the court will schedule a hearing at which the department of children's services, the juvenile offender, the victim, and the state must be given an opportunity to be heard in support or opposition of a proposed placement or release. Within 30 days before a child's 25th birthday, this bill requires the court to hold a hearing to determine the status of the child who is participating in the pilot program. At that hearing the court must make one of the following determinations: (1) That the child must be released on the child's 25th birthday with no other conditions; (2) That the child must be released and placed on probation; or (3) That the child must serve any remainder of the sentence as ordered by the court. The pilot program must be implemented in a county in which an authorizing resolution is approved by the county legislative body by two-thirds majority and must be paid for by local or grant funding. A county that approves the pilot program must submit an annual report concerning the pilot program to the chairs of the judiciary committee of the senate and the criminal justice committee of the house of representatives.",http://wapp.capitol.tn.gov/apps/BillInfo/default.aspx?BillNumber=SB7108&GA=113
SB7109,113th,2023_2024,SS1,HB7046,Akbari,,Hardaway,"AN ACT to amend Tennessee Code Annotated, Title 37; Title 39; Title 40; Chapter 264 of the Public Acts of 2023 and Chapter 363 of the Public Acts of 2023, relative to blended sentencing.","Juvenile Offenders - As introduced, creates a pilot program under which a juvenile court may retain jurisdiction over the child who was adjudicated delinquent for an offense that was eligible to be transferred to criminal court; allows the court to impose a sentence upon the child that could be imposed if the offense was committed by an adult, but any portion of the disposition imposed that extends prior to the child's twenty-fifth birthday must be stayed pending completion of requirements set forth by the court at the time of disposition. - Amends TCA Title 37; Title 39; Title 40; Chapter 264 of the Public Acts of 2023 and Chapter 363 of the Public Acts of 2023.",Not Available,"This bill establishes a pilot program that will authorize a juvenile court to retain jurisdiction over certain delinquent children until their 25th birthday, in certain circumstances. Under this bill, if a child is found delinquent or pleads guilty to an offense that qualifies for transfer to an adult court, in a county in which the pilot program established by this bill is established, then the juvenile court may retain jurisdiction over the child until the child's 25th birthday and order the child to participate in the pilot program established by this bill. Under the pilot program, the court may impose a sentence upon the child that could be imposed if the offense was committed by an adult, but may not commit the child to the custody of the department of children’s services or place the child on probation under the supervision of the department of children’s services. Any portion of the disposition imposed that extends prior to the child's 25th birthday must be stayed pending completion of requirements set forth by the court at the time of disposition. This bill further permits that at any time prior to the child's 25th birthday, a petition may be filed requesting the court find that the child has completed all requirements under the original disposition order and that the child be placed or released. The request must make specific recommendations with respect to the child's placement. If, on review of the record, the court is of the opinion that the request is well-taken and the district attorney general has no objection, then the court may order the release or placement without a hearing. Otherwise, the court will schedule a hearing at which the department, the juvenile offender, the victim, and the state must be given an opportunity to be heard in support of or opposition to a proposed placement or release. Each party may subpoena witnesses to testify on an issue raised by the proposed placement or release. The court may ensure that orders pertaining to continued commitment, home placement, probation, or release as the court determines, are justified by the proof produced at the hearing. The pilot program must be implemented in a county in which an authorizing resolution is approved by the county legislative body by two-thirds majority and must be paid for by local or grant funding. A county that approves the pilot program must submit a yearly report to the chairs of the judiciary committee of the senate and the criminal justice committee of the house detailing the number of persons sentenced pursuant to the pilot program, the cost of implementing the program, and other relevant information with regard to the pilot program.",http://wapp.capitol.tn.gov/apps/BillInfo/default.aspx?BillNumber=SB7109&GA=113
HJR7001,113th,2023_2024,SS1,,Hawk,"Crawford, Reedy, Todd",Senate CoSponsors:,"A RESOLUTION to honor and congratulate Lieutenant Colonel Herbert W. ""Bill"" Powley upon his induction into the Flight Instructor Hall of Fame.","Memorials, Professional Achievement - Lt. Col. Herbert W. ""Bill"" Powley, Flight Instructor Hall of Fame -",Not Available,Abstract summarizes the bill.,http://wapp.capitol.tn.gov/apps/BillInfo/default.aspx?BillNumber=HJR7001&GA=113
HJR7002,113th,2023_2024,SS1,,Moon,"Russell, Todd",Senate CoSponsors:,A RESOLUTION to recognize Piney Grove Missionary Baptist Church on the occasion of its 150th anniversary.,"Memorials, Recognition - Piney Grove Missionary Baptist Church, 150th anniversary -",Not Available,Abstract summarizes the bill.,http://wapp.capitol.tn.gov/apps/BillInfo/default.aspx?BillNumber=HJR7002&GA=113
HJR7003,113th,2023_2024,SS1,,Moon,"Crawford, Todd",Senate CoSponsors:,A RESOLUTION to celebrate the 200th anniversary of New Providence Lodge #48 Free and Accepted Masons and 200 years of Masonic influence in Blount County.,"Memorials, Recognition - 200 years of Masonic influence in Blount County -",Not Available,Abstract summarizes the bill.,http://wapp.capitol.tn.gov/apps/BillInfo/default.aspx?BillNumber=HJR7003&GA=113
HJR7004,113th,2023_2024,SS1,,Moon,"Rudd, Todd",Senate CoSponsors:,A RESOLUTION to honor the memory of Rodger Dale Weakley of Maryville.,"Memorials, Death - Rodger Dale Weakley -",Not Available,Abstract summarizes the bill.,http://wapp.capitol.tn.gov/apps/BillInfo/default.aspx?BillNumber=HJR7004&GA=113
HJR7005,113th,2023_2024,SS1,,Moon,"Crawford, Todd",Senate CoSponsors:,"A RESOLUTION to congratulate Judge H. Allen Bray, recipient of the Sharon G. Lee Judicial Award of Excellence.","Memorials, Recognition - Judge H. Allen Bray -",Not Available,Abstract summarizes the bill.,http://wapp.capitol.tn.gov/apps/BillInfo/default.aspx?BillNumber=HJR7005&GA=113
HJR7006,113th,2023_2024,SS1,,Lamberth,"Garrett, Slater, Fritts, Reedy, Todd",Senate CoSponsors:,A RESOLUTION to congratulate the School Resource Officers Division of the Sumner County Sheriff's Office upon its receipt of the Model Agency Award from the National Association of School Resource Officers.,"Memorials, Recognition - SRO Division of the Sumner County Sheriff’s Office, NASRO Model Agency Award -",Not Available,Abstract summarizes the bill.,http://wapp.capitol.tn.gov/apps/BillInfo/default.aspx?BillNumber=HJR7006&GA=113
HJR7007,113th,2023_2024,SS1,,Johnson C,"Reedy, McCalmon, Vital, Todd",Senate CoSponsors:,A RESOLUTION to commemorate Constitution Day.,"Memorials, Recognition - Constitution Day -",Not Available,Abstract summarizes the bill.,http://wapp.capitol.tn.gov/apps/BillInfo/default.aspx?BillNumber=HJR7007&GA=113
HJR7008,113th,2023_2024,SS1,,Keisling,Todd,Senate CoSponsors:,"A RESOLUTION to congratulate Ella McLerran, statewide winner of the Collegiate Discussion Meet at the Tennessee Farm Bureau Young Farmers & Ranchers Summer Conference.","Memorials, Recognition - Ella McLerran, Collegiate Discussion Meet statewide winner -",Not Available,Abstract summarizes the bill.,http://wapp.capitol.tn.gov/apps/BillInfo/default.aspx?BillNumber=HJR7008&GA=113
HJR7009,113th,2023_2024,SS1,,Keisling,"Fritts, Todd",Senate CoSponsors:,A RESOLUTION to honor Matthew Russell of the Tennessee Highway Patrol upon his promotion to sergeant in the Cookeville district.,"Memorials, Recognition - Sergeant Matthew Russell -",Not Available,Abstract summarizes the bill.,http://wapp.capitol.tn.gov/apps/BillInfo/default.aspx?BillNumber=HJR7009&GA=113
HJR7010,113th,2023_2024,SS1,,Baum,"Rudd, Todd",Senate CoSponsors:,A RESOLUTION to honor and congratulate Andrew Lara on his selection as the 2022–2023 Walter Hill Elementary School Teacher of the Year.,"Memorials, Professional Achievement - Andrew Lara, Walter Hill Elementary School Teacher of the Year -",Not Available,Abstract summarizes the bill.,http://wapp.capitol.tn.gov/apps/BillInfo/default.aspx?BillNumber=HJR7010&GA=113
HJR7011,113th,2023_2024,SS1,,Travis,"Crawford, Todd",,A RESOLUTION to recognize St. Elmo Lodge #437 of Free and Accepted Masons on the occasion of its 150th anniversary.,"Memorials, Recognition - St. Elmo Lodge #437, 150th anniversary -",Not Available,Abstract summarizes the bill.,http://wapp.capitol.tn.gov/apps/BillInfo/default.aspx?BillNumber=HJR7011&GA=113
HJR7012,113th,2023_2024,SS1,,Baum,"Rudd, Todd",Senate CoSponsors:,A RESOLUTION to honor and congratulate Edie Sessions on her selection as the 2022–2023 Siegel Middle School Teacher of the Year.,"Memorials, Professional Achievement - Edie Sessions, Siegel Middle School Teacher of the Year -",Not Available,Abstract summarizes the bill.,http://wapp.capitol.tn.gov/apps/BillInfo/default.aspx?BillNumber=HJR7012&GA=113
HJR7013,113th,2023_2024,SS1,,Williams,Todd,Senate CoSponsors:,"A RESOLUTION to honor and congratulate Ruth Rhea Tubb ""Pinkie"" Hill on the celebration of her 100th birthday.","Memorials, Personal Occasion - Ruth Rhea Tubb ""Pinkie"" Hill, 100th birthday -",Not Available,Abstract summarizes the bill.,http://wapp.capitol.tn.gov/apps/BillInfo/default.aspx?BillNumber=HJR7013&GA=113
HJR7014,113th,2023_2024,SS1,,Hardaway,"Camper, Chism, Gillespie, Harris, Leatherwood, Miller, Parkinson, Pearson, Thompson, Towns, Vaughan, White, Alexander, Barrett, Baum, Boyd, Bricken, Bulso, Burkhart, Butler, Capley, Carr, Carringer, Cepicky, Clemmons, Cochran, Crawford, Darby, Davis A, Davis, Doggett, Eldridge, Faison, Farmer, Freeman, Fritts, Gant, Garrett, Glynn, Grills, Hakeem, Hale, Haston, Hawk, Hazlewood, Helton-Haynes, Hemmer, Hicks G, Hicks T, Hill, Holsclaw, Howell, Hulsey, Hurt, Jernigan, Johnson C, Johnson G, Jones, Keisling, Kumar, Lafferty, Lamberth, Littleton, Love, Lynn, Marsh, Martin B, Martin G, McCalmon, McKenzie, Mitchell, Moody, Moon, Powell, Powers, Raper, Reedy, Richey, Rudd, Rudder, Russell, Sexton, Shaw, Sherrell, Slater, Sparks, Stevens, Terry, Travis, Vital, Warner, Whitson, Williams, Zachary",Senate CoSponsors:,"A RESOLUTION to recognize and commend Beverly ""Bev"" Elaine Johnson of Memphis.","Memorials, Recognition - Bev Johnson -",Not Available,Abstract summarizes the bill.,http://wapp.capitol.tn.gov/apps/BillInfo/default.aspx?BillNumber=HJR7014&GA=113
HJR7015,113th,2023_2024,SS1,,Hemmer,"Davis A, Hardaway, Thompson, Clemmons, White, Whitson",,"A RESOLUTION to urge the Department of Safety to provide its ""Safe & Secure Firearms in Tennessee"" brochure at all Driver Service Center locations.","General Assembly, Statement of Intent or Position - Urges the Department of Safety to provide its ""Safe & Secure Firearms in Tennessee"" brochures at all Driver Service Centers alongside other information provided to public that deals with public safety. -",NOT SIGNIFICANT,Abstract summarizes the bill.,http://wapp.capitol.tn.gov/apps/BillInfo/default.aspx?BillNumber=HJR7015&GA=113
HJR7016,113th,2023_2024,SS1,,Hemmer,,,A RESOLUTION to urge TennCare and the Department of Education to coordinate and apply for federal grants and programs related to student mental health services and resources.,"General Assembly, Statement of Intent or Position - Urges TennCare and the Department of Education to coordinate and apply for federal grants and programs related to student mental health services and resources. -",NOT SIGNIFICANT,Abstract summarizes the bill.,http://wapp.capitol.tn.gov/apps/BillInfo/default.aspx?BillNumber=HJR7016&GA=113
HJR7017,113th,2023_2024,SS1,,Hill,"Reedy, Hawk, Hicks T",Senate CoSponsors:,A RESOLUTION to honor the memory of Sheriff Eddie Tester of Mountain City.,"Memorials, Death - Sheriff Eddie Tester -",Not Available,Abstract summarizes the bill.,http://wapp.capitol.tn.gov/apps/BillInfo/default.aspx?BillNumber=HJR7017&GA=113
HJR7018,113th,2023_2024,SS1,,Rudd,"Littleton, Baum, Sparks, Stevens, Terry, Reedy",Senate CoSponsors:,"A RESOLUTION to honor the memory of Detective Jacob Arthur ""Jake"" Beu of the Rutherford County Sheriff's Office.","Memorials, Death - Detective Jacob Arthur ""Jake"" Beu  -",Not Available,Abstract summarizes the bill.,http://wapp.capitol.tn.gov/apps/BillInfo/default.aspx?BillNumber=HJR7018&GA=113
HJR7019,113th,2023_2024,SS1,,Jernigan,Davis A,,A RESOLUTION to recognize Mike Brown on the occasion of his retirement.,"Memorials, Retirement - Mike Brown -",Not Available,Abstract summarizes the bill.,http://wapp.capitol.tn.gov/apps/BillInfo/default.aspx?BillNumber=HJR7019&GA=113
HJR7020,113th,2023_2024,SS1,,Clemmons,,,"A RESOLUTION to recognize and honor Gilbert ""Gil"" Long on the occasion of his retirement.","Memorials, Retirement - Gilbert ""Gil"" Long -",Not Available,Abstract summarizes the bill.,http://wapp.capitol.tn.gov/apps/BillInfo/default.aspx?BillNumber=HJR7020&GA=113
HJR7021,113th,2023_2024,SS1,,Clemmons,,,A RESOLUTION to commend and congratulate Pam Sheridan on the occasion of her retirement.,"Memorials, Retirement - Pam Sheridan -",Not Available,Abstract summarizes the bill.,http://wapp.capitol.tn.gov/apps/BillInfo/default.aspx?BillNumber=HJR7021&GA=113
HJR7022,113th,2023_2024,SS1,,Hemmer,,,A RESOLUTION to urge the Department of Mental Health and Substance Abuse Services and any other relevant state agency to implement the SAMHSA 988 Partner Toolkit and any other methods to promote the use of the 988 hotline.,"General Assembly, Statement of Intent or Position - Urges the Department of Mental Health Substance Abuse Services and any other relevant state agency to implement the SAMHSA 988 partner toolkit and any other methods to promote the use of the 988 hotline.  -",NOT SIGNIFICANT,Abstract summarizes the bill.,http://wapp.capitol.tn.gov/apps/BillInfo/default.aspx?BillNumber=HJR7022&GA=113
HJR7023,113th,2023_2024,SS1,,Clemmons,"Powell, Camper, Williams, Mitchell, Freeman, Whitson, Jernigan, Love, Davis A, Hemmer, Burkhart, Faison, White, Helton-Haynes, Keisling, Barrett, Alexander, Moon, Haston, Martin B, Hazlewood, Fritts, Terry, Gillespie, Stevens, Shaw, Vital, Miller, Marsh, Leatherwood, Lynn, Martin G, Sherrell, Bricken, Richey, Baum, Thompson, Wright, Zachary, Gant, Johnson C, Capley, McCalmon, Cepicky, Hill, Garrett, Warner, Hicks T, Moody, Bulso, Hulsey, Carringer, Eldridge, Holsclaw, Davis, Cochran, Parkinson, Russell, Ragan, Hawk, Kumar, Towns, Farmer, Lafferty, Travis, Powers, Slater, Littleton, Vaughan, Raper, Crawford, Carr, Rudder, Boyd, Hicks G, Butler, Hale, Lamberth, Darby, Harris, Grills, Reedy, Chism, Doggett, Glynn, Hakeem, Hardaway, Howell, Hurt, Johnson G, Jones, McKenzie, Rudd, Sexton, Sparks",Senate CoSponsors:,A RESOLUTION to honor the memory of Representative Bill Beck.,"Memorials, Death - Representative Bill Beck -",Not Available,Abstract summarizes the bill.,http://wapp.capitol.tn.gov/apps/BillInfo/default.aspx?BillNumber=HJR7023&GA=113
HJR7024,113th,2023_2024,SS1,,Jones,"Hardaway, Russell, Clemmons, Davis A, Miller",Senate CoSponsors:,A RESOLUTION to recognize Tennessee Supreme Court Justice Sharon Lee on the occasion of her retirement from the bench.,"Memorials, Retirement - Justice Sharon Lee -",Not Available,Abstract summarizes the bill.,http://wapp.capitol.tn.gov/apps/BillInfo/default.aspx?BillNumber=HJR7024&GA=113
HJR7025,113th,2023_2024,SS1,,Russell,,Senate CoSponsors:,"A RESOLUTION to honor the memory of Judith ""Judy"" Ann Burris Lee of Madisonville.","Memorials, Death - Judith ""Judy"" Ann Burris Lee -",Not Available,Abstract summarizes the bill.,http://wapp.capitol.tn.gov/apps/BillInfo/default.aspx?BillNumber=HJR7025&GA=113
HJR7026,113th,2023_2024,SS1,,Powell,,,A RESOLUTION to honor the memory of George Bew McGugin of Nashville.,"Memorials, Death - George Bew McGugin -",Not Available,Abstract summarizes the bill.,http://wapp.capitol.tn.gov/apps/BillInfo/default.aspx?BillNumber=HJR7026&GA=113
HJR7027,113th,2023_2024,SS1,,Powell,"Clemmons, Love, Freeman, Mitchell, Hemmer, Jernigan, Davis A",Senate CoSponsors:,A RESOLUTION to honor the memory of Reverend Joseph Patrick Breen of Nashville.,"Memorials, Death - Reverend Joseph Patrick Breen -",Not Available,Abstract summarizes the bill.,http://wapp.capitol.tn.gov/apps/BillInfo/default.aspx?BillNumber=HJR7027&GA=113
HJR7028,113th,2023_2024,SS1,,Powell,"Clemmons, Love, Freeman, Mitchell, Hemmer, Jernigan, Davis A, Jones",Senate CoSponsors:,A RESOLUTION to honor the memory of Father Charles Frederick Strobel of Nashville.,"Memorials, Death - Father Charles Strobel -",Not Available,Abstract summarizes the bill.,http://wapp.capitol.tn.gov/apps/BillInfo/default.aspx?BillNumber=HJR7028&GA=113
HJR7029,113th,2023_2024,SS1,,Keisling,,Senate CoSponsors:,A RESOLUTION to honor the memory of June Smith of Macon County.,"Memorials, Death - June Smith -",Not Available,Abstract summarizes the bill.,http://wapp.capitol.tn.gov/apps/BillInfo/default.aspx?BillNumber=HJR7029&GA=113
HJR7030,113th,2023_2024,SS1,,Keisling,,Senate CoSponsors:,A RESOLUTION to honor the memory of Tom Roberts of Lafayette.,"Memorials, Death - Tom Roberts -",Not Available,Abstract summarizes the bill.,http://wapp.capitol.tn.gov/apps/BillInfo/default.aspx?BillNumber=HJR7030&GA=113
HJR7031,113th,2023_2024,SS1,,Keisling,Reedy,Senate CoSponsors:,A RESOLUTION to honor and commend Gail Harmon for meritorious service to the citizens of Tennessee.,"Memorials, Recognition - Gail Harmon, Governor’s Excellence in Service Award  -",Not Available,Abstract summarizes the bill.,http://wapp.capitol.tn.gov/apps/BillInfo/default.aspx?BillNumber=HJR7031&GA=113
HJR7032,113th,2023_2024,SS1,,Whitson,Reedy,Senate CoSponsors:,A RESOLUTION to honor and commend Ernie Bacon for his dedication to his community of Franklin and the State of Tennessee.,"Memorials, Recognition - Ernie Bacon -",Not Available,Abstract summarizes the bill.,http://wapp.capitol.tn.gov/apps/BillInfo/default.aspx?BillNumber=HJR7032&GA=113
HJR7033,113th,2023_2024,SS1,,Moon,,Senate CoSponsors:,"A RESOLUTION to recognize Gallaher and Associates, Inc., on the occasion of its fiftieth anniversary.","Memorials, Recognition - Gallaher and Associates, Inc., 50th anniversary -",Not Available,Abstract summarizes the bill.,http://wapp.capitol.tn.gov/apps/BillInfo/default.aspx?BillNumber=HJR7033&GA=113
HJR7034,113th,2023_2024,SS1,,Powers,"Reedy, Boyd, Crawford, Moon, Russell",Senate CoSponsors:,A RESOLUTION to commend and congratulate Tracy Powers on the occasion of her retirement.,"Memorials, Retirement - Tracy Powers -",Not Available,Abstract summarizes the bill.,http://wapp.capitol.tn.gov/apps/BillInfo/default.aspx?BillNumber=HJR7034&GA=113
HJR7035,113th,2023_2024,SS1,,Faison,Farmer,Senate CoSponsors:,"A RESOLUTION to honor and recognize Kaleb Grubaugh, 2023 Valedictorian of Heritage Christian Academy.","Memorials, Academic Achievement - Kaleb Grubaugh, Valedictorian, Heritage Christian Academy -",Not Available,Abstract summarizes the bill.,http://wapp.capitol.tn.gov/apps/BillInfo/default.aspx?BillNumber=HJR7035&GA=113
HJR7036,113th,2023_2024,SS1,,Davis A,Thompson,Senate CoSponsors:,"A RESOLUTION to honor the memory of Dr. Benjamin ""Ben"" Matthew Mauck.","Memorials, Death - Dr. Benjamin ""Ben"" Matthew Mauck -",Not Available,Abstract summarizes the bill.,http://wapp.capitol.tn.gov/apps/BillInfo/default.aspx?BillNumber=HJR7036&GA=113
HJR7037,113th,2023_2024,SS1,,Hazlewood,"Hakeem, Helton-Haynes, Martin G, Vital, Reedy, Ragan, Littleton, Fritts, Alexander, Barrett, Baum, Boyd, Bricken, Bulso, Burkhart, Butler, Camper, Capley, Carr, Carringer, Cepicky, Chism, Clemmons, Cochran, Crawford, Darby, Davis A, Davis, Doggett, Eldridge, Faison, Farmer, Freeman, Gant, Garrett, Gillespie, Glynn, Grills, Hale, Hardaway, Harris, Haston, Hawk, Hemmer, Hicks G, Hicks T, Hill, Holsclaw, Howell, Hulsey, Hurt, Jernigan, Johnson C, Johnson G, Jones, Keisling, Kumar, Lafferty, Lamberth, Leatherwood, Love, Lynn, Marsh, Martin B, McCalmon, McKenzie, Miller, Mitchell, Moody, Moon, Parkinson, Pearson, Powell, Powers, Raper, Richey, Rudd, Rudder, Russell, Sexton, Shaw, Sherrell, Slater, Sparks, Stevens, Terry, Thompson, Towns, Travis, Vaughan, Warner, White, Whitson, Williams, Zachary",Senate CoSponsors:,A RESOLUTION to commend and congratulate Larry Taylor upon his receipt of the Congressional Medal of Honor.,"Memorials, Recognition - Larry Taylor, Congressional Medal of Honor -",Not Available,Abstract summarizes the bill.,http://wapp.capitol.tn.gov/apps/BillInfo/default.aspx?BillNumber=HJR7037&GA=113
HJR7038,113th,2023_2024,SS1,,McKenzie,Camper,Senate CoSponsors:,A RESOLUTION to honor the memory of Bob Black of Knoxville.,"Memorials, Death - Bob Black -",Not Available,Abstract summarizes the bill.,http://wapp.capitol.tn.gov/apps/BillInfo/default.aspx?BillNumber=HJR7038&GA=113
HJR7039,113th,2023_2024,SS1,,McCalmon,"Bulso, Whitson",Senate CoSponsors:,A RESOLUTION to recognize and honor Reba Joyce Johnson on the occasion of her seventy-fifth birthday.,"Memorials, Personal Occasion - Reba Joyce Johnson, 75th birthday -",Not Available,Abstract summarizes the bill.,http://wapp.capitol.tn.gov/apps/BillInfo/default.aspx?BillNumber=HJR7039&GA=113
HJR7040,113th,2023_2024,SS1,,Richey,,,A RESOLUTION to provide for the adjournment sine die of the First Extraordinary Session of the One Hundred Thirteenth General Assembly.,"General Assembly, Adjournment - Adjourns sine die First Extraordinary Session of 113th General Assembly on August 21, 2023. -",Not Available,Abstract summarizes the bill.,http://wapp.capitol.tn.gov/apps/BillInfo/default.aspx?BillNumber=HJR7040&GA=113
HJR7041,113th,2023_2024,SS1,,Farmer,Reedy,Senate CoSponsors:,"A RESOLUTION to commend and congratulate Carson Starritt, national award winner of the READ 180 program.","Memorials, Recognition - Carson Starritt, READ 180 national winner -",Not Available,Abstract summarizes the bill.,http://wapp.capitol.tn.gov/apps/BillInfo/default.aspx?BillNumber=HJR7041&GA=113
HJR7042,113th,2023_2024,SS1,,Faison,,Senate CoSponsors:,A RESOLUTION to recognize and commend the members of Crossroads Community Church.,"Memorials, Recognition - Crossroads Community Church -",Not Available,Abstract summarizes the bill.,http://wapp.capitol.tn.gov/apps/BillInfo/default.aspx?BillNumber=HJR7042&GA=113
HJR7043,113th,2023_2024,SS1,,Capley,"Lamberth, Warner, Fritts, Reedy, Butler, McCalmon, Martin B, Vital",Senate CoSponsors:,A RESOLUTION to commemorate National Shooting Sports Month in Tennessee.,"Memorials, Recognition - National Shooting Sports Month in Tennessee, August 2023 -",Not Available,Abstract summarizes the bill.,http://wapp.capitol.tn.gov/apps/BillInfo/default.aspx?BillNumber=HJR7043&GA=113
HJR7044,113th,2023_2024,SS1,,Hurt,,,A RESOLUTION to honor and congratulate Katie Alexander on her receipt of the Governor's Volunteer Stars Award.,"Memorials, Recognition - Katie Alexander, Governor's Volunteer Stars Award -",Not Available,Abstract summarizes the bill.,http://wapp.capitol.tn.gov/apps/BillInfo/default.aspx?BillNumber=HJR7044&GA=113
HJR7045,113th,2023_2024,SS1,,Hurt,,,A RESOLUTION to honor and congratulate Betty Allen Langley on her receipt of the Governor's Volunteer Stars Award.,"Memorials, Recognition - Betty Allen Langley, Governor's Volunteer Stars Award -",Not Available,Abstract summarizes the bill.,http://wapp.capitol.tn.gov/apps/BillInfo/default.aspx?BillNumber=HJR7045&GA=113
HJR7046,113th,2023_2024,SS1,,Hurt,,,A RESOLUTION to honor and congratulate Phyllis Coulston on her receipt of the Governor's Volunteer Stars Award.,"Memorials, Recognition - Phyllis Coulston, Governor's Volunteer Stars Award -",Not Available,Abstract summarizes the bill.,http://wapp.capitol.tn.gov/apps/BillInfo/default.aspx?BillNumber=HJR7046&GA=113
HJR7047,113th,2023_2024,SS1,,Hurt,,,A RESOLUTION to honor and congratulate Paige Helton on her receipt of the Governor's Volunteer Stars Award.,"Memorials, Recognition - Paige Helton, Governor's Volunteer Stars Award -",Not Available,Abstract summarizes the bill.,http://wapp.capitol.tn.gov/apps/BillInfo/default.aspx?BillNumber=HJR7047&GA=113
HJR7048,113th,2023_2024,SS1,,Butler,,,"A RESOLUTION to commemorate August 1, 2023, as National Gold Star Children's Day.","Memorials, Recognition - National Gold Star Children's Day, August 1, 2023 -",Not Available,Abstract summarizes the bill.,http://wapp.capitol.tn.gov/apps/BillInfo/default.aspx?BillNumber=HJR7048&GA=113
HJR7049,113th,2023_2024,SS1,,Zachary,"Carringer, Lafferty, Davis, Wright, McKenzie",Senate CoSponsors:,A RESOLUTION to honor and congratulate Bob Bell for his thirty years of radio ministry on WRJZ.,"Memorials, Recognition - Bob Bell -",Not Available,Abstract summarizes the bill.,http://wapp.capitol.tn.gov/apps/BillInfo/default.aspx?BillNumber=HJR7049&GA=113
HJR7050,113th,2023_2024,SS1,,Camper,Thompson,Senate CoSponsors:,A RESOLUTION to honor and congratulate WDIA Radio of Memphis on the occasion of its seventy-fifth anniversary.,"Memorials, Recognition - WDIA, 75th anniversary -",Not Available,Abstract summarizes the bill.,http://wapp.capitol.tn.gov/apps/BillInfo/default.aspx?BillNumber=HJR7050&GA=113
HJR7051,113th,2023_2024,SS1,,Camper,,,A RESOLUTION to honor the memory of Ronald Eugene Taylor of Memphis.,"Memorials, Death - Ronald Eugene Taylor -",Not Available,Abstract summarizes the bill.,http://wapp.capitol.tn.gov/apps/BillInfo/default.aspx?BillNumber=HJR7051&GA=113
HJR7052,113th,2023_2024,SS1,,Hurt,,,A RESOLUTION to honor the memory of Reese Erin Barker of Humboldt.,"Memorials, Death - Reese Erin Barker -",Not Available,Abstract summarizes the bill.,http://wapp.capitol.tn.gov/apps/BillInfo/default.aspx?BillNumber=HJR7052&GA=113
HJR7053,113th,2023_2024,SS1,,Shaw,"Marsh, Vital, Thompson, Bricken, Alexander, Barrett, Baum, Boyd, Bulso, Burkhart, Butler, Camper, Capley, Carr, Carringer, Cepicky, Chism, Clemmons, Cochran, Crawford, Darby, Davis A, Davis, Dixie, Doggett, Eldridge, Faison, Farmer, Freeman, Fritts, Gant, Garrett, Gillespie, Glynn, Grills, Hakeem, Hale, Hardaway, Harris, Haston, Hawk, Hazlewood, Helton-Haynes, Hemmer, Hicks G, Hicks T, Hill, Holsclaw, Howell, Hulsey, Hurt, Jernigan, Johnson C, Johnson G, Jones, Keisling, Kumar, Lafferty, Lamberth, Leatherwood, Littleton, Love, Lynn, Martin B, Martin G, McCalmon, McKenzie, Mitchell, Moody, Moon, Parkinson, Pearson, Powell, Raper, Reedy, Richey, Rudd, Rudder, Russell, Sexton, Sherrell, Slater, Sparks, Stevens, Terry, Towns, Travis, Vaughan, Warner, White, Whitson, Williams, Wright, Zachary",Senate CoSponsors:,A RESOLUTION to honor the Tennessee Department of Mental Health and Substance Abuse Services and Quinco Community Mental Health Centers on their service to the State of Tennessee.,"Memorials, Recognition - Department of Mental Health and Substance Abuse Services and Quinco Community Mental Health Centers -",Not Available,Abstract summarizes the bill.,http://wapp.capitol.tn.gov/apps/BillInfo/default.aspx?BillNumber=HJR7053&GA=113
HJR7054,113th,2023_2024,SS1,,Richey,,,A RESOLUTION to provide for the adjournment sine die of the First Extraordinary Session of the One Hundred Thirteenth General Assembly.,"General Assembly, Adjournment - Adjourns sine die First Extraordinary Session of 113th General Assembly on August 24, 2023. -",Not Available,Abstract summarizes the bill.,http://wapp.capitol.tn.gov/apps/BillInfo/default.aspx?BillNumber=HJR7054&GA=113
HJR7055,113th,2023_2024,SS1,,Sparks,McCalmon,,"A RESOLUTION to recognize Pastor Henry Coles, Jr., of Faith Life Church.","Memorials, Recognition - Pastor Henry Coles, Jr. -",Not Available,Abstract summarizes the bill.,http://wapp.capitol.tn.gov/apps/BillInfo/default.aspx?BillNumber=HJR7055&GA=113
HJR7056,113th,2023_2024,SS1,,Hulsey,,,A RESOLUTION to honor and commend Valerie C. Ford for her honorable service to the State of Tennessee.,"Memorials, Recognition - Valerie C. Ford -",Not Available,Abstract summarizes the bill.,http://wapp.capitol.tn.gov/apps/BillInfo/default.aspx?BillNumber=HJR7056&GA=113
SJR7001,113th,2023_2024,SS1,,Yager,,House CoSponsors:,A RESOLUTION to honor the memory of James Boyce Polston of Harriman.,"Memorials, Death - James Boyce Polston -",Not Available,Abstract summarizes the bill.,http://wapp.capitol.tn.gov/apps/BillInfo/default.aspx?BillNumber=SJR7001&GA=113
SJR7002,113th,2023_2024,SS1,,Yager,,House CoSponsors:,A RESOLUTION to recognize Shiloh Baptist Church on the occasion of its 200th anniversary.,"Memorials, Recognition - Shiloh Baptist Church, 200th anniversary -",Not Available,Abstract summarizes the bill.,http://wapp.capitol.tn.gov/apps/BillInfo/default.aspx?BillNumber=SJR7002&GA=113
SJR7003,113th,2023_2024,SS1,,Yager,,House CoSponsors:,A RESOLUTION to honor the memory of Gary Lynn Bailey of Harriman.,"Memorials, Death - Gary Lynn Bailey -",Not Available,Abstract summarizes the bill.,http://wapp.capitol.tn.gov/apps/BillInfo/default.aspx?BillNumber=SJR7003&GA=113
SJR7004,113th,2023_2024,SS1,,Yager,,,A RESOLUTION to honor the memory of Sergeant William Jace Cherry of Clay County.,"Memorials, Death - Sergeant William Jace Cherry -",Not Available,Abstract summarizes the bill.,http://wapp.capitol.tn.gov/apps/BillInfo/default.aspx?BillNumber=SJR7004&GA=113
SJR7005,113th,2023_2024,SS1,,Yager,,House CoSponsors:,A RESOLUTION to recognize the Harriman Lions Club on the occasion of its seventy-fifth anniversary.,"Memorials, Recognition - Harriman Lions Club, 75th anniversary -",Not Available,Abstract summarizes the bill.,http://wapp.capitol.tn.gov/apps/BillInfo/default.aspx?BillNumber=SJR7005&GA=113
SJR7006,113th,2023_2024,SS1,,Yager,Lowe,,A RESOLUTION to honor and congratulate Woody Duncan upon his induction into the Bryan College Sports Hall of Fame.,"Memorials, Sports - Woody Duncan, Bryan College Sports Hall of Fame -",Not Available,Abstract summarizes the bill.,http://wapp.capitol.tn.gov/apps/BillInfo/default.aspx?BillNumber=SJR7006&GA=113
SJR7007,113th,2023_2024,SS1,,Yager,"Massey, Roberts",House CoSponsors:,"A RESOLUTION to honor the memory of Paul Wayne ""Pete"" Stinnett of Harriman.","Memorials, Death - Paul Wayne ""Pete"" Stinnett -",Not Available,Abstract summarizes the bill.,http://wapp.capitol.tn.gov/apps/BillInfo/default.aspx?BillNumber=SJR7007&GA=113
SJR7008,113th,2023_2024,SS1,,Yager,,House CoSponsors:,A RESOLUTION to honor the memory of Gerald Joseph Neal of Jellico.,"Memorials, Death - Gerald Joseph Neal -",Not Available,Abstract summarizes the bill.,http://wapp.capitol.tn.gov/apps/BillInfo/default.aspx?BillNumber=SJR7008&GA=113
SJR7009,113th,2023_2024,SS1,,Yager,"Akbari, Bailey, Bowling, Briggs, Campbell, Crowe, Gardenhire, Haile, Hensley, Jackson, Johnson, Kyle, Lowe, Lundberg, Massey, Niceley, Oliver, Pody, Powers, Reeves, Roberts, Southerland, Stevens, Swann, Taylor, Walley, Watson, White, Yarbro, McNally",House CoSponsors:,A RESOLUTION to honor the memory of Lucille Roberts Buttram.,"Memorials, Death - Lucille Roberts Buttram -",Not Available,Abstract summarizes the bill.,http://wapp.capitol.tn.gov/apps/BillInfo/default.aspx?BillNumber=SJR7009&GA=113
SJR7010,113th,2023_2024,SS1,,Southerland,,House CoSponsors:,A RESOLUTION to honor and commend Geoffrey A. Wolpert upon his receipt of the 2023 Great Smoky Mountain Council Good Scout Award.,"Memorials, Recognition - Geoffrey A. Wolpert, Great Smoky Mountain Council Good Scout Award -",Not Available,Abstract summarizes the bill.,http://wapp.capitol.tn.gov/apps/BillInfo/default.aspx?BillNumber=SJR7010&GA=113
SJR7011,113th,2023_2024,SS1,,Southerland,,House CoSponsors:,A RESOLUTION to honor and congratulate Meredith Garland of Unicoi County High School on her second-place finish at the 2023 SkillsUSA State Championship.,"Memorials, Recognition - Meredith Garland, 2023 SkillsUSA State Championship -",Not Available,Abstract summarizes the bill.,http://wapp.capitol.tn.gov/apps/BillInfo/default.aspx?BillNumber=SJR7011&GA=113
SJR7012,113th,2023_2024,SS1,,Southerland,,House CoSponsors:,A RESOLUTION to honor and congratulate Elizabeth Butler of Unicoi County High School on her first-place finish at the 2023 SkillsUSA State Championship.,"Memorials, Recognition - Elizabeth Butler, 2023 SkillsUSA State Championship -",Not Available,Abstract summarizes the bill.,http://wapp.capitol.tn.gov/apps/BillInfo/default.aspx?BillNumber=SJR7012&GA=113
SJR7013,113th,2023_2024,SS1,,Southerland,,House CoSponsors:,A RESOLUTION to honor and congratulate Austin Beets of Greeneville High School on being named to the Tennessee Sports Writers Association's Class 2A All-State soccer team.,"Memorials, Sports - Austin Beets, All-State soccer team -",Not Available,Abstract summarizes the bill.,http://wapp.capitol.tn.gov/apps/BillInfo/default.aspx?BillNumber=SJR7013&GA=113
SJR7014,113th,2023_2024,SS1,,Southerland,,House CoSponsors:,A RESOLUTION to honor and congratulate Drew Hillyer of Greeneville High School on being named to the Tennessee Sports Writers Association's Class 2A All-State soccer team.,"Memorials, Sports - Drew Hillyer, All-State soccer team -",Not Available,Abstract summarizes the bill.,http://wapp.capitol.tn.gov/apps/BillInfo/default.aspx?BillNumber=SJR7014&GA=113
SJR7015,113th,2023_2024,SS1,,Southerland,,House CoSponsors:,A RESOLUTION to honor and congratulate Drew Shelton of Greeneville High School on being named to the Tennessee Sports Writers Association's Class 2A All-State soccer team.,"Memorials, Sports - Drew Shelton, All-State soccer team -",Not Available,Abstract summarizes the bill.,http://wapp.capitol.tn.gov/apps/BillInfo/default.aspx?BillNumber=SJR7015&GA=113
SJR7016,113th,2023_2024,SS1,,Southerland,,House CoSponsors:,A RESOLUTION to honor and congratulate Rio Little of Chuckey-Doak High School on being named to the Tennessee Sports Writers Association's Class A All-State soccer team.,"Memorials, Sports - Rio Little, All-State soccer team -",Not Available,Abstract summarizes the bill.,http://wapp.capitol.tn.gov/apps/BillInfo/default.aspx?BillNumber=SJR7016&GA=113
SJR7017,113th,2023_2024,SS1,,Southerland,,House CoSponsors:,A RESOLUTION to honor and congratulate Cadin Tullock of Chuckey-Doak High School on being named to the Tennessee Sports Writers Association's Class 2A All-State baseball team.,"Memorials, Sports - Cadin Tullock, TSWA Class 2A All-State baseball team -",Not Available,Abstract summarizes the bill.,http://wapp.capitol.tn.gov/apps/BillInfo/default.aspx?BillNumber=SJR7017&GA=113
SJR7018,113th,2023_2024,SS1,,Southerland,,House CoSponsors:,A RESOLUTION to honor and congratulate Colton Robbins of North Greene High School on being named to the Tennessee Sports Writers Association's Class A All-State baseball team.,"Memorials, Sports - Colton Robbins, TSWA Class A All-State baseball team -",Not Available,Abstract summarizes the bill.,http://wapp.capitol.tn.gov/apps/BillInfo/default.aspx?BillNumber=SJR7018&GA=113
SJR7019,113th,2023_2024,SS1,,Southerland,,House CoSponsors:,"A RESOLUTION to congratulate Henry Brooks, National SkillsUSA gold medal winner.","Memorials, Recognition - Henry Brooks, SkillsUSA gold medal winner -",Not Available,Abstract summarizes the bill.,http://wapp.capitol.tn.gov/apps/BillInfo/default.aspx?BillNumber=SJR7019&GA=113
SJR7020,113th,2023_2024,SS1,,Southerland,,House CoSponsors:,A RESOLUTION to honor and congratulate Carson Quillen of Greeneville High School on being named to the Tennessee Sports Writers Association's Class 3A All-State baseball team.,"Memorials, Sports - Carson Quillen, TSWA Class 3A All-State baseball team -",Not Available,Abstract summarizes the bill.,http://wapp.capitol.tn.gov/apps/BillInfo/default.aspx?BillNumber=SJR7020&GA=113
SJR7021,113th,2023_2024,SS1,,Southerland,,House CoSponsors:,A RESOLUTION to honor and congratulate Colton Richards of Greeneville High School on being named to the Tennessee Sports Writers Association's Class 3A All-State baseball team.,"Memorials, Sports - Colton Richards, TSWA Class 3A All-State baseball team -",Not Available,Abstract summarizes the bill.,http://wapp.capitol.tn.gov/apps/BillInfo/default.aspx?BillNumber=SJR7021&GA=113
SJR7022,113th,2023_2024,SS1,,Southerland,,House CoSponsors:,A RESOLUTION to honor and congratulate Parker Shipley of Greeneville High School on being named to the Tennessee Sports Writers Association's Class 3A All-State baseball team.,"Memorials, Sports - Parker Shipley, TSWA Class 3A All-Star baseball team -",Not Available,Abstract summarizes the bill.,http://wapp.capitol.tn.gov/apps/BillInfo/default.aspx?BillNumber=SJR7022&GA=113
SJR7023,113th,2023_2024,SS1,,Southerland,,House CoSponsors:,A RESOLUTION to honor and commend the Camp Creek Volunteer Fire Department on the occasion of its sixtieth anniversary.,"Memorials, Recognition - Camp Creek Volunteer Fire Department, 60th anniversary -",Not Available,Abstract summarizes the bill.,http://wapp.capitol.tn.gov/apps/BillInfo/default.aspx?BillNumber=SJR7023&GA=113
SJR7024,113th,2023_2024,SS1,,Southerland,,House CoSponsors:,A RESOLUTION to honor and congratulate Noah Wright of South Greene Middle School on his third-place finish in the TMSAA Class A Track and Field State Championship.,"Memorials, Sports - Noah Wright, TMSAA Class A Track and Field State Championship -",Not Available,Abstract summarizes the bill.,http://wapp.capitol.tn.gov/apps/BillInfo/default.aspx?BillNumber=SJR7024&GA=113
SJR7025,113th,2023_2024,SS1,,Southerland,,House CoSponsors:,A RESOLUTION to honor and congratulate Jude Dyer of South Greene Middle School on his third-place finish in the TMSAA Class A Track and Field State Championship.,"Memorials, Sports - Jude Dyer, TMSAA Class A Track and Field State Championship -",Not Available,Abstract summarizes the bill.,http://wapp.capitol.tn.gov/apps/BillInfo/default.aspx?BillNumber=SJR7025&GA=113
SJR7026,113th,2023_2024,SS1,,Southerland,,House CoSponsors:,A RESOLUTION to honor and congratulate Tripp Neas of South Greene Middle School on his third-place finish in the TMSAA Class A Track and Field State Championship.,"Memorials, Sports - Tripp Neas, TMSAA Class A Track and Field State Championship -",Not Available,Abstract summarizes the bill.,http://wapp.capitol.tn.gov/apps/BillInfo/default.aspx?BillNumber=SJR7026&GA=113
SJR7027,113th,2023_2024,SS1,,Southerland,,House CoSponsors:,A RESOLUTION to honor and congratulate Landon Brown of South Greene Middle School on his third-place finish in the TMSAA Class A Track and Field State Championship.,"Memorials, Sports - Landon Brown, TMSAA Class A Track and Field State Championship -",Not Available,Abstract summarizes the bill.,http://wapp.capitol.tn.gov/apps/BillInfo/default.aspx?BillNumber=SJR7027&GA=113
SJR7028,113th,2023_2024,SS1,,Southerland,,House CoSponsors:,A RESOLUTION to honor and congratulate Walt Stone upon his receipt of the Wright Brothers Master Pilot Award.,"Memorials, Personal Achievement - Walt Stone, Wright Brothers Master Pilot Award -",Not Available,Abstract summarizes the bill.,http://wapp.capitol.tn.gov/apps/BillInfo/default.aspx?BillNumber=SJR7028&GA=113
SJR7029,113th,2023_2024,SS1,,Southerland,,House CoSponsors:,A RESOLUTION to honor and commend Elizabeth McNabb upon her recognition by the Modern Woodmen of America.,"Memorials, Recognition - Elizabeth McNabb -",Not Available,Abstract summarizes the bill.,http://wapp.capitol.tn.gov/apps/BillInfo/default.aspx?BillNumber=SJR7029&GA=113
SJR7030,113th,2023_2024,SS1,,Southerland,,House CoSponsors:,A RESOLUTION to honor and congratulate Jessi Swanger of Cocke County High School on being named to the Tennessee Sports Writers Association's All-5Star Preps track team.,"Memorials, Sports - Jessi Swanger, TSWA All-5Star Preps track team -",Not Available,Abstract summarizes the bill.,http://wapp.capitol.tn.gov/apps/BillInfo/default.aspx?BillNumber=SJR7030&GA=113
SJR7031,113th,2023_2024,SS1,,Southerland,,House CoSponsors:,A RESOLUTION to honor and congratulate Jenna Pittman of Cocke County High School on being named to the Tennessee Sports Writers Association's All-5Star Preps track team.,"Memorials, Sports - Jenna Pittman, TSWA All-5Star Preps track team -",Not Available,Abstract summarizes the bill.,http://wapp.capitol.tn.gov/apps/BillInfo/default.aspx?BillNumber=SJR7031&GA=113
SJR7032,113th,2023_2024,SS1,,Southerland,,House CoSponsors:,"A RESOLUTION to honor and congratulate Mike ""Coach"" Proffitt upon his recognition as a Hometown Hero.","Memorials, Recognition - Mike Proffitt -",Not Available,Abstract summarizes the bill.,http://wapp.capitol.tn.gov/apps/BillInfo/default.aspx?BillNumber=SJR7032&GA=113
SJR7033,113th,2023_2024,SS1,,Southerland,,House CoSponsors:,A RESOLUTION to congratulate Mickey Blazer on being named 2023 Retailer of the Year.,"Memorials, Recognition - Mickey Blazer, 2023 Retailer of the Year -",Not Available,Abstract summarizes the bill.,http://wapp.capitol.tn.gov/apps/BillInfo/default.aspx?BillNumber=SJR7033&GA=113
SJR7034,113th,2023_2024,SS1,,Southerland,,House CoSponsors:,A RESOLUTION to honor and congratulate Shylee Weeks of Cosby High School on being named to the Tennessee Sports Writers Association's Class A All-State softball team.,"Memorials, Sports - Shylee Weeks, TSWA Class A All-State softball team -",Not Available,Abstract summarizes the bill.,http://wapp.capitol.tn.gov/apps/BillInfo/default.aspx?BillNumber=SJR7034&GA=113
SJR7035,113th,2023_2024,SS1,,Southerland,,House CoSponsors:,"A RESOLUTION to honor and congratulate Shylee Shelton of Cosby High School on surpassing the 1,000-point mark in her high school basketball career.","Memorials, Sports - Shylee Shelton -",Not Available,Abstract summarizes the bill.,http://wapp.capitol.tn.gov/apps/BillInfo/default.aspx?BillNumber=SJR7035&GA=113
SJR7036,113th,2023_2024,SS1,,Southerland,,House CoSponsors:,A RESOLUTION to honor and congratulate Jeferson Cervellon of Cocke County High School on breaking the TSSAA single-season goals scored record in soccer.,"Memorials, Sports - Jeferson Cervellon, TSSAA single-season soccer goals record -",Not Available,Abstract summarizes the bill.,http://wapp.capitol.tn.gov/apps/BillInfo/default.aspx?BillNumber=SJR7036&GA=113
SJR7037,113th,2023_2024,SS1,,Southerland,,House CoSponsors:,A RESOLUTION to congratulate Abigail Altenberger of TCAT Morristown on her first-place finish at the 2023 SkillsUSA State Leadership and Skills Conference.,"Memorials, Recognition - Abigail Altenberger, SkillsUSA State Leadership and Skills competition -",Not Available,Abstract summarizes the bill.,http://wapp.capitol.tn.gov/apps/BillInfo/default.aspx?BillNumber=SJR7037&GA=113
SJR7038,113th,2023_2024,SS1,,Southerland,,House CoSponsors:,A RESOLUTION to congratulate Jordan Barton of TCAT Morristown on a first-place finish at the 2023 SkillsUSA State Leadership and Skills Conference.,"Memorials, Recognition - Jordan Barton, SkillsUSA State Leadership and Skills competition -",Not Available,Abstract summarizes the bill.,http://wapp.capitol.tn.gov/apps/BillInfo/default.aspx?BillNumber=SJR7038&GA=113
SJR7039,113th,2023_2024,SS1,,Southerland,,House CoSponsors:,A RESOLUTION to congratulate Henry Brooks of TCAT Morristown on his first-place finish at the 2023 SkillsUSA State Leadership and Skills Conference.,"Memorials, Recognition - Henry Brooks, SkillsUSA State Leadership and Skills competition -",Not Available,Abstract summarizes the bill.,http://wapp.capitol.tn.gov/apps/BillInfo/default.aspx?BillNumber=SJR7039&GA=113
SJR7040,113th,2023_2024,SS1,,Southerland,,House CoSponsors:,A RESOLUTION to congratulate Brandon Brown of TCAT Morristown on his first-place finish at the 2023 SkillsUSA State Leadership and Skills Conference.,"Memorials, Recognition - Brandon Brown, SkillsUSA State Leadership and Skills competition -",Not Available,Abstract summarizes the bill.,http://wapp.capitol.tn.gov/apps/BillInfo/default.aspx?BillNumber=SJR7040&GA=113
SJR7041,113th,2023_2024,SS1,,Southerland,,House CoSponsors:,A RESOLUTION to congratulate Isaac Brown of TCAT Morristown on his first-place finish at the 2023 SkillsUSA State Leadership and Skills Conference.,"Memorials, Recognition - Isaac Brown, SkillsUSA State Leadership and Skills competition -",Not Available,Abstract summarizes the bill.,http://wapp.capitol.tn.gov/apps/BillInfo/default.aspx?BillNumber=SJR7041&GA=113
SJR7042,113th,2023_2024,SS1,,Southerland,,House CoSponsors:,A RESOLUTION to honor and congratulate Heather Kelley upon being named the Citizen Tribune Lakeway Area Softball Coach of the Year.,"Memorials, Sports - Heather Kelley, Citizen Tribune Lakeway Area Softball Coach of the Year -",Not Available,Abstract summarizes the bill.,http://wapp.capitol.tn.gov/apps/BillInfo/default.aspx?BillNumber=SJR7042&GA=113
SJR7043,113th,2023_2024,SS1,,Southerland,,House CoSponsors:,A RESOLUTION to congratulate Chandler Drinnon of TCAT Morristown on his first-place finish at the 2023 SkillsUSA State Leadership and Skills Conference.,"Memorials, Recognition - Chandler Drinnon, SkillsUSA State Leadership and Skills competition -",Not Available,Abstract summarizes the bill.,http://wapp.capitol.tn.gov/apps/BillInfo/default.aspx?BillNumber=SJR7043&GA=113
SJR7044,113th,2023_2024,SS1,,Southerland,,House CoSponsors:,A RESOLUTION to congratulate Erickah Laughlin of TCAT Morristown on her first-place finish at the 2023 SkillsUSA State Leadership and Skills Conference.,"Memorials, Recognition - Erickah Laughlin, SkillsUSA State Leadership and Skills Conference -",Not Available,Abstract summarizes the bill.,http://wapp.capitol.tn.gov/apps/BillInfo/default.aspx?BillNumber=SJR7044&GA=113
SJR7045,113th,2023_2024,SS1,,Southerland,,House CoSponsors:,A RESOLUTION to congratulate Ashlyn Glover of TCAT Morristown on her first-place finish at the 2023 SkillsUSA State Leadership and Skills Conference.,"Memorials, Recognition - Ashlyn Glover, SkillsUSA State Leadership and Skills Conference -",Not Available,Abstract summarizes the bill.,http://wapp.capitol.tn.gov/apps/BillInfo/default.aspx?BillNumber=SJR7045&GA=113
SJR7046,113th,2023_2024,SS1,,Southerland,,House CoSponsors:,A RESOLUTION to congratulate Jared Lester of TCAT Morristown on his first-place finish at the 2023 SkillsUSA State Leadership and Skills Conference.,"Memorials, Recognition - Jared Lester, SkillsUSA State Leadership and Skills Conference -",Not Available,Abstract summarizes the bill.,http://wapp.capitol.tn.gov/apps/BillInfo/default.aspx?BillNumber=SJR7046&GA=113
SJR7047,113th,2023_2024,SS1,,Southerland,,House CoSponsors:,A RESOLUTION to congratulate Scott Liparoto of TCAT Morristown on his first-place finish at the 2023 SkillsUSA State Leadership and Skills Conference.,"Memorials, Recognition - Scott Liparoto, SkillsUSA State Leadership and Skills Conference -",Not Available,Abstract summarizes the bill.,http://wapp.capitol.tn.gov/apps/BillInfo/default.aspx?BillNumber=SJR7047&GA=113
SJR7048,113th,2023_2024,SS1,,Southerland,,House CoSponsors:,A RESOLUTION to congratulate Melissa Lucas of TCAT Morristown on her first-place finish at the 2023 SkillsUSA State Leadership and Skills Conference.,"Memorials, Recognition - Melissa Lucas, SkillsUSA State Leadership and Skills Conference -",Not Available,Abstract summarizes the bill.,http://wapp.capitol.tn.gov/apps/BillInfo/default.aspx?BillNumber=SJR7048&GA=113
SJR7049,113th,2023_2024,SS1,,Southerland,,House CoSponsors:,A RESOLUTION to congratulate Austin McKinney of TCAT Morristown on his first-place finish at the 2023 SkillsUSA State Leadership and Skills Conference.,"Memorials, Recognition - Austin McKinney, SkillsUSA State Leadership and Skills Conference -",Not Available,Abstract summarizes the bill.,http://wapp.capitol.tn.gov/apps/BillInfo/default.aspx?BillNumber=SJR7049&GA=113
SJR7050,113th,2023_2024,SS1,,Southerland,,House CoSponsors:,A RESOLUTION to congratulate Eliott Cudd of TCAT Morristown on his second-place finish at the 2023 SkillsUSA State Leadership and Skills Conference.,"Memorials, Recognition - Eliott Cudd, SkillsUSA State Leadership and Skills Conference -",Not Available,Abstract summarizes the bill.,http://wapp.capitol.tn.gov/apps/BillInfo/default.aspx?BillNumber=SJR7050&GA=113
SJR7051,113th,2023_2024,SS1,,Southerland,,House CoSponsors:,A RESOLUTION to congratulate Sean Estep of TCAT Morristown on his second-place finish at the 2023 SkillsUSA State Leadership and Skills Conference.,"Memorials, Recognition - Sean Estep, SkillsUSA State Leadership and Skills Conference -",Not Available,Abstract summarizes the bill.,http://wapp.capitol.tn.gov/apps/BillInfo/default.aspx?BillNumber=SJR7051&GA=113
SJR7052,113th,2023_2024,SS1,,Southerland,,House CoSponsors:,A RESOLUTION to congratulate Dalton Goble of TCAT Morristown on his second-place finish at the 2023 SkillsUSA State Leadership and Skills Conference.,"Memorials, Recognition - Dalton Goble, SkillsUSA State Leadership and Skills Conference -",Not Available,Abstract summarizes the bill.,http://wapp.capitol.tn.gov/apps/BillInfo/default.aspx?BillNumber=SJR7052&GA=113
SJR7053,113th,2023_2024,SS1,,Southerland,,House CoSponsors:,A RESOLUTION to congratulate Joel Hembree of TCAT Morristown on his second-place finish at the 2023 SkillsUSA State Leadership and Skills Conference.,"Memorials, Recognition - Joel Hembree, SkillsUSA State Leadership and Skills Conference -",Not Available,Abstract summarizes the bill.,http://wapp.capitol.tn.gov/apps/BillInfo/default.aspx?BillNumber=SJR7053&GA=113
SJR7054,113th,2023_2024,SS1,,Southerland,,House CoSponsors:,A RESOLUTION to congratulate Derek Lucas of TCAT Morristown on his second-place finish at the 2023 SkillsUSA State Leadership and Skills Conference.,"Memorials, Recognition - Derek Lucas, SkillsUSA State Leadership and Skills Conference -",Not Available,Abstract summarizes the bill.,http://wapp.capitol.tn.gov/apps/BillInfo/default.aspx?BillNumber=SJR7054&GA=113
SJR7055,113th,2023_2024,SS1,,Southerland,,House CoSponsors:,A RESOLUTION to congratulate Blake Turner of TCAT Morristown on his second-place finish at the 2023 SkillsUSA State Leadership and Skills Conference.,"Memorials, Recognition - Blake Turner, SkillsUSA State Leadership and Skills Conference -",Not Available,Abstract summarizes the bill.,http://wapp.capitol.tn.gov/apps/BillInfo/default.aspx?BillNumber=SJR7055&GA=113
SJR7056,113th,2023_2024,SS1,,Southerland,,House CoSponsors:,A RESOLUTION to congratulate Joshua Burton of TCAT Morristown on his third-place finish at the 2023 SkillsUSA State Leadership and Skills Conference.,"Memorials, Recognition - Joshua Burton, SkillsUSA State Leadership and Skills Conference -",Not Available,Abstract summarizes the bill.,http://wapp.capitol.tn.gov/apps/BillInfo/default.aspx?BillNumber=SJR7056&GA=113
SJR7057,113th,2023_2024,SS1,,Southerland,,House CoSponsors:,A RESOLUTION to congratulate Sebastian Deluna of TCAT Morristown on his third-place finish at the 2023 SkillsUSA State Leadership and Skills Conference.,"Memorials, Recognition - Sebastian Deluna, SkillsUSA State Leadership and Skills Conference -",Not Available,Abstract summarizes the bill.,http://wapp.capitol.tn.gov/apps/BillInfo/default.aspx?BillNumber=SJR7057&GA=113
SJR7058,113th,2023_2024,SS1,,Southerland,,House CoSponsors:,A RESOLUTION to congratulate Dylan Jobe of TCAT Morristown on his third-place finish at the 2023 SkillsUSA State Leadership and Skills Conference.,"Memorials, Recognition - Dylan Jobe, SkillsUSA State Leadership and Skills Conference -",Not Available,Abstract summarizes the bill.,http://wapp.capitol.tn.gov/apps/BillInfo/default.aspx?BillNumber=SJR7058&GA=113
SJR7059,113th,2023_2024,SS1,,Southerland,,House CoSponsors:,A RESOLUTION to congratulate Connor Kinnaman of TCAT Morristown on his third-place finish at the 2023 SkillsUSA State Leadership and Skills Conference.,"Memorials, Recognition - Connor Kinnaman, SkillsUSA State Leadership and Skills Conference -",Not Available,Abstract summarizes the bill.,http://wapp.capitol.tn.gov/apps/BillInfo/default.aspx?BillNumber=SJR7059&GA=113
SJR7060,113th,2023_2024,SS1,,Southerland,,House CoSponsors:,A RESOLUTION to congratulate Gavin Konsela of TCAT Morristown on his third-place finish at the 2023 SkillsUSA State Leadership and Skills Conference.,"Memorials, Recognition - Gavin Konsela, SkillsUSA State Leadership and Skills Conference -",Not Available,Abstract summarizes the bill.,http://wapp.capitol.tn.gov/apps/BillInfo/default.aspx?BillNumber=SJR7060&GA=113
SJR7061,113th,2023_2024,SS1,,Southerland,,House CoSponsors:,A RESOLUTION to congratulate Charlie Lawson of TCAT Morristown on his third-place finish at the 2023 SkillsUSA State Leadership and Skills Conference.,"Memorials, Recognition - Charlie Lawson, SkillsUSA State Leadership and Skills Conference -",Not Available,Abstract summarizes the bill.,http://wapp.capitol.tn.gov/apps/BillInfo/default.aspx?BillNumber=SJR7061&GA=113
SJR7062,113th,2023_2024,SS1,,Southerland,,House CoSponsors:,A RESOLUTION to congratulate Diana Sharp of TCAT Morristown on her third-place finish at the 2023 SkillsUSA State Leadership and Skills Conference.,"Memorials, Recognition - Diana Sharp, SkillsUSA State Leadership and Skills Conference -",Not Available,Abstract summarizes the bill.,http://wapp.capitol.tn.gov/apps/BillInfo/default.aspx?BillNumber=SJR7062&GA=113
SJR7063,113th,2023_2024,SS1,,Southerland,,House CoSponsors:,A RESOLUTION to congratulate Jesse Simpson of TCAT Morristown on his third-place finish at the 2023 SkillsUSA State Leadership and Skills Conference.,"Memorials, Recognition - Jesse Simpson, SkillsUSA State Leadership and Skills Conference -",Not Available,Abstract summarizes the bill.,http://wapp.capitol.tn.gov/apps/BillInfo/default.aspx?BillNumber=SJR7063&GA=113
SJR7064,113th,2023_2024,SS1,,Southerland,,House CoSponsors:,A RESOLUTION to congratulate Asher West of TCAT Morristown on his third-place finish at the 2023 SkillsUSA State Leadership and Skills Conference.,"Memorials, Recognition - Asher West, SkillsUSA State Leadership and Skills Conference -",Not Available,Abstract summarizes the bill.,http://wapp.capitol.tn.gov/apps/BillInfo/default.aspx?BillNumber=SJR7064&GA=113
SJR7065,113th,2023_2024,SS1,,Southerland,,House CoSponsors:,A RESOLUTION to congratulate Dr. Leonor Taiano Campoverde upon her receipt of the Albatros Award.,"Memorials, Recognition - Dr. Leonor Taiano Campoverde, Albatros Award -",Not Available,Abstract summarizes the bill.,http://wapp.capitol.tn.gov/apps/BillInfo/default.aspx?BillNumber=SJR7065&GA=113
SJR7066,113th,2023_2024,SS1,,Southerland,,House CoSponsors:,A RESOLUTION to honor Ella Wampler of Morristown-Hamblen High School East on being named the Citizen Tribune Lakeway Area Softball Offensive Player of the Year.,"Memorials, Sports - Ella Wampler, Citizen Tribune Lakeway Area Softball Offensive Player of the Year -",Not Available,Abstract summarizes the bill.,http://wapp.capitol.tn.gov/apps/BillInfo/default.aspx?BillNumber=SJR7066&GA=113
SJR7067,113th,2023_2024,SS1,,Southerland,,House CoSponsors:,A RESOLUTION to honor and congratulate Briony Bunsic of Morristown-Hamblen High School West on being named the Citizen Tribune Lakeway Area Softball Player of the Year.,"Memorials, Sports - Briony Bunsic, Citizen Tribune's Lakeway Area Softball Player of the Year -",Not Available,Abstract summarizes the bill.,http://wapp.capitol.tn.gov/apps/BillInfo/default.aspx?BillNumber=SJR7067&GA=113
SJR7068,113th,2023_2024,SS1,,Southerland,,House CoSponsors:,A RESOLUTION to honor and congratulate OTICS USA upon its receipt of the Toyota Superior Quality Performance Award.,"Memorials, Professional Achievement - OTICS USA, Toyota Superior Quality Performance Award -",Not Available,Abstract summarizes the bill.,http://wapp.capitol.tn.gov/apps/BillInfo/default.aspx?BillNumber=SJR7068&GA=113
SJR7069,113th,2023_2024,SS1,,Southerland,,House CoSponsors:,A RESOLUTION to honor and congratulate Luis Castillo of Lakeway Christian Academy on being named to the Tennessee Sports Writers Association's DII-A All-State baseball team.,"Memorials, Sports - Luis Castillo, TSWA DII-A All-State baseball team -",Not Available,Abstract summarizes the bill.,http://wapp.capitol.tn.gov/apps/BillInfo/default.aspx?BillNumber=SJR7069&GA=113
SJR7070,113th,2023_2024,SS1,,Southerland,,House CoSponsors:,A RESOLUTION to honor and congratulate Kasey Pillion of Lakeway Christian Academy on being named to the Tennessee Sports Writers Association's DII-A All-State softball team.,"Memorials, Sports - Kasey Pillion, TSWA DII-A All-State softball team -",Not Available,Abstract summarizes the bill.,http://wapp.capitol.tn.gov/apps/BillInfo/default.aspx?BillNumber=SJR7070&GA=113
SJR7071,113th,2023_2024,SS1,,Southerland,,House CoSponsors:,A RESOLUTION to honor and congratulate Katie Fultz of Lakeway Christian Academy on being named to the Tennessee Sports Writers Association's DII-A All-State softball team.,"Memorials, Sports - Katie Fultz, TSWA DII-A All-State softball team -",Not Available,Abstract summarizes the bill.,http://wapp.capitol.tn.gov/apps/BillInfo/default.aspx?BillNumber=SJR7071&GA=113
SJR7072,113th,2023_2024,SS1,,Southerland,,House CoSponsors:,A RESOLUTION to congratulate Jessica McClure upon her receipt of the History in the Media Award.,"Memorials, Recognition - Jessica McClure, History in the Media Award -",Not Available,Abstract summarizes the bill.,http://wapp.capitol.tn.gov/apps/BillInfo/default.aspx?BillNumber=SJR7072&GA=113
SJR7073,113th,2023_2024,SS1,,Southerland,,House CoSponsors:,A RESOLUTION to honor and commend Kay Senter on her receipt of the Lifetime Achievement Award for Service to Youth.,"Memorials, Recognition - Kay Senter, Boys and Girls Club Lifetime Achievement Award  -",Not Available,Abstract summarizes the bill.,http://wapp.capitol.tn.gov/apps/BillInfo/default.aspx?BillNumber=SJR7073&GA=113
SJR7074,113th,2023_2024,SS1,,Campbell,,,A RESOLUTION to support and raise public awareness of the 988 Suicide and Crisis Lifeline in Tennessee.,"General Assembly, Statement of Intent or Position - Supports use of  the 988 Suicide and Crisis Lifeline. -",Not Available,Abstract summarizes the bill.,http://wapp.capitol.tn.gov/apps/BillInfo/default.aspx?BillNumber=SJR7074&GA=113
SJR7075,113th,2023_2024,SS1,,Yager,,House CoSponsors:,"A RESOLUTION to honor the memory of Walter Matthew ""Matt"" Headden of Oliver Springs.","Memorials, Death - Walter Matthew ""Matt"" Headden -",Not Available,Abstract summarizes the bill.,http://wapp.capitol.tn.gov/apps/BillInfo/default.aspx?BillNumber=SJR7075&GA=113
SJR7076,113th,2023_2024,SS1,,Pody,,House CoSponsors:,A RESOLUTION to recognize PRAY Nashville.,"Memorials, Recognition - PRAY Nashville -",Not Available,Abstract summarizes the bill.,http://wapp.capitol.tn.gov/apps/BillInfo/default.aspx?BillNumber=SJR7076&GA=113
SJR7077,113th,2023_2024,SS1,,Pody,,House CoSponsors:,A RESOLUTION to honor Bobbie Patray for her many years of service to the people of Tennessee.,"Memorials, Recognition - Bobbie Patray -",Not Available,Abstract summarizes the bill.,http://wapp.capitol.tn.gov/apps/BillInfo/default.aspx?BillNumber=SJR7077&GA=113
SJR7078,113th,2023_2024,SS1,,Pody,,House CoSponsors:,A RESOLUTION to recognize Police Chief James Hambrick of the Mt. Juliet Police Department on the occasion of his retirement.,"Memorials, Retirement - Chief James Hambrick, Mt. Juliet Police Department -",Not Available,Abstract summarizes the bill.,http://wapp.capitol.tn.gov/apps/BillInfo/default.aspx?BillNumber=SJR7078&GA=113
SJR7079,113th,2023_2024,SS1,,Pody,,House CoSponsors:,A RESOLUTION to recognize The Church at Large King's Hill House of Prayer.,"Memorials, Recognition - The Church at Large King's Hill House of Prayer -",Not Available,Abstract summarizes the bill.,http://wapp.capitol.tn.gov/apps/BillInfo/default.aspx?BillNumber=SJR7079&GA=113
SJR7080,113th,2023_2024,SS1,,Pody,,House CoSponsors:,A RESOLUTION to honor and commend Sergeant Major Jason Glaskox upon his recognition as 2022-2023 National Young Marine of the Year.,"Memorials, Recognition - Jason Glaskox, 2022-2023 National Young Marine of the Year -",Not Available,Abstract summarizes the bill.,http://wapp.capitol.tn.gov/apps/BillInfo/default.aspx?BillNumber=SJR7080&GA=113
SJR7081,113th,2023_2024,SS1,,Pody,,House CoSponsors:,A RESOLUTION to honor Reverend Gary R. Wilson on his thirty years of ministry at Lebanon First Nazarene Church.,"Memorials, Recognition - Reverend Gary R. Wilson -",Not Available,Abstract summarizes the bill.,http://wapp.capitol.tn.gov/apps/BillInfo/default.aspx?BillNumber=SJR7081&GA=113
SJR7082,113th,2023_2024,SS1,,Pody,,House CoSponsors:,A RESOLUTION to honor Susie James and WANT/WCOR Radio on the station's thirtieth anniversary.,"Memorials, Recognition - Susie James and WANT/WCOR Radio -",Not Available,Abstract summarizes the bill.,http://wapp.capitol.tn.gov/apps/BillInfo/default.aspx?BillNumber=SJR7082&GA=113
SJR7083,113th,2023_2024,SS1,,Johnson,,,A RESOLUTION to honor the memory of Beverly Bryant Knight-Hurley of Antioch.,"Memorials, Death - Beverly Bryant Knight-Hurley -",Not Available,Abstract summarizes the bill.,http://wapp.capitol.tn.gov/apps/BillInfo/default.aspx?BillNumber=SJR7083&GA=113
SJR7084,113th,2023_2024,SS1,,Johnson,,,A RESOLUTION to recognize Chief David Windrow of Nolensville Fire and Rescue upon being named Tennessee Fire Chief of the Year.,"Memorials, Recognition - Chief David Windrow, Tennessee Fire Chief of the Year -",Not Available,Abstract summarizes the bill.,http://wapp.capitol.tn.gov/apps/BillInfo/default.aspx?BillNumber=SJR7084&GA=113
SJR7085,113th,2023_2024,SS1,,Johnson,,,A RESOLUTION to provide for the adjournment sine die of the First Extraordinary Session of the One Hundred Thirteenth General Assembly.,"General Assembly, Adjournment - Adjourns sine die First Extraordinary Session of 113th General Assembly on August 25, 2023. -",Not Available,Abstract summarizes the bill.,http://wapp.capitol.tn.gov/apps/BillInfo/default.aspx?BillNumber=SJR7085&GA=113
SJR7086,113th,2023_2024,SS1,,Johnson,,,A RESOLUTION to provide for the adjournment sine die of the First Extraordinary Session of the One Hundred Thirteenth General Assembly.,"General Assembly, Adjournment - Adjourns sine die First Extraordinary Session of 113th General Assembly on August 24, 2023. -",Not Available,Abstract summarizes the bill.,http://wapp.capitol.tn.gov/apps/BillInfo/default.aspx?BillNumber=SJR7086&GA=113
SJR7087,113th,2023_2024,SS1,,Johnson,,,A RESOLUTION to provide for the adjournment sine die of the First Extraordinary Session of the One Hundred Thirteenth General Assembly.,"General Assembly, Adjournment - Adjourns sine die First Extraordinary Session of 113th General Assembly on August 23, 2023. -",Not Available,Abstract summarizes the bill.,http://wapp.capitol.tn.gov/apps/BillInfo/default.aspx?BillNumber=SJR7087&GA=113
SJR7088,113th,2023_2024,SS1,,Massey,Briggs,,"A RESOLUTION to commemorate September 9, 2024, as ""Sara O'Meara Day"" in Tennessee.","Memorials, Recognition - Sara O'Meara Day -",Not Available,Abstract summarizes the bill.,http://wapp.capitol.tn.gov/apps/BillInfo/default.aspx?BillNumber=SJR7088&GA=113
SJR7089,113th,2023_2024,SS1,,Massey,"Briggs, McNally",House CoSponsors:,"A RESOLUTION to honor the memory of Wallace ""Dwight"" Kessel, former Knox County Executive.","Memorials, Death - Wallace ""Dwight"" Kessel -",Not Available,Abstract summarizes the bill.,http://wapp.capitol.tn.gov/apps/BillInfo/default.aspx?BillNumber=SJR7089&GA=113
SJR7090,113th,2023_2024,SS1,,Massey,"Briggs, McNally",House CoSponsors:,A RESOLUTION to recognize Jeff Welch on the occasion of his retirement.,"Memorials, Retirement - Jeff Welch -",Not Available,Abstract summarizes the bill.,http://wapp.capitol.tn.gov/apps/BillInfo/default.aspx?BillNumber=SJR7090&GA=113
SJR7091,113th,2023_2024,SS1,,Massey,"Briggs, McNally",House CoSponsors:,A RESOLUTION to honor and recognize Kramer Rayson LLP on the occasion of its seventy-fifth anniversary.,"Memorials, Recognition - Kramer Rayson LLP, 75th anniversary -",Not Available,Abstract summarizes the bill.,http://wapp.capitol.tn.gov/apps/BillInfo/default.aspx?BillNumber=SJR7091&GA=113
SJR7092,113th,2023_2024,SS1,,Massey,"Briggs, McNally",House CoSponsors:,A RESOLUTION to honor David Butler on his retirement as executive director of the Knoxville Museum of Art.,"Memorials, Retirement - David Butler, Executive Director, Knoxville Museum of Art -",Not Available,Abstract summarizes the bill.,http://wapp.capitol.tn.gov/apps/BillInfo/default.aspx?BillNumber=SJR7092&GA=113
SJR7093,113th,2023_2024,SS1,,Massey,"Briggs, McNally, Yager",House CoSponsors:,A RESOLUTION to recognize DeRoyal Industries on the occasion of its fiftieth anniversary.,"Memorials, Recognition - DeRoyal Industries, 50th anniversary -",Not Available,Abstract summarizes the bill.,http://wapp.capitol.tn.gov/apps/BillInfo/default.aspx?BillNumber=SJR7093&GA=113
SJR7094,113th,2023_2024,SS1,,Akbari,,,"A RESOLUTION to honor and congratulate Lieutenant Colonel Ryan J. Sells of the United States Air Force, recently appointed commander of the 15th Test and Evaluation Squadron.","Memorials, Recognition - Lieutenant Colonel Ryan J. Sells -",Not Available,Abstract summarizes the bill.,http://wapp.capitol.tn.gov/apps/BillInfo/default.aspx?BillNumber=SJR7094&GA=113
SJR7095,113th,2023_2024,SS1,,Akbari,,,A RESOLUTION to recognize and honor Barbecue Hall of Fame member Desiree Robinson.,"Memorials, Recognition - Desiree Robinson -",Not Available,Abstract summarizes the bill.,http://wapp.capitol.tn.gov/apps/BillInfo/default.aspx?BillNumber=SJR7095&GA=113
SJR7096,113th,2023_2024,SS1,,Akbari,,,A RESOLUTION to recognize Debra G. Shults on the occasion of her retirement.,"Memorials, Retirement - Debra G. Shults -",Not Available,Abstract summarizes the bill.,http://wapp.capitol.tn.gov/apps/BillInfo/default.aspx?BillNumber=SJR7096&GA=113
SJR7097,113th,2023_2024,SS1,,Crowe,Lundberg,House CoSponsors:,"A RESOLUTION to honor the memory of Renfro Blackburn ""Buddy"" Baird III of Rogersville.","Memorials, Death - Renfro Blackburn ""Buddy"" Baird III -",Not Available,Abstract summarizes the bill.,http://wapp.capitol.tn.gov/apps/BillInfo/default.aspx?BillNumber=SJR7097&GA=113
SJR7098,113th,2023_2024,SS1,,McNally,,,A RESOLUTION to honor and congratulate Kathryn Osburn on the celebration of her nineteenth birthday.,"Memorials, Personal Occasion - Kathryn Osburn, 19th birthday -",Not Available,Abstract summarizes the bill.,http://wapp.capitol.tn.gov/apps/BillInfo/default.aspx?BillNumber=SJR7098&GA=113
SJR7099,113th,2023_2024,SS1,,Akbari,"Yarbro, Lamar, Kyle, Campbell, Oliver, Bailey, Bowling, Briggs, Crowe, Gardenhire, Haile, Hensley, Jackson, Johnson, Lowe, Lundberg, Massey, Niceley, Pody, Powers, Reeves, Roberts, Rose, Southerland, Stevens, Swann, Taylor, Walley, Watson, White, Yager, McNally",,A RESOLUTION to honor the memory of Senator Roy Herron.,"Memorials, Death - Senator Roy Herron -",Not Available,Abstract summarizes the bill.,http://wapp.capitol.tn.gov/apps/BillInfo/default.aspx?BillNumber=SJR7099&GA=113
SJR7100,113th,2023_2024,SS1,,Crowe,Lundberg,House CoSponsors:,A RESOLUTION to honor and commend the Johnson County Senior Center for receiving national accreditation from the National Council on Aging.,"Memorials, Recognition - Johnson County Senior Center  -",Not Available,Abstract summarizes the bill.,http://wapp.capitol.tn.gov/apps/BillInfo/default.aspx?BillNumber=SJR7100&GA=113
SJR7101,113th,2023_2024,SS1,,Bowling,,,A RESOLUTION to provide for the adjournment sine die of the First Extraordinary Session of the One Hundred Thirteenth General Assembly.,"General Assembly, Adjournment - Adjourns sine die First Extraordinary Session of 113th General Assembly on August 22, 2023. -",Not Available,Abstract summarizes the bill.,http://wapp.capitol.tn.gov/apps/BillInfo/default.aspx?BillNumber=SJR7101&GA=113
SJR7102,113th,2023_2024,SS1,,Pody,Powers,House CoSponsors:,A RESOLUTION to honor and commend W.P. Bone for his service to his community and Cumberland University.,"Memorials, Recognition - W.P Bone -",Not Available,Abstract summarizes the bill.,http://wapp.capitol.tn.gov/apps/BillInfo/default.aspx?BillNumber=SJR7102&GA=113
SJR7103,113th,2023_2024,SS1,,Pody,,House CoSponsors:,A RESOLUTION to recognize William Michael Owen of the Wilson County Sheriff's Office on the occasion of his retirement.,"Memorials, Retirement - William Michael Owen, Wilson County Sheriff's Office -",Not Available,Abstract summarizes the bill.,http://wapp.capitol.tn.gov/apps/BillInfo/default.aspx?BillNumber=SJR7103&GA=113
SJR7104,113th,2023_2024,SS1,,Pody,Yager,House CoSponsors:,A RESOLUTION to honor Dr. Ben Graham for his years of service as senior pastor of Music City Baptist Church.,"Memorials, Recognition - Dr. Ben Graham -",Not Available,Abstract summarizes the bill.,http://wapp.capitol.tn.gov/apps/BillInfo/default.aspx?BillNumber=SJR7104&GA=113
SJR7105,113th,2023_2024,SS1,,Pody,,House CoSponsors:,A RESOLUTION to recognize PRAY Nashville.,"Memorials, Recognition - PRAY Nashville -",Not Available,Abstract summarizes the bill.,http://wapp.capitol.tn.gov/apps/BillInfo/default.aspx?BillNumber=SJR7105&GA=113
SJR7106,113th,2023_2024,SS1,,Southerland,"Akbari, Bailey, Bowling, Briggs, Campbell, Crowe, Gardenhire, Haile, Hensley, Jackson, Johnson, Kyle, Lowe, Lundberg, Massey, Niceley, Oliver, Pody, Powers, Reeves, Roberts, Stevens, Swann, Taylor, Walley, Watson, White, Yager, Yarbro, McNally",House CoSponsors:,A RESOLUTION to honor and commend Gerald Parish for his honorable and astute service to the State of Tennessee.,"Memorials, Retirement - Gerald Parish -",Not Available,Abstract summarizes the bill.,http://wapp.capitol.tn.gov/apps/BillInfo/default.aspx?BillNumber=SJR7106&GA=113
SJR7107,113th,2023_2024,SS1,,Southerland,Crowe,House CoSponsors:,A RESOLUTION to honor and congratulate the Unicoi County Little League softball team upon winning the 2023 State Championship.,"Memorials, Sports - Unicoi County Little League softball team, state champions -",Not Available,Abstract summarizes the bill.,http://wapp.capitol.tn.gov/apps/BillInfo/default.aspx?BillNumber=SJR7107&GA=113
SJR7108,113th,2023_2024,SS1,,Southerland,,House CoSponsors:,A RESOLUTION to recognize Lieutenant Earl Mysinger of the Greene County Sheriff's Department on the occasion of his retirement.,"Memorials, Retirement - Lt. Earl Mysinger, Greene County Sheriff's Department -",Not Available,Abstract summarizes the bill.,http://wapp.capitol.tn.gov/apps/BillInfo/default.aspx?BillNumber=SJR7108&GA=113
SJR7109,113th,2023_2024,SS1,,Southerland,,House CoSponsors:,A RESOLUTION to honor and congratulate Alayna Smith of Greene County Partnership on her receipt of the Rising Star Award.,"Memorials, Recognition - Alayna Smith, Rising Star Award -",Not Available,Abstract summarizes the bill.,http://wapp.capitol.tn.gov/apps/BillInfo/default.aspx?BillNumber=SJR7109&GA=113
SJR7110,113th,2023_2024,SS1,,Southerland,,House CoSponsors:,A RESOLUTION to honor and congratulate Jennifer Wilder of Greene County Partnership on her receipt of the Sustainability Award.,"Memorials, Recognition - Jennifer Wilder, Sustainability Award -",Not Available,Abstract summarizes the bill.,http://wapp.capitol.tn.gov/apps/BillInfo/default.aspx?BillNumber=SJR7110&GA=113
SJR7111,113th,2023_2024,SS1,,Southerland,,House CoSponsors:,A RESOLUTION to honor and congratulate Paola Martinez upon her first-place finish in the 2023 U.S. Open Judo Championship.,"Memorials, Sports - Paola Martinez, U.S. Open Judo Championship -",Not Available,Abstract summarizes the bill.,http://wapp.capitol.tn.gov/apps/BillInfo/default.aspx?BillNumber=SJR7111&GA=113
SJR7112,113th,2023_2024,SS1,,Southerland,,House CoSponsors:,A RESOLUTION to honor and congratulate Dr. Erika Stevens on her selection as the Community College Teacher of the Year by the American Association of Teachers of Spanish and Portuguese.,"Memorials, Recognition - Dr. Erika Stevens -",Not Available,Abstract summarizes the bill.,http://wapp.capitol.tn.gov/apps/BillInfo/default.aspx?BillNumber=SJR7112&GA=113
SJR7113,113th,2023_2024,SS1,,Southerland,,House CoSponsors:,A RESOLUTION to congratulate Corbin and Jessica Neas upon being named Cocke County's winner in the Tennessee Farm Bureau Young Farmers and Ranchers Achievement Award contest.,"Memorials, Recognition - Corbin and Jessica Neas, Tennessee Farm Bureau Young Farmers and Ranchers Achievement Award  -",Not Available,Abstract summarizes the bill.,http://wapp.capitol.tn.gov/apps/BillInfo/default.aspx?BillNumber=SJR7113&GA=113
SJR7114,113th,2023_2024,SS1,,Southerland,,House CoSponsors:,A RESOLUTION to recognize Cindy Cameron Ogle on the occasion of her retirement.,"Memorials, Retirement - Cindy Cameron Ogle -",Not Available,Abstract summarizes the bill.,http://wapp.capitol.tn.gov/apps/BillInfo/default.aspx?BillNumber=SJR7114&GA=113
SJR7115,113th,2023_2024,SS1,,Southerland,,House CoSponsors:,A RESOLUTION to congratulate Kylie Patterson on her receipt of the Girl Scout Gold Award.,"Memorials, Recognition - Kylie Patterson, Girl Scout Gold Award -",Not Available,Abstract summarizes the bill.,http://wapp.capitol.tn.gov/apps/BillInfo/default.aspx?BillNumber=SJR7115&GA=113
SJR7116,113th,2023_2024,SS1,,Southerland,,House CoSponsors:,A RESOLUTION to recognize Police Chief Randy Brackins of the Gatlinburg Police Department on the occasion of his retirement.,"Memorials, Retirement - Randy Brackins, Gatlinburg Police Chief -",Not Available,Abstract summarizes the bill.,http://wapp.capitol.tn.gov/apps/BillInfo/default.aspx?BillNumber=SJR7116&GA=113
SJR7117,113th,2023_2024,SS1,,Southerland,,House CoSponsors:,A RESOLUTION to honor and congratulate the Greeneville High School Greene Devils baseball team upon winning the 2023 TSSAA Class 3A State Championship.,"Memorials, Sports - Greeneville High School baseball team, 2023 TSSAA Class 3A state champions -",Not Available,Abstract summarizes the bill.,http://wapp.capitol.tn.gov/apps/BillInfo/default.aspx?BillNumber=SJR7117&GA=113
SJR7118,113th,2023_2024,SS1,,Southerland,,House CoSponsors:,A RESOLUTION to recognize Westview Missionary Baptist Church on the occasion of its seventy-fifth anniversary.,"Memorials, Recognition - Westview Missionary Baptist Church, 75th anniversary -",Not Available,Abstract summarizes the bill.,http://wapp.capitol.tn.gov/apps/BillInfo/default.aspx?BillNumber=SJR7118&GA=113
SJR7119,113th,2023_2024,SS1,,Southerland,,House CoSponsors:,A RESOLUTION to recognize Pamela Purkey on the occasion of her retirement from the Hamblen County Health Department.,"Memorials, Retirement - Pamela Purkey, Hamblen County Health Department -",Not Available,Abstract summarizes the bill.,http://wapp.capitol.tn.gov/apps/BillInfo/default.aspx?BillNumber=SJR7119&GA=113
SJR7120,113th,2023_2024,SS1,,Southerland,,House CoSponsors:,A RESOLUTION to honor Judge Thomas J. Wright on the occasion of his retirement from the bench.,"Memorials, Retirement - Judge Thomas J. Wright -",Not Available,Abstract summarizes the bill.,http://wapp.capitol.tn.gov/apps/BillInfo/default.aspx?BillNumber=SJR7120&GA=113
SJR7121,113th,2023_2024,SS1,,Southerland,,House CoSponsors:,A RESOLUTION to honor and congratulate Jayquan Price of Greeneville High School on winning the TSSAA Class 2A state championships in the long jump and the triple jump.,"Memorials, Sports - Jayquan Price, TSSAA Class 2A state long jump and triple jump champion -",Not Available,Abstract summarizes the bill.,http://wapp.capitol.tn.gov/apps/BillInfo/default.aspx?BillNumber=SJR7121&GA=113
SJR7122,113th,2023_2024,SS1,,Southerland,,House CoSponsors:,A RESOLUTION to honor and congratulate Zayden Anderson of Greeneville High School on his second-place finish in the long jump at the TSSAA Class 2A state championships.,"Memorials, Sports - Zayden Anderson, TSSAA Class 2A track and field state championships -",Not Available,Abstract summarizes the bill.,http://wapp.capitol.tn.gov/apps/BillInfo/default.aspx?BillNumber=SJR7122&GA=113
SJR7123,113th,2023_2024,SS1,,Southerland,,House CoSponsors:,A RESOLUTION to honor and congratulate J.J. Durbin of Greeneville High School on his performance at the TSSAA Class 2A track and field state championships.,"Memorials, Sports - J.J. Durbin, TSSAA Class 2A track and field state championships -",Not Available,Abstract summarizes the bill.,http://wapp.capitol.tn.gov/apps/BillInfo/default.aspx?BillNumber=SJR7123&GA=113
SJR7124,113th,2023_2024,SS1,,Southerland,,House CoSponsors:,"A RESOLUTION to congratulate Abbey Cox of West Greene High School on her performance at the 2023 TSSAA Division I, Class A Girls' Track and Field State Championship.","Memorials, Sports - Abbey Cox -",Not Available,Abstract summarizes the bill.,http://wapp.capitol.tn.gov/apps/BillInfo/default.aspx?BillNumber=SJR7124&GA=113
SJR7125,113th,2023_2024,SS1,,Southerland,,House CoSponsors:,"A RESOLUTION to congratulate Cadence Mancil of South Greene High School on her performance at the 2023 TSSAA Division I, Class A Girls' Track and Field State Championship.","Memorials, Sports - Cadence Mancil -",Not Available,Abstract summarizes the bill.,http://wapp.capitol.tn.gov/apps/BillInfo/default.aspx?BillNumber=SJR7125&GA=113
SJR7126,113th,2023_2024,SS1,,Southerland,,House CoSponsors:,"A RESOLUTION to congratulate Niome Merrill of Chuckey-Doak High School on her performance at the 2023 TSSAA Division I, Class A Girls' Track and Field State Championship.","Memorials, Sports - Niome Merrill -",Not Available,Abstract summarizes the bill.,http://wapp.capitol.tn.gov/apps/BillInfo/default.aspx?BillNumber=SJR7126&GA=113
SJR7127,113th,2023_2024,SS1,,Southerland,,House CoSponsors:,"A RESOLUTION to congratulate Taliah Johnson of Chuckey-Doak High School on her performance at the 2023 TSSAA Division I, Class A Girls' Track and Field State Championship.","Memorials, Sports - Taliah Johnson -",Not Available,Abstract summarizes the bill.,http://wapp.capitol.tn.gov/apps/BillInfo/default.aspx?BillNumber=SJR7127&GA=113
SJR7128,113th,2023_2024,SS1,,Southerland,,House CoSponsors:,"A RESOLUTION to congratulate the members of the South Greene High School 4x800-meter relay team on their performance at the 2023 TSSAA Division I, Class A Girls' Track and Field State Championship.","Memorials, Sports - South Greene High School's 4x800-meter relay team -",Not Available,Abstract summarizes the bill.,http://wapp.capitol.tn.gov/apps/BillInfo/default.aspx?BillNumber=SJR7128&GA=113
SJR7129,113th,2023_2024,SS1,,Southerland,,House CoSponsors:,A RESOLUTION to honor and congratulate Blake May of South Greene High School on his performance at the TSSAA Class A track and field state championships.,"Memorials, Sports - Blake May, TSSAA Class A track and field state championships -",Not Available,Abstract summarizes the bill.,http://wapp.capitol.tn.gov/apps/BillInfo/default.aspx?BillNumber=SJR7129&GA=113
SJR7130,113th,2023_2024,SS1,,Southerland,,House CoSponsors:,A RESOLUTION to recognize the Sevier County EMS upon its receipt of the Star of Life Award.,"Memorials, Recognition - Sevier County Emergency Medical Services -",Not Available,Abstract summarizes the bill.,http://wapp.capitol.tn.gov/apps/BillInfo/default.aspx?BillNumber=SJR7130&GA=113
SJR7131,113th,2023_2024,SS1,,Southerland,,House CoSponsors:,A RESOLUTION to honor and congratulate Brayden Maples of Gatlinburg-Pittman Junior High School on his performance at the TMSAA Track and Field State Championship.,"Memorials, Sports - Brayden Maples, TMSAA Track and Field State Championship -",Not Available,Abstract summarizes the bill.,http://wapp.capitol.tn.gov/apps/BillInfo/default.aspx?BillNumber=SJR7131&GA=113
SJR7132,113th,2023_2024,SS1,,Southerland,,House CoSponsors:,A RESOLUTION to commend and congratulate the members of the Greeneville Civil Air Patrol Squadron's drone flight team.,"Memorials, Recognition - Greeneville Civil Air Patrol Squadron's drone flight team -",Not Available,Abstract summarizes the bill.,http://wapp.capitol.tn.gov/apps/BillInfo/default.aspx?BillNumber=SJR7132&GA=113
SJR7133,113th,2023_2024,SS1,,Southerland,,House CoSponsors:,A RESOLUTION to congratulate the Greene County Sheriff's Department on its recent recognition at the Lifesavers' Conference and Law Enforcement Challenge.,"Memorials, Recognition - Greene County Sheriff's Department -",Not Available,Abstract summarizes the bill.,http://wapp.capitol.tn.gov/apps/BillInfo/default.aspx?BillNumber=SJR7133&GA=113
SJR7134,113th,2023_2024,SS1,,Southerland,,House CoSponsors:,A RESOLUTION to honor and congratulate the Walters State Campus Police Department upon being named the top college/university police force.,"Memorials, Recognition - Walters State Community College Campus Police Department -",Not Available,Abstract summarizes the bill.,http://wapp.capitol.tn.gov/apps/BillInfo/default.aspx?BillNumber=SJR7134&GA=113
SJR7135,113th,2023_2024,SS1,,Southerland,,House CoSponsors:,A RESOLUTION to honor and commend Pamela Bettis-Tanner of Greeneville upon being named the National Champion in her age group at the National Senior Games.,"Memorials, Sports - Pamela Bettis-Tanner -",Not Available,Abstract summarizes the bill.,http://wapp.capitol.tn.gov/apps/BillInfo/default.aspx?BillNumber=SJR7135&GA=113
SJR7136,113th,2023_2024,SS1,,Lowe,"Akbari, Bailey, Bowling, Briggs, Campbell, Crowe, Gardenhire, Haile, Hensley, Jackson, Johnson, Kyle, Lundberg, Massey, Niceley, Oliver, Pody, Powers, Reeves, Roberts, Southerland, Stevens, Swann, Taylor, Walley, Watson, White, Yager, Yarbro, McNally",House CoSponsors:,A RESOLUTION to honor the memory of Dr. Burkett Levon Witt of Athens.,"Memorials, Death - Dr. Burkett Levon Witt -",Not Available,Abstract summarizes the bill.,http://wapp.capitol.tn.gov/apps/BillInfo/default.aspx?BillNumber=SJR7136&GA=113
SJR7137,113th,2023_2024,SS1,,Briggs,"McNally, Massey",House CoSponsors:,A RESOLUTION to honor and congratulate Clara Jewel Hall Hughes on the celebration of her 103rd birthday.,"Memorials, Personal Occasion - Clara Jewel Hall Hughes, 103rd birthday -",Not Available,Abstract summarizes the bill.,http://wapp.capitol.tn.gov/apps/BillInfo/default.aspx?BillNumber=SJR7137&GA=113
SJR7138,113th,2023_2024,SS1,,Gardenhire,,,A RESOLUTION to honor the memory of Tennessee Highway Patrol Sergeant Harold Lee Russell II.,"Memorials, Death - Sergeant Harold Lee Russell II -",Not Available,Abstract summarizes the bill.,http://wapp.capitol.tn.gov/apps/BillInfo/default.aspx?BillNumber=SJR7138&GA=113
SJR7139,113th,2023_2024,SS1,,Powers,,House CoSponsors:,A RESOLUTION to recognize the Eta Gamma chapter of the Alpha Delta Pi sorority.,"Memorials, Recognition - Eta Gamma chapter of Alpha Delta Pi, 40th anniversary -",Not Available,Abstract summarizes the bill.,http://wapp.capitol.tn.gov/apps/BillInfo/default.aspx?BillNumber=SJR7139&GA=113
SJR7140,113th,2023_2024,SS1,,Akbari,"Kyle, Lamar, Taylor",House CoSponsors:,A RESOLUTION to recognize Jim Jaggers on the occasion of his retirement.,"Memorials, Retirement - Jim Jaggers -",Not Available,Abstract summarizes the bill.,http://wapp.capitol.tn.gov/apps/BillInfo/default.aspx?BillNumber=SJR7140&GA=113
SJR7141,113th,2023_2024,SS1,,Akbari,"Kyle, Lamar",House CoSponsors:,A RESOLUTION to honor and commend Dabney Ring for her honorable and astute service to the City of Memphis and the State of Tennessee.,"Memorials, Recognition - Dabney Ring -",Not Available,Abstract summarizes the bill.,http://wapp.capitol.tn.gov/apps/BillInfo/default.aspx?BillNumber=SJR7141&GA=113
SJR7142,113th,2023_2024,SS1,,Yarbro,"Campbell, Kyle, Oliver, Lamar, Akbari",House CoSponsors:,A RESOLUTION to honor the memory of Don Francis Farmer of Milan.,"Memorials, Death - Don Farmer -",Not Available,Abstract summarizes the bill.,http://wapp.capitol.tn.gov/apps/BillInfo/default.aspx?BillNumber=SJR7142&GA=113
SJR7143,113th,2023_2024,SS1,,Yager,"Akbari, Bailey, Bowling, Briggs, Campbell, Crowe, Gardenhire, Haile, Hensley, Jackson, Johnson, Kyle, Lamar, Lowe, Lundberg, Massey, Niceley, Oliver, Pody, Powers, Reeves, Roberts, Rose, Southerland, Stevens, Swann, Taylor, Walley, Watson, White, Yarbro, McNally",House CoSponsors:,A RESOLUTION to honor the memory of Sergeant William Jace Cherry of Clay County.,"Memorials, Death - Sergeant William Jace Cherry -",Not Available,Abstract summarizes the bill.,http://wapp.capitol.tn.gov/apps/BillInfo/default.aspx?BillNumber=SJR7143&GA=113
SJR7144,113th,2023_2024,SS1,,Crowe,,,A RESOLUTION to commend the Schubert Club of Jonesborough on the occasion of its 125th anniversary.,"Memorials, Recognition - Schubert Club, 125th anniversary -",Not Available,Abstract summarizes the bill.,http://wapp.capitol.tn.gov/apps/BillInfo/default.aspx?BillNumber=SJR7144&GA=113
SJR7145,113th,2023_2024,SS1,,Akbari,,House CoSponsors:,A RESOLUTION to honor and congratulate WDIA Radio of Memphis on the occasion of its seventy-fifth anniversary.,"Memorials, Recognition - WDIA, 75th anniversary -",Not Available,Abstract summarizes the bill.,http://wapp.capitol.tn.gov/apps/BillInfo/default.aspx?BillNumber=SJR7145&GA=113
SJR7146,113th,2023_2024,SS1,,Johnson,,,"A RESOLUTION to honor the memory of Raymond ""Ray"" Lester Barrett of Franklin.","Memorials, Death - Raymond ""Ray"" Lester Barrett -",Not Available,Abstract summarizes the bill.,http://wapp.capitol.tn.gov/apps/BillInfo/default.aspx?BillNumber=SJR7146&GA=113
SJR7147,113th,2023_2024,SS1,,Bailey,,,A RESOLUTION to honor and congratulate Jane Anna Phillips Vailes on the celebration of her 108th birthday.,"Memorials, Personal Occasion - Jane Anna Phillips Vailes, 108th birthday -",Not Available,Abstract summarizes the bill.,http://wapp.capitol.tn.gov/apps/BillInfo/default.aspx?BillNumber=SJR7147&GA=113
SJR7148,113th,2023_2024,SS1,,Massey,"Briggs, McNally, Akbari, Bailey, Bowling, Campbell, Crowe, Gardenhire, Haile, Hensley, Jackson, Johnson, Kyle, Lamar, Lowe, Lundberg, Niceley, Oliver, Pody, Powers, Reeves, Roberts, Rose, Southerland, Stevens, Swann, Taylor, Walley, Watson, White, Yager, Yarbro",,A RESOLUTION to honor the memory of Benjamin Matthew Kredich of Knoxville.,"Memorials, Death - Benjamin Matthew Kredich -",Not Available,Abstract summarizes the bill.,http://wapp.capitol.tn.gov/apps/BillInfo/default.aspx?BillNumber=SJR7148&GA=113
SJR7149,113th,2023_2024,SS1,,Pody,,,A RESOLUTION to recognize Generation Changers Church on the occasion of its twentieth anniversary.,"Memorials, Recognition - Generation Changers Church, 20th anniversary -",Not Available,Abstract summarizes the bill.,http://wapp.capitol.tn.gov/apps/BillInfo/default.aspx?BillNumber=SJR7149&GA=113
SJR7150,113th,2023_2024,SS1,,Johnson,,,A RESOLUTION to provide for the adjournment sine die of the First Extraordinary Session of the One Hundred Thirteenth General Assembly.,"General Assembly, Adjournment - Adjourns sine die First Extraordinary Session of 113th General Assembly on August 29, 2023. -",Not Available,Abstract summarizes the bill.,http://wapp.capitol.tn.gov/apps/BillInfo/default.aspx?BillNumber=SJR7150&GA=113
SJR7151,113th,2023_2024,SS1,,Southerland,,,A RESOLUTION to recognize Richard Snowden on the occasion of his retirement.,"Memorials, Retirement - Richard Snowden -",Not Available,Abstract summarizes the bill.,http://wapp.capitol.tn.gov/apps/BillInfo/default.aspx?BillNumber=SJR7151&GA=113
HR7001,113th,2023_2024,SS1,,Glynn,Camper,,A RESOLUTION to honor Ty Bryant upon her 2023 TSSAA state wrestling championship win.,"Memorials, Sports - Ty Bryant, TSSAA girls' wrestling state champion -",Not Available,Abstract summarizes the bill.,http://wapp.capitol.tn.gov/apps/BillInfo/default.aspx?BillNumber=HR7001&GA=113
HR7002,113th,2023_2024,SS1,,Glynn,Camper,,"A RESOLUTION to honor and commend Stephanie Watson, 2023 Tennessee Mother of the Year.","Memorials, Recognition - Stephanie Watson, 2023 Tennessee Mother of the Year -",Not Available,Abstract summarizes the bill.,http://wapp.capitol.tn.gov/apps/BillInfo/default.aspx?BillNumber=HR7002&GA=113
HR7003,113th,2023_2024,SS1,,Glynn,Camper,,"A RESOLUTION to honor and commend Abhinav Verma upon placing first in the American Mothers, Inc., National 5th Grade Essay Contest.","Memorials, Recognition - Abhinav Verma, American Mothers, Inc., National 5th Grade Essay Contest winner -",Not Available,Abstract summarizes the bill.,http://wapp.capitol.tn.gov/apps/BillInfo/default.aspx?BillNumber=HR7003&GA=113
HR7004,113th,2023_2024,SS1,,Moon,"Russell, Todd",,A RESOLUTION to recognize Piney Grove Missionary Baptist Church on the occasion of its 150th anniversary.,"Memorials, Recognition - Piney Grove Missionary Baptist Church, 150th anniversary -",Not Available,Abstract summarizes the bill.,http://wapp.capitol.tn.gov/apps/BillInfo/default.aspx?BillNumber=HR7004&GA=113
HR7005,113th,2023_2024,SS1,,Moon,"Crawford, Todd",,A RESOLUTION to celebrate the 200th anniversary of New Providence Lodge #48 Free and Accepted Masons and 200 years of Masonic influence in Blount County.,"Memorials, Recognition - 200 years of Masonic influence in Blount County -",Not Available,Abstract summarizes the bill.,http://wapp.capitol.tn.gov/apps/BillInfo/default.aspx?BillNumber=HR7005&GA=113
HR7006,113th,2023_2024,SS1,,Moon,Todd,,A RESOLUTION to honor the memory of Rodger Dale Weakley of Maryville.,"Memorials, Death - Rodger Dale Weakley -",Not Available,Abstract summarizes the bill.,http://wapp.capitol.tn.gov/apps/BillInfo/default.aspx?BillNumber=HR7006&GA=113
HR7007,113th,2023_2024,SS1,,Moon,Todd,,"A RESOLUTION to recognize Gallaher and Associates, Inc., on the occasion of its fiftieth anniversary.","Memorials, Recognition - Gallaher and Associates, Inc., 50th anniversary -",Not Available,Abstract summarizes the bill.,http://wapp.capitol.tn.gov/apps/BillInfo/default.aspx?BillNumber=HR7007&GA=113
HR7008,113th,2023_2024,SS1,,Cepicky,,,"A RESOLUTION to honor and congratulate Griffin Cooper of Columbia Academy, 2023 State high jump champion.","Memorials, Sports - Griffin Cooper, 2023 state high jump champion -",Not Available,Abstract summarizes the bill.,http://wapp.capitol.tn.gov/apps/BillInfo/default.aspx?BillNumber=HR7008&GA=113
HR7009,113th,2023_2024,SS1,,Sparks,Todd,,A RESOLUTION to honor lifelong Tennessee resident Helen Moore for her courageous mental health advocacy.,"Memorials, Recognition - Helen Moore -",Not Available,Abstract summarizes the bill.,http://wapp.capitol.tn.gov/apps/BillInfo/default.aspx?BillNumber=HR7009&GA=113
HR7010,113th,2023_2024,SS1,,Glynn,,,"A RESOLUTION to honor and commend Tiffany ""Tiff"" Perkins of Clarksville for her contributions to the State of Tennessee.","Memorials, Recognition - Tiffany ""Tiff"" Perkins -",Not Available,Abstract summarizes the bill.,http://wapp.capitol.tn.gov/apps/BillInfo/default.aspx?BillNumber=HR7010&GA=113
HR7011,113th,2023_2024,SS1,,Moon,Todd,,"A RESOLUTION to honor and commend Nichole McCord upon her receipt of the 2023 Blount Award from Senior Citizens Home Assistant Service, Inc.","Memorials, Recognition - Nichole McCord -",Not Available,Abstract summarizes the bill.,http://wapp.capitol.tn.gov/apps/BillInfo/default.aspx?BillNumber=HR7011&GA=113
HR7012,113th,2023_2024,SS1,,Boyd,"Clemmons, Shaw, Todd",,"A RESOLUTION to honor and commend Robert Carver Bone, M.D., M.B.A. for his contributions to health care for the people of Wilson County and surrounding counties of Middle Tennessee.","Memorials, Recognition - Dr. Robert Carver Bone -",Not Available,Abstract summarizes the bill.,http://wapp.capitol.tn.gov/apps/BillInfo/default.aspx?BillNumber=HR7012&GA=113
HR7013,113th,2023_2024,SS1,,Moon,Todd,,A RESOLUTION to honor and commend Adriel McCord for his honorable and astute service to the State of Tennessee.,"Memorials, Recognition - Adriel McCord -",Not Available,Abstract summarizes the bill.,http://wapp.capitol.tn.gov/apps/BillInfo/default.aspx?BillNumber=HR7013&GA=113
HR7014,113th,2023_2024,SS1,,Carringer,"Reedy, Zachary, Todd",,"A RESOLUTION to recognize Davidson ""Luke"" Williams on becoming an Eagle Scout.","Memorials, Personal Achievement - Davidson ""Luke"" Williams, Eagle Scout -",Not Available,Abstract summarizes the bill.,http://wapp.capitol.tn.gov/apps/BillInfo/default.aspx?BillNumber=HR7014&GA=113
HR7015,113th,2023_2024,SS1,,Burkhart,"Johnson C, Reedy, Vital, Todd",,A RESOLUTION to recognize Dunbar Cave State Park on the occasion of its fiftieth anniversary.,"Memorials, Recognition - Dunbar Cave State Park, 50th anniversary -",Not Available,Abstract summarizes the bill.,http://wapp.capitol.tn.gov/apps/BillInfo/default.aspx?BillNumber=HR7015&GA=113
HR7016,113th,2023_2024,SS1,,Powers,,,A RESOLUTION to honor and congratulate Billy Arbo upon his induction into the Greater Knoxville Sports Hall of Fame.,"Memorials, Recognition - Billy Arbo, Greater Knoxville Sports Hall of Fame  -",Not Available,Abstract summarizes the bill.,http://wapp.capitol.tn.gov/apps/BillInfo/default.aspx?BillNumber=HR7016&GA=113
HR7017,113th,2023_2024,SS1,,Hurt,,,A RESOLUTION to honor the memory of Reese Erin Barker of Humboldt.,"Memorials, Death - Reese Erin Barker -",Not Available,Abstract summarizes the bill.,http://wapp.capitol.tn.gov/apps/BillInfo/default.aspx?BillNumber=HR7017&GA=113
HR7018,113th,2023_2024,SS1,,Camper,,,A RESOLUTION to honor and congratulate WDIA Radio of Memphis on the occasion of its seventy-fifth anniversary.,"Memorials, Recognition - WDIA, 75th anniversary -",Not Available,Abstract summarizes the bill.,http://wapp.capitol.tn.gov/apps/BillInfo/default.aspx?BillNumber=HR7018&GA=113
HR7019,113th,2023_2024,SS1,,Camper,,,A RESOLUTION to honor the memory of Ronald Eugene Taylor of Memphis.,"Memorials, Death - Ronald Eugene Taylor -",Not Available,Abstract summarizes the bill.,http://wapp.capitol.tn.gov/apps/BillInfo/default.aspx?BillNumber=HR7019&GA=113
HR7020,113th,2023_2024,SS1,,Hulsey,,,A RESOLUTION to honor and commend Valerie C. Ford for her honorable service to the State of Tennessee.,"Memorials, Recognition - Valerie C. Ford -",Not Available,Abstract summarizes the bill.,http://wapp.capitol.tn.gov/apps/BillInfo/default.aspx?BillNumber=HR7020&GA=113
HR7021,113th,2023_2024,SS1,,Davis A,Thompson,,"A RESOLUTION to honor the memory of Dr. Benjamin ""Ben"" Matthew Mauck.","Memorials, Death - Dr. Benjamin ""Ben"" Matthew Mauck -",Not Available,Abstract summarizes the bill.,http://wapp.capitol.tn.gov/apps/BillInfo/default.aspx?BillNumber=HR7021&GA=113
HR7022,113th,2023_2024,SS1,,Wright,"Lafferty, Zachary, Carringer, McKenzie, Johnson G",,A RESOLUTION to honor and congratulate Bob Bell for his thirty years of radio ministry on WRJZ.,"Memorials, Recognition - Bob Bell -",Not Available,Abstract summarizes the bill.,http://wapp.capitol.tn.gov/apps/BillInfo/default.aspx?BillNumber=HR7022&GA=113
HR7023,113th,2023_2024,SS1,,Sparks,Love,,"A RESOLUTION to honor Jamerius, Martavius, and Ladarian of the gospel rap group JML.","Memorials, Recognition - JML, gospel rap group -",Not Available,Abstract summarizes the bill.,http://wapp.capitol.tn.gov/apps/BillInfo/default.aspx?BillNumber=HR7023&GA=113
SR7001,113th,2023_2024,SS1,,Akbari,,,A RESOLUTION to recognize Whitehaven Baptist Church on the occasion of its 175th anniversary.,"Memorials, Recognition - Whitehaven Baptist Church, 175th anniversary -",Not Available,Abstract summarizes the bill.,http://wapp.capitol.tn.gov/apps/BillInfo/default.aspx?BillNumber=SR7001&GA=113
SR7002,113th,2023_2024,SS1,,Pody,,,A RESOLUTION to recognize Generation Changers Church on the occasion of its twentieth anniversary.,"Memorials, Recognition - Generation Changers Church -",Not Available,Abstract summarizes the bill.,http://wapp.capitol.tn.gov/apps/BillInfo/default.aspx?BillNumber=SR7002&GA=113
SR7003,113th,2023_2024,SS1,,Pody,,,A RESOLUTION to recognize PRAY Nashville.,"Memorials, Recognition - PRAY Nashville -",Not Available,Abstract summarizes the bill.,http://wapp.capitol.tn.gov/apps/BillInfo/default.aspx?BillNumber=SR7003&GA=113
SR7004,113th,2023_2024,SS1,,Pody,,,A RESOLUTION to recognize PRAY Nashville.,"Memorials, Recognition - PRAY Nashville -",Not Available,Abstract summarizes the bill.,http://wapp.capitol.tn.gov/apps/BillInfo/default.aspx?BillNumber=SR7004&GA=113
SR7005,113th,2023_2024,SS1,,Pody,,,A RESOLUTION to honor Bobbie Patray for her many years of service to the people of Tennessee.,"Memorials, Recognition - Bobbie Patray -",Not Available,Abstract summarizes the bill.,http://wapp.capitol.tn.gov/apps/BillInfo/default.aspx?BillNumber=SR7005&GA=113
SR7006,113th,2023_2024,SS1,,Pody,,,A RESOLUTION to recognize Police Chief James Hambrick of the Mt. Juliet Police Department on the occasion of his retirement.,"Memorials, Retirement - Chief James Hambrick, Mt. Juliet Police Department -",Not Available,Abstract summarizes the bill.,http://wapp.capitol.tn.gov/apps/BillInfo/default.aspx?BillNumber=SR7006&GA=113
SR7007,113th,2023_2024,SS1,,Pody,,,A RESOLUTION to recognize The Church at Large King's Hill House of Prayer.,"Memorials, Recognition - The Church at Large King's Hill House of Prayer -",Not Available,Abstract summarizes the bill.,http://wapp.capitol.tn.gov/apps/BillInfo/default.aspx?BillNumber=SR7007&GA=113
SR7008,113th,2023_2024,SS1,,Pody,,,A RESOLUTION to honor and commend Sergeant Major Jason Glaskox upon his recognition as 2022-2023 National Young Marine of the Year.,"Memorials, Recognition - Jason Glaskox, 2022-2023 National Young Marine of the Year -",Not Available,Abstract summarizes the bill.,http://wapp.capitol.tn.gov/apps/BillInfo/default.aspx?BillNumber=SR7008&GA=113
SR7009,113th,2023_2024,SS1,,Pody,,,A RESOLUTION to honor Reverend Gary R. Wilson on his thirty years of ministry at Lebanon First Nazarene Church.,"Memorials, Recognition - Reverend Gary Wilson -",Not Available,Abstract summarizes the bill.,http://wapp.capitol.tn.gov/apps/BillInfo/default.aspx?BillNumber=SR7009&GA=113
SR7010,113th,2023_2024,SS1,,Pody,,,A RESOLUTION to honor Susie James and WANT/WCOR Radio on the station's thirtieth anniversary.,"Memorials, Recognition - Susie James and WANT/WCOR Radio -",Not Available,Abstract summarizes the bill.,http://wapp.capitol.tn.gov/apps/BillInfo/default.aspx?BillNumber=SR7010&GA=113
SR7011,113th,2023_2024,SS1,,Pody,,,A RESOLUTION to recognize William Michael Owen of the Wilson County Sheriff's Office on the occasion of his retirement.,"Memorials, Retirement - William Michael Owen, Wilson County Sheriff's Office -",Not Available,Abstract summarizes the bill.,http://wapp.capitol.tn.gov/apps/BillInfo/default.aspx?BillNumber=SR7011&GA=113
SR7012,113th,2023_2024,SS1,,Pody,,,A RESOLUTION to honor Dr. Ben Graham for his years of service as senior pastor of Music City Baptist Church.,"Memorials, Recognition - Dr. Ben Graham -",Not Available,Abstract summarizes the bill.,http://wapp.capitol.tn.gov/apps/BillInfo/default.aspx?BillNumber=SR7012&GA=113
SR7013,113th,2023_2024,SS1,,Pody,Powers,,A RESOLUTION to honor and commend W.P. Bone for his service to his community and Cumberland University.,"Memorials, Recognition - W.P. Bone -",Not Available,Abstract summarizes the bill.,http://wapp.capitol.tn.gov/apps/BillInfo/default.aspx?BillNumber=SR7013&GA=113
SR7014,113th,2023_2024,SS1,,Massey,"Briggs, McNally, Akbari, Bailey, Bowling, Campbell, Crowe, Gardenhire, Haile, Hensley, Jackson, Johnson, Kyle, Lamar, Lowe, Lundberg, Niceley, Oliver, Pody, Powers, Reeves, Roberts, Rose, Southerland, Stevens, Swann, Taylor, Walley, Watson, White, Yager, Yarbro",,A RESOLUTION to honor the memory of Benjamin Matthew Kredich of Knoxville.,"Memorials, Death - Benjamin Matthew Kredich -",Not Available,Abstract summarizes the bill.,http://wapp.capitol.tn.gov/apps/BillInfo/default.aspx?BillNumber=SR7014&GA=113
SR7015,113th,2023_2024,SS1,,Akbari,Kyle,,"A RESOLUTION to honor and congratulate Lieutenant Colonel Ryan J. Sells of the United States Air Force, recently appointed commander of the 15th Test and Evaluation Squadron.","Memorials, Recognition - Lieutenant Colonel Ryan J. Sells -",Not Available,Abstract summarizes the bill.,http://wapp.capitol.tn.gov/apps/BillInfo/default.aspx?BillNumber=SR7015&GA=113
SR7016,113th,2023_2024,SS1,,Akbari,Kyle,,A RESOLUTION to recognize and honor Barbecue Hall of Fame member Desiree Robinson.,"Memorials, Recognition - Desiree Robinson -",Not Available,Abstract summarizes the bill.,http://wapp.capitol.tn.gov/apps/BillInfo/default.aspx?BillNumber=SR7016&GA=113
SR7017,113th,2023_2024,SS1,,Akbari,Kyle,,A RESOLUTION to recognize Debra G. Shults on the occasion of her retirement.,"Memorials, Retirement - Debra G. Shults -",Not Available,Abstract summarizes the bill.,http://wapp.capitol.tn.gov/apps/BillInfo/default.aspx?BillNumber=SR7017&GA=113
SR7018,113th,2023_2024,SS1,,Akbari,Kyle,,A RESOLUTION to recognize Jim Jaggers on the occasion of his retirement.,"Memorials, Retirement - Jim Jaggers -",Not Available,Abstract summarizes the bill.,http://wapp.capitol.tn.gov/apps/BillInfo/default.aspx?BillNumber=SR7018&GA=113
SR7019,113th,2023_2024,SS1,,Akbari,Kyle,,A RESOLUTION to honor and commend Dabney Ring for her honorable and astute service to the City of Memphis and the State of Tennessee.,"Memorials, Recognition - Dabney Ring -",Not Available,Abstract summarizes the bill.,http://wapp.capitol.tn.gov/apps/BillInfo/default.aspx?BillNumber=SR7019&GA=113
SR7020,113th,2023_2024,SS1,,Akbari,Kyle,,A RESOLUTION to honor and congratulate WDIA Radio of Memphis on the occasion of its seventy-fifth anniversary.,"Memorials, Recognition - WDIA, 75th anniversary -",Not Available,Abstract summarizes the bill.,http://wapp.capitol.tn.gov/apps/BillInfo/default.aspx?BillNumber=SR7020&GA=113
SR7021,113th,2023_2024,SS1,,Yarbro,"Akbari, Kyle, Oliver, Campbell, Lamar",,A RESOLUTION to honor the memory of Don Francis Farmer of Milan.,"Memorials, Death - Don Farmer -",Not Available,Abstract summarizes the bill.,http://wapp.capitol.tn.gov/apps/BillInfo/default.aspx?BillNumber=SR7021&GA=113
