"bill_id","term","session","title","commem"
"H0001","2023_2024","RS","An act relating to legislative oversight of payment reform and conflict-free case management for developmental disability services",0
"H0002","2023_2024","RS","An act relating to Act 250 jurisdiction over aircraft hangars",0
"H0003","2023_2024","RS","An act relating to the provision of grants for mental health providers working in collaboration with municipal police departments",0
"H0004","2023_2024","RS","An act relating to the removal of the pilings of Bridge 308",0
"H0005","2023_2024","RS","An act relating to a study on strengthening regional plans and their implementation",0
"H0006","2023_2024","RS","An act relating to development and subdivisions above 1,500 feet",0
"H0007","2023_2024","RS","An act relating to replacing the term ""cider"" with ""hard cider"" within Title 7",0
"H0008","2023_2024","RS","An act relating to repealing the statute of limitations for civil actions based on childhood emotional abuse",0
"H0009","2023_2024","RS","An act relating to motor vehicle inspections",0
"H0010","2023_2024","RS","An act relating to amending the Vermont Employment Growth Incentive Program",0
"H0011","2023_2024","RS","An act relating to commercial insurance coverage of epinephrine auto-injectors",0
"H0012","2023_2024","RS","An act relating to reducing the case backlog in the Criminal Division of the Superior Court",0
"H0013","2023_2024","RS","An act relating to switchblade knives",0
"H0014","2023_2024","RS","An act relating to jurors’ compensation",0
"H0015","2023_2024","RS","An act relating to protecting golf courses from development",0
"H0016","2023_2024","RS","An act relating to a rail feasibility study",0
"H0017","2023_2024","RS","An act relating to abandoned motor vehicles and the towing of abandoned motor vehicles",0
"H0018","2023_2024","RS","An act relating to prohibiting the sale of cannabis and tobacco products utilizing single-use filters",0
"H0019","2023_2024","RS","An act relating to abating de minimis amounts of taxes owed for purposes of balancing municipal accounts",0
"H0020","2023_2024","RS","An act relating to exploring modification to Vermont’s reapportionment process",0
"H0021","2023_2024","RS","An act relating to landlord notice of utility disconnections",0
"H0022","2023_2024","RS","An act relating to sexual exploitation of a person who is being investigated by law enforcement",0
"H0023","2023_2024","RS","An act relating to mail-in ballots for general elections",0
"H0024","2023_2024","RS","An act relating to the authority of the State Auditor to examine the books and records of State contractors",0
"H0025","2023_2024","RS","An act relating to feasibility study for operating a child care facility in a State building",0
"H0026","2023_2024","RS","An act relating to an income tax exemption for members of the National Guard",0
"H0027","2023_2024","RS","An act relating to coercive controlling behavior and abuse prevention orders",0
"H0028","2023_2024","RS","An act relating to diversion and expungement",0
"H0029","2023_2024","RS","An act relating to development in mapped river corridors",0
"H0030","2023_2024","RS","An act relating to the regulation of wetlands",0
"H0031","2023_2024","RS","An act relating to aquatic nuisance control",0
"H0032","2023_2024","RS","An act relating to the Social Security benefits exemption",0
"H0033","2023_2024","RS","An act relating to allowing legislators to elect taxable or nontaxable meals and lodging expense reimbursement",0
"H0034","2023_2024","RS","An act relating to studying the feasibility of a State-owned public restroom near the Capitol Complex",0
"H0035","2023_2024","RS","An act relating to the Victims Assistance Program",0
"H0036","2023_2024","RS","An act relating to exempting small towns from mapping forest blocks and habitat connectors",0
"H0037","2023_2024","RS","An act relating to winter tires on rental cars",0
"H0038","2023_2024","RS","An act relating to the use of a portable electronic device in non-hands-free mode while operating a motor vehicle",0
"H0039","2023_2024","RS","An act relating to a local revenue distribution working group",0
"H0040","2023_2024","RS","An act relating to nonconsensual removal of or tampering with a condom",0
"H0041","2023_2024","RS","An act relating to referral of domestic and sexual violence cases to community justice centers",0
"H0042","2023_2024","RS","An act relating to temporary alternative procedures for annual municipal meetings and electronic meetings of public bodies",0
"H0043","2023_2024","RS","An act relating to recognition and enforcement of a military protection order",0
"H0044","2023_2024","RS","An act relating to local option tax in small towns",0
"H0045","2023_2024","RS","An act relating to abusive litigation filed against survivors of domestic abuse, stalking, or sexual assault",0
"H0046","2023_2024","RS","An act relating to approval of the dissolution of Colchester Fire District No. 3",0
"H0047","2023_2024","RS","An act relating to disposal of solar panels",0
"H0048","2023_2024","RS","An act relating to solid waste management",0
"H0049","2023_2024","RS","An act relating to establishing a statewide retirement system for voluntary firefighters",0
"H0050","2023_2024","RS","An act relating to prohibiting the labeling of consumer products that contain PFAS as compostable",0
"H0051","2023_2024","RS","An act relating to establishing the Aquatic Nuisance Prevention Pass for use of State waters",0
"H0052","2023_2024","RS","An act relating to creditable service for temporary State employment",0
"H0053","2023_2024","RS","An act relating to driver’s license suspensions and revenue for the Domestic and Sexual Violence Special Fund",0
"H0054","2023_2024","RS","An act relating to support for municipal services that have traditionally been provided by the State",0
"H0055","2023_2024","RS","An act relating to miscellaneous unemployment insurance, workers' compensation, and employment practices amendments and to establishing the Vermont Baby Bond Trust",0
"H0056","2023_2024","RS","An act relating to affordable community energy solutions",0
"H0057","2023_2024","RS","An act relating to requiring dog trainers to obtain informed client consent",0
"H0058","2023_2024","RS","An act relating to the appointment of zoning administrators",0
"H0059","2023_2024","RS","An act relating to correcting or amending the death certificate of a military veteran",0
"H0060","2023_2024","RS","An act relating to fourth-class licenses for alcoholic beverage manufacturers",0
"H0061","2023_2024","RS","An act relating to an elective pass-through entity income tax and credit",0
"H0062","2023_2024","RS","An act relating to the interstate Counseling Compact",0
"H0063","2023_2024","RS","An act relating to the supervised practice of independent clinical social work",0
"H0064","2023_2024","RS","An act relating to prohibiting wake boats on oligotrophic lakes",0
"H0065","2023_2024","RS","An act relating to raising the jurisdictional limit for small claims actions",0
"H0066","2023_2024","RS","An act relating to paid family and medical leave insurance",0
"H0067","2023_2024","RS","An act relating to household products containing hazardous substances",0
"H0068","2023_2024","RS","An act relating to removing State and municipal regulatory barriers for fair zoning and housing affordability",0
"H0069","2023_2024","RS","An act relating to banning smoking outside places of public access and multiunit housing",0
"H0070","2023_2024","RS","An act relating to the siting of telecommunications facilities",0
"H0071","2023_2024","RS","An act relating to Department of Motor Vehicles credentials and number plates with veteran designations",0
"H0072","2023_2024","RS","An act relating to a harm-reduction criminal justice response to drug use",0
"H0073","2023_2024","RS","An act relating to revoking Vermont's use of California's Clean Air Act waiver",0
"H0074","2023_2024","RS","An act relating to repealing the Global Warming Solutions Act",0
"H0075","2023_2024","RS","An act relating to advance notification of preplanned outages of voice services",0
"H0076","2023_2024","RS","An act relating to captive insurance",0
"H0077","2023_2024","RS","An act relating to Vermont’s adoption of the Physical Therapy Licensure Compact",0
"H0078","2023_2024","RS","An act relating to repealing the sunset of 7 V.S.A. § 230",0
"H0079","2023_2024","RS","An act relating to the Vermont Fair Repair Act",0
"H0080","2023_2024","RS","An act relating to licensure of freestanding birth centers",0
"H0081","2023_2024","RS","An act relating to fair repair of agricultural equipment",0
"H0082","2023_2024","RS","An act relating to the sale or disposal of Stanley Hall and Wasson Hall",0
"H0083","2023_2024","RS","An act relating to tax credits for living organ donations",0
"H0084","2023_2024","RS","An act relating to the permitting of indirect discharges",0
"H0085","2023_2024","RS","An act relating to trail accessibility",0
"H0086","2023_2024","RS","An act relating to Vermont’s adoption of the Audiology and Speech-Language Pathology Interstate Compact",0
"H0087","2023_2024","RS","An act relating to regulating earned wage access services",0
"H0088","2023_2024","RS","An act relating to reducing the imposition of cash bail",0
"H0089","2023_2024","RS","An act relating to civil and criminal procedures concerning legally protected health care activity",0
"H0090","2023_2024","RS","An act relating to responsibilities for property owned by dissolved or extinct Congregational churches",0
"H0091","2023_2024","RS","An act relating to medical leave for a serious injury",0
"H0092","2023_2024","RS","An act relating to expanding eligibility for unemployment insurance",0
"H0093","2023_2024","RS","An act relating to Reach Up benefit levels",0
"H0094","2023_2024","RS","An act relating to removing the Reach Up ratable reduction",0
"H0095","2023_2024","RS","An act relating to an expansion of the Municipal Energy Resilience Grant Program",0
"H0096","2023_2024","RS","An act relating to affordably meeting the mandated greenhouse gas reductions for the thermal sector through electrification, decarbonization, efficiency, and weatherization measures",0
"H0097","2023_2024","RS","An act relating to the number of votes required for a write-in candidate to win a primary election",0
"H0098","2023_2024","RS","An act relating to firearms crimes and procedures",0
"H0099","2023_2024","RS","An act relating to the Vermont National Guard Tuition Benefit Program",0
"H0100","2023_2024","RS","An act relating to pedestrian safety",0
"H0101","2023_2024","RS","An act relating to transportation initiatives to reduce carbon emissions",0
"H0102","2023_2024","RS","An act relating to the Art in State Buildings Program",0
"H0103","2023_2024","RS","An act relating to staff-to-patient ratios",0
"H0104","2023_2024","RS","An act relating to worker cooperatives",0
"H0105","2023_2024","RS","An act relating to the Community Resilience and Disaster Mitigation Fund",0
"H0106","2023_2024","RS","An act relating to the academic freedom of public educators",0
"H0107","2023_2024","RS","An act relating to the Town of Hartford’s tax increment financing district",0
"H0108","2023_2024","RS","An act relating to updating the Vermont School Bus Manual and the commercial driver’s license knowledge and skills tests",0
"H0109","2023_2024","RS","An act relating to rate reimbursement for home-delivered meals",0
"H0110","2023_2024","RS","An act relating to extending the sunset under 30 V.S.A. § 248a",0
"H0111","2023_2024","RS","An act relating to workforce housing",0
"H0112","2023_2024","RS","An act relating to opioid use disorder response services",0
"H0113","2023_2024","RS","An act relating to the public, pious, or charitable uses property tax exemption",0
"H0114","2023_2024","RS","An act relating to restricting electronic monitoring of employees and employment-related automated decision systems",0
"H0115","2023_2024","RS","An act relating to health insurance coverage for donated human breast milk",0
"H0116","2023_2024","RS","An act relating to miscellaneous employment protections and standards",0
"H0117","2023_2024","RS","An act relating to preventing death by suicide",0
"H0118","2023_2024","RS","An act relating to Medicare Savings Program eligibility",0
"H0119","2023_2024","RS","An act relating to excessive motor vehicle noise",0
"H0120","2023_2024","RS","An act relating to imposing sales and use tax on vendor-hosted prewritten computer software",0
"H0121","2023_2024","RS","An act relating to enhancing consumer privacy and the age-appropriate design code",0
"H0122","2023_2024","RS","An act relating to prohibiting surveillance devices on private property without consent of the property owner",0
"H0123","2023_2024","RS","An act relating to repealing the State Lottery",0
"H0124","2023_2024","RS","An act relating to promoting rural economic development capacity",0
"H0125","2023_2024","RS","An act relating to boards and commissions",0
"H0126","2023_2024","RS","An act relating to community resilience and biodiversity protection",0
"H0127","2023_2024","RS","An act relating to sports wagering",0
"H0128","2023_2024","RS","An act relating to removing regulatory barriers for working lands businesses",0
"H0129","2023_2024","RS","An act relating to funding brownfields redevelopment",0
"H0130","2023_2024","RS","An act relating to the management of biosolids",0
"H0131","2023_2024","RS","An act relating to the creation of the Green Mountain Recreation Fund",0
"H0132","2023_2024","RS","An act relating to prohibiting discrimination against persons without homes",0
"H0133","2023_2024","RS","An act relating to penalties and point assessments for using a portable electronic device while operating a moving motor vehicle",0
"H0134","2023_2024","RS","An act relating to municipal speed limits on unposted and unpaved town highways",0
"H0135","2023_2024","RS","An act relating to capping annual rent increases and security deposits",0
"H0136","2023_2024","RS","An act relating to prohibiting the use of certain social media platforms on State-owned devices and networks",0
"H0137","2023_2024","RS","An act relating to expanding the Vermont Housing Improvement Program",0
"H0138","2023_2024","RS","An act relating to business practices for employers and contractors receiving State funds",0
"H0139","2023_2024","RS","An act relating to requiring employment breaks",0
"H0140","2023_2024","RS","An act relating to requirements for State-funded grants",0
"H0141","2023_2024","RS","An act relating to an inventory and needs assessment of organizations supporting Vermont’s immigrant communities",0
"H0142","2023_2024","RS","An act relating to juvenile delinquency and criminal proceedings involving children",0
"H0143","2023_2024","RS","An act relating to consumer protections related to the towing and storage of vehicles",0
"H0144","2023_2024","RS","An act relating to exempting unemployment compensation from income tax",0
"H0145","2023_2024","RS","An act relating to fiscal year 2023 budget adjustments",0
"H0146","2023_2024","RS","An act relating to amendments to the charter of the Northeast Kingdom Waste Management District",0
"H0147","2023_2024","RS","An act relating to creation of the Vermont State Building Security Board",0
"H0148","2023_2024","RS","An act relating to raising the age of eligibility to marry",0
"H0149","2023_2024","RS","An act relating to write-in candidate consent of candidate filings in State elections",0
"H0150","2023_2024","RS","An act relating to approval of an amendment to the charter of the Village of Alburgh",0
"H0151","2023_2024","RS","An act relating to petitions for guardianship of individuals with developmental disabilities",0
"H0152","2023_2024","RS","An act relating to regulating products containing certain chemicals and chemical classes",0
"H0153","2023_2024","RS","An act relating to Vermont tax incentives",0
"H0154","2023_2024","RS","An act relating to Medicaid coverage for doula services",0
"H0155","2023_2024","RS","An act relating to mileage reimbursement rates for plug-in electric vehicles",0
"H0156","2023_2024","RS","An act relating to incremental implementation of Green Mountain Care",0
"H0157","2023_2024","RS","An act relating to the Vermont basic needs budget",0
"H0158","2023_2024","RS","An act relating to the beverage container redemption system",0
"H0159","2023_2024","RS","An act relating to the Vermont Broadband Internet Access Service Privacy Act",0
"H0160","2023_2024","RS","An act relating to minimum reimbursement rates for labor related to automobile insurance claims",0
"H0161","2023_2024","RS","An act relating to issuance of burning permits",0
"H0162","2023_2024","RS","An act relating to operation of motor vehicles with studded snow tires",0
"H0163","2023_2024","RS","An act relating to eco-sanitation systems",0
"H0164","2023_2024","RS","An act relating to the permitting of low-impact wastewater systems",0
"H0165","2023_2024","RS","An act relating to school food programs and universal school meals",0
"H0166","2023_2024","RS","An act relating to the medical expenses deduction",0
"H0167","2023_2024","RS","An act relating to supporting expanded access to emergency veterinary care",0
"H0168","2023_2024","RS","An act relating to the maintenance of a database of veterans in Vermont, reduced motor vehicle registration fees for veterans, and exempting U.S. military retirement pay from Vermont income tax",0
"H0169","2023_2024","RS","An act relating to child abuse and neglect substantiations and the use of the Child Protection Registry",0
"H0170","2023_2024","RS","An act relating to creating a task force to examine the restorative justice approach to Vermont’s criminal justice system",0
"H0171","2023_2024","RS","An act relating to adult protective services and emergency housing transition",0
"H0172","2023_2024","RS","An act relating to possession of firearms in hospital buildings by licensed security guards and private investigators",0
"H0173","2023_2024","RS","An act relating to prohibiting manipulating a child for the purpose of sexual contact",0
"H0174","2023_2024","RS","An act relating to establishing fetal personhood",0
"H0175","2023_2024","RS","An act relating to modernizing the Children and Family Council for Prevention Programs",0
"H0176","2023_2024","RS","An act relating to secondary enforcement of certain motor vehicle violations",0
"H0177","2023_2024","RS","An act relating to the feasibility of a bicycle path that runs adjacent U.S. Route 5",0
"H0178","2023_2024","RS","An act relating to commissioning Department of Corrections personnel as notaries public",0
"H0179","2023_2024","RS","An act relating to reforming the State Board of Education",0
"H0180","2023_2024","RS","An act relating to standardizing the opening time of polling places",0
"H0181","2023_2024","RS","An act relating to the creation of the Statewide Supervisory Union Study Committee",0
"H0182","2023_2024","RS","An act relating to bodily autonomy and health care decision making",0
"H0183","2023_2024","RS","An act relating to protecting health care providers’ rights of conscience",0
"H0184","2023_2024","RS","An act relating to exempting an owner of rental housing from renovation, repair, painting, and maintenance (RRPM) licensing requirements",0
"H0185","2023_2024","RS","An act relating to authorizing dredging for navigation of public waters",0
"H0186","2023_2024","RS","An act relating to regulating warranty registration requirements",0
"H0187","2023_2024","RS","An act relating to establishing an exemption to immunizations required for attendance at school and child care facilities on the basis of conscientious and personal beliefs",0
"H0188","2023_2024","RS","An act relating to informed consent for the administration of immunizations",0
"H0189","2023_2024","RS","An act relating to reporting on adverse reactions related to immunizations",0
"H0190","2023_2024","RS","An act relating to removing the residency requirement from Vermont’s patient choice at end of life laws",0
"H0191","2023_2024","RS","An act relating to trapping",0
"H0192","2023_2024","RS","An act relating to mandatory instruction in vulnerable user safety and regulation of electric cargo bicycles",0
"H0193","2023_2024","RS","An act relating to increasing revenue for the Environmental Contingency Fund",0
"H0194","2023_2024","RS","An act relating to establishing the Legislative Office of Government Accountability and Strategic Planning",0
"H0195","2023_2024","RS","An act relating to jurisdiction over electric distribution upgrades",0
"H0196","2023_2024","RS","An act relating to prevailing wages on State construction projects",0
"H0197","2023_2024","RS","An act relating to divestment of State pension funds of investments in the fossil fuel industry",0
"H0198","2023_2024","RS","An act relating to establishing a Dementia Coordinator",0
"H0199","2023_2024","RS","An act relating to expanding eligibility for health insurance to all income-eligible adults regardless of immigration status",0
"H0200","2023_2024","RS","An act relating to naming the State office building located at 133 State Street in Montpelier",0
"H0201","2023_2024","RS","An act relating to the installation of fireblocking in single-family dwellings",0
"H0202","2023_2024","RS","An act relating to traffic violations for illegally passing a school bus",0
"H0203","2023_2024","RS","An act relating to a report on distracted driving and options for education, enforcement, and conviction",0
"H0204","2023_2024","RS","An act relating to banning flavored tobacco products and e-liquids",0
"H0205","2023_2024","RS","An act relating to establishing the Small Farmer Diversification and Transition Program",0
"H0206","2023_2024","RS","An act relating to miscellaneous changes affecting the duties of the Department of Vermont Health Access",0
"H0207","2023_2024","RS","An act relating to acquittal by reason of insanity in criminal cases",0
"H0208","2023_2024","RS","An act relating to child care and early childhood education",0
"H0209","2023_2024","RS","An act relating to public elementary school choice within a supervisory union",0
"H0210","2023_2024","RS","An act relating to leave from employment for legislators",0
"H0211","2023_2024","RS","An act relating to direct-current fast chargers at former welcome centers",0
"H0212","2023_2024","RS","An act relating to allowing minors to possess tobacco in connection with Indigenous cultural tobacco practices",0
"H0213","2023_2024","RS","An act relating to creating a study committee on mobile homes and mobile home parks",0
"H0214","2023_2024","RS","An act relating to creating a department to routinely examine police body camera and police cruiser dashboard camera footage",0
"H0215","2023_2024","RS","An act relating to joining interstate compacts for all health care professions",0
"H0216","2023_2024","RS","An act relating to open air cremation",0
"H0217","2023_2024","RS","An act relating to child care, early education, workers' compensation, and unemployment insurance",0
"H0218","2023_2024","RS","An act relating to requiring good cause for termination of employment",0
"H0219","2023_2024","RS","An act relating to miscellaneous employee and collective bargaining rights",0
"H0220","2023_2024","RS","An act relating to primary care and preventive services",0
"H0221","2023_2024","RS","An act relating to considering modifying and restructuring the Vermont General Assembly",0
"H0222","2023_2024","RS","An act relating to reducing overdoses",0
"H0223","2023_2024","RS","An act relating to creating a felony penalty for recklessly endangering another person",0
"H0224","2023_2024","RS","An act relating to child input in child custody cases",0
"H0225","2023_2024","RS","An act relating to eliminating the tipped minimum wage",0
"H0226","2023_2024","RS","An act relating to candidate information to be provided to the Secretary of State",0
"H0227","2023_2024","RS","An act relating to the Vermont Uniform Power of Attorney Act",0
"H0228","2023_2024","RS","An act relating to financial literacy in Vermont’s public schools",0
"H0229","2023_2024","RS","An act relating to the Petroleum Cleanup Fund",0
"H0230","2023_2024","RS","An act relating to implementing mechanisms to reduce suicide and community violence",0
"H0231","2023_2024","RS","An act relating to requiring municipalities to provide notice of a cybersecurity breach",0
"H0232","2023_2024","RS","An act relating to the timing of posting and recording notice of the prohibition on taking game from private property",0
"H0233","2023_2024","RS","An act relating to licensure and regulation of pharmacy benefit managers",0
"H0234","2023_2024","RS","An act relating to regional support for municipal animal control services",0
"H0235","2023_2024","RS","An act relating to an education spending exclusion for salary and wage increases",0
"H0236","2023_2024","RS","An act relating to increasing legislator compensation and benefits beginning in the 2033–34 biennium",0
"H0237","2023_2024","RS","An act relating to health insurance, life insurance, and adjournment compensation for members of the General Assembly",0
"H0238","2023_2024","RS","An act relating to the Renter Credit program and the Landlord Certificate",0
"H0239","2023_2024","RS","An act relating to designating ""National Emblem"" as the State March",1
"H0240","2023_2024","RS","An act relating to establishing a residential peer respite facility in southern Vermont",0
"H0241","2023_2024","RS","An act relating to recovery residences",0
"H0242","2023_2024","RS","An act relating to thermal energy networks",0
"H0243","2023_2024","RS","An act relating to the creation of a model policy regarding school safety and violent intruders",0
"H0244","2023_2024","RS","An act relating to establishing a division within the Department for Children and Families to support families affected by substance use disorder",0
"H0245","2023_2024","RS","An act relating to tuition assistance for youth in foster and kinship care",0
"H0246","2023_2024","RS","An act relating to veteran status inquiries on program and service intake forms",0
"H0247","2023_2024","RS","An act relating to Vermont’s adoption of the Occupational Therapy Licensure Compact",0
"H0248","2023_2024","RS","An act relating to creating a Vermont Climate Infrastructure Fund",0
"H0249","2023_2024","RS","An act relating to the scope of liability in dispersing or apprehending rioters",0
"H0250","2023_2024","RS","An act relating to obtaining a blood sample during a DUI investigation",0
"H0251","2023_2024","RS","An act relating to the issuance of a Brady or Giglio letter as misconduct under jurisdiction of the Vermont Criminal Justice Council",0
"H0252","2023_2024","RS","An act relating to allowing the unified towns and gores to hire a professional assessor",0
"H0253","2023_2024","RS","An act relating to eliminating prohibitions and penalties on the purchase, use, and possession of tobacco products",0
"H0254","2023_2024","RS","An act relating to pregnancy center fraud",0
"H0255","2023_2024","RS","An act relating to exempting all military retirement and military survivor benefit income",0
"H0256","2023_2024","RS","An act relating to the City of Barre tax increment financing district",0
"H0257","2023_2024","RS","An act relating to the repeal of all laws concerning the regulation of licensed cannabis establishments",0
"H0258","2023_2024","RS","An act relating to the provision of State-funded education in districts that do not maintain an elementary or high school",0
"H0259","2023_2024","RS","An act relating to school board student members",0
"H0260","2023_2024","RS","An act relating to the Commission on Native American Affairs",0
"H0261","2023_2024","RS","An act relating to retail delivery of alcoholic beverages by third-party contractors",0
"H0262","2023_2024","RS","An act relating to converting civil fines to community service",0
"H0263","2023_2024","RS","An act relating to emergency medical services",0
"H0264","2023_2024","RS","An act relating to excluding disabled veterans’ disability and pension income from household income",0
"H0265","2023_2024","RS","An act relating to requiring the adoption of a Vermont Occupational Safety and Health Act standard for violence prevention in health care and community services workplaces",0
"H0266","2023_2024","RS","An act relating to the postretirement adjustments to the retirement allowance for the State Teachers’ Retirement System of Vermont",0
"H0267","2023_2024","RS","An act relating to the establishment of year-round U.S. Eastern Standard Time",0
"H0268","2023_2024","RS","An act relating to campaign expenditures and candidate salaries",0
"H0269","2023_2024","RS","An act relating to the Rural Electric Vehicle Supply Equipment Grant Program",0
"H0270","2023_2024","RS","An act relating to miscellaneous amendments to the adult-use and medical cannabis programs",0
"H0271","2023_2024","RS","An act relating to approval of amendments to the charter of the Town of Springfield",0
"H0272","2023_2024","RS","An act relating to a reciprocity requirement for out-of-state consumer shipping licenses",0
"H0273","2023_2024","RS","An act relating to direct-to-consumer shipping of spirits and fortified wines",0
"H0274","2023_2024","RS","An act relating to agriculture and nutrition education",0
"H0275","2023_2024","RS","An act relating to the Introduction to Trade School Education Grant Pilot Project",0
"H0276","2023_2024","RS","An act relating to creating a rental housing registry",0
"H0277","2023_2024","RS","An act relating to creating a Rural Business Technical Assistance Exchange",0
"H0278","2023_2024","RS","An act relating to postsecondary opportunities for Vermont career technical education students",0
"H0279","2023_2024","RS","An act relating to the Uniform Trust Decanting Act",0
"H0280","2023_2024","RS","An act relating to a property tax exemption for trailer coaches",0
"H0281","2023_2024","RS","An act relating to increased compensation and expanded benefits for members of the General Assembly",0
"H0282","2023_2024","RS","An act relating to the Psychology Interjurisdictional Compact",0
"H0283","2023_2024","RS","An act relating to initiatives to prevent death by suicide",0
"H0284","2023_2024","RS","An act relating to regulating drones above privately owned real property",0
"H0285","2023_2024","RS","An act relating to tinted windows",0
"H0286","2023_2024","RS","An act relating to miscellaneous workers’ compensation amendments",0
"H0287","2023_2024","RS","An act relating to temporary State employees",0
"H0288","2023_2024","RS","An act relating to liability for the sale of alcoholic beverages",0
"H0289","2023_2024","RS","An act relating to the Renewable Energy Standard",0
"H0290","2023_2024","RS","An act relating to pharmacist scope of practice",0
"H0291","2023_2024","RS","An act relating to the creation of the Cybersecurity Advisory Council",0
"H0292","2023_2024","RS","An act relating to providing workers’ compensation coverage for post-traumatic stress disorder suffered by certain public employees",0
"H0293","2023_2024","RS","An act relating to establishing a union agent-represented worker privilege",0
"H0294","2023_2024","RS","An act relating to Holocaust education in public schools",0
"H0295","2023_2024","RS","An act relating to a sales tax exemption for precious metals sold for investment",0
"H0296","2023_2024","RS","An act relating to the certification of collective bargaining representatives",0
"H0297","2023_2024","RS","An act relating to providing workers’ compensation coverage for post-traumatic stress disorder suffered by certain State employees",0
"H0298","2023_2024","RS","An act relating to miscellaneous employee rights and protections",0
"H0299","2023_2024","RS","An act relating to creating the Vermont-Ireland Trade Commission",0
"H0300","2023_2024","RS","An act relating to establishing the Afterschool and Summer Care Grant Program and Special Fund",0
"H0301","2023_2024","RS","An act relating to providing protections against no-cause eviction",0
"H0302","2023_2024","RS","An act relating to the appointment of legal counsel and record keeping in civil forfeiture actions",0
"H0303","2023_2024","RS","An act relating to court surcharges and law enforcement training concerning domestic and sexual violence",0
"H0304","2023_2024","RS","An act relating to automobile insurance and aftermarket parts",0
"H0305","2023_2024","RS","An act relating to professions and occupations regulated by the Office of Professional Regulation",0
"H0306","2023_2024","RS","An act relating to permitting oral reports of child abuse and neglect",0
"H0307","2023_2024","RS","An act relating to the housesite value exclusion",0
"H0308","2023_2024","RS","An act relating to privatization contracts",0
"H0309","2023_2024","RS","An act relating to property transfer tax revenues designated for the Vermont Housing and Conservation Trust Fund",0
"H0310","2023_2024","RS","An act relating to the Vermont Outdoor Recreation Economic Collaborative",0
"H0311","2023_2024","RS","An act relating to University of Vermont and State Agricultural College residential living space",0
"H0312","2023_2024","RS","An act relating to criminal violence prevention and reduction",0
"H0313","2023_2024","RS","An act relating to requiring a license to purchase a semiautomatic firearm",0
"H0314","2023_2024","RS","An act relating to prohibiting firearms and deadly weapons in schools and on school property",0
"H0315","2023_2024","RS","An act relating to allowing probation and parole officers to carry firearms while on duty",0
"H0316","2023_2024","RS","An act relating to designating Vermont Republic and Emancipation Day a legal holiday",0
"H0317","2023_2024","RS","An act relating to improving the accessibility of certain residential buildings",0
"H0318","2023_2024","RS","An act relating to fair employment practices and legislative leave",0
"H0319","2023_2024","RS","An act relating to postsecondary schools and sexual misconduct protections",0
"H0320","2023_2024","RS","An act relating to the Renewable Energy Standard",0
"H0321","2023_2024","RS","An act relating to information sharing between State agencies",0
"H0322","2023_2024","RS","An act relating to requiring approval of the General Assembly prior to using certain law enforcement technology or information obtained from such technology",0
"H0323","2023_2024","RS","An act relating to prohibiting the hunting of bear or coyote with dogs",0
"H0324","2023_2024","RS","An act relating to exempting home sharing rental income from taxation",0
"H0325","2023_2024","RS","An act relating to the purchase of Camp Sunrise",0
"H0326","2023_2024","RS","An act relating to prohibition on the transfer of Vermont inmates to an out-of-state correctional facility",0
"H0327","2023_2024","RS","An act relating to revising child abuse and neglect substantiation procedures",0
"H0328","2023_2024","RS","An act relating to heating and cooling systems owned or controlled by the State",0
"H0329","2023_2024","RS","An act relating to the establishment of year-round U.S. Eastern Daylight Saving Time",0
"H0330","2023_2024","RS","An act relating to new motor vehicle arbitration",0
"H0331","2023_2024","RS","An act relating to the structure of the Natural Resources Board",0
"H0332","2023_2024","RS","An act relating to a building energy code study committee",0
"H0333","2023_2024","RS","An act relating to seizure action plans in public schools and approved independent schools",0
"H0334","2023_2024","RS","An act relating to educator employment certification under the Public Service Loan Forgiveness Program",0
"H0335","2023_2024","RS","An act relating to implementing the recommendations of the Advisory Council on Literacy",0
"H0336","2023_2024","RS","An act relating to providing the Abenaki with access to State lands",0
"H0337","2023_2024","RS","An act relating to the classification of independent contractors",0
"H0338","2023_2024","RS","An act relating to granting certain State employees the right to strike",0
"H0339","2023_2024","RS","An act relating to updating certain rules adopted by the Agency of Human Services",0
"H0340","2023_2024","RS","An act relating to the Child Care Financial Assistance Program",0
"H0341","2023_2024","RS","An act relating to providing Supplemental Nutrition Assistance Program benefits to certain postsecondary and career technical education students",0
"H0342","2023_2024","RS","An act relating to confidentiality for peer support counseling among emergency service providers",0
"H0343","2023_2024","RS","An act relating to protecting genetic information privacy and consumer health information",0
"H0344","2023_2024","RS","An act relating to adopting minimum security standards for connected devices",0
"H0345","2023_2024","RS","An act relating to lakes in crisis and requirements for designation",0
"H0346","2023_2024","RS","An act relating to the use of sluice boxes for recreational mineral prospecting",0
"H0347","2023_2024","RS","An act relating to ranked-choice voting for presidential primary elections",0
"H0348","2023_2024","RS","An act relating to requiring licensed athletic trainers at secondary school athletic events and practices",0
"H0349","2023_2024","RS","An act relating to increasing access to reproductive health care",0
"H0350","2023_2024","RS","An act relating to the Uniform Directed Trust Act",0
"H0351","2023_2024","RS","An act relating to permitting an action for defamation of a deceased person",0
"H0352","2023_2024","RS","An act relating to home study programs",0
"H0353","2023_2024","RS","An act relating to racial equity in school districts",0
"H0354","2023_2024","RS","An act relating to an income tax deduction for home study programs",0
"H0355","2023_2024","RS","An act relating to requiring additional campaign finance reporting and disclosures",0
"H0356","2023_2024","RS","An act relating to Medicaid and breast pumps",0
"H0357","2023_2024","RS","An act relating to Medicaid reimbursement rates for home- and community-based service providers",0
"H0358","2023_2024","RS","An act relating to the provision of grants for community nurses working in collaboration with municipalities",0
"H0359","2023_2024","RS","An act relating to amending the prohibitions against discrimination and harassment",0
"H0360","2023_2024","RS","An act relating to protecting Vermonters",0
"H0361","2023_2024","RS","An act relating to prohibiting agreements that prevent an employee from working for the employer following the settlement of a discrimination claim",0
"H0362","2023_2024","RS","An act relating to updating statute language to reflect provider diversity",0
"H0363","2023_2024","RS","An act relating to prohibiting discrimination based on certain hair types and styles",0
"H0364","2023_2024","RS","An act relating to prohibiting discrimination based on immunization status",0
"H0365","2023_2024","RS","An act relating to expanding workers’ compensation coverage for firefighters with cancer",0
"H0366","2023_2024","RS","An act relating to eligibility for Medicare supplement plans for individuals who have end-stage renal disease",0
"H0367","2023_2024","RS","An act relating to promoting economic development, administrative capacity, and vitality in rural communities",0
"H0368","2023_2024","RS","An act relating to supporting new farmers, veteran farmers, and farmers who are disadvantaged",0
"H0369","2023_2024","RS","An act relating to health insurance and Medicaid coverage for fertility-related services",0
"H0370","2023_2024","RS","An act relating to maintenance and use of legal trails",0
"H0371","2023_2024","RS","An act relating to removal of criminal penalties for possessing, dispensing, or selling psilocybin and establishment of the Psychedelic Therapy Advisory Working Group",0
"H0372","2023_2024","RS","An act relating to voluntary engagement in sex work",0
"H0373","2023_2024","RS","An act relating to use of expanded polystyrene foam in waters of the State",0
"H0374","2023_2024","RS","An act relating to establishing the Resilient Rivers Commission",0
"H0375","2023_2024","RS","An act relating to State funding of remediation, mitigation, reconstruction, or new construction of a public school contaminated by polychlorinated biphenyls",0
"H0376","2023_2024","RS","An act relating to review of orders placing the Vermont National Guard in federal active duty status",0
"H0377","2023_2024","RS","An act relating to repealing disorderly conduct statutes",0
"H0378","2023_2024","RS","An act relating to the creation of the Office of the Housing Advocate",0
"H0379","2023_2024","RS","An act relating to criminal immunity for good faith provision of health care",0
"H0380","2023_2024","RS","An act relating to automatic opening knives",0
"H0381","2023_2024","RS","An act relating to the aggregate value of stolen property in certain crimes",0
"H0382","2023_2024","RS","An act relating to municipal ordinances governing nuisance properties containing salvage and scrap",0
"H0383","2023_2024","RS","An act relating to completing the one-stop portal for businesses",0
"H0384","2023_2024","RS","An act relating to requiring approved independent schools to accept designation",0
"H0385","2023_2024","RS","An act relating to creating a statewide school district",0
"H0386","2023_2024","RS","An act relating to approval of amendments to the charter of the Town of Brattleboro",0
"H0387","2023_2024","RS","An act relating to administration and enforcement of agricultural water quality requirements",0
"H0388","2023_2024","RS","An act relating to authorizing municipal districts to mail annual meeting ballots",0
"H0389","2023_2024","RS","An act relating to the siting of an expanded polystyrene foam densifier in the State",0
"H0390","2023_2024","RS","An act relating to limiting the transport of catalytic converters",0
"H0391","2023_2024","RS","An act relating to creating an eviction diversion program",0
"H0392","2023_2024","RS","An act relating to the use of Special Supplemental Nutrition for Women, Infants, and Children benefits at farmers’ markets",0
"H0393","2023_2024","RS","An act relating to public health campaigns on dementia and brain health",0
"H0394","2023_2024","RS","An act relating to clarifying the municipal zoning authority over group homes",0
"H0395","2023_2024","RS","An act relating to energy generated by large hydroelectric plants",0
"H0396","2023_2024","RS","An act relating to the Public Utility Commission and the cost of grid upgrades",0
"H0397","2023_2024","RS","An act relating to Medicaid estate recovery",0
"H0398","2023_2024","RS","An act relating to insurance and confidentiality for adult dependents",0
"H0399","2023_2024","RS","An act relating to increasing the penalties for sales of illegal drugs and sales of cannabis to persons under 21 years of age",0
"H0400","2023_2024","RS","An act relating to parental rights and responsibilities",0
"H0401","2023_2024","RS","An act relating to abusive litigation",0
"H0402","2023_2024","RS","An act relating to the Office of the Child, Youth, and Family Advocate",0
"H0403","2023_2024","RS","An act relating to inequities in child care grants",0
"H0404","2023_2024","RS","An act relating to requiring community service as a high school graduation requirement",0
"H0405","2023_2024","RS","An act relating to school choice for all Vermont students",0
"H0406","2023_2024","RS","An act relating to telemedicine",0
"H0407","2023_2024","RS","An act relating to penalties for animal cruelty offenses",0
"H0408","2023_2024","RS","An act relating to compassionate release and parole eligibility",0
"H0409","2023_2024","RS","An act relating to keeping Vermont students safe by restricting the use of restraints and seclusion in schools",0
"H0410","2023_2024","RS","An act relating to rabies vaccination certificate requirements for domestic pet or wolf-hybrid licensure",0
"H0411","2023_2024","RS","An act relating to extending COVID-19 health care regulatory flexibility",0
"H0412","2023_2024","RS","An act relating to motor vehicle inspections",0
"H0413","2023_2024","RS","An act relating to computer science education in public schools",0
"H0414","2023_2024","RS","An act relating to establishing an unused drug repository for Vermont",0
"H0415","2023_2024","RS","An act relating to increasing the minimum wage, eliminating exemptions from the minimum wage, and creating a grant program for certain employers",0
"H0416","2023_2024","RS","An act relating to teacher workforce development",0
"H0417","2023_2024","RS","An act relating to drink specials",0
"H0418","2023_2024","RS","An act relating to approval of an amendment to the charter of the Town of Barre",0
"H0419","2023_2024","RS","An act relating to broadband consumer protection and competition",0
"H0420","2023_2024","RS","An act relating to establishing a program to encourage the implementation of year-round agricultural practices",0
"H0421","2023_2024","RS","An act relating to drinking water standards for perfluoroalkyl and polyfluoroalkyl substances",0
"H0422","2023_2024","RS","An act relating to the development of a committee to study the impacts of perfluoroalkyl and polyfluoroalkyl substances in leachate from landfills in the State",0
"H0423","2023_2024","RS","An act relating to a public health response to drug use",0
"H0424","2023_2024","RS","An act relating to town, city, and village elections for single-seat offices using ranked-choice voting",0
"H0425","2023_2024","RS","An act relating to the regulation of kratom products",0
"H0426","2023_2024","RS","An act relating to the creation of new types of cannabis establishment licenses and the provision of cannabis excise tax revenue to the Cannabis Business Development Fund, communities that have been disproportionately impacted by cannabis prohibition, and substance misuse treatment",0
"H0427","2023_2024","RS","An act relating to a pilot program to provide direct cash transfers to youth exiting foster care",0
"H0428","2023_2024","RS","An act relating to prescribing by doctoral-level psychologists",0
"H0429","2023_2024","RS","An act relating to miscellaneous changes to election laws",0
"H0430","2023_2024","RS","An act relating to creating a tenant right of first refusal to purchase a residential rental building",0
"H0431","2023_2024","RS","An act relating to the use of pesticide chlorpyrifos and the herbicides glyphosate and atrazine",0
"H0432","2023_2024","RS","An act relating to establishing the Task Force to Study and Develop Reparation Proposals for the Institution of Chattel Slavery",0
"H0433","2023_2024","RS","An act relating to the use of electronic signatures for local ballot petitions",0
"H0434","2023_2024","RS","An act relating to creating the Vermont Office of Film and Creative Media",0
"H0435","2023_2024","RS","An act relating to a regenerative economy",0
"H0436","2023_2024","RS","An act relating to municipal flexibility to meet energy goals",0
"H0437","2023_2024","RS","An act relating to a plan on energy storage development",0
"H0438","2023_2024","RS","An act relating to a working group to develop a plan to eliminate incarceration",0
"H0439","2023_2024","RS","An act relating to decriminalizing certain chemical compounds found in plants and fungi that are commonly used for medicinal, spiritual, religious, or entheogenic purposes",0
"H0440","2023_2024","RS","An act relating to requiring safety belts on certain school buses",0
"H0441","2023_2024","RS","An act relating to funding for the Vermont Internet Crimes Against Children (VT-ICAC) Task Force",0
"H0442","2023_2024","RS","An act relating to payments to the teachers’ retirement system",0
"H0443","2023_2024","RS","An act relating to miscellaneous amendments to the Vermont State Employees Retirement System",0
"H0444","2023_2024","RS","An act relating to the study and design of a long-term care trust fund",0
"H0445","2023_2024","RS","An act relating to education and corrections infrastructure in the State",0
"H0446","2023_2024","RS","An act relating to the reconstitution of the University of Vermont Board of Trustees",0
"H0447","2023_2024","RS","An act relating to prohibiting unauthorized military units, unauthorized military training, and open carry of semiautomatic assault weapons",0
"H0448","2023_2024","RS","An act relating to promoting racial and social equity in economic opportunity and cultural empowerment",0
"H0449","2023_2024","RS","An act relating to creating a short-term rental housing registry",0
"H0450","2023_2024","RS","An act relating to supplemental income, health insurance, and retirement benefits for members of the General Assembly",0
"H0451","2023_2024","RS","An act relating to the cancellation of a life or long-term care insurance policy for nonpayment of premium",0
"H0452","2023_2024","RS","An act relating to expanding apprenticeship and other workforce opportunities",0
"H0453","2023_2024","RS","An act relating to preventing yo-yo motor vehicle sales",0
"H0454","2023_2024","RS","An act relating to establishing a statewide bargaining unit for Vermont State Colleges adjunct faculty",0
"H0455","2023_2024","RS","An act relating to the requirement to pass a civics test for high school graduation",0
"H0456","2023_2024","RS","An act relating to the Periodic Inspection Manual",0
"H0457","2023_2024","RS","An act relating to establishing a tax on the transit of agricultural commodities",0
"H0458","2023_2024","RS","An act relating to the Community Media Public Benefit Fund",0
"H0459","2023_2024","RS","An act relating to prohibiting the trade of kangaroo parts",0
"H0460","2023_2024","RS","An act relating to clarifying the right of adjunct faculty to unemployment insurance benefits",0
"H0461","2023_2024","RS","An act relating to making miscellaneous changes in education laws",0
"H0462","2023_2024","RS","An act relating to the evidentiary rules governing proceedings concerning a child who is a victim of an offense involving serious bodily injury",0
"H0463","2023_2024","RS","An act relating to creating an Americans with Disabilities Act Coordinator position for the General Assembly",0
"H0464","2023_2024","RS","An act relating to health insurance financial assistance for Indigenous persons",0
"H0465","2023_2024","RS","An act relating to regional emergency management committees’ meeting quorum requirement",0
"H0466","2023_2024","RS","An act relating to technical corrections for the 2023 legislative session",0
"H0467","2023_2024","RS","An act relating to outdoor recreation",0
"H0468","2023_2024","RS","An act relating to language access",0
"H0469","2023_2024","RS","An act relating to remote and electronic processes for executing an advance directive",0
"H0470","2023_2024","RS","An act relating to miscellaneous amendments to alcoholic beverage laws",0
"H0471","2023_2024","RS","An act relating to technical and administrative changes to Vermont’s tax laws",0
"H0472","2023_2024","RS","An act relating to miscellaneous agricultural subjects",0
"H0473","2023_2024","RS","An act relating to radiologist assistants",0
"H0474","2023_2024","RS","An act relating to approval of amendments to the charter of the City of Burlington",0
"H0475","2023_2024","RS","An act relating to preserving the rights of a parent with a disability",0
"H0476","2023_2024","RS","An act relating to miscellaneous changes to law enforcement officer training laws",0
"H0477","2023_2024","RS","An act relating to marriage license fees",0
"H0478","2023_2024","RS","An act relating to an independent school becoming a public school",0
"H0479","2023_2024","RS","An act relating to the Transportation Program and miscellaneous changes to laws related to transportation",0
"H0480","2023_2024","RS","An act relating to property valuation and reappraisals",0
"H0481","2023_2024","RS","An act relating to public health initiatives to address death by suicide",0
"H0482","2023_2024","RS","An act relating to Vermont Criminal Justice Council recommendations for law enforcement officer training",0
"H0483","2023_2024","RS","An act relating to the accountability and oversight of approved independent schools that are eligible to receive public tuition",0
"H0484","2023_2024","RS","An act relating to enhancing workforce and economic development opportunities",0
"H0485","2023_2024","RS","An act relating to the use of leghold traps",0
"H0486","2023_2024","RS","An act relating to school construction",0
"H0487","2023_2024","RS","An act relating to Executive Branch officials’ ethical misconduct",0
"H0488","2023_2024","RS","An act relating to approval of the adoption of the charter of the Town of Ludlow",0
"H0489","2023_2024","RS","An act relating to approval of an amendment to the charter of the Town of Shelburne",0
"H0490","2023_2024","RS","An act relating to approving the merger of the Village of Lyndonville with the Town of Lyndon",0
"H0491","2023_2024","RS","An act relating to requiring mileage reimbursements",0
"H0492","2023_2024","RS","An act relating to setting the homestead property tax yields and the nonhomestead property tax rate",0
"H0493","2023_2024","RS","An act relating to capital construction and State bonding",0
"H0494","2023_2024","RS","An act relating to making appropriations for the support of government",0
"H0495","2023_2024","RS","An act relating to the approval of the amendment to the charter of the Town of Middlebury",0
"H0496","2023_2024","RS","An act relating to recovery-friendly workplaces",0
"H0497","2023_2024","RS","An act relating to appraising properties with accessibility or environmental features",0
"H0498","2023_2024","RS","An act relating to requiring legislative approval prior to closing or reducing the size or scope of any Vermont State College Library",0
"H0499","2023_2024","RS","An act relating to the approval of the amendment of the charter of the City of Winooski",0
"H0500","2023_2024","RS","An act relating to prohibiting the involuntary sterilization of individuals with an intellectual disability",0
"H0501","2023_2024","RS","An act relating to disclosure of energy code compliance",0
"H0502","2023_2024","RS","An act relating to requiring legislative approval prior to closing or reducing the size or scope of any Vermont State College Library",0
"H0503","2023_2024","RS","An act relating to approval of amendments to the charter of the Town of St. Johnsbury",0
"H0504","2023_2024","RS","An act relating to approval of amendments to the charter of the Town of Berlin",0
"H0505","2023_2024","RS","An act relating to approval of an amendment to the charter of the City of Rutland",0
"H0506","2023_2024","RS","An act relating to approval of amendments to the election boundary provisions of the charter of the City of Burlington",0
"H0507","2023_2024","RS","An act relating to approval of amendments to the polling place provisions of the charter of the City of Burlington",0
"H0508","2023_2024","RS","An act relating to approval of an amendment to the ranked choice voting provisions of the charter of the City of Burlington",0
"H0509","2023_2024","RS","An act relating to approval of amendments to the voter qualification provisions of the charter of the City of Burlington",0
"H0510","2023_2024","RS","An act relating to the Social Work Licensure Compact",0
"H0511","2023_2024","RS","An act relating to establishing a culturally informed youth support pilot program",0
"H0512","2023_2024","RS","An act relating to implementing the recommendations of the Health Equity Advisory Commission related to provider training and continuing education",0
"H0513","2023_2024","RS","An act relating to protecting the competitive integrity and safety of girls and women in sports",0
"H0514","2023_2024","RS","An act relating to enhanced penalties for a DUI resulting in injury or death to a minor",0
"H0515","2023_2024","RS","An act relating to modernizing the Department of Corrections",0
"H0516","2023_2024","RS","An act relating to approval of amendments to the charter of the City of Essex Junction",0
"H0517","2023_2024","RS","An act relating to approval of the dissolution of Duxbury-Moretown Fire District No. 1 and to deputy State's Attorneys",0
"H0518","2023_2024","RS","An act relating to the approval of amendments to the charter of the Town of Essex",0
"H0519","2023_2024","RS","An act relating to the duties and salaries of municipal clerks",0
"H0520","2023_2024","RS","An act relating to firearms licensing, registration, and insurance",0
"H0521","2023_2024","RS","An act relating to firearms storage",0
"H0522","2023_2024","RS","An act relating to establishing a maximum speed limit of not more than 55 miles per hour on limited access and controlled access highways in Vermont",0
"H0523","2023_2024","RS","An act relating to harassment, hazing, and bullying in schools",0
"H0524","2023_2024","RS","An act relating to prohibiting cosmetic animal tests",0
"H0525","2023_2024","RS","An act relating to ordinances governing the possession of firearms in a municipal building",0
"H0526","2023_2024","RS","An act relating to the redesign of Bridge 9 in Barre City",0
"H0527","2023_2024","RS","An act relating to requiring retail businesses to accept cash",0
"H0528","2023_2024","RS","An act relating to the historical review and study of burial grounds",0
"H0529","2023_2024","RS","An act relating to publishing storage unit availability during a state of emergency",0
"H0530","2023_2024","RS","An act relating to increasing the property tax credit housesite value exclusion",0
"H0531","2023_2024","RS","An act relating to criminal penalties for burglary",0
"H0532","2023_2024","RS","An act relating to health insurance coverage for biomarker testing",0
"H0533","2023_2024","RS","An act relating to enhancing food allergen awareness in food service establishments",0
"H0534","2023_2024","RS","An act relating to retail theft",0
"H0535","2023_2024","RS","An act relating to public health outreach programs regarding dementia risk",0
"H0536","2023_2024","RS","An act relating to homeowners’ insurance and dog breed discrimination",0
"H0537","2023_2024","RS","An act relating to access to employee restrooms for individuals living with an inflammatory bowel disease",0
"H0538","2023_2024","RS","An act relating to student application of sunscreen and car seat safety",0
"H0539","2023_2024","RS","An act relating to amending Vermont’s disorderly conduct statutes",0
"H0540","2023_2024","RS","An act relating to the siting of tiny houses",0
"H0541","2023_2024","RS","An act relating to State education property taxes and flood-related damage",0
"H0542","2023_2024","RS","An act relating to speed limits in State-designated centers",0
"H0543","2023_2024","RS","An act relating to Vermont’s adoption of the Social Work Licensure Compact and to emergency housing eligibility documentation",0
"H0544","2023_2024","RS","An act relating to regulating products containing perfluoroalkyl and polyfluoroalkyl substances",0
"H0545","2023_2024","RS","An act relating to utility property valuation",0
"H0546","2023_2024","RS","An act relating to administrative and policy changes to tax laws",0
"H0547","2023_2024","RS","An act relating to the repeal of the automated license plate recognition (ALPR) system statutes and the enactment of laws allowing for the use of automated law enforcement",0
"H0548","2023_2024","RS","An act relating to the landfill disposal of solid waste",0
"H0549","2023_2024","RS","An act relating to the siting of outdoor cannabis cultivation",0
"H0550","2023_2024","RS","An act relating to expanding eligibility under the local foods grant program",0
"H0551","2023_2024","RS","An act relating to wakesports zones on State waters",0
"H0552","2023_2024","RS","An act relating to statements made by a child victim of an offense involving serious bodily injury",0
"H0553","2023_2024","RS","An act relating to the right of entry following a tax sale",0
"H0554","2023_2024","RS","An act relating to approval of the adoption of the charter of the Town of South Hero",0
"H0555","2023_2024","RS","An act relating to enclosing the Vermont State Hospital cemetery",0
"H0556","2023_2024","RS","An act relating to requiring mobile home park flood risk disclosure",0
"H0557","2023_2024","RS","An act relating to monitoring the homeowners insurance market in Vermont and protecting consumers",0
"H0558","2023_2024","RS","An act relating to operating a motor vehicle without consent of the owner",0
"H0559","2023_2024","RS","An act relating to a voluntary license to purchase firearms",0
"H0560","2023_2024","RS","An act relating to making technical corrections to workers’ compensation rulemaking requirements",0
"H0561","2023_2024","RS","An act relating to prohibiting firearms at polling places and requiring that lost or stolen firearms be reported to a law enforcement agency",0
"H0562","2023_2024","RS","An act relating to the temporary use of automated traffic law enforcement (ATLE) systems",0
"H0563","2023_2024","RS","An act relating to unlawful trespass in a motor vehicle and unauthorized operation of a motor vehicle without the owner's consent",0
"H0564","2023_2024","RS","An act relating to entering a vehicle without legal authority or consent",0
"H0565","2023_2024","RS","An act relating to technical amendments to the child support statutes",0
"H0566","2023_2024","RS","An act relating to consideration of community impact at sentencing hearing",0
"H0567","2023_2024","RS","An act relating to the sale of dogs, cats, and wolf-hybrids by pet shops",0
"H0568","2023_2024","RS","An act relating to the Municipal Planning and Resilience Grant Program",0
"H0569","2023_2024","RS","An act relating to use of administrative use controls at contaminated sites",0
"H0570","2023_2024","RS","An act relating to attorney’s fees in civil actions",0
"H0571","2023_2024","RS","An act relating to requirements for operator’s license reinstatement following a conviction of driving under the influence",0
"H0572","2023_2024","RS","An act relating to enacting the Physician Assistant Licensure Compact",0
"H0573","2023_2024","RS","An act relating to the Rare Disease Advisory Council",0
"H0574","2023_2024","RS","An act relating to residential service upgrades for beneficial electrification",0
"H0575","2023_2024","RS","An act relating to the Community Media Public Benefit Fund",0
"H0576","2023_2024","RS","An act relating to studying supplemental funding for the Unemployment Insurance Program",0
"H0577","2023_2024","RS","An act relating to providing legal assistance to the Access Board",0
"H0578","2023_2024","RS","An act relating to requirements for the pay plans of certain law enforcement officers and firefighters employed by the State",0
"H0579","2023_2024","RS","An act relating to organized retail theft, aggravated retail theft, and retail theft with the intent to resell",0
"H0580","2023_2024","RS","An act relating to the types of evidence permitted in weight of the evidence hearings",0
"H0581","2023_2024","RS","An act relating to bail and violations of conditions of release",0
"H0582","2023_2024","RS","An act relating to prohibiting possession of semiautomatic assault weapons",0
"H0583","2023_2024","RS","An act relating to the Donor Intent Protection Act",0
"H0584","2023_2024","RS","An act relating to jurisdiction in juvenile proceedings",0
"H0585","2023_2024","RS","An act relating to amending the pension system for sheriffs and certain deputy sheriffs",0
"H0586","2023_2024","RS","An act relating to flood protection and climate resilience infrastructure and financing",0
"H0587","2023_2024","RS","An act relating to enforcement of fish and wildlife violations",0
"H0588","2023_2024","RS","An act relating to threatened or endangered species",0
"H0589","2023_2024","RS","An act relating to aquatic nuisance control",0
"H0590","2023_2024","RS","An act relating to insurance protections and leave from employment for living donors",0
"H0591","2023_2024","RS","An act relating to an examination of State funding that supports public safety and correctional programs",0
"H0592","2023_2024","RS","An act relating to tax benefits for school sports officiating",0
"H0593","2023_2024","RS","An act relating to a tax credit for emergency responders",0
"H0594","2023_2024","RS","An act relating to exempting Social Security income from income tax",0
"H0595","2023_2024","RS","An act relating to deer and bear doing damage to crops",0
"H0596","2023_2024","RS","An act relating to eligibility of reserve forestland for use value appraisal",0
"H0597","2023_2024","RS","An act relating to the collection, sale, and possession of wildlife",0
"H0598","2023_2024","RS","An act relating to holding local hearings on hospital budgets",0
"H0599","2023_2024","RS","An act relating to retroactively reinstating 10 V.S.A. § 6081(b)",0
"H0600","2023_2024","RS","An act relating to nondiscrimination concerning a parent with a disability",0
"H0601","2023_2024","RS","An act relating to prohibiting the presence of toxic chemicals in plastic packaging",0
"H0602","2023_2024","RS","An act relating to prohibiting the use of plastics in certain technologies",0
"H0603","2023_2024","RS","An act relating to the poultry slaughter exception to inspection",0
"H0604","2023_2024","RS","An act relating to a study of a statewide grid resilience plan",0
"H0605","2023_2024","RS","An act relating to prostitution",0
"H0606","2023_2024","RS","An act relating to professional licensure and immigration status",0
"H0607","2023_2024","RS","An act relating to business owner transparency",0
"H0608","2023_2024","RS","An act relating to a nonresidential property tax surcharge",0
"H0609","2023_2024","RS","An act relating to repealing the Motorboat Registration Fund and establishing the Lake Protection and Access Pass for use of State waters",0
"H0610","2023_2024","RS","An act relating to making home modifications for safety and livability",0
"H0611","2023_2024","RS","An act relating to creating a study committee for the uniform local share of sales and use tax revenue and other revenue sharing options",0
"H0612","2023_2024","RS","An act relating to miscellaneous cannabis amendments",0
"H0613","2023_2024","RS","An act relating to disclosure of a sexually explicit depiction without consent",0
"H0614","2023_2024","RS","An act relating to land improvement fraud and timber trespass",0
"H0615","2023_2024","RS","An act relating to transferring safety jurisdiction over certain hydroelectric dams",0
"H0616","2023_2024","RS","An act relating to providing protections against eviction",0
"H0617","2023_2024","RS","An act relating to residential rental application fees",0
"H0618","2023_2024","RS","An act relating to the definition of a mobile home park",0
"H0619","2023_2024","RS","An act relating to creating reciprocal rights to landlord-tenant attorney’s fees and expenses",0
"H0620","2023_2024","RS","An act relating to health insurance coverage for diagnostic tests used for screening purposes",0
"H0621","2023_2024","RS","An act relating to health insurance coverage for diagnostic breast imaging",0
"H0622","2023_2024","RS","An act relating to emergency medical services",0
"H0623","2023_2024","RS","An act relating to access to public transit in rural Vermont",0
"H0624","2023_2024","RS","An act relating to providing financial assistance to the forest economy",0
"H0625","2023_2024","RS","An act relating to the Study Committee on Dam Emergency Action Planning",0
"H0626","2023_2024","RS","An act relating to animal welfare",0
"H0627","2023_2024","RS","An act relating to emergency preparedness and hazard response",0
"H0628","2023_2024","RS","An act relating to the collection and recycling of waste motor vehicle tires",0
"H0629","2023_2024","RS","An act relating to changes to property tax abatement and tax sales",0
"H0630","2023_2024","RS","An act relating to improving access to high-quality education through community collaboration",0
"H0631","2023_2024","RS","An act relating to access to utility energy consumption data and establishment of an energy storage program",0
"H0632","2023_2024","RS","An act relating to the Vermont Community Broadband Board and a transfer plan",0
"H0633","2023_2024","RS","An act relating to legislative approval of telephone property sales and leases",0
"H0634","2023_2024","RS","An act relating to school closures and the designation of a public school to serve as the public school of the district",0
"H0635","2023_2024","RS","An act relating to employment protections for volunteer firefighters and emergency medical personnel and tax credits for employers",0
"H0636","2023_2024","RS","An act relating to miscellaneous unemployment insurance amendments",0
"H0637","2023_2024","RS","An act relating to repealing the Public Records Act exemption covering records relevant to litigation",0
"H0638","2023_2024","RS","An act relating to the Working Group on Asynchronous Open Meetings",0
"H0639","2023_2024","RS","An act relating to flood risk disclosure, accessibility standards for State-funded residential construction, housing accountability, and recovery residence evictions",0
"H0640","2023_2024","RS","An act relating to three-member boards and the Open Meeting Law",0
"H0641","2023_2024","RS","An act relating to authorizing boards of abatement to hear like cases as a class",0
"H0642","2023_2024","RS","An act relating to requirements for public access to electronic meetings under the Open Meeting Law",0
"H0643","2023_2024","RS","An act relating to the sale of closed containers of alcoholic beverages within a first- or third-class license serving area",0
"H0644","2023_2024","RS","An act relating to access to records by individuals who were in foster care",0
"H0645","2023_2024","RS","An act relating to the expansion of approaches to restorative justice",0
"H0646","2023_2024","RS","An act relating to the transfer of property by Vermont’s congregational churches",0
"H0647","2023_2024","RS","An act relating to creation of the Housing Board of Appeals",0
"H0648","2023_2024","RS","An act relating to contractor licensing",0
"H0649","2023_2024","RS","An act relating to the Vermont Truth and Reconciliation Commission",0
"H0650","2023_2024","RS","An act relating to excluding income from damages related to employment-related lawsuits from income tax",0
"H0651","2023_2024","RS","An act relating to the Commissioner of Financial Regulation and an annual supervision and regulation report",0
"H0652","2023_2024","RS","An act relating to updates to the HOME Act",0
"H0653","2023_2024","RS","An act relating to limiting facility fees for certain hospital outpatient department services",0
"H0654","2023_2024","RS","An act relating to recognition of foreign laws concerning parental rights and legally protected health care",0
"H0655","2023_2024","RS","An act relating to studies of policies and procedures regarding the sealing of criminal history records",0
"H0656","2023_2024","RS","An act relating to establishing a right to repair powered wheelchairs",0
"H0657","2023_2024","RS","An act relating to the modernization of Vermont’s communications taxes and fees",0
"H0658","2023_2024","RS","An act relating to banking, insurance, and securities",0
"H0659","2023_2024","RS","An act relating to banking, insurance, and securities",0
"H0660","2023_2024","RS","An act relating to youth sports in Vermont",0
"H0661","2023_2024","RS","An act relating to child abuse and neglect investigation and substantiation standards and procedures",0
"H0662","2023_2024","RS","An act relating to the merger of entities that hold separate alcoholic beverage licenses",0
"H0663","2023_2024","RS","An act relating to requiring payment of the prevailing wage for State-funded storm repair and climate change mitigation projects",0
"H0664","2023_2024","RS","An act relating to designating a State Mushroom",1
"H0665","2023_2024","RS","An act relating to the Green Mountain Care Board’s regulatory duties and hospital budget reviews",0
"H0666","2023_2024","RS","An act relating to escrow deposit bonds",0
"H0667","2023_2024","RS","An act relating to the creation of the Vermont-Ireland Trade Commission",0
"H0668","2023_2024","RS","An act relating to the Low-Income Electric Ratepayer Protection Act",0
"H0669","2023_2024","RS","An act relating to thermal energy networks",0
"H0670","2023_2024","RS","An act relating to the scope and enforcement of bail and conditions of release",0
"H0671","2023_2024","RS","An act relating to repealing the Affordable Heat Act and Global Warming Solutions Act",0
"H0672","2023_2024","RS","An act relating to work search requirements for individuals receiving unemployment insurance benefits",0
"H0673","2023_2024","RS","An act relating to Vermont’s outdoor recreation economy",0
"H0674","2023_2024","RS","An act relating to regulation of septage and other materials containing perfluoroalkyl and polyfluoroalkyl substances",0
"H0675","2023_2024","RS","An act relating to issuing grants for permanent supportive housing",0
"H0676","2023_2024","RS","An act relating to health insurance coverage for coronary artery calcium testing for individuals with chronic high cholesterol",0
"H0677","2023_2024","RS","An act relating to providing positions and funding to support statewide student support systems",0
"H0678","2023_2024","RS","An act relating to utilization of first responders in emergency management",0
"H0679","2023_2024","RS","An act relating to establishing a property tax surcharge and allocation of property transfer tax revenue",0
"H0680","2023_2024","RS","An act relating to expanding access to special venue serving permits",0
"H0681","2023_2024","RS","An act relating to home-delivered meals as a Medicaid covered service",0
"H0682","2023_2024","RS","An act relating to the Education Equity Team Pilot Project and report",0
"H0683","2023_2024","RS","An act relating to modernizing the State Designated Areas Program",0
"H0684","2023_2024","RS","An act relating to creating a rental housing registry",0
"H0685","2023_2024","RS","An act relating to pedestrians and pedestrian safety and bicycle and pedestrian facilities",0
"H0686","2023_2024","RS","An act relating to measuring progress toward statewide and regional housing targets",0
"H0687","2023_2024","RS","An act relating to community resilience and biodiversity protection through land use",0
"H0688","2023_2024","RS","An act relating to including rechargeable batteries and battery-containing products under the State battery stewardship program",0
"H0689","2023_2024","RS","An act relating to child abuse and neglect allegations involving military personnel",0
"H0690","2023_2024","RS","An act relating to establishing community restitution as a sentencing alternative",0
"H0691","2023_2024","RS","An act relating to exempting veterans from paying town fees for a license to peddle or vend goods",0
"H0692","2023_2024","RS","An act relating to encouraging the sale of homes to buyers who are financing",0
"H0693","2023_2024","RS","An act relating to 2024 transportation initiatives to improve infrastructure, increase resiliency, and reduce carbon emissions",0
"H0694","2023_2024","RS","An act relating to sexual exploitation",0
"H0695","2023_2024","RS","An act relating to survivor benefits for law enforcement officers",0
"H0696","2023_2024","RS","An act relating to establishing the Critical Incident Review Team",0
"H0697","2023_2024","RS","An act relating to the advancement of literacy instruction",0
"H0698","2023_2024","RS","An act relating to the governance and transformation of the Vermont State Colleges Corporation",0
"H0699","2023_2024","RS","An act relating to the availability of menstrual products in schools",0
"H0700","2023_2024","RS","An act relating to the Armed Services Scholarships",0
"H0701","2023_2024","RS","An act relating to the Vermont earned income tax credit and the Vermont child tax credit",0
"H0702","2023_2024","RS","An act relating to legislative operations and government accountability",0
"H0703","2023_2024","RS","An act relating to 3SquaresVT",0
"H0704","2023_2024","RS","An act relating to disclosure of compensation in job advertisements",0
"H0705","2023_2024","RS","An act relating to opioid overdose response training and the distribution of opioid antagonists",0
"H0706","2023_2024","RS","An act relating to banning the use of neonicotinoid pesticides",0
"H0707","2023_2024","RS","An act relating to revising the delivery and governance of the Vermont workforce system",0
"H0708","2023_2024","RS","An act relating to the creation of a forgivable loan track within VEGI program and repealing the VEGI sunset",0
"H0709","2023_2024","RS","An act relating to creating the Office of Entrepreneurship and other programs pertaining to entrepreneurs",0
"H0710","2023_2024","RS","An act relating to regulating developers and deployers of certain artificial intelligence systems",0
"H0711","2023_2024","RS","An act relating to creating oversight and liability standards for developers and deployers of inherently dangerous artificial intelligence systems",0
"H0712","2023_2024","RS","An act relating to age-appropriate design code",0
"H0713","2023_2024","RS","An act relating to establishing a 32-hour workweek",0
"H0714","2023_2024","RS","An act relating to bolstering child and youth voices in Vermont",0
"H0715","2023_2024","RS","An act relating to climate change resilience under Act 250",0
"H0716","2023_2024","RS","An act relating to career and technical education",0
"H0717","2023_2024","RS","An act relating to supports to help students experiencing homelessness and students exiting the foster care system succeed in postsecondary educational institutions",0
"H0718","2023_2024","RS","An act relating to the calculation of a school district’s long-term membership",0
"H0719","2023_2024","RS","An act relating to housing development and unit rehabilitation",0
"H0720","2023_2024","RS","An act relating to improper disclosure of discovery information in criminal proceedings",0
"H0721","2023_2024","RS","An act relating to expanding access to Medicaid and Dr. Dynasaur",0
"H0722","2023_2024","RS","An act relating to the waiver of certain fees for vital records and other identification for persons experiencing homelessness",0
"H0723","2023_2024","RS","An act relating to flood recovery",0
"H0724","2023_2024","RS","An act relating to sealing eviction records",0
"H0725","2023_2024","RS","An act relating to the Human Rights Commission",0
"H0726","2023_2024","RS","An act relating to compliance checks by the Division of Liquor Control",0
"H0727","2023_2024","RS","An act relating to social host liability for furnishing alcohol or cannabis to an individual under 21",0
"H0728","2023_2024","RS","An act relating to the provision of translation services during school enrollment",0
"H0729","2023_2024","RS","An act relating to establishing a tobacco substitute directory",0
"H0730","2023_2024","RS","An act relating to uniformly removing members of State boards and commissions",0
"H0731","2023_2024","RS","An act relating to Family Division jurisdiction in juvenile proceedings",0
"H0732","2023_2024","RS","An act relating to traffic cameras and traffic violations for illegally passing a school bus",0
"H0733","2023_2024","RS","An act relating to General Assistance emergency housing",0
"H0734","2023_2024","RS","An act relating to establishing a residency requirement for the General Assistance Emergency Housing Program and the emergency housing transition benefit",0
"H0735","2023_2024","RS","An act relating to exemptions for food manufacturing establishments",0
"H0736","2023_2024","RS","An act relating to requiring approved independent schools to confirm compliance with the Vermont Public Accommodations Act",0
"H0737","2023_2024","RS","An act relating to the appointment of State Board of Education members",0
"H0738","2023_2024","RS","An act relating to the rights of school district and supervisory union employees to testify before a school board or supervisory union board",0
"H0739","2023_2024","RS","An act relating to raising awareness of military-related postsecondary opportunities",0
"H0740","2023_2024","RS","An act relating to inclusive curricular standards for the sciences, arts, and humanities",0
"H0741","2023_2024","RS","An act relating to health insurance coverage for colorectal cancer screening",0
"H0742","2023_2024","RS","An act relating to health insurance reimbursement rate parity",0
"H0743","2023_2024","RS","An act relating to an exemption to the firearms transfer waiting period for persons who already own firearms",0
"H0744","2023_2024","RS","An act relating to disclosure of sexually explicit images without consent",0
"H0745","2023_2024","RS","An act relating to the Vermont Parentage Act",0
"H0746","2023_2024","RS","An act relating to unemployment insurance eligibility and benefits",0
"H0747","2023_2024","RS","An act relating to appropriating funds to reimburse the Burlington Fire Department for assisting individuals experiencing a drug overdose",0
"H0748","2023_2024","RS","An act relating to updating terminology and fees related to the Department of Public Safety’s response to alarms",0
"H0749","2023_2024","RS","An act relating to waived registration fees for volunteer firefighter motor vehicles",0
"H0750","2023_2024","RS","An act relating to unemployment insurance eligibility for members of the General Assembly",0
"H0751","2023_2024","RS","An act relating to expanding equal pay protections",0
"H0752","2023_2024","RS","An act relating to pedestrians, pedestrian safety, and motor vehicle safety",0
"H0753","2023_2024","RS","An act relating to driver education for students participating in the home study program",0
"H0754","2023_2024","RS","An act relating to the governance and transformation of the Vermont State Colleges Corporation",0
"H0755","2023_2024","RS","An act relating to mergers and governance of communications union districts",0
"H0756","2023_2024","RS","An act relating to short-term rental occupancy requirements",0
"H0757","2023_2024","RS","An act relating to a property transfer tax surcharge to fund housing",0
"H0758","2023_2024","RS","An act relating to the local property tax exemption for homes and dwellings",0
"H0759","2023_2024","RS","An act relating to changes to the Downtown Transportation and Related Capital Improvement Fund",0
"H0760","2023_2024","RS","An act relating to Act 250 transparency",0
"H0761","2023_2024","RS","An act relating to penalties and point assessments for using a portable electronic device while operating a moving motor vehicle and the Distracted Driving Diversion Program",0
"H0762","2023_2024","RS","An act relating to a single process for sealing criminal history records",0
"H0763","2023_2024","RS","An act relating to the creation of the Youth Participatory Action Research Project",0
"H0764","2023_2024","RS","An act relating to a study on employer-provided housing",0
"H0765","2023_2024","RS","An act relating to health insurance coverage for obesity care",0
"H0766","2023_2024","RS","An act relating to prior authorization and step therapy requirements, health insurance claims, and provider contracts",0
"H0767","2023_2024","RS","An act relating to increasing penalties for drug-related offenses",0
"H0768","2023_2024","RS","An act relating to municipal delegation of Act 250 authority",0
"H0769","2023_2024","RS","An act relating to establishing a baby bond trust program",0
"H0770","2023_2024","RS","An act relating to municipal authority to conduct dredging",0
"H0771","2023_2024","RS","An act relating to landowner liability for unmarked and improperly marked access control devices",0
"H0772","2023_2024","RS","An act relating to warranty coverage for heating and cooling systems",0
"H0773","2023_2024","RS","An act relating to how a defendant’s criminal record is considered in imposing conditions of release",0
"H0774","2023_2024","RS","An act relating to bail and violations of conditions of release",0
"H0775","2023_2024","RS","An act relating to bail and pretrial release",0
"H0776","2023_2024","RS","An act relating to establishing the Division of Policy, Planning, and Innovation at the Green Mountain Care Board",0
"H0777","2023_2024","RS","An act relating to donor-conceived persons and gamete agencies, gamete banks, and fertility clinics",0
"H0778","2023_2024","RS","An act relating to legislative and executive term limits",0
"H0779","2023_2024","RS","An act relating to crimes against an unborn child",0
"H0780","2023_2024","RS","An act relating to judicial nominations and appointments",0
"H0781","2023_2024","RS","An act relating to the waiver of unemployment insurance overpayments",0
"H0782","2023_2024","RS","An act relating to the designation of Ken Squier Day",0
"H0783","2023_2024","RS","An act relating to the radon test kit pilot program",0
"H0784","2023_2024","RS","An act relating to establishing a student nurse apprenticeship program",0
"H0785","2023_2024","RS","An act relating to review of orders placing the Vermont National Guard in federal active duty status",0
"H0786","2023_2024","RS","An act relating to child care provider citizenship status",0
"H0787","2023_2024","RS","An act relating to an excise tax on the sale of firearms and ammunition",0
"H0788","2023_2024","RS","An act relating to net metering rates",0
"H0789","2023_2024","RS","An act relating to establishing the Data Trust Study Committee",0
"H0790","2023_2024","RS","An act relating to requiring radon testing disclosure in residential real estate sales",0
"H0791","2023_2024","RS","An act relating to impact fees and affordable housing",0
"H0792","2023_2024","RS","An act relating to the Residential and Commercial Building Energy Standards",0
"H0793","2023_2024","RS","An act relating to studying the adoption of a residential building code",0
"H0794","2023_2024","RS","An act relating to services provided by the Vermont Veterans’ Home",0
"H0795","2023_2024","RS","An act relating to the creation of an earned allowance program and other workforce development for justice-involved individuals",0
"H0796","2023_2024","RS","An act relating to promoting recovery in residential facilities for justice-involved individuals",0
"H0797","2023_2024","RS","An act relating to the regulation of social media platforms for the protection of child users",0
"H0798","2023_2024","RS","An act relating to prohibiting speed bumps and speed humps",0
"H0799","2023_2024","RS","An act relating to judicial retention and judicial nominations",0
"H0800","2023_2024","RS","An act relating to creating the Vermont Olympics Task Force",0
"H0801","2023_2024","RS","An act relating to approval of the adoption of the charter of the Town of Waterbury",0
"H0802","2023_2024","RS","An act relating to local option taxes",0
"H0803","2023_2024","RS","An act relating to the modification of a motor vehicle’s exhaust system",0
"H0804","2023_2024","RS","An act relating to exhibition vehicle registration",0
"H0805","2023_2024","RS","An act relating to amending the prohibitions against harassment in schools",0
"H0806","2023_2024","RS","An act relating to the prohibition of book bans by public and school libraries",0
"H0807","2023_2024","RS","An act relating to a school library material selection policy",0
"H0808","2023_2024","RS","An act relating to the use of gun suppressors while hunting",0
"H0809","2023_2024","RS","An act relating to climate change cost recovery",0
"H0810","2023_2024","RS","An act relating to establishing the Agricultural Workforce and Housing Directory",0
"H0811","2023_2024","RS","An act relating to the eligibility of posted land for enrollment in the Use Value Appraisal Program",0
"H0812","2023_2024","RS","An act relating to threatened and endangered species",0
"H0813","2023_2024","RS","An act relating to establishing the Tree Fruit Farmer Assistance Program",0
"H0814","2023_2024","RS","An act relating to supportive and transitional housing for justice-involved individuals",0
"H0815","2023_2024","RS","An act relating to health equity training in correctional facilities and to community-based mental health and substance use disorder services for detained or incarcerated individuals and individuals reentering the community",0
"H0816","2023_2024","RS","An act relating to mental health screenings in school-age youth",0
"H0817","2023_2024","RS","An act relating to in-state tuition eligibility for the Vermont State Colleges System and financial aid eligibility for Vermont Student Assistance Corporation programs",0
"H0818","2023_2024","RS","An act relating to establishing a mental wellness and climate resilience pilot program",0
"H0819","2023_2024","RS","An act relating to the portability of Vermont Student Assistance Corporation grants and scholarships",0
"H0820","2023_2024","RS","An act relating to public school designation and the use of public funds for tuition",0
"H0821","2023_2024","RS","An act relating to creating term limits for individuals holding the positions of trustee and chancellor within the Vermont State Colleges Corporation",0
"H0822","2023_2024","RS","An act relating to a report on the postgraduation career and settlement behaviors of students attending Vermont colleges and universities",0
"H0823","2023_2024","RS","An act relating to educator preparation and evidence-based literacy instruction",0
"H0824","2023_2024","RS","An act relating to virtual learning",0
"H0825","2023_2024","RS","An act relating to authorizing municipalities to conduct maintenance of waterways",0
"H0826","2023_2024","RS","An act relating to student supports and literacy",0
"H0827","2023_2024","RS","An act relating to applying personal income tax to unrealized gains",0
"H0828","2023_2024","RS","An act relating to the creation of a personal income tax surcharge",0
"H0829","2023_2024","RS","An act relating to long-term housing solutions",0
"H0830","2023_2024","RS","An act relating to the zoning requirements for group homes",0
"H0831","2023_2024","RS","An act relating to the running of livestock at large",0
"H0832","2023_2024","RS","An act relating to repealing the mandatory retirement age for certain State law enforcement officers",0
"H0833","2023_2024","RS","An act relating to capping the number of cannabis establishment licenses issued by the Cannabis Control Board",0
"H0834","2023_2024","RS","An act relating to cannabis special event licenses",0
"H0835","2023_2024","RS","An act relating to services for adults with an intellectual disability",0
"H0836","2023_2024","RS","An act relating to expanding earned time to include credit for higher education degrees",0
"H0837","2023_2024","RS","An act relating to equalizing community service and incarceration requirements for offenses that permit such sentencing alternatives",0
"H0838","2023_2024","RS","An act relating to improved highway access for pedestrians and bicyclists",0
"H0839","2023_2024","RS","An act related to fiscal year 2024 budget adjustments",0
"H0840","2023_2024","RS","An act relating to specialty license plates for veterans",0
"H0841","2023_2024","RS","An act relating to increasing access to a blenderized whole foods diet for individuals receiving nutrition through a feeding tube",0
"H0842","2023_2024","RS","An act relating to the creation a forgivable loan incentive program for graduates of the Vermont Law School",0
"H0843","2023_2024","RS","An act relating to the jurisdiction of the Human Rights Commission",0
"H0844","2023_2024","RS","An act relating to appeal rights for extraterritorial users of municipal water and sewer systems",0
"H0845","2023_2024","RS","An act relating to designating November as Vermont Month of the Veteran",1
"H0846","2023_2024","RS","An act relating to advancing mobile homes as an energy-efficient, affordable housing alternative",0
"H0847","2023_2024","RS","An act relating to peer support provider and peer recovery support specialist certification",0
"H0848","2023_2024","RS","An act relating to updating the school branding and mascot law",0
"H0849","2023_2024","RS","An act relating to technical corrections for the 2024 legislative session",0
"H0850","2023_2024","RS","An act relating to transitioning education financing to the new system for pupil weighting",0
"H0851","2023_2024","RS","An act relating to creating a Department and Commissioner of Education and amending the duties and composition of the State Board of Education",0
"H0852","2023_2024","RS","An act relating to creating a statewide vision for the future of education in Vermont",0
"H0853","2023_2024","RS","An act relating to permitting dogs in retail stores",0
"H0854","2023_2024","RS","An act relating to establishing a statewide electronic medical records system",0
"H0855","2023_2024","RS","An act relating to making modifications affecting many aspects of Vermont’s health care system",0
"H0856","2023_2024","RS","An act relating to medical leave for a serious injury",0
"H0857","2023_2024","RS","An act relating to prohibiting advertisements for State-run gambling operations",0
"H0858","2023_2024","RS","An act relating to permitting Assistant Attorneys General to collectively bargain",0
"H0859","2023_2024","RS","An act relating to overtime compensation for employees of the General Assembly",0
"H0860","2023_2024","RS","An act relating to granting collective bargaining rights to employees of the General Assembly",0
"H0861","2023_2024","RS","An act relating to reimbursement parity for health care services delivered in person, by telemedicine, and by audio-only telephone and extending time for flood abatement reimbursement",0
"H0862","2023_2024","RS","An act relating to approval of amendments to the charter of the Town of Barre",0
"H0863","2023_2024","RS","An act relating to recommendations on the education and potential harms of deepfake technology",0
"H0864","2023_2024","RS","An act relating to pilot projects expanding democratic practices in State and local government",0
"H0865","2023_2024","RS","An act relating to an income tax surcharge and tax policies relating to housing",0
"H0866","2023_2024","RS","An act relating to adding xylazine to the list of regulated drugs",0
"H0867","2023_2024","RS","An act relating to miscellaneous amendments to the laws governing alcoholic beverages and the Board of Liquor and Lottery",0
"H0868","2023_2024","RS","An act relating to the fiscal year 2025 Transportation Program and miscellaneous changes to laws related to transportation",0
"H0869","2023_2024","RS","An act relating to approval of the merger of Brandon Fire District No. 1 and Brandon Fire District No. 2",0
"H0870","2023_2024","RS","An act relating to professions and occupations regulated by the Office of Professional Regulation",0
"H0871","2023_2024","RS","An act relating to the development of an updated State aid to school construction program",0
"H0872","2023_2024","RS","An act relating to miscellaneous updates to the powers of the Vermont Criminal Justice Council and the duties of law enforcement officers",0
"H0873","2023_2024","RS","An act relating to financing the testing for and remediation of the presence of polychlorinated biphenyls (PCBs) in schools",0
"H0874","2023_2024","RS","An act relating to miscellaneous changes in education laws",0
"H0875","2023_2024","RS","An act relating to the State Ethics Commission and the State Code of Ethics",0
"H0876","2023_2024","RS","An act relating to miscellaneous amendments to the corrections laws",0
"H0877","2023_2024","RS","An act relating to miscellaneous agricultural subjects",0
"H0878","2023_2024","RS","An act relating to miscellaneous judiciary procedures",0
"H0879","2023_2024","RS","An act relating to the Emergency Temporary Shelter Program",0
"H0880","2023_2024","RS","An act relating to increasing access to justice and to corporate taxes and fees",0
"H0881","2023_2024","RS","An act relating to approval of an amendment to the charter of the City of Burlington",0
"H0882","2023_2024","RS","An act relating to capital construction and State bonding budget adjustment",0
"H0883","2023_2024","RS","An act relating to making appropriations for the support of government",0
"H0884","2023_2024","RS","An act relating to the modernization of governance for the St. Albans Cemetery Association",0
"H0885","2023_2024","RS","An act relating to approval of an amendment to the charter of the Town of Berlin",0
"H0886","2023_2024","RS","An act relating to approval of amendments to the charter of the City of South Burlington",0
"H0887","2023_2024","RS","An act relating to homestead property tax yields, nonhomestead rates, and policy changes to education finance and taxation",0
"H0888","2023_2024","RS","An act relating to approval of amendments to the charter of the Town of Hartford",0
"H0889","2023_2024","RS","An act relating to compensation for certain State employees (Pay Act)",0
"H0890","2023_2024","RS","An act relating to delaying implementation of certain health insurance claims editing requirements",0
"S0001","2023_2024","RS","An act relating to Act 250 jurisdiction over aircraft hangars",0
"S0002","2023_2024","RS","An act relating to legislative oversight of payment reform and conflict-free case management for developmental disability services",0
"S0003","2023_2024","RS","An act relating to prohibiting paramilitary training camps",0
"S0004","2023_2024","RS","An act relating to reducing crimes of violence associated with juveniles and dangerous weapons",0
"S0005","2023_2024","RS","An act relating to affordably meeting the mandated greenhouse gas reductions for the thermal sector through efficiency, weatherization measures, electrification, and decarbonization",0
"S0006","2023_2024","RS","An act relating to law enforcement interrogation policies",0
"S0007","2023_2024","RS","An act relating to qualifications for a public defender",0
"S0008","2023_2024","RS","An act relating to appointing counsel to represent a person found incompetent to stand trial or not guilty by reason of insanity",0
"S0009","2023_2024","RS","An act relating to the authority of the State Auditor to examine the books and records of State contractors",0
"S0010","2023_2024","RS","An act relating to the installation of water bottle filling stations in schools",0
"S0011","2023_2024","RS","An act relating to persons prohibited from possessing firearms",0
"S0012","2023_2024","RS","An act relating to authorizing card check elections",0
"S0013","2023_2024","RS","An act relating to referral of domestic and sexual violence cases to community justice centers",0
"S0014","2023_2024","RS","An act relating to a report on criminal justice-related investments and trends",0
"S0015","2023_2024","RS","An act relating to establishing presumptive probation for nonviolent crimes",0
"S0016","2023_2024","RS","An act relating to repealing the exception for clergy to report child abuse and neglect",0
"S0017","2023_2024","RS","An act relating to sheriff reforms",0
"S0018","2023_2024","RS","An act relating to banning flavored tobacco products and e-liquids",0
"S0019","2023_2024","RS","An act relating to eliminating prohibitions and penalties on the purchase, use, and possession of tobacco products",0
"S0020","2023_2024","RS","An act relating to establishing the Basic Needs Budget Technical Advisory Commission and creating a State and federal assistance calculator",0
"S0021","2023_2024","RS","An act relating to establishing safety zones around occupied buildings",0
"S0022","2023_2024","RS","An act relating to the posting of land against hunting or fishing",0
"S0023","2023_2024","RS","An act relating to prohibiting certain forms of discrimination",0
"S0024","2023_2024","RS","An act relating to the Clean Fuels Program",0
"S0025","2023_2024","RS","An act relating to regulating consumer products containing perfluoroalkyl and polyfluoroalkyl substances or other chemicals",0
"S0026","2023_2024","RS","An act relating to removing the residency requirement from Vermont's patient choice at end of life laws",0
"S0027","2023_2024","RS","An act relating to reducing the imposition of cash bail",0
"S0028","2023_2024","RS","An act relating to abusive litigation filed against survivors of domestic abuse, stalking, or sexual assault",0
"S0029","2023_2024","RS","An act relating to recognition and enforcement of a military protection order",0
"S0030","2023_2024","RS","An act relating to creating a Sister State Program",0
"S0031","2023_2024","RS","An act relating to the open carry of loaded firearms in public places and the use of force in defense of self and others",0
"S0032","2023_2024","RS","An act relating to ranked-choice voting for presidential primary elections",0
"S0033","2023_2024","RS","An act relating to miscellaneous judiciary procedures",0
"S0034","2023_2024","RS","An act relating to kindergarten enrollment age",0
"S0035","2023_2024","RS","An act relating to the Town of Hartford’s tax increment financing district",0
"S0036","2023_2024","RS","An act relating to crimes against health care workers at hospitals and against emergency medical treatment providers",0
"S0037","2023_2024","RS","An act relating to access to legally protected health care activity and regulation of health care providers",0
"S0038","2023_2024","RS","An act relating to Act 250 downtown master plan permits",0
"S0039","2023_2024","RS","An act relating to compensation and benefits for members of the Vermont General Assembly",0
"S0040","2023_2024","RS","An act relating to firearms procedures",0
"S0041","2023_2024","RS","An act relating to eliminating life without parole",0
"S0042","2023_2024","RS","An act relating to divestment of State pension funds of investments in the fossil fuel industry",0
"S0043","2023_2024","RS","An act relating to the Child and Parent Representation Working Group",0
"S0044","2023_2024","RS","An act relating to household products containing hazardous substances",0
"S0045","2023_2024","RS","An act relating to an elective pass-through entity income tax and credit",0
"S0046","2023_2024","RS","An act relating to the Vermont Fair Repair Act",0
"S0047","2023_2024","RS","An act relating to the transport of individuals requiring psychiatric care",0
"S0048","2023_2024","RS","An act relating to regulating the sale of catalytic converters",0
"S0049","2023_2024","RS","An act relating to protecting genetic information privacy and consumer health information",0
"S0050","2023_2024","RS","An act relating to patient access to and payment for health care services",0
"S0051","2023_2024","RS","An act relating to adult protective services",0
"S0052","2023_2024","RS","An act relating to expanding eligibility for health insurance to all income-eligible adults regardless of immigration status",0
"S0053","2023_2024","RS","An act relating to the Vermont Climate Corps",0
"S0054","2023_2024","RS","An act relating to individual and small group insurance markets",0
"S0055","2023_2024","RS","An act relating to updating Vermont's Open Meeting Law",0
"S0056","2023_2024","RS","An act relating to child care and early childhood education",0
"S0057","2023_2024","RS","An act relating to municipal authority over the discharge of firearms",0
"S0058","2023_2024","RS","An act relating to public safety",0
"S0059","2023_2024","RS","An act relating to the replacement of heating systems owned or controlled by the State",0
"S0060","2023_2024","RS","An act relating to local option taxes",0
"S0061","2023_2024","RS","An act relating to Medicare Savings Program eligibility",0
"S0062","2023_2024","RS","An act relating to paid family and medical leave insurance",0
"S0063","2023_2024","RS","An act relating to health insurance and Medicaid coverage for fertility-related services",0
"S0064","2023_2024","RS","An act relating to miscellaneous changes related to vehicles, infrastructure, and transportation planning",0
"S0065","2023_2024","RS","An act relating to commercial insurance coverage of epinephrine auto-injectors",0
"S0066","2023_2024","RS","An act relating to the provision of State-funded education in districts that do not maintain an elementary or high school",0
"S0067","2023_2024","RS","An act relating to sales and use tax on candy",0
"S0068","2023_2024","RS","An act relating to the deduction for student loan payments",0
"S0069","2023_2024","RS","An act relating to a surcharge on nonprimary dwellings",0
"S0070","2023_2024","RS","An act relating to a harm-reduction criminal justice response to drug use",0
"S0071","2023_2024","RS","An act relating to miscellaneous amendments to the adult-use and medical cannabis programs",0
"S0072","2023_2024","RS","An act relating to lifting the potency limits on concentrated cannabis products",0
"S0073","2023_2024","RS","An act relating to workers’ compensation coverage for firefighters with cancer",0
"S0074","2023_2024","RS","An act relating to incremental implementation of Green Mountain Care",0
"S0075","2023_2024","RS","An act relating to civilian oversight of law enforcement",0
"S0076","2023_2024","RS","An act relating to Vermont’s adoption of the Audiology and Speech-Language Pathology Interstate Compact",0
"S0077","2023_2024","RS","An act relating to civil penalties for global positioning system (GPS) navigation providers related to the Smugglers’ Notch segment of Vermont Route 108",0
"S0078","2023_2024","RS","An act relating to temporary State employees",0
"S0079","2023_2024","RS","An act relating to limitations on hospital liens",0
"S0080","2023_2024","RS","An act relating to miscellaneous environmental conservation subjects",0
"S0081","2023_2024","RS","An act relating to establishing the Chloride Contamination Reduction Program at the Agency of Natural Resources",0
"S0082","2023_2024","RS","An act relating to the development of a committee to study the impacts of PFAS in leachate from landfills in the State",0
"S0083","2023_2024","RS","An act relating to the creation of a project-based tax increment financing program",0
"S0084","2023_2024","RS","An act relating to strengthening primary care and primary care providers",0
"S0085","2023_2024","RS","An act relating to allowing probation and parole officers to carry firearms while on duty",0
"S0086","2023_2024","RS","An act relating to replacing the term ""cider"" with ""hard cider"" within Title 7",0
"S0087","2023_2024","RS","An act relating to Holocaust education in public schools",0
"S0088","2023_2024","RS","An act relating to the charter of the Town of South Hero",0
"S0089","2023_2024","RS","An act relating to establishing a forensic facility",0
"S0090","2023_2024","RS","An act relating to regulating search warrants and prohibiting no-knock warrants",0
"S0091","2023_2024","RS","An act relating to competency to stand trial and insanity as a defense",0
"S0092","2023_2024","RS","An act relating to a pilot program to provide direct cash transfers to youth exiting foster care",0
"S0093","2023_2024","RS","An act relating to the sales tax exemption for advanced wood boilers",0
"S0094","2023_2024","RS","An act relating to the City of Barre tax increment financing district",0
"S0095","2023_2024","RS","An act relating to banking and insurance",0
"S0096","2023_2024","RS","An act relating to privatization contracts",0
"S0097","2023_2024","RS","An act relating to guardianship proceedings",0
"S0098","2023_2024","RS","An act relating to Green Mountain Care Board authority over prescription drug costs and the Green Mountain Care Board nomination and appointment process",0
"S0099","2023_2024","RS","An act relating to miscellaneous changes to laws related to vehicles",0
"S0100","2023_2024","RS","An act relating to housing opportunities made for everyone",0
"S0101","2023_2024","RS","An act relating to miscellaneous workers’ compensation amendments",0
"S0102","2023_2024","RS","An act relating to expanding employment protections and collective bargaining rights",0
"S0103","2023_2024","RS","An act relating to amending the prohibitions against discrimination",0
"S0104","2023_2024","RS","An act relating to designating August 31 as Overdose Awareness Day",1
"S0105","2023_2024","RS","An act relating to sports wagering",0
"S0106","2023_2024","RS","An act relating to employer communications regarding religious or political matters",0
"S0107","2023_2024","RS","An act relating to authorizing off-site tasting rooms for alcoholic beverage manufacturers",0
"S0108","2023_2024","RS","An act relating to increasing the minimum wage and studying increasing the wages of inmates and workers who are not subject to the minimum wage",0
"S0109","2023_2024","RS","An act relating to Medicaid coverage for doula services",0
"S0110","2023_2024","RS","An act relating to direct-to-consumer shipping of spirits and fortified wines",0
"S0111","2023_2024","RS","An act relating to trapping",0
"S0112","2023_2024","RS","An act relating to miscellaneous subjects related to the Public Utility Commission",0
"S0113","2023_2024","RS","An act relating to requiring gas stations and convenience stores to provide notice to customers of holds on payment at the point of sale",0
"S0114","2023_2024","RS","An act relating to the establishment of the Psychedelic Therapy Advisory Working Group",0
"S0115","2023_2024","RS","An act relating to miscellaneous agricultural subjects",0
"S0116","2023_2024","RS","An act relating to the Board of Trustees of the University of Vermont and State Agricultural College",0
"S0117","2023_2024","RS","An act relating to teen parent education program funding",0
"S0118","2023_2024","RS","An act relating to exempting all military retirement and military survivor benefit income",0
"S0119","2023_2024","RS","An act relating to a public health response to drug use",0
"S0120","2023_2024","RS","An act relating to postsecondary schools and sexual misconduct protections",0
"S0121","2023_2024","RS","An act relating to prohibiting business entities from making contributions in State elections",0
"S0122","2023_2024","RS","An act relating to creating health care facility safety policies",0
"S0123","2023_2024","RS","An act relating to fair disclosure of lodging rates and resort fees",0
"S0124","2023_2024","RS","An act relating to the creation of the School Construction Aid Task Force",0
"S0125","2023_2024","RS","An act relating to voluntary engagement in sex work",0
"S0126","2023_2024","RS","An act relating to expanding community health teams to provide additional mental health and substance use disorder services",0
"S0127","2023_2024","RS","An act relating to the creation of new types of cannabis establishment licenses and the provision of cannabis excise tax revenue to the Cannabis Business Development Fund, communities that have been disproportionately impacted by cannabis prohibition, and substance misuse treatment",0
"S0128","2023_2024","RS","An act relating to the regulation of kratom products",0
"S0129","2023_2024","RS","An act relating to employee privacy protections",0
"S0130","2023_2024","RS","An act relating to miscellaneous employee rights and protections",0
"S0131","2023_2024","RS","An act relating to high school student legal residency",0
"S0132","2023_2024","RS","An act relating to nominating petitions for a candidate for the office of a unified union school district board member",0
"S0133","2023_2024","RS","An act relating to miscellaneous changes to education law",0
"S0134","2023_2024","RS","An act relating to requiring legislative approval prior to closing or reducing the size or scope of any Vermont State College library",0
"S0135","2023_2024","RS","An act relating to the establishment of VT Saves",0
"S0136","2023_2024","RS","An act relating to addressing climate change",0
"S0137","2023_2024","RS","An act relating to energy efficiency modernization",0
"S0138","2023_2024","RS","An act relating to school safety",0
"S0139","2023_2024","RS","An act relating to the modernization of public safety communications in Vermont",0
"S0140","2023_2024","RS","An act relating to an energy storage study committee",0
"S0141","2023_2024","RS","An act relating to approval of the charter of Fairfax Fire District No. 1",0
"S0142","2023_2024","RS","An act relating to eligibility requirements for law enforcement officers",0
"S0143","2023_2024","RS","An act relating to miscellaneous changes to civil rights reforms, law enforcement activity, and correctional services",0
"S0144","2023_2024","RS","An act relating to increased notice and communication in school harassment, hazing, and bullying prevention policies and procedures",0
"S0145","2023_2024","RS","An act relating to the Community Resilience and Disaster Mitigation Fund",0
"S0146","2023_2024","RS","An act relating to the permitting of indirect discharges",0
"S0147","2023_2024","RS","An act relating to banning smoking outside places of public access and multiunit housing",0
"S0148","2023_2024","RS","An act relating to child care and early childhood education",0
"S0149","2023_2024","RS","An act relating to dram shop liability insurance",0
"S0150","2023_2024","RS","An act relating to automobile insurance",0
"S0151","2023_2024","RS","An act relating to pay parity and transparency in health care",0
"S0152","2023_2024","RS","An act relating to public access to trials",0
"S0153","2023_2024","RS","An act relating to creating municipal and regional civilian oversight of law enforcement",0
"S0154","2023_2024","RS","An act relating to the Vermont State Plane Coordinate System",0
"S0155","2023_2024","RS","An act relating to eliminating life without parole and implementing second look sentencing",0
"S0156","2023_2024","RS","An act relating to education and corrections infrastructure in the State",0
"S0157","2023_2024","RS","An act relating to harassment, hazing, and bullying prevention in schools",0
"S0158","2023_2024","RS","An act relating to excepting persons 70 years of age or older from jury service",0
"S0159","2023_2024","RS","An act relating to the County and Regional Governance Study Committee",0
"S0160","2023_2024","RS","An act relating to State education property taxes and flood-related damage",0
"S0161","2023_2024","RS","An act relating to the meeting of presidential electors",0
"S0162","2023_2024","RS","An act relating to extending the moratorium on home health agency certificates of need",0
"S0163","2023_2024","RS","An act relating to establishing two Superior judge positions",0
"S0164","2023_2024","RS","An act relating to health insurance coverage for obesity care",0
"S0165","2023_2024","RS","An act relating to stolen motor vehicles and drug paraphernalia",0
"S0166","2023_2024","RS","An act relating to the Vermont charitable contribution credit",0
"S0167","2023_2024","RS","An act relating to miscellaneous amendments to education law",0
"S0168","2023_2024","RS","An act relating to a report on the postgraduation career and settlement behaviors of students attending Vermont colleges and universities",0
"S0169","2023_2024","RS","An act relating to virtual learning",0
"S0170","2023_2024","RS","An act relating to the creation of the statewide Study Abroad Program",0
"S0171","2023_2024","RS","An act relating to the legal residency of a student following displacement by a natural disaster",0
"S0172","2023_2024","RS","An act relating to the Education Bill of Rights for Children Who Are Deaf, Hard of Hearing, or DeafBlind",0
"S0173","2023_2024","RS","An act relating to the collection, sharing, and selling of consumer health data",0
"S0174","2023_2024","RS","An act relating to best interests of the child standard in custody determinations",0
"S0175","2023_2024","RS","An act relating to requiring retail businesses to accept cash",0
"S0176","2023_2024","RS","An act relating to subsequent evaluations of competency to stand trial",0
"S0177","2023_2024","RS","An act relating to e-mail notice for residential rental agreements",0
"S0178","2023_2024","RS","An act relating to escrow deposit bonds",0
"S0179","2023_2024","RS","An act relating to flood recovery bonds",0
"S0180","2023_2024","RS","An act relating to the investment of State funds in credit unions",0
"S0181","2023_2024","RS","An act relating to establishing a television assessment and community media",0
"S0182","2023_2024","RS","An act relating to contractor liability related to subcontractor work",0
"S0183","2023_2024","RS","An act relating to reenvisioning the Agency of Human Services",0
"S0184","2023_2024","RS","An act relating to the temporary use of automated traffic law enforcement (ATLE) systems",0
"S0185","2023_2024","RS","An act relating to the right of entry following a tax sale",0
"S0186","2023_2024","RS","An act relating to the systemic evaluation of recovery residences and recovery communities",0
"S0187","2023_2024","RS","An act relating to student application of sunscreen",0
"S0188","2023_2024","RS","An act relating to supports for child care providers",0
"S0189","2023_2024","RS","An act relating to mental health response service guidelines and the safety of social service and home health providers",0
"S0190","2023_2024","RS","An act relating to statements made by a child victim of an offense involving serious bodily injury",0
"S0191","2023_2024","RS","An act relating to New American educational grant opportunities",0
"S0192","2023_2024","RS","An act relating to civil commitment procedures at a secure residential recovery facility and a psychiatric residential treatment facility for youth and civil commitment procedures for individuals with an intellectual disability",0
"S0193","2023_2024","RS","An act relating to Vermont’s adoption of the Social Work Licensure Compact",0
"S0194","2023_2024","RS","An act relating to public safety reporting",0
"S0195","2023_2024","RS","An act relating to how a defendant’s criminal record is considered in imposing conditions of release",0
"S0196","2023_2024","RS","An act relating to the types of evidence permitted in weight of the evidence hearings",0
"S0197","2023_2024","RS","An act relating to restricting perfluoroalkyl and polyfluoroalkyl substances in consumer products",0
"S0198","2023_2024","RS","An act relating to a governor’s mansion study committee",0
"S0199","2023_2024","RS","An act relating to mergers and governance of communications union districts",0
"S0200","2023_2024","RS","An act relating to establishing the Vermont Imagination Library",0
"S0201","2023_2024","RS","An act relating to requiring employers to provide delivery vehicles equipped with air conditioning",0
"S0202","2023_2024","RS","An act relating to the approval of independent schools",0
"S0203","2023_2024","RS","An act relating to the appointment of State Board of Education members",0
"S0204","2023_2024","RS","An act relating to supporting Vermont's young readers through evidence-based literacy instruction",0
"S0205","2023_2024","RS","An act relating to prohibiting the use of trichloroethylene",0
"S0206","2023_2024","RS","An act relating to designating Juneteenth as a legal holiday",0
"S0207","2023_2024","RS","An act relating to revising the funding for and governance of career technical education",0
"S0208","2023_2024","RS","An act relating to judicial retention and judicial nominations",0
"S0209","2023_2024","RS","An act relating to prohibiting unserialized firearms and unserialized firearms frames and receivers",0
"S0210","2023_2024","RS","An act relating to motor vehicle and pedestrian safety",0
"S0211","2023_2024","RS","An act relating to health care reform and to the regulatory duties of the Green Mountain Care Board",0
"S0212","2023_2024","RS","An act relating to the open carry of firearms at polling places, political debates, and public demonstrations",0
"S0213","2023_2024","RS","An act relating to the regulation of wetlands, river corridor development, and dam safety",0
"S0214","2023_2024","RS","An act relating to emergency orders against stalking or sexual assault",0
"S0215","2023_2024","RS","An act relating to 3SquaresVT",0
"S0216","2023_2024","RS","An act relating to the governance and transformation of the Vermont State Colleges Corporation",0
"S0217","2023_2024","RS","An act relating to excluding medical debt from credit reports",0
"S0218","2023_2024","RS","An act relating to the staffing of the Dam Safety Division",0
"S0219","2023_2024","RS","An act relating to municipal regulation of private airstrips",0
"S0220","2023_2024","RS","An act relating to Vermont’s public libraries",0
"S0221","2023_2024","RS","An act relating to compensation for the Governor and the heads of departments and agencies",0
"S0222","2023_2024","RS","An act relating to sealing records of nonviolent offenses",0
"S0223","2023_2024","RS","An act relating to the assessment of the Vermont Emergency Management Division’s disaster preparedness",0
"S0224","2023_2024","RS","An act relating to compensation and benefits for members of the Vermont General Assembly",0
"S0225","2023_2024","RS","An act relating to criminal sentencing and decarceration",0
"S0226","2023_2024","RS","An act relating to seizure and forfeiture reporting",0
"S0227","2023_2024","RS","An act relating to the siting of transit amenities",0
"S0228","2023_2024","RS","An act relating to requiring a jurisdictional opinion to be exempt from Act 250",0
"S0229","2023_2024","RS","An act relating to nonprofit public transit systems",0
"S0230","2023_2024","RS","An act relating to Medicare Advantage and Medicare supplemental insurance plans",0
"S0231","2023_2024","RS","An act relating to establishing a pilot for community nurse programs serving aging Vermonters",0
"S0232","2023_2024","RS","An act relating to revoking Vermont’s use of California’s Clean Air Act waiver",0
"S0233","2023_2024","RS","An act relating to amendments to the scope of practice for optometrists",0
"S0234","2023_2024","RS","An act relating to amending the pension system for sheriffs and certain deputy sheriffs",0
"S0235","2023_2024","RS","An act relating to survivor benefits for public works employees",0
"S0236","2023_2024","RS","An act relating to amending the criteria of 30 V.S.A. § 248",0
"S0237","2023_2024","RS","An act relating to the posting of municipal employment vacancies",0
"S0238","2023_2024","RS","An act relating to the Board of Trustees of the Vermont State Colleges Corporation",0
"S0239","2023_2024","RS","An act relating to prohibiting possession of semiautomatic assault weapons",0
"S0240","2023_2024","RS","An act relating to expanding access to Medicaid and Dr. Dynasaur",0
"S0241","2023_2024","RS","An act relating to revising the delivery and governance of the Vermont workforce system",0
"S0242","2023_2024","RS","An act relating to the maintenance of properties for the health and safety of the public",0
"S0243","2023_2024","RS","An act relating to the formation of stormwater utility districts",0
"S0244","2023_2024","RS","An act relating to the definition of a mobile home park",0
"S0245","2023_2024","RS","An act relating to issuing grants for permanent supportive housing",0
"S0246","2023_2024","RS","An act relating to amending the Vermont basic needs budget and livable wage",0
"S0247","2023_2024","RS","An act relating to repealing the Vermont Employment Growth Incentive (VEGI) Program sunset",0
"S0248","2023_2024","RS","An act relating to the Uniform Family Law Arbitration Act",0
"S0249","2023_2024","RS","An act relating to heating systems in Agency of Transportation buildings",0
"S0250","2023_2024","RS","An act relating to emergency management personnel",0
"S0251","2023_2024","RS","An act relating to State boards and commissions and State employees",0
"S0252","2023_2024","RS","An act relating to thermal energy networks",0
"S0253","2023_2024","RS","An act relating to building energy codes",0
"S0254","2023_2024","RS","An act relating to including rechargeable batteries and battery-containing products under the State battery stewardship program",0
"S0255","2023_2024","RS","An act relating to equity and public access at the Public Utility Commission",0
"S0256","2023_2024","RS","An act relating to Department of Motor Vehicles credentials and number plates with veteran designations",0
"S0257","2023_2024","RS","An act relating to secondary enforcement of certain motor vehicle violations",0
"S0258","2023_2024","RS","An act relating to the management of fish and wildlife",0
"S0259","2023_2024","RS","An act relating to climate change cost recovery",0
"S0260","2023_2024","RS","An act relating to replacing State-owned impervious surface in floodplains",0
"S0261","2023_2024","RS","An act relating to liability for the release of perfluoroalkyl and polyfluoroalkyl substances",0
"S0262","2023_2024","RS","An act relating to the intentional release of balloons",0
"S0263","2023_2024","RS","An act relating to expanding Vermont’s health care workforce through graduates of international medical schools",0
"S0264","2023_2024","RS","An act relating to special plates for motor vehicles for veterans and members of the U.S. Armed Forces",0
"S0265","2023_2024","RS","An act relating to the disposal of development soils",0
"S0266","2023_2024","RS","An act relating to General Assembly communication funds",0
"S0267","2023_2024","RS","An act relating to retroactively reinstating 10 V.S.A. § 6081(b)",0
"S0268","2023_2024","RS","An act relating to establishing a baby bond trust program",0
"S0269","2023_2024","RS","An act relating to enhancing consumer privacy",0
"S0270","2023_2024","RS","An act relating to judicial nominations and confirmations",0
"S0271","2023_2024","RS","An act relating to a right to charge electric vehicles at home",0
"S0272","2023_2024","RS","An act relating to the regulation of second-generation anticoagulant rodenticides",0
"S0273","2023_2024","RS","An act relating to the collection and recycling of waste motor vehicle tires",0
"S0274","2023_2024","RS","An act relating to the sale of flushable wipes",0
"S0275","2023_2024","RS","An act relating to municipal ordinances governing unoccupied commercial buildings",0
"S0276","2023_2024","RS","An act relating to crimes against an unborn child",0
"S0277","2023_2024","RS","An act relating to prostitution",0
"S0278","2023_2024","RS","An act relating to prohibiting a comparative negligence defense in an action for a negligence claim relating to a sexual act or sexual conduct",0
"S0279","2023_2024","RS","An act relating to the prohibition of motor vehicle window tint",0
"S0280","2023_2024","RS","An act relating to cardiac emergency response plans in schools",0
"S0281","2023_2024","RS","An act relating to educator preparation and evidence-based literacy instruction",0
"S0282","2023_2024","RS","An act relating to the Education Equity Team Pilot Project and Report",0
"S0283","2023_2024","RS","An act relating to the decision to commingle Australian ballots in unified union school district voting",0
"S0284","2023_2024","RS","An act relating to student use of cell phones and other personal electronic devices in schools",0
"S0285","2023_2024","RS","An act relating to law enforcement interrogation policies",0
"S0286","2023_2024","RS","An act relating to the regulation of accessory on-farm businesses",0
"S0287","2023_2024","RS","An act relating to bail and violations of conditions of release",0
"S0288","2023_2024","RS","An act relating to unemployment insurance fraud",0
"S0289","2023_2024","RS","An act relating to age-appropriate design code",0
"S0290","2023_2024","RS","An act relating to the Study Committee on Dam Emergency Action Planning",0
"S0291","2023_2024","RS","An act relating to land improvement fraud and timber trespass",0
"S0292","2023_2024","RS","An act relating to animal welfare",0
"S0293","2023_2024","RS","An act relating to expanding access to catastrophic health plans",0
"S0294","2023_2024","RS","An act relating to minimum timeframes to act on applications related to the development of housing",0
"S0295","2023_2024","RS","An act relating to the regulation of binary explosives and other related compounds",0
"S0296","2023_2024","RS","An act relating to jurisdiction in juvenile proceedings",0
"S0297","2023_2024","RS","An act relating to the aggregate value of stolen property in certain crimes",0
"S0298","2023_2024","RS","An act relating to increasing penalties for drug-related offenses",0
"S0299","2023_2024","RS","An act relating to a single process for sealing criminal history records",0
"S0300","2023_2024","RS","An act relating to funding support services for persons who use drugs and eliminating misdemeanor criminal penalties for possessing or dispensing a personal use drug supply",0
"S0301","2023_2024","RS","An act relating to miscellaneous agricultural subjects",0
"S0302","2023_2024","RS","An act relating to public health outreach programs regarding dementia risk",0
"S0303","2023_2024","RS","An act relating to supporting Vermont's young readers",0
"S0304","2023_2024","RS","An act relating to Vermont’s career and technical education programs",0
"S0305","2023_2024","RS","An act relating to miscellaneous changes related to the Public Utility Commission",0
"S0306","2023_2024","RS","An act relating to changes to the Clean Heat Standard",0
"S0307","2023_2024","RS","An act relating to use of administrative use controls at contaminated sites",0
"S0308","2023_2024","RS","An act relating to updates to land use planning",0
"S0309","2023_2024","RS","An act relating to miscellaneous changes to laws related to the Department of Motor Vehicles, motor vehicles, and vessels",0
"S0310","2023_2024","RS","An act relating to natural disaster government response, recovery, and resiliency",0
"S0311","2023_2024","RS","An act relating to bringing everyone home",0
"S0312","2023_2024","RS","An act relating to the Salisbury fish hatchery",0
