bill_id,sponsor,session,action_date,chamber,amd_sub,action,committee,nay,yea,abstain,vote_id
HB1,Rafferty,Regular Session 2022,01/11/2022,H,,Read for the first time and referred to the House of Representatives committee on Judiciary,JUDY,,,,
HB2,Treadaway,Regular Session 2022,01/11/2022,H,,Read for the first time and referred to the House of Representatives committee on Judiciary,JUDY,,,,
HB2,Treadaway,Regular Session 2022,02/09/2022,H,,Read for the second time and placed on the calendar  3 amendments,,,,,
HB2,Treadaway,Regular Session 2022,02/22/2022,H,,Third Reading Passed,,,,,
HB2,Treadaway,Regular Session 2022,02/22/2022,H,217456-2,Judiciary 1st Amendment Offered,,,,,
HB2,Treadaway,Regular Session 2022,02/22/2022,H,,Motion to Adopt adopted Roll Call 279,,,,,Roll 279
HB2,Treadaway,Regular Session 2022,02/22/2022,H,216879-2,Judiciary 2nd Amendment Offered,,,,,
HB2,Treadaway,Regular Session 2022,02/22/2022,H,,Motion to Adopt adopted Roll Call 280,,,,,Roll 280
HB2,Treadaway,Regular Session 2022,02/22/2022,H,216882-2,Judiciary 3rd Amendment Offered,,,,,
HB2,Treadaway,Regular Session 2022,02/22/2022,H,,Motion to Adopt adopted Roll Call 281,,,,,Roll 281
HB2,Treadaway,Regular Session 2022,02/22/2022,H,,Motion to Read a Third Time and Pass adopted Roll Call 282,,,,,Roll 282
HB2,Treadaway,Regular Session 2022,02/22/2022,H,,Cosponsors Added,,,,,Roll 283
HB2,Treadaway,Regular Session 2022,02/22/2022,H,,Engrossed,,,,,
HB2,Treadaway,Regular Session 2022,,,,,,,,,
HB3,Treadaway,Regular Session 2022,01/11/2022,H,,Read for the first time and referred to the House of Representatives committee on Public Safety and Homeland Security,PS&HS,,,,
HB3,Treadaway,Regular Session 2022,02/02/2022,H,,Read for the second time and placed on the calendar,,,,,
HB3,Treadaway,Regular Session 2022,02/10/2022,H,,Third Reading Passed,,,,,
HB3,Treadaway,Regular Session 2022,02/10/2022,H,,Motion to Read a Third Time and Pass adopted Roll Call 126,,,,,Roll 126
HB3,Treadaway,Regular Session 2022,02/10/2022,S,,Read for the first time and referred to the Senate committee on Governmental Affairs,GA,,,,
HB3,Treadaway,Regular Session 2022,02/15/2022,S,,Read for the second time and placed on the calendar,,0,10,,
HB3,Treadaway,Regular Session 2022,03/15/2022,S,,Third Reading Passed,,,,,
HB3,Treadaway,Regular Session 2022,03/15/2022,S,,Motion to Read a Third Time and Pass adopted Roll Call 567,,,,,Roll 567
HB3,Treadaway,Regular Session 2022,03/15/2022,H,,Passed Second House,,,,,
HB3,Treadaway,Regular Session 2022,03/15/2022,H,,Enrolled,,,,,
HB3,Treadaway,Regular Session 2022,03/15/2022,H,,Clerk of the House Certification,,,,,
HB3,Treadaway,Regular Session 2022,03/15/2022,S,,Signature Requested,,,,,
HB3,Treadaway,Regular Session 2022,,H,,Assigned Act No. 2022-187.,,,,,
HB3,Treadaway,Regular Session 2022,,H,,"Delivered to Governor at 4:53 p.m. on March 15, 2022.",,,,,
HB4,Hanes,Regular Session 2022,01/11/2022,H,,Read for the first time and referred to the House of Representatives committee on Education Policy,EP,,,,
HB5,Givan,Regular Session 2022,01/11/2022,H,,Read for the first time and referred to the House of Representatives committee on Public Safety and Homeland Security,PS&HS,,,,
HB6,Stringer,Regular Session 2022,01/11/2022,H,,Read for the first time and referred to the House of Representatives committee on Public Safety and Homeland Security,PS&HS,,,,
HB7,Hanes,Regular Session 2022,01/11/2022,H,,Read for the first time and referred to the House of Representatives committee on Public Safety and Homeland Security,PS&HS,,,,
HB8,Pringle,Regular Session 2022,01/11/2022,H,,Read for the first time and referred to the House of Representatives committee on Education Policy,EP,,,,
HB9,Oliver,Regular Session 2022,01/11/2022,H,,Read for the first time and referred to the House of Representatives committee on State Government,SG,,,,
HB10,Brown (C),Regular Session 2022,01/11/2022,H,,Read for the first time and referred to the House of Representatives committee on Ways and Means General Fund,W&MGF,,,,
HB10,Brown (C),Regular Session 2022,02/02/2022,H,,Read for the second time and placed on the calendar  1 amendment,,,,,
HB10,Brown (C),Regular Session 2022,02/03/2022,H,,Third Reading Passed,,,,,
HB10,Brown (C),Regular Session 2022,02/03/2022,H,216946-3,Ways and Means General Fund  Amendment Offered,,,,,
HB10,Brown (C),Regular Session 2022,02/03/2022,H,,Motion to Adopt adopted Roll Call 33,,,,,Roll 33
HB10,Brown (C),Regular Session 2022,02/03/2022,H,,Motion to Read a Third Time and Pass adopted Roll Call 34,,,,,Roll 34
HB10,Brown (C),Regular Session 2022,02/03/2022,H,,"Pringle intended to vote ""Yea""",,,,,
HB10,Brown (C),Regular Session 2022,02/03/2022,H,,Engrossed,,,,,
HB10,Brown (C),Regular Session 2022,02/03/2022,S,,Read for the first time and referred to the Senate committee on Finance and Taxation General Fund,F&TG,,,,
HB10,Brown (C),Regular Session 2022,02/23/2022,S,,Read for the second time and placed on the calendar,,1,11,3,
HB10,Brown (C),Regular Session 2022,03/17/2022,S,,Third Reading Passed,,,,,
HB10,Brown (C),Regular Session 2022,03/17/2022,H,,Passed Second House,,,,,
HB10,Brown (C),Regular Session 2022,03/17/2022,S,,Motion to Read a Third Time and Pass adopted Roll Call 688,,,,,Roll 688
HB10,Brown (C),Regular Session 2022,03/17/2022,H,,Enrolled,,,,,
HB10,Brown (C),Regular Session 2022,03/29/2022,S,,Signature Requested,,,,,
HB10,Brown (C),Regular Session 2022,03/29/2022,H,,Clerk of the House Certification,,,,,
HB10,Brown (C),Regular Session 2022,,H,,Assigned Act No. 2022-199.,,,,,
HB10,Brown (C),Regular Session 2022,,H,,"Delivered to Governor at 3:34 p.m. on March 29, 2022.",,,,,
HB11,Crawford,Regular Session 2022,01/11/2022,H,,Read for the first time and referred to the House of Representatives committee on Education Policy,EP,,,,
HB12,McCampbell,Regular Session 2022,01/11/2022,H,,Read for the first time and referred to the House of Representatives committee on Ways and Means Education,W&ME,,,,
HB12,McCampbell,Regular Session 2022,02/16/2022,H,,Read for the second time and placed on the calendar,,,,,
HB12,McCampbell,Regular Session 2022,02/24/2022,H,,Third Reading Passed,,,,,
HB12,McCampbell,Regular Session 2022,02/24/2022,H,,Motion to Read a Third Time and Pass adopted Roll Call 345,,,,,Roll 345
HB12,McCampbell,Regular Session 2022,03/01/2022,S,,Read for the first time and referred to the Senate committee on Finance and Taxation Education,F&TE,,,,
HB12,McCampbell,Regular Session 2022,04/06/2022,S,,Read for the second time and placed on the calendar,,1,13,0,
HB12,McCampbell,Regular Session 2022,,S,,Pending third reading on day 29 Favorable from Finance and Taxation Education,,,,,
HB13,Lipscomb,Regular Session 2022,01/11/2022,H,,Read for the first time and referred to the House of Representatives committee on Judiciary,JUDY,,,,
HB14,Moore (P),Regular Session 2022,01/11/2022,H,,Read for the first time and referred to the House of Representatives committee on Judiciary,JUDY,,,,
HB15,McCampbell,Regular Session 2022,01/11/2022,H,,Read for the first time and referred to the House of Representatives committee on Ways and Means Education,W&ME,,,,
HB15,McCampbell,Regular Session 2022,02/16/2022,H,,Read for the second time and placed on the calendar,,,,,
HB15,McCampbell,Regular Session 2022,02/24/2022,H,,Third Reading Passed,,,,,
HB15,McCampbell,Regular Session 2022,02/24/2022,H,,Motion to Read a Third Time and Pass adopted Roll Call 349,,,,,Roll 349
HB15,McCampbell,Regular Session 2022,03/01/2022,S,,Read for the first time and referred to the Senate committee on Finance and Taxation Education,F&TE,,,,
HB15,McCampbell,Regular Session 2022,04/06/2022,S,,Read for the second time and placed on the calendar,,1,13,0,
HB15,McCampbell,Regular Session 2022,04/07/2022,S,,Third Reading Passed,,,,,
HB15,McCampbell,Regular Session 2022,04/07/2022,S,,Motion to Read a Third Time and Pass adopted Roll Call 1066,,,,,Roll 1066
HB15,McCampbell,Regular Session 2022,04/07/2022,H,,Passed Second House,,,,,
HB15,McCampbell,Regular Session 2022,04/07/2022,S,,Signature Requested,,,,,
HB15,McCampbell,Regular Session 2022,04/07/2022,H,,Enrolled,,,,,
HB15,McCampbell,Regular Session 2022,,H,,Assigned Act No. 2022-350.,,,,,
HB15,McCampbell,Regular Session 2022,,H,,"Forwarded to Governor on April 7, 2022 at 5:36 p.m. on April 7, 2022.",,,,,
HB16,Hanes,Regular Session 2022,01/11/2022,H,,Read for the first time and referred to the House of Representatives committee on Judiciary,JUDY,,,,
HB17,Reynolds,Regular Session 2022,01/11/2022,H,,Read for the first time and referred to the House of Representatives committee on Judiciary,JUDY,,,,
HB17,Reynolds,Regular Session 2022,02/02/2022,H,,Read for the second time and placed on the calendar  1 amendment,,,,,
HB17,Reynolds,Regular Session 2022,02/09/2022,H,,Third Reading Passed,,,,,
HB17,Reynolds,Regular Session 2022,02/09/2022,H,216870-2,Judiciary  Amendment Offered,,,,,
HB17,Reynolds,Regular Session 2022,02/09/2022,H,,Motion to Adopt adopted Roll Call 92,,,,,Roll 92
HB17,Reynolds,Regular Session 2022,02/09/2022,H,,Motion to Read a Third Time and Pass adopted Roll Call 93,,,,,Roll 93
HB17,Reynolds,Regular Session 2022,02/09/2022,H,,Engrossed,,,,,
HB17,Reynolds,Regular Session 2022,02/10/2022,S,,Read for the first time and referred to the Senate committee on Judiciary,JUDY,,,,
HB17,Reynolds,Regular Session 2022,02/23/2022,S,,Read for the second time and placed on the calendar,,0,8,,
HB17,Reynolds,Regular Session 2022,03/15/2022,S,,Third Reading Passed,,,,,
HB17,Reynolds,Regular Session 2022,03/15/2022,S,218189-1,Butler  Amendment Offered,,,,,
HB17,Reynolds,Regular Session 2022,03/15/2022,S,,Butler motion to Adopt adopted Roll Call 575,,,,,Roll 575
HB17,Reynolds,Regular Session 2022,03/15/2022,S,218712-1,Butler  Amendment Offered,,,,,
HB17,Reynolds,Regular Session 2022,03/15/2022,S,,Butler motion to Adopt adopted Roll Call 576,,,,,Roll 576
HB17,Reynolds,Regular Session 2022,03/15/2022,S,218190-1,Butler  Amendment Offered,,,,,
HB17,Reynolds,Regular Session 2022,03/15/2022,S,,Butler motion to Adopt adopted Roll Call 577,,,,,Roll 577
HB17,Reynolds,Regular Session 2022,03/15/2022,S,,Motion to Read a Third Time and Pass adopted Roll Call 578,,,,,Roll 578
HB17,Reynolds,Regular Session 2022,03/29/2022,H,,Concurrence Requested,,,,,
HB17,Reynolds,Regular Session 2022,03/29/2022,H,,Reynolds motion to Concur In and Adopt adopted Roll Call 724,,,,,Roll 724
HB17,Reynolds,Regular Session 2022,03/29/2022,S,,Concurred in Second House Amendment,,,,,
HB17,Reynolds,Regular Session 2022,03/29/2022,H,,Enrolled,,,,,
HB17,Reynolds,Regular Session 2022,03/29/2022,S,,Signature Requested,,,,,
HB17,Reynolds,Regular Session 2022,03/29/2022,H,,Clerk of the House Certification,,,,,
HB17,Reynolds,Regular Session 2022,,H,,Assigned Act No. 2022-236.,,,,,
HB17,Reynolds,Regular Session 2022,,H,,"Delivered to Governor at 3:35 p.m. on March 29, 2022.",,,,,
HB18,Brown (C),Regular Session 2022,01/11/2022,H,,Read for the first time and referred to the House of Representatives committee on Health,HLTH,,,,
HB19,Brown (C),Regular Session 2022,01/11/2022,H,,Read for the first time and referred to the House of Representatives committee on Health,HLTH,,,,
HB20,Lee,Regular Session 2022,01/11/2022,H,,Read for the first time and referred to the House of Representatives committee on Ways and Means Education,W&ME,,,,
HB20,Lee,Regular Session 2022,02/09/2022,H,,Read for the second time and placed on the calendar,,,,,
HB20,Lee,Regular Session 2022,02/24/2022,H,,Third Reading Passed,,,,,
HB20,Lee,Regular Session 2022,02/24/2022,H,,Motion to Read a Third Time and Pass adopted Roll Call 332,,,,,Roll 332
HB20,Lee,Regular Session 2022,02/24/2022,H,,Cosponsors Added,,,,,Roll 333
HB20,Lee,Regular Session 2022,03/01/2022,S,,Read for the first time and referred to the Senate committee on Finance and Taxation Education,F&TE,,,,
HB20,Lee,Regular Session 2022,03/29/2022,S,,Read for the second time and placed on the calendar  1 amendment,,0,12,0,
HB20,Lee,Regular Session 2022,03/31/2022,S,,Third Reading Passed,,,,,
HB20,Lee,Regular Session 2022,03/31/2022,S,219300-2,Finance and Taxation Education  Amendment Offered,,,,,
HB20,Lee,Regular Session 2022,03/31/2022,S,,Sessions motion to Adopt adopted Roll Call 896,,,,,Roll 896
HB20,Lee,Regular Session 2022,03/31/2022,S,,Motion to Read a Third Time and Pass adopted Roll Call 897,,,,,Roll 897
HB20,Lee,Regular Session 2022,04/05/2022,H,,Concurrence Requested,,,,,
HB20,Lee,Regular Session 2022,04/05/2022,H,,Lee motion to Concur In and Adopt adopted Roll Call 882,,,,,Roll 882
HB20,Lee,Regular Session 2022,04/05/2022,S,,Concurred in Second House Amendment,,,,,
HB20,Lee,Regular Session 2022,04/05/2022,S,,Signature Requested,,,,,
HB20,Lee,Regular Session 2022,04/05/2022,H,,Enrolled,,,,,
HB20,Lee,Regular Session 2022,04/05/2022,H,,Clerk of the House Certification,,,,,
HB20,Lee,Regular Session 2022,,H,,Assigned Act No. 2022-293.,,,,,
HB20,Lee,Regular Session 2022,,H,,"Forwarded to Governor on April 5, 2022 at 3:29 p.m.",,,,,
HB21,Stadthagen,Regular Session 2022,01/11/2022,H,,Read for the first time and referred to the House of Representatives committee on Public Safety and Homeland Security,PS&HS,,,,
HB21,Stadthagen,Regular Session 2022,02/02/2022,H,,Read for the second time and placed on the calendar  1 amendment,,,,,
HB21,Stadthagen,Regular Session 2022,02/10/2022,H,,Third Reading Indefinitely Postponed,,,,,
HB21,Stadthagen,Regular Session 2022,02/10/2022,H,216982-3,Public Safety and Homeland Security  Amendment Offered,,,,,
HB21,Stadthagen,Regular Session 2022,02/10/2022,H,,Motion to Adopt adopted Roll Call 128,,,,,Roll 128
HB21,Stadthagen,Regular Session 2022,02/10/2022,H,,Motion to Substitute SB17 FOR HB21 adopted Roll Call 129,,,,,Roll 129
HB21,Stadthagen,Regular Session 2022,02/10/2022,H,,Stadthagen motion to Indefinitely Postpone adopted Voice Vote,,,,,
HB22,Hurst,Regular Session 2022,01/11/2022,H,,Read for the first time and referred to the House of Representatives committee on Health,HLTH,,,,
HB22,Hurst,Regular Session 2022,02/02/2022,H,,Read for the second time and placed on the calendar,,,,,
HB22,Hurst,Regular Session 2022,02/08/2022,H,,Third Reading Passed,,,,,
HB22,Hurst,Regular Session 2022,02/08/2022,H,,Motion to Read a Third Time and Pass adopted Roll Call 69,,,,,Roll 69
HB22,Hurst,Regular Session 2022,02/08/2022,S,,Read for the first time and referred to the Senate committee on Healthcare,HLTH,,,,
HB22,Hurst,Regular Session 2022,02/23/2022,S,,Read for the second time and placed on the calendar,,0,8,0,
HB22,Hurst,Regular Session 2022,,S,,Pending third reading on day 15 Favorable from Healthcare,,,,,
HB23,Kiel,Regular Session 2022,01/11/2022,H,,Read for the first time and referred to the House of Representatives committee on Judiciary,JUDY,,,,
HB24,Brown (K),Regular Session 2022,01/11/2022,H,,Read for the first time and referred to the House of Representatives committee on Public Safety and Homeland Security,PS&HS,,,,
HB24,Brown (K),Regular Session 2022,02/02/2022,H,,Read for the second time and placed on the calendar,,,,,
HB24,Brown (K),Regular Session 2022,,H,,Pending third reading on day 6 Favorable from Public Safety and Homeland Security,,,,,
HB25,Brown (C),Regular Session 2022,01/11/2022,H,,Read for the first time and referred to the House of Representatives committee on State Government,SG,,,,
HB26,Wood (R),Regular Session 2022,01/11/2022,H,,Read for the first time and referred to the House of Representatives committee on Ways and Means General Fund,W&MGF,,,,
HB26,Wood (R),Regular Session 2022,02/02/2022,H,,Read for the second time and placed on the calendar,,,,,
HB26,Wood (R),Regular Session 2022,02/08/2022,H,,Third Reading Passed,,,,,
HB26,Wood (R),Regular Session 2022,02/08/2022,H,,Motion to Read a Third Time and Pass adopted Roll Call 49,,,,,Roll 49
HB26,Wood (R),Regular Session 2022,02/08/2022,H,,"Ingram and Chestnut intended to vote ""Yea""",,,,,
HB26,Wood (R),Regular Session 2022,02/08/2022,S,,Read for the first time and referred to the Senate committee on Finance and Taxation General Fund,F&TG,,,,
HB26,Wood (R),Regular Session 2022,03/17/2022,S,,Read for the second time and placed on the calendar,,0,11,0,
HB26,Wood (R),Regular Session 2022,04/06/2022,S,,Third Reading Passed,,,,,
HB26,Wood (R),Regular Session 2022,04/06/2022,S,,Motion to Read a Third Time and Pass adopted Roll Call 1013,,,,,Roll 1013
HB26,Wood (R),Regular Session 2022,04/06/2022,H,,Passed Second House,,,,,
HB26,Wood (R),Regular Session 2022,04/06/2022,H,,Enrolled,,,,,
HB26,Wood (R),Regular Session 2022,04/07/2022,S,,Signature Requested,,,,,
HB26,Wood (R),Regular Session 2022,04/07/2022,H,,Clerk of the House Certification,,,,,
HB26,Wood (R),Regular Session 2022,,H,,Assigned Act No. 2022-347.,,,,,
HB26,Wood (R),Regular Session 2022,,H,,"Delivered to Governor at 9:46 a.m. on April7, 2022.",,,,,
HB27,Hollis,Regular Session 2022,01/11/2022,H,,Read for the first time and referred to the House of Representatives committee on Judiciary,JUDY,,,,
HB28,Hollis,Regular Session 2022,01/11/2022,H,,Read for the first time and referred to the House of Representatives committee on Judiciary,JUDY,,,,
HB29,Hanes,Regular Session 2022,01/11/2022,H,,Read for the first time and referred to the House of Representatives committee on Judiciary,JUDY,,,,
HB30,Hanes,Regular Session 2022,01/11/2022,H,,Read for the first time and referred to the House of Representatives committee on Health,HLTH,,,,
HB30,Hanes,Regular Session 2022,,S,,,,,,,
HB31,Whorton,Regular Session 2022,01/11/2022,H,,Read for the first time and referred to the House of Representatives committee on Judiciary,JUDY,,,,
HB32,Sells,Regular Session 2022,01/11/2022,H,,Read for the first time and referred to the House of Representatives committee on Health,HLTH,,,,
HB33,Wood (R),Regular Session 2022,01/11/2022,H,,Read for the first time and referred to the House of Representatives committee on Ways and Means General Fund,W&MGF,,,,
HB34,Wood (R),Regular Session 2022,01/11/2022,H,,"Read for the first time and referred to the House of Representatives committee on Transportation, Utilities and Infrastructure",TU&I,,,,
HB34,Wood (R),Regular Session 2022,02/09/2022,H,,Read for the second time and placed on the calendar,,,,,
HB34,Wood (R),Regular Session 2022,02/15/2022,H,,Third Reading Indefinitely Postponed,,,,,
HB34,Wood (R),Regular Session 2022,02/15/2022,H,,Wood (R) motion to Substitute SB68 for HB34 adopted Voice Vote,,,,,
HB34,Wood (R),Regular Session 2022,02/15/2022,H,,Wood (R) motion to Indefinitely Postpone adopted Voice Vote,,,,,
HB35,Crawford,Regular Session 2022,01/11/2022,H,,Read for the first time and referred to the House of Representatives committee on Limestone County Legislation,LSCL,,,,
HB35,Crawford,Regular Session 2022,02/02/2022,H,,Read for the second time and placed on the calendar,,,,,
HB35,Crawford,Regular Session 2022,02/03/2022,H,,Third Reading Passed,,,,,
HB35,Crawford,Regular Session 2022,02/03/2022,H,,Motion to Read a Third Time and Pass adopted Roll Call 25,,,,,Roll 25
HB35,Crawford,Regular Session 2022,02/03/2022,H,,Motion to Local Application adopt Roll Call 26,,,,,Roll 26
HB35,Crawford,Regular Session 2022,02/03/2022,S,,Read for the first time and referred to the Senate committee on Local Legislation,LL1,,,,
HB36,Wood (R),Regular Session 2022,01/11/2022,H,,Read for the first time and referred to the House of Representatives committee on State Government,SG,,,,
HB37,Meadows,Regular Session 2022,01/11/2022,H,,Read for the first time and referred to the House of Representatives committee on Public Safety and Homeland Security,PS&HS,,,,
HB37,Meadows,Regular Session 2022,02/02/2022,H,,Read for the second time and placed on the calendar,,,,,
HB37,Meadows,Regular Session 2022,02/16/2022,H,,Third Reading Passed,,,,,
HB37,Meadows,Regular Session 2022,02/16/2022,H,,Motion to Read a Third Time and Pass adopted Roll Call 207,,,,,Roll 207
HB37,Meadows,Regular Session 2022,02/17/2022,S,,Read for the first time and referred to the Senate committee on Fiscal Responsibility and Economic Development,FRED,,,,
HB37,Meadows,Regular Session 2022,02/23/2022,S,,Read for the second time and placed on the calendar,,0,10,,
HB37,Meadows,Regular Session 2022,03/29/2022,S,,Third Reading Carried Over,,,,,
HB37,Meadows,Regular Session 2022,03/29/2022,S,,McClendon motion to Carry Over adopted Voice Vote,,,,,
HB37,Meadows,Regular Session 2022,03/29/2022,S,,Third Reading Open,,,,,
HB37,Meadows,Regular Session 2022,04/06/2022,S,,Third Reading Passed,,,,,
HB37,Meadows,Regular Session 2022,04/06/2022,S,,Motion to Read a Third Time and Pass adopted Roll Call 1044,,,,,Roll 1044
HB37,Meadows,Regular Session 2022,04/07/2022,H,,Passed Second House,,,,,
HB37,Meadows,Regular Session 2022,04/07/2022,S,,Signature Requested,,,,,
HB37,Meadows,Regular Session 2022,04/07/2022,H,,Enrolled,,,,,
HB37,Meadows,Regular Session 2022,04/07/2022,H,,Clerk of the House Certification,,,,,
HB37,Meadows,Regular Session 2022,,H,,Assigned Act No. 2022-433.,,,,,
HB37,Meadows,Regular Session 2022,,H,,"Forwarded to Governor on April 7, 2022 at 10:45 a.m. on April 7, 2022.",,,,,
HB38,Easterbrook,Regular Session 2022,01/11/2022,H,,Read for the first time and referred to the House of Representatives committee on Local Legislation,LL,,,,
HB39,Brown (C),Regular Session 2022,01/11/2022,H,,Read for the first time and referred to the House of Representatives committee on Ways and Means General Fund,W&MGF,,,,
HB39,Brown (C),Regular Session 2022,02/02/2022,H,,Read for the second time and placed on the calendar  1 amendment,,,,,
HB39,Brown (C),Regular Session 2022,02/03/2022,H,,Third Reading Passed,,,,,
HB39,Brown (C),Regular Session 2022,02/03/2022,H,216924-2,Ways and Means General Fund  Amendment Offered,,,,,
HB39,Brown (C),Regular Session 2022,02/03/2022,H,,Motion to Adopt adopted Roll Call 36,,,,,Roll 36
HB39,Brown (C),Regular Session 2022,02/03/2022,H,,Motion to Read a Third Time and Pass adopted Roll Call 37,,,,,Roll 37
HB39,Brown (C),Regular Session 2022,02/03/2022,H,,Engrossed,,,,,
HB39,Brown (C),Regular Session 2022,02/08/2022,S,,Read for the first time and referred to the Senate committee on Finance and Taxation General Fund,F&TG,,,,
HB39,Brown (C),Regular Session 2022,02/17/2022,S,,Rereferred to Committee on Banking and Insurance,B&I,,,,
HB39,Brown (C),Regular Session 2022,02/23/2022,S,,Read for the second time and placed on the calendar,,0,11,,
HB39,Brown (C),Regular Session 2022,03/09/2022,S,,Third Reading Passed,,,,,
HB39,Brown (C),Regular Session 2022,03/09/2022,S,,Motion to Read a Third Time and Pass adopted Roll Call 505,,,,,Roll 505
HB39,Brown (C),Regular Session 2022,03/09/2022,H,,Passed Second House,,,,,
HB39,Brown (C),Regular Session 2022,03/09/2022,H,,Enrolled,,,,,
HB39,Brown (C),Regular Session 2022,03/10/2022,S,,Signature Requested,,,,,
HB39,Brown (C),Regular Session 2022,03/10/2022,H,,Clerk of the House Certification,,,,,
HB39,Brown (C),Regular Session 2022,,H,,Assigned Act No. 2022-147.,,,,,
HB39,Brown (C),Regular Session 2022,,H,,"Delivered to Governor at 9:30 a.m. on March 10, 2022.",,,,,
HB40,Brown (C),Regular Session 2022,01/11/2022,H,,Read for the first time and referred to the House of Representatives committee on Economic Development and Tourism,ED&T,,,,
HB40,Brown (C),Regular Session 2022,02/02/2022,H,,Read for the second time and placed on the calendar,,,,,
HB40,Brown (C),Regular Session 2022,02/08/2022,H,,Third Reading Passed,,,,,
HB40,Brown (C),Regular Session 2022,02/08/2022,H,217298-1,Ingram  Amendment Offered,,,,,
HB40,Brown (C),Regular Session 2022,02/08/2022,H,,Motion to Adopt lost Roll Call 61,,,,,Roll 61
HB40,Brown (C),Regular Session 2022,02/08/2022,H,,Motion to Read a Third Time and Pass adopted Roll Call 62,,,,,Roll 62
HB40,Brown (C),Regular Session 2022,02/08/2022,S,,Read for the first time and referred to the Senate committee on Tourism,TM,,,,
HB40,Brown (C),Regular Session 2022,02/09/2022,S,,Reported from Tourism as Favorable,,0,11,,
HB40,Brown (C),Regular Session 2022,03/10/2022,S,,Third Reading Passed,,,,,
HB40,Brown (C),Regular Session 2022,03/10/2022,S,,Motion to Read a Third Time and Pass adopted Roll Call 560,,,,,Roll 560
HB40,Brown (C),Regular Session 2022,03/10/2022,H,,Passed Second House,,,,,
HB40,Brown (C),Regular Session 2022,03/10/2022,H,,Enrolled,,,,,
HB40,Brown (C),Regular Session 2022,03/15/2022,S,,Signature Requested,,,,,
HB40,Brown (C),Regular Session 2022,03/15/2022,H,,Clerk of the House Certification,,,,,
HB40,Brown (C),Regular Session 2022,,H,,Assigned Act No. 2022-189.,,,,,
HB40,Brown (C),Regular Session 2022,,H,,"Delivered to Governor at 2:24 p.m. on March 15, 2022.",,,,,
HB41,Allen ,Regular Session 2022,01/11/2022,H,,"Read for the first time and referred to the House of Representatives committee on Constitution, Campaigns and Elections",CC&E,,,,
HB42,Allen ,Regular Session 2022,01/11/2022,H,,Read for the first time and referred to the House of Representatives committee on State Government,SG,,,,
HB42,Allen ,Regular Session 2022,02/16/2022,H,,Read for the second time and placed on the calendar,,,,,
HB42,Allen ,Regular Session 2022,,H,,Pending third reading on day 12 Favorable from State Government,,,,,
HB43,Sells,Regular Session 2022,01/11/2022,H,,Read for the first time and referred to the House of Representatives committee on Judiciary,JUDY,,,,
HB44,Sorrell,Regular Session 2022,01/11/2022,H,,Read for the first time and referred to the House of Representatives committee on Public Safety and Homeland Security,PS&HS,,,,
HB45,Greer,Regular Session 2022,01/11/2022,H,,Read for the first time and referred to the House of Representatives committee on Judiciary,JUDY,,,,
HB45,Greer,Regular Session 2022,02/16/2022,H,,Read for the second time and placed on the calendar  1 amendment,,,,,
HB45,Greer,Regular Session 2022,,H,217198-3,Judiciary first Amendment Offered,,,,,
HB45,Greer,Regular Session 2022,,H,,Pending third reading on day 12 Favorable from Judiciary with 1 amendment,,,,,
HB46,Collins,Regular Session 2022,01/11/2022,H,,Read for the first time and referred to the House of Representatives committee on Education Policy,EP,,,,
HB46,Collins,Regular Session 2022,02/01/2022,H,,Read for the second time and placed on the calendar,,,,,
HB46,Collins,Regular Session 2022,02/02/2022,H,,Third Reading Passed,,,,,
HB46,Collins,Regular Session 2022,02/02/2022,H,,Motion to Read a Third Time and Pass adopted Roll Call 4,,,,,Roll 4
HB46,Collins,Regular Session 2022,02/03/2022,S,,Read for the first time and referred to the Senate committee on Education Policy,ED,,,,
HB46,Collins,Regular Session 2022,02/16/2022,S,,Reported from Education Policy as Favorable,,,,,
HB46,Collins,Regular Session 2022,03/17/2022,S,,Third Reading Passed,,,,,
HB46,Collins,Regular Session 2022,03/17/2022,S,,Motion to Read a Third Time and Pass adopted Roll Call 676,,,,,Roll 676
HB46,Collins,Regular Session 2022,03/17/2022,H,,Passed Second House,,,,,
HB46,Collins,Regular Session 2022,03/17/2022,H,,Enrolled,,,,,
HB46,Collins,Regular Session 2022,03/29/2022,S,,Signature Requested,,,,,
HB46,Collins,Regular Session 2022,03/29/2022,H,,Clerk of the House Certification,,,,,
HB46,Collins,Regular Session 2022,,H,,Assigned Act No. 2022-200.,,,,,
HB46,Collins,Regular Session 2022,,H,,"Delivered to Governor at 3:34 p.m. on March 29, 2022.",,,,,
HB47,Brown (K),Regular Session 2022,01/11/2022,H,,"Read for the first time and referred to the House of Representatives committee on Boards, Agencies and Commissions",BA&C,,,,
HB47,Brown (K),Regular Session 2022,02/16/2022,H,,Read for the second time and placed on the calendar  2 amendments,,,,,
HB47,Brown (K),Regular Session 2022,03/17/2022,H,,Third Reading Passed,,,,,
HB47,Brown (K),Regular Session 2022,03/17/2022,H,217188-2,"Boards, Agencies and Commissions 1st  Amendment Offered",,,,,
HB47,Brown (K),Regular Session 2022,03/17/2022,H,,Brown (K) motion to Table adopted Roll Call 666,,,,,Roll 666
HB47,Brown (K),Regular Session 2022,03/17/2022,H,217660-3,"Boards, Agencies and Commissions 2nd  Amendment Offered",,,,,
HB47,Brown (K),Regular Session 2022,03/17/2022,H,,Brown (K) motion to Table adopted Roll Call 667,,,,,Roll 667
HB47,Brown (K),Regular Session 2022,03/17/2022,H,218588-1,Brown (K) first Substitute Offered,,,,,
HB47,Brown (K),Regular Session 2022,03/17/2022,H,,Motion to Adopt adopted Roll Call 668,,,,,Roll 668
HB47,Brown (K),Regular Session 2022,03/17/2022,H,,Motion to Read a Third Time and Pass adopted Roll Call 669,,,,,Roll 669
HB47,Brown (K),Regular Session 2022,03/17/2022,H,,Engrossed,,,,,
HB47,Brown (K),Regular Session 2022,03/30/2022,S,,Read for the first time and referred to the Senate committee on Judiciary,JUDY,,,,
HB47,Brown (K),Regular Session 2022,04/06/2022,S,,Read for the second time and placed on the calendar,,2,5,,
HB47,Brown (K),Regular Session 2022,,S,,Pending third reading on day 29 Favorable from Judiciary,,,,,
HB48,Brown (K),Regular Session 2022,01/11/2022,H,,"Read for the first time and referred to the House of Representatives committee on Boards, Agencies and Commissions",BA&C,,,,
HB48,Brown (K),Regular Session 2022,02/16/2022,H,,Read for the second time and placed on the calendar  1 amendment,,,,,
HB48,Brown (K),Regular Session 2022,03/02/2022,H,,Third Reading Passed,,,,,
HB48,Brown (K),Regular Session 2022,03/02/2022,H,216659-3,"Boards, Agencies and Commissions  Amendment Offered",,,,,
HB48,Brown (K),Regular Session 2022,03/02/2022,H,,Motion to Adopt adopted Roll Call 413,,,,,Roll 413
HB48,Brown (K),Regular Session 2022,03/02/2022,H,,Motion to Read a Third Time and Pass adopted Roll Call 414,,,,,Roll 414
HB48,Brown (K),Regular Session 2022,03/02/2022,H,,"Oliver intended to vote ""Yea""",,,,,
HB48,Brown (K),Regular Session 2022,03/02/2022,H,,Engrossed,,,,,
HB48,Brown (K),Regular Session 2022,03/02/2022,S,,Read for the first time and referred to the Senate committee on Fiscal Responsibility and Economic Development,FRED,,,,
HB48,Brown (K),Regular Session 2022,03/30/2022,S,,Read for the second time and placed on the calendar  1 amendment,,0,10,,
HB48,Brown (K),Regular Session 2022,04/07/2022,S,,Third Reading Passed,,,,,
HB48,Brown (K),Regular Session 2022,04/07/2022,S,218586-2,Fiscal Responsibility and Economic Development  Amendment Offered,,,,,
HB48,Brown (K),Regular Session 2022,04/07/2022,S,,Figures motion to Table adopted Voice Vote,,,,,
HB48,Brown (K),Regular Session 2022,04/07/2022,S,,Motion to Read a Third Time and Pass adopted Roll Call 1073,,,,,Roll 1073
HB48,Brown (K),Regular Session 2022,04/07/2022,H,,Passed Second House,,,,,
HB48,Brown (K),Regular Session 2022,04/07/2022,H,,Enrolled,,,,,
HB48,Brown (K),Regular Session 2022,04/07/2022,S,,Signature Requested,,,,,
HB48,Brown (K),Regular Session 2022,04/07/2022,H,,Clerk of the House Certification,,,,,
HB48,Brown (K),Regular Session 2022,,H,,Assigned Act No. 2022-339.,,,,,
HB48,Brown (K),Regular Session 2022,,H,,"Delivered to Governor at 9:36 p.m. on April 7, 2022.",,,,,
HB49,Hollis,Regular Session 2022,01/11/2022,H,,Read for the first time and referred to the House of Representatives committee on Health,HLTH,,,,
HB50,Hollis,Regular Session 2022,01/11/2022,H,,Read for the first time and referred to the House of Representatives committee on Ways and Means Education,W&ME,,,,
HB50,Hollis,Regular Session 2022,02/23/2022,H,,Read for the second time and placed on the calendar with 1 substitute and,,,,,
HB50,Hollis,Regular Session 2022,03/01/2022,H,,Third Reading Passed,,,,,
HB50,Hollis,Regular Session 2022,03/01/2022,H,217969-2,Ways and Means Education first Substitute Offered,,,,,
HB50,Hollis,Regular Session 2022,03/01/2022,H,,Motion to Adopt adopted Roll Call 379,,,,,Roll 379
HB50,Hollis,Regular Session 2022,03/01/2022,H,218086-2,Collins  Amendment Offered,,,,,
HB50,Hollis,Regular Session 2022,03/01/2022,H,,Motion to Adopt adopted Roll Call 380,,,,,Roll 380
HB50,Hollis,Regular Session 2022,03/01/2022,H,,Motion to Read a Third Time and Pass adopted Roll Call 381,,,,,Roll 381
HB50,Hollis,Regular Session 2022,03/01/2022,H,,Cosponsors Added,,,,,Roll 382
HB50,Hollis,Regular Session 2022,03/01/2022,H,,Engrossed,,,,,
HB50,Hollis,Regular Session 2022,03/01/2022,S,,Read for the first time and referred to the Senate committee on Finance and Taxation Education,F&TE,,,,
HB50,Hollis,Regular Session 2022,03/29/2022,S,,Read for the second time and placed on the calendar,,0,11,0,
HB50,Hollis,Regular Session 2022,04/05/2022,S,,Third Reading Passed,,,,,
HB50,Hollis,Regular Session 2022,04/05/2022,S,,Motion to Read a Third Time and Pass adopted Roll Call 957,,,,,Roll 957
HB50,Hollis,Regular Session 2022,04/06/2022,H,,Passed Second House,,,,,
HB50,Hollis,Regular Session 2022,04/06/2022,H,,Enrolled,,,,,
HB50,Hollis,Regular Session 2022,04/06/2022,S,,Signature Requested,,,,,
HB50,Hollis,Regular Session 2022,04/06/2022,H,,Clerk of the House Certification,,,,,
HB50,Hollis,Regular Session 2022,,H,,Assigned Act No. 2022-380.,,,,,
HB50,Hollis,Regular Session 2022,,H,,"Delivered to Governor at 1:53 p.m. on April 6, 2022.",,,,,
HB51,Hill,Regular Session 2022,01/11/2022,H,,Read for the first time and referred to the House of Representatives committee on Judiciary,JUDY,,,,
HB52,Hill,Regular Session 2022,01/11/2022,H,,Read for the first time and referred to the House of Representatives committee on Judiciary,JUDY,,,,
HB52,Hill,Regular Session 2022,02/09/2022,H,,Read for the second time and placed on the calendar  1 amendment,,,,,
HB52,Hill,Regular Session 2022,02/16/2022,H,,Third Reading Passed,,,,,
HB52,Hill,Regular Session 2022,02/16/2022,H,217213-2,Judiciary  Amendment Offered,,,,,
HB52,Hill,Regular Session 2022,02/16/2022,H,,Motion to Adopt adopted Roll Call 220,,,,,Roll 220
HB52,Hill,Regular Session 2022,02/16/2022,H,,Motion to Read a Third Time and Pass adopted Roll Call 221,,,,,Roll 221
HB52,Hill,Regular Session 2022,02/16/2022,H,,Engrossed,,,,,
HB52,Hill,Regular Session 2022,02/17/2022,S,,Read for the first time and referred to the Senate committee on Judiciary,JUDY,,,,
HB52,Hill,Regular Session 2022,02/23/2022,S,,Read for the second time and placed on the calendar,,0,9,,
HB52,Hill,Regular Session 2022,04/06/2022,S,,Third Reading Passed,,,,,
HB52,Hill,Regular Session 2022,04/06/2022,S,,Motion to Read a Third Time and Pass adopted Roll Call 1026,,,,,Roll 1026
HB52,Hill,Regular Session 2022,04/06/2022,H,,Passed Second House,,,,,
HB52,Hill,Regular Session 2022,04/06/2022,H,,Enrolled,,,,,
HB52,Hill,Regular Session 2022,04/07/2022,S,,Signature Requested,,,,,
HB52,Hill,Regular Session 2022,04/07/2022,H,,Clerk of the House Certification,,,,,
HB52,Hill,Regular Session 2022,,H,,Assigned Act No. 2022-381.,,,,,
HB52,Hill,Regular Session 2022,,H,,"Delivered to Governor at 9:46 a.m. on April7, 2022.",,,,,
HB53,Hall,Regular Session 2022,01/11/2022,H,,"Read for the first time and referred to the House of Representatives committee on Constitution, Campaigns and Elections",CC&E,,,,
HB54,Hill,Regular Session 2022,01/11/2022,H,,Read for the first time and referred to the House of Representatives committee on Judiciary,JUDY,,,,
HB54,Hill,Regular Session 2022,02/09/2022,H,,Read for the second time and placed on the calendar,,,,,
HB54,Hill,Regular Session 2022,03/01/2022,H,,Third Reading Passed,,,,,
HB54,Hill,Regular Session 2022,03/01/2022,H,,Motion to Read a Third Time and Pass adopted Roll Call 375,,,,,Roll 375
HB54,Hill,Regular Session 2022,03/01/2022,S,,Read for the first time and referred to the Senate committee on Judiciary,JUDY,,,,
HB54,Hill,Regular Session 2022,03/17/2022,S,,Read for the second time and placed on the calendar,,0,9,,
HB54,Hill,Regular Session 2022,04/06/2022,S,,Third Reading Passed,,,,,
HB54,Hill,Regular Session 2022,04/06/2022,S,,Motion to Read a Third Time and Pass adopted Roll Call 1023,,,,,Roll 1023
HB54,Hill,Regular Session 2022,04/06/2022,H,,Passed Second House,,,,,
HB54,Hill,Regular Session 2022,04/06/2022,H,,Enrolled,,,,,
HB54,Hill,Regular Session 2022,04/07/2022,S,,Signature Requested,,,,,
HB54,Hill,Regular Session 2022,04/07/2022,H,,Clerk of the House Certification,,,,,
HB54,Hill,Regular Session 2022,,H,,Assigned Act No. 2022-430.,,,,,
HB54,Hill,Regular Session 2022,,H,,"Delivered to Governor at 9:46 a.m. on April7, 2022.",,,,,
HB55,Hill,Regular Session 2022,01/11/2022,H,,Read for the first time and referred to the House of Representatives committee on Ways and Means General Fund,W&MGF,,,,
HB55,Hill,Regular Session 2022,02/23/2022,H,,Read for the second time and placed on the calendar  2 amendments,,,,,
HB55,Hill,Regular Session 2022,03/09/2022,H,,Third Reading Passed,,,,,
HB55,Hill,Regular Session 2022,03/09/2022,H,217949-3,Ways and Means General Fund 1st Amendment Offered,,,,,
HB55,Hill,Regular Session 2022,03/09/2022,H,,Motion to Adopt adopted Roll Call 543,,,,,Roll 543
HB55,Hill,Regular Session 2022,03/09/2022,H,216522-2,Ways and Means General Fund 2nd  Amendment Offered,,,,,
HB55,Hill,Regular Session 2022,03/09/2022,H,,Hill motion to Table adopted Roll Call 544,,,,,Roll 544
HB55,Hill,Regular Session 2022,03/09/2022,H,218458-1,Hill  Amendment Offered,,,,,
HB55,Hill,Regular Session 2022,03/09/2022,H,,Motion to Adopt adopted Roll Call 545,,,,,Roll 545
HB55,Hill,Regular Session 2022,03/09/2022,H,,Motion to Read a Third Time and Pass adopted Roll Call 546,,,,,Roll 546
HB55,Hill,Regular Session 2022,03/09/2022,H,,Engrossed,,,,,
HB55,Hill,Regular Session 2022,03/10/2022,S,,Read for the first time and referred to the Senate committee on Finance and Taxation General Fund,F&TG,,,,
HB56,England,Regular Session 2022,01/11/2022,H,,Read for the first time and referred to the House of Representatives committee on Judiciary,JUDY,,,,
HB57,England,Regular Session 2022,01/11/2022,H,,Read for the first time and referred to the House of Representatives committee on Judiciary,JUDY,,,,
HB57,England,Regular Session 2022,02/09/2022,H,,Read for the second time and placed on the calendar  1 amendment,,,,,
HB57,England,Regular Session 2022,,H,217169-2,Judiciary first Amendment Offered,,,,,
HB57,England,Regular Session 2022,,H,,Pending third reading on day 9 Favorable from Judiciary with 1 amendment,,,,,
HB58,England,Regular Session 2022,01/11/2022,H,,Read for the first time and referred to the House of Representatives committee on State Government,SG,,,,
HB59,England,Regular Session 2022,01/11/2022,H,,Read for the first time and referred to the House of Representatives committee on State Government,SG,,,,
HB60,England,Regular Session 2022,01/11/2022,H,,Read for the first time and referred to the House of Representatives committee on State Government,SG,,,,
HB61,England,Regular Session 2022,01/11/2022,H,,Read for the first time and referred to the House of Representatives committee on State Government,SG,,,,
HB62,Robbins,Regular Session 2022,01/11/2022,H,,Read for the first time and referred to the House of Representatives committee on Ways and Means General Fund,W&MGF,,,,
HB63,Wood (D),Regular Session 2022,01/11/2022,H,,"Read for the first time and referred to the House of Representatives committee on Constitution, Campaigns and Elections",CC&E,,,,
HB63,Wood (D),Regular Session 2022,03/02/2022,H,,Read for the second time and placed on the calendar,,,,,
HB63,Wood (D),Regular Session 2022,03/17/2022,H,,Third Reading Passed,,,,,
HB63,Wood (D),Regular Session 2022,03/17/2022,H,219237-1,Gray  Amendment Offered,,,,,
HB63,Wood (D),Regular Session 2022,03/17/2022,H,,Motion to Adopt adopted Roll Call 655,,,,,Roll 655
HB63,Wood (D),Regular Session 2022,03/17/2022,H,,Ledbetter motion to Previous Question adopted Roll Call 656,,,,,Roll 656
HB63,Wood (D),Regular Session 2022,03/17/2022,H,,Motion to Read a Third Time and Pass adopted Roll Call 657,,,,,Roll 657
HB63,Wood (D),Regular Session 2022,03/17/2022,H,,Engrossed,,,,,
HB63,Wood (D),Regular Session 2022,03/29/2022,S,,Read for the first time and referred to the Senate committee on Fiscal Responsibility and Economic Development,FRED,,,,
HB63,Wood (D),Regular Session 2022,04/06/2022,S,,Read for the second time and placed on the calendar  1 amendment,,1,6,,
HB63,Wood (D),Regular Session 2022,,S,,Pending third reading on day 29 Favorable from Fiscal Responsibility and Economic Development with 1 amendment,,,,,
HB63,Wood (D),Regular Session 2022,,S,219848-2,Fiscal Responsibility and Economic Development first Amendment Offered,,,,,
HB64,Wood (D),Regular Session 2022,01/11/2022,H,,Read for the first time and referred to the House of Representatives committee on Local Legislation,LL,,,,
HB64,Wood (D),Regular Session 2022,02/02/2022,H,,Read for the second time and placed on the calendar,,,,,
HB64,Wood (D),Regular Session 2022,02/03/2022,H,,Third Reading Passed,,,,,
HB64,Wood (D),Regular Session 2022,02/03/2022,H,,Motion to Read a Third Time and Pass adopted Roll Call 12,,,,,Roll 12
HB64,Wood (D),Regular Session 2022,02/03/2022,H,,"Hanes intended to vote ""Abstain"" and Lipscomb intended to vote ""Yea""",,,,,
HB64,Wood (D),Regular Session 2022,02/03/2022,S,,Read for the first time and referred to the Senate committee on Local Legislation,LL1,,,,
HB64,Wood (D),Regular Session 2022,02/17/2022,S,,Read for the second time and placed on the calendar,,,,,
HB64,Wood (D),Regular Session 2022,02/22/2022,S,,Third Reading Passed,,,,,
HB64,Wood (D),Regular Session 2022,02/22/2022,S,,Motion to Read a Third Time and Pass adopted Roll Call 349,,,,,Roll 349
HB64,Wood (D),Regular Session 2022,02/22/2022,H,,Passed Second House,,,,,
HB64,Wood (D),Regular Session 2022,02/22/2022,H,,Enrolled,,,,,
HB64,Wood (D),Regular Session 2022,02/22/2022,S,,Signature Requested,,,,,
HB64,Wood (D),Regular Session 2022,02/22/2022,H,,Clerk of the House Certification,,,,,
HB64,Wood (D),Regular Session 2022,,H,,Assigned Act No. 2022-66.,,,,,
HB64,Wood (D),Regular Session 2022,,H,,"Delivered to Governor at 3:52 p.m. on February 22, 2022.",,,,,
HB65,Robbins,Regular Session 2022,01/11/2022,H,,Read for the first time and referred to the House of Representatives committee on Ways and Means General Fund,W&MGF,,,,
HB66,Stringer,Regular Session 2022,01/11/2022,H,,Read for the first time and referred to the House of Representatives committee on Public Safety and Homeland Security,PS&HS,,,,
HB67,Simpson,Regular Session 2022,01/11/2022,H,,Read for the first time and referred to the House of Representatives committee on County and Municipal Government,C&MG,,,,
HB68,Simpson,Regular Session 2022,01/11/2022,H,,Read for the first time and referred to the House of Representatives committee on Judiciary,JUDY,,,,
HB68,Simpson,Regular Session 2022,02/02/2022,H,,Read for the second time and placed on the calendar,,,,,
HB68,Simpson,Regular Session 2022,02/09/2022,H,,Third Reading Passed,,,,,
HB68,Simpson,Regular Session 2022,02/09/2022,H,,Motion to Read a Third Time and Pass adopted Roll Call 106,,,,,Roll 106
HB68,Simpson,Regular Session 2022,02/10/2022,S,,Read for the first time and referred to the Senate committee on Judiciary,JUDY,,,,
HB68,Simpson,Regular Session 2022,03/02/2022,S,,Read for the second time and placed on the calendar,,0,10,,
HB68,Simpson,Regular Session 2022,03/17/2022,S,,Third Reading Passed,,,,,
HB68,Simpson,Regular Session 2022,03/17/2022,S,219214-1,Givhan  Amendment Offered,,,,,
HB68,Simpson,Regular Session 2022,03/17/2022,S,,Givhan motion to Adopt adopted Roll Call 678,,,,,Roll 678
HB68,Simpson,Regular Session 2022,03/17/2022,S,,Motion to Read a Third Time and Pass adopted Roll Call 679,,,,,Roll 679
HB68,Simpson,Regular Session 2022,03/29/2022,H,,Concurrence Requested,,,,,
HB68,Simpson,Regular Session 2022,03/29/2022,H,,Simpson motion to Concur In and Adopt adopted Roll Call 726,,,,,Roll 726
HB68,Simpson,Regular Session 2022,03/29/2022,S,,Concurred in Second House Amendment,,,,,
HB68,Simpson,Regular Session 2022,03/29/2022,H,,Enrolled,,,,,
HB68,Simpson,Regular Session 2022,03/29/2022,S,,Signature Requested,,,,,
HB68,Simpson,Regular Session 2022,03/29/2022,H,,Clerk of the House Certification,,,,,
HB68,Simpson,Regular Session 2022,,H,,Assigned Act No. 2022-201.,,,,,
HB68,Simpson,Regular Session 2022,,H,,"Delivered to Governor at 3:35 p.m. on March 29, 2022.",,,,,
HB69,Pettus,Regular Session 2022,01/11/2022,H,,Read for the first time and referred to the House of Representatives committee on Ways and Means General Fund,W&MGF,,,,
HB69,Pettus,Regular Session 2022,02/02/2022,H,,Read for the second time and placed on the calendar,,,,,
HB69,Pettus,Regular Session 2022,02/08/2022,H,,Third Reading Passed,,,,,
HB69,Pettus,Regular Session 2022,02/08/2022,H,,Motion to Read a Third Time and Pass adopted Roll Call 51,,,,,Roll 51
HB69,Pettus,Regular Session 2022,02/08/2022,H,,"Sanderford intended to vote ""Yea""",,,,,
HB69,Pettus,Regular Session 2022,02/08/2022,S,,Read for the first time and referred to the Senate committee on Finance and Taxation General Fund,F&TG,,,,
HB70,Reynolds,Regular Session 2022,01/11/2022,H,,Read for the first time and referred to the House of Representatives committee on Judiciary,JUDY,,,,
HB70,Reynolds,Regular Session 2022,02/02/2022,H,,Read for the second time and placed on the calendar,,,,,
HB70,Reynolds,Regular Session 2022,02/09/2022,H,,Third Reading Passed,,,,,
HB70,Reynolds,Regular Session 2022,02/09/2022,H,217101-1,Reynolds  Amendment Offered,,,,,
HB70,Reynolds,Regular Session 2022,02/09/2022,H,,Motion to Adopt adopted Roll Call 95,,,,,Roll 95
HB70,Reynolds,Regular Session 2022,02/09/2022,H,,Motion to Read a Third Time and Pass adopted Roll Call 96,,,,,Roll 96
HB70,Reynolds,Regular Session 2022,02/09/2022,H,,Engrossed,,,,,
HB70,Reynolds,Regular Session 2022,02/10/2022,S,,Read for the first time and referred to the Senate committee on Judiciary,JUDY,,,,
HB70,Reynolds,Regular Session 2022,03/02/2022,S,,Read for the second time and placed on the calendar,,0,10,,
HB70,Reynolds,Regular Session 2022,03/17/2022,S,,Third Reading Passed,,,,,
HB70,Reynolds,Regular Session 2022,03/17/2022,S,,Motion to Read a Third Time and Pass adopted Roll Call 657,,,,,Roll 657
HB70,Reynolds,Regular Session 2022,03/17/2022,H,,Passed Second House,,,,,
HB70,Reynolds,Regular Session 2022,03/17/2022,H,,Enrolled,,,,,
HB70,Reynolds,Regular Session 2022,03/29/2022,S,,Signature Requested,,,,,
HB70,Reynolds,Regular Session 2022,03/29/2022,H,,Clerk of the House Certification,,,,,
HB70,Reynolds,Regular Session 2022,,H,,Assigned Act No. 2022-202.,,,,,
HB70,Reynolds,Regular Session 2022,,H,,"Delivered to Governor at 3:34 p.m. on March 29, 2022.",,,,,
HB71,Oliver,Regular Session 2022,01/11/2022,H,,Read for the first time and referred to the House of Representatives committee on Economic Development and Tourism,ED&T,,,,
HB71,Oliver,Regular Session 2022,02/02/2022,H,,Read for the second time and placed on the calendar,,,,,
HB71,Oliver,Regular Session 2022,02/08/2022,H,,Third Reading Passed,,,,,
HB71,Oliver,Regular Session 2022,02/08/2022,H,216383-1,Oliver  Amendment Offered,,,,,
HB71,Oliver,Regular Session 2022,02/08/2022,H,,Motion to Adopt adopted Roll Call 66,,,,,Roll 66
HB71,Oliver,Regular Session 2022,02/08/2022,H,,Motion to Read a Third Time and Pass adopted Roll Call 67,,,,,Roll 67
HB71,Oliver,Regular Session 2022,02/08/2022,H,,Engrossed,,,,,
HB71,Oliver,Regular Session 2022,02/08/2022,S,,Read for the first time and referred to the Senate committee on Tourism,TM,,,,
HB71,Oliver,Regular Session 2022,02/09/2022,S,,Reported from Tourism as Favorable,,0,11,,
HB71,Oliver,Regular Session 2022,,S,,Pending third reading on day 9 Favorable from Tourism,,,,,
HB72,Howard,Regular Session 2022,01/11/2022,H,,Read for the first time and referred to the House of Representatives committee on Economic Development and Tourism,ED&T,,,,
HB73,Howard,Regular Session 2022,01/11/2022,H,,Read for the first time and referred to the House of Representatives committee on Economic Development and Tourism,ED&T,,,,
HB74,Baker,Regular Session 2022,01/11/2022,H,,"Read for the first time and referred to the House of Representatives committee on Constitution, Campaigns and Elections",CC&E,,,,
HB75,Lee,Regular Session 2022,01/11/2022,H,,"Read for the first time and referred to the House of Representatives committee on Boards, Agencies and Commissions",BA&C,,,,
HB75,Lee,Regular Session 2022,02/02/2022,H,,Read for the second time and placed on the calendar,,,,,
HB75,Lee,Regular Session 2022,02/08/2022,H,,Third Reading Passed,,,,,
HB75,Lee,Regular Session 2022,02/08/2022,H,217305-1,Rogers 1st  Amendment Offered,,,,,
HB75,Lee,Regular Session 2022,02/08/2022,H,,Lee motion to Table adopted Roll Call 81,,,,,Roll 81
HB75,Lee,Regular Session 2022,02/08/2022,H,,Rogers motion to REMOVE FROM THE TABLE lost Roll Call 82,,,,,Roll 82
HB75,Lee,Regular Session 2022,02/08/2022,H,,"Ingram intended to vote ""Nay""",,,,,
HB75,Lee,Regular Session 2022,02/08/2022,H,217315-1,Rogers 2nd Amendment Offered,,,,,
HB75,Lee,Regular Session 2022,02/08/2022,H,,Motion to Adopt adopted Roll Call 83,,,,,Roll 83
HB75,Lee,Regular Session 2022,02/08/2022,H,,Motion to Read a Third Time and Pass adopted Roll Call 84,,,,,Roll 84
HB75,Lee,Regular Session 2022,02/08/2022,H,,Engrossed,,,,,
HB75,Lee,Regular Session 2022,02/09/2022,S,,Read for the first time and referred to the Senate committee on Governmental Affairs,GA,,,,
HB76,South,Regular Session 2022,01/11/2022,H,,Read for the first time and referred to the House of Representatives committee on State Government,SG,,,,
HB76,South,Regular Session 2022,01/13/2022,H,,Read for the second time and placed on the calendar,,,,,
HB76,South,Regular Session 2022,01/18/2022,H,,Third Reading Passed,,,,,
HB76,South,Regular Session 2022,01/18/2022,H,,Motion to Read a Third Time and Pass adopted Roll Call 2,,,,,Roll 2
HB76,South,Regular Session 2022,01/18/2022,S,,Read for the first time and referred to the Senate committee on Judiciary,JUDY,,,,
HB76,South,Regular Session 2022,02/01/2022,S,,Read for the second time and placed on the calendar,,0,8,,
HB76,South,Regular Session 2022,02/02/2022,S,,Third Reading Passed,,,,,
HB76,South,Regular Session 2022,02/02/2022,S,,Motion to Read a Third Time and Pass adopted Roll Call 68,,,,,Roll 68
HB76,South,Regular Session 2022,02/03/2022,H,,Passed Second House,,,,,
HB76,South,Regular Session 2022,02/03/2022,H,,Enrolled,,,,,
HB76,South,Regular Session 2022,02/03/2022,S,,Signature Requested,,,,,
HB76,South,Regular Session 2022,02/03/2022,H,,Clerk of the House Certification,,,,,
HB76,South,Regular Session 2022,,H,,"Delivered to Governor at 11:12 a.m. on February 3, 2022.",,,,,
HB76,South,Regular Session 2022,,H,,Assigned Act No. 2022-2.,,,,,
HB77,Rich,Regular Session 2022,01/11/2022,H,,Read for the first time and referred to the House of Representatives committee on State Government,SG,,,,
HB77,Rich,Regular Session 2022,02/09/2022,H,,Read for the second time and placed on the calendar,,,,,
HB77,Rich,Regular Session 2022,02/16/2022,H,,Third Reading Passed,,,,,
HB77,Rich,Regular Session 2022,02/16/2022,H,,Motion to Read a Third Time and Pass adopted Roll Call 195,,,,,Roll 195
HB77,Rich,Regular Session 2022,02/17/2022,S,,Read for the first time and referred to the Senate committee on Governmental Affairs,GA,,,,
HB77,Rich,Regular Session 2022,03/01/2022,S,,Read for the second time and placed on the calendar,,0,8,,
HB77,Rich,Regular Session 2022,03/15/2022,S,,Third Reading Passed,,,,,
HB77,Rich,Regular Session 2022,03/15/2022,S,,Motion to Read a Third Time and Pass adopted Roll Call 589,,,,,Roll 589
HB77,Rich,Regular Session 2022,03/17/2022,H,,Passed Second House,,,,,
HB77,Rich,Regular Session 2022,03/17/2022,H,,Enrolled,,,,,
HB77,Rich,Regular Session 2022,03/17/2022,H,,Clerk of the House Certification,,,,,
HB77,Rich,Regular Session 2022,03/17/2022,S,,Signature Requested,,,,,
HB77,Rich,Regular Session 2022,,H,,Assigned Act No. 2022-183.,,,,,
HB77,Rich,Regular Session 2022,,H,,"Forwarded to Governor at 11:20 a.m. on March 17, 2022.",,,,,
HB78,Rich,Regular Session 2022,01/11/2022,H,,Read for the first time and referred to the House of Representatives committee on Insurance,INS,,,,
HB78,Rich,Regular Session 2022,02/09/2022,H,,Read for the second time and placed on the calendar  1 amendment,,,,,
HB78,Rich,Regular Session 2022,02/16/2022,H,,Third Reading Passed,,,,,
HB78,Rich,Regular Session 2022,02/16/2022,H,217150-2,Insurance  Amendment Offered,,,,,
HB78,Rich,Regular Session 2022,02/16/2022,H,,Motion to Adopt adopted Roll Call 217,,,,,Roll 217
HB78,Rich,Regular Session 2022,02/16/2022,H,,Motion to Read a Third Time and Pass adopted Roll Call 218,,,,,Roll 218
HB78,Rich,Regular Session 2022,02/16/2022,H,,Engrossed,,,,,
HB78,Rich,Regular Session 2022,02/17/2022,S,,Read for the first time and referred to the Senate committee on Banking and Insurance,B&I,,,,
HB78,Rich,Regular Session 2022,02/23/2022,S,,Read for the second time and placed on the calendar,,0,11,,
HB78,Rich,Regular Session 2022,03/09/2022,S,,Third Reading Passed,,,,,
HB78,Rich,Regular Session 2022,03/09/2022,S,,Motion to Read a Third Time and Pass adopted Roll Call 511,,,,,Roll 511
HB78,Rich,Regular Session 2022,03/09/2022,H,,Passed Second House,,,,,
HB78,Rich,Regular Session 2022,03/09/2022,H,,Enrolled,,,,,
HB78,Rich,Regular Session 2022,03/10/2022,S,,Signature Requested,,,,,
HB78,Rich,Regular Session 2022,03/10/2022,H,,Clerk of the House Certification,,,,,
HB78,Rich,Regular Session 2022,,H,,Assigned Act No. 2022-151.,,,,,
HB78,Rich,Regular Session 2022,,H,,"Delivered to Governor at 9:30 a.m. on March 10, 2022.",,,,,
HB79,Lee,Regular Session 2022,01/11/2022,H,,Read for the first time and referred to the House of Representatives committee on Local Legislation,LL,,,,
HB79,Lee,Regular Session 2022,02/03/2022,H,,Read for the second time and placed on the calendar,,,,,
HB79,Lee,Regular Session 2022,02/08/2022,H,,Third Reading Passed,,,,,
HB79,Lee,Regular Session 2022,02/08/2022,H,,Motion to Read a Third Time and Pass adopted Roll Call 39,,,,,Roll 39
HB79,Lee,Regular Session 2022,02/08/2022,H,,"Grimsley intended to vote ""Yea""",,,,,
HB79,Lee,Regular Session 2022,02/08/2022,S,,Read for the first time and referred to the Senate committee on Local Legislation,LL1,,,,
HB79,Lee,Regular Session 2022,03/15/2022,S,,Read for the second time and placed on the calendar,,,,,
HB79,Lee,Regular Session 2022,03/17/2022,S,,Third Reading Passed,,,,,
HB79,Lee,Regular Session 2022,03/17/2022,S,,Motion to Read a Third Time and Pass adopted Roll Call 628,,,,,Roll 628
HB79,Lee,Regular Session 2022,03/17/2022,H,,Passed Second House,,,,,
HB79,Lee,Regular Session 2022,03/17/2022,S,,Signature Requested,,,,,
HB79,Lee,Regular Session 2022,03/17/2022,H,,Enrolled,,,,,
HB79,Lee,Regular Session 2022,03/17/2022,H,,Clerk of the House Certification,,,,,
HB79,Lee,Regular Session 2022,,H,,Assigned Act No. 2022-169.,,,,,
HB79,Lee,Regular Session 2022,,H,,"Delivered to Governor at 1:49 p.m. on March 17, 2022.",,,,,
HB80,Lee,Regular Session 2022,01/11/2022,H,,Read for the first time and referred to the House of Representatives committee on Local Legislation,LL,,,,
HB80,Lee,Regular Session 2022,02/03/2022,H,,Read for the second time and placed on the calendar,,,,,
HB80,Lee,Regular Session 2022,02/08/2022,H,,Third Reading Passed,,,,,
HB80,Lee,Regular Session 2022,02/08/2022,H,,Motion to Read a Third Time and Pass adopted Roll Call 41,,,,,Roll 41
HB80,Lee,Regular Session 2022,02/08/2022,H,,"Grimsley intended to vote ""Yea""",,,,,
HB80,Lee,Regular Session 2022,02/08/2022,S,,Read for the first time and referred to the Senate committee on Local Legislation,LL1,,,,
HB80,Lee,Regular Session 2022,02/23/2022,S,,Read for the second time and placed on the calendar,,,,,
HB80,Lee,Regular Session 2022,02/24/2022,S,,Third Reading Passed,,,,,
HB80,Lee,Regular Session 2022,02/24/2022,S,,Motion to Read a Third Time and Pass adopted Roll Call 407,,,,,Roll 407
HB80,Lee,Regular Session 2022,02/24/2022,H,,Passed Second House,,,,,
HB80,Lee,Regular Session 2022,02/24/2022,H,,Enrolled,,,,,
HB80,Lee,Regular Session 2022,03/01/2022,S,,Signature Requested,,,,,
HB80,Lee,Regular Session 2022,03/01/2022,H,,Clerk of the House Certification,,,,,
HB80,Lee,Regular Session 2022,,H,,Assigned Act No. 2022-94.,,,,,
HB80,Lee,Regular Session 2022,,H,,"Delivered to Governor at 3:00 p.m. on March 1, 2022.",,,,,
HB81,Garrett,Regular Session 2022,01/11/2022,H,,Read for the first time and referred to the House of Representatives committee on Jefferson County Legislation,JCL,,,,
HB81,Garrett,Regular Session 2022,02/09/2022,H,,Read for the second time and placed on the calendar,,,,,
HB81,Garrett,Regular Session 2022,02/10/2022,H,,Third Reading Passed,,,,,
HB81,Garrett,Regular Session 2022,02/10/2022,H,,Motion to Read a Third Time and Pass adopted Roll Call 112,,,,,Roll 112
HB81,Garrett,Regular Session 2022,02/10/2022,S,,Read for the first time and referred to the Senate committee on Jefferson County Legislation,LLJ,,,,
HB81,Garrett,Regular Session 2022,02/23/2022,S,,Read for the second time and placed on the calendar,,0,5,0,
HB81,Garrett,Regular Session 2022,02/24/2022,S,,Third Reading Passed,,,,,
HB81,Garrett,Regular Session 2022,02/24/2022,S,,Motion to Read a Third Time and Pass adopted Roll Call 418,,,,,Roll 418
HB81,Garrett,Regular Session 2022,02/24/2022,H,,Passed Second House,,,,,
HB81,Garrett,Regular Session 2022,02/24/2022,H,,Enrolled,,,,,
HB81,Garrett,Regular Session 2022,03/01/2022,S,,Signature Requested,,,,,
HB81,Garrett,Regular Session 2022,03/01/2022,H,,Clerk of the House Certification,,,,,
HB81,Garrett,Regular Session 2022,,H,,Assigned Act No. 2022-81.,,,,,
HB81,Garrett,Regular Session 2022,,H,,"Delivered to Governor at 3:00 p.m. on March 1, 2022.",,,,,
HB82,Garrett,Regular Session 2022,01/11/2022,H,,Read for the first time and referred to the House of Representatives committee on Ways and Means Education,W&ME,,,,
HB82,Garrett,Regular Session 2022,02/02/2022,H,,Read for the second time and placed on the calendar  1 amendment,,,,,
HB82,Garrett,Regular Session 2022,02/03/2022,H,,Third Reading Passed,,,,,
HB82,Garrett,Regular Session 2022,02/03/2022,H,216766-2,Ways and Means Education  Amendment Offered,,,,,
HB82,Garrett,Regular Session 2022,02/03/2022,H,,Motion to Adopt adopted Roll Call 28,,,,,Roll 28
HB82,Garrett,Regular Session 2022,02/03/2022,H,,Motion to Read a Third Time and Pass adopted Roll Call 29,,,,,Roll 29
HB82,Garrett,Regular Session 2022,02/03/2022,H,,"Morris intended to vote ""Yea""",,,,,
HB82,Garrett,Regular Session 2022,02/03/2022,H,,Engrossed,,,,,
HB82,Garrett,Regular Session 2022,02/03/2022,S,,Read for the first time and referred to the Senate committee on Finance and Taxation Education,F&TE,,,,
HB82,Garrett,Regular Session 2022,02/16/2022,S,,Read for the second time and placed on the calendar,,0,10,0,
HB82,Garrett,Regular Session 2022,02/17/2022,S,,Third Reading Passed,,,,,
HB82,Garrett,Regular Session 2022,02/17/2022,S,,Motion to Read a Third Time and Pass adopted Roll Call 336,,,,,Roll 336
HB82,Garrett,Regular Session 2022,02/22/2022,H,,Passed Second House,,,,,
HB82,Garrett,Regular Session 2022,02/22/2022,S,,Signature Requested,,,,,
HB82,Garrett,Regular Session 2022,02/22/2022,H,,Enrolled,,,,,
HB82,Garrett,Regular Session 2022,02/22/2022,H,,Clerk of the House Certification,,,,,
HB82,Garrett,Regular Session 2022,,H,,"Delivered to Governor at 3:19 p.m. on February 22, 2022.",,,,,
HB82,Garrett,Regular Session 2022,,H,,Assigned Act No. 2022-53.,,,,,
HB83,Garrett,Regular Session 2022,01/11/2022,H,,Read for the first time and referred to the House of Representatives committee on State Government,SG,,,,
HB83,Garrett,Regular Session 2022,02/09/2022,H,,Read for the second time and placed on the calendar,,,,,
HB83,Garrett,Regular Session 2022,03/29/2022,H,,Third Reading Passed,,,,,
HB83,Garrett,Regular Session 2022,03/29/2022,H,,Motion to Read a Third Time and Pass adopted Roll Call 739,,,,,Roll 739
HB83,Garrett,Regular Session 2022,03/29/2022,S,,Read for the first time and referred to the Senate committee on Governmental Affairs,GA,,,,
HB83,Garrett,Regular Session 2022,04/05/2022,S,,Read for the second time and placed on the calendar,,0,8,,
HB83,Garrett,Regular Session 2022,,S,,Pending third reading on day 28 Favorable from Governmental Affairs,,,,,
HB84,Garrett,Regular Session 2022,01/11/2022,H,,Read for the first time and referred to the House of Representatives committee on State Government,SG,,,,
HB84,Garrett,Regular Session 2022,02/09/2022,H,,Read for the second time and placed on the calendar,,,,,
HB84,Garrett,Regular Session 2022,03/29/2022,H,,Third Reading Passed,,,,,
HB84,Garrett,Regular Session 2022,03/29/2022,H,,Motion to Read a Third Time and Pass adopted Roll Call 741,,,,,Roll 741
HB84,Garrett,Regular Session 2022,03/29/2022,S,,Read for the first time and referred to the Senate committee on Governmental Affairs,GA,,,,
HB84,Garrett,Regular Session 2022,04/05/2022,S,,Read for the second time and placed on the calendar,,0,8,,
HB84,Garrett,Regular Session 2022,,S,,Pending third reading on day 28 Favorable from Governmental Affairs,,,,,
HB85,Garrett,Regular Session 2022,01/11/2022,H,,Read for the first time and referred to the House of Representatives committee on State Government,SG,,,,
HB85,Garrett,Regular Session 2022,02/09/2022,H,,Read for the second time and placed on the calendar,,,,,
HB85,Garrett,Regular Session 2022,03/31/2022,H,,Third Reading Passed,,,,,
HB85,Garrett,Regular Session 2022,03/31/2022,H,219621-1,Garrett  Amendment Offered,,,,,
HB85,Garrett,Regular Session 2022,03/31/2022,H,,Motion to Adopt adopted Roll Call 871,,,,,Roll 871
HB85,Garrett,Regular Session 2022,03/31/2022,H,,Motion to Read a Third Time and Pass adopted Roll Call 872,,,,,Roll 872
HB85,Garrett,Regular Session 2022,03/31/2022,H,,Engrossed,,,,,
HB85,Garrett,Regular Session 2022,04/05/2022,S,,Read for the first time and referred to the Senate committee on Fiscal Responsibility and Economic Development,FRED,,,,
HB85,Garrett,Regular Session 2022,04/06/2022,S,,Read for the second time and placed on the calendar,,0,7,,
HB85,Garrett,Regular Session 2022,,S,,Pending third reading on day 29 Favorable from Fiscal Responsibility and Economic Development,,,,,
HB86,Shedd,Regular Session 2022,01/11/2022,H,,Read for the first time and referred to the House of Representatives committee on Local Legislation,LL,,,,
HB86,Shedd,Regular Session 2022,02/02/2022,H,,Read for the second time and placed on the calendar,,,,,
HB86,Shedd,Regular Session 2022,02/03/2022,H,,Third Reading Passed,,,,,
HB86,Shedd,Regular Session 2022,02/03/2022,H,,Motion to Read a Third Time and Pass adopted Roll Call 14,,,,,Roll 14
HB86,Shedd,Regular Session 2022,02/03/2022,H,,Motion to Local Application adopted Roll Call 15,,,,,Roll 15
HB86,Shedd,Regular Session 2022,02/03/2022,H,,"Hanes intended to vote ""Yea""",,,,,
HB86,Shedd,Regular Session 2022,02/03/2022,S,,Read for the first time and referred to the Senate committee on Local Legislation,LL1,,,,
HB86,Shedd,Regular Session 2022,02/17/2022,S,,Read for the second time and placed on the calendar,,,,,
HB86,Shedd,Regular Session 2022,02/22/2022,S,,Third Reading Passed,,,,,
HB86,Shedd,Regular Session 2022,02/22/2022,S,,Motion to Read a Third Time and Pass adopted Roll Call 351,,,,,Roll 351
HB86,Shedd,Regular Session 2022,02/22/2022,S,,Gudger motion to ADOPT Local Application Resolution adopted Roll Call 352,,,,,Roll 352
HB86,Shedd,Regular Session 2022,02/22/2022,H,,Passed Second House,,,,,
HB86,Shedd,Regular Session 2022,02/22/2022,H,,Enrolled,,,,,
HB86,Shedd,Regular Session 2022,02/22/2022,S,,Signature Requested,,,,,
HB86,Shedd,Regular Session 2022,02/22/2022,H,,Clerk of the House Certification,,,,,
HB86,Shedd,Regular Session 2022,,H,,"Delivered to Secretary of State at 3:54 p.m. on February 22, 2022.",,,,,
HB86,Shedd,Regular Session 2022,,H,,Assigned Act No. 2022-36.,,,,,
HB87,Treadaway,Regular Session 2022,01/11/2022,H,,Read for the first time and referred to the House of Representatives committee on Jefferson County Legislation,JCL,,,,
HB87,Treadaway,Regular Session 2022,02/09/2022,H,,Read for the second time and placed on the calendar,,,,,
HB87,Treadaway,Regular Session 2022,02/10/2022,H,,Third Reading Passed,,,,,
HB87,Treadaway,Regular Session 2022,02/10/2022,H,,Motion to Read a Third Time and Pass adopted Roll Call 114,,,,,Roll 114
HB87,Treadaway,Regular Session 2022,02/10/2022,S,,Read for the first time and referred to the Senate committee on Jefferson County Legislation,LLJ,,,,
HB87,Treadaway,Regular Session 2022,02/23/2022,S,,Read for the second time and placed on the calendar,,0,5,0,
HB87,Treadaway,Regular Session 2022,02/24/2022,S,,Third Reading Passed,,,,,
HB87,Treadaway,Regular Session 2022,02/24/2022,S,,Motion to Read a Third Time and Pass adopted Roll Call 420,,,,,Roll 420
HB87,Treadaway,Regular Session 2022,02/24/2022,H,,Passed Second House,,,,,
HB87,Treadaway,Regular Session 2022,02/24/2022,H,,Enrolled,,,,,
HB87,Treadaway,Regular Session 2022,03/01/2022,S,,Signature Requested,,,,,
HB87,Treadaway,Regular Session 2022,03/01/2022,H,,Clerk of the House Certification,,,,,
HB87,Treadaway,Regular Session 2022,,H,,Assigned Act No. 2022-82.,,,,,
HB87,Treadaway,Regular Session 2022,,H,,"Delivered to Governor at 3:00 p.m. on March 1, 2022.",,,,,
HB88,Coleman,Regular Session 2022,01/11/2022,H,,Read for the first time and referred to the House of Representatives committee on Jefferson County Legislation,JCL,,,,
HB88,Coleman,Regular Session 2022,02/09/2022,H,,Read for the second time and placed on the calendar,,,,,
HB88,Coleman,Regular Session 2022,02/10/2022,H,,Third Reading Passed,,,,,
HB88,Coleman,Regular Session 2022,02/10/2022,H,,Motion to Read a Third Time and Pass adopted Roll Call 116,,,,,Roll 116
HB88,Coleman,Regular Session 2022,02/10/2022,S,,Read for the first time and referred to the Senate committee on Jefferson County Legislation,LLJ,,,,
HB88,Coleman,Regular Session 2022,02/23/2022,S,,Read for the second time and placed on the calendar,,0,5,0,
HB88,Coleman,Regular Session 2022,02/24/2022,S,,Third Reading Passed,,,,,
HB88,Coleman,Regular Session 2022,02/24/2022,S,,Motion to Read a Third Time and Pass adopted Roll Call 422,,,,,Roll 422
HB88,Coleman,Regular Session 2022,02/24/2022,H,,Passed Second House,,,,,
HB88,Coleman,Regular Session 2022,02/24/2022,H,,Enrolled,,,,,
HB88,Coleman,Regular Session 2022,03/01/2022,S,,Signature Requested,,,,,
HB88,Coleman,Regular Session 2022,03/01/2022,H,,Clerk of the House Certification,,,,,
HB88,Coleman,Regular Session 2022,,H,,Assigned Act No. 2022-83.,,,,,
HB88,Coleman,Regular Session 2022,,H,,"Delivered to Governor at 3:00 p.m. on March 1, 2022.",,,,,
HB89,Ball,Regular Session 2022,01/11/2022,H,,Read for the first time and referred to the House of Representatives committee on Ethics and Campaign Finance,E&CF,,,,
HB90,Ingram,Regular Session 2022,01/11/2022,H,,Read for the first time and referred to the House of Representatives committee on Commerce and Small Business,C&SB,,,,
HB90,Ingram,Regular Session 2022,02/09/2022,H,,Read for the second time and placed on the calendar,,,,,
HB90,Ingram,Regular Session 2022,,H,,Pending third reading on day 9 Favorable from Commerce and Small Business,,,,,
HB91,Ingram,Regular Session 2022,01/11/2022,H,,Read for the first time and referred to the House of Representatives committee on County and Municipal Government,C&MG,,,,
HB91,Ingram,Regular Session 2022,02/09/2022,H,,Read for the second time and placed on the calendar  1 amendment,,,,,
HB91,Ingram,Regular Session 2022,03/15/2022,H,,Third Reading Passed,,,,,
HB91,Ingram,Regular Session 2022,03/15/2022,H,217338-2,County and Municipal Government  Amendment Offered,,,,,
HB91,Ingram,Regular Session 2022,03/15/2022,H,,Motion to Adopt adopted Roll Call 620,,,,,Roll 620
HB91,Ingram,Regular Session 2022,03/15/2022,H,,Motion to Read a Third Time and Pass adopted Roll Call 621,,,,,Roll 621
HB91,Ingram,Regular Session 2022,03/15/2022,H,,Engrossed,,,,,
HB91,Ingram,Regular Session 2022,03/15/2022,S,,Read for the first time and referred to the Senate committee on Governmental Affairs,GA,,,,
HB91,Ingram,Regular Session 2022,03/29/2022,S,,Read for the second time and placed on the calendar,,0,10,,
HB91,Ingram,Regular Session 2022,04/05/2022,S,,Third Reading Passed,,,,,
HB91,Ingram,Regular Session 2022,04/05/2022,S,,Motion to Read a Third Time and Pass adopted Roll Call 927,,,,,Roll 927
HB91,Ingram,Regular Session 2022,04/05/2022,H,,Passed Second House,,,,,
HB91,Ingram,Regular Session 2022,04/05/2022,H,,Clerk of the House Certification,,,,,
HB91,Ingram,Regular Session 2022,04/05/2022,S,,Signature Requested,,,,,
HB91,Ingram,Regular Session 2022,04/05/2022,H,,Enrolled,,,,,
HB91,Ingram,Regular Session 2022,,H,,Assigned Act No. 2022-342.,,,,,
HB91,Ingram,Regular Session 2022,,H,,"Forwarded to Governor on April 5, 2022 at 5:14 p.m. on April 5, 2022.",,,,,
HB92,Bracy,Regular Session 2022,01/11/2022,H,,Read for the first time and referred to the House of Representatives committee on State Government,SG,,,,
HB92,Bracy,Regular Session 2022,02/09/2022,H,,Read for the second time and placed on the calendar,,,,,
HB92,Bracy,Regular Session 2022,02/15/2022,H,,Third Reading Passed,,,,,
HB92,Bracy,Regular Session 2022,02/15/2022,H,,Motion to Read a Third Time and Pass adopted Roll Call 154,,,,,Roll 154
HB92,Bracy,Regular Session 2022,02/15/2022,H,,"Robbins intended to vote ""Yea""",,,,,
HB92,Bracy,Regular Session 2022,02/15/2022,S,,Read for the first time and referred to the Senate committee on Governmental Affairs,GA,,,,
HB92,Bracy,Regular Session 2022,03/29/2022,S,,Read for the second time and placed on the calendar,,0,11,,
HB92,Bracy,Regular Session 2022,04/05/2022,S,,Third Reading Passed,,,,,
HB92,Bracy,Regular Session 2022,04/05/2022,S,,Motion to Read a Third Time and Pass adopted Roll Call 931,,,,,Roll 931
HB92,Bracy,Regular Session 2022,04/05/2022,H,,Passed Second House,,,,,
HB92,Bracy,Regular Session 2022,04/05/2022,H,,Clerk of the House Certification,,,,,
HB92,Bracy,Regular Session 2022,04/05/2022,S,,Signature Requested,,,,,
HB92,Bracy,Regular Session 2022,04/05/2022,H,,Enrolled,,,,,
HB92,Bracy,Regular Session 2022,,H,,Assigned Act No. 2022-343.,,,,,
HB92,Bracy,Regular Session 2022,,H,,"Forwarded to Governor on April 5, 2022 at 5:14 p.m. on April 5, 2022.",,,,,
HB93,Givan,Regular Session 2022,01/11/2022,H,,Read for the first time and referred to the House of Representatives committee on Jefferson County Legislation,JCL,,,,
HB93,Givan,Regular Session 2022,02/09/2022,H,,Read for the second time and placed on the calendar,,,,,
HB93,Givan,Regular Session 2022,02/10/2022,H,,Third Reading Passed,,,,,
HB93,Givan,Regular Session 2022,02/10/2022,H,,Motion to Read a Third Time and Pass adopted Roll Call 108,,,,,Roll 108
HB93,Givan,Regular Session 2022,02/10/2022,S,,Read for the first time and referred to the Senate committee on Jefferson County Legislation,LLJ,,,,
HB94,Brown (K),Regular Session 2022,01/11/2022,H,,"Read for the first time and referred to the House of Representatives committee on Boards, Agencies and Commissions",BA&C,,,,
HB94,Brown (K),Regular Session 2022,02/09/2022,H,,Read for the second time and placed on the calendar,,,,,
HB94,Brown (K),Regular Session 2022,03/09/2022,H,,Third Reading Passed,,,,,
HB94,Brown (K),Regular Session 2022,03/09/2022,H,,Motion to Read a Third Time and Pass adopted Roll Call 550,,,,,Roll 550
HB94,Brown (K),Regular Session 2022,03/10/2022,S,,Read for the first time and referred to the Senate committee on Banking and Insurance,B&I,,,,
HB94,Brown (K),Regular Session 2022,03/17/2022,S,,Read for the second time and placed on the calendar,,0,10,,
HB94,Brown (K),Regular Session 2022,04/05/2022,S,,Third Reading Passed,,,,,
HB94,Brown (K),Regular Session 2022,04/05/2022,S,,Motion to Read a Third Time and Pass adopted Roll Call 937,,,,,Roll 937
HB94,Brown (K),Regular Session 2022,04/05/2022,H,,Passed Second House,,,,,
HB94,Brown (K),Regular Session 2022,04/05/2022,H,,Clerk of the House Certification,,,,,
HB94,Brown (K),Regular Session 2022,04/05/2022,H,,Enrolled,,,,,
HB94,Brown (K),Regular Session 2022,04/05/2022,S,,Signature Requested,,,,,
HB94,Brown (K),Regular Session 2022,,H,,Assigned Act No. 2022-361.,,,,,
HB94,Brown (K),Regular Session 2022,,H,,Forwarded to Executive Department,,,,,
HB95,Gray,Regular Session 2022,01/11/2022,H,,Read for the first time and referred to the House of Representatives committee on Judiciary,JUDY,,,,
HB95,Gray,Regular Session 2022,02/02/2022,H,,Read for the second time and placed on the calendar  1 amendment,,,,,
HB95,Gray,Regular Session 2022,02/15/2022,H,,Third Reading Passed,,,,,
HB95,Gray,Regular Session 2022,02/15/2022,H,216967-2,Judiciary  Amendment Offered,,,,,
HB95,Gray,Regular Session 2022,02/15/2022,H,,Gray motion to Table adopted Roll Call 162,,,,,Roll 162
HB95,Gray,Regular Session 2022,02/15/2022,H,217243-5,Gray first Substitute Offered,,,,,
HB95,Gray,Regular Session 2022,02/15/2022,H,,Motion to Adopt adopted Roll Call 163,,,,,Roll 163
HB95,Gray,Regular Session 2022,02/15/2022,H,217640-1,Clouse  Amendment Offered,,,,,
HB95,Gray,Regular Session 2022,02/15/2022,H,,Motion to Adopt adopted Roll Call 164,,,,,Roll 164
HB95,Gray,Regular Session 2022,02/15/2022,H,217608-1,Chestnut  Amendment Offered,,,,,
HB95,Gray,Regular Session 2022,02/15/2022,H,,Motion to Adopt adopted Roll Call 165,,,,,Roll 165
HB95,Gray,Regular Session 2022,02/15/2022,H,,Motion to Read a Third Time and Pass adopted Roll Call 166,,,,,Roll 166
HB95,Gray,Regular Session 2022,02/15/2022,H,,"Jones (S) intended to vote ""Nay""",,,,,
HB95,Gray,Regular Session 2022,02/15/2022,H,,Engrossed,,,,,
HB95,Gray,Regular Session 2022,02/16/2022,S,,Read for the first time and referred to the Senate committee on Judiciary,JUDY,,,,
HB95,Gray,Regular Session 2022,02/23/2022,S,,Read for the second time and placed on the calendar  2 amendments,,0,9,,
HB95,Gray,Regular Session 2022,04/06/2022,S,,Third Reading Passed,,,,,
HB95,Gray,Regular Session 2022,04/06/2022,S,218012-2,Judiciary  Amendment Offered,,,,,
HB95,Gray,Regular Session 2022,04/06/2022,S,218035-1,Judiciary  Amendment Offered,,,,,
HB95,Gray,Regular Session 2022,04/06/2022,S,,Hatcher motion to Adopt adopted Roll Call 1015,,,,,Roll 1015
HB95,Gray,Regular Session 2022,04/06/2022,S,,Singleton motion to Adopt adopted Roll Call 1016,,,,,Roll 1016
HB95,Gray,Regular Session 2022,04/06/2022,S,,Motion to Read a Third Time and Pass adopted Roll Call 1017,,,,,Roll 1017
HB95,Gray,Regular Session 2022,04/07/2022,H,,Concurrence Requested,,,,,
HB95,Gray,Regular Session 2022,04/07/2022,H,,Gray motion to Concur In and Adopt adopted Roll Call 968,,,,,Roll 968
HB95,Gray,Regular Session 2022,04/07/2022,S,,Concurred in Second House Amendment,,,,,
HB95,Gray,Regular Session 2022,04/07/2022,H,,"Dismukes intended to vote ""Yea""",,,,,
HB95,Gray,Regular Session 2022,04/07/2022,S,,Signature Requested,,,,,
HB95,Gray,Regular Session 2022,04/07/2022,H,,Enrolled,,,,,
HB95,Gray,Regular Session 2022,04/07/2022,H,,Clerk of the House Certification,,,,,
HB95,Gray,Regular Session 2022,04/07/2022,H,,JS,,,,,
HB95,Gray,Regular Session 2022,,H,,Assigned Act No. 2022-386.,,,,,
HB95,Gray,Regular Session 2022,,H,,"Forwarded to Governor on April 7, 2022 at 5:36 p.m. on April 7, 2022.",,,,,
HB96,Gray,Regular Session 2022,01/11/2022,H,,Read for the first time and referred to the House of Representatives committee on Ways and Means Education,W&ME,,,,
HB97,Drummond,Regular Session 2022,01/11/2022,H,,"Read for the first time and referred to the House of Representatives committee on Transportation, Utilities and Infrastructure",TU&I,,,,
HB97,Drummond,Regular Session 2022,02/09/2022,H,,Read for the second time and placed on the calendar,,,,,
HB97,Drummond,Regular Session 2022,02/15/2022,H,,Third Reading Indefinitely Postponed,,,,,
HB97,Drummond,Regular Session 2022,02/15/2022,H,217495-1,Drummond  Amendment Offered,,,,,
HB97,Drummond,Regular Session 2022,02/15/2022,H,,Motion to Adopt adopted Roll Call 148,,,,,Roll 148
HB97,Drummond,Regular Session 2022,02/15/2022,H,,Drummond motion to Substitute SB36 FOR HB97 adopted Voice Vote,,,,,
HB97,Drummond,Regular Session 2022,02/15/2022,H,,Drummond motion to Indefinitely Postpone adopted Voice Vote,,,,,
HB98,Ellis,Regular Session 2022,01/11/2022,H,,Read for the first time and referred to the House of Representatives committee on Ways and Means General Fund,W&MGF,,,,
HB98,Ellis,Regular Session 2022,02/02/2022,H,,Read for the second time and placed on the calendar  1 amendment,,,,,
HB98,Ellis,Regular Session 2022,02/08/2022,H,,Third Reading Passed,,,,,
HB98,Ellis,Regular Session 2022,02/08/2022,H,216423-2,Ways and Means General Fund  Amendment Offered,,,,,
HB98,Ellis,Regular Session 2022,02/08/2022,H,,Motion to Adopt adopted Roll Call 55,,,,,Roll 55
HB98,Ellis,Regular Session 2022,02/08/2022,H,,Motion to Read a Third Time and Pass adopted Roll Call 56,,,,,Roll 56
HB98,Ellis,Regular Session 2022,02/08/2022,H,,Engrossed,,,,,
HB98,Ellis,Regular Session 2022,02/08/2022,S,,Read for the first time and referred to the Senate committee on Finance and Taxation General Fund,F&TG,,,,
HB99,Sells,Regular Session 2022,01/11/2022,H,,Read for the first time and referred to the House of Representatives committee on Local Legislation,LL,,,,
HB99,Sells,Regular Session 2022,02/08/2022,H,,Read for the second time and placed on the calendar,,,,,
HB99,Sells,Regular Session 2022,02/09/2022,H,,Third Reading Passed,,,,,
HB99,Sells,Regular Session 2022,02/09/2022,H,,Motion to Read a Third Time and Pass adopted Roll Call 86,,,,,Roll 86
HB99,Sells,Regular Session 2022,02/09/2022,S,,Read for the first time and referred to the Senate committee on Local Legislation,LL1,,,,
HB99,Sells,Regular Session 2022,03/15/2022,S,,Read for the second time and placed on the calendar,,,,,
HB99,Sells,Regular Session 2022,03/17/2022,S,,Third Reading Passed,,,,,
HB99,Sells,Regular Session 2022,03/17/2022,S,,Motion to Read a Third Time and Pass adopted Roll Call 622,,,,,Roll 622
HB99,Sells,Regular Session 2022,03/17/2022,H,,Passed Second House,,,,,
HB99,Sells,Regular Session 2022,03/17/2022,S,,Signature Requested,,,,,
HB99,Sells,Regular Session 2022,03/17/2022,H,,Enrolled,,,,,
HB99,Sells,Regular Session 2022,03/17/2022,H,,Clerk of the House Certification,,,,,
HB99,Sells,Regular Session 2022,,H,,Assigned Act No. 2022-190.,,,,,
HB99,Sells,Regular Session 2022,,H,,"Delivered to Governor at 1:49 p.m. on March 17, 2022.",,,,,
HB100,Collins,Regular Session 2022,01/11/2022,H,,"Read for the first time and referred to the House of Representatives committee on Boards, Agencies and Commissions",BA&C,,,,
HB100,Collins,Regular Session 2022,02/02/2022,H,,Read for the second time and placed on the calendar,,,,,
HB100,Collins,Regular Session 2022,02/08/2022,H,,Third Reading Passed,,,,,
HB100,Collins,Regular Session 2022,02/08/2022,H,,Motion to Read a Third Time and Pass adopted Roll Call 77,,,,,Roll 77
HB100,Collins,Regular Session 2022,02/08/2022,S,,Read for the first time and referred to the Senate committee on Governmental Affairs,GA,,,,
HB100,Collins,Regular Session 2022,02/15/2022,S,,Read for the second time and placed on the calendar,,0,10,,
HB100,Collins,Regular Session 2022,02/17/2022,S,,Third Reading Passed,,,,,
HB100,Collins,Regular Session 2022,02/17/2022,S,,Motion to Read a Third Time and Pass adopted Roll Call 338,,,,,Roll 338
HB100,Collins,Regular Session 2022,02/22/2022,H,,Passed Second House,,,,,
HB100,Collins,Regular Session 2022,02/22/2022,S,,Signature Requested,,,,,
HB100,Collins,Regular Session 2022,02/22/2022,H,,Enrolled,,,,,
HB100,Collins,Regular Session 2022,02/22/2022,H,,Clerk of the House Certification,,,,,
HB100,Collins,Regular Session 2022,,H,,Assigned Act No. 2022-54.,,,,,
HB100,Collins,Regular Session 2022,,H,,"Delivered to Governor at 3:19 p.m. on February 22, 2022.",,,,,
HB101,Drummond,Regular Session 2022,01/11/2022,H,,Read for the first time and referred to the House of Representatives committee on State Government,SG,,,,
HB102,South,Regular Session 2022,01/11/2022,H,,Read for the first time and referred to the House of Representatives committee on Insurance,INS,,,,
HB102,South,Regular Session 2022,02/09/2022,H,,Read for the second time and placed on the calendar,,,,,
HB102,South,Regular Session 2022,02/16/2022,H,,Third Reading Passed,,,,,
HB102,South,Regular Session 2022,02/16/2022,H,217775-1,South  Amendment Offered,,,,,
HB102,South,Regular Session 2022,02/16/2022,H,,Motion to Adopt adopted Roll Call 187,,,,,Roll 187
HB102,South,Regular Session 2022,02/16/2022,H,,Motion to Read a Third Time and Pass adopted Roll Call 188,,,,,Roll 188
HB102,South,Regular Session 2022,02/16/2022,H,,Engrossed,,,,,
HB102,South,Regular Session 2022,02/17/2022,S,,Read for the first time and referred to the Senate committee on Finance and Taxation General Fund,F&TG,,,,
HB102,South,Regular Session 2022,02/23/2022,S,,Read for the second time and placed on the calendar,,1,14,0,
HB102,South,Regular Session 2022,03/09/2022,S,,Third Reading Passed,,,,,
HB102,South,Regular Session 2022,03/09/2022,S,,Motion to Read a Third Time and Pass adopted Roll Call 519,,,,,Roll 519
HB102,South,Regular Session 2022,03/09/2022,H,,Passed Second House,,,,,
HB102,South,Regular Session 2022,03/09/2022,H,,Enrolled,,,,,
HB102,South,Regular Session 2022,03/10/2022,S,,Signature Requested,,,,,
HB102,South,Regular Session 2022,03/10/2022,H,,Clerk of the House Certification,,,,,
HB102,South,Regular Session 2022,,H,,Assigned Act No. 2022-148.,,,,,
HB102,South,Regular Session 2022,,H,,"Delivered to Governor at 9:30 a.m. on March 10, 2022.",,,,,
HB103,Clarke,Regular Session 2022,01/11/2022,H,,"Read for the first time and referred to the House of Representatives committee on Constitution, Campaigns and Elections",CC&E,,,,
HB104,Gaston,Regular Session 2022,01/11/2022,H,,Read for the first time and referred to the House of Representatives committee on Judiciary,JUDY,,,,
HB104,Gaston,Regular Session 2022,02/02/2022,H,,Read for the second time and placed on the calendar,,,,,
HB104,Gaston,Regular Session 2022,02/09/2022,H,,Third Reading Passed,,,,,
HB104,Gaston,Regular Session 2022,02/09/2022,H,,Motion to Read a Third Time and Pass adopted Roll Call 98,,,,,Roll 98
HB104,Gaston,Regular Session 2022,02/10/2022,S,,Read for the first time and referred to the Senate committee on Judiciary,JUDY,,,,
HB104,Gaston,Regular Session 2022,03/17/2022,S,,Read for the second time and placed on the calendar,,0,9,,
HB104,Gaston,Regular Session 2022,04/06/2022,S,,Third Reading Passed,,,,,
HB104,Gaston,Regular Session 2022,04/06/2022,S,,Motion to Read a Third Time and Pass adopted Roll Call 1025,,,,,Roll 1025
HB104,Gaston,Regular Session 2022,04/06/2022,H,,Passed Second House,,,,,
HB104,Gaston,Regular Session 2022,04/06/2022,H,,Enrolled,,,,,
HB104,Gaston,Regular Session 2022,04/07/2022,S,,Signature Requested,,,,,
HB104,Gaston,Regular Session 2022,04/07/2022,H,,Clerk of the House Certification,,,,,
HB104,Gaston,Regular Session 2022,,H,,Assigned Act No. 2022-382.,,,,,
HB104,Gaston,Regular Session 2022,,H,,"Delivered to Governor at 9:46 a.m. on April 7, 2022.",,,,,
HB105,Gaston,Regular Session 2022,01/11/2022,H,,Read for the first time and referred to the House of Representatives committee on Judiciary,JUDY,,,,
HB105,Gaston,Regular Session 2022,02/02/2022,H,,Read for the second time and placed on the calendar  2 amendments,,,,,
HB105,Gaston,Regular Session 2022,02/09/2022,H,,Third Reading Passed,,,,,
HB105,Gaston,Regular Session 2022,02/09/2022,H,216700-4,Judiciary  Amendment #1 Offered,,,,,
HB105,Gaston,Regular Session 2022,02/09/2022,H,,Motion to Adopt adopted Roll Call 100,,,,,Roll 100
HB105,Gaston,Regular Session 2022,02/09/2022,H,216855-3,Judiciary  Amendment #2 Offered,,,,,
HB105,Gaston,Regular Session 2022,02/09/2022,H,,Motion to Adopt adopted Roll Call 101,,,,,Roll 101
HB105,Gaston,Regular Session 2022,02/09/2022,H,217350-1,Gaston  Amendment Offered,,,,,
HB105,Gaston,Regular Session 2022,02/09/2022,H,,Motion to Adopt adopted Roll Call 102,,,,,Roll 102
HB105,Gaston,Regular Session 2022,02/09/2022,H,,Motion to Read a Third Time and Pass adopted Roll Call 103,,,,,Roll 103
HB105,Gaston,Regular Session 2022,02/09/2022,H,,Cosponsors Added,,,,,Roll 104
HB105,Gaston,Regular Session 2022,02/09/2022,H,,Engrossed,,,,,
HB105,Gaston,Regular Session 2022,02/10/2022,S,,Read for the first time and referred to the Senate committee on Judiciary,JUDY,,,,
HB105,Gaston,Regular Session 2022,02/23/2022,S,,Read for the second time and placed on the calendar  1 amendment,,0,9,,
HB105,Gaston,Regular Session 2022,03/09/2022,S,,Third Reading Passed,,,,,
HB105,Gaston,Regular Session 2022,03/09/2022,S,217595-2,Judiciary  Amendment Offered,,,,,
HB105,Gaston,Regular Session 2022,03/09/2022,S,,Figures motion to Adopt adopted Roll Call 524,,,,,Roll 524
HB105,Gaston,Regular Session 2022,03/09/2022,S,218314-1,Figures  Amendment Offered,,,,,
HB105,Gaston,Regular Session 2022,03/09/2022,S,,Figures motion to Adopt adopted Roll Call 525,,,,,Roll 525
HB105,Gaston,Regular Session 2022,03/09/2022,S,,Motion to Read a Third Time and Pass adopted Roll Call 526,,,,,Roll 526
HB105,Gaston,Regular Session 2022,03/15/2022,H,,Concurrence Requested,,,,,
HB105,Gaston,Regular Session 2022,03/15/2022,H,,Gaston motion to Concur In and Adopt adopted Roll Call 618,,,,,Roll 618
HB105,Gaston,Regular Session 2022,03/15/2022,S,,Concurred in Second House Amendment,,,,,
HB105,Gaston,Regular Session 2022,03/15/2022,H,,Enrolled,,,,,
HB105,Gaston,Regular Session 2022,03/15/2022,S,,Signature Requested,,,,,
HB105,Gaston,Regular Session 2022,03/15/2022,H,,Clerk of the House Certification,,,,,
HB105,Gaston,Regular Session 2022,,H,,Assigned Act No. 2022-161.,,,,,
HB105,Gaston,Regular Session 2022,,H,,"Delivered to Governor at 3:41 p.m. on March 15, 2022.",,,,,
HB106,Ellis,Regular Session 2022,01/11/2022,H,,Read for the first time and referred to the House of Representatives committee on County and Municipal Government,C&MG,,,,
HB107,South,Regular Session 2022,01/11/2022,H,,"Read for the first time and referred to the House of Representatives committee on Transportation, Utilities and Infrastructure",TU&I,,,,
HB107,South,Regular Session 2022,02/09/2022,H,,Read for the second time and placed on the calendar,,,,,
HB107,South,Regular Session 2022,02/16/2022,H,,Third Reading Passed,,,,,
HB107,South,Regular Session 2022,02/16/2022,H,,Motion to Read a Third Time and Pass adopted Roll Call 185,,,,,Roll 185
HB107,South,Regular Session 2022,02/17/2022,S,,Read for the first time and referred to the Senate committee on Transportation and Energy,T&E,,,,
HB108,Baker,Regular Session 2022,01/11/2022,H,,"Read for the first time and referred to the House of Representatives committee on Boards, Agencies and Commissions",BA&C,,,,
HB108,Baker,Regular Session 2022,02/02/2022,H,,Read for the second time and placed on the calendar,,,,,
HB108,Baker,Regular Session 2022,02/09/2022,H,,Third Reading Passed,,,,,
HB108,Baker,Regular Session 2022,02/09/2022,H,,Motion to Read a Third Time and Pass adopted Roll Call 90,,,,,Roll 90
HB108,Baker,Regular Session 2022,02/10/2022,S,,Read for the first time and referred to the Senate committee on Governmental Affairs,GA,,,,
HB108,Baker,Regular Session 2022,02/15/2022,S,,Read for the second time and placed on the calendar,,0,10,,
HB108,Baker,Regular Session 2022,03/17/2022,S,,Third Reading Passed,,,,,
HB108,Baker,Regular Session 2022,03/17/2022,S,217931-1,Givhan  Amendment Offered,,,,,
HB108,Baker,Regular Session 2022,03/17/2022,S,,Givhan motion to Adopt adopted Roll Call 685,,,,,Roll 685
HB108,Baker,Regular Session 2022,03/17/2022,S,,Motion to Read a Third Time and Pass adopted Roll Call 686,,,,,Roll 686
HB108,Baker,Regular Session 2022,03/29/2022,H,,Concurrence Requested,,,,,
HB108,Baker,Regular Session 2022,03/29/2022,H,,Baker motion to Concur In and Adopt adopted Roll Call 727,,,,,Roll 727
HB108,Baker,Regular Session 2022,03/29/2022,S,,Concurred in Second House Amendment,,,,,
HB108,Baker,Regular Session 2022,03/29/2022,H,,Enrolled,,,,,
HB108,Baker,Regular Session 2022,03/29/2022,S,,Signature Requested,,,,,
HB108,Baker,Regular Session 2022,03/29/2022,H,,Clerk of the House Certification,,,,,
HB108,Baker,Regular Session 2022,,H,,Assigned Act No. 2022-241.,,,,,
HB108,Baker,Regular Session 2022,,H,,"Forwarded to Governor at 3:51 p.m. on Msrch 29, 2022.",,,,,
HB109,Sorrells,Regular Session 2022,01/11/2022,H,,"Read for the first time and referred to the House of Representatives committee on Boards, Agencies and Commissions",BA&C,,,,
HB109,Sorrells,Regular Session 2022,02/02/2022,H,,Read for the second time and placed on the calendar,,,,,
HB109,Sorrells,Regular Session 2022,02/08/2022,H,,Third Reading Passed,,,,,
HB109,Sorrells,Regular Session 2022,02/08/2022,H,,Motion to Read a Third Time and Pass adopted Roll Call 79,,,,,Roll 79
HB109,Sorrells,Regular Session 2022,02/09/2022,S,,Read for the first time and referred to the Senate committee on Governmental Affairs,GA,,,,
HB109,Sorrells,Regular Session 2022,02/15/2022,S,,Read for the second time and placed on the calendar,,0,10,,
HB109,Sorrells,Regular Session 2022,,S,,Pending third reading on day 11 Favorable from Governmental Affairs,,,,,
HB110,Sorrells,Regular Session 2022,01/11/2022,H,,Read for the first time and referred to the House of Representatives committee on County and Municipal Government,C&MG,,,,
HB110,Sorrells,Regular Session 2022,02/09/2022,H,,Read for the second time and placed on the calendar,,,,,
HB110,Sorrells,Regular Session 2022,,H,,Pending third reading on day 9 Favorable from County and Municipal Government,,,,,
HB111,Ingram,Regular Session 2022,01/11/2022,H,,Read for the first time and referred to the House of Representatives committee on County and Municipal Government,C&MG,,,,
HB111,Ingram,Regular Session 2022,02/23/2022,H,,Read for the second time and placed on the calendar with 1 substitute and,,,,,
HB111,Ingram,Regular Session 2022,,H,217235-3,County and Municipal Government first Substitute Offered,,,,,
HB111,Ingram,Regular Session 2022,,H,,Pending third reading on day 15 Favorable from County and Municipal Government with 1 substitute,,,,,
HB112,Clouse,Regular Session 2022,01/13/2022,H,,Read for the first time and referred to the House of Representatives committee on Ways and Means General Fund,W&MGF,,,,
HB113,Clouse,Regular Session 2022,01/13/2022,H,,Read for the first time and referred to the House of Representatives committee on Ways and Means General Fund,W&MGF,,,,
HB114,Robertson,Regular Session 2022,01/13/2022,H,,Read for the first time and referred to the House of Representatives committee on Judiciary,JUDY,,,,
HB115,Robertson,Regular Session 2022,01/13/2022,H,,Read for the first time and referred to the House of Representatives committee on Ways and Means General Fund,W&MGF,,,,
HB115,Robertson,Regular Session 2022,02/02/2022,H,,Read for the second time and placed on the calendar,,,,,
HB115,Robertson,Regular Session 2022,02/08/2022,H,,Third Reading Passed,,,,,
HB115,Robertson,Regular Session 2022,02/08/2022,H,,Motion to Read a Third Time and Pass adopted Roll Call 53,,,,,Roll 53
HB115,Robertson,Regular Session 2022,02/08/2022,H,,"Sanderford intended to vote ""Yea""",,,,,
HB115,Robertson,Regular Session 2022,02/08/2022,S,,Read for the first time and referred to the Senate committee on Finance and Taxation General Fund,F&TG,,,,
HB115,Robertson,Regular Session 2022,,S,218387-2,Finance and Taxation General Fund first Amendment Offered,,,,,
HB116,Sells,Regular Session 2022,01/13/2022,H,,Read for the first time and referred to the House of Representatives committee on Ways and Means General Fund,W&MGF,,,,
HB117,Lee,Regular Session 2022,01/13/2022,H,,Read for the first time and referred to the House of Representatives committee on Judiciary,JUDY,,,,
HB117,Lee,Regular Session 2022,02/09/2022,H,,Read for the second time and placed on the calendar,,,,,
HB117,Lee,Regular Session 2022,02/16/2022,H,,Third Reading Passed,,,,,
HB117,Lee,Regular Session 2022,02/16/2022,H,216896-1,Lee  Amendment Offered,,,,,
HB117,Lee,Regular Session 2022,02/16/2022,H,,Motion to Adopt adopted Roll Call 197,,,,,Roll 197
HB117,Lee,Regular Session 2022,02/16/2022,H,,Motion to Read a Third Time and Pass adopted Roll Call 198,,,,,Roll 198
HB117,Lee,Regular Session 2022,02/16/2022,H,,Cosponsors Added,,,,,Roll 199
HB117,Lee,Regular Session 2022,02/16/2022,H,,Engrossed,,,,,
HB117,Lee,Regular Session 2022,02/17/2022,S,,Read for the first time and referred to the Senate committee on Judiciary,JUDY,,,,
HB118,Wingo,Regular Session 2022,01/13/2022,H,,Read for the first time and referred to the House of Representatives committee on State Government,SG,,,,
HB119,Isbell,Regular Session 2022,01/13/2022,H,,Read for the first time and referred to the House of Representatives committee on Economic Development and Tourism,ED&T,,,,
HB119,Isbell,Regular Session 2022,02/02/2022,H,,Read for the second time and placed on the calendar,,,,,
HB119,Isbell,Regular Session 2022,02/10/2022,H,,Third Reading Passed,,,,,
HB119,Isbell,Regular Session 2022,02/10/2022,H,217182-1,Ingram  Amendment Offered,,,,,
HB119,Isbell,Regular Session 2022,02/10/2022,H,,Motion to Adopt lost Roll Call 123,,,,,Roll 123
HB119,Isbell,Regular Session 2022,02/10/2022,H,,Motion to Read a Third Time and Pass adopted Roll Call 124,,,,,Roll 124
HB119,Isbell,Regular Session 2022,02/10/2022,S,,Read for the first time and referred to the Senate committee on Tourism,TM,,,,
HB119,Isbell,Regular Session 2022,02/23/2022,S,,Read for the second time and placed on the calendar  1 amendment,,,5,1,
HB119,Isbell,Regular Session 2022,04/05/2022,S,,Third Reading Carried Over to Call of the Chair,,,,,
HB119,Isbell,Regular Session 2022,04/05/2022,S,,Livingston motion to Table adopted Voice Vote,,,,,
HB119,Isbell,Regular Session 2022,04/05/2022,S,,Livingston motion to Carry Over to the Call of the Chair adopted Voice Vote,,,,,
HB119,Isbell,Regular Session 2022,04/05/2022,S,,Third Reading Passed,,,,,
HB119,Isbell,Regular Session 2022,04/05/2022,S,218038-3,Tourism  Amendment Offered,,,,,
HB119,Isbell,Regular Session 2022,04/05/2022,S,,Livingston motion to Table adopted Voice Vote,,,,,
HB119,Isbell,Regular Session 2022,04/05/2022,S,218378-1,Singleton  Amendment Offered,,,,,
HB119,Isbell,Regular Session 2022,04/05/2022,S,,Singleton motion to Adopt adopted Roll Call 964,,,,,Roll 964
HB119,Isbell,Regular Session 2022,04/05/2022,S,,Motion to Read a Third Time and Pass adopted Roll Call 965,,,,,Roll 965
HB119,Isbell,Regular Session 2022,04/06/2022,H,,Concurrence Requested,,,,,
HB119,Isbell,Regular Session 2022,04/06/2022,H,,Isbell motion to Concur In and Adopt adopted Roll Call 954,,,,,Roll 954
HB119,Isbell,Regular Session 2022,04/06/2022,H,,"Clouse intended to vote ""Yea""",,,,,
HB119,Isbell,Regular Session 2022,04/06/2022,H,,Enrolled,,,,,
HB119,Isbell,Regular Session 2022,04/07/2022,S,,Concurred in Second House Amendment,,,,,
HB119,Isbell,Regular Session 2022,04/07/2022,S,,Signature Requested,,,,,
HB119,Isbell,Regular Session 2022,04/07/2022,H,,Clerk of the House Certification,,,,,
HB119,Isbell,Regular Session 2022,,H,,Assigned Act No. 2022-431.,,,,,
HB119,Isbell,Regular Session 2022,,H,,"Delivered to Governor at 9:46 a.m. on April 7, 2022.",,,,,
HB120,Ball,Regular Session 2022,01/13/2022,H,,Read for the first time and referred to the House of Representatives committee on Judiciary,JUDY,,,,
HB121,Garrett,Regular Session 2022,01/13/2022,H,,Read for the first time and referred to the House of Representatives committee on County and Municipal Government,C&MG,,,,
HB121,Garrett,Regular Session 2022,02/02/2022,H,,Read for the second time and placed on the calendar,,,,,
HB121,Garrett,Regular Session 2022,03/09/2022,H,,Third Reading Indefinitely Postponed,,,,,
HB121,Garrett,Regular Session 2022,03/09/2022,H,,Garrett motion to SB178 Substitute FOR HB121 a Companion Bill adopted Voice Vote,,,,,
HB121,Garrett,Regular Session 2022,03/09/2022,H,,Garrett motion to Indefinitely Postpone adopted Voice Vote,,,,,
HB122,Garrett,Regular Session 2022,01/13/2022,H,,"Read for the first time and referred to the House of Representatives committee on Transportation, Utilities and Infrastructure",TU&I,,,,
HB122,Garrett,Regular Session 2022,02/23/2022,H,,Read for the second time and placed on the calendar  1 amendment,,,,,
HB122,Garrett,Regular Session 2022,03/01/2022,H,,Third Reading Passed,,,,,
HB122,Garrett,Regular Session 2022,03/01/2022,H,217369-3,"Transportation, Utilities and Infrastructure  Amendment Offered",,,,,
HB122,Garrett,Regular Session 2022,03/01/2022,H,,Motion to Adopt adopted Roll Call 384,,,,,Roll 384
HB122,Garrett,Regular Session 2022,03/01/2022,H,,Motion to Read a Third Time and Pass adopted Roll Call 385,,,,,Roll 385
HB122,Garrett,Regular Session 2022,03/01/2022,H,,"Drake intended to vote ""Yea""",,,,,
HB122,Garrett,Regular Session 2022,03/01/2022,H,,Engrossed,,,,,
HB122,Garrett,Regular Session 2022,03/02/2022,S,,Read for the first time and referred to the Senate committee on Tourism,TM,,,,
HB123,Ledbetter,Regular Session 2022,01/13/2022,H,,Read for the first time and referred to the House of Representatives committee on Ways and Means Education,W&ME,,,,
HB123,Ledbetter,Regular Session 2022,02/09/2022,H,,Read for the second time and placed on the calendar  1 amendment,,,,,
HB123,Ledbetter,Regular Session 2022,02/16/2022,H,,Third Reading Passed,,,,,
HB123,Ledbetter,Regular Session 2022,02/16/2022,H,217322-2,Ways and Means Education  Amendment Offered,,,,,
HB123,Ledbetter,Regular Session 2022,02/16/2022,H,,Motion to Adopt adopted Roll Call 190,,,,,Roll 190
HB123,Ledbetter,Regular Session 2022,02/16/2022,H,,Motion to Read a Third Time and Pass adopted Roll Call 191,,,,,Roll 191
HB123,Ledbetter,Regular Session 2022,02/16/2022,H,,Engrossed,,,,,
HB123,Ledbetter,Regular Session 2022,02/17/2022,S,,Read for the first time and referred to the Senate committee on Finance and Taxation Education,F&TE,,,,
HB123,Ledbetter,Regular Session 2022,03/29/2022,S,,Read for the second time and placed on the calendar,,0,12,0,
HB123,Ledbetter,Regular Session 2022,04/07/2022,S,,Third Reading Passed,,,,,
HB123,Ledbetter,Regular Session 2022,04/07/2022,S,220015-1,Givhan  Amendment Offered,,,,,
HB123,Ledbetter,Regular Session 2022,04/07/2022,S,,Givhan motion to Adopt adopted Roll Call 1069,,,,,Roll 1069
HB123,Ledbetter,Regular Session 2022,04/07/2022,S,,Motion to Read a Third Time and Pass adopted Roll Call 1070,,,,,Roll 1070
HB123,Ledbetter,Regular Session 2022,04/07/2022,H,,Concurrence Requested,,,,,
HB123,Ledbetter,Regular Session 2022,04/07/2022,H,,"Ledbetter motion to Non Concur and Appoint Conference Committee adopted Roll Call 1003 House appoints Ledbetter, Shedd and Daniels",,,,,Roll 1003
HB123,Ledbetter,Regular Session 2022,04/07/2022,S,,Conference Committee Requested,,,,,
HB123,Ledbetter,Regular Session 2022,04/07/2022,H,,Conference Committee Appointed,,,,,
HB123,Ledbetter,Regular Session 2022,04/07/2022,S,,"Reed motion to Accede adopted Roll Call 1090 P&PO appoints Smitherman, Givhan and Jones",,,,,Roll 1090
HB123,Ledbetter,Regular Session 2022,04/07/2022,H,,Conference Report,,,,,
HB123,Ledbetter,Regular Session 2022,04/07/2022,H,,Ledbetter motion to Concur In and Adopt adopted Roll Call 1026,,,,,Roll 1026
HB123,Ledbetter,Regular Session 2022,04/07/2022,S,,Conference Report Concurrence Requested,,,,,
HB123,Ledbetter,Regular Session 2022,04/07/2022,H,,"Mooney intended to vote ""Yea""",,,,,
HB123,Ledbetter,Regular Session 2022,04/07/2022,S,,Reed motion to Concur In and Adopt adopted Roll Call 1115,,,,,Roll 1115
HB123,Ledbetter,Regular Session 2022,04/07/2022,H,,Concurred in Conference Report,,,,,
HB123,Ledbetter,Regular Session 2022,04/07/2022,S,,Signature Requested,,,,,
HB123,Ledbetter,Regular Session 2022,04/07/2022,H,,Enrolled,,,,,
HB123,Ledbetter,Regular Session 2022,04/07/2022,H,,Clerk of the House Certification,,,,,
HB123,Ledbetter,Regular Session 2022,,H,,Assigned Act No. 2022-442.,,,,,
HB123,Ledbetter,Regular Session 2022,,H,220053-3,Conference Committee on HB123 2022RS first Substitute Offered,,,,,
HB123,Ledbetter,Regular Session 2022,,H,,"Delivered to Governor at  11:59 a.m. on April 7, 2022.",,,,,
HB124,Ledbetter,Regular Session 2022,01/13/2022,H,,Read for the first time and referred to the House of Representatives committee on Education Policy,EP,,,,
HB125,Sorrell,Regular Session 2022,01/13/2022,H,,Read for the first time and referred to the House of Representatives committee on State Government,SG,,,,
HB125,Sorrell,Regular Session 2022,02/09/2022,H,,Read for the second time and placed on the calendar  1 amendment,,,,,
HB125,Sorrell,Regular Session 2022,,H,,Pending third reading on day 9 Favorable from State Government with 1 amendment,,,,,
HB125,Sorrell,Regular Session 2022,,H,217275-2,State Government first Amendment Offered,,,,,
HB126,Sorrell,Regular Session 2022,01/13/2022,H,,Read for the first time and referred to the House of Representatives committee on Health,HLTH,,,,
HB127,Sorrell,Regular Session 2022,01/13/2022,H,,Read for the first time and referred to the House of Representatives committee on Ways and Means General Fund,W&MGF,,,,
HB128,Sorrell,Regular Session 2022,01/13/2022,H,,"Read for the first time and referred to the House of Representatives committee on Constitution, Campaigns and Elections",CC&E,,,,
HB129,Sorrell,Regular Session 2022,01/13/2022,H,,Read for the first time and referred to the House of Representatives committee on State Government,SG,,,,
HB130,Sorrell,Regular Session 2022,01/13/2022,H,,Read for the first time and referred to the House of Representatives committee on Health,HLTH,,,,
HB131,Sorrell,Regular Session 2022,01/13/2022,H,,"Read for the first time and referred to the House of Representatives committee on Constitution, Campaigns and Elections",CC&E,,,,
HB132,Shiver,Regular Session 2022,01/13/2022,H,,Read for the first time and referred to the House of Representatives committee on Baldwin County Legislation,BCL,,,,
HB133,Shiver,Regular Session 2022,01/13/2022,H,,Read for the first time and referred to the House of Representatives committee on Baldwin County Legislation,BCL,,,,
HB134,Baker,Regular Session 2022,01/13/2022,H,,Read for the first time and referred to the House of Representatives committee on Ways and Means Education,W&ME,,,,
HB134,Baker,Regular Session 2022,02/02/2022,H,,Read for the second time and placed on the calendar,,,,,
HB134,Baker,Regular Session 2022,02/03/2022,H,,Third Reading Passed,,,,,
HB134,Baker,Regular Session 2022,02/03/2022,H,,Motion to Read a Third Time and Pass adopted Roll Call 31,,,,,Roll 31
HB134,Baker,Regular Session 2022,02/03/2022,S,,Read for the first time and referred to the Senate committee on Finance and Taxation Education,F&TE,,,,
HB134,Baker,Regular Session 2022,03/30/2022,S,,Read for the second time and placed on the calendar  1 amendment,,0,14,0,
HB134,Baker,Regular Session 2022,03/31/2022,S,,Third Reading Passed,,,,,
HB134,Baker,Regular Session 2022,03/31/2022,S,219369-2,Finance and Taxation Education  Amendment Offered,,,,,
HB134,Baker,Regular Session 2022,03/31/2022,S,,Orr motion to Table adopted Voice Vote,,,,,
HB134,Baker,Regular Session 2022,03/31/2022,S,219635-1,Orr  Amendment Offered,,,,,
HB134,Baker,Regular Session 2022,03/31/2022,S,,Orr motion to Adopt adopted Roll Call 872,,,,,Roll 872
HB134,Baker,Regular Session 2022,03/31/2022,S,,Motion to Read a Third Time and Pass adopted Roll Call 873,,,,,Roll 873
HB134,Baker,Regular Session 2022,03/31/2022,H,,Concurrence Requested,,,,,
HB134,Baker,Regular Session 2022,03/31/2022,H,,Baker motion to Concur In and Adopt adopted Roll Call 819,,,,,Roll 819
HB134,Baker,Regular Session 2022,03/31/2022,S,,Concurred in Second House Amendment,,,,,
HB134,Baker,Regular Session 2022,03/31/2022,H,,Enrolled,,,,,
HB134,Baker,Regular Session 2022,03/31/2022,S,,Signature Requested,,,,,
HB134,Baker,Regular Session 2022,03/31/2022,H,,Clerk of the House Certification,,,,,
HB134,Baker,Regular Session 2022,,H,,Assigned Act No. 2022-222.,,,,,
HB134,Baker,Regular Session 2022,,H,,"Delivered to Governor at 1:13 p.m. on March 31, 2022.",,,,,
HB135,Garrett,Regular Session 2022,01/13/2022,H,,Read for the first time and referred to the House of Representatives committee on Ways and Means Education,W&ME,,,,
HB135,Garrett,Regular Session 2022,03/02/2022,H,,Read for the second time and placed on the calendar with 1 substitute and,,,,,
HB135,Garrett,Regular Session 2022,03/08/2022,H,,Third Reading Passed,,,,,
HB135,Garrett,Regular Session 2022,03/08/2022,H,216385-1,Ways and Means Education first Substitute Offered,,,,,
HB135,Garrett,Regular Session 2022,03/08/2022,H,,Motion to Adopt adopted Roll Call 491,,,,,Roll 491
HB135,Garrett,Regular Session 2022,03/08/2022,H,218591-1,Garrett  Amendment Offered,,,,,
HB135,Garrett,Regular Session 2022,03/08/2022,H,,Motion to Adopt adopted Roll Call 492,,,,,Roll 492
HB135,Garrett,Regular Session 2022,03/08/2022,H,,Motion to Read a Third Time and Pass adopted Roll Call 493,,,,,Roll 493
HB135,Garrett,Regular Session 2022,03/08/2022,H,,Engrossed,,,,,
HB135,Garrett,Regular Session 2022,03/10/2022,S,,Read for the first time and referred to the Senate committee on Finance and Taxation Education,F&TE,,,,
HB135,Garrett,Regular Session 2022,03/30/2022,S,,Read for the second time and placed on the calendar with 1 substitute and,,0,15,0,
HB135,Garrett,Regular Session 2022,03/31/2022,S,,Third Reading Passed,,,,,
HB135,Garrett,Regular Session 2022,03/31/2022,S,219326-1,Finance and Taxation Education first Substitute Offered,,,,,
HB135,Garrett,Regular Session 2022,03/31/2022,S,,Orr motion to Table adopted Voice Vote,,,,,
HB135,Garrett,Regular Session 2022,03/31/2022,S,219630-1,Orr first Substitute Offered,,,,,
HB135,Garrett,Regular Session 2022,03/31/2022,S,,Orr motion to Adopt adopted Roll Call 879,,,,,Roll 879
HB135,Garrett,Regular Session 2022,03/31/2022,S,219667-1,Smitherman  Amendment Offered,,,,,
HB135,Garrett,Regular Session 2022,03/31/2022,S,,Smitherman motion to Adopt adopted Roll Call 880,,,,,Roll 880
HB135,Garrett,Regular Session 2022,03/31/2022,S,,Motion to Read a Third Time and Pass adopted Roll Call 881,,,,,Roll 881
HB135,Garrett,Regular Session 2022,04/06/2022,H,,Concurrence Requested,,,,,
HB135,Garrett,Regular Session 2022,04/06/2022,H,,Garrett motion to Concur In and Adopt adopted Roll Call 929,,,,,Roll 929
HB135,Garrett,Regular Session 2022,04/06/2022,S,,Concurred in Second House Amendment,,,,,
HB135,Garrett,Regular Session 2022,04/06/2022,S,,Signature Requested,,,,,
HB135,Garrett,Regular Session 2022,04/06/2022,H,,Enrolled,,,,,
HB135,Garrett,Regular Session 2022,04/06/2022,H,,Clerk of the House Certification,,,,,
HB135,Garrett,Regular Session 2022,,H,,Assigned Act No. 2022-393.,,,,,
HB135,Garrett,Regular Session 2022,,H,,"Forwarded to Executive Department on April 6, 2022",,,,,
HB136,Garrett,Regular Session 2022,01/13/2022,H,,Read for the first time and referred to the House of Representatives committee on Ways and Means Education,W&ME,,,,
HB136,Garrett,Regular Session 2022,03/02/2022,H,,Read for the second time and placed on the calendar,,,,,
HB136,Garrett,Regular Session 2022,03/08/2022,H,,Third Reading Passed,,,,,
HB136,Garrett,Regular Session 2022,03/08/2022,H,,Motion to Read a Third Time and Pass adopted Roll Call 495,,,,,Roll 495
HB136,Garrett,Regular Session 2022,03/10/2022,S,,Read for the first time and referred to the Senate committee on Finance and Taxation Education,F&TE,,,,
HB136,Garrett,Regular Session 2022,03/30/2022,S,,Read for the second time and placed on the calendar,,0,15,0,
HB136,Garrett,Regular Session 2022,03/31/2022,S,,Third Reading Passed,,,,,
HB136,Garrett,Regular Session 2022,03/31/2022,S,,Motion to Read a Third Time and Pass adopted Roll Call 878,,,,,Roll 878
HB136,Garrett,Regular Session 2022,03/31/2022,H,,Passed Second House,,,,,
HB136,Garrett,Regular Session 2022,03/31/2022,S,,Signature Requested,,,,,
HB136,Garrett,Regular Session 2022,03/31/2022,H,,Enrolled,,,,,
HB136,Garrett,Regular Session 2022,03/31/2022,H,,Clerk of the House Certification,,,,,
HB136,Garrett,Regular Session 2022,,H,,Assigned Act No. 2022-285.,,,,,
HB136,Garrett,Regular Session 2022,,H,,"Forwarded to Executive Department on March 31, 2022 at 12:15 p.m.",,,,,
HB137,Garrett,Regular Session 2022,01/13/2022,H,,Read for the first time and referred to the House of Representatives committee on Ways and Means Education,W&ME,,,,
HB138,Garrett,Regular Session 2022,01/13/2022,H,,Read for the first time and referred to the House of Representatives committee on Ways and Means Education,W&ME,,,,
HB138,Garrett,Regular Session 2022,03/02/2022,H,,Read for the second time and placed on the calendar with 1 substitute and,,,,,
HB138,Garrett,Regular Session 2022,03/08/2022,H,,Third Reading Passed,,,,,
HB138,Garrett,Regular Session 2022,03/08/2022,H,218289-3,Ways and Means Education first Substitute Offered,,,,,
HB138,Garrett,Regular Session 2022,03/08/2022,H,,Motion to Adopt adopted Roll Call 489,,,,,Roll 489
HB138,Garrett,Regular Session 2022,03/08/2022,H,,Motion to Read a Third Time and Pass adopted Roll Call 490,,,,,Roll 490
HB138,Garrett,Regular Session 2022,03/08/2022,H,,Engrossed,,,,,
HB138,Garrett,Regular Session 2022,03/10/2022,S,,Read for the first time and referred to the Senate committee on Finance and Taxation Education,F&TE,,,,
HB138,Garrett,Regular Session 2022,03/30/2022,S,,Read for the second time and placed on the calendar with 1 substitute and,,0,15,0,
HB138,Garrett,Regular Session 2022,03/31/2022,S,,Third Reading Passed,,,,,
HB138,Garrett,Regular Session 2022,03/31/2022,S,219492-2,Finance and Taxation Education first Substitute Offered,,,,,
HB138,Garrett,Regular Session 2022,03/31/2022,S,,Orr motion to Table adopted Voice Vote,,,,,
HB138,Garrett,Regular Session 2022,03/31/2022,S,219627-1,Orr first Substitute Offered,,,,,
HB138,Garrett,Regular Session 2022,03/31/2022,S,,Orr motion to Adopt adopted Roll Call 883,,,,,Roll 883
HB138,Garrett,Regular Session 2022,03/31/2022,S,,Motion to Read a Third Time and Pass adopted Roll Call 884,,,,,Roll 884
HB138,Garrett,Regular Session 2022,04/05/2022,H,,Concurrence Requested,,,,,
HB138,Garrett,Regular Session 2022,04/05/2022,H,,Garrett motion to Non Concur and Appoint Conference Committee adopted Voice Vote 920 House appoints,,,,,
HB138,Garrett,Regular Session 2022,04/05/2022,S,,Conference Committee Requested,,,,,
HB138,Garrett,Regular Session 2022,04/05/2022,S,,"Reed motion to Accede adopted Roll Call 950 P&PO appoints Smitherman, Orr and Marsh P&PO appoints Smitherman, Orr and Marsh",,,,,Roll 950
HB138,Garrett,Regular Session 2022,04/06/2022,H,,Conference Committee Appointed,,,,,
HB138,Garrett,Regular Session 2022,04/06/2022,H,,Conference Report,,,,,
HB138,Garrett,Regular Session 2022,04/06/2022,H,,Garrett motion to Concur In and Adopt adopted Roll Call 928,,,,,Roll 928
HB138,Garrett,Regular Session 2022,04/06/2022,S,,Conference Report Concurrence Requested,,,,,
HB138,Garrett,Regular Session 2022,04/06/2022,S,,Orr motion to Concur In and Adopt adopted Roll Call 1030,,,,,Roll 1030
HB138,Garrett,Regular Session 2022,04/06/2022,H,,Concurred in Conference Report,,,,,
HB138,Garrett,Regular Session 2022,04/06/2022,H,,Enrolled,,,,,
HB138,Garrett,Regular Session 2022,04/07/2022,S,,Signature Requested,,,,,
HB138,Garrett,Regular Session 2022,04/07/2022,H,,Clerk of the House Certification,,,,,
HB138,Garrett,Regular Session 2022,,H,,Assigned Act No. 2022-395.,,,,,
HB138,Garrett,Regular Session 2022,,H,,"Delivered to Governor at 9:46 a.m. on April 7, 2022.",,,,,
HB138,Garrett,Regular Session 2022,,H,219842-2,Conference Committee on HB138 2022RS first Substitute Offered,,,,,
HB139,Garrett,Regular Session 2022,01/13/2022,H,,Read for the first time and referred to the House of Representatives committee on Ways and Means Education,W&ME,,,,
HB140,Garrett,Regular Session 2022,01/13/2022,H,,Read for the first time and referred to the House of Representatives committee on Ways and Means Education,W&ME,,,,
HB140,Garrett,Regular Session 2022,03/02/2022,H,,Read for the second time and placed on the calendar,,,,,
HB140,Garrett,Regular Session 2022,03/08/2022,H,,Third Reading Passed,,,,,
HB140,Garrett,Regular Session 2022,03/08/2022,H,,Motion to Read a Third Time and Pass adopted Roll Call 497,,,,,Roll 497
HB140,Garrett,Regular Session 2022,03/10/2022,S,,Read for the first time and referred to the Senate committee on Finance and Taxation Education,F&TE,,,,
HB140,Garrett,Regular Session 2022,03/30/2022,S,,Read for the second time and placed on the calendar,,0,15,0,
HB140,Garrett,Regular Session 2022,03/31/2022,S,,Third Reading Passed,,,,,
HB140,Garrett,Regular Session 2022,03/31/2022,S,,Motion to Read a Third Time and Pass adopted Roll Call 864,,,,,Roll 864
HB140,Garrett,Regular Session 2022,03/31/2022,H,,Passed Second House,,,,,
HB140,Garrett,Regular Session 2022,03/31/2022,S,,Signature Requested,,,,,
HB140,Garrett,Regular Session 2022,03/31/2022,H,,Enrolled,,,,,
HB140,Garrett,Regular Session 2022,03/31/2022,H,,Clerk of the House Certification,,,,,
HB140,Garrett,Regular Session 2022,,H,,Assigned Act No. 2022-203.,,,,,
HB140,Garrett,Regular Session 2022,,H,,"Forwarded to Executive Department on March 31, 2022 at 12:15 p.m. on March 22, 2022.",,,,,
HB141,Garrett,Regular Session 2022,01/13/2022,H,,Read for the first time and referred to the House of Representatives committee on Ways and Means Education,W&ME,,,,
HB141,Garrett,Regular Session 2022,03/02/2022,H,,Read for the second time and placed on the calendar  1 amendment,,,,,
HB141,Garrett,Regular Session 2022,03/08/2022,H,,Third Reading Passed,,,,,
HB141,Garrett,Regular Session 2022,03/08/2022,H,218245-2,Ways and Means Education  Amendment Offered,,,,,
HB141,Garrett,Regular Session 2022,03/08/2022,H,,Motion to Adopt adopted Roll Call 499,,,,,Roll 499
HB141,Garrett,Regular Session 2022,03/08/2022,H,,Motion to Read a Third Time and Pass adopted Roll Call 500,,,,,Roll 500
HB141,Garrett,Regular Session 2022,03/08/2022,H,,Engrossed,,,,,
HB141,Garrett,Regular Session 2022,03/10/2022,S,,Read for the first time and referred to the Senate committee on Finance and Taxation Education,F&TE,,,,
HB141,Garrett,Regular Session 2022,03/30/2022,S,,Read for the second time and placed on the calendar,,0,15,0,
HB141,Garrett,Regular Session 2022,03/31/2022,S,,Third Reading Passed,,,,,
HB141,Garrett,Regular Session 2022,03/31/2022,S,,Motion to Read a Third Time and Pass adopted Roll Call 866,,,,,Roll 866
HB141,Garrett,Regular Session 2022,03/31/2022,H,,Passed Second House,,,,,
HB141,Garrett,Regular Session 2022,03/31/2022,S,,Signature Requested,,,,,
HB141,Garrett,Regular Session 2022,03/31/2022,H,,Enrolled,,,,,
HB141,Garrett,Regular Session 2022,03/31/2022,H,,Clerk of the House Certification,,,,,
HB141,Garrett,Regular Session 2022,,H,,Assigned Act No. 2022-204.,,,,,
HB141,Garrett,Regular Session 2022,,H,,"Forwarded to Executive Department on March 31, 2022 at 12:15 p.m. on March 22, 2022.",,,,,
HB142,Garrett,Regular Session 2022,01/13/2022,H,,Read for the first time and referred to the House of Representatives committee on Ways and Means Education,W&ME,,,,
HB142,Garrett,Regular Session 2022,03/02/2022,H,,Read for the second time and placed on the calendar,,,,,
HB142,Garrett,Regular Session 2022,03/08/2022,H,,Third Reading Passed,,,,,
HB142,Garrett,Regular Session 2022,03/08/2022,H,,Motion to Read a Third Time and Pass adopted Roll Call 502,,,,,Roll 502
HB142,Garrett,Regular Session 2022,03/10/2022,S,,Read for the first time and referred to the Senate committee on Finance and Taxation Education,F&TE,,,,
HB142,Garrett,Regular Session 2022,03/30/2022,S,,Read for the second time and placed on the calendar,,0,15,0,
HB142,Garrett,Regular Session 2022,03/31/2022,S,,Third Reading Passed,,,,,
HB142,Garrett,Regular Session 2022,03/31/2022,S,,Motion to Read a Third Time and Pass adopted Roll Call 868,,,,,Roll 868
HB142,Garrett,Regular Session 2022,03/31/2022,H,,Passed Second House,,,,,
HB142,Garrett,Regular Session 2022,03/31/2022,S,,Signature Requested,,,,,
HB142,Garrett,Regular Session 2022,03/31/2022,H,,Enrolled,,,,,
HB142,Garrett,Regular Session 2022,03/31/2022,H,,Clerk of the House Certification,,,,,
HB142,Garrett,Regular Session 2022,,H,,Assigned Act No. 2022-205.,,,,,
HB142,Garrett,Regular Session 2022,,H,,"Forwarded to Executive Department on March 31, 2022 at 12:15 p.m.",,,,,
HB143,Pettus,Regular Session 2022,01/13/2022,H,,Read for the first time and referred to the House of Representatives committee on Public Safety and Homeland Security,PS&HS,,,,
HB143,Pettus,Regular Session 2022,02/02/2022,H,,Read for the second time and placed on the calendar  1 amendment,,,,,
HB143,Pettus,Regular Session 2022,03/10/2022,H,,Third Reading Passed,,,,,
HB143,Pettus,Regular Session 2022,03/10/2022,H,216918-2,Public Safety and Homeland Security  Amendment Offered,,,,,
HB143,Pettus,Regular Session 2022,03/10/2022,H,,Ledbetter motion to Previous Question adopted Roll Call 57,,,,,Roll 579
HB143,Pettus,Regular Session 2022,03/10/2022,H,,Motion to Adopt adopted Roll Call 580,,,,,Roll 580
HB143,Pettus,Regular Session 2022,03/10/2022,H,,Motion to Read a Third Time and Pass adopted Roll Call 581,,,,,Roll 581
HB143,Pettus,Regular Session 2022,03/10/2022,H,,Engrossed,,,,,
HB143,Pettus,Regular Session 2022,03/17/2022,S,,Read for the first time and referred to the Senate committee on Judiciary,JUDY,,,,
HB143,Pettus,Regular Session 2022,04/06/2022,S,,Read for the second time and placed on the calendar,,2,6,,
HB143,Pettus,Regular Session 2022,04/07/2022,S,,Third Reading Passed,,,,,
HB143,Pettus,Regular Session 2022,04/07/2022,S,219915-1,Smitherman  Amendment Offered,,,,,
HB143,Pettus,Regular Session 2022,04/07/2022,S,,Smitherman motion to Adopt adopted Roll Call 1067,,,,,Roll 1067
HB143,Pettus,Regular Session 2022,04/07/2022,S,,Motion to Read a Third Time and Pass adopted Roll Call 1068,,,,,Roll 1068
HB143,Pettus,Regular Session 2022,04/07/2022,H,,Concurrence Requested,,,,,
HB143,Pettus,Regular Session 2022,04/07/2022,H,,Pettus motion to Concur In and Adopt adopted Roll Call 975,,,,,Roll 975
HB143,Pettus,Regular Session 2022,04/07/2022,H,,"Givan intended to vote ""Nay""",,,,,
HB143,Pettus,Regular Session 2022,04/07/2022,S,,Concurred in Second House Amendment,,,,,
HB143,Pettus,Regular Session 2022,04/07/2022,S,,Signature Requested,,,,,
HB143,Pettus,Regular Session 2022,04/07/2022,H,,Enrolled,,,,,
HB143,Pettus,Regular Session 2022,04/07/2022,H,,Clerk of the House Certification,,,,,
HB143,Pettus,Regular Session 2022,,H,,Assigned Act No. 2022-322.,,,,,
HB143,Pettus,Regular Session 2022,,H,,"Forwarded to Governor on April 7, 2022 at 5:36 p.m. on April 7, 2022.",,,,,
HB144,Jones (S),Regular Session 2022,01/13/2022,H,,"Read for the first time and referred to the House of Representatives committee on Constitution, Campaigns and Elections",CC&E,,,,
HB144,Jones (S),Regular Session 2022,02/09/2022,H,,Read for the second time and placed on the calendar  1 amendment,,,,,
HB144,Jones (S),Regular Session 2022,02/16/2022,H,,Third Reading Passed,,,,,
HB144,Jones (S),Regular Session 2022,02/16/2022,H,217345-2,"Constitution, Campaigns and Elections  Amendment Offered",,,,,
HB144,Jones (S),Regular Session 2022,02/16/2022,H,,Motion to Adopt adopted Roll Call 214,,,,,Roll 214
HB144,Jones (S),Regular Session 2022,02/16/2022,H,,Motion to Read a Third Time and Pass adopted Roll Call 215,,,,,Roll 215
HB144,Jones (S),Regular Session 2022,02/16/2022,H,,Engrossed,,,,,
HB144,Jones (S),Regular Session 2022,02/17/2022,S,,Read for the first time and referred to the Senate committee on Governmental Affairs,GA,,,,
HB144,Jones (S),Regular Session 2022,03/29/2022,S,,Read for the second time and placed on the calendar,,0,11,,
HB144,Jones (S),Regular Session 2022,04/06/2022,S,,Third Reading Passed,,,,,
HB144,Jones (S),Regular Session 2022,04/06/2022,S,,Motion to Read a Third Time and Pass adopted Roll Call 1027,,,,,Roll 1027
HB144,Jones (S),Regular Session 2022,04/06/2022,H,,Passed Second House,,,,,
HB144,Jones (S),Regular Session 2022,04/06/2022,H,,Enrolled,,,,,
HB144,Jones (S),Regular Session 2022,04/07/2022,S,,Signature Requested,,,,,
HB144,Jones (S),Regular Session 2022,04/07/2022,H,,Clerk of the House Certification,,,,,
HB144,Jones (S),Regular Session 2022,,H,,Assigned Act No. 2022-337.,,,,,
HB144,Jones (S),Regular Session 2022,,H,,"Delivered to Governor at 9:46 a.m. on April7, 2022.",,,,,
HB145,Ingram,Regular Session 2022,01/13/2022,H,,Read for the first time and referred to the House of Representatives committee on Financial Services,FS,,,,
HB145,Ingram,Regular Session 2022,02/16/2022,H,,Read for the second time and placed on the calendar,,,,,
HB145,Ingram,Regular Session 2022,,H,,Pending third reading on day 12 Favorable from Financial Services,,,,,
HB146,Wood (D),Regular Session 2022,01/13/2022,H,,Read for the first time and referred to the House of Representatives committee on Military and Veterans Affairs,M&VA,,,,
HB146,Wood (D),Regular Session 2022,02/23/2022,H,,Read for the second time and placed on the calendar,,,,,
HB146,Wood (D),Regular Session 2022,02/24/2022,H,,Third Reading Indefinitely Postponed,,,,,
HB146,Wood (D),Regular Session 2022,02/24/2022,H,,Wood (D) motion to Indefinitely Postpone adopted Voice Vote,,,,,
HB147,Carns,Regular Session 2022,01/13/2022,H,,Read for the first time and referred to the House of Representatives committee on Ways and Means Education,W&ME,,,,
HB148,Wingo,Regular Session 2022,01/13/2022,H,,Read for the first time and referred to the House of Representatives committee on Economic Development and Tourism,ED&T,,,,
HB148,Wingo,Regular Session 2022,02/09/2022,H,,Read for the second time and placed on the calendar,,,,,
HB148,Wingo,Regular Session 2022,02/09/2022,H,,Rereferred from Calendar to TCL,TCL,,,,
HB148,Wingo,Regular Session 2022,02/15/2022,H,,Read for the second time and placed on the calendar,,,,,
HB148,Wingo,Regular Session 2022,02/24/2022,H,,Third Reading Passed,,,,,
HB148,Wingo,Regular Session 2022,02/24/2022,H,,Motion to Read a Third Time and Pass adopted Roll Call 322,,,,,Roll 322
HB148,Wingo,Regular Session 2022,02/24/2022,H,,Wingo motion to Local Application adopted Roll Call 323,,,,,Roll 323
HB148,Wingo,Regular Session 2022,03/08/2022,S,,Read for the first time and referred to the Senate committee on Fiscal Responsibility and Economic Development,FRED,,,,
HB148,Wingo,Regular Session 2022,03/17/2022,S,,Read for the second time and placed on the calendar,,0,10,,
HB148,Wingo,Regular Session 2022,04/07/2022,S,,Third Reading Carried Over to Call of the Chair,,,,,
HB148,Wingo,Regular Session 2022,04/07/2022,S,,Singleton motion to Carry Over to the Call of the Chair adopted Voice Vote,,,,,
HB148,Wingo,Regular Session 2022,04/07/2022,S,,Third Reading Passed,,,,,
HB148,Wingo,Regular Session 2022,04/07/2022,S,220044-1,Allen  Amendment Offered,,,,,
HB148,Wingo,Regular Session 2022,04/07/2022,S,,Allen motion to Adopt adopted Roll Call 1109,,,,,Roll 1109
HB148,Wingo,Regular Session 2022,04/07/2022,S,220059-1,Singleton  Amendment Offered,,,,,
HB148,Wingo,Regular Session 2022,04/07/2022,S,,Singleton motion to Adopt adopted Roll Call 1110,,,,,Roll 1110
HB148,Wingo,Regular Session 2022,04/07/2022,S,,Motion to Read a Third Time and Pass adopted Roll Call 1111,,,,,Roll 1111
HB148,Wingo,Regular Session 2022,04/07/2022,S,,Motion to adopt Local Application Resolution lost Roll Call 1112,,,,,Roll 1112
HB148,Wingo,Regular Session 2022,04/07/2022,H,,Concurrence Requested,,,,,
HB148,Wingo,Regular Session 2022,04/07/2022,H,,Wingo motion to Concur In and Adopt adopted Roll Call 1027,,,,,Roll 1027
HB148,Wingo,Regular Session 2022,04/07/2022,S,,Concurred in Second House Amendment,,,,,
HB148,Wingo,Regular Session 2022,04/07/2022,H,,Enrolled,,,,,
HB148,Wingo,Regular Session 2022,04/07/2022,S,,Signature Requested,,,,,
HB148,Wingo,Regular Session 2022,04/07/2022,H,,Clerk of the House Certification,,,,,
HB148,Wingo,Regular Session 2022,,H,,Assigned Act No. 2022-288.,,,,,
HB148,Wingo,Regular Session 2022,,H,,"Forwarded to Secretary of State at 11:59 p.m. on April 7, 2022.",,,,,
HB149,Isbell,Regular Session 2022,01/13/2022,H,,Read for the first time and referred to the House of Representatives committee on Economic Development and Tourism,ED&T,,,,
HB149,Isbell,Regular Session 2022,02/02/2022,H,,Read for the second time and placed on the calendar,,,,,
HB149,Isbell,Regular Session 2022,02/08/2022,H,,Third Reading Passed,,,,,
HB149,Isbell,Regular Session 2022,02/08/2022,H,,Motion to Read a Third Time and Pass adopted Roll Call 64,,,,,Roll 64
HB149,Isbell,Regular Session 2022,02/08/2022,S,,Read for the first time and referred to the Senate committee on Tourism,TM,,,,
HB149,Isbell,Regular Session 2022,02/09/2022,S,,Reported from Tourism as Favorable,,0,11,,
HB149,Isbell,Regular Session 2022,,S,,Pending third reading on day 9 Favorable from Tourism,,,,,
HB150,Allen,Regular Session 2022,01/18/2022,H,,Read for the first time and referred to the House of Representatives committee on Judiciary,JUDY,,,,
HB151,Moore (P),Regular Session 2022,01/18/2022,H,,Read for the first time and referred to the House of Representatives committee on State Government,SG,,,,
HB151,Moore (P),Regular Session 2022,02/09/2022,H,,Read for the second time and placed on the calendar,,,,,
HB151,Moore (P),Regular Session 2022,02/16/2022,H,,Third Reading Passed,,,,,
HB151,Moore (P),Regular Session 2022,02/16/2022,H,,Motion to Read a Third Time and Pass adopted Roll Call 183,,,,,Roll 183
HB151,Moore (P),Regular Session 2022,02/17/2022,S,,Read for the first time and referred to the Senate committee on Veterans and Military Affairs,V&MA,,,,
HB152,Scott,Regular Session 2022,01/18/2022,H,,Read for the first time and referred to the House of Representatives committee on Jefferson County Legislation,JCL,,,,
HB152,Scott,Regular Session 2022,02/16/2022,H,,Read for the second time and placed on the calendar,,,,,
HB152,Scott,Regular Session 2022,02/17/2022,H,,Third Reading Passed,,,,,
HB152,Scott,Regular Session 2022,02/17/2022,H,,Motion to Read a Third Time and Pass adopted Roll Call 235,,,,,Roll 235
HB152,Scott,Regular Session 2022,02/17/2022,S,,Read for the first time and referred to the Senate committee on Jefferson County Legislation,LLJ,,,,
HB152,Scott,Regular Session 2022,03/17/2022,S,,Read for the second time and placed on the calendar,,0,4,0,
HB152,Scott,Regular Session 2022,03/29/2022,S,,Third Reading Passed,,,,,
HB152,Scott,Regular Session 2022,03/29/2022,S,,Motion to Read a Third Time and Pass adopted Roll Call 711,,,,,Roll 711
HB152,Scott,Regular Session 2022,03/29/2022,H,,Passed Second House,,,,,
HB152,Scott,Regular Session 2022,03/29/2022,H,,Enrolled,,,,,
HB152,Scott,Regular Session 2022,03/29/2022,S,,Signature Requested,,,,,
HB152,Scott,Regular Session 2022,03/29/2022,H,,Clerk of the House Certification,,,,,
HB152,Scott,Regular Session 2022,,H,,Assigned Act No. 2022-242.,,,,,
HB152,Scott,Regular Session 2022,,H,,"Forwarded to Governor at 5:25 p.m. on March 29, 2022.",,,,,
HB153,McCampbell,Regular Session 2022,01/18/2022,H,,Read for the first time and referred to the House of Representatives committee on Education Policy,EP,,,,
HB153,McCampbell,Regular Session 2022,02/01/2022,H,,Read for the second time and placed on the calendar  1 amendment,,,,,
HB153,McCampbell,Regular Session 2022,02/02/2022,H,,Third Reading Passed,,,,,
HB153,McCampbell,Regular Session 2022,02/02/2022,H,216719-2,Education Policy  Amendment Offered,,,,,
HB153,McCampbell,Regular Session 2022,02/02/2022,H,,Motion to Adopt adopted Roll Call 6,,,,,Roll 6
HB153,McCampbell,Regular Session 2022,02/02/2022,H,217045-1,Bracy  Amendment Offered,,,,,
HB153,McCampbell,Regular Session 2022,02/02/2022,H,,Bracy motion to withdraw adopted Voice Vote,,,,,
HB153,McCampbell,Regular Session 2022,02/02/2022,H,,Motion to Read a Third Time and Pass adopted Roll Call 7,,,,,Roll 7
HB153,McCampbell,Regular Session 2022,02/02/2022,H,,Engrossed,,,,,
HB153,McCampbell,Regular Session 2022,02/03/2022,S,,Read for the first time and referred to the Senate committee on Education Policy,ED,,,,
HB153,McCampbell,Regular Session 2022,02/23/2022,S,,Read for the second time and placed on the calendar,,0,10,,
HB153,McCampbell,Regular Session 2022,03/09/2022,S,,Third Reading Passed,,,,,
HB153,McCampbell,Regular Session 2022,03/09/2022,S,218000-1,Singleton  Amendment Offered,,,,,
HB153,McCampbell,Regular Session 2022,03/09/2022,S,,Singleton motion to Adopt adopted Roll Call 521,,,,,Roll 521
HB153,McCampbell,Regular Session 2022,03/09/2022,S,,Motion to Read a Third Time and Pass adopted Roll Call 522,,,,,Roll 522
HB153,McCampbell,Regular Session 2022,03/15/2022,H,,Concurrence Requested,,,,,
HB153,McCampbell,Regular Session 2022,03/15/2022,H,,McCampbell motion to Concur In and Adopt adopted Roll Call 644,,,,,Roll 644
HB153,McCampbell,Regular Session 2022,03/15/2022,S,,Concurred in Second House Amendment,,,,,
HB153,McCampbell,Regular Session 2022,03/15/2022,H,,Enrolled,,,,,
HB153,McCampbell,Regular Session 2022,03/15/2022,H,,Clerk of the House Certification,,,,,
HB153,McCampbell,Regular Session 2022,03/15/2022,S,,Signature Requested,,,,,
HB153,McCampbell,Regular Session 2022,,H,,Assigned Act No. 2022-168.,,,,,
HB153,McCampbell,Regular Session 2022,,H,,"Delivered to Governor at 4:53 p.m. on March 15, 2022.",,,,,
HB154,Sullivan,Regular Session 2022,01/18/2022,H,,Read for the first time and referred to the House of Representatives committee on Local Legislation,LL,,,,
HB154,Sullivan,Regular Session 2022,02/02/2022,H,,Read for the second time and placed on the calendar,,,,,
HB154,Sullivan,Regular Session 2022,02/03/2022,H,,Third Reading Passed,,,,,
HB154,Sullivan,Regular Session 2022,02/03/2022,H,,Motion to Read a Third Time and Pass adopted Roll Call 17,,,,,Roll 17
HB154,Sullivan,Regular Session 2022,02/03/2022,H,,Motion to Local Application adopted Roll Call 18,,,,,Roll 18
HB154,Sullivan,Regular Session 2022,02/03/2022,H,,"Hanes intended to vote ""Yea""",,,,,
HB154,Sullivan,Regular Session 2022,02/03/2022,S,,Read for the first time and referred to the Senate committee on Local Legislation,LL1,,,,
HB154,Sullivan,Regular Session 2022,02/22/2022,S,,Read for the second time and placed on the calendar,,,,,
HB154,Sullivan,Regular Session 2022,02/24/2022,S,,Third Reading Passed,,,,,
HB154,Sullivan,Regular Session 2022,02/24/2022,S,,Motion to Read a Third Time and Pass adopted Roll Call 402,,,,,Roll 402
HB154,Sullivan,Regular Session 2022,02/24/2022,S,,Chambliss motion to adopt Local Application Certification adopted Roll Call 403,,,,,Roll 403
HB154,Sullivan,Regular Session 2022,02/24/2022,H,,Passed Second House,,,,,
HB154,Sullivan,Regular Session 2022,02/24/2022,S,,Signature Requested,,,,,
HB154,Sullivan,Regular Session 2022,02/24/2022,H,,Enrolled,,,,,
HB154,Sullivan,Regular Session 2022,02/24/2022,H,,Clerk of the House Certification,,,,,
HB154,Sullivan,Regular Session 2022,,H,,"Forwarded to Secretary of State on February 24, 2022 at 10:45 a.m..",,,,,
HB154,Sullivan,Regular Session 2022,,H,,Assigned Act No. 2022-41.,,,,,
HB155,Ellis,Regular Session 2022,01/18/2022,H,,Read for the first time and referred to the House of Representatives committee on Ways and Means General Fund,W&MGF,,,,
HB155,Ellis,Regular Session 2022,02/02/2022,H,,Read for the second time and placed on the calendar  1 amendment,,,,,
HB155,Ellis,Regular Session 2022,02/08/2022,H,,Third Reading Passed,,,,,
HB155,Ellis,Regular Session 2022,02/08/2022,H,216861-2,Ways and Means General Fund  Amendment Offered,,,,,
HB155,Ellis,Regular Session 2022,02/08/2022,H,,Motion to Adopt adopted Roll Call 58,,,,,Roll 58
HB155,Ellis,Regular Session 2022,02/08/2022,H,,Motion to Read a Third Time and Pass adopted Roll Call 59,,,,,Roll 59
HB155,Ellis,Regular Session 2022,02/08/2022,H,,Engrossed,,,,,
HB155,Ellis,Regular Session 2022,02/08/2022,S,,Read for the first time and referred to the Senate committee on Finance and Taxation General Fund,F&TG,,,,
HB155,Ellis,Regular Session 2022,02/23/2022,S,,Read for the second time and placed on the calendar,,0,13,0,
HB155,Ellis,Regular Session 2022,03/10/2022,S,,Third Reading Passed,,,,,
HB155,Ellis,Regular Session 2022,03/10/2022,S,,Motion to Read a Third Time and Pass adopted Roll Call 562,,,,,Roll 562
HB155,Ellis,Regular Session 2022,03/10/2022,H,,Passed Second House,,,,,
HB155,Ellis,Regular Session 2022,03/10/2022,H,,Enrolled,,,,,
HB155,Ellis,Regular Session 2022,03/15/2022,S,,Signature Requested,,,,,
HB155,Ellis,Regular Session 2022,03/15/2022,H,,Clerk of the House Certification,,,,,
HB155,Ellis,Regular Session 2022,,H,,Assigned Act No. 2022-184.,,,,,
HB155,Ellis,Regular Session 2022,,H,,"Delivered to Governor at 2:24 p.m. on March 15, 2022.",,,,,
HB156,Mooney,Regular Session 2022,01/18/2022,H,,Read for the first time and referred to the House of Representatives committee on Public Safety and Homeland Security,PS&HS,,,,
HB156,Mooney,Regular Session 2022,02/02/2022,H,,Read for the second time and placed on the calendar,,,,,
HB156,Mooney,Regular Session 2022,,H,,Pending third reading on day 6 Favorable from Public Safety and Homeland Security,,,,,
HB157,England,Regular Session 2022,01/18/2022,H,,Read for the first time and referred to the House of Representatives committee on Judiciary,JUDY,,,,
HB158,Whitt,Regular Session 2022,01/18/2022,H,,Read for the first time and referred to the House of Representatives committee on Limestone County Legislation,LSCL,,,,
HB158,Whitt,Regular Session 2022,02/02/2022,H,,Read for the second time and placed on the calendar  1 amendment,,,,,
HB158,Whitt,Regular Session 2022,02/03/2022,H,,Third Reading Passed,,,,,
HB158,Whitt,Regular Session 2022,02/03/2022,H,216662-2,Limestone County Legislation  Amendment Offered,,,,,
HB158,Whitt,Regular Session 2022,02/03/2022,H,,Motion to Adopt adopted Roll Call 9,,,,,Roll 9
HB158,Whitt,Regular Session 2022,02/03/2022,H,,Motion to Read a Third Time and Pass adopted Roll Call 10,,,,,Roll 10
HB158,Whitt,Regular Session 2022,02/03/2022,S,,Read for the first time and referred to the Senate committee on Local Legislation,LL1,,,,
HB158,Whitt,Regular Session 2022,02/17/2022,S,,Read for the second time and placed on the calendar,,,,,
HB158,Whitt,Regular Session 2022,02/22/2022,S,,Third Reading Passed,,,,,
HB158,Whitt,Regular Session 2022,02/22/2022,S,,Motion to Read a Third Time and Pass adopted Roll Call 354,,,,,Roll 354
HB158,Whitt,Regular Session 2022,02/22/2022,H,,Passed Second House,,,,,
HB158,Whitt,Regular Session 2022,02/22/2022,H,,Enrolled,,,,,
HB158,Whitt,Regular Session 2022,02/22/2022,S,,Signature Requested,,,,,
HB158,Whitt,Regular Session 2022,02/22/2022,H,,Clerk of the House Certification,,,,,
HB158,Whitt,Regular Session 2022,,H,,Assigned Act No. 2022-67.,,,,,
HB158,Whitt,Regular Session 2022,,H,,Engrossed,,,,,
HB158,Whitt,Regular Session 2022,,H,,"Delivered to Governor at 3:52 p.m. on February 22, 2022.",,,,,
HB159,Whitt,Regular Session 2022,01/18/2022,H,,Read for the first time and referred to the House of Representatives committee on Military and Veterans Affairs,M&VA,,,,
HB160,Whitt,Regular Session 2022,01/18/2022,H,,"Read for the first time and referred to the House of Representatives committee on Transportation, Utilities and Infrastructure",TU&I,,,,
HB161,Whitt,Regular Session 2022,01/18/2022,H,,Read for the first time and referred to the House of Representatives committee on State Government,SG,,,,
HB162,Greer,Regular Session 2022,01/18/2022,H,,Read for the first time and referred to the House of Representatives committee on Ways and Means Education,W&ME,,,,
HB162,Greer,Regular Session 2022,02/16/2022,H,,Read for the second time and placed on the calendar with 1 substitute and,,,,,
HB162,Greer,Regular Session 2022,03/09/2022,H,,Third Reading Passed,,,,,
HB162,Greer,Regular Session 2022,03/09/2022,H,217551-2,Ways and Means Education first Substitute Offered,,,,,
HB162,Greer,Regular Session 2022,03/09/2022,H,,Motion to Adopt adopted Roll Call 509,,,,,Roll 509
HB162,Greer,Regular Session 2022,03/09/2022,H,,Motion to Read a Third Time and Pass adopted Roll Call 510,,,,,Roll 510
HB162,Greer,Regular Session 2022,03/09/2022,H,,Engrossed,,,,,
HB162,Greer,Regular Session 2022,03/10/2022,S,,Read for the first time and referred to the Senate committee on Finance and Taxation Education,F&TE,,,,
HB162,Greer,Regular Session 2022,03/29/2022,S,,Read for the second time and placed on the calendar  1 amendment,,0,12,0,
HB162,Greer,Regular Session 2022,04/05/2022,S,,Third Reading Passed,,,,,
HB162,Greer,Regular Session 2022,04/05/2022,S,219337-2,Finance and Taxation Education  Amendment Offered,,,,,
HB162,Greer,Regular Session 2022,04/05/2022,S,,Motion to Adopt adopted Roll Call 967,,,,,Roll 967
HB162,Greer,Regular Session 2022,04/05/2022,S,,Motion to Read a Third Time and Pass adopted Roll Call 968,,,,,Roll 968
HB162,Greer,Regular Session 2022,04/06/2022,H,,Concurrence Requested,,,,,
HB162,Greer,Regular Session 2022,04/06/2022,H,,Greer motion to Concur In and Adopt adopted Roll Call 952,,,,,Roll 952
HB162,Greer,Regular Session 2022,04/06/2022,S,,Concurred in Second House Amendment,,,,,
HB162,Greer,Regular Session 2022,04/06/2022,H,,Enrolled,,,,,
HB162,Greer,Regular Session 2022,04/07/2022,S,,Signature Requested,,,,,
HB162,Greer,Regular Session 2022,04/07/2022,H,,Clerk of the House Certification,,,,,
HB162,Greer,Regular Session 2022,,H,,Assigned Act No. 2022-294.,,,,,
HB162,Greer,Regular Session 2022,,H,,"Delivered to Governor at 9:46 a.m. on April 7, 2022.",,,,,
HB163,Greer,Regular Session 2022,01/18/2022,H,,Read for the first time and referred to the House of Representatives committee on Ways and Means Education,W&ME,,,,
HB163,Greer,Regular Session 2022,03/02/2022,H,,Read for the second time and placed on the calendar,,,,,
HB163,Greer,Regular Session 2022,03/17/2022,H,,Third Reading Passed,,,,,
HB163,Greer,Regular Session 2022,03/17/2022,H,,Motion to Read a Third Time and Pass adopted Roll Call 671,,,,,Roll 671
HB163,Greer,Regular Session 2022,03/17/2022,H,,Cosponsors Added,,,,,Roll 672
HB163,Greer,Regular Session 2022,03/29/2022,S,,Read for the first time and referred to the Senate committee on Finance and Taxation Education,F&TE,,,,
HB163,Greer,Regular Session 2022,04/06/2022,S,,Read for the second time and placed on the calendar,,0,13,0,
HB163,Greer,Regular Session 2022,04/07/2022,S,,Third Reading Passed,,,,,
HB163,Greer,Regular Session 2022,04/07/2022,S,,Motion to Read a Third Time and Pass adopted Roll Call 1074,,,,,Roll 1074
HB163,Greer,Regular Session 2022,04/07/2022,H,,Passed Second House,,,,,
HB163,Greer,Regular Session 2022,04/07/2022,H,,Enrolled,,,,,
HB163,Greer,Regular Session 2022,04/07/2022,S,,Signature Requested,,,,,
HB163,Greer,Regular Session 2022,04/07/2022,H,,Clerk of the House Certification,,,,,
HB163,Greer,Regular Session 2022,,H,,Assigned Act No. 2022-297.,,,,,
HB163,Greer,Regular Session 2022,,H,,"Delivered to Governor at 9:36 p.m. on April 7, 2022.",,,,,
HB164,Wood (D),Regular Session 2022,01/18/2022,H,,Read for the first time and referred to the House of Representatives committee on Health,HLTH,,,,
HB164,Wood (D),Regular Session 2022,02/24/2022,H,,Rereferred from Health to BA&C,BA&C,,,,
HB165,Wood (D),Regular Session 2022,01/18/2022,H,,Read for the first time and referred to the House of Representatives committee on State Government,SG,,,,
HB166,Hall,Regular Session 2022,01/18/2022,H,,Read for the first time and referred to the House of Representatives committee on Ways and Means General Fund,W&MGF,,,,
HB166,Hall,Regular Session 2022,03/09/2022,H,,Read for the second time and placed on the calendar,,,,,
HB166,Hall,Regular Session 2022,,H,,Pending third reading on day 21 Favorable from Ways and Means General Fund,,,,,
HB167,Hall,Regular Session 2022,01/18/2022,H,,"Read for the first time and referred to the House of Representatives committee on Constitution, Campaigns and Elections",CC&E,,,,
HB167,Hall,Regular Session 2022,02/09/2022,H,,Read for the second time and placed on the calendar,,,,,
HB167,Hall,Regular Session 2022,,H,,"Pending third reading on day 9 Favorable from Constitution, Campaigns and Elections",,,,,
HB168,Hall,Regular Session 2022,01/18/2022,H,,"Read for the first time and referred to the House of Representatives committee on Constitution, Campaigns and Elections",CC&E,,,,
HB169,Rogers,Regular Session 2022,01/18/2022,H,,Read for the first time and referred to the House of Representatives committee on Economic Development and Tourism,ED&T,,,,
HB170,Scott,Regular Session 2022,01/18/2022,H,,Read for the first time and referred to the House of Representatives committee on Judiciary,JUDY,,,,
HB170,Scott,Regular Session 2022,02/09/2022,H,,Read for the second time and placed on the calendar  1 amendment,,,,,
HB170,Scott,Regular Session 2022,02/16/2022,H,,Third Reading Passed,,,,,
HB170,Scott,Regular Session 2022,02/16/2022,H,217358-2,Judiciary  Amendment Offered,,,,,
HB170,Scott,Regular Session 2022,02/16/2022,H,,Motion to Adopt adopted Roll Call 204,,,,,Roll 204
HB170,Scott,Regular Session 2022,02/16/2022,H,,Motion to Read a Third Time and Pass adopted Roll Call 205,,,,,Roll 205
HB170,Scott,Regular Session 2022,02/16/2022,H,,Engrossed,,,,,
HB170,Scott,Regular Session 2022,02/17/2022,S,,Read for the first time and referred to the Senate committee on Judiciary,JUDY,,,,
HB170,Scott,Regular Session 2022,03/17/2022,S,,Read for the second time and placed on the calendar,,0,9,,
HB170,Scott,Regular Session 2022,,S,,Pending third reading on day 24 Favorable from Judiciary,,,,,
HB171,South,Regular Session 2022,01/18/2022,H,,Read for the first time and referred to the House of Representatives committee on Ways and Means Education,W&ME,,,,
HB171,South,Regular Session 2022,02/16/2022,H,,Read for the second time and placed on the calendar  1 amendment,,,,,
HB171,South,Regular Session 2022,02/24/2022,H,,Third Reading Passed,,,,,
HB171,South,Regular Session 2022,02/24/2022,H,217619-2,Ways and Means Education  Amendment Offered,,,,,
HB171,South,Regular Session 2022,02/24/2022,H,,Motion to Adopt adopted Roll Call 325,,,,,Roll 325
HB171,South,Regular Session 2022,02/24/2022,H,,Motion to Read a Third Time and Pass adopted Roll Call 326,,,,,Roll 326
HB171,South,Regular Session 2022,02/24/2022,H,,Engrossed,,,,,
HB171,South,Regular Session 2022,03/01/2022,S,,Read for the first time and referred to the Senate committee on Finance and Taxation Education,F&TE,,,,
HB171,South,Regular Session 2022,03/29/2022,S,,Read for the second time and placed on the calendar,,0,12,,
HB171,South,Regular Session 2022,03/31/2022,S,,Third Reading Passed,,,,,
HB171,South,Regular Session 2022,03/31/2022,S,,Motion to Read a Third Time and Pass adopted Roll Call 901,,,,,Roll 901
HB171,South,Regular Session 2022,03/31/2022,H,,Passed Second House,,,,,
HB171,South,Regular Session 2022,03/31/2022,H,,Enrolled,,,,,
HB171,South,Regular Session 2022,03/31/2022,S,,Signature Requested,,,,,
HB171,South,Regular Session 2022,03/31/2022,H,,Clerk of the House Certification,,,,,
HB171,South,Regular Session 2022,,H,,Assigned Act No. 2022-223.,,,,,
HB171,South,Regular Session 2022,,H,,"Forwarded to Governor at 1:13 p.m. on March 31, 2022.",,,,,
HB172,Hanes,Regular Session 2022,01/18/2022,H,,Read for the first time and referred to the House of Representatives committee on State Government,SG,,,,
HB173,Holmes,Regular Session 2022,01/18/2022,H,,Read for the first time and referred to the House of Representatives committee on Ways and Means Education,W&ME,,,,
HB174,Holmes,Regular Session 2022,01/18/2022,H,,Read for the first time and referred to the House of Representatives committee on Ways and Means Education,W&ME,,,,
HB175,Simpson,Regular Session 2022,02/01/2022,H,,Read for the first time and referred to the House of Representatives committee on Baldwin County Legislation,BCL,,,,
HB175,Simpson,Regular Session 2022,02/16/2022,H,,Read for the second time and placed on the calendar,,,,,
HB175,Simpson,Regular Session 2022,02/17/2022,H,,Third Reading Passed,,,,,
HB175,Simpson,Regular Session 2022,02/17/2022,H,,Motion to Read a Third Time and Pass adopted Roll Call 223,,,,,Roll 223
HB175,Simpson,Regular Session 2022,02/17/2022,S,,Read for the first time and referred to the Senate committee on Local Legislation,LL1,,,,
HB175,Simpson,Regular Session 2022,03/30/2022,S,,Read for the second time and placed on the calendar,,,,,
HB175,Simpson,Regular Session 2022,03/31/2022,S,,Third Reading Passed,,,,,
HB175,Simpson,Regular Session 2022,03/31/2022,S,219097-1,Chambliss  Amendment Offered,,,,,
HB175,Simpson,Regular Session 2022,03/31/2022,S,,Chambliss motion to Adopt adopted Roll Call 854,,,,,Roll 854
HB175,Simpson,Regular Session 2022,03/31/2022,S,,Motion to Read a Third Time and Pass adopted Roll Call 855,,,,,Roll 855
HB175,Simpson,Regular Session 2022,03/31/2022,H,,Concurrence Requested,,,,,
HB175,Simpson,Regular Session 2022,03/31/2022,H,,Simpson motion to Concur In and Adopt adopted Roll Call 818,,,,,Roll 818
HB175,Simpson,Regular Session 2022,03/31/2022,S,,Concurred in Second House Amendment,,,,,
HB175,Simpson,Regular Session 2022,03/31/2022,H,,Enrolled,,,,,
HB175,Simpson,Regular Session 2022,03/31/2022,S,,Signature Requested,,,,,
HB175,Simpson,Regular Session 2022,03/31/2022,H,,Clerk of the House Certification,,,,,
HB175,Simpson,Regular Session 2022,,H,,Assigned Act No. 2022-283.,,,,,
HB175,Simpson,Regular Session 2022,,H,,"Delivered to Governor at 12:43 p.m. on March 31, 2022.",,,,,
HB176,South,Regular Session 2022,02/01/2022,H,,Read for the first time and referred to the House of Representatives committee on Economic Development and Tourism,ED&T,,,,
HB176,South,Regular Session 2022,03/02/2022,H,,Read for the second time and placed on the calendar with 1 substitute and,,,,,
HB176,South,Regular Session 2022,03/29/2022,H,,Third Reading Passed,,,,,
HB176,South,Regular Session 2022,03/29/2022,H,217999-2,Economic Development and Tourism first Substitute Offered,,,,,
HB176,South,Regular Session 2022,03/29/2022,H,,Motion to Adopt adopted Roll Call 758,,,,,Roll 758
HB176,South,Regular Session 2022,03/29/2022,H,,Motion to Read a Third Time and Pass adopted Roll Call 759,,,,,Roll 759
HB176,South,Regular Session 2022,03/29/2022,H,,Engrossed,,,,,
HB176,South,Regular Session 2022,03/30/2022,S,,Read for the first time and referred to the Senate committee on Tourism,TM,,,,
HB176,South,Regular Session 2022,04/06/2022,S,,Third Reading Passed,,,,,
HB176,South,Regular Session 2022,03/31/2022,S,,Read for the second time and placed on the calendar,,0,10,,
HB176,South,Regular Session 2022,04/06/2022,S,,Motion to Read a Third Time and Pass adopted Roll Call 1012,,,,,Roll 1012
HB176,South,Regular Session 2022,04/06/2022,H,,Passed Second House,,,,,
HB176,South,Regular Session 2022,04/06/2022,H,,Enrolled,,,,,
HB176,South,Regular Session 2022,04/07/2022,S,,Signature Requested,,,,,
HB176,South,Regular Session 2022,04/07/2022,H,,Clerk of the House Certification,,,,,
HB176,South,Regular Session 2022,,H,,Assigned Act No. 2022-383.,,,,,
HB176,South,Regular Session 2022,,H,,"Delivered to Governor at 9:46 a.m. on April7, 2022.",,,,,
HB177,South,Regular Session 2022,02/01/2022,H,,Read for the first time and referred to the House of Representatives committee on Ways and Means Education,W&ME,,,,
HB178,Blackshear,Regular Session 2022,02/01/2022,H,,Read for the first time and referred to the House of Representatives committee on State Government,SG,,,,
HB178,Blackshear,Regular Session 2022,03/17/2022,H,,Read for the second time and placed on the calendar  1 amendment,,,,,
HB178,Blackshear,Regular Session 2022,,H,,Pending third reading on day 24 Favorable from State Government with 1 amendment,,,,,
HB178,Blackshear,Regular Session 2022,,H,219019-2,State Government first Amendment Offered,,,,,
HB179,McMillan,Regular Session 2022,02/01/2022,H,,Read for the first time and referred to the House of Representatives committee on Baldwin County Legislation,BCL,,,,
HB179,McMillan,Regular Session 2022,02/16/2022,H,,Read for the second time and placed on the calendar,,,,,
HB179,McMillan,Regular Session 2022,02/17/2022,H,,Third Reading Passed,,,,,
HB179,McMillan,Regular Session 2022,02/17/2022,H,,Motion to Read a Third Time and Pass adopted Roll Call 239,,,,,Roll 239
HB179,McMillan,Regular Session 2022,02/17/2022,H,,Motion to Local Application adopted Roll Call 240,,,,,Roll 240
HB179,McMillan,Regular Session 2022,02/17/2022,S,,Read for the first time and referred to the Senate committee on Local Legislation,LL1,,,,
HB180,Shiver,Regular Session 2022,02/01/2022,H,,Read for the first time and referred to the House of Representatives committee on Baldwin County Legislation,BCL,,,,
HB180,Shiver,Regular Session 2022,02/16/2022,H,,Read for the second time and placed on the calendar,,,,,
HB180,Shiver,Regular Session 2022,02/17/2022,H,,Third Reading Passed,,,,,
HB180,Shiver,Regular Session 2022,02/17/2022,H,,Motion to Read a Third Time and Pass adopted Roll Call 242,,,,,Roll 242
HB180,Shiver,Regular Session 2022,02/17/2022,H,,Motion to Local Application adopted Roll Call 243,,,,,Roll 243
HB180,Shiver,Regular Session 2022,02/17/2022,S,,Read for the first time and referred to the Senate committee on Local Legislation,LL1,,,,
HB181,Scott,Regular Session 2022,02/01/2022,H,,Read for the first time and referred to the House of Representatives committee on State Government,SG,,,,
HB181,Scott,Regular Session 2022,02/16/2022,H,,Read for the second time and placed on the calendar,,,,,
HB181,Scott,Regular Session 2022,03/15/2022,H,,Third Reading Indefinitely Postponed,,,,,
HB181,Scott,Regular Session 2022,03/15/2022,H,,Scott motion to SB162 Substitute for HB181 a Companion Bill adopted Voice Vote,,,,,
HB181,Scott,Regular Session 2022,03/15/2022,H,,Scott motion to Indefinitely Postpone adopted Voice Vote,,,,,
HB182,Boyd,Regular Session 2022,02/01/2022,H,,Read for the first time and referred to the House of Representatives committee on Ways and Means Education,W&ME,,,,
HB183,Moore (M),Regular Session 2022,02/01/2022,H,,Read for the first time and referred to the House of Representatives committee on Ways and Means General Fund,W&MGF,,,,
HB184,Moore (M),Regular Session 2022,02/01/2022,H,,Read for the first time and referred to the House of Representatives committee on Ways and Means Education,W&ME,,,,
HB185,Howard,Regular Session 2022,02/01/2022,H,,Read for the first time and referred to the House of Representatives committee on Commerce and Small Business,C&SB,,,,
HB186,Shiver,Regular Session 2022,02/01/2022,H,,Read for the first time and referred to the House of Representatives committee on Baldwin County Legislation,BCL,,,,
HB186,Shiver,Regular Session 2022,02/16/2022,H,,Read for the second time and placed on the calendar,,,,,
HB186,Shiver,Regular Session 2022,02/17/2022,H,,Third Reading Passed,,,,,
HB186,Shiver,Regular Session 2022,02/17/2022,H,,Motion to Read a Third Time and Pass adopted Roll Call 245,,,,,Roll 245
HB186,Shiver,Regular Session 2022,02/17/2022,H,,Motion to Local Application adopted Roll Call 246,,,,,Roll 246
HB186,Shiver,Regular Session 2022,02/17/2022,S,,Read for the first time and referred to the Senate committee on Local Legislation,LL1,,,,
HB187,Treadaway,Regular Session 2022,02/01/2022,H,,Read for the first time and referred to the House of Representatives committee on Public Safety and Homeland Security,PS&HS,,,,
HB187,Treadaway,Regular Session 2022,02/09/2022,H,,Read for the second time and placed on the calendar,,,,,
HB187,Treadaway,Regular Session 2022,03/09/2022,H,,Third Reading Indefinitely Postponed,,,,,
HB187,Treadaway,Regular Session 2022,03/09/2022,H,,Treadaway motion to SB167 Substitute FOR HB187 a Companion Bill adopted Voice Vote,,,,,
HB187,Treadaway,Regular Session 2022,03/09/2022,H,,Treadaway motion to Indefinitely Postpone adopted Voice Vote,,,,,
HB188,Sorrell,Regular Session 2022,02/01/2022,H,,Read for the first time and referred to the House of Representatives committee on Ways and Means Education,W&ME,,,,
HB189,Shedd,Regular Session 2022,02/01/2022,H,,Read for the first time and referred to the House of Representatives committee on Urban and Rural Development,U&RD,,,,
HB190,Oliver,Regular Session 2022,02/01/2022,H,,Read for the first time and referred to the House of Representatives committee on Health,HLTH,,,,
HB190,Oliver,Regular Session 2022,02/02/2022,H,,Read for the second time and placed on the calendar,,,,,
HB190,Oliver,Regular Session 2022,02/08/2022,H,,Third Reading Passed,,,,,
HB190,Oliver,Regular Session 2022,02/08/2022,H,217153-1,Oliver  Amendment Offered,,,,,
HB190,Oliver,Regular Session 2022,02/08/2022,H,,Motion to Adopt adopted Roll Call 71,,,,,Roll 71
HB190,Oliver,Regular Session 2022,02/08/2022,H,,Motion to Read a Third Time and Pass adopted Roll Call 72,,,,,Roll 72
HB190,Oliver,Regular Session 2022,02/08/2022,H,,Engrossed,,,,,
HB190,Oliver,Regular Session 2022,02/08/2022,S,,Read for the first time and referred to the Senate committee on Healthcare,HLTH,,,,
HB190,Oliver,Regular Session 2022,02/23/2022,S,,Read for the second time and placed on the calendar,,0,11,0,
HB190,Oliver,Regular Session 2022,,S,,Pending third reading on day 15 Favorable from Healthcare,,,,,
HB191,Oliver,Regular Session 2022,02/01/2022,H,,Read for the first time and referred to the House of Representatives committee on Health,HLTH,,,,
HB191,Oliver,Regular Session 2022,02/02/2022,H,,Read for the second time and placed on the calendar,,,,,
HB191,Oliver,Regular Session 2022,02/08/2022,H,,Third Reading Passed,,,,,
HB191,Oliver,Regular Session 2022,02/08/2022,H,217302-1,Oliver  Amendment Offered,,,,,
HB191,Oliver,Regular Session 2022,02/08/2022,H,,Motion to Adopt adopted Roll Call 74,,,,,Roll 74
HB191,Oliver,Regular Session 2022,02/08/2022,H,,Motion to Read a Third Time and Pass adopted Roll Call 75,,,,,Roll 75
HB191,Oliver,Regular Session 2022,02/08/2022,H,,Engrossed,,,,,
HB191,Oliver,Regular Session 2022,02/08/2022,S,,Read for the first time and referred to the Senate committee on Healthcare,HLTH,,,,
HB191,Oliver,Regular Session 2022,03/09/2022,S,,Read for the second time and placed on the calendar  1 amendment,,0,9,0,
HB191,Oliver,Regular Session 2022,03/17/2022,S,,Third Reading Carried Over to Call of the Chair,,,,,
HB191,Oliver,Regular Session 2022,03/17/2022,S,218636-2,Healthcare  Amendment Offered,,,,,
HB191,Oliver,Regular Session 2022,03/17/2022,S,,Motion to Adopt adopted Roll Call 661,,,,,Roll 661
HB191,Oliver,Regular Session 2022,03/17/2022,S,,Waggoner motion to Carry Over to the Call of the Chair adopted Voice Vote,,,,,
HB191,Oliver,Regular Session 2022,04/05/2022,S,,Motion to Read a Third Time and Pass adopted Roll Call 958,,,,,Roll 958
HB191,Oliver,Regular Session 2022,04/07/2022,H,,Concurrence Requested,,,,,
HB191,Oliver,Regular Session 2022,04/07/2022,H,,Oliver motion to Concur In and Adopt adopted Roll Call 967,,,,,Roll 967
HB191,Oliver,Regular Session 2022,04/07/2022,S,,Concurred in Second House Amendment,,,,,
HB191,Oliver,Regular Session 2022,04/07/2022,S,,Signature Requested,,,,,
HB191,Oliver,Regular Session 2022,04/07/2022,H,,Enrolled,,,,,
HB191,Oliver,Regular Session 2022,04/07/2022,H,,Clerk of the House Certification,,,,,
HB191,Oliver,Regular Session 2022,,H,,Assigned Act No. 2022-434.,,,,,
HB191,Oliver,Regular Session 2022,,H,,"Forwarded to Governor on April 7, 2022 at 5:36 p.m. on April 7, 2022.",,,,,
HB192,Allen,Regular Session 2022,02/01/2022,H,,Read for the first time and referred to the House of Representatives committee on Local Legislation,LL,,,,
HB192,Allen,Regular Session 2022,02/02/2022,H,,Read for the second time and placed on the calendar,,,,,
HB192,Allen,Regular Session 2022,02/03/2022,H,,Third Reading Passed,,,,,
HB192,Allen,Regular Session 2022,02/03/2022,H,,Motion to Read a Third Time and Pass adopted Roll Call 20,,,,,Roll 20
HB192,Allen,Regular Session 2022,02/03/2022,H,,"Hanes intended to vote ""Abstain""",,,,,
HB192,Allen,Regular Session 2022,02/03/2022,S,,Read for the first time and referred to the Senate committee on Local Legislation,LL1,,,,
HB192,Allen,Regular Session 2022,02/15/2022,S,,Read for the second time and placed on the calendar,,,,,
HB192,Allen,Regular Session 2022,02/16/2022,S,,Third Reading Passed,,,,,
HB192,Allen,Regular Session 2022,02/16/2022,S,,Motion to Read a Third Time and Pass adopted Roll Call 290,,,,,Roll 290
HB192,Allen,Regular Session 2022,02/16/2022,H,,Passed Second House,,,,,
HB192,Allen,Regular Session 2022,02/16/2022,S,,Signature Requested,,,,,
HB192,Allen,Regular Session 2022,02/16/2022,H,,Enrolled,,,,,
HB192,Allen,Regular Session 2022,02/16/2022,H,,Clerk of the House Certification,,,,,
HB192,Allen,Regular Session 2022,,H,,Assigned Act No. 2022-38.,,,,,
HB192,Allen,Regular Session 2022,,H,,"Delivered to Governor at 5:09 p.m. on February 16, 2022.",,,,,
HB193,Allen,Regular Session 2022,02/01/2022,H,,Read for the first time and referred to the House of Representatives committee on Judiciary,JUDY,,,,
HB193,Allen,Regular Session 2022,02/16/2022,H,,Read for the second time and placed on the calendar  with 1 substitute and 1 amendment,,,,,
HB193,Allen,Regular Session 2022,,H,217796-1,Judiciary first Amendment Offered,,,,,
HB193,Allen,Regular Session 2022,,H,217603-2,Judiciary first Substitute Offered,,,,,
HB193,Allen,Regular Session 2022,,H,,Pending third reading on day 12 Favorable from Judiciary with 1 substitute and 1 amendment,,,,,
HB194,Allen,Regular Session 2022,02/01/2022,H,,"Read for the first time and referred to the House of Representatives committee on Constitution, Campaigns and Elections",CC&E,,,,
HB194,Allen,Regular Session 2022,02/09/2022,H,,Read for the second time and placed on the calendar,,,,,
HB194,Allen,Regular Session 2022,03/10/2022,H,,Third Reading Passed,,,,,
HB194,Allen,Regular Session 2022,03/10/2022,H,218166-1,Allen  Amendment Offered,,,,,
HB194,Allen,Regular Session 2022,03/10/2022,H,,Ledbetter motion to Previous Question offered,,,,,
HB194,Allen,Regular Session 2022,03/10/2022,H,,Ledbetter motion to Adopt adopted Roll Call 583,,,,,Roll 583
HB194,Allen,Regular Session 2022,03/10/2022,H,,Motion to Adopt adopted Roll Call 584,,,,,Roll 584
HB194,Allen,Regular Session 2022,03/10/2022,H,,Motion to Read a Third Time and Pass adopted Roll Call 585,,,,,Roll 585
HB194,Allen,Regular Session 2022,03/10/2022,H,,Engrossed,,,,,
HB194,Allen,Regular Session 2022,03/15/2022,S,,Read for the first time and referred to the Senate committee on Governmental Affairs,GA,,,,
HB194,Allen,Regular Session 2022,03/29/2022,S,,Read for the second time and placed on the calendar,,2,9,,
HB194,Allen,Regular Session 2022,04/07/2022,S,,Third Reading Passed,,,,,
HB194,Allen,Regular Session 2022,04/07/2022,S,,Motion to Read a Third Time and Pass adopted Roll Call 1060,,,,,Roll 1060
HB194,Allen,Regular Session 2022,04/07/2022,H,,Passed Second House,,,,,
HB194,Allen,Regular Session 2022,04/07/2022,H,,Enrolled,,,,,
HB194,Allen,Regular Session 2022,04/07/2022,S,,Signature Requested,,,,,
HB194,Allen,Regular Session 2022,04/07/2022,H,,Clerk of the House Certification,,,,,
HB194,Allen,Regular Session 2022,,H,,Assigned Act No. 2022-321.,,,,,
HB194,Allen,Regular Session 2022,,H,,"Delivered to Governor at 3:24 p.m. on April 7, 2022.",,,,,
HB195,Isbell,Regular Session 2022,02/01/2022,H,,Read for the first time and referred to the House of Representatives committee on Ways and Means General Fund,W&MGF,,,,
HB195,Isbell,Regular Session 2022,02/16/2022,H,,Read for the second time and placed on the calendar,,,,,
HB195,Isbell,Regular Session 2022,03/01/2022,H,,Third Reading Indefinitely Postponed,,,,,
HB195,Isbell,Regular Session 2022,03/01/2022,H,,Isbell motion to SB34 Substitute FOR HB195 a Companion Bill adopted Voice Vote,,,,,
HB195,Isbell,Regular Session 2022,03/01/2022,H,,Isbell motion to Indefinitely Postpone adopted Voice Vote,,,,,
HB196,Clouse,Regular Session 2022,02/01/2022,H,,Read for the first time and referred to the House of Representatives committee on Local Legislation,LL,,,,
HB196,Clouse,Regular Session 2022,02/02/2022,H,,Read for the second time and placed on the calendar,,,,,
HB196,Clouse,Regular Session 2022,02/03/2022,H,,Third Reading Passed,,,,,
HB196,Clouse,Regular Session 2022,02/03/2022,H,,Motion to Read a Third Time and Pass adopted Roll Call 22,,,,,Roll 22
HB196,Clouse,Regular Session 2022,02/03/2022,H,,Motion to Local Application pending Roll Call 23,,,,,Roll 23
HB196,Clouse,Regular Session 2022,02/03/2022,H,,"Hanes intended to vote ""Yea""",,,,,
HB196,Clouse,Regular Session 2022,02/03/2022,S,,Read for the first time and referred to the Senate committee on Local Legislation,LL1,,,,
HB197,Scott,Regular Session 2022,02/01/2022,H,,Read for the first time and referred to the House of Representatives committee on Judiciary,JUDY,,,,
HB197,Scott,Regular Session 2022,02/23/2022,H,,Read for the second time and placed on the calendar with 1 substitute and,,,,,
HB197,Scott,Regular Session 2022,03/31/2022,H,,Third Reading Indefinitely Postponed,,,,,
HB197,Scott,Regular Session 2022,03/31/2022,H,217325-2,Judiciary first Substitute Offered,,,,,
HB197,Scott,Regular Session 2022,03/31/2022,H,,Motion to Adopt adopted Roll Call 846,,,,,Roll 846
HB197,Scott,Regular Session 2022,03/31/2022,H,,Scott motion to SB56 Substitute FOR HB197 a Companion Bill adopted Voice Vote,,,,,
HB197,Scott,Regular Session 2022,03/31/2022,H,,Scott motion to Indefinitely Postpone adopted Voice Vote,,,,,
HB197,Scott,Regular Session 2022,,H,,Third Reading Indefinitely Postponed,,,,,
HB198,Wood (D),Regular Session 2022,02/01/2022,H,,Read for the first time and referred to the House of Representatives committee on State Government,SG,,,,
HB198,Wood (D),Regular Session 2022,02/16/2022,H,,Read for the second time and placed on the calendar,,,,,
HB198,Wood (D),Regular Session 2022,,H,,Pending third reading on day 12 Favorable from State Government,,,,,
HB199,Hall,Regular Session 2022,02/01/2022,H,,Read for the first time and referred to the House of Representatives committee on State Government,SG,,,,
HB199,Hall,Regular Session 2022,02/16/2022,H,,Read for the second time and placed on the calendar  1 amendment,,,,,
HB199,Hall,Regular Session 2022,02/24/2022,H,,Third Reading Passed,,,,,
HB199,Hall,Regular Session 2022,02/24/2022,H,217207-2,State Government  Amendment Offered,,,,,
HB199,Hall,Regular Session 2022,02/24/2022,H,,Motion to Adopt adopted Roll Call 342,,,,,Roll 342
HB199,Hall,Regular Session 2022,02/24/2022,H,,Motion to Read a Third Time and Pass adopted Roll Call 343,,,,,Roll 343
HB199,Hall,Regular Session 2022,02/24/2022,H,,Engrossed,,,,,
HB199,Hall,Regular Session 2022,03/01/2022,S,,Read for the first time and referred to the Senate committee on Governmental Affairs,GA,,,,
HB199,Hall,Regular Session 2022,03/08/2022,S,,Read for the second time and placed on the calendar,,0,7,,
HB199,Hall,Regular Session 2022,04/06/2022,S,,Third Reading Passed,,,,,
HB199,Hall,Regular Session 2022,04/06/2022,S,,Motion to Read a Third Time and Pass adopted Roll Call 1024,,,,,Roll 1024
HB199,Hall,Regular Session 2022,04/06/2022,H,,Passed Second House,,,,,
HB199,Hall,Regular Session 2022,04/06/2022,H,,Enrolled,,,,,
HB199,Hall,Regular Session 2022,04/07/2022,S,,Signature Requested,,,,,
HB199,Hall,Regular Session 2022,04/07/2022,H,,Clerk of the House Certification,,,,,
HB199,Hall,Regular Session 2022,,H,,Assigned Act No. 2022-402.,,,,,
HB199,Hall,Regular Session 2022,,H,,"Delivered to Governor at 9:46 a.m. on April7, 2022.",,,,,
HB200,Coleman,Regular Session 2022,02/01/2022,H,,Read for the first time and referred to the House of Representatives committee on Judiciary,JUDY,,,,
HB200,Coleman,Regular Session 2022,03/17/2022,H,,Read for the second time and placed on the calendar  with 1 substitute and 1 amendment,,,,,
HB200,Coleman,Regular Session 2022,,H,218600-3,Judiciary first Substitute Offered,,,,,
HB200,Coleman,Regular Session 2022,,H,219022-2,Judiciary first Amendment Offered,,,,,
HB200,Coleman,Regular Session 2022,,H,,Pending third reading on day 24 Favorable from Judiciary with 1 substitute and 1 amendment,,,,,
HB201,Lawrence,Regular Session 2022,02/02/2022,H,,Read for the first time and referred to the House of Representatives committee on Ways and Means General Fund,W&MGF,,,,
HB201,Lawrence,Regular Session 2022,02/16/2022,H,,Read for the second time and placed on the calendar,,,,,
HB201,Lawrence,Regular Session 2022,03/02/2022,H,,Third Reading Passed,,,,,
HB201,Lawrence,Regular Session 2022,03/02/2022,H,,Motion to Read a Third Time and Pass adopted Roll Call 416,,,,,Roll 416
HB201,Lawrence,Regular Session 2022,03/02/2022,S,,Read for the first time and referred to the Senate committee on Finance and Taxation General Fund,F&TG,,,,
HB202,Lawrence,Regular Session 2022,02/02/2022,H,,Read for the first time and referred to the House of Representatives committee on Ways and Means General Fund,W&MGF,,,,
HB202,Lawrence,Regular Session 2022,03/09/2022,H,,Read for the second time and placed on the calendar,,,,,
HB202,Lawrence,Regular Session 2022,,H,,Pending third reading on day 21 Favorable from Ways and Means General Fund,,,,,
HB203,Hanes,Regular Session 2022,02/02/2022,H,,Read for the first time and referred to the House of Representatives committee on State Government,SG,,,,
HB203,Hanes,Regular Session 2022,02/23/2022,H,,Read for the second time and placed on the calendar,,,,,
HB203,Hanes,Regular Session 2022,,H,,Pending third reading on day 15 Favorable from State Government,,,,,
HB204,Hanes,Regular Session 2022,02/02/2022,H,,Read for the first time and referred to the House of Representatives committee on Ways and Means General Fund,W&MGF,,,,
HB205,Blackshear,Regular Session 2022,02/02/2022,H,,Read for the first time and referred to the House of Representatives committee on Commerce and Small Business,C&SB,,,,
HB205,Blackshear,Regular Session 2022,02/09/2022,H,,Read for the second time and placed on the calendar,,,,,
HB205,Blackshear,Regular Session 2022,02/16/2022,H,,Third Reading Passed,,,,,
HB205,Blackshear,Regular Session 2022,02/16/2022,H,,Motion to Read a Third Time and Pass adopted Roll Call 209,,,,,Roll 209
HB205,Blackshear,Regular Session 2022,02/17/2022,S,,Read for the first time and referred to the Senate committee on Governmental Affairs,GA,,,,
HB205,Blackshear,Regular Session 2022,03/01/2022,S,,Read for the second time and placed on the calendar,,0,8,,
HB205,Blackshear,Regular Session 2022,04/05/2022,S,,Third Reading Passed,,,,,
HB205,Blackshear,Regular Session 2022,04/05/2022,S,,Motion to Read a Third Time and Pass adopted Roll Call 945,,,,,Roll 945
HB205,Blackshear,Regular Session 2022,04/05/2022,H,,Passed Second House,,,,,
HB205,Blackshear,Regular Session 2022,04/05/2022,H,,Clerk of the House Certification,,,,,
HB205,Blackshear,Regular Session 2022,04/05/2022,H,,Enrolled,,,,,
HB205,Blackshear,Regular Session 2022,04/05/2022,S,,Signature Requested,,,,,
HB205,Blackshear,Regular Session 2022,,H,,Assigned Act No. 2022-344.,,,,,
HB205,Blackshear,Regular Session 2022,,H,,Forwarded to Executive Department,,,,,
HB206,Blackshear,Regular Session 2022,02/02/2022,H,,Read for the first time and referred to the House of Representatives committee on Local Legislation,LL,,,,
HB206,Blackshear,Regular Session 2022,02/03/2022,H,,Read for the second time and placed on the calendar,,,,,
HB206,Blackshear,Regular Session 2022,02/08/2022,H,,Third Reading Passed,,,,,
HB206,Blackshear,Regular Session 2022,02/08/2022,H,,Motion to Read a Third Time and Pass adopted Roll Call 43,,,,,Roll 43
HB206,Blackshear,Regular Session 2022,02/08/2022,S,,Read for the first time and referred to the Senate committee on Local Legislation,LL1,,,,
HB206,Blackshear,Regular Session 2022,03/15/2022,S,,Read for the second time and placed on the calendar,,,,,
HB206,Blackshear,Regular Session 2022,03/17/2022,S,,Third Reading Passed,,,,,
HB206,Blackshear,Regular Session 2022,03/17/2022,S,,Motion to Read a Third Time and Pass adopted Roll Call 630,,,,,Roll 630
HB206,Blackshear,Regular Session 2022,03/17/2022,H,,Passed Second House,,,,,
HB206,Blackshear,Regular Session 2022,03/17/2022,S,,Signature Requested,,,,,
HB206,Blackshear,Regular Session 2022,03/17/2022,H,,Enrolled,,,,,
HB206,Blackshear,Regular Session 2022,03/17/2022,H,,Clerk of the House Certification,,,,,
HB206,Blackshear,Regular Session 2022,,H,,Assigned Act No. 2022-170.,,,,,
HB206,Blackshear,Regular Session 2022,,H,,"Delivered to Governor at 1:49 p.m. on March 17, 2022.",,,,,
HB207,South,Regular Session 2022,02/02/2022,H,,Read for the first time and referred to the House of Representatives committee on Ways and Means General Fund,W&MGF,,,,
HB208,Wilcox,Regular Session 2022,02/02/2022,H,,Read for the first time and referred to the House of Representatives committee on Judiciary,JUDY,,,,
HB209,Wadsworth,Regular Session 2022,02/02/2022,H,,Read for the first time and referred to the House of Representatives committee on Financial Services,FS,,,,
HB209,Wadsworth,Regular Session 2022,02/16/2022,H,,Read for the second time and placed on the calendar,,,,,
HB209,Wadsworth,Regular Session 2022,,H,,Pending third reading on day 12 Favorable from Financial Services,,,,,
HB210,Kitchens,Regular Session 2022,02/02/2022,H,,Read for the first time and referred to the House of Representatives committee on Local Legislation,LL,,,,
HB210,Kitchens,Regular Session 2022,02/03/2022,H,,Read for the second time and placed on the calendar,,,,,
HB210,Kitchens,Regular Session 2022,02/08/2022,H,,Third Reading Passed,,,,,
HB210,Kitchens,Regular Session 2022,02/08/2022,H,,Motion to Read a Third Time and Pass adopted Roll Call 45,,,,,Roll 45
HB210,Kitchens,Regular Session 2022,02/08/2022,S,,Read for the first time and referred to the Senate committee on Local Legislation,LL1,,,,
HB210,Kitchens,Regular Session 2022,03/15/2022,S,,Read for the second time and placed on the calendar,,,,,
HB210,Kitchens,Regular Session 2022,03/17/2022,S,,Third Reading Passed,,,,,
HB210,Kitchens,Regular Session 2022,03/17/2022,S,,Motion to Read a Third Time and Pass adopted Roll Call 632,,,,,Roll 632
HB210,Kitchens,Regular Session 2022,03/17/2022,H,,Passed Second House,,,,,
HB210,Kitchens,Regular Session 2022,03/17/2022,S,,Signature Requested,,,,,
HB210,Kitchens,Regular Session 2022,03/17/2022,H,,Enrolled,,,,,
HB210,Kitchens,Regular Session 2022,03/17/2022,H,,Clerk of the House Certification,,,,,
HB210,Kitchens,Regular Session 2022,,H,,Assigned Act No. 2022-171.,,,,,
HB210,Kitchens,Regular Session 2022,,H,,"Delivered to Governor at 1:49 p.m. on March 17, 2022.",,,,,
HB211,Garrett,Regular Session 2022,02/02/2022,H,,Read for the first time and referred to the House of Representatives committee on State Government,SG,,,,
HB211,Garrett,Regular Session 2022,02/09/2022,H,,Read for the second time and placed on the calendar,,,,,
HB211,Garrett,Regular Session 2022,,H,,Pending third reading on day 9 Favorable from State Government,,,,,
HB212,Ingram,Regular Session 2022,02/02/2022,H,,Read for the first time and referred to the House of Representatives committee on Local Legislation,LL,,,,
HB212,Ingram,Regular Session 2022,02/08/2022,H,,Read for the second time and placed on the calendar,,,,,
HB212,Ingram,Regular Session 2022,02/09/2022,H,,Third Reading Passed,,,,,
HB212,Ingram,Regular Session 2022,02/09/2022,H,,Motion to Read a Third Time and Pass adopted Roll Call 88,,,,,Roll 88
HB212,Ingram,Regular Session 2022,02/09/2022,S,,Read for the first time and referred to the Senate committee on Local Legislation,LL1,,,,
HB213,Drummond,Regular Session 2022,02/02/2022,H,,Read for the first time and referred to the House of Representatives committee on Mobile County Legislation,MOBCL,,,,
HB213,Drummond,Regular Session 2022,02/16/2022,H,,Read for the second time and placed on the calendar,,,,,
HB213,Drummond,Regular Session 2022,02/17/2022,H,,Third Reading Passed,,,,,
HB213,Drummond,Regular Session 2022,02/17/2022,H,,Motion to Read a Third Time and Pass adopted Roll Call 237,,,,,Roll 237
HB213,Drummond,Regular Session 2022,02/17/2022,S,,Read for the first time and referred to the Senate committee on Mobile County Legislation,LLMO,,,,
HB213,Drummond,Regular Session 2022,02/22/2022,S,,Read for the second time and placed on the calendar,,0,3,,
HB213,Drummond,Regular Session 2022,02/24/2022,S,,Third Reading Passed,,,,,
HB213,Drummond,Regular Session 2022,02/24/2022,S,,Motion to Read a Third Time and Pass adopted Roll Call 400,,,,,Roll 400
HB213,Drummond,Regular Session 2022,02/24/2022,H,,Passed Second House,,,,,
HB213,Drummond,Regular Session 2022,02/24/2022,H,,Enrolled,,,,,
HB213,Drummond,Regular Session 2022,03/01/2022,S,,Signature Requested,,,,,
HB213,Drummond,Regular Session 2022,03/01/2022,H,,Clerk of the House Certification,,,,,
HB213,Drummond,Regular Session 2022,,H,,Assigned Act No. 2022-95.,,,,,
HB213,Drummond,Regular Session 2022,,H,,"Delivered to Governor at 3:00 p.m. on March 1, 2022.",,,,,
HB214,Drummond,Regular Session 2022,02/02/2022,H,,Read for the first time and referred to the House of Representatives committee on Ways and Means Education,W&ME,,,,
HB215,Ball,Regular Session 2022,02/02/2022,H,,Read for the first time and referred to the House of Representatives committee on Economic Development and Tourism,ED&T,,,,
HB215,Ball,Regular Session 2022,02/09/2022,H,,Read for the second time and placed on the calendar,,,,,
HB215,Ball,Regular Session 2022,02/24/2022,H,,Third Reading Passed,,,,,
HB215,Ball,Regular Session 2022,02/24/2022,H,,Motion to Read a Third Time and Pass adopted Roll Call 320,,,,,Roll 320
HB215,Ball,Regular Session 2022,03/01/2022,S,,Read for the first time and referred to the Senate committee on Tourism,TM,,,,
HB215,Ball,Regular Session 2022,03/09/2022,S,,Read for the second time and placed on the calendar,,0,7,,
HB215,Ball,Regular Session 2022,03/17/2022,S,,Third Reading Passed,,,,,
HB215,Ball,Regular Session 2022,03/17/2022,S,,Motion to Read a Third Time and Pass adopted Roll Call 663,,,,,Roll 663
HB215,Ball,Regular Session 2022,03/17/2022,H,,Passed Second House,,,,,
HB215,Ball,Regular Session 2022,03/17/2022,H,,Enrolled,,,,,
HB215,Ball,Regular Session 2022,03/29/2022,S,,Signature Requested,,,,,
HB215,Ball,Regular Session 2022,03/29/2022,H,,Clerk of the House Certification,,,,,
HB215,Ball,Regular Session 2022,,H,,Assigned Act No. 2022-237.,,,,,
HB215,Ball,Regular Session 2022,,H,,"Delivered to Governor at 3:34 p.m. on March 29, 2022.",,,,,
HB216,Jackson,Regular Session 2022,02/02/2022,H,,"Read for the first time and referred to the House of Representatives committee on Boards, Agencies and Commissions",BA&C,,,,
HB216,Jackson,Regular Session 2022,02/16/2022,H,,Read for the second time and placed on the calendar,,,,,
HB216,Jackson,Regular Session 2022,03/01/2022,H,,Third Reading Passed,,,,,
HB216,Jackson,Regular Session 2022,03/01/2022,H,,Motion to Read a Third Time and Pass adopted Roll Call 387,,,,,Roll 387
HB216,Jackson,Regular Session 2022,03/01/2022,S,,Read for the first time and referred to the Senate committee on Governmental Affairs,GA,,,,
HB216,Jackson,Regular Session 2022,03/08/2022,S,,Read for the second time and placed on the calendar,,0,7,,
HB216,Jackson,Regular Session 2022,03/17/2022,S,,Third Reading Passed,,,,,
HB216,Jackson,Regular Session 2022,03/17/2022,S,,Motion to Read a Third Time and Pass adopted Roll Call 674,,,,,Roll 674
HB216,Jackson,Regular Session 2022,03/17/2022,H,,Passed Second House,,,,,
HB216,Jackson,Regular Session 2022,03/17/2022,H,,Enrolled,,,,,
HB216,Jackson,Regular Session 2022,03/29/2022,S,,Signature Requested,,,,,
HB216,Jackson,Regular Session 2022,03/29/2022,H,,Clerk of the House Certification,,,,,
HB216,Jackson,Regular Session 2022,,H,,Assigned Act No. 2022-238.,,,,,
HB216,Jackson,Regular Session 2022,,H,,"Delivered to Governor at 3:34 p.m. on March 29, 2022.",,,,,
HB217,Jackson,Regular Session 2022,02/02/2022,H,,"Read for the first time and referred to the House of Representatives committee on Constitution, Campaigns and Elections",CC&E,,,,
HB218,Jackson,Regular Session 2022,02/02/2022,H,,"Read for the first time and referred to the House of Representatives committee on Constitution, Campaigns and Elections",CC&E,,,,
HB219,Paschal,Regular Session 2022,02/02/2022,H,,Read for the first time and referred to the House of Representatives committee on Health,HLTH,,,,
HB219,Paschal,Regular Session 2022,02/16/2022,H,,Read for the second time and placed on the calendar  1 amendment,,,,,
HB219,Paschal,Regular Session 2022,02/24/2022,H,,Third Reading Indefinitely Postponed,,,,,
HB219,Paschal,Regular Session 2022,02/24/2022,H,217320-2,Health  Amendment Offered,,,,,
HB219,Paschal,Regular Session 2022,02/24/2022,H,,Paschal motion to Indefinitely Postpone adopted Voice Vote,,,,,
HB220,Collins,Regular Session 2022,02/02/2022,H,,Read for the first time and referred to the House of Representatives committee on Education Policy,EP,,,,
HB220,Collins,Regular Session 2022,02/09/2022,H,,Read for the second time and placed on the calendar  1 amendment,,,,,
HB220,Collins,Regular Session 2022,02/23/2022,H,,Third Reading Passed,,,,,
HB220,Collins,Regular Session 2022,02/23/2022,H,217321-3,Education Policy  Amendment Offered,,,,,
HB220,Collins,Regular Session 2022,02/23/2022,H,,Motion to Adopt adopted Roll Call 288,,,,,Roll 288
HB220,Collins,Regular Session 2022,02/23/2022,H,218034-2,Drummond  Amendment Offered,,,,,
HB220,Collins,Regular Session 2022,02/23/2022,H,,Motion to Adopt adopted Roll Call 289,,,,,Roll 289
HB220,Collins,Regular Session 2022,02/23/2022,H,,Motion to Read a Third Time and Pass adopted Roll Call 290,,,,,Roll 290
HB220,Collins,Regular Session 2022,02/23/2022,H,,Engrossed,,,,,
HB220,Collins,Regular Session 2022,02/23/2022,S,,Read for the first time and referred to the Senate committee on Finance and Taxation Education,F&TE,,,,
HB220,Collins,Regular Session 2022,03/01/2022,S,,Read for the second time and placed on the calendar,,0,12,0,
HB220,Collins,Regular Session 2022,04/05/2022,S,,Third Reading Passed,,,,,
HB220,Collins,Regular Session 2022,04/05/2022,S,219313-1,Orr  Amendment Offered,,,,,
HB220,Collins,Regular Session 2022,04/05/2022,S,,Orr motion to Adopt adopted Roll Call 922,,,,,Roll 922
HB220,Collins,Regular Session 2022,04/05/2022,S,,Motion to Read a Third Time and Pass adopted Roll Call 923,,,,,Roll 923
HB220,Collins,Regular Session 2022,04/05/2022,H,,Concurrence Requested,,,,,
HB220,Collins,Regular Session 2022,04/05/2022,H,,Collins motion to Concur In and Adopt adopted Voice Vote 921,,,,,
HB220,Collins,Regular Session 2022,04/05/2022,H,,Clerk of the House Certification,,,,,
HB220,Collins,Regular Session 2022,04/05/2022,S,,Concurred in Second House Amendment,,,,,
HB220,Collins,Regular Session 2022,04/05/2022,S,,Signature Requested,,,,,
HB220,Collins,Regular Session 2022,04/05/2022,H,,Enrolled,,,,,
HB220,Collins,Regular Session 2022,,H,,Assigned Act No. 2022-392.,,,,,
HB220,Collins,Regular Session 2022,,H,,"Forwarded to Governor on April 5, 2022 at 5:14 p.m. on April 5, 2022.",,,,,
HB221,Hill,Regular Session 2022,02/02/2022,H,,Read for the first time and referred to the House of Representatives committee on Judiciary,JUDY,,,,
HB221,Hill,Regular Session 2022,02/16/2022,H,,Read for the second time and placed on the calendar,,,,,
HB221,Hill,Regular Session 2022,03/02/2022,H,,Third Reading Passed,,,,,
HB221,Hill,Regular Session 2022,03/02/2022,H,,Motion to Read a Third Time and Pass adopted Roll Call 420,,,,,Roll 420
HB221,Hill,Regular Session 2022,03/02/2022,S,,Read for the first time and referred to the Senate committee on Judiciary,JUDY,,,,
HB221,Hill,Regular Session 2022,03/17/2022,S,,Read for the second time and placed on the calendar,,0,9,,
HB221,Hill,Regular Session 2022,,S,,Pending third reading on day 24 Favorable from Judiciary,,,,,
HB222,Drake,Regular Session 2022,02/02/2022,H,,Read for the first time and referred to the House of Representatives committee on Health,HLTH,,,,
HB222,Drake,Regular Session 2022,02/16/2022,H,,Read for the second time and placed on the calendar,,,,,
HB222,Drake,Regular Session 2022,02/24/2022,H,,Third Reading Indefinitely Postponed,,,,,
HB222,Drake,Regular Session 2022,02/24/2022,H,,Drake motion to Indefinitely Postpone adopted Voice Vote,,,,,
HB223,Drake,Regular Session 2022,02/02/2022,H,,Read for the first time and referred to the House of Representatives committee on Ways and Means Education,W&ME,,,,
HB223,Drake,Regular Session 2022,02/23/2022,H,,Read for the second time and placed on the calendar,,,,,
HB223,Drake,Regular Session 2022,03/02/2022,H,,Third Reading Passed,,,,,
HB223,Drake,Regular Session 2022,03/02/2022,H,,Motion to Read a Third Time and Pass adopted Roll Call 431,,,,,Roll 431
HB223,Drake,Regular Session 2022,03/02/2022,S,,Read for the first time and referred to the Senate committee on Finance and Taxation Education,F&TE,,,,
HB223,Drake,Regular Session 2022,04/06/2022,S,,Read for the second time and placed on the calendar  1 amendment,,1,11,0,
HB223,Drake,Regular Session 2022,,S,,Pending third reading on day 29 Favorable from Finance and Taxation Education with 1 amendment,,,,,
HB223,Drake,Regular Session 2022,,S,219769-2,Finance and Taxation Education first Amendment Offered,,,,,
HB224,Hanes,Regular Session 2022,02/02/2022,H,,Read for the first time and referred to the House of Representatives committee on Local Legislation,LL,,,,
HB224,Hanes,Regular Session 2022,02/15/2022,H,,Read for the second time and placed on the calendar,,,,,
HB224,Hanes,Regular Session 2022,02/16/2022,H,,Third Reading Passed,,,,,
HB224,Hanes,Regular Session 2022,02/16/2022,H,,Motion to Read a Third Time and Pass adopted Roll Call 173,,,,,Roll 173
HB224,Hanes,Regular Session 2022,02/16/2022,S,,Read for the first time and referred to the Senate committee on Local Legislation,LL1,,,,
HB225,Robbins,Regular Session 2022,02/02/2022,H,,"Read for the first time and referred to the House of Representatives committee on Constitution, Campaigns and Elections",CC&E,,,,
HB225,Robbins,Regular Session 2022,03/02/2022,H,,Read for the second time and placed on the calendar,,,,,
HB225,Robbins,Regular Session 2022,,H,,"Pending third reading on day 18 Favorable from Constitution, Campaigns and Elections",,,,,
HB226,Simpson,Regular Session 2022,02/02/2022,H,,Read for the first time and referred to the House of Representatives committee on Mobile County Legislation,MOBCL,,,,
HB227,Simpson,Regular Session 2022,02/02/2022,H,,Read for the first time and referred to the House of Representatives committee on Judiciary,JUDY,,,,
HB227,Simpson,Regular Session 2022,02/16/2022,H,,Read for the second time and placed on the calendar  1 amendment,,,,,
HB227,Simpson,Regular Session 2022,03/03/2022,H,,Third Reading Indefinitely Postponed,,,,,
HB227,Simpson,Regular Session 2022,03/03/2022,H,217675-2,Judiciary  Amendment Offered,,,,,
HB227,Simpson,Regular Session 2022,03/03/2022,H,,Motion to Adopt adopted Roll Call 466,,,,,Roll 466
HB227,Simpson,Regular Session 2022,03/03/2022,H,,Simpson motion to SB75 Substitute FOR HB227 a Companion Bill adopted Voice Vote,,,,,
HB227,Simpson,Regular Session 2022,03/03/2022,H,,Simpson motion to Indefinitely Postpone adopted Voice Vote,,,,,
HB228,Bedsole,Regular Session 2022,02/02/2022,H,,Read for the first time and referred to the House of Representatives committee on Judiciary,JUDY,,,,
HB229,Robbins,Regular Session 2022,02/02/2022,H,,Read for the first time and referred to the House of Representatives committee on State Government,SG,,,,
HB230,Hollis,Regular Session 2022,02/02/2022,H,,Read for the first time and referred to the House of Representatives committee on Public Safety and Homeland Security,PS&HS,,,,
HB230,Hollis,Regular Session 2022,03/17/2022,H,,Read for the second time and placed on the calendar with 1 substitute and,,,,,
HB230,Hollis,Regular Session 2022,03/29/2022,H,,Third Reading Passed,,,,,
HB230,Hollis,Regular Session 2022,03/29/2022,H,218398-3,Public Safety and Homeland Security first Substitute Offered,,,,,
HB230,Hollis,Regular Session 2022,03/29/2022,H,,Motion to Adopt adopted Roll Call 745,,,,,Roll 745
HB230,Hollis,Regular Session 2022,03/29/2022,H,219426-1,Hall  Amendment Offered,,,,,
HB230,Hollis,Regular Session 2022,03/29/2022,H,,Motion to Adopt adopted Roll Call 746,,,,,Roll 746
HB230,Hollis,Regular Session 2022,03/29/2022,H,,Motion to Read a Third Time and Pass adopted Roll Call 747,,,,,Roll 747
HB230,Hollis,Regular Session 2022,03/29/2022,H,,Engrossed,,,,,
HB230,Hollis,Regular Session 2022,03/29/2022,H,,"Robbins intended to vote ""Abstain""",,,,,
HB230,Hollis,Regular Session 2022,03/29/2022,H,,"Robbins intended to vote ""Abstain""",,,,,
HB230,Hollis,Regular Session 2022,03/29/2022,H,,"Robbins intended to vote ""Abstain""",,,,,
HB230,Hollis,Regular Session 2022,03/29/2022,S,,Read for the first time and referred to the Senate committee on Governmental Affairs,GA,,,,
HB230,Hollis,Regular Session 2022,04/05/2022,S,,Referred to Committee,HLTH,,,,
HB230,Hollis,Regular Session 2022,04/06/2022,S,,Read for the second time and placed on the calendar,,0,10,,
HB230,Hollis,Regular Session 2022,04/07/2022,S,,Third Reading Passed,,,,,
HB230,Hollis,Regular Session 2022,04/07/2022,S,219981-1,Singleton  Amendment Offered,,,,,
HB230,Hollis,Regular Session 2022,04/07/2022,S,,Singleton motion to Adopt adopted Roll Call 1084,,,,,Roll 1084
HB230,Hollis,Regular Session 2022,04/07/2022,S,,Motion to Read a Third Time and Pass adopted Roll Call 1085,,,,,Roll 1085
HB230,Hollis,Regular Session 2022,04/07/2022,H,,Concurrence Requested,,,,,
HB230,Hollis,Regular Session 2022,04/07/2022,H,,Hollis motion to Concur In and Adopt adopted Roll Call 1024,,,,,Roll 1024
HB230,Hollis,Regular Session 2022,04/07/2022,S,,Signature Requested,,,,,
HB230,Hollis,Regular Session 2022,04/07/2022,S,,Concurred in Second House Amendment,,,,,
HB230,Hollis,Regular Session 2022,04/07/2022,H,,Enrolled,,,,,
HB230,Hollis,Regular Session 2022,04/07/2022,H,,Clerk of the House Certification,,,,,
HB230,Hollis,Regular Session 2022,,H,,Assigned Act No. 2022-440.,,,,,
HB230,Hollis,Regular Session 2022,,H,,"Forwarded to Governor at 11:30 p.m. on April 7, 2022.",,,,,
HB231,Carns,Regular Session 2022,02/02/2022,H,,Read for the first time and referred to the House of Representatives committee on Ways and Means Education,W&ME,,,,
HB231,Carns,Regular Session 2022,02/09/2022,H,,Read for the second time and placed on the calendar  1 amendment,,,,,
HB231,Carns,Regular Session 2022,02/15/2022,H,,Third Reading Passed,,,,,
HB231,Carns,Regular Session 2022,02/15/2022,H,217265-2,Ways and Means Education  Amendment Offered,,,,,
HB231,Carns,Regular Session 2022,02/15/2022,H,,Motion to Adopt adopted Roll Call 136,,,,,Roll 136
HB231,Carns,Regular Session 2022,02/15/2022,H,,Motion to Read a Third Time and Pass adopted Roll Call 137,,,,,Roll 137
HB231,Carns,Regular Session 2022,02/15/2022,H,,Cosponsors Added,,,,,Roll 138
HB231,Carns,Regular Session 2022,02/15/2022,H,,"Hurst and Oliver intended to vote ""Yea""",,,,,
HB231,Carns,Regular Session 2022,02/15/2022,H,,Engrossed,,,,,
HB231,Carns,Regular Session 2022,02/15/2022,S,,Read for the first time and referred to the Senate committee on Finance and Taxation Education,F&TE,,,,
HB231,Carns,Regular Session 2022,02/16/2022,S,,Read for the second time and placed on the calendar,,0,10,0,
HB231,Carns,Regular Session 2022,02/17/2022,S,,Third Reading Passed,,,,,
HB231,Carns,Regular Session 2022,02/17/2022,S,,Motion to Read a Third Time and Pass adopted Roll Call 340,,,,,Roll 340
HB231,Carns,Regular Session 2022,02/22/2022,H,,Passed Second House,,,,,
HB231,Carns,Regular Session 2022,02/22/2022,H,,Enrolled,,,,,
HB231,Carns,Regular Session 2022,02/22/2022,S,,Signature Requested,,,,,
HB231,Carns,Regular Session 2022,02/22/2022,H,,Clerk of the House Certification,,,,,
HB231,Carns,Regular Session 2022,,H,,Assigned Act No. 2022-37.,,,,,
HB231,Carns,Regular Session 2022,,H,,"Delivered to Governor at 2:54 p.m. on February 22, 2022.",,,,,
HB232,Bedsole,Regular Session 2022,02/02/2022,H,,Read for the first time and referred to the House of Representatives committee on State Government,SG,,,,
HB232,Bedsole,Regular Session 2022,02/09/2022,H,,Read for the second time and placed on the calendar,,,,,
HB232,Bedsole,Regular Session 2022,02/15/2022,H,,Third Reading Passed,,,,,
HB232,Bedsole,Regular Session 2022,02/15/2022,H,217635-1,Bedsole  Amendment Offered,,,,,
HB232,Bedsole,Regular Session 2022,02/15/2022,H,,Motion to Adopt adopted Roll Call 159,,,,,Roll 159
HB232,Bedsole,Regular Session 2022,02/15/2022,H,,Motion to Read a Third Time and Pass adopted Roll Call 160,,,,,Roll 160
HB232,Bedsole,Regular Session 2022,02/15/2022,H,,"Hall intended to vote ""Yea""",,,,,
HB232,Bedsole,Regular Session 2022,02/15/2022,H,,Engrossed,,,,,
HB232,Bedsole,Regular Session 2022,02/15/2022,S,,Read for the first time and referred to the Senate committee on Governmental Affairs,GA,,,,
HB232,Bedsole,Regular Session 2022,03/08/2022,S,,Read for the second time and placed on the calendar,,0,7,,
HB232,Bedsole,Regular Session 2022,04/06/2022,S,,Third Reading Passed,,,,,
HB232,Bedsole,Regular Session 2022,04/06/2022,S,,Motion to Read a Third Time and Pass adopted Roll Call 1022,,,,,Roll 1022
HB232,Bedsole,Regular Session 2022,04/06/2022,H,,Passed Second House,,,,,
HB232,Bedsole,Regular Session 2022,04/06/2022,H,,Enrolled,,,,,
HB232,Bedsole,Regular Session 2022,04/07/2022,S,,Signature Requested,,,,,
HB232,Bedsole,Regular Session 2022,04/07/2022,H,,Clerk of the House Certification,,,,,
HB232,Bedsole,Regular Session 2022,,H,,Assigned Act No. 2022-384.,,,,,
HB232,Bedsole,Regular Session 2022,,H,,"Delivered to Governor at 9:46 a.m. on April7, 2022.",,,,,
HB233,Rafferty,Regular Session 2022,02/02/2022,H,,Read for the first time and referred to the House of Representatives committee on Ways and Means Education,W&ME,,,,
HB234,Rafferty,Regular Session 2022,02/02/2022,H,,Read for the first time and referred to the House of Representatives committee on Economic Development and Tourism,ED&T,,,,
HB234,Rafferty,Regular Session 2022,02/09/2022,H,,Read for the second time and placed on the calendar,,,,,
HB234,Rafferty,Regular Session 2022,02/16/2022,H,,Third Reading Passed,,,,,
HB234,Rafferty,Regular Session 2022,02/16/2022,H,217340-1,Rafferty  Amendment Offered,,,,,
HB234,Rafferty,Regular Session 2022,02/16/2022,H,,Motion to Adopt adopted Roll Call 211,,,,,Roll 211
HB234,Rafferty,Regular Session 2022,02/16/2022,H,,Motion to Read a Third Time and Pass adopted Roll Call 212,,,,,Roll 212
HB234,Rafferty,Regular Session 2022,02/16/2022,H,,Engrossed,,,,,
HB234,Rafferty,Regular Session 2022,02/17/2022,S,,Read for the first time and referred to the Senate committee on Tourism,TM,,,,
HB234,Rafferty,Regular Session 2022,03/30/2022,S,,Read for the second time and placed on the calendar,,0,8,,
HB234,Rafferty,Regular Session 2022,04/05/2022,S,,Third Reading Passed,,,,,
HB234,Rafferty,Regular Session 2022,04/05/2022,S,219289-1,Smitherman  Amendment Offered,,,,,
HB234,Rafferty,Regular Session 2022,04/05/2022,S,,Smitherman motion to Adopt adopted Roll Call 952,,,,,Roll 952
HB234,Rafferty,Regular Session 2022,04/05/2022,S,,Motion to Read a Third Time and Pass adopted Roll Call 953,,,,,Roll 953
HB234,Rafferty,Regular Session 2022,04/06/2022,H,,Concurrence Requested,,,,,
HB234,Rafferty,Regular Session 2022,04/06/2022,H,,Rafferty motion to Concur In and Adopt adopted Roll Call 951,,,,,Roll 951
HB234,Rafferty,Regular Session 2022,04/06/2022,H,,Enrolled,,,,,
HB234,Rafferty,Regular Session 2022,04/07/2022,S,,Concurred in Second House Amendment,,,,,
HB234,Rafferty,Regular Session 2022,04/07/2022,S,,Signature Requested,,,,,
HB234,Rafferty,Regular Session 2022,04/07/2022,H,,Clerk of the House Certification,,,,,
HB234,Rafferty,Regular Session 2022,,H,,Assigned Act No. 2022-432.,,,,,
HB234,Rafferty,Regular Session 2022,,H,,"Delivered to Governor at 9:46 a.m. on April 7, 2022.",,,,,
HB234,Rafferty,Regular Session 2022,,S,,Tourism first Amendment Offered,,,,,
HB235,Faulkner,Regular Session 2022,02/02/2022,H,,Read for the first time and referred to the House of Representatives committee on Insurance,INS,,,,
HB235,Faulkner,Regular Session 2022,02/09/2022,H,,Read for the second time and placed on the calendar,,,,,
HB235,Faulkner,Regular Session 2022,02/16/2022,H,,Third Reading Passed,,,,,
HB235,Faulkner,Regular Session 2022,02/16/2022,H,,Motion to Read a Third Time and Pass adopted Roll Call 201,,,,,Roll 201
HB235,Faulkner,Regular Session 2022,02/17/2022,S,,Read for the first time and referred to the Senate committee on Banking and Insurance,B&I,,,,
HB235,Faulkner,Regular Session 2022,02/23/2022,S,,Read for the second time and placed on the calendar,,0,11,,
HB235,Faulkner,Regular Session 2022,03/09/2022,S,,Third Reading Passed,,,,,
HB235,Faulkner,Regular Session 2022,03/09/2022,S,,Motion to Read a Third Time and Pass adopted Roll Call 517,,,,,Roll 517
HB235,Faulkner,Regular Session 2022,03/09/2022,H,,Passed Second House,,,,,
HB235,Faulkner,Regular Session 2022,03/09/2022,H,,Enrolled,,,,,
HB235,Faulkner,Regular Session 2022,03/10/2022,S,,Signature Requested,,,,,
HB235,Faulkner,Regular Session 2022,03/10/2022,H,,Clerk of the House Certification,,,,,
HB235,Faulkner,Regular Session 2022,,H,,Assigned Act No. 2022-152.,,,,,
HB235,Faulkner,Regular Session 2022,,H,,"Delivered to Governor at 9:30 a.m. on March 10, 2022.",,,,,
HB236,Ledbetter,Regular Session 2022,02/02/2022,H,,Read for the first time and referred to the House of Representatives committee on Local Legislation,LL,,,,
HB236,Ledbetter,Regular Session 2022,03/02/2022,H,,Read for the second time and placed on the calendar,,,,,
HB236,Ledbetter,Regular Session 2022,03/10/2022,H,,Third Reading Indefinitely Postponed,,,,,
HB236,Ledbetter,Regular Session 2022,03/10/2022,H,,Ledbetter motion to Indefinitely Postpone adopted Voice Vote,,,,,
HB237,Ball,Regular Session 2022,02/02/2022,H,,Read for the first time and referred to the House of Representatives committee on Education Policy,EP,,,,
HB238,Faulkner,Regular Session 2022,02/02/2022,H,,Read for the first time and referred to the House of Representatives committee on Judiciary,JUDY,,,,
HB238,Faulkner,Regular Session 2022,02/23/2022,H,,Read for the second time and placed on the calendar  1 amendment,,,,,
HB238,Faulkner,Regular Session 2022,03/02/2022,H,,Third Reading Passed,,,,,
HB238,Faulkner,Regular Session 2022,03/02/2022,H,218050-2,Judiciary  Amendment Offered,,,,,
HB238,Faulkner,Regular Session 2022,03/02/2022,H,,Motion to Adopt adopted Roll Call 426,,,,,Roll 426
HB238,Faulkner,Regular Session 2022,03/02/2022,H,,Motion to Read a Third Time and Pass adopted Roll Call 427,,,,,Roll 427
HB238,Faulkner,Regular Session 2022,03/02/2022,H,,Engrossed,,,,,
HB238,Faulkner,Regular Session 2022,03/02/2022,S,,Read for the first time and referred to the Senate committee on Judiciary,JUDY,,,,
HB238,Faulkner,Regular Session 2022,03/30/2022,S,,Read for the second time and placed on the calendar,,0,10,,
HB238,Faulkner,Regular Session 2022,04/05/2022,S,,Third Reading Passed,,,,,
HB238,Faulkner,Regular Session 2022,04/05/2022,S,,Motion to Read a Third Time and Pass adopted Roll Call 925,,,,,Roll 925
HB238,Faulkner,Regular Session 2022,04/05/2022,H,,Passed Second House,,,,,
HB238,Faulkner,Regular Session 2022,04/05/2022,H,,Clerk of the House Certification,,,,,
HB238,Faulkner,Regular Session 2022,04/05/2022,S,,Signature Requested,,,,,
HB238,Faulkner,Regular Session 2022,04/05/2022,H,,Enrolled,,,,,
HB238,Faulkner,Regular Session 2022,,H,,Assigned Act No. 2022-397.,,,,,
HB238,Faulkner,Regular Session 2022,,H,,"Forwarded to Governor on April 5, 2022 at 5:14 p.m. on April 5, 2022.",,,,,
HB239,Faulkner,Regular Session 2022,02/02/2022,H,,"Read for the first time and referred to the House of Representatives committee on Constitution, Campaigns and Elections",CC&E,,,,
HB239,Faulkner,Regular Session 2022,02/16/2022,H,,Read for the second time and placed on the calendar,,,,,
HB239,Faulkner,Regular Session 2022,03/17/2022,H,,Third Reading Passed,,,,,
HB239,Faulkner,Regular Session 2022,03/17/2022,H,218958-1,Faulkner 1st  Amendment Offered,,,,,
HB239,Faulkner,Regular Session 2022,03/17/2022,H,,Faulkner motion to withdraw adopted Voice Vote,,,,,
HB239,Faulkner,Regular Session 2022,03/17/2022,H,219249-1,Faulkner 2nd  Amendment Offered,,,,,
HB239,Faulkner,Regular Session 2022,03/17/2022,H,,Motion to Adopt adopted Roll Call 660,,,,,Roll 660
HB239,Faulkner,Regular Session 2022,03/17/2022,H,,Motion to Read a Third Time and Pass adopted Roll Call 661,,,,,Roll 661
HB239,Faulkner,Regular Session 2022,03/17/2022,H,,Engrossed,,,,,
HB239,Faulkner,Regular Session 2022,03/29/2022,S,,Read for the first time and referred to the Senate committee on Fiscal Responsibility and Economic Development,FRED,,,,
HB239,Faulkner,Regular Session 2022,04/06/2022,S,,Read for the second time and placed on the calendar,,0,7,,
HB239,Faulkner,Regular Session 2022,,S,,Pending third reading on day 29 Favorable from Fiscal Responsibility and Economic Development,,,,,
HB240,Collins,Regular Session 2022,02/02/2022,H,,Read for the first time and referred to the House of Representatives committee on Economic Development and Tourism,ED&T,,,,
HB241,Collins,Regular Session 2022,02/02/2022,H,,Read for the first time and referred to the House of Representatives committee on Education Policy,EP,,,,
HB241,Collins,Regular Session 2022,02/09/2022,H,,Read for the second time and placed on the calendar  1 amendment,,,,,
HB241,Collins,Regular Session 2022,02/15/2022,H,,Third Reading Passed,,,,,
HB241,Collins,Regular Session 2022,02/15/2022,H,217319-2,Education Policy  Amendment Offered,,,,,
HB241,Collins,Regular Session 2022,02/15/2022,H,,Motion to Adopt adopted Roll Call 142,,,,,Roll 142
HB241,Collins,Regular Session 2022,02/15/2022,H,217630-1,Collins  Amendment Offered,,,,,
HB241,Collins,Regular Session 2022,02/15/2022,H,,Motion to Adopt adopted Roll Call 143,,,,,Roll 143
HB241,Collins,Regular Session 2022,02/15/2022,H,217632-1,Hall  Amendment Offered,,,,,
HB241,Collins,Regular Session 2022,02/15/2022,H,,Motion to Adopt adopted Roll Call 144,,,,,Roll 144
HB241,Collins,Regular Session 2022,02/15/2022,H,,Motion to Read a Third Time and Pass adopted Roll Call 145,,,,,Roll 145
HB241,Collins,Regular Session 2022,02/15/2022,H,,Cosponsors Added,,,,,Roll 146
HB241,Collins,Regular Session 2022,02/15/2022,H,,"Hurst and Oliver intended to vote ""Yea""",,,,,
HB241,Collins,Regular Session 2022,02/15/2022,H,,Engrossed,,,,,
HB241,Collins,Regular Session 2022,02/15/2022,S,,Read for the first time and referred to the Senate committee on Governmental Affairs,GA,,,,
HB241,Collins,Regular Session 2022,,S,218956-2,Governmental Affairs first Substitute Offered,,,,,
HB242,Hurst,Regular Session 2022,02/02/2022,H,,Read for the first time and referred to the House of Representatives committee on Local Legislation,LL,,,,
HB242,Hurst,Regular Session 2022,02/03/2022,H,,Read for the second time and placed on the calendar,,,,,
HB242,Hurst,Regular Session 2022,02/08/2022,H,,Third Reading Passed,,,,,
HB242,Hurst,Regular Session 2022,02/08/2022,H,,Motion to Read a Third Time and Pass adopted Roll Call 47,,,,,Roll 47
HB242,Hurst,Regular Session 2022,02/08/2022,S,,Read for the first time and referred to the Senate committee on Finance and Taxation General Fund,F&TG,,,,
HB242,Hurst,Regular Session 2022,03/15/2022,S,,Rereferred to Committee on Local Legislation,LL1,,,,
HB242,Hurst,Regular Session 2022,04/05/2022,S,,Read for the second time and placed on the calendar,,,,,
HB242,Hurst,Regular Session 2022,04/06/2022,S,,Third Reading Passed,,,,,
HB242,Hurst,Regular Session 2022,04/06/2022,S,,Motion to Read a Third Time and Pass adopted Roll Call 1002,,,,,Roll 1002
HB242,Hurst,Regular Session 2022,04/06/2022,H,,Passed Second House,,,,,
HB242,Hurst,Regular Session 2022,04/06/2022,H,,Enrolled,,,,,
HB242,Hurst,Regular Session 2022,04/07/2022,S,,Signature Requested,,,,,
HB242,Hurst,Regular Session 2022,04/07/2022,H,,Clerk of the House Certification,,,,,
HB242,Hurst,Regular Session 2022,,H,,Assigned Act No. 2022-362.,,,,,
HB242,Hurst,Regular Session 2022,,H,,"Delivered to Governor at 9:46 a.m. on April7, 2022.",,,,,
HB243,Rafferty,Regular Session 2022,02/02/2022,H,,Read for the first time and referred to the House of Representatives committee on Judiciary,JUDY,,,,
HB244,Shaver,Regular Session 2022,02/02/2022,H,,Read for the first time and referred to the House of Representatives committee on Judiciary,JUDY,,,,
HB244,Shaver,Regular Session 2022,02/16/2022,H,,Read for the second time and placed on the calendar,,,,,
HB244,Shaver,Regular Session 2022,03/01/2022,H,,Third Reading Passed,,,,,
HB244,Shaver,Regular Session 2022,03/01/2022,H,,Motion to Read a Third Time and Pass adopted Roll Call 389,,,,,Roll 389
HB244,Shaver,Regular Session 2022,03/01/2022,S,,Read for the first time and referred to the Senate committee on Judiciary,JUDY,,,,
HB244,Shaver,Regular Session 2022,03/17/2022,S,,Read for the second time and placed on the calendar,,0,9,,
HB244,Shaver,Regular Session 2022,04/05/2022,S,,Third Reading Passed,,,,,
HB244,Shaver,Regular Session 2022,04/05/2022,S,,Motion to Read a Third Time and Pass adopted Roll Call 929,,,,,Roll 929
HB244,Shaver,Regular Session 2022,04/05/2022,H,,Passed Second House,,,,,
HB244,Shaver,Regular Session 2022,04/05/2022,H,,Clerk of the House Certification,,,,,
HB244,Shaver,Regular Session 2022,04/05/2022,S,,Signature Requested,,,,,
HB244,Shaver,Regular Session 2022,04/05/2022,H,,Enrolled,,,,,
HB244,Shaver,Regular Session 2022,,H,,Assigned Act No. 2022-398.,,,,,
HB244,Shaver,Regular Session 2022,,H,,"Forwarded to Governor on April 5, 2022 at 5:14 p.m. on April 5, 2022.",,,,,
HB245,Meadows,Regular Session 2022,02/02/2022,H,,Read for the first time and referred to the House of Representatives committee on Ways and Means Education,W&ME,,,,
HB246,Ball,Regular Session 2022,02/02/2022,H,,Read for the first time and referred to the House of Representatives committee on State Government,SG,,,,
HB247,Ingram,Regular Session 2022,02/02/2022,H,,Read for the first time and referred to the House of Representatives committee on Montgomery County Legislation,MGMCL,,,,
HB247,Ingram,Regular Session 2022,03/08/2022,H,,Read for the second time and placed on the calendar,,,,,
HB247,Ingram,Regular Session 2022,03/09/2022,H,,Third Reading Passed,,,,,
HB247,Ingram,Regular Session 2022,03/09/2022,H,,Motion to Read a Third Time and Pass adopted Roll Call 504,,,,,Roll 504
HB247,Ingram,Regular Session 2022,03/10/2022,S,,Read for the first time and referred to the Senate committee on Local Legislation,LL1,,,,
HB247,Ingram,Regular Session 2022,03/29/2022,S,,Read for the second time and placed on the calendar,,,,,
HB247,Ingram,Regular Session 2022,03/30/2022,S,,Third Reading Passed,,,,,
HB247,Ingram,Regular Session 2022,03/30/2022,S,,Motion to Read a Third Time and Pass adopted Roll Call 791,,,,,Roll 791
HB247,Ingram,Regular Session 2022,03/30/2022,H,,Passed Second House,,,,,
HB247,Ingram,Regular Session 2022,03/30/2022,H,,Enrolled,,,,,
HB247,Ingram,Regular Session 2022,03/30/2022,S,,Signature Requested,,,,,
HB247,Ingram,Regular Session 2022,03/30/2022,H,,Clerk of the House Certification,,,,,
HB247,Ingram,Regular Session 2022,,H,,Assigned Act No. 2022-258.,,,,,
HB247,Ingram,Regular Session 2022,,H,,"Delivered to Governor at 5:17 p.m. on March 30, 2022.",,,,,
HB248,Isbell,Regular Session 2022,02/03/2022,H,,Read for the first time and referred to the House of Representatives committee on Judiciary,JUDY,,,,
HB249,Lipscomb,Regular Session 2022,02/03/2022,H,,Read for the first time and referred to the House of Representatives committee on Financial Services,FS,,,,
HB249,Lipscomb,Regular Session 2022,02/16/2022,H,,Read for the second time and placed on the calendar,,,,,
HB249,Lipscomb,Regular Session 2022,03/02/2022,H,,Third Reading Indefinitely Postponed,,,,,
HB249,Lipscomb,Regular Session 2022,03/02/2022,H,,Lipscomb motion to SB135 Substitute FOR HB249 a Companion Bill adopted Voice Vote,,,,,
HB249,Lipscomb,Regular Session 2022,03/02/2022,H,,Lipscomb motion to Indefinitely Postpone adopted Voice Vote,,,,,
HB250,Hassell,Regular Session 2022,02/03/2022,H,,Read for the first time and referred to the House of Representatives committee on State Government,SG,,,,
HB250,Hassell,Regular Session 2022,02/09/2022,H,,Read for the second time and placed on the calendar,,,,,
HB250,Hassell,Regular Session 2022,02/15/2022,H,,Third Reading Passed,,,,,
HB250,Hassell,Regular Session 2022,02/15/2022,H,,Motion to Read a Third Time and Pass adopted Roll Call 156,,,,,Roll 156
HB250,Hassell,Regular Session 2022,02/15/2022,H,,Cosponsors Added,,,,,Roll 157
HB250,Hassell,Regular Session 2022,02/15/2022,S,,Read for the first time and referred to the Senate committee on Fiscal Responsibility and Economic Development,FRED,,,,
HB250,Hassell,Regular Session 2022,02/23/2022,S,,Read for the second time and placed on the calendar,,0,10,,
HB250,Hassell,Regular Session 2022,03/10/2022,S,,Third Reading Passed,,,,,
HB250,Hassell,Regular Session 2022,03/10/2022,S,,Motion to Read a Third Time and Pass adopted Roll Call 534,,,,,Roll 534
HB250,Hassell,Regular Session 2022,03/10/2022,H,,Passed Second House,,,,,
HB250,Hassell,Regular Session 2022,03/10/2022,H,,Enrolled,,,,,
HB250,Hassell,Regular Session 2022,03/10/2022,S,,Signature Requested,,,,,
HB250,Hassell,Regular Session 2022,03/10/2022,H,,Clerk of the House Certification,,,,,
HB250,Hassell,Regular Session 2022,,H,,Assigned Act No. 2022-149.,,,,,
HB250,Hassell,Regular Session 2022,,H,,"Delivered to Governor at 11:46 a.m. on March 10, 2022.",,,,,
HB251,Gaston,Regular Session 2022,02/03/2022,H,,Read for the first time and referred to the House of Representatives committee on State Government,SG,,,,
HB252,Almond,Regular Session 2022,02/03/2022,H,,Read for the first time and referred to the House of Representatives committee on Ways and Means General Fund,W&MGF,,,,
HB252,Almond,Regular Session 2022,02/16/2022,H,,Read for the second time and placed on the calendar,,,,,
HB252,Almond,Regular Session 2022,03/17/2022,H,,Third Reading Indefinitely Postponed,,,,,
HB252,Almond,Regular Session 2022,03/17/2022,H,,Almond motion to SB126 Substitute FOR HB252 a Companion Bill adopted Voice Vote,,,,,
HB252,Almond,Regular Session 2022,03/17/2022,H,,Almond motion to Indefinitely Postpone adopted Voice Vote,,,,,
HB253,Bedsole,Regular Session 2022,02/03/2022,H,,Read for the first time and referred to the House of Representatives committee on Ways and Means Education,W&ME,,,,
HB253,Bedsole,Regular Session 2022,02/16/2022,H,,Read for the second time and placed on the calendar  1 amendment,,,,,
HB253,Bedsole,Regular Session 2022,02/24/2022,H,,Third Reading Passed,,,,,
HB253,Bedsole,Regular Session 2022,02/24/2022,H,217486-3,Ways and Means Education  Amendment Offered,,,,,
HB253,Bedsole,Regular Session 2022,02/24/2022,H,,Bedsole motion to Table adopted Roll Call 353,,,,,Roll 353
HB253,Bedsole,Regular Session 2022,02/24/2022,H,217840-1,Bedsole  Amendment Offered,,,,,
HB253,Bedsole,Regular Session 2022,02/24/2022,H,,Motion to Adopt adopted Roll Call 354,,,,,Roll 354
HB253,Bedsole,Regular Session 2022,02/24/2022,H,,Motion to Read a Third Time and Pass adopted Roll Call 355,,,,,Roll 355
HB253,Bedsole,Regular Session 2022,03/01/2022,S,,Read for the first time and referred to the Senate committee on Finance and Taxation Education,F&TE,,,,
HB253,Bedsole,Regular Session 2022,02/24/2022,H,,Engrossed,,,,,
HB253,Bedsole,Regular Session 2022,04/06/2022,S,,Read for the second time and placed on the calendar  1 amendment,,0,13,0,
HB253,Bedsole,Regular Session 2022,04/07/2022,S,,Third Reading Passed,,,,,
HB253,Bedsole,Regular Session 2022,04/07/2022,S,219773-2,Finance and Taxation Education  Amendment Offered,,,,,
HB253,Bedsole,Regular Session 2022,04/07/2022,S,,Gudger motion to Adopt adopted Roll Call 1082,,,,,Roll 1082
HB253,Bedsole,Regular Session 2022,04/07/2022,S,,Motion to Read a Third Time and Pass adopted Roll Call 1083,,,,,Roll 1083
HB253,Bedsole,Regular Session 2022,04/07/2022,H,,Concurrence Requested,,,,,
HB253,Bedsole,Regular Session 2022,04/07/2022,H,,Bedsole motion to Concur In and Adopt adopted Roll Call 1025,,,,,Roll 1025
HB253,Bedsole,Regular Session 2022,04/07/2022,S,,Concurred in Second House Amendment,,,,,
HB253,Bedsole,Regular Session 2022,04/07/2022,S,,Signature Requested,,,,,
HB253,Bedsole,Regular Session 2022,04/07/2022,H,,Enrolled,,,,,
HB253,Bedsole,Regular Session 2022,04/07/2022,H,,Clerk of the House Certification,,,,,
HB253,Bedsole,Regular Session 2022,,H,,Assigned Act No. 2022-298.,,,,,
HB253,Bedsole,Regular Session 2022,,H,,"Forwarded to Governor at 11:30 p.m. on April 7, 2022.",,,,,
HB254,Hassell,Regular Session 2022,02/03/2022,H,,Read for the first time and referred to the House of Representatives committee on Montgomery County Legislation,MGMCL,,,,
HB254,Hassell,Regular Session 2022,02/15/2022,H,,Read for the second time and placed on the calendar,,,,,
HB254,Hassell,Regular Session 2022,02/16/2022,H,,Third Reading Passed,,,,,
HB254,Hassell,Regular Session 2022,02/16/2022,H,,Motion to Read a Third Time and Pass adopted Roll Call 169,,,,,Roll 169
HB254,Hassell,Regular Session 2022,02/16/2022,H,,"Lawrence intended to vote ""Yea""",,,,,
HB254,Hassell,Regular Session 2022,02/16/2022,S,,Read for the first time and referred to the Senate committee on Local Legislation,LL1,,,,
HB254,Hassell,Regular Session 2022,03/29/2022,S,,Read for the second time and placed on the calendar,,,,,
HB254,Hassell,Regular Session 2022,03/30/2022,S,,Third Reading Passed,,,,,
HB254,Hassell,Regular Session 2022,03/30/2022,S,,Motion to Read a Third Time and Pass adopted Roll Call 778,,,,,Roll 778
HB254,Hassell,Regular Session 2022,03/30/2022,H,,Passed Second House,,,,,
HB254,Hassell,Regular Session 2022,03/30/2022,H,,Enrolled,,,,,
HB254,Hassell,Regular Session 2022,03/30/2022,S,,Signature Requested,,,,,
HB254,Hassell,Regular Session 2022,03/30/2022,H,,Clerk of the House Certification,,,,,
HB254,Hassell,Regular Session 2022,,H,,Assigned Act No. 2022-251.,,,,,
HB254,Hassell,Regular Session 2022,,H,,"Delivered to Governor at 5:17 p.m. on March 30, 2022.",,,,,
HB255,Shedd,Regular Session 2022,02/03/2022,H,,Read for the first time and referred to the House of Representatives committee on Urban and Rural Development,U&RD,,,,
HB255,Shedd,Regular Session 2022,02/09/2022,H,,Read for the second time and placed on the calendar,,,,,
HB255,Shedd,Regular Session 2022,02/15/2022,H,,Third Reading Passed,,,,,
HB255,Shedd,Regular Session 2022,02/15/2022,H,,Motion to Read a Third Time and Pass adopted Roll Call 140,,,,,Roll 140
HB255,Shedd,Regular Session 2022,02/15/2022,S,,Read for the first time and referred to the Senate committee on Fiscal Responsibility and Economic Development,FRED,,,,
HB255,Shedd,Regular Session 2022,02/23/2022,S,,Read for the second time and placed on the calendar,,0,10,,
HB255,Shedd,Regular Session 2022,03/10/2022,S,,Third Reading Passed,,,,,
HB255,Shedd,Regular Session 2022,03/10/2022,S,,Motion to Read a Third Time and Pass adopted Roll Call 532,,,,,Roll 532
HB255,Shedd,Regular Session 2022,03/10/2022,H,,Passed Second House,,,,,
HB255,Shedd,Regular Session 2022,03/10/2022,H,,Enrolled,,,,,
HB255,Shedd,Regular Session 2022,03/10/2022,S,,Signature Requested,,,,,
HB255,Shedd,Regular Session 2022,03/10/2022,H,,Clerk of the House Certification,,,,,
HB255,Shedd,Regular Session 2022,,H,,"Delivered to Secretary of State at 11:45 a.m. on March 10, 2022.",,,,,
HB255,Shedd,Regular Session 2022,,H,,Assigned Act No. 2022-117.,,,,,
HB256,Chestnut,Regular Session 2022,02/03/2022,H,,Read for the first time and referred to the House of Representatives committee on County and Municipal Government,C&MG,,,,
HB256,Chestnut,Regular Session 2022,02/16/2022,H,,Rereferred from C&MG to SG,SG,,,,
HB256,Chestnut,Regular Session 2022,03/09/2022,H,,Read for the second time and placed on the calendar,,,,,
HB256,Chestnut,Regular Session 2022,03/15/2022,H,,Third Reading Passed,,,,,
HB256,Chestnut,Regular Session 2022,03/15/2022,H,,Motion to Read a Third Time and Pass adopted Roll Call 628,,,,,Roll 628
HB256,Chestnut,Regular Session 2022,03/15/2022,S,,Read for the first time and referred to the Senate committee on Governmental Affairs,GA,,,,
HB256,Chestnut,Regular Session 2022,03/29/2022,S,,Read for the second time and placed on the calendar,,0,11,,
HB256,Chestnut,Regular Session 2022,04/05/2022,S,,Third Reading Passed,,,,,
HB256,Chestnut,Regular Session 2022,04/05/2022,S,,Motion to Read a Third Time and Pass adopted Roll Call 955,,,,,Roll 955
HB256,Chestnut,Regular Session 2022,04/06/2022,H,,Passed Second House,,,,,
HB256,Chestnut,Regular Session 2022,04/06/2022,H,,Enrolled,,,,,
HB256,Chestnut,Regular Session 2022,04/06/2022,S,,Signature Requested,,,,,
HB256,Chestnut,Regular Session 2022,04/06/2022,H,,Clerk of the House Certification,,,,,
HB256,Chestnut,Regular Session 2022,,H,,Assigned Act No. 2022-345.,,,,,
HB256,Chestnut,Regular Session 2022,,H,,"Delivered to Governor at 1:53 p.m. on April 6, 2022.",,,,,
HB257,Chestnut,Regular Session 2022,02/03/2022,H,,"Read for the first time and referred to the House of Representatives committee on Constitution, Campaigns and Elections",CC&E,,,,
HB258,Morris,Regular Session 2022,02/03/2022,H,,Read for the first time and referred to the House of Representatives committee on Montgomery County Legislation,MGMCL,,,,
HB258,Morris,Regular Session 2022,03/08/2022,H,,Read for the second time and placed on the calendar,,,,,
HB258,Morris,Regular Session 2022,03/09/2022,H,,Third Reading Passed,,,,,
HB258,Morris,Regular Session 2022,03/09/2022,H,,Motion to Read a Third Time and Pass adopted Roll Call 506,,,,,Roll 506
HB258,Morris,Regular Session 2022,03/10/2022,S,,Read for the first time and referred to the Senate committee on Local Legislation,LL1,,,,
HB259,Chestnut,Regular Session 2022,02/03/2022,H,,Read for the first time and referred to the House of Representatives committee on Education Policy,EP,,,,
HB260,Simpson,Regular Session 2022,02/03/2022,H,,Read for the first time and referred to the House of Representatives committee on Judiciary,JUDY,,,,
HB260,Simpson,Regular Session 2022,02/16/2022,H,,Read for the second time and placed on the calendar,,,,,
HB260,Simpson,Regular Session 2022,03/01/2022,H,,Third Reading Passed,,,,,
HB260,Simpson,Regular Session 2022,03/01/2022,H,,Motion to Read a Third Time and Pass adopted Roll Call 401,,,,,Roll 401
HB260,Simpson,Regular Session 2022,03/01/2022,S,,Read for the first time and referred to the Senate committee on Judiciary,JUDY,,,,
HB260,Simpson,Regular Session 2022,03/17/2022,S,,Read for the second time and placed on the calendar,,,8,1,
HB260,Simpson,Regular Session 2022,,S,,Pending third reading on day 24 Favorable from Judiciary,,,,,
HB261,Sorrell,Regular Session 2022,02/03/2022,H,,Read for the first time and referred to the House of Representatives committee on Judiciary,JUDY,,,,
HB261,Sorrell,Regular Session 2022,02/23/2022,H,,Read for the second time and placed on the calendar,,,,,
HB261,Sorrell,Regular Session 2022,,H,,Pending third reading on day 15 Favorable from Judiciary,,,,,
HB262,Allen,Regular Session 2022,02/03/2022,H,,Read for the first time and referred to the House of Representatives committee on Agriculture and Forestry,A&F,,,,
HB262,Allen,Regular Session 2022,02/09/2022,H,,Read for the second time and placed on the calendar  1 amendment,,,,,
HB262,Allen,Regular Session 2022,02/24/2022,H,,Third Reading Passed,,,,,
HB262,Allen,Regular Session 2022,02/24/2022,H,217183-2,Agriculture and Forestry  Amendment Offered,,,,,
HB262,Allen,Regular Session 2022,02/24/2022,H,,Allen motion to Table adopted Roll Call 328,,,,,Roll 328
HB262,Allen,Regular Session 2022,02/24/2022,H,217812-1,Allen  Amendment Offered,,,,,
HB262,Allen,Regular Session 2022,02/24/2022,H,,Motion to Adopt adopted Roll Call 329,,,,,Roll 329
HB262,Allen,Regular Session 2022,02/24/2022,H,,Motion to Read a Third Time and Pass adopted Roll Call 330,,,,,Roll 330
HB262,Allen,Regular Session 2022,02/24/2022,H,,Engrossed,,,,,
HB262,Allen,Regular Session 2022,03/01/2022,S,,"Read for the first time and referred to the Senate committee on Agriculture, Conservation and Forestry",AC&F,,,,
HB262,Allen,Regular Session 2022,03/02/2022,S,,Read for the second time and placed on the calendar,,0,10,,
HB262,Allen,Regular Session 2022,03/17/2022,S,,Third Reading Passed,,,,,
HB262,Allen,Regular Session 2022,03/17/2022,S,,Motion to Read a Third Time and Pass adopted Roll Call 665,,,,,Roll 665
HB262,Allen,Regular Session 2022,03/17/2022,H,,Passed Second House,,,,,
HB262,Allen,Regular Session 2022,03/17/2022,H,,Enrolled,,,,,
HB262,Allen,Regular Session 2022,03/29/2022,S,,Signature Requested,,,,,
HB262,Allen,Regular Session 2022,03/29/2022,H,,Clerk of the House Certification,,,,,
HB262,Allen,Regular Session 2022,,H,,Assigned Act No. 2022-206.,,,,,
HB262,Allen,Regular Session 2022,,H,,"Delivered to Governor at 3:34 p.m. on March 29, 2022.",,,,,
HB263,Treadaway,Regular Session 2022,02/03/2022,H,,Read for the first time and referred to the House of Representatives committee on Judiciary,JUDY,,,,
HB264,Treadaway,Regular Session 2022,02/03/2022,H,,Read for the first time and referred to the House of Representatives committee on Judiciary,JUDY,,,,
HB265,Fincher,Regular Session 2022,02/03/2022,H,,Read for the first time and referred to the House of Representatives committee on Ways and Means General Fund,W&MGF,,,,
HB265,Fincher,Regular Session 2022,02/16/2022,H,,Read for the second time and placed on the calendar,,,,,
HB265,Fincher,Regular Session 2022,02/24/2022,H,,Third Reading Passed,,,,,
HB265,Fincher,Regular Session 2022,02/24/2022,H,,Motion to Read a Third Time and Pass adopted Roll Call 347,,,,,Roll 347
HB265,Fincher,Regular Session 2022,03/01/2022,S,,Read for the first time and referred to the Senate committee on Finance and Taxation General Fund,F&TG,,,,
HB266,Allen,Regular Session 2022,02/03/2022,H,,Read for the first time and referred to the House of Representatives committee on Judiciary,JUDY,,,,
HB266,Allen,Regular Session 2022,03/02/2022,H,,Read for the second time and placed on the calendar  1 amendment,,,,,
HB266,Allen,Regular Session 2022,,H,218346-2,Judiciary first Amendment Offered,,,,,
HB266,Allen,Regular Session 2022,,H,,Pending third reading on day 18 Favorable from Judiciary with 1 amendment,,,,,
HB267,Garrett,Regular Session 2022,02/03/2022,H,,Read for the first time and referred to the House of Representatives committee on Ways and Means Education,W&ME,,,,
HB267,Garrett,Regular Session 2022,03/02/2022,H,,Read for the second time and placed on the calendar with 1 substitute and,,,,,
HB267,Garrett,Regular Session 2022,03/08/2022,H,,Third Reading Passed,,,,,
HB267,Garrett,Regular Session 2022,03/08/2022,H,218380-3,Ways and Means Education first Substitute Offered,,,,,
HB267,Garrett,Regular Session 2022,03/08/2022,H,,Motion to Adopt adopted Roll Call 483,,,,,Roll 483
HB267,Garrett,Regular Session 2022,03/08/2022,H,,Motion to Read a Third Time and Pass adopted Roll Call 484,,,,,Roll 484
HB267,Garrett,Regular Session 2022,03/08/2022,H,,Engrossed,,,,,
HB267,Garrett,Regular Session 2022,03/10/2022,S,,Read for the first time and referred to the Senate committee on Finance and Taxation Education,F&TE,,,,
HB267,Garrett,Regular Session 2022,03/30/2022,S,,Read for the second time and placed on the calendar,,0,15,0,
HB267,Garrett,Regular Session 2022,03/31/2022,S,,Third Reading Passed,,,,,
HB267,Garrett,Regular Session 2022,03/31/2022,S,219625-1,Orr  Amendment Offered,,,,,
HB267,Garrett,Regular Session 2022,03/31/2022,S,,Orr motion to Adopt adopted Roll Call 875,,,,,Roll 875
HB267,Garrett,Regular Session 2022,03/31/2022,S,,Motion to Read a Third Time and Pass adopted Roll Call 876,,,,,Roll 876
HB267,Garrett,Regular Session 2022,04/06/2022,H,,Concurrence Requested,,,,,
HB267,Garrett,Regular Session 2022,04/06/2022,H,,Garrett motion to Concur In and Adopt adopted Roll Call 927,,,,,Roll 927
HB267,Garrett,Regular Session 2022,04/06/2022,S,,Concurred in Second House Amendment,,,,,
HB267,Garrett,Regular Session 2022,04/06/2022,S,,Signature Requested,,,,,
HB267,Garrett,Regular Session 2022,04/06/2022,H,,Enrolled,,,,,
HB267,Garrett,Regular Session 2022,04/06/2022,H,,Clerk of the House Certification,,,,,
HB267,Garrett,Regular Session 2022,,H,,Assigned Act No. 2022-394.,,,,,
HB267,Garrett,Regular Session 2022,,H,,"Delivered to Governor at 1:53 p.m. on April 6, 2022.",,,,,
HB268,Kitchens,Regular Session 2022,02/03/2022,H,,"Read for the first time and referred to the House of Representatives committee on Boards, Agencies and Commissions",BA&C,,,,
HB268,Kitchens,Regular Session 2022,02/23/2022,H,,Read for the second time and placed on the calendar with 1 substitute and,,,,,
HB268,Kitchens,Regular Session 2022,03/01/2022,H,,Third Reading Passed,,,,,
HB268,Kitchens,Regular Session 2022,03/01/2022,H,217937-3,"Boards, Agencies and Commissions first Substitute Offered",,,,,
HB268,Kitchens,Regular Session 2022,03/01/2022,H,,Motion to Adopt adopted Roll Call 370,,,,,Roll 370
HB268,Kitchens,Regular Session 2022,03/01/2022,H,,Motion to Read a Third Time and Pass adopted Roll Call 371,,,,,Roll 371
HB268,Kitchens,Regular Session 2022,03/01/2022,H,,Engrossed,,,,,
HB268,Kitchens,Regular Session 2022,03/01/2022,S,,Read for the first time and referred to the Senate committee on Governmental Affairs,GA,,,,
HB268,Kitchens,Regular Session 2022,03/08/2022,S,,Read for the second time and placed on the calendar,,0,7,,
HB268,Kitchens,Regular Session 2022,03/17/2022,S,,Third Reading Passed,,,,,
HB268,Kitchens,Regular Session 2022,03/17/2022,S,219031-1,Melson  Amendment Offered,,,,,
HB268,Kitchens,Regular Session 2022,03/17/2022,S,,Melson motion to Adopt adopted Roll Call 667,,,,,Roll 667
HB268,Kitchens,Regular Session 2022,03/17/2022,S,,Motion to Read a Third Time and Pass adopted Roll Call 668,,,,,Roll 668
HB268,Kitchens,Regular Session 2022,03/29/2022,H,,Concurrence Requested,,,,,
HB268,Kitchens,Regular Session 2022,03/29/2022,H,,"Kitchens motion to Non Concur and Appoint Conference Committee adopted Roll Call 725 House appoints Kitchens, Jones (M) and Scott",,,,,Roll 725
HB268,Kitchens,Regular Session 2022,03/29/2022,S,,Conference Committee Requested,,,,,
HB268,Kitchens,Regular Session 2022,03/29/2022,S,,"McClendon motion to Accede adopted Roll Call 760 P&PO appoints McClendon, Scofield and Hatcher",,,,,Roll 760
HB268,Kitchens,Regular Session 2022,03/30/2022,H,,Conference Committee Appointed,,,,,
HB268,Kitchens,Regular Session 2022,03/31/2022,H,,Conference Report,,,,,
HB268,Kitchens,Regular Session 2022,03/31/2022,H,,Kitchens motion to Concur In and Adopt adopted Roll Call 817,,,,,Roll 817
HB268,Kitchens,Regular Session 2022,04/05/2022,S,,Conference Report Concurrence Requested,,,,,
HB268,Kitchens,Regular Session 2022,04/05/2022,S,,McClendon motion to Concur In and Adopt adopted Roll Call 938,,,,,Roll 938
HB268,Kitchens,Regular Session 2022,04/05/2022,H,,Concurred in Conference Report,,,,,
HB268,Kitchens,Regular Session 2022,04/05/2022,H,,Clerk of the House Certification,,,,,
HB268,Kitchens,Regular Session 2022,04/05/2022,H,,Enrolled,,,,,
HB268,Kitchens,Regular Session 2022,04/05/2022,S,,Signature Requested,,,,,
HB268,Kitchens,Regular Session 2022,,H,,Assigned Act No. 2022-379.,,,,,
HB268,Kitchens,Regular Session 2022,,H,219330-3,Conference Committee on HB268 2022RS first Substitute Offered,,,,,
HB268,Kitchens,Regular Session 2022,,H,,Forwarded to Executive Department,,,,,
HB269,Warren,Regular Session 2022,02/03/2022,H,,Read for the first time and referred to the House of Representatives committee on Ways and Means General Fund,W&MGF,,,,
HB269,Warren,Regular Session 2022,03/09/2022,H,,Read for the second time and placed on the calendar,,,,,
HB269,Warren,Regular Session 2022,,H,,Pending third reading on day 21 Favorable from Ways and Means General Fund,,,,,
HB270,Stadthagen,Regular Session 2022,02/03/2022,H,,Read for the first time and referred to the House of Representatives committee on Local Legislation,LL,,,,
HB270,Stadthagen,Regular Session 2022,02/24/2022,H,,Read for the second time and placed on the calendar,,,,,
HB270,Stadthagen,Regular Session 2022,03/01/2022,H,,Third Reading Passed,,,,,
HB270,Stadthagen,Regular Session 2022,03/01/2022,H,,Motion to Read a Third Time and Pass adopted Roll Call 366,,,,,Roll 366
HB270,Stadthagen,Regular Session 2022,03/01/2022,S,,Read for the first time and referred to the Senate committee on Local Legislation,LL1,,,,
HB270,Stadthagen,Regular Session 2022,03/15/2022,S,,Read for the second time and placed on the calendar,,,,,
HB270,Stadthagen,Regular Session 2022,03/17/2022,S,,Third Reading Passed,,,,,
HB270,Stadthagen,Regular Session 2022,03/17/2022,S,,Motion to Read a Third Time and Pass adopted Roll Call 624,,,,,Roll 624
HB270,Stadthagen,Regular Session 2022,03/17/2022,H,,Passed Second House,,,,,
HB270,Stadthagen,Regular Session 2022,03/17/2022,S,,Signature Requested,,,,,
HB270,Stadthagen,Regular Session 2022,03/17/2022,H,,Enrolled,,,,,
HB270,Stadthagen,Regular Session 2022,03/17/2022,H,,Clerk of the House Certification,,,,,
HB270,Stadthagen,Regular Session 2022,,H,,Assigned Act No. 2022-186.,,,,,
HB270,Stadthagen,Regular Session 2022,,H,,"Delivered to Governor at 1:49 p.m. on March 17, 2022.",,,,,
HB271,Coleman,Regular Session 2022,02/03/2022,H,,Read for the first time and referred to the House of Representatives committee on Judiciary,JUDY,,,,
HB272,Stringer,Regular Session 2022,02/03/2022,H,,Read for the first time and referred to the House of Representatives committee on Public Safety and Homeland Security,PS&HS,,,,
HB272,Stringer,Regular Session 2022,02/16/2022,H,,Read for the second time and placed on the calendar  2 amendments,,,,,
HB272,Stringer,Regular Session 2022,02/22/2022,H,,Third Reading Passed,,,,,
HB272,Stringer,Regular Session 2022,02/22/2022,H,217655-2,Public Safety and Homeland Security 1st Amendment Offered,,,,,
HB272,Stringer,Regular Session 2022,02/22/2022,H,,Motion to Adopt adopted Roll Call 275,,,,,Roll 275
HB272,Stringer,Regular Session 2022,02/22/2022,H,,"Easterbrook intended vote ""Yea""",,,,,
HB272,Stringer,Regular Session 2022,02/22/2022,H,217669-2,Public Safety and Homeland Security 2nd Amendment Offered,,,,,
HB272,Stringer,Regular Session 2022,02/22/2022,H,,Motion to Adopt adopted Roll Call 276,,,,,Roll 276
HB272,Stringer,Regular Session 2022,02/22/2022,H,,Motion to Read a Third Time and Pass adopted Roll Call 277,,,,,Roll 277
HB272,Stringer,Regular Session 2022,02/22/2022,H,,Engrossed,,,,,
HB272,Stringer,Regular Session 2022,02/23/2022,S,,Read for the first time and referred to the Senate committee on Judiciary,JUDY,,,,
HB272,Stringer,Regular Session 2022,03/02/2022,S,,Read for the second time and placed on the calendar  2 amendments,,4,6,1,
HB272,Stringer,Regular Session 2022,03/03/2022,S,,Third Reading Passed,,,,,
HB272,Stringer,Regular Session 2022,03/03/2022,S,218468-2,Judiciary  Amendment Offered,,,,,
HB272,Stringer,Regular Session 2022,03/03/2022,S,,Scofield motion to Table adopted Roll Call 476,,,,,Roll 476
HB272,Stringer,Regular Session 2022,03/03/2022,S,218468-2,Judiciary  Amendment Offered,,,,,
HB272,Stringer,Regular Session 2022,03/03/2022,S,,Scofield motion to Table adopted Roll Call 477,,,,,Roll 477
HB272,Stringer,Regular Session 2022,03/03/2022,S,218555-1,Scofield first Substitute Offered,,,,,
HB272,Stringer,Regular Session 2022,03/03/2022,S,,Waggoner motion to Miscellaneous adopted Roll Call 478,,,,,Roll 478
HB272,Stringer,Regular Session 2022,03/03/2022,S,,Scofield motion to Adopt adopted Roll Call 479,,,,,Roll 479
HB272,Stringer,Regular Session 2022,03/03/2022,S,,Motion to Read a Third Time and Pass adopted Roll Call 480,,,,,Roll 480
HB272,Stringer,Regular Session 2022,03/09/2022,H,,Concurrence Requested,,,,,
HB272,Stringer,Regular Session 2022,03/09/2022,H,,"Stringer motion to Non Concur and Appoint Conference Committee adopted Roll Call 507 House appoints Jones (M), Stringer and Howard",,,,,Roll 507
HB272,Stringer,Regular Session 2022,03/10/2022,S,,Conference Committee Requested,,,,,
HB272,Stringer,Regular Session 2022,03/10/2022,S,,"Reed motion to Accede adopted Roll Call 537 P&PO appoints Allen, Barfoot and Singleton",,,,,Roll 537
HB272,Stringer,Regular Session 2022,03/10/2022,H,,Conference Committee Appointed,,,,,
HB272,Stringer,Regular Session 2022,03/10/2022,H,,Concurred in Conference Report,,,,,
HB272,Stringer,Regular Session 2022,03/10/2022,H,,Conference Report,,,,,
HB272,Stringer,Regular Session 2022,03/10/2022,H,,Stringer motion to Concur In and Adopt adopted Roll Call 577,,,,,Roll 577
HB272,Stringer,Regular Session 2022,03/10/2022,S,,Conference Report Concurrence Requested,,,,,
HB272,Stringer,Regular Session 2022,03/10/2022,S,,Reed motion to Concur In and Adopt adopted Roll Call 555,,,,,Roll 555
HB272,Stringer,Regular Session 2022,03/10/2022,H,,Enrolled,,,,,
HB272,Stringer,Regular Session 2022,03/10/2022,S,,Signature Requested,,,,,
HB272,Stringer,Regular Session 2022,03/10/2022,H,,Clerk of the House Certification,,,,,
HB272,Stringer,Regular Session 2022,,H,,Assigned Act No. 2022-133.,,,,,
HB272,Stringer,Regular Session 2022,,S,217762-2,Judiciary first Amendment Offered,,,,,
HB272,Stringer,Regular Session 2022,,H,218888-2,Conference Committee on HB272 2022RS first Substitute Offered,,,,,
HB272,Stringer,Regular Session 2022,,H,,"Forwarded to Governor at 3:05 p.m. on March 10, 2022.",,,,,
HB273,Bedsole,Regular Session 2022,02/03/2022,H,,Read for the first time and referred to the House of Representatives committee on Shelby County Legislation,SCL,,,,
HB273,Bedsole,Regular Session 2022,02/09/2022,H,,Read for the second time and placed on the calendar,,,,,
HB273,Bedsole,Regular Session 2022,02/10/2022,H,,Third Reading Passed,,,,,
HB273,Bedsole,Regular Session 2022,02/10/2022,H,,Motion to Read a Third Time and Pass adopted Roll Call 120,,,,,Roll 120
HB273,Bedsole,Regular Session 2022,02/10/2022,H,,Motion to Local Application adopted Roll Call 121,,,,,Roll 121
HB273,Bedsole,Regular Session 2022,02/10/2022,S,,Read for the first time and referred to the Senate committee on Shelby County Legislation,LLS,,,,
HB273,Bedsole,Regular Session 2022,02/16/2022,S,,Read for the second time and placed on the calendar,,0,3,,
HB273,Bedsole,Regular Session 2022,02/17/2022,S,,Third Reading Passed,,,,,
HB273,Bedsole,Regular Session 2022,02/17/2022,S,,Motion to Read a Third Time and Pass adopted Roll Call 320,,,,,Roll 320
HB273,Bedsole,Regular Session 2022,02/17/2022,S,,Roberts motion to adopt Local Application Resolution adopted Roll Call 323,,,,,Roll 323
HB273,Bedsole,Regular Session 2022,02/17/2022,H,,Passed Second House,,,,,
HB273,Bedsole,Regular Session 2022,02/17/2022,H,,Enrolled,,,,,
HB273,Bedsole,Regular Session 2022,02/17/2022,S,,Signature Requested,,,,,
HB273,Bedsole,Regular Session 2022,02/17/2022,H,,Clerk of the House Certification,,,,,
HB273,Bedsole,Regular Session 2022,,H,,Assigned Act No. 2022-18.,,,,,
HB273,Bedsole,Regular Session 2022,,H,,"Delivered to Secretary of State at 10:46 a.m. on February 17, 2022",,,,,
HB274,Pettus,Regular Session 2022,02/03/2022,H,,Read for the first time and referred to the House of Representatives committee on Ways and Means General Fund,W&MGF,,,,
HB275,Garrett,Regular Session 2022,02/08/2022,H,,Read for the first time and referred to the House of Representatives committee on Commerce and Small Business,C&SB,,,,
HB276,Coleman,Regular Session 2022,02/08/2022,H,,Read for the first time and referred to the House of Representatives committee on County and Municipal Government,C&MG,,,,
HB277,Sells,Regular Session 2022,02/08/2022,H,,Read for the first time and referred to the House of Representatives committee on County and Municipal Government,C&MG,,,,
HB278,Sells,Regular Session 2022,02/08/2022,H,,Read for the first time and referred to the House of Representatives committee on Ways and Means Education,W&ME,,,,
HB279,Sells,Regular Session 2022,02/08/2022,H,,"Read for the first time and referred to the House of Representatives committee on Transportation, Utilities and Infrastructure",TU&I,,,,
HB280,Sells,Regular Session 2022,02/08/2022,H,,Read for the first time and referred to the House of Representatives committee on Ways and Means Education,W&ME,,,,
HB281,Ellis,Regular Session 2022,02/08/2022,H,,Read for the first time and referred to the House of Representatives committee on Shelby County Legislation,SCL,,,,
HB281,Ellis,Regular Session 2022,02/09/2022,H,,Read for the second time and placed on the calendar,,,,,
HB281,Ellis,Regular Session 2022,02/10/2022,H,,Third Reading Passed,,,,,
HB281,Ellis,Regular Session 2022,02/10/2022,H,,Motion to Read a Third Time and Pass adopted Roll Call 118,,,,,Roll 118
HB281,Ellis,Regular Session 2022,02/10/2022,S,,Read for the first time and referred to the Senate committee on Shelby County Legislation,LLS,,,,
HB281,Ellis,Regular Session 2022,02/16/2022,S,,Read for the second time and placed on the calendar,,0,3,,
HB281,Ellis,Regular Session 2022,02/17/2022,S,,Third Reading Passed,,,,,
HB281,Ellis,Regular Session 2022,02/17/2022,S,,Motion to Read a Third Time and Pass adopted Roll Call 322,,,,,Roll 322
HB281,Ellis,Regular Session 2022,02/17/2022,H,,Passed Second House,,,,,
HB281,Ellis,Regular Session 2022,02/17/2022,H,,Enrolled,,,,,
HB281,Ellis,Regular Session 2022,02/17/2022,S,,Signature Requested,,,,,
HB281,Ellis,Regular Session 2022,02/17/2022,H,,Clerk of the House Certification,,,,,
HB281,Ellis,Regular Session 2022,,H,,Assigned Act No. 2022-51.,,,,,
HB281,Ellis,Regular Session 2022,,H,,"Delivered to Governor at 10:30 a.m. on February 17, 2022.",,,,,
HB282,Ellis,Regular Session 2022,02/08/2022,H,,Read for the first time and referred to the House of Representatives committee on Shelby County Legislation,SCL,,,,
HB282,Ellis,Regular Session 2022,02/09/2022,H,,Read for the second time and placed on the calendar,,,,,
HB282,Ellis,Regular Session 2022,02/10/2022,H,,Third Reading Passed,,,,,
HB282,Ellis,Regular Session 2022,02/10/2022,H,,Motion to Read a Third Time and Pass adopted Roll Call 110,,,,,Roll 110
HB282,Ellis,Regular Session 2022,02/10/2022,S,,Read for the first time and referred to the Senate committee on Shelby County Legislation,LLS,,,,
HB282,Ellis,Regular Session 2022,02/16/2022,S,,Read for the second time and placed on the calendar,,0,3,,
HB282,Ellis,Regular Session 2022,02/17/2022,S,,Third Reading Passed,,,,,
HB282,Ellis,Regular Session 2022,02/17/2022,S,,Motion to Read a Third Time and Pass adopted Roll Call 325,,,,,Roll 325
HB282,Ellis,Regular Session 2022,02/17/2022,H,,Passed Second House,,,,,
HB282,Ellis,Regular Session 2022,02/17/2022,H,,Enrolled,,,,,
HB282,Ellis,Regular Session 2022,02/17/2022,S,,Signature Requested,,,,,
HB282,Ellis,Regular Session 2022,02/17/2022,H,,Clerk of the House Certification,,,,,
HB282,Ellis,Regular Session 2022,,H,,Assigned Act No. 2022-52.,,,,,
HB282,Ellis,Regular Session 2022,,H,,"Delivered to Governor at 10:30 a.m. on February 17, 2022.",,,,,
HB283,Coleman,Regular Session 2022,02/08/2022,H,,Read for the first time and referred to the House of Representatives committee on Judiciary,JUDY,,,,
HB284,Coleman,Regular Session 2022,02/08/2022,H,,Read for the first time and referred to the House of Representatives committee on Judiciary,JUDY,,,,
HB284,Coleman,Regular Session 2022,03/30/2022,H,,Read for the second time and placed on the calendar,,,,,
HB284,Coleman,Regular Session 2022,03/31/2022,H,,Third Reading Passed,,,,,
HB284,Coleman,Regular Session 2022,03/31/2022,H,,Motion to Read a Third Time and Pass adopted Roll Call 843,,,,,Roll 843
HB284,Coleman,Regular Session 2022,03/31/2022,H,,Cosponsors Added,,,,,Roll 844
HB284,Coleman,Regular Session 2022,04/05/2022,S,,Read for the first time and referred to the Senate committee on Judiciary,JUDY,,,,
HB284,Coleman,Regular Session 2022,04/06/2022,S,,Read for the second time and placed on the calendar,,0,8,,
HB284,Coleman,Regular Session 2022,04/07/2022,S,,Third Reading Passed,,,,,
HB284,Coleman,Regular Session 2022,04/07/2022,S,,Motion to Read a Third Time and Pass adopted Roll Call 1080,,,,,Roll 1080
HB284,Coleman,Regular Session 2022,04/07/2022,H,,Passed Second House,,,,,
HB284,Coleman,Regular Session 2022,04/07/2022,H,,Enrolled,,,,,
HB284,Coleman,Regular Session 2022,04/07/2022,S,,Signature Requested,,,,,
HB284,Coleman,Regular Session 2022,04/07/2022,H,,Clerk of the House Certification,,,,,
HB284,Coleman,Regular Session 2022,,H,,Assigned Act No. 2022-435.,,,,,
HB284,Coleman,Regular Session 2022,,H,,"Delivered to Governor at 9:36 p.m. on April 7, 2022.",,,,,
HB285,Clouse,Regular Session 2022,02/08/2022,H,,Read for the first time and referred to the House of Representatives committee on Ways and Means General Fund,W&MGF,,,,
HB285,Clouse,Regular Session 2022,02/16/2022,H,,Read for the second time and placed on the calendar,,,,,
HB285,Clouse,Regular Session 2022,02/17/2022,H,,Third Reading Passed,,,,,
HB285,Clouse,Regular Session 2022,02/17/2022,H,,Motion to Read a Third Time and Pass adopted Roll Call 264,,,,,Roll 264
HB285,Clouse,Regular Session 2022,02/17/2022,S,,Read for the first time and referred to the Senate committee on Finance and Taxation General Fund,F&TG,,,,
HB285,Clouse,Regular Session 2022,02/23/2022,S,,Read for the second time and placed on the calendar,,0,15,0,
HB285,Clouse,Regular Session 2022,03/02/2022,S,,Third Reading Passed,,,,,
HB285,Clouse,Regular Session 2022,03/02/2022,S,,Motion to Read a Third Time and Pass adopted Roll Call 466,,,,,Roll 466
HB285,Clouse,Regular Session 2022,03/03/2022,H,,Passed Second House,,,,,
HB285,Clouse,Regular Session 2022,03/03/2022,H,,Enrolled,,,,,
HB285,Clouse,Regular Session 2022,03/03/2022,H,,Clerk of the House Certification,,,,,
HB285,Clouse,Regular Session 2022,03/03/2022,S,,Signature Requested,,,,,
HB285,Clouse,Regular Session 2022,,H,,Assigned Act No. 2022-126.,,,,,
HB285,Clouse,Regular Session 2022,,H,,"Forwarded to Governor at 11:25 a.m. on March 3, 2022.",,,,,
HB286,Clouse,Regular Session 2022,02/08/2022,H,,Read for the first time and referred to the House of Representatives committee on Ways and Means General Fund,W&MGF,,,,
HB286,Clouse,Regular Session 2022,02/16/2022,H,,Read for the second time and placed on the calendar,,,,,
HB286,Clouse,Regular Session 2022,02/17/2022,H,,Third Reading Passed,,,,,
HB286,Clouse,Regular Session 2022,02/17/2022,H,217845-1,Clouse  Amendment Offered,,,,,
HB286,Clouse,Regular Session 2022,02/17/2022,H,,Motion to Adopt adopted Roll Call 266,,,,,Roll 266
HB286,Clouse,Regular Session 2022,02/17/2022,H,,Engrossed,,,,,
HB286,Clouse,Regular Session 2022,02/17/2022,H,,Motion to Read a Third Time and Pass adopted Roll Call 267,,,,,Roll 267
HB286,Clouse,Regular Session 2022,02/17/2022,S,,Read for the first time and referred to the Senate committee on Finance and Taxation General Fund,F&TG,,,,
HB286,Clouse,Regular Session 2022,02/23/2022,S,,Read for the second time and placed on the calendar,,0,15,0,
HB286,Clouse,Regular Session 2022,03/02/2022,S,,Third Reading Passed,,,,,
HB286,Clouse,Regular Session 2022,03/02/2022,S,,Motion to Read a Third Time and Pass adopted Roll Call 468,,,,,Roll 468
HB286,Clouse,Regular Session 2022,03/03/2022,H,,Passed Second House,,,,,
HB286,Clouse,Regular Session 2022,03/03/2022,H,,Enrolled,,,,,
HB286,Clouse,Regular Session 2022,03/03/2022,H,,Clerk of the House Certification,,,,,
HB286,Clouse,Regular Session 2022,03/03/2022,S,,Signature Requested,,,,,
HB286,Clouse,Regular Session 2022,,H,,Assigned Act No. 2022-127.,,,,,
HB286,Clouse,Regular Session 2022,,H,,"Forwarded to Governor at 11:25 a.m. on March 3, 2022.",,,,,
HB287,Clouse,Regular Session 2022,02/08/2022,H,,Read for the first time and referred to the House of Representatives committee on Ways and Means General Fund,W&MGF,,,,
HB287,Clouse,Regular Session 2022,02/16/2022,H,,Read for the second time and placed on the calendar,,,,,
HB287,Clouse,Regular Session 2022,02/17/2022,H,,Third Reading Passed,,,,,
HB287,Clouse,Regular Session 2022,02/17/2022,H,,Motion to Read a Third Time and Pass adopted Roll Call 269,,,,,Roll 269
HB287,Clouse,Regular Session 2022,02/17/2022,S,,Read for the first time and referred to the Senate committee on Finance and Taxation General Fund,F&TG,,,,
HB287,Clouse,Regular Session 2022,02/23/2022,S,,Read for the second time and placed on the calendar,,0,15,0,
HB287,Clouse,Regular Session 2022,03/02/2022,S,,Third Reading Passed,,,,,
HB287,Clouse,Regular Session 2022,03/02/2022,S,,Motion to Read a Third Time and Pass adopted Roll Call 470,,,,,Roll 470
HB287,Clouse,Regular Session 2022,03/03/2022,H,,Passed Second House,,,,,
HB287,Clouse,Regular Session 2022,03/03/2022,H,,Enrolled,,,,,
HB287,Clouse,Regular Session 2022,03/03/2022,H,,Clerk of the House Certification,,,,,
HB287,Clouse,Regular Session 2022,03/03/2022,S,,Signature Requested,,,,,
HB287,Clouse,Regular Session 2022,,H,,Assigned Act No. 2022-128.,,,,,
HB287,Clouse,Regular Session 2022,,H,,"Forwarded to Governor at 11:25 a.m. on March 3, 2022.",,,,,
HB288,Coleman,Regular Session 2022,02/08/2022,H,,Read for the first time and referred to the House of Representatives committee on State Government,SG,,,,
HB289,Clouse,Regular Session 2022,02/08/2022,H,,Read for the first time and referred to the House of Representatives committee on Ways and Means General Fund,W&MGF,,,,
HB289,Clouse,Regular Session 2022,03/09/2022,H,,Read for the second time and placed on the calendar  1 amendment,,,,,
HB289,Clouse,Regular Session 2022,,H,218670-2,Ways and Means General Fund first Amendment Offered,,,,,
HB289,Clouse,Regular Session 2022,,H,,Pending third reading on day 21 Favorable from Ways and Means General Fund with 1 amendment,,,,,
HB290,Kiel,Regular Session 2022,02/08/2022,H,,Read for the first time and referred to the House of Representatives committee on Judiciary,JUDY,,,,
HB291,Rogers,Regular Session 2022,02/08/2022,H,,Read for the first time and referred to the House of Representatives committee on Commerce and Small Business,C&SB,,,,
HB292,Kiel,Regular Session 2022,02/08/2022,H,,Read for the first time and referred to the House of Representatives committee on Judiciary,JUDY,,,,
HB293,Kiel,Regular Session 2022,02/08/2022,H,,Read for the first time and referred to the House of Representatives committee on Judiciary,JUDY,,,,
HB293,Kiel,Regular Session 2022,03/09/2022,H,,Read for the second time and placed on the calendar,,,,,
HB293,Kiel,Regular Session 2022,03/31/2022,H,,Third Reading Passed,,,,,
HB293,Kiel,Regular Session 2022,03/31/2022,H,,Motion to Read a Third Time and Pass adopted Roll Call 863,,,,,Roll 863
HB293,Kiel,Regular Session 2022,04/05/2022,S,,Read for the first time and referred to the Senate committee on Fiscal Responsibility and Economic Development,FRED,,,,
HB293,Kiel,Regular Session 2022,04/06/2022,S,,Read for the second time and placed on the calendar,,0,7,,
HB293,Kiel,Regular Session 2022,,S,,Pending third reading on day 29 Favorable from Fiscal Responsibility and Economic Development,,,,,
HB294,Kiel,Regular Session 2022,02/08/2022,H,,Read for the first time and referred to the House of Representatives committee on Public Safety and Homeland Security,PS&HS,,,,
HB295,Kiel,Regular Session 2022,02/08/2022,H,,Read for the first time and referred to the House of Representatives committee on Judiciary,JUDY,,,,
HB296,Baker,Regular Session 2022,02/08/2022,H,,Read for the first time and referred to the House of Representatives committee on Local Legislation,LL,,,,
HB296,Baker,Regular Session 2022,02/15/2022,H,,Read for the second time and placed on the calendar,,,,,
HB296,Baker,Regular Session 2022,02/16/2022,H,,Third Reading Passed,,,,,
HB296,Baker,Regular Session 2022,02/16/2022,H,,Motion to Read a Third Time and Pass adopted Roll Call 177,,,,,Roll 177
HB296,Baker,Regular Session 2022,02/16/2022,S,,Read for the first time and referred to the Senate committee on Local Legislation,LL1,,,,
HB296,Baker,Regular Session 2022,02/22/2022,S,,Read for the second time and placed on the calendar,,,,,
HB296,Baker,Regular Session 2022,02/24/2022,S,,Third Reading Passed,,,,,
HB296,Baker,Regular Session 2022,02/24/2022,S,,Motion to Read a Third Time and Pass adopted Roll Call 405,,,,,Roll 405
HB296,Baker,Regular Session 2022,02/24/2022,H,,Passed Second House,,,,,
HB296,Baker,Regular Session 2022,02/24/2022,H,,Enrolled,,,,,
HB296,Baker,Regular Session 2022,03/01/2022,S,,Signature Requested,,,,,
HB296,Baker,Regular Session 2022,03/01/2022,H,,Clerk of the House Certification,,,,,
HB296,Baker,Regular Session 2022,,H,,Assigned Act No. 2022-96.,,,,,
HB296,Baker,Regular Session 2022,,H,,"Delivered to Governor at 3:00 p.m. on March 1, 2022.",,,,,
HB297,Scott,Regular Session 2022,02/08/2022,H,,Read for the first time and referred to the House of Representatives committee on Ways and Means Education,W&ME,,,,
HB297,Scott,Regular Session 2022,02/23/2022,H,,Read for the second time and placed on the calendar,,,,,
HB297,Scott,Regular Session 2022,03/01/2022,H,,Third Reading Passed,,,,,
HB297,Scott,Regular Session 2022,03/01/2022,H,,Motion to Read a Third Time and Pass adopted Roll Call 397,,,,,Roll 397
HB297,Scott,Regular Session 2022,03/01/2022,S,,Read for the first time and referred to the Senate committee on Finance and Taxation Education,F&TE,,,,
HB297,Scott,Regular Session 2022,03/29/2022,S,,Read for the second time and placed on the calendar with 1 substitute and,,0,12,0,
HB297,Scott,Regular Session 2022,03/31/2022,S,,Third Reading Passed,,,,,
HB297,Scott,Regular Session 2022,03/31/2022,S,219393-2,Finance and Taxation Education first Substitute Offered,,,,,
HB297,Scott,Regular Session 2022,03/31/2022,S,,Motion to Adopt adopted Roll Call 889,,,,,Roll 889
HB297,Scott,Regular Session 2022,03/31/2022,S,,Motion to Read a Third Time and Pass adopted Roll Call 890,,,,,Roll 890
HB297,Scott,Regular Session 2022,04/05/2022,H,,Concurrence Requested,,,,,
HB297,Scott,Regular Session 2022,04/05/2022,H,,Scott motion to Concur In and Adopt adopted Roll Call 883,,,,,Roll 883
HB297,Scott,Regular Session 2022,04/05/2022,S,,Concurred in Second House Amendment,,,,,
HB297,Scott,Regular Session 2022,04/05/2022,S,,Signature Requested,,,,,
HB297,Scott,Regular Session 2022,04/05/2022,H,,Enrolled,,,,,
HB297,Scott,Regular Session 2022,04/05/2022,H,,Clerk of the House Certification,,,,,
HB297,Scott,Regular Session 2022,,H,,Assigned Act No. 2022-341.,,,,,
HB297,Scott,Regular Session 2022,,H,,"Forwarded to Governor on April 5, 2022 at 3:29 p.m. on April 5, 2022.",,,,,
HB298,Givan,Regular Session 2022,02/08/2022,H,,Read for the first time and referred to the House of Representatives committee on Urban and Rural Development,U&RD,,,,
HB299,Shiver,Regular Session 2022,02/08/2022,H,,Read for the first time and referred to the House of Representatives committee on Baldwin County Legislation,BCL,,,,
HB299,Shiver,Regular Session 2022,02/16/2022,H,,Read for the second time and placed on the calendar,,,,,
HB299,Shiver,Regular Session 2022,02/17/2022,H,,Third Reading Passed,,,,,
HB299,Shiver,Regular Session 2022,02/17/2022,H,,Motion to Read a Third Time and Pass adopted Roll Call 225,,,,,Roll 225
HB299,Shiver,Regular Session 2022,02/17/2022,S,,Read for the first time and referred to the Senate committee on Local Legislation,LL1,,,,
HB299,Shiver,Regular Session 2022,03/17/2022,S,,Read for the second time and placed on the calendar,,,,,
HB299,Shiver,Regular Session 2022,03/29/2022,S,,Third Reading Passed,,,,,
HB299,Shiver,Regular Session 2022,03/29/2022,S,,Motion to Read a Third Time and Pass adopted Roll Call 707,,,,,Roll 707
HB299,Shiver,Regular Session 2022,03/29/2022,H,,Passed Second House,,,,,
HB299,Shiver,Regular Session 2022,03/29/2022,H,,Enrolled,,,,,
HB299,Shiver,Regular Session 2022,03/29/2022,S,,Signature Requested,,,,,
HB299,Shiver,Regular Session 2022,03/29/2022,H,,Clerk of the House Certification,,,,,
HB299,Shiver,Regular Session 2022,,H,,Assigned Act No. 2022-243.,,,,,
HB299,Shiver,Regular Session 2022,,H,,"Forwarded to Governor at 5:25 p.m. on March 29, 2022.",,,,,
HB300,Shiver,Regular Session 2022,02/08/2022,H,,Read for the first time and referred to the House of Representatives committee on Baldwin County Legislation,BCL,,,,
HB300,Shiver,Regular Session 2022,02/16/2022,H,,Read for the second time and placed on the calendar,,,,,
HB300,Shiver,Regular Session 2022,02/17/2022,H,,Third Reading Passed,,,,,
HB300,Shiver,Regular Session 2022,02/17/2022,H,,Motion to Read a Third Time and Pass adopted Roll Call 248,,,,,Roll 248
HB300,Shiver,Regular Session 2022,02/17/2022,S,,Read for the first time and referred to the Senate committee on Local Legislation,LL1,,,,
HB300,Shiver,Regular Session 2022,03/15/2022,S,,Read for the second time and placed on the calendar,,,,,
HB300,Shiver,Regular Session 2022,03/17/2022,S,,Third Reading Passed,,,,,
HB300,Shiver,Regular Session 2022,03/17/2022,S,,Motion to Read a Third Time and Pass adopted Roll Call 640,,,,,Roll 640
HB300,Shiver,Regular Session 2022,03/17/2022,H,,Passed Second House,,,,,
HB300,Shiver,Regular Session 2022,03/17/2022,S,,Signature Requested,,,,,
HB300,Shiver,Regular Session 2022,03/17/2022,H,,Enrolled,,,,,
HB300,Shiver,Regular Session 2022,03/17/2022,H,,Clerk of the House Certification,,,,,
HB300,Shiver,Regular Session 2022,,H,,Assigned Act No. 2022-172.,,,,,
HB300,Shiver,Regular Session 2022,,H,,"Forwarded to Governor on March 17, 2022 at 1:49 p.m.",,,,,
HB301,Shiver,Regular Session 2022,02/08/2022,H,,Read for the first time and referred to the House of Representatives committee on Baldwin County Legislation,BCL,,,,
HB301,Shiver,Regular Session 2022,02/16/2022,H,,Read for the second time and placed on the calendar  1 amendment,,,,,
HB301,Shiver,Regular Session 2022,02/17/2022,H,,Third Reading Passed,,,,,
HB301,Shiver,Regular Session 2022,02/17/2022,H,217406-2,Baldwin County Legislation  Amendment Offered,,,,,
HB301,Shiver,Regular Session 2022,02/17/2022,H,,Motion to Adopt adopted Roll Call 227,,,,,Roll 227
HB301,Shiver,Regular Session 2022,02/17/2022,H,,Motion to Read a Third Time and Pass adopted Roll Call 228,,,,,Roll 228
HB301,Shiver,Regular Session 2022,02/17/2022,H,,Engrossed,,,,,
HB301,Shiver,Regular Session 2022,02/17/2022,S,,Read for the first time and referred to the Senate committee on Local Legislation,LL1,,,,
HB301,Shiver,Regular Session 2022,03/15/2022,S,,Read for the second time and placed on the calendar,,,,,
HB301,Shiver,Regular Session 2022,03/17/2022,S,,Third Reading Passed,,,,,
HB301,Shiver,Regular Session 2022,03/17/2022,S,,Motion to Read a Third Time and Pass adopted Roll Call 642,,,,,Roll 642
HB301,Shiver,Regular Session 2022,03/17/2022,H,,Passed Second House,,,,,
HB301,Shiver,Regular Session 2022,03/17/2022,S,,Signature Requested,,,,,
HB301,Shiver,Regular Session 2022,03/17/2022,H,,Enrolled,,,,,
HB301,Shiver,Regular Session 2022,03/17/2022,H,,Clerk of the House Certification,,,,,
HB301,Shiver,Regular Session 2022,,H,,Assigned Act No. 2022-173.,,,,,
HB301,Shiver,Regular Session 2022,,H,,"Forwarded to Governor on March 17, 2022 at 1:49 p.m.",,,,,
HB302,Shiver,Regular Session 2022,02/08/2022,H,,Read for the first time and referred to the House of Representatives committee on Baldwin County Legislation,BCL,,,,
HB302,Shiver,Regular Session 2022,02/16/2022,H,,Read for the second time and placed on the calendar  1 amendment,,,,,
HB302,Shiver,Regular Session 2022,02/17/2022,H,,Third Reading Passed,,,,,
HB302,Shiver,Regular Session 2022,02/17/2022,H,217440-2,Baldwin County Legislation  Amendment Offered,,,,,
HB302,Shiver,Regular Session 2022,02/17/2022,H,,Motion to Adopt adopted Roll Call 230,,,,,Roll 230
HB302,Shiver,Regular Session 2022,02/17/2022,H,,Motion to Read a Third Time and Pass adopted Roll Call 231,,,,,Roll 231
HB302,Shiver,Regular Session 2022,02/17/2022,H,,Engrossed,,,,,
HB302,Shiver,Regular Session 2022,02/17/2022,S,,Read for the first time and referred to the Senate committee on Local Legislation,LL1,,,,
HB302,Shiver,Regular Session 2022,03/15/2022,S,,Read for the second time and placed on the calendar,,,,,
HB302,Shiver,Regular Session 2022,03/17/2022,S,,Third Reading Passed,,,,,
HB302,Shiver,Regular Session 2022,03/17/2022,S,,Motion to Read a Third Time and Pass adopted Roll Call 644,,,,,Roll 644
HB302,Shiver,Regular Session 2022,03/17/2022,H,,Passed Second House,,,,,
HB302,Shiver,Regular Session 2022,03/17/2022,S,,Signature Requested,,,,,
HB302,Shiver,Regular Session 2022,03/17/2022,H,,Enrolled,,,,,
HB302,Shiver,Regular Session 2022,03/17/2022,H,,Clerk of the House Certification,,,,,
HB302,Shiver,Regular Session 2022,,H,,Assigned Act No. 2022-174.,,,,,
HB302,Shiver,Regular Session 2022,,H,,"Forwarded to Governor on March 17, 2022 at 1:49 p.m.",,,,,
HB303,Bracy,Regular Session 2022,02/08/2022,H,,Read for the first time and referred to the House of Representatives committee on State Government,SG,,,,
HB304,Baker,Regular Session 2022,02/08/2022,H,,Read for the first time and referred to the House of Representatives committee on State Government,SG,,,,
HB304,Baker,Regular Session 2022,03/09/2022,H,,Read for the second time and placed on the calendar,,,,,
HB304,Baker,Regular Session 2022,03/17/2022,H,,Third Reading Passed,,,,,
HB304,Baker,Regular Session 2022,03/17/2022,H,,Wadsworth motion to Carry Over Temporarily lost Roll Call 698,,,,,Roll 698
HB304,Baker,Regular Session 2022,03/17/2022,H,,Motion to Read a Third Time and Pass adopted Roll Call 699,,,,,Roll 699
HB304,Baker,Regular Session 2022,03/29/2022,S,,Read for the first time and referred to the Senate committee on Fiscal Responsibility and Economic Development,FRED,,,,
HB304,Baker,Regular Session 2022,03/30/2022,S,,Read for the second time and placed on the calendar,,0,9,,
HB304,Baker,Regular Session 2022,04/06/2022,S,,Third Reading Passed,,,,,
HB304,Baker,Regular Session 2022,04/06/2022,S,,Motion to Read a Third Time and Pass adopted Roll Call 1028,,,,,Roll 1028
HB304,Baker,Regular Session 2022,04/06/2022,H,,Passed Second House,,,,,
HB304,Baker,Regular Session 2022,04/06/2022,H,,Enrolled,,,,,
HB304,Baker,Regular Session 2022,04/07/2022,S,,Signature Requested,,,,,
HB304,Baker,Regular Session 2022,04/07/2022,H,,Clerk of the House Certification,,,,,
HB304,Baker,Regular Session 2022,,H,,Assigned Act No. 2022-338.,,,,,
HB304,Baker,Regular Session 2022,,H,,"Delivered to Governor at 9:46 a.m. on April 7, 2022.",,,,,
HB305,Lee,Regular Session 2022,02/08/2022,H,,Read for the first time and referred to the House of Representatives committee on Commerce and Small Business,C&SB,,,,
HB305,Lee,Regular Session 2022,02/16/2022,H,,Read for the second time and placed on the calendar with 1 substitute and,,,,,
HB305,Lee,Regular Session 2022,02/24/2022,H,,Third Reading Passed,,,,,
HB305,Lee,Regular Session 2022,02/24/2022,H,217670-2,Commerce and Small Business first Substitute Offered,,,,,
HB305,Lee,Regular Session 2022,02/24/2022,H,,Motion to Adopt adopted Roll Call 362,,,,,Roll 362
HB305,Lee,Regular Session 2022,02/24/2022,H,,Motion to Read a Third Time and Pass adopted Roll Call 363,,,,,Roll 363
HB305,Lee,Regular Session 2022,02/24/2022,H,,Engrossed,,,,,
HB305,Lee,Regular Session 2022,03/01/2022,S,,Read for the first time and referred to the Senate committee on Fiscal Responsibility and Economic Development,FRED,,,,
HB305,Lee,Regular Session 2022,03/02/2022,S,,Read for the second time and placed on the calendar,,0,7,,
HB305,Lee,Regular Session 2022,03/15/2022,S,,Third Reading Carried Over,,,,,
HB305,Lee,Regular Session 2022,03/15/2022,S,,McClendon motion to Carry Over adopted Voice Vote,,,,,
HB305,Lee,Regular Session 2022,,S,,Further Consideration,,,,,
HB306,Shiver,Regular Session 2022,02/08/2022,H,,Read for the first time and referred to the House of Representatives committee on Baldwin County Legislation,BCL,,,,
HB306,Shiver,Regular Session 2022,02/16/2022,H,,Read for the second time and placed on the calendar,,,,,
HB306,Shiver,Regular Session 2022,02/17/2022,H,,Third Reading Passed,,,,,
HB306,Shiver,Regular Session 2022,02/17/2022,H,,Motion to Read a Third Time and Pass adopted Roll Call 233,,,,,Roll 233
HB306,Shiver,Regular Session 2022,02/17/2022,S,,Read for the first time and referred to the Senate committee on Local Legislation,LL1,,,,
HB306,Shiver,Regular Session 2022,03/15/2022,S,,Read for the second time and placed on the calendar,,,,,
HB306,Shiver,Regular Session 2022,03/17/2022,S,,Third Reading Passed,,,,,
HB306,Shiver,Regular Session 2022,03/17/2022,S,,Motion to Read a Third Time and Pass adopted Roll Call 646,,,,,Roll 646
HB306,Shiver,Regular Session 2022,03/17/2022,H,,Passed Second House,,,,,
HB306,Shiver,Regular Session 2022,03/17/2022,S,,Signature Requested,,,,,
HB306,Shiver,Regular Session 2022,03/17/2022,H,,Enrolled,,,,,
HB306,Shiver,Regular Session 2022,03/17/2022,H,,Clerk of the House Certification,,,,,
HB306,Shiver,Regular Session 2022,,H,,Assigned Act No. 2022-175.,,,,,
HB306,Shiver,Regular Session 2022,,H,,"Delivered to Governor at 1:49 p.m. on March 17, 2022.",,,,,
HB307,Baker,Regular Session 2022,02/08/2022,H,,Read for the first time and referred to the House of Representatives committee on Education Policy,EP,,,,
HB307,Baker,Regular Session 2022,02/16/2022,H,,Read for the second time and placed on the calendar,,,,,
HB307,Baker,Regular Session 2022,02/24/2022,H,,Third Reading Passed,,,,,
HB307,Baker,Regular Session 2022,02/24/2022,H,218039-1,Baker  Amendment Offered,,,,,
HB307,Baker,Regular Session 2022,02/24/2022,H,,Motion to Adopt adopted Roll Call 339,,,,,Roll 339
HB307,Baker,Regular Session 2022,02/24/2022,H,,Motion to Read a Third Time and Pass adopted Roll Call 340,,,,,Roll 340
HB307,Baker,Regular Session 2022,02/24/2022,H,,Engrossed,,,,,
HB307,Baker,Regular Session 2022,03/01/2022,S,,Read for the first time and referred to the Senate committee on Education Policy,ED,,,,
HB307,Baker,Regular Session 2022,03/09/2022,S,,Read for the second time and placed on the calendar,,0,10,,
HB307,Baker,Regular Session 2022,03/17/2022,S,,Third Reading Passed,,,,,
HB307,Baker,Regular Session 2022,03/17/2022,S,,Motion to Read a Third Time and Pass adopted Roll Call 670,,,,,Roll 670
HB307,Baker,Regular Session 2022,03/17/2022,H,,Passed Second House,,,,,
HB307,Baker,Regular Session 2022,03/17/2022,H,,Enrolled,,,,,
HB307,Baker,Regular Session 2022,03/29/2022,S,,Signature Requested,,,,,
HB307,Baker,Regular Session 2022,03/29/2022,H,,Clerk of the House Certification,,,,,
HB307,Baker,Regular Session 2022,,H,,Assigned Act No. 2022-239.,,,,,
HB307,Baker,Regular Session 2022,,H,,"Delivered to Governor at 3:34 p.m. on March 29, 2022.",,,,,
HB308,Ingram,Regular Session 2022,02/08/2022,H,,Read for the first time and referred to the House of Representatives committee on Ways and Means General Fund,W&MGF,,,,
HB308,Ingram,Regular Session 2022,02/16/2022,H,,Read for the second time and placed on the calendar  1 amendment,,,,,
HB308,Ingram,Regular Session 2022,03/02/2022,H,,Third Reading Passed,,,,,
HB308,Ingram,Regular Session 2022,03/02/2022,H,217615-2,Ways and Means General Fund  Amendment Offered,,,,,
HB308,Ingram,Regular Session 2022,03/02/2022,H,,Motion to Adopt adopted Roll Call 433,,,,,Roll 433
HB308,Ingram,Regular Session 2022,03/02/2022,H,,Motion to Read a Third Time and Pass adopted Roll Call 434,,,,,Roll 434
HB308,Ingram,Regular Session 2022,03/02/2022,H,,"Dismukes intended to vote ""Yea""",,,,,
HB308,Ingram,Regular Session 2022,03/02/2022,H,,Engrossed,,,,,
HB308,Ingram,Regular Session 2022,03/02/2022,S,,Read for the first time and referred to the Senate committee on Finance and Taxation General Fund,F&TG,,,,
HB308,Ingram,Regular Session 2022,03/30/2022,S,,Read for the second time and placed on the calendar  1 amendment,,0,11,,
HB308,Ingram,Regular Session 2022,04/06/2022,S,,Third Reading Passed,,,,,
HB308,Ingram,Regular Session 2022,04/06/2022,S,219497-2,Finance and Taxation General Fund  Amendment Offered,,,,,
HB308,Ingram,Regular Session 2022,04/06/2022,S,,Albritton motion to Table adopted Voice Vote,,,,,
HB308,Ingram,Regular Session 2022,04/06/2022,S,219632-1,Albritton  Amendment Offered,,,,,
HB308,Ingram,Regular Session 2022,04/06/2022,S,,Albritton motion to Adopt adopted Roll Call 1042,,,,,Roll 1042
HB308,Ingram,Regular Session 2022,04/06/2022,S,,Motion to Read a Third Time and Pass adopted Roll Call 1043,,,,,Roll 1043
HB308,Ingram,Regular Session 2022,04/07/2022,H,,Concurrence Requested,,,,,
HB308,Ingram,Regular Session 2022,04/07/2022,H,,Ingram motion to Concur In and Adopt adopted Roll Call 973,,,,,Roll 973
HB308,Ingram,Regular Session 2022,04/07/2022,S,,Concurred in Second House Amendment,,,,,
HB308,Ingram,Regular Session 2022,04/07/2022,S,,Signature Requested,,,,,
HB308,Ingram,Regular Session 2022,04/07/2022,H,,Enrolled,,,,,
HB308,Ingram,Regular Session 2022,04/07/2022,H,,Clerk of the House Certification,,,,,
HB308,Ingram,Regular Session 2022,,H,,Assigned Act No. 2022-351.,,,,,
HB308,Ingram,Regular Session 2022,,H,,"Forwarded to Governor on April 7, 2022 at 6:15 p.m. on April 7, 2022.",,,,,
HB309,Lawrence,Regular Session 2022,02/08/2022,H,,Read for the first time and referred to the House of Representatives committee on Local Legislation,LL,,,,
HB309,Lawrence,Regular Session 2022,02/23/2022,H,,Read for the second time and placed on the calendar,,,,,
HB309,Lawrence,Regular Session 2022,02/24/2022,H,,Third Reading Passed,,,,,
HB309,Lawrence,Regular Session 2022,02/24/2022,H,,Motion to Read a Third Time and Pass adopted Roll Call 295,,,,,Roll 295
HB309,Lawrence,Regular Session 2022,03/01/2022,S,,Read for the first time and referred to the Senate committee on Local Legislation,LL1,,,,
HB309,Lawrence,Regular Session 2022,03/15/2022,S,,Read for the second time and placed on the calendar,,,,,
HB309,Lawrence,Regular Session 2022,03/17/2022,S,,Third Reading Passed,,,,,
HB309,Lawrence,Regular Session 2022,03/17/2022,S,,Motion to Read a Third Time and Pass adopted Roll Call 626,,,,,Roll 626
HB309,Lawrence,Regular Session 2022,03/17/2022,H,,Passed Second House,,,,,
HB309,Lawrence,Regular Session 2022,03/17/2022,S,,Signature Requested,,,,,
HB309,Lawrence,Regular Session 2022,03/17/2022,H,,Enrolled,,,,,
HB309,Lawrence,Regular Session 2022,03/17/2022,H,,Clerk of the House Certification,,,,,
HB309,Lawrence,Regular Session 2022,,H,,Assigned Act No. 2022-191.,,,,,
HB309,Lawrence,Regular Session 2022,,H,,"Delivered to Governor at 1:49 p.m. on March 17, 2022.",,,,,
HB310,Standridge,Regular Session 2022,02/08/2022,H,,Read for the first time and referred to the House of Representatives committee on Judiciary,JUDY,,,,
HB310,Standridge,Regular Session 2022,03/10/2022,H,,Rereferred from JUDY to PS&HS,PS&HS,,,,
HB310,Standridge,Regular Session 2022,03/17/2022,H,,Read for the second time and placed on the calendar,,,,,
HB310,Standridge,Regular Session 2022,,H,,Pending third reading on day 24 Favorable from Public Safety and Homeland Security,,,,,
HB311,Lovvorn,Regular Session 2022,02/08/2022,H,,Read for the first time and referred to the House of Representatives committee on Ways and Means Education,W&ME,,,,
HB311,Lovvorn,Regular Session 2022,02/16/2022,H,,Read for the second time and placed on the calendar,,,,,
HB311,Lovvorn,Regular Session 2022,,H,,Pending third reading on day 12 Favorable from Ways and Means Education,,,,,
HB312,Oliver,Regular Session 2022,02/08/2022,H,,Read for the first time and referred to the House of Representatives committee on State Government,SG,,,,
HB312,Oliver,Regular Session 2022,03/15/2022,H,,Read for the second time and placed on the calendar  1 amendment,,,,,
HB312,Oliver,Regular Session 2022,03/17/2022,H,,Third Reading Passed,,,,,
HB312,Oliver,Regular Session 2022,03/17/2022,H,218650-2,State Government  Amendment Offered,,,,,
HB312,Oliver,Regular Session 2022,03/17/2022,H,,Motion to Adopt adopted Roll Call 650,,,,,Roll 650
HB312,Oliver,Regular Session 2022,03/17/2022,H,218998-1,Boyd  Amendment Offered,,,,,
HB312,Oliver,Regular Session 2022,03/17/2022,H,,Motion to Adopt adopted Roll Call 651,,,,,Roll 651
HB312,Oliver,Regular Session 2022,03/17/2022,H,,Ledbetter motion to Previous Question adopted Roll Call 652,,,,,Roll 652
HB312,Oliver,Regular Session 2022,03/17/2022,H,,Motion to Read a Third Time and Pass adopted Roll Call 653,,,,,Roll 653
HB312,Oliver,Regular Session 2022,03/17/2022,H,,"McCutcheon and Faust intended to vote ""Yea""",,,,,
HB312,Oliver,Regular Session 2022,03/17/2022,H,,Engrossed,,,,,
HB312,Oliver,Regular Session 2022,04/05/2022,S,,Read for the second time and placed on the calendar,,2,9,,
HB312,Oliver,Regular Session 2022,03/17/2022,S,,Read for the first time and referred to the Senate committee on Governmental Affairs,GA,,,,
HB312,Oliver,Regular Session 2022,,S,,Pending third reading on day 28 Favorable from Governmental Affairs,,,,,
HB313,Collins,Regular Session 2022,02/08/2022,H,,"Read for the first time and referred to the House of Representatives committee on Boards, Agencies and Commissions",BA&C,,,,
HB313,Collins,Regular Session 2022,02/16/2022,H,,Read for the second time and placed on the calendar,,,,,
HB313,Collins,Regular Session 2022,03/03/2022,H,,Third Reading Passed,,,,,
HB313,Collins,Regular Session 2022,03/03/2022,H,,Motion to Read a Third Time and Pass adopted Roll Call 470,,,,,Roll 470
HB313,Collins,Regular Session 2022,03/03/2022,S,,Read for the first time and referred to the Senate committee on Governmental Affairs,GA,,,,
HB313,Collins,Regular Session 2022,03/08/2022,S,,Read for the second time and placed on the calendar,,0,7,,
HB313,Collins,Regular Session 2022,03/09/2022,S,,Third Reading Passed,,,,,
HB313,Collins,Regular Session 2022,03/09/2022,S,,Motion to Read a Third Time and Pass adopted Roll Call 515,,,,,Roll 515
HB313,Collins,Regular Session 2022,03/09/2022,H,,Passed Second House,,,,,
HB313,Collins,Regular Session 2022,03/09/2022,H,,Enrolled,,,,,
HB313,Collins,Regular Session 2022,03/10/2022,S,,Signature Requested,,,,,
HB313,Collins,Regular Session 2022,03/10/2022,H,,Clerk of the House Certification,,,,,
HB313,Collins,Regular Session 2022,,H,,Assigned Act No. 2022-156.,,,,,
HB313,Collins,Regular Session 2022,,H,,"Delivered to Governor at 9:30 a.m. on March 10, 2022.",,,,,
HB314,Robbins,Regular Session 2022,02/08/2022,H,,Read for the first time and referred to the House of Representatives committee on Judiciary,JUDY,,,,
HB314,Robbins,Regular Session 2022,03/17/2022,H,,Read for the second time and placed on the calendar  1 amendment,,,,,
HB314,Robbins,Regular Session 2022,03/31/2022,H,,Third Reading Carried Over to Call of the Chair,,,,,
HB314,Robbins,Regular Session 2022,03/31/2022,H,218990-2,Judiciary  Amendment Offered,,,,,
HB314,Robbins,Regular Session 2022,03/31/2022,H,,Motion to Adopt adopted Roll Call 833,,,,,Roll 833
HB314,Robbins,Regular Session 2022,03/31/2022,H,219018-2,Paschal  Amendment Offered,,,,,
HB314,Robbins,Regular Session 2022,03/31/2022,H,,Robbins motion to Table adopted Roll Call 834,,,,,Roll 834
HB314,Robbins,Regular Session 2022,03/31/2022,H,,Paschal motion to Carry Over lost Roll Call 835,,,,,Roll 835
HB314,Robbins,Regular Session 2022,03/31/2022,H,218358-2,Oliver  Amendment Offered,,,,,
HB314,Robbins,Regular Session 2022,03/31/2022,H,,Robbins motion to Table adopted Roll Call 836,,,,,Roll 836
HB314,Robbins,Regular Session 2022,03/31/2022,H,,Simpson motion to Carry Over to the Call of the Chair adopted Roll Call 837,,,,,Roll 837
HB314,Robbins,Regular Session 2022,03/31/2022,H,,Third Reading Passed,,,,,
HB314,Robbins,Regular Session 2022,03/31/2022,H,219698-1,Reynolds  Amendment Offered,,,,,
HB314,Robbins,Regular Session 2022,03/31/2022,H,,Motion to Adopt adopted Roll Call 877,,,,,Roll 877
HB314,Robbins,Regular Session 2022,03/31/2022,H,,Motion to Read a Third Time and Pass adopted Roll Call 878,,,,,Roll 878
HB314,Robbins,Regular Session 2022,03/31/2022,H,,Engrossed,,,,,
HB314,Robbins,Regular Session 2022,04/05/2022,S,,Read for the first time and referred to the Senate committee on Governmental Affairs,GA,,,,
HB315,Givan,Regular Session 2022,02/08/2022,H,,Read for the first time and referred to the House of Representatives committee on Judiciary,JUDY,,,,
HB315,Givan,Regular Session 2022,02/23/2022,H,,Read for the second time and placed on the calendar,,,,,
HB315,Givan,Regular Session 2022,03/09/2022,H,,Third Reading Passed,,,,,
HB315,Givan,Regular Session 2022,03/09/2022,H,218575-1,Givan  Amendment Offered,,,,,
HB315,Givan,Regular Session 2022,03/09/2022,H,,Motion to Adopt adopted Roll Call 532,,,,,Roll 532
HB315,Givan,Regular Session 2022,03/09/2022,H,,Motion to Read a Third Time and Pass adopted Roll Call 533,,,,,Roll 533
HB315,Givan,Regular Session 2022,03/09/2022,H,,Engrossed,,,,,
HB315,Givan,Regular Session 2022,03/10/2022,S,,Read for the first time and referred to the Senate committee on Judiciary,JUDY,,,,
HB315,Givan,Regular Session 2022,03/30/2022,S,,Read for the second time and placed on the calendar,,0,10,,
HB315,Givan,Regular Session 2022,04/07/2022,S,,Third Reading Passed,,,,,
HB315,Givan,Regular Session 2022,04/07/2022,S,,Motion to Read a Third Time and Pass adopted Roll Call 1093,,,,,Roll 1093
HB315,Givan,Regular Session 2022,04/07/2022,H,,Passed Second House,,,,,
HB315,Givan,Regular Session 2022,04/07/2022,H,,Enrolled,,,,,
HB315,Givan,Regular Session 2022,04/07/2022,S,,Signature Requested,,,,,
HB315,Givan,Regular Session 2022,04/07/2022,H,,Clerk of the House Certification,,,,,
HB315,Givan,Regular Session 2022,,H,,Assigned Act No. 2022-439.,,,,,
HB315,Givan,Regular Session 2022,,H,,"Forwarded to Governor at 10:40 p.m. on April 7, 2022.",,,,,
HB316,Givan,Regular Session 2022,02/08/2022,H,,Read for the first time and referred to the House of Representatives committee on State Government,SG,,,,
HB317,Wheeler,Regular Session 2022,02/09/2022,H,,"Read for the first time and referred to the House of Representatives committee on Constitution, Campaigns and Elections",CC&E,,,,
HB318,Isbell,Regular Session 2022,02/09/2022,H,,Read for the first time and referred to the House of Representatives committee on Commerce and Small Business,C&SB,,,,
HB318,Isbell,Regular Session 2022,03/09/2022,H,,Read for the second time and placed on the calendar,,,,,
HB318,Isbell,Regular Session 2022,03/17/2022,H,,Third Reading Passed,,,,,
HB318,Isbell,Regular Session 2022,03/17/2022,H,219014-1,Isbell  Amendment Offered,,,,,
HB318,Isbell,Regular Session 2022,03/17/2022,H,,Motion to Adopt adopted Roll Call 663,,,,,Roll 663
HB318,Isbell,Regular Session 2022,03/17/2022,H,,Motion to Read a Third Time and Pass adopted Roll Call 664,,,,,Roll 664
HB318,Isbell,Regular Session 2022,03/29/2022,S,,Read for the first time and referred to the Senate committee on Fiscal Responsibility and Economic Development,FRED,,,,
HB318,Isbell,Regular Session 2022,03/17/2022,H,,Engrossed,,,,,
HB318,Isbell,Regular Session 2022,03/30/2022,S,,Read for the second time and placed on the calendar,,0,10,,
HB318,Isbell,Regular Session 2022,04/07/2022,S,,Third Reading Passed,,,,,
HB318,Isbell,Regular Session 2022,04/07/2022,S,220035-3,Waggoner  Amendment Offered,,,,,
HB318,Isbell,Regular Session 2022,04/07/2022,S,,Waggoner motion to Adopt adopted Roll Call 1071,,,,,Roll 1071
HB318,Isbell,Regular Session 2022,04/07/2022,S,,Motion to Read a Third Time and Pass adopted Roll Call 1072,,,,,Roll 1072
HB318,Isbell,Regular Session 2022,04/07/2022,H,,Concurrence Requested,,,,,
HB318,Isbell,Regular Session 2022,04/07/2022,H,,Isbell motion to Concur In and Adopt adopted Roll Call 1022,,,,,Roll 1022
HB318,Isbell,Regular Session 2022,04/07/2022,S,,Concurred in Second House Amendment,,,,,
HB318,Isbell,Regular Session 2022,04/07/2022,S,,Signature Requested,,,,,
HB318,Isbell,Regular Session 2022,04/07/2022,H,,Enrolled,,,,,
HB318,Isbell,Regular Session 2022,04/07/2022,H,,Clerk of the House Certification,,,,,
HB318,Isbell,Regular Session 2022,,H,,Assigned Act No. 2022-441.,,,,,
HB318,Isbell,Regular Session 2022,,H,,"Forwarded to Governor at 11:30 p.m. on April 7, 2022.",,,,,
HB319,Coleman,Regular Session 2022,02/09/2022,H,,"Read for the first time and referred to the House of Representatives committee on Constitution, Campaigns and Elections",CC&E,,,,
HB319,Coleman,Regular Session 2022,02/16/2022,H,,Read for the second time and placed on the calendar,,,,,
HB319,Coleman,Regular Session 2022,02/24/2022,H,,Third Reading Passed,,,,,
HB319,Coleman,Regular Session 2022,02/24/2022,H,,Motion to Read a Third Time and Pass adopted Roll Call 335,,,,,Roll 335
HB319,Coleman,Regular Session 2022,03/01/2022,S,,Read for the first time and referred to the Senate committee on Governmental Affairs,GA,,,,
HB319,Coleman,Regular Session 2022,03/08/2022,S,,Read for the second time and placed on the calendar,,0,7,,
HB319,Coleman,Regular Session 2022,03/17/2022,S,,Third Reading Passed,,,,,
HB319,Coleman,Regular Session 2022,03/17/2022,S,,Motion to Read a Third Time and Pass adopted Roll Call 683,,,,,Roll 683
HB319,Coleman,Regular Session 2022,03/17/2022,H,,Passed Second House,,,,,
HB319,Coleman,Regular Session 2022,03/17/2022,H,,Enrolled,,,,,
HB319,Coleman,Regular Session 2022,03/29/2022,H,,Clerk of the House Certification,,,,,
HB319,Coleman,Regular Session 2022,03/29/2022,S,,Signature Requested,,,,,
HB319,Coleman,Regular Session 2022,,H,,Delivered to Secretary of State at 3:38 p.m. on March 29.2022.,,,,,
HB319,Coleman,Regular Session 2022,,H,,Assigned Act No. 2022-177.,,,,,
HB320,Hanes,Regular Session 2022,02/09/2022,H,,Read for the first time and referred to the House of Representatives committee on Local Legislation,LL,,,,
HB321,Blackshear,Regular Session 2022,02/09/2022,H,,Read for the first time and referred to the House of Representatives committee on Ways and Means Education,W&ME,,,,
HB322,Stadthagen,Regular Session 2022,02/09/2022,H,,Read for the first time and referred to the House of Representatives committee on Education Policy,EP,,,,
HB322,Stadthagen,Regular Session 2022,02/16/2022,H,,Read for the second time and placed on the calendar,,,,,
HB322,Stadthagen,Regular Session 2022,02/22/2022,H,,Third Reading Passed,,,,,
HB322,Stadthagen,Regular Session 2022,02/22/2022,H,,Motion to Read a Third Time and Pass adopted Roll Call 285,,,,,Roll 285
HB322,Stadthagen,Regular Session 2022,03/08/2022,S,,Read for the first time and referred to the Senate committee on Governmental Affairs,GA,,,,
HB322,Stadthagen,Regular Session 2022,04/05/2022,S,,Read for the second time and placed on the calendar,,1,9,,
HB322,Stadthagen,Regular Session 2022,04/07/2022,S,,Third Reading Passed,,,,,
HB322,Stadthagen,Regular Session 2022,04/07/2022,S,219979-1,Shelnutt  Amendment Offered,,,,,
HB322,Stadthagen,Regular Session 2022,04/07/2022,S,,Motion to Miscellaneous adopted Roll Call 1056,,,,,Roll 1056
HB322,Stadthagen,Regular Session 2022,04/07/2022,S,,Shelnutt motion to Adopt adopted Roll Call 1057,,,,,Roll 1057
HB322,Stadthagen,Regular Session 2022,04/07/2022,S,,Motion to Read a Third Time and Pass adopted Roll Call 1058,,,,,Roll 1058
HB322,Stadthagen,Regular Session 2022,04/07/2022,H,,Concurrence Requested,,,,,
HB322,Stadthagen,Regular Session 2022,04/07/2022,H,,Kitchens motion to Previous Question adopted Roll Call 977,,,,,Roll 977
HB322,Stadthagen,Regular Session 2022,04/07/2022,H,,Givan motion challenging Rule 25 interpretation,,,,,Roll 976
HB322,Stadthagen,Regular Session 2022,04/07/2022,H,,Stadthagen motion to Concur In and Adopt adopted Roll Call 978,,,,,Roll 978
HB322,Stadthagen,Regular Session 2022,04/07/2022,S,,Concurred in Second House Amendment,,,,,
HB322,Stadthagen,Regular Session 2022,04/07/2022,H,,Enrolled,,,,,
HB322,Stadthagen,Regular Session 2022,04/07/2022,S,,Signature Requested,,,,,
HB322,Stadthagen,Regular Session 2022,04/07/2022,H,,Clerk of the House Certification,,,,,
HB322,Stadthagen,Regular Session 2022,,H,,Assigned Act No. 2022-290.,,,,,
HB322,Stadthagen,Regular Session 2022,,H,,"Delivered to Governor at 9:36 p.m. on April 7, 2022.",,,,,
HB323,Hill,Regular Session 2022,02/09/2022,H,,Read for the first time and referred to the House of Representatives committee on Ways and Means General Fund,W&MGF,,,,
HB323,Hill,Regular Session 2022,02/16/2022,H,,Read for the second time and placed on the calendar,,,,,
HB323,Hill,Regular Session 2022,03/09/2022,H,,Third Reading Passed,,,,,
HB323,Hill,Regular Session 2022,03/09/2022,H,,Motion to Read a Third Time and Pass adopted Roll Call 538,,,,,Roll 538
HB323,Hill,Regular Session 2022,03/10/2022,S,,Read for the first time and referred to the Senate committee on Finance and Taxation General Fund,F&TG,,,,
HB324,Rogers,Regular Session 2022,02/09/2022,H,,Read for the first time and referred to the House of Representatives committee on Commerce and Small Business,C&SB,,,,
HB325,Rogers,Regular Session 2022,02/09/2022,H,,Read for the first time and referred to the House of Representatives committee on State Government,SG,,,,
HB326,Rogers,Regular Session 2022,02/09/2022,H,,Read for the first time and referred to the House of Representatives committee on Judiciary,JUDY,,,,
HB327,Kiel,Regular Session 2022,02/09/2022,H,,Read for the first time and referred to the House of Representatives committee on Local Legislation,LL,,,,
HB327,Kiel,Regular Session 2022,02/15/2022,H,,Read for the second time and placed on the calendar,,,,,
HB327,Kiel,Regular Session 2022,02/16/2022,H,,Third Reading Passed,,,,,
HB327,Kiel,Regular Session 2022,02/16/2022,H,,Motion to Read a Third Time and Pass adopted Roll Call 171,,,,,Roll 171
HB327,Kiel,Regular Session 2022,02/16/2022,S,,Read for the first time and referred to the Senate committee on Local Legislation,LL1,,,,
HB327,Kiel,Regular Session 2022,03/15/2022,S,,Read for the second time and placed on the calendar,,,,,
HB327,Kiel,Regular Session 2022,03/17/2022,S,,Third Reading Passed,,,,,
HB327,Kiel,Regular Session 2022,03/17/2022,S,,Motion to Read a Third Time and Pass adopted Roll Call 634,,,,,Roll 634
HB327,Kiel,Regular Session 2022,03/17/2022,H,,Passed Second House,,,,,
HB327,Kiel,Regular Session 2022,03/17/2022,S,,Signature Requested,,,,,
HB327,Kiel,Regular Session 2022,03/17/2022,H,,Enrolled,,,,,
HB327,Kiel,Regular Session 2022,03/17/2022,H,,Clerk of the House Certification,,,,,
HB327,Kiel,Regular Session 2022,,H,,Assigned Act No. 2022-192.,,,,,
HB327,Kiel,Regular Session 2022,,H,,"Delivered to Governor at 1:49 p.m. on March 17, 2022.",,,,,
HB328,Isbell,Regular Session 2022,02/09/2022,H,,Read for the first time and referred to the House of Representatives committee on Economic Development and Tourism,ED&T,,,,
HB329,Lovvorn,Regular Session 2022,02/09/2022,H,,Read for the first time and referred to the House of Representatives committee on Ways and Means General Fund,W&MGF,,,,
HB329,Lovvorn,Regular Session 2022,02/16/2022,H,,Read for the second time and placed on the calendar,,,,,
HB329,Lovvorn,Regular Session 2022,02/24/2022,H,,Third Reading Passed,,,,,
HB329,Lovvorn,Regular Session 2022,02/24/2022,H,,Motion to Read a Third Time and Pass adopted Roll Call 318,,,,,Roll 318
HB329,Lovvorn,Regular Session 2022,03/01/2022,S,,Read for the first time and referred to the Senate committee on Finance and Taxation General Fund,F&TG,,,,
HB330,Treadaway,Regular Session 2022,02/09/2022,H,,Read for the first time and referred to the House of Representatives committee on State Government,SG,,,,
HB330,Treadaway,Regular Session 2022,02/15/2022,H,,Rereferred from SG to JCL,JCL,,,,
HB331,Warren,Regular Session 2022,02/09/2022,H,,Read for the first time and referred to the House of Representatives committee on Education Policy,EP,,,,
HB331,Warren,Regular Session 2022,02/16/2022,H,,Read for the second time and placed on the calendar,,,,,
HB331,Warren,Regular Session 2022,02/23/2022,H,,Third Reading Passed,,,,,
HB331,Warren,Regular Session 2022,02/23/2022,H,,Motion to Read a Third Time and Pass adopted Roll Call 292,,,,,Roll 292
HB331,Warren,Regular Session 2022,02/23/2022,S,,Read for the first time and referred to the Senate committee on Finance and Taxation Education,F&TE,,,,
HB331,Warren,Regular Session 2022,03/29/2022,S,,Read for the second time and placed on the calendar,,0,12,0,
HB331,Warren,Regular Session 2022,,S,,Pending third reading on day 25 Favorable from Finance and Taxation Education,,,,,
HB332,Treadaway,Regular Session 2022,02/10/2022,H,,Read for the first time and referred to the House of Representatives committee on Judiciary,JUDY,,,,
HB332,Treadaway,Regular Session 2022,03/09/2022,H,,Read for the second time and placed on the calendar,,,,,
HB332,Treadaway,Regular Session 2022,03/31/2022,H,,Third Reading Passed,,,,,
HB332,Treadaway,Regular Session 2022,03/31/2022,H,,Motion to Read a Third Time and Pass adopted Roll Call 876,,,,,Roll 876
HB332,Treadaway,Regular Session 2022,04/05/2022,S,,Read for the first time and referred to the Senate committee on Judiciary,JUDY,,,,
HB332,Treadaway,Regular Session 2022,04/06/2022,S,,Read for the second time and placed on the calendar,,2,6,,
HB332,Treadaway,Regular Session 2022,,S,,Pending third reading on day 29 Favorable from Judiciary,,,,,
HB333,Almond,Regular Session 2022,02/10/2022,H,,"Read for the first time and referred to the House of Representatives committee on Boards, Agencies and Commissions",BA&C,,,,
HB333,Almond,Regular Session 2022,02/16/2022,H,,Read for the second time and placed on the calendar  1 amendment,,,,,
HB333,Almond,Regular Session 2022,02/24/2022,H,,Third Reading Passed,,,,,
HB333,Almond,Regular Session 2022,02/24/2022,H,217694-2,"Boards, Agencies and Commissions  Amendment Offered",,,,,
HB333,Almond,Regular Session 2022,02/24/2022,H,,Motion to Adopt adopted Roll Call 359,,,,,Roll 359
HB333,Almond,Regular Session 2022,02/24/2022,H,,Motion to Read a Third Time and Pass adopted Roll Call 360,,,,,Roll 360
HB333,Almond,Regular Session 2022,02/24/2022,H,,"McCampbell intended to vote ""Yea""",,,,,
HB333,Almond,Regular Session 2022,02/24/2022,H,,Engrossed,,,,,
HB333,Almond,Regular Session 2022,03/01/2022,S,,Read for the first time and referred to the Senate committee on Governmental Affairs,GA,,,,
HB333,Almond,Regular Session 2022,03/08/2022,S,,Read for the second time and placed on the calendar,,0,7,,
HB333,Almond,Regular Session 2022,03/17/2022,S,,Third Reading Passed,,,,,
HB333,Almond,Regular Session 2022,03/17/2022,S,,Motion to Read a Third Time and Pass adopted Roll Call 681,,,,,Roll 681
HB333,Almond,Regular Session 2022,03/17/2022,H,,Passed Second House,,,,,
HB333,Almond,Regular Session 2022,03/17/2022,H,,Enrolled,,,,,
HB333,Almond,Regular Session 2022,03/29/2022,S,,Signature Requested,,,,,
HB333,Almond,Regular Session 2022,03/29/2022,H,,Clerk of the House Certification,,,,,
HB333,Almond,Regular Session 2022,,H,,Assigned Act No. 2022-240.,,,,,
HB333,Almond,Regular Session 2022,,H,,"Delivered to Governor at 3:34 p.m. on March 29, 2022.",,,,,
HB334,Hanes,Regular Session 2022,02/10/2022,H,,Read for the first time and referred to the House of Representatives committee on Agriculture and Forestry,A&F,,,,
HB335,Blackshear,Regular Session 2022,02/10/2022,H,,Read for the first time and referred to the House of Representatives committee on Financial Services,FS,,,,
HB335,Blackshear,Regular Session 2022,02/16/2022,H,,Read for the second time and placed on the calendar,,,,,
HB335,Blackshear,Regular Session 2022,03/01/2022,H,,Third Reading Passed,,,,,
HB335,Blackshear,Regular Session 2022,03/01/2022,H,,Motion to Read a Third Time and Pass adopted Roll Call 373,,,,,Roll 373
HB335,Blackshear,Regular Session 2022,03/01/2022,H,,"Shiver intended to vote ""Yea""",,,,,
HB335,Blackshear,Regular Session 2022,03/01/2022,S,,Read for the first time and referred to the Senate committee on Banking and Insurance,B&I,,,,
HB335,Blackshear,Regular Session 2022,03/09/2022,S,,Read for the second time and placed on the calendar,,0,13,,
HB335,Blackshear,Regular Session 2022,03/17/2022,S,,Third Reading Passed,,,,,
HB335,Blackshear,Regular Session 2022,03/17/2022,S,,Motion to Read a Third Time and Pass adopted Roll Call 659,,,,,Roll 659
HB335,Blackshear,Regular Session 2022,03/17/2022,H,,Passed Second House,,,,,
HB335,Blackshear,Regular Session 2022,03/17/2022,H,,Enrolled,,,,,
HB335,Blackshear,Regular Session 2022,03/29/2022,S,,Signature Requested,,,,,
HB335,Blackshear,Regular Session 2022,03/29/2022,H,,Clerk of the House Certification,,,,,
HB335,Blackshear,Regular Session 2022,,H,,Assigned Act No. 2022-207.,,,,,
HB335,Blackshear,Regular Session 2022,,H,,"Delivered to Governor at 3:34 p.m. on March 29, 2022.",,,,,
HB336,Reynolds,Regular Session 2022,02/10/2022,H,,"Read for the first time and referred to the House of Representatives committee on Boards, Agencies and Commissions",BA&C,,,,
HB336,Reynolds,Regular Session 2022,03/02/2022,H,,Read for the second time and placed on the calendar with 1 substitute and,,,,,
HB336,Reynolds,Regular Session 2022,03/09/2022,H,,Third Reading Passed,,,,,
HB336,Reynolds,Regular Session 2022,03/09/2022,H,218244-2,"Boards, Agencies and Commissions first Substitute Offered",,,,,
HB336,Reynolds,Regular Session 2022,03/09/2022,H,,Motion to Adopt adopted Roll Call 540,,,,,Roll 540
HB336,Reynolds,Regular Session 2022,03/09/2022,H,,Motion to Read a Third Time and Pass adopted Roll Call 541,,,,,Roll 541
HB336,Reynolds,Regular Session 2022,03/09/2022,H,,Engrossed,,,,,
HB336,Reynolds,Regular Session 2022,03/10/2022,S,,Read for the first time and referred to the Senate committee on Governmental Affairs,GA,,,,
HB336,Reynolds,Regular Session 2022,03/15/2022,S,,Read for the second time and placed on the calendar  1 amendment,,0,9,,
HB336,Reynolds,Regular Session 2022,03/30/2022,S,,Third Reading Passed,,,,,
HB336,Reynolds,Regular Session 2022,03/30/2022,S,218923-2,Governmental Affairs  Amendment Offered,,,,,
HB336,Reynolds,Regular Session 2022,03/30/2022,S,,Hatcher motion to Adopt adopted Roll Call 825,,,,,Roll 825
HB336,Reynolds,Regular Session 2022,03/30/2022,S,,Motion to Read a Third Time and Pass adopted Roll Call 826,,,,,Roll 826
HB336,Reynolds,Regular Session 2022,03/31/2022,H,,Concurrence Requested,,,,,
HB336,Reynolds,Regular Session 2022,03/31/2022,H,,Reynolds motion to Concur In and Adopt adopted Roll Call 820,,,,,Roll 820
HB336,Reynolds,Regular Session 2022,03/31/2022,S,,Concurred in Second House Amendment,,,,,
HB336,Reynolds,Regular Session 2022,03/31/2022,H,,Enrolled,,,,,
HB336,Reynolds,Regular Session 2022,03/31/2022,S,,Signature Requested,,,,,
HB336,Reynolds,Regular Session 2022,03/31/2022,H,,Clerk of the House Certification,,,,,
HB336,Reynolds,Regular Session 2022,,H,,Assigned Act No. 2022-284.,,,,,
HB336,Reynolds,Regular Session 2022,,H,,"Delivered to Governor at 12:43 p.m. on March 31, 2022.",,,,,
HB337,Shaver,Regular Session 2022,02/10/2022,H,,Read for the first time and referred to the House of Representatives committee on Judiciary,JUDY,,,,
HB337,Shaver,Regular Session 2022,03/17/2022,H,,Read for the second time and placed on the calendar,,,,,
HB337,Shaver,Regular Session 2022,03/31/2022,H,,Third Reading Passed,,,,,
HB337,Shaver,Regular Session 2022,03/31/2022,H,,Motion to Read a Third Time and Pass adopted Roll Call 841,,,,,Roll 841
HB337,Shaver,Regular Session 2022,04/05/2022,S,,Read for the first time and referred to the Senate committee on Judiciary,JUDY,,,,
HB337,Shaver,Regular Session 2022,04/06/2022,S,,Read for the second time and placed on the calendar,,0,7,1,
HB337,Shaver,Regular Session 2022,,S,,Pending third reading on day 29 Favorable from Judiciary,,,,,
HB338,Brown (K),Regular Session 2022,02/15/2022,H,,"Read for the first time and referred to the House of Representatives committee on Boards, Agencies and Commissions",BA&C,,,,
HB338,Brown (K),Regular Session 2022,02/23/2022,H,,Read for the second time and placed on the calendar,,,,,
HB338,Brown (K),Regular Session 2022,,H,,"Pending third reading on day 15 Favorable from Boards, Agencies and Commissions",,,,,
HB339,Estes,Regular Session 2022,02/15/2022,H,,Read for the first time and referred to the House of Representatives committee on Public Safety and Homeland Security,PS&HS,,,,
HB339,Estes,Regular Session 2022,03/02/2022,H,,Read for the second time and placed on the calendar,,,,,
HB339,Estes,Regular Session 2022,03/09/2022,H,,Third Reading Passed,,,,,
HB339,Estes,Regular Session 2022,03/09/2022,H,218509-1,Estes  Amendment Offered,,,,,
HB339,Estes,Regular Session 2022,03/09/2022,H,,Motion to Adopt adopted Roll Call 517,,,,,Roll 517
HB339,Estes,Regular Session 2022,03/09/2022,H,,Motion to Read a Third Time and Pass adopted Roll Call 518,,,,,Roll 518
HB339,Estes,Regular Session 2022,03/09/2022,H,,Engrossed,,,,,
HB339,Estes,Regular Session 2022,03/10/2022,S,,Read for the first time and referred to the Senate committee on Governmental Affairs,GA,,,,
HB340,Scott,Regular Session 2022,02/15/2022,H,,"Read for the first time and referred to the House of Representatives committee on Boards, Agencies and Commissions",BA&C,,,,
HB341,South,Regular Session 2022,02/15/2022,H,,Read for the first time and referred to the House of Representatives committee on County and Municipal Government,C&MG,,,,
HB341,South,Regular Session 2022,02/23/2022,H,,Read for the second time and placed on the calendar,,,,,
HB341,South,Regular Session 2022,,H,,Pending third reading on day 15 Favorable from County and Municipal Government,,,,,
HB342,Mooney,Regular Session 2022,02/15/2022,H,,"Read for the first time and referred to the House of Representatives committee on Constitution, Campaigns and Elections",CC&E,,,,
HB342,Mooney,Regular Session 2022,03/02/2022,H,,Read for the second time and placed on the calendar  1 amendment,,,,,
HB342,Mooney,Regular Session 2022,,H,,"Pending third reading on day 18 Favorable from Constitution, Campaigns and Elections with 1 amendment",,,,,
HB342,Mooney,Regular Session 2022,,H,218352-2,"Constitution, Campaigns and Elections first Amendment Offered",,,,,
HB343,Mooney,Regular Session 2022,02/15/2022,H,,"Read for the first time and referred to the House of Representatives committee on Constitution, Campaigns and Elections",CC&E,,,,
HB343,Mooney,Regular Session 2022,03/02/2022,H,,Read for the second time and placed on the calendar,,,,,
HB343,Mooney,Regular Session 2022,,H,,"Pending third reading on day 18 Favorable from Constitution, Campaigns and Elections",,,,,
HB344,Moore (M),Regular Session 2022,02/15/2022,H,,Read for the first time and referred to the House of Representatives committee on Jefferson County Legislation,JCL,,,,
HB345,Hill,Regular Session 2022,02/15/2022,H,,Read for the first time and referred to the House of Representatives committee on Local Legislation,LL,,,,
HB345,Hill,Regular Session 2022,02/23/2022,H,,Read for the second time and placed on the calendar,,,,,
HB345,Hill,Regular Session 2022,02/24/2022,H,,Third Reading Passed,,,,,
HB345,Hill,Regular Session 2022,02/24/2022,H,,Motion to Read a Third Time and Pass adopted Roll Call 303,,,,,Roll 303
HB345,Hill,Regular Session 2022,03/01/2022,S,,Read for the first time and referred to the Senate committee on Local Legislation,LL1,,,,
HB345,Hill,Regular Session 2022,03/15/2022,S,,Read for the second time and placed on the calendar,,,,,
HB345,Hill,Regular Session 2022,03/17/2022,S,,Third Reading Passed,,,,,
HB345,Hill,Regular Session 2022,03/17/2022,S,,Motion to Read a Third Time and Pass adopted Roll Call 636,,,,,Roll 636
HB345,Hill,Regular Session 2022,03/17/2022,H,,Passed Second House,,,,,
HB345,Hill,Regular Session 2022,03/17/2022,S,,Signature Requested,,,,,
HB345,Hill,Regular Session 2022,03/17/2022,H,,Enrolled,,,,,
HB345,Hill,Regular Session 2022,03/17/2022,H,,Clerk of the House Certification,,,,,
HB345,Hill,Regular Session 2022,,H,,Assigned Act No. 2022-193.,,,,,
HB345,Hill,Regular Session 2022,,H,,"Delivered to Governor at 1:49 p.m. on March 17, 2022.",,,,,
HB346,Ellis,Regular Session 2022,02/15/2022,H,,Read for the first time and referred to the House of Representatives committee on County and Municipal Government,C&MG,,,,
HB346,Ellis,Regular Session 2022,02/23/2022,H,,Read for the second time and placed on the calendar,,,,,
HB346,Ellis,Regular Session 2022,03/01/2022,H,,Third Reading Passed,,,,,
HB346,Ellis,Regular Session 2022,03/01/2022,H,,Motion to Read a Third Time and Pass adopted Roll Call 399,,,,,Roll 399
HB346,Ellis,Regular Session 2022,03/01/2022,S,,Read for the first time and referred to the Senate committee on Governmental Affairs,GA,,,,
HB346,Ellis,Regular Session 2022,03/08/2022,S,,Read for the second time and placed on the calendar,,0,7,,
HB346,Ellis,Regular Session 2022,04/06/2022,S,,Third Reading Passed,,,,,
HB346,Ellis,Regular Session 2022,04/06/2022,S,,Motion to Read a Third Time and Pass adopted Roll Call 1029,,,,,Roll 1029
HB346,Ellis,Regular Session 2022,04/06/2022,H,,Passed Second House,,,,,
HB346,Ellis,Regular Session 2022,04/06/2022,H,,Enrolled,,,,,
HB346,Ellis,Regular Session 2022,04/07/2022,S,,Signature Requested,,,,,
HB346,Ellis,Regular Session 2022,04/07/2022,H,,Clerk of the House Certification,,,,,
HB346,Ellis,Regular Session 2022,,H,,Assigned Act No. 2022-348.,,,,,
HB346,Ellis,Regular Session 2022,,H,,"Delivered to Governor at 9:46 a.m. on April 7, 2022.",,,,,
HB347,Moore (P),Regular Session 2022,02/15/2022,H,,Read for the first time and referred to the House of Representatives committee on Economic Development and Tourism,ED&T,,,,
HB347,Moore (P),Regular Session 2022,02/23/2022,H,,Read for the second time and placed on the calendar,,,,,
HB347,Moore (P),Regular Session 2022,03/15/2022,H,,Third Reading Passed,,,,,
HB347,Moore (P),Regular Session 2022,03/15/2022,H,,Motion to Read a Third Time and Pass adopted Roll Call 630,,,,,Roll 630
HB347,Moore (P),Regular Session 2022,03/15/2022,S,,Read for the first time and referred to the Senate committee on Fiscal Responsibility and Economic Development,FRED,,,,
HB347,Moore (P),Regular Session 2022,03/30/2022,S,,Read for the second time and placed on the calendar,,1,9,,
HB347,Moore (P),Regular Session 2022,04/06/2022,S,,Third Reading Passed,,,,,
HB347,Moore (P),Regular Session 2022,04/06/2022,S,,Motion to Read a Third Time and Pass adopted Roll Call 1041,,,,,Roll 1041
HB347,Moore (P),Regular Session 2022,04/07/2022,H,,Passed Second House,,,,,
HB347,Moore (P),Regular Session 2022,04/07/2022,S,,Signature Requested,,,,,
HB347,Moore (P),Regular Session 2022,04/07/2022,H,,Enrolled,,,,,
HB347,Moore (P),Regular Session 2022,04/07/2022,H,,Clerk of the House Certification,,,,,
HB347,Moore (P),Regular Session 2022,,H,,Assigned Act No. 2022-406.,,,,,
HB347,Moore (P),Regular Session 2022,,H,,"Forwarded to Governor on April 7, 2022 at 10:45 a.m. on April 7, 2022.",,,,,
HB348,Moore (P),Regular Session 2022,02/15/2022,H,,"Read for the first time and referred to the House of Representatives committee on Boards, Agencies and Commissions",BA&C,,,,
HB348,Moore (P),Regular Session 2022,03/02/2022,H,,Read for the second time and placed on the calendar,,,,,
HB348,Moore (P),Regular Session 2022,03/30/2022,H,,Third Reading Open,,,,,
HB348,Moore (P),Regular Session 2022,03/30/2022,H,,Moore (P) motion to SB222 Substitute FOR HB348 a Companion Bill adopted Voice Vote,,,,,
HB349,Meadows,Regular Session 2022,02/15/2022,H,,Read for the first time and referred to the House of Representatives committee on Judiciary,JUDY,,,,
HB350,Allen,Regular Session 2022,02/15/2022,H,,Read for the first time and referred to the House of Representatives committee on State Government,SG,,,,
HB350,Allen,Regular Session 2022,03/09/2022,H,,Read for the second time and placed on the calendar,,,,,
HB350,Allen,Regular Session 2022,03/10/2022,H,,Third Reading Passed,,,,,
HB350,Allen,Regular Session 2022,03/10/2022,H,218805-2,Allen  Amendment Offered,,,,,
HB350,Allen,Regular Session 2022,03/10/2022,H,,Motion to Adopt adopted Roll Call 572,,,,,Roll 572
HB350,Allen,Regular Session 2022,03/10/2022,H,,Motion to Read a Third Time and Pass adopted Roll Call 573,,,,,Roll 573
HB350,Allen,Regular Session 2022,03/10/2022,H,,Engrossed,,,,,
HB350,Allen,Regular Session 2022,03/10/2022,S,,Read for the first time and referred to the Senate committee on Fiscal Responsibility and Economic Development,FRED,,,,
HB350,Allen,Regular Session 2022,03/17/2022,S,,Read for the second time and placed on the calendar,,0,11,,
HB350,Allen,Regular Session 2022,03/29/2022,S,,Third Reading Carried Over to Call of the Chair,,,,,
HB350,Allen,Regular Session 2022,03/29/2022,S,,McClendon motion to Carry Over to the Call of the Chair adopted Voice Vote,,,,,
HB350,Allen,Regular Session 2022,03/30/2022,S,,Third Reading Passed,,,,,
HB350,Allen,Regular Session 2022,03/30/2022,S,,Motion to Read a Third Time and Pass adopted Roll Call 813,,,,,Roll 813
HB350,Allen,Regular Session 2022,03/30/2022,H,,Passed Second House,,,,,
HB350,Allen,Regular Session 2022,03/30/2022,S,,Signature Requested,,,,,
HB350,Allen,Regular Session 2022,03/31/2022,H,,Enrolled,,,,,
HB350,Allen,Regular Session 2022,03/31/2022,H,,Clerk of the House Certification,,,,,
HB350,Allen,Regular Session 2022,,H,,Assigned Act No. 2022-261.,,,,,
HB350,Allen,Regular Session 2022,,H,,"Forwarded to Governor on March 30, 2022 at 10:20 a.m. on March 31, 2022.",,,,,
HB351,Greer,Regular Session 2022,02/15/2022,H,,Read for the first time and referred to the House of Representatives committee on Ways and Means General Fund,W&MGF,,,,
HB352,Meadows,Regular Session 2022,02/15/2022,H,,Read for the first time and referred to the House of Representatives committee on Ways and Means General Fund,W&MGF,,,,
HB352,Meadows,Regular Session 2022,03/02/2022,H,,Read for the second time and placed on the calendar  1 amendment,,,,,
HB352,Meadows,Regular Session 2022,03/15/2022,H,,Third Reading Passed,,,,,
HB352,Meadows,Regular Session 2022,03/15/2022,H,218292-2,Ways and Means General Fund  Amendment Offered,,,,,
HB352,Meadows,Regular Session 2022,03/15/2022,H,,Motion to Adopt adopted Roll Call 616,,,,,Roll 616
HB352,Meadows,Regular Session 2022,03/15/2022,H,,Motion to Read a Third Time and Pass adopted Roll Call 617,,,,,Roll 617
HB352,Meadows,Regular Session 2022,03/15/2022,H,,Engrossed,,,,,
HB352,Meadows,Regular Session 2022,03/15/2022,S,,Read for the first time and referred to the Senate committee on Finance and Taxation General Fund,F&TG,,,,
HB352,Meadows,Regular Session 2022,03/30/2022,S,,Read for the second time and placed on the calendar,,0,11,,
HB352,Meadows,Regular Session 2022,04/06/2022,S,,Third Reading Passed,,,,,
HB352,Meadows,Regular Session 2022,04/06/2022,S,,Motion to Read a Third Time and Pass adopted Roll Call 1035,,,,,Roll 1035
HB352,Meadows,Regular Session 2022,04/06/2022,H,,Passed Second House,,,,,
HB352,Meadows,Regular Session 2022,04/06/2022,H,,Enrolled,,,,,
HB352,Meadows,Regular Session 2022,04/07/2022,S,,Signature Requested,,,,,
HB352,Meadows,Regular Session 2022,04/07/2022,H,,Clerk of the House Certification,,,,,
HB352,Meadows,Regular Session 2022,,H,,Assigned Act No. 2022-349.,,,,,
HB352,Meadows,Regular Session 2022,,H,,"Delivered to Governor at 9:46 a.m. on April 7, 2022.",,,,,
HB353,Drummond,Regular Session 2022,02/15/2022,H,,Read for the first time and referred to the House of Representatives committee on Ways and Means Education,W&ME,,,,
HB353,Drummond,Regular Session 2022,02/23/2022,H,,Read for the second time and placed on the calendar,,,,,
HB353,Drummond,Regular Session 2022,03/02/2022,H,,Third Reading Passed,,,,,
HB353,Drummond,Regular Session 2022,03/02/2022,H,,Motion to Read a Third Time and Pass adopted Roll Call 422,,,,,Roll 422
HB353,Drummond,Regular Session 2022,03/02/2022,S,,Read for the first time and referred to the Senate committee on Finance and Taxation Education,F&TE,,,,
HB354,Mooney,Regular Session 2022,02/15/2022,H,,"Read for the first time and referred to the House of Representatives committee on Constitution, Campaigns and Elections",CC&E,,,,
HB355,Pettus,Regular Session 2022,02/15/2022,H,,Read for the first time and referred to the House of Representatives committee on Judiciary,JUDY,,,,
HB356,Mooney,Regular Session 2022,02/15/2022,H,,"Read for the first time and referred to the House of Representatives committee on Constitution, Campaigns and Elections",CC&E,,,,
HB356,Mooney,Regular Session 2022,03/02/2022,H,,Read for the second time and placed on the calendar,,,,,
HB356,Mooney,Regular Session 2022,03/31/2022,H,,Third Reading Passed,,,,,
HB356,Mooney,Regular Session 2022,03/31/2022,H,219663-1,Allen  Amendment Offered,,,,,
HB356,Mooney,Regular Session 2022,03/31/2022,H,,Motion to WITHDRAW adopted Voice Vote,,,,,
HB356,Mooney,Regular Session 2022,03/31/2022,H,,Motion to Read a Third Time and Pass adopted Roll Call 874,,,,,Roll 874
HB356,Mooney,Regular Session 2022,04/05/2022,S,,Read for the first time and referred to the Senate committee on Governmental Affairs,GA,,,,
HB356,Mooney,Regular Session 2022,04/06/2022,S,,Read for the second time and placed on the calendar,,0,9,,
HB356,Mooney,Regular Session 2022,,S,,Pending third reading on day 29 Favorable from Governmental Affairs,,,,,
HB357,Pettus,Regular Session 2022,02/15/2022,H,,"Read for the first time and referred to the House of Representatives committee on Boards, Agencies and Commissions",BA&C,,,,
HB358,Coleman,Regular Session 2022,02/15/2022,H,,Read for the first time and referred to the House of Representatives committee on Judiciary,JUDY,,,,
HB359,Brown (C),Regular Session 2022,02/15/2022,H,,Read for the first time and referred to the House of Representatives committee on State Government,SG,,,,
HB359,Brown (C),Regular Session 2022,03/17/2022,H,,Read for the second time and placed on the calendar,,,,,
HB359,Brown (C),Regular Session 2022,03/29/2022,H,,Third Reading Passed,,,,,
HB359,Brown (C),Regular Session 2022,03/29/2022,H,,Motion to Read a Third Time and Pass adopted Roll Call 752,,,,,Roll 752
HB359,Brown (C),Regular Session 2022,03/30/2022,S,,Read for the first time and referred to the Senate committee on Governmental Affairs,GA,,,,
HB359,Brown (C),Regular Session 2022,04/05/2022,S,,Read for the second time and placed on the calendar,,0,8,,
HB359,Brown (C),Regular Session 2022,,S,,Pending third reading on day 28 Favorable from Governmental Affairs,,,,,
HB360,Hall,Regular Session 2022,02/16/2022,H,,Read for the first time and referred to the House of Representatives committee on Ways and Means General Fund,W&MGF,,,,
HB361,Chestnut,Regular Session 2022,02/16/2022,H,,Read for the first time and referred to the House of Representatives committee on State Government,SG,,,,
HB362,Greer,Regular Session 2022,02/16/2022,H,,Read for the first time and referred to the House of Representatives committee on Ways and Means General Fund,W&MGF,,,,
HB363,Kitchens,Regular Session 2022,02/16/2022,H,,Read for the first time and referred to the House of Representatives committee on State Government,SG,,,,
HB364,Mooney,Regular Session 2022,02/16/2022,H,,"Read for the first time and referred to the House of Representatives committee on Boards, Agencies and Commissions",BA&C,,,,
HB365,Paschal,Regular Session 2022,02/16/2022,H,,Read for the first time and referred to the House of Representatives committee on Judiciary,JUDY,,,,
HB365,Paschal,Regular Session 2022,03/17/2022,H,,Read for the second time and placed on the calendar with 1 substitute and,,,,,
HB365,Paschal,Regular Session 2022,,H,,Pending third reading on day 24 Favorable from Judiciary with 1 substitute,,,,,
HB365,Paschal,Regular Session 2022,,H,218327-4,Judiciary first Substitute Offered,,,,,
HB366,Treadaway,Regular Session 2022,02/16/2022,H,,Read for the first time and referred to the House of Representatives committee on State Government,SG,,,,
HB367,Treadaway,Regular Session 2022,02/16/2022,H,,Read for the first time and referred to the House of Representatives committee on Ways and Means General Fund,W&MGF,,,,
HB368,Fincher,Regular Session 2022,02/16/2022,H,,"Read for the first time and referred to the House of Representatives committee on Transportation, Utilities and Infrastructure",TU&I,,,,
HB369,Lovvorn,Regular Session 2022,02/16/2022,H,,Read for the first time and referred to the House of Representatives committee on Health,HLTH,,,,
HB370,Coleman,Regular Session 2022,02/16/2022,H,,Read for the first time and referred to the House of Representatives committee on Judiciary,JUDY,,,,
HB371,Ellis,Regular Session 2022,02/16/2022,H,,Read for the first time and referred to the House of Representatives committee on County and Municipal Government,C&MG,,,,
HB371,Ellis,Regular Session 2022,02/23/2022,H,,Read for the second time and placed on the calendar,,,,,
HB371,Ellis,Regular Session 2022,03/01/2022,H,,Third Reading Passed,,,,,
HB371,Ellis,Regular Session 2022,03/01/2022,H,,Motion to Read a Third Time and Pass adopted Roll Call 377,,,,,Roll 377
HB371,Ellis,Regular Session 2022,03/01/2022,S,,Read for the first time and referred to the Senate committee on Governmental Affairs,GA,,,,
HB371,Ellis,Regular Session 2022,03/15/2022,S,,Read for the second time and placed on the calendar,,0,9,,
HB371,Ellis,Regular Session 2022,03/17/2022,S,,Third Reading Passed,,,,,
HB371,Ellis,Regular Session 2022,03/17/2022,S,,Motion to Read a Third Time and Pass adopted Roll Call 672,,,,,Roll 672
HB371,Ellis,Regular Session 2022,03/17/2022,H,,Passed Second House,,,,,
HB371,Ellis,Regular Session 2022,03/17/2022,H,,Enrolled,,,,,
HB371,Ellis,Regular Session 2022,03/29/2022,S,,Signature Requested,,,,,
HB371,Ellis,Regular Session 2022,03/29/2022,H,,Clerk of the House Certification,,,,,
HB371,Ellis,Regular Session 2022,,H,,Assigned Act No. 2022-208.,,,,,
HB371,Ellis,Regular Session 2022,,H,,"Delivered to Governor at 3:34 p.m. on March 29, 2022.",,,,,
HB372,Alexander,Regular Session 2022,02/16/2022,H,,Read for the first time and referred to the House of Representatives committee on Judiciary,JUDY,,,,
HB373,Alexander,Regular Session 2022,02/16/2022,H,,Read for the first time and referred to the House of Representatives committee on Jefferson County Legislation,JCL,,,,
HB374,Brown (C),Regular Session 2022,02/16/2022,H,,Read for the first time and referred to the House of Representatives committee on State Government,SG,,,,
HB375,Lawrence,Regular Session 2022,02/16/2022,H,,Read for the first time and referred to the House of Representatives committee on Local Legislation,LL,,,,
HB376,Reynolds,Regular Session 2022,02/16/2022,H,,Read for the first time and referred to the House of Representatives committee on Ways and Means General Fund,W&MGF,,,,
HB376,Reynolds,Regular Session 2022,02/23/2022,H,,Read for the second time and placed on the calendar,,,,,
HB376,Reynolds,Regular Session 2022,03/09/2022,H,,Third Reading Passed,,,,,
HB376,Reynolds,Regular Session 2022,03/09/2022,H,,Motion to Read a Third Time and Pass adopted Roll Call 530,,,,,Roll 530
HB376,Reynolds,Regular Session 2022,03/10/2022,S,,Read for the first time and referred to the Senate committee on Finance and Taxation General Fund,F&TG,,,,
HB377,Givan,Regular Session 2022,02/17/2022,H,,Read for the first time and referred to the House of Representatives committee on State Government,SG,,,,
HB378,Mooney,Regular Session 2022,02/17/2022,H,,Read for the first time and referred to the House of Representatives committee on Technology and Research,T&R,,,,
HB379,Moore (P),Regular Session 2022,02/17/2022,H,,Read for the first time and referred to the House of Representatives committee on Military and Veterans Affairs,M&VA,,,,
HB379,Moore (P),Regular Session 2022,02/23/2022,H,,Read for the second time and placed on the calendar,,,,,
HB379,Moore (P),Regular Session 2022,,H,,Pending third reading on day 15 Favorable from Military and Veterans Affairs,,,,,
HB380,Easterbrook,Regular Session 2022,02/17/2022,H,,Read for the first time and referred to the House of Representatives committee on Local Legislation,LL,,,,
HB380,Easterbrook,Regular Session 2022,03/01/2022,H,,Read for the second time and placed on the calendar,,,,,
HB380,Easterbrook,Regular Session 2022,03/02/2022,H,,Third Reading Passed,,,,,
HB380,Easterbrook,Regular Session 2022,03/02/2022,H,,Motion to Read a Third Time and Pass adopted Roll Call 410,,,,,Roll 410
HB380,Easterbrook,Regular Session 2022,03/02/2022,S,,Read for the first time and referred to the Senate committee on Local Legislation,LL1,,,,
HB380,Easterbrook,Regular Session 2022,03/17/2022,S,,Read for the second time and placed on the calendar,,,,,
HB380,Easterbrook,Regular Session 2022,03/29/2022,S,,Third Reading Passed,,,,,
HB380,Easterbrook,Regular Session 2022,03/29/2022,S,,Motion to Read a Third Time and Pass adopted Roll Call 719,,,,,Roll 719
HB380,Easterbrook,Regular Session 2022,03/29/2022,H,,Passed Second House,,,,,
HB380,Easterbrook,Regular Session 2022,03/29/2022,H,,Enrolled,,,,,
HB380,Easterbrook,Regular Session 2022,03/29/2022,S,,Signature Requested,,,,,
HB380,Easterbrook,Regular Session 2022,03/29/2022,H,,Clerk of the House Certification,,,,,
HB380,Easterbrook,Regular Session 2022,,H,,Assigned Act No. 2022-244.,,,,,
HB380,Easterbrook,Regular Session 2022,,H,,"Forwarded to Governor at 5:25 p.m. on March 29, 2022.",,,,,
HB381,Standridge,Regular Session 2022,02/17/2022,H,,Read for the first time and referred to the House of Representatives committee on Local Legislation,LL,,,,
HB381,Standridge,Regular Session 2022,02/23/2022,H,,Read for the second time and placed on the calendar,,,,,
HB381,Standridge,Regular Session 2022,02/24/2022,H,,Third Reading Passed,,,,,
HB381,Standridge,Regular Session 2022,02/24/2022,H,,Motion to Read a Third Time and Pass adopted Roll Call 301,,,,,Roll 301
HB381,Standridge,Regular Session 2022,03/01/2022,S,,Read for the first time and referred to the Senate committee on Local Legislation,LL1,,,,
HB381,Standridge,Regular Session 2022,03/15/2022,S,,Read for the second time and placed on the calendar,,,,,
HB381,Standridge,Regular Session 2022,03/17/2022,S,,Third Reading Passed,,,,,
HB381,Standridge,Regular Session 2022,03/17/2022,S,,Motion to Read a Third Time and Pass adopted Roll Call 638,,,,,Roll 638
HB381,Standridge,Regular Session 2022,03/17/2022,H,,Passed Second House,,,,,
HB381,Standridge,Regular Session 2022,03/17/2022,S,,Signature Requested,,,,,
HB381,Standridge,Regular Session 2022,03/17/2022,H,,Enrolled,,,,,
HB381,Standridge,Regular Session 2022,03/17/2022,H,,Clerk of the House Certification,,,,,
HB381,Standridge,Regular Session 2022,,H,,Assigned Act No. 2022-194.,,,,,
HB381,Standridge,Regular Session 2022,,H,,"Delivered to Governor at 1:49 p.m. on March 17, 2022.",,,,,
HB382,Blackshear,Regular Session 2022,02/22/2022,H,,Read for the first time and referred to the House of Representatives committee on Ways and Means Education,W&ME,,,,
HB382,Blackshear,Regular Session 2022,03/02/2022,H,,Read for the second time and placed on the calendar,,,,,
HB382,Blackshear,Regular Session 2022,03/09/2022,H,,Third Reading Passed,,,,,
HB382,Blackshear,Regular Session 2022,03/09/2022,H,,Motion to Read a Third Time and Pass adopted Roll Call 515,,,,,Roll 515
HB382,Blackshear,Regular Session 2022,03/09/2022,H,,"Jones (M) intended to vote ""Yea""",,,,,
HB382,Blackshear,Regular Session 2022,03/10/2022,S,,Read for the first time and referred to the Senate committee on Finance and Taxation Education,F&TE,,,,
HB382,Blackshear,Regular Session 2022,03/29/2022,S,,Read for the second time and placed on the calendar,,0,12,0,
HB382,Blackshear,Regular Session 2022,04/05/2022,S,,Third Reading Passed,,,,,
HB382,Blackshear,Regular Session 2022,04/05/2022,S,,Motion to Read a Third Time and Pass adopted Roll Call 970,,,,,Roll 970
HB382,Blackshear,Regular Session 2022,04/06/2022,H,,Passed Second House,,,,,
HB382,Blackshear,Regular Session 2022,04/06/2022,S,,Signature Requested,,,,,
HB382,Blackshear,Regular Session 2022,04/06/2022,H,,Enrolled,,,,,
HB382,Blackshear,Regular Session 2022,04/06/2022,H,,Clerk of the House Certification,,,,,
HB382,Blackshear,Regular Session 2022,,H,,Assigned Act No. 2022-346.,,,,,
HB382,Blackshear,Regular Session 2022,,H,,"Delivered to Governor at 1:53 p.m. on April 6, 2022.",,,,,
HB383,Wadsworth,Regular Session 2022,02/22/2022,H,,Read for the first time and referred to the House of Representatives committee on Judiciary,JUDY,,,,
HB383,Wadsworth,Regular Session 2022,03/17/2022,H,,Read for the second time and placed on the calendar with 1 substitute and,,,,,
HB383,Wadsworth,Regular Session 2022,03/30/2022,H,,Third Reading Passed,,,,,
HB383,Wadsworth,Regular Session 2022,03/30/2022,H,218611-4,Judiciary first Substitute Offered,,,,,
HB383,Wadsworth,Regular Session 2022,03/30/2022,H,,Motion to Adopt adopted Roll Call 779,,,,,Roll 779
HB383,Wadsworth,Regular Session 2022,03/30/2022,H,,Motion to Read a Third Time and Pass adopted Roll Call 780,,,,,Roll 780
HB383,Wadsworth,Regular Session 2022,03/30/2022,H,,"Mooney intended to vote ""Yea""",,,,,
HB383,Wadsworth,Regular Session 2022,03/30/2022,H,,Engrossed,,,,,
HB383,Wadsworth,Regular Session 2022,03/30/2022,S,,Read for the first time and referred to the Senate committee on Judiciary,JUDY,,,,
HB383,Wadsworth,Regular Session 2022,04/06/2022,S,,Read for the second time and placed on the calendar,,1,7,,
HB383,Wadsworth,Regular Session 2022,,S,,Pending third reading on day 29 Favorable from Judiciary,,,,,
HB384,Hill,Regular Session 2022,02/22/2022,H,,Read for the first time and referred to the House of Representatives committee on County and Municipal Government,C&MG,,,,
HB384,Hill,Regular Session 2022,03/09/2022,H,,Read for the second time and placed on the calendar,,,,,
HB384,Hill,Regular Session 2022,03/15/2022,H,,Third Reading Passed,,,,,
HB384,Hill,Regular Session 2022,03/15/2022,H,,Motion to Read a Third Time and Pass adopted Roll Call 632,,,,,Roll 632
HB384,Hill,Regular Session 2022,03/15/2022,S,,Read for the first time and referred to the Senate committee on Governmental Affairs,GA,,,,
HB384,Hill,Regular Session 2022,03/29/2022,S,,Read for the second time and placed on the calendar,,0,11,,
HB384,Hill,Regular Session 2022,04/05/2022,S,,Third Reading Passed,,,,,
HB384,Hill,Regular Session 2022,04/05/2022,S,,Motion to Read a Third Time and Pass adopted Roll Call 972,,,,,Roll 972
HB384,Hill,Regular Session 2022,04/06/2022,H,,Passed Second House,,,,,
HB384,Hill,Regular Session 2022,04/06/2022,H,,Enrolled,,,,,
HB384,Hill,Regular Session 2022,04/06/2022,S,,Signature Requested,,,,,
HB384,Hill,Regular Session 2022,04/06/2022,H,,Clerk of the House Certification,,,,,
HB384,Hill,Regular Session 2022,,H,,Assigned Act No. 2022-399.,,,,,
HB384,Hill,Regular Session 2022,,H,,"Delivered to Governor at 1:53 p.m. on April 6, 2022.",,,,,
HB385,South,Regular Session 2022,02/22/2022,H,,Read for the first time and referred to the House of Representatives committee on Ways and Means General Fund,W&MGF,,,,
HB385,South,Regular Session 2022,03/02/2022,H,,Read for the second time and placed on the calendar  1 amendment,,,,,
HB385,South,Regular Session 2022,03/09/2022,H,,Third Reading Passed,,,,,
HB385,South,Regular Session 2022,03/09/2022,H,218324-2,Ways and Means General Fund  Amendment Offered,,,,,
HB385,South,Regular Session 2022,03/09/2022,H,,Motion to Adopt adopted Roll Call 527,,,,,Roll 527
HB385,South,Regular Session 2022,03/09/2022,H,,Motion to Read a Third Time and Pass adopted Roll Call 528,,,,,Roll 528
HB385,South,Regular Session 2022,03/09/2022,H,,Engrossed,,,,,
HB385,South,Regular Session 2022,03/10/2022,S,,Read for the first time and referred to the Senate committee on Judiciary,JUDY,,,,
HB385,South,Regular Session 2022,03/17/2022,S,,Read for the second time and placed on the calendar,,0,9,,
HB385,South,Regular Session 2022,04/05/2022,S,,Third Reading Passed,,,,,
HB385,South,Regular Session 2022,04/05/2022,S,218906-1,Hatcher  Amendment Offered,,,,,
HB385,South,Regular Session 2022,04/05/2022,S,,Hatcher motion to Adopt adopted Roll Call 974,,,,,Roll 974
HB385,South,Regular Session 2022,04/05/2022,S,,Motion to Read a Third Time and Pass adopted Roll Call 975,,,,,Roll 975
HB385,South,Regular Session 2022,04/06/2022,H,,Concurrence Requested,,,,,
HB385,South,Regular Session 2022,04/06/2022,H,,South motion to Concur In and Adopt adopted Roll Call 953,,,,,Roll 953
HB385,South,Regular Session 2022,04/06/2022,H,,Enrolled,,,,,
HB385,South,Regular Session 2022,04/07/2022,S,,Concurred in Second House Amendment,,,,,
HB385,South,Regular Session 2022,04/07/2022,S,,Signature Requested,,,,,
HB385,South,Regular Session 2022,04/07/2022,H,,Clerk of the House Certification,,,,,
HB385,South,Regular Session 2022,,H,,Assigned Act No. 2022-300 on 04/12/2022.,,,,,
HB385,South,Regular Session 2022,,H,,"Delivered to Governor at 9:46 a.m. on April 7, 2022.",,,,,
HB386,Shiver,Regular Session 2022,02/22/2022,H,,Read for the first time and referred to the House of Representatives committee on Baldwin County Legislation,BCL,,,,
HB386,Shiver,Regular Session 2022,03/17/2022,H,,Read for the second time and placed on the calendar,,,,,
HB386,Shiver,Regular Session 2022,03/29/2022,H,,Third Reading Passed,,,,,
HB386,Shiver,Regular Session 2022,03/29/2022,H,,Motion to Read a Third Time and Pass adopted Roll Call 704,,,,,Roll 704
HB386,Shiver,Regular Session 2022,03/29/2022,S,,Read for the first time and referred to the Senate committee on Local Legislation,LL1,,,,
HB386,Shiver,Regular Session 2022,03/30/2022,S,,Read for the second time and placed on the calendar,,,,,
HB386,Shiver,Regular Session 2022,03/31/2022,S,,Third Reading Passed,,,,,
HB386,Shiver,Regular Session 2022,03/31/2022,S,,Motion to Read a Third Time and Pass adopted Roll Call 857,,,,,Roll 857
HB386,Shiver,Regular Session 2022,03/31/2022,H,,Passed Second House,,,,,
HB386,Shiver,Regular Session 2022,03/31/2022,H,,Enrolled,,,,,
HB386,Shiver,Regular Session 2022,03/31/2022,S,,Signature Requested,,,,,
HB386,Shiver,Regular Session 2022,03/31/2022,H,,Clerk of the House Certification,,,,,
HB386,Shiver,Regular Session 2022,,H,,Assigned Act No. 2022-280.,,,,,
HB386,Shiver,Regular Session 2022,,H,,"Delivered to Governor at 11:43 a.m. on March 31, 2022.",,,,,
HB387,Fincher,Regular Session 2022,02/22/2022,H,,Read for the first time and referred to the House of Representatives committee on Education Policy,EP,,,,
HB388,Easterbrook,Regular Session 2022,02/22/2022,H,,Read for the first time and referred to the House of Representatives committee on Local Legislation,LL,,,,
HB388,Easterbrook,Regular Session 2022,03/01/2022,H,,Read for the second time and placed on the calendar,,,,,
HB388,Easterbrook,Regular Session 2022,03/02/2022,H,,Third Reading Passed,,,,,
HB388,Easterbrook,Regular Session 2022,03/02/2022,H,,Motion to Read a Third Time and Pass adopted Roll Call 408,,,,,Roll 408
HB388,Easterbrook,Regular Session 2022,03/02/2022,S,,Read for the first time and referred to the Senate committee on Local Legislation,LL1,,,,
HB388,Easterbrook,Regular Session 2022,03/15/2022,S,,Read for the second time and placed on the calendar,,,,,
HB388,Easterbrook,Regular Session 2022,03/17/2022,S,,Third Reading Passed,,,,,
HB388,Easterbrook,Regular Session 2022,03/17/2022,S,,Motion to Read a Third Time and Pass adopted Roll Call 620,,,,,Roll 620
HB388,Easterbrook,Regular Session 2022,03/17/2022,H,,Passed Second House,,,,,
HB388,Easterbrook,Regular Session 2022,03/17/2022,S,,Signature Requested,,,,,
HB388,Easterbrook,Regular Session 2022,03/17/2022,H,,Enrolled,,,,,
HB388,Easterbrook,Regular Session 2022,03/17/2022,H,,Clerk of the House Certification,,,,,
HB388,Easterbrook,Regular Session 2022,,H,,Assigned Act No. 2022-176.,,,,,
HB388,Easterbrook,Regular Session 2022,,H,,"Delivered to Governor at 1:49 p.m. on March 17, 2022.",,,,,
HB389,Alexander,Regular Session 2022,02/22/2022,H,,Read for the first time and referred to the House of Representatives committee on County and Municipal Government,C&MG,,,,
HB389,Alexander,Regular Session 2022,03/09/2022,H,,Read for the second time and placed on the calendar  1 amendment,,,,,
HB389,Alexander,Regular Session 2022,03/31/2022,H,,Third Reading Passed,,,,,
HB389,Alexander,Regular Session 2022,03/31/2022,H,218729-2,County and Municipal Government  Amendment Offered,,,,,
HB389,Alexander,Regular Session 2022,03/31/2022,H,,Motion to Adopt adopted Roll Call 860,,,,,Roll 860
HB389,Alexander,Regular Session 2022,03/31/2022,H,,Motion to Read a Third Time and Pass adopted Roll Call 861,,,,,Roll 861
HB389,Alexander,Regular Session 2022,03/31/2022,H,,Engrossed,,,,,
HB389,Alexander,Regular Session 2022,04/05/2022,S,,Read for the first time and referred to the Senate committee on Governmental Affairs,GA,,,,
HB389,Alexander,Regular Session 2022,04/06/2022,S,,Read for the second time and placed on the calendar,,0,9,,
HB389,Alexander,Regular Session 2022,,S,,Pending third reading on day 29 Favorable from Governmental Affairs,,,,,
HB390,Bedsole,Regular Session 2022,02/22/2022,H,,Read for the first time and referred to the House of Representatives committee on State Government,SG,,,,
HB390,Bedsole,Regular Session 2022,03/17/2022,H,,Read for the second time and placed on the calendar,,,,,
HB390,Bedsole,Regular Session 2022,03/29/2022,H,,Third Reading Passed,,,,,
HB390,Bedsole,Regular Session 2022,03/29/2022,H,,Motion to Read a Third Time and Pass adopted Roll Call 749,,,,,Roll 749
HB390,Bedsole,Regular Session 2022,03/29/2022,H,,Cosponsors Added,,,,,Roll 750
HB390,Bedsole,Regular Session 2022,03/29/2022,S,,Read for the first time and referred to the Senate committee on Governmental Affairs,GA,,,,
HB390,Bedsole,Regular Session 2022,04/05/2022,S,,Read for the second time and placed on the calendar,,0,8,,
HB390,Bedsole,Regular Session 2022,,S,,Pending third reading on day 28 Favorable from Governmental Affairs,,,,,
HB391,Clouse,Regular Session 2022,02/22/2022,H,,Read for the first time and referred to the House of Representatives committee on Ways and Means General Fund,W&MGF,,,,
HB391,Clouse,Regular Session 2022,03/02/2022,H,,Read for the second time and placed on the calendar,,,,,
HB391,Clouse,Regular Session 2022,03/10/2022,H,,Third Reading Passed,,,,,
HB391,Clouse,Regular Session 2022,03/10/2022,H,,Motion to Read a Third Time and Pass adopted Roll Call 575,,,,,Roll 575
HB391,Clouse,Regular Session 2022,03/10/2022,H,,Cosponsors Added,,,,,Roll 576
HB391,Clouse,Regular Session 2022,03/10/2022,S,,Read for the first time and referred to the Senate committee on Finance and Taxation General Fund,F&TG,,,,
HB391,Clouse,Regular Session 2022,03/17/2022,S,,Read for the second time and placed on the calendar,,0,11,0,
HB391,Clouse,Regular Session 2022,03/31/2022,S,,Third Reading Passed,,,,,
HB391,Clouse,Regular Session 2022,03/31/2022,S,,Motion to Read a Third Time and Pass adopted Roll Call 914,,,,,Roll 914
HB391,Clouse,Regular Session 2022,03/31/2022,H,,Passed Second House,,,,,
HB391,Clouse,Regular Session 2022,03/31/2022,H,,Enrolled,,,,,
HB391,Clouse,Regular Session 2022,04/05/2022,S,,Signature Requested,,,,,
HB391,Clouse,Regular Session 2022,04/05/2022,H,,Clerk of the House Certification,,,,,
HB391,Clouse,Regular Session 2022,,H,,Assigned Act No. 2022-252.,,,,,
HB391,Clouse,Regular Session 2022,,H,,Forwarded to Executive Department,,,,,
HB391,Clouse,Regular Session 2022,,S,,,,,,,
HB392,Stadthagen,Regular Session 2022,02/22/2022,H,,Read for the first time and referred to the House of Representatives committee on State Government,SG,,,,
HB392,Stadthagen,Regular Session 2022,03/17/2022,H,,Read for the second time and placed on the calendar,,,,,
HB392,Stadthagen,Regular Session 2022,,H,,Pending third reading on day 24 Favorable from State Government,,,,,
HB393,Meadows,Regular Session 2022,02/22/2022,H,,Read for the first time and referred to the House of Representatives committee on Ways and Means Education,W&ME,,,,
HB393,Meadows,Regular Session 2022,03/02/2022,H,,Rereferred from W&ME to EP,EP,,,,
HB394,Kitchens,Regular Session 2022,02/22/2022,H,,Read for the first time and referred to the House of Representatives committee on Ways and Means Education,W&ME,,,,
HB395,Lovvorn,Regular Session 2022,02/22/2022,H,,Read for the first time and referred to the House of Representatives committee on Economic Development and Tourism,ED&T,,,,
HB395,Lovvorn,Regular Session 2022,03/02/2022,H,,Read for the second time and placed on the calendar  1 amendment,,,,,
HB395,Lovvorn,Regular Session 2022,03/09/2022,H,,Third Reading Passed,,,,,
HB395,Lovvorn,Regular Session 2022,03/09/2022,H,218355-2,Economic Development and Tourism  Amendment Offered,,,,,
HB395,Lovvorn,Regular Session 2022,03/09/2022,H,,Motion to Adopt adopted Roll Call 520,,,,,Roll 520
HB395,Lovvorn,Regular Session 2022,03/09/2022,H,218783-1,Harbison  Amendment Offered,,,,,
HB395,Lovvorn,Regular Session 2022,03/09/2022,H,,Motion to Adopt adopted Roll Call 521,,,,,Roll 521
HB395,Lovvorn,Regular Session 2022,03/09/2022,H,,Motion to Read a Third Time and Pass adopted Roll Call 522,,,,,Roll 522
HB395,Lovvorn,Regular Session 2022,03/09/2022,H,,Engrossed,,,,,
HB395,Lovvorn,Regular Session 2022,03/10/2022,S,,Read for the first time and referred to the Senate committee on Judiciary,JUDY,,,,
HB395,Lovvorn,Regular Session 2022,03/17/2022,S,,Read for the second time and placed on the calendar,,0,9,,
HB395,Lovvorn,Regular Session 2022,03/31/2022,S,,Third Reading Passed,,,,,
HB395,Lovvorn,Regular Session 2022,03/31/2022,S,219126-3,Smitherman  Amendment Offered,,,,,
HB395,Lovvorn,Regular Session 2022,03/31/2022,S,,Whatley motion to Adopt adopted Roll Call 903,,,,,Roll 903
HB395,Lovvorn,Regular Session 2022,03/31/2022,S,,Motion to Read a Third Time and Pass adopted Roll Call 904,,,,,Roll 904
HB395,Lovvorn,Regular Session 2022,04/05/2022,H,,Concurrence Requested,,,,,
HB395,Lovvorn,Regular Session 2022,04/05/2022,H,,Lovvorn motion to Concur In and Adopt adopted Roll Call 884,,,,,Roll 884
HB395,Lovvorn,Regular Session 2022,04/05/2022,S,,Concurred in Second House Amendment,,,,,
HB395,Lovvorn,Regular Session 2022,04/05/2022,S,,Signature Requested,,,,,
HB395,Lovvorn,Regular Session 2022,04/05/2022,H,,Enrolled,,,,,
HB395,Lovvorn,Regular Session 2022,04/05/2022,H,,Clerk of the House Certification,,,,,
HB395,Lovvorn,Regular Session 2022,,H,,Assigned Act No. 2022-360.,,,,,
HB395,Lovvorn,Regular Session 2022,,H,,"Forwarded to Governor on April 5, 2022 at 3:29 p.m.",,,,,
HB396,Rogers,Regular Session 2022,02/22/2022,H,,"Read for the first time and referred to the House of Representatives committee on Constitution, Campaigns and Elections",CC&E,,,,
HB397,Mooney,Regular Session 2022,02/22/2022,H,,"Read for the first time and referred to the House of Representatives committee on Boards, Agencies and Commissions",BA&C,,,,
HB398,Wadsworth,Regular Session 2022,02/22/2022,H,,Read for the first time and referred to the House of Representatives committee on Ways and Means General Fund,W&MGF,,,,
HB399,Smith,Regular Session 2022,02/23/2022,H,,"Read for the first time and referred to the House of Representatives committee on Transportation, Utilities and Infrastructure",TU&I,,,,
HB399,Smith,Regular Session 2022,03/02/2022,H,,Read for the second time and placed on the calendar,,,,,
HB399,Smith,Regular Session 2022,03/15/2022,H,,Third Reading Indefinitely Postponed,,,,,
HB399,Smith,Regular Session 2022,03/15/2022,H,,Motion to SB154 Substitute FOR HB399 a Companion Bill adopted Voice Vote,,,,,
HB399,Smith,Regular Session 2022,03/15/2022,H,,Smith motion to Indefinitely Postpone adopted Voice Vote,,,,,
HB400,Kitchens,Regular Session 2022,02/23/2022,H,,Read for the first time and referred to the House of Representatives committee on Agriculture and Forestry,A&F,,,,
HB400,Kitchens,Regular Session 2022,03/02/2022,H,,Read for the second time and placed on the calendar,,,,,
HB400,Kitchens,Regular Session 2022,03/10/2022,H,,Third Reading Passed,,,,,
HB400,Kitchens,Regular Session 2022,03/10/2022,H,,Motion to Read a Third Time and Pass adopted Roll Call 567,,,,,Roll 567
HB400,Kitchens,Regular Session 2022,03/10/2022,H,,"Blackshear intende to vote ""Yea""",,,,,
HB400,Kitchens,Regular Session 2022,03/10/2022,S,,Read for the first time and referred to the Senate committee on Finance and Taxation General Fund,F&TG,,,,
HB400,Kitchens,Regular Session 2022,03/17/2022,S,,Read for the second time and placed on the calendar,,1,11,1,
HB400,Kitchens,Regular Session 2022,04/06/2022,S,,Third Reading Carried Over to Call of the Chair,,,,,
HB400,Kitchens,Regular Session 2022,04/06/2022,S,219946-1,Beasley  Amendment Offered,,,,,
HB400,Kitchens,Regular Session 2022,04/06/2022,S,,Beasley motion to Adopt adopted Roll Call 1038,,,,,Roll 1038
HB400,Kitchens,Regular Session 2022,04/06/2022,S,219968-1,Melson  Amendment Offered,,,,,
HB400,Kitchens,Regular Session 2022,04/06/2022,S,,Marsh motion to Table adopted Voice Vote,,,,,
HB400,Kitchens,Regular Session 2022,04/06/2022,S,,Reed motion to Carry Over to the Call of the Chair adopted Voice Vote,,,,,
HB400,Kitchens,Regular Session 2022,04/06/2022,S,,Third Reading Passed,,,,,
HB400,Kitchens,Regular Session 2022,04/06/2022,S,,Beasley  Amendment Offered,,,,,
HB400,Kitchens,Regular Session 2022,04/06/2022,S,,Beasley  Amendment Offered,,,,,
HB400,Kitchens,Regular Session 2022,04/06/2022,S,,Sessions motion to Reconsider adopted Voice Vote,,,,,
HB400,Kitchens,Regular Session 2022,04/06/2022,S,,Beasley  Amendment Offered,,,,,
HB400,Kitchens,Regular Session 2022,04/06/2022,S,,Sessions motion to Table adopted Voice Vote,,,,,
HB400,Kitchens,Regular Session 2022,04/06/2022,S,,Motion to Read a Third Time and Pass adopted Roll Call 1039,,,,,Roll 1039
HB400,Kitchens,Regular Session 2022,04/07/2022,H,,Passed Second House,,,,,
HB400,Kitchens,Regular Session 2022,04/07/2022,S,,Signature Requested,,,,,
HB400,Kitchens,Regular Session 2022,04/07/2022,H,,Enrolled,,,,,
HB400,Kitchens,Regular Session 2022,04/07/2022,H,,Clerk of the House Certification,,,,,
HB400,Kitchens,Regular Session 2022,,H,,Assigned Act No. 2022-295.,,,,,
HB400,Kitchens,Regular Session 2022,,H,,"Forwarded to Governor on April 7, 2022 at 10:45 a.m. on April 7, 2022.",,,,,
HB401,Meadows,Regular Session 2022,02/23/2022,H,,Read for the first time and referred to the House of Representatives committee on Health,HLTH,,,,
HB402,Lovvorn,Regular Session 2022,02/23/2022,H,,Read for the first time and referred to the House of Representatives committee on Health,HLTH,,,,
HB403,Morris,Regular Session 2022,02/23/2022,H,,Read for the first time and referred to the House of Representatives committee on Judiciary,JUDY,,,,
HB403,Morris,Regular Session 2022,03/09/2022,H,,Read for the second time and placed on the calendar,,,,,
HB403,Morris,Regular Session 2022,03/29/2022,H,,Third Reading Passed,,,,,
HB403,Morris,Regular Session 2022,03/29/2022,H,219495-1,Jones (M)  Amendment Offered,,,,,
HB403,Morris,Regular Session 2022,03/29/2022,H,,Motion to Adopt adopted Roll Call 761,,,,,Roll 761
HB403,Morris,Regular Session 2022,03/29/2022,H,,Motion to Read a Third Time and Pass adopted Roll Call 762,,,,,Roll 762
HB403,Morris,Regular Session 2022,03/29/2022,H,,Engrossed,,,,,
HB403,Morris,Regular Session 2022,03/30/2022,S,,Read for the first time and referred to the Senate committee on Fiscal Responsibility and Economic Development,FRED,,,,
HB403,Morris,Regular Session 2022,04/06/2022,S,,Read for the second time and placed on the calendar,,0,7,,
HB403,Morris,Regular Session 2022,04/07/2022,S,,Third Reading Passed,,,,,
HB403,Morris,Regular Session 2022,04/07/2022,S,,Motion to Read a Third Time and Pass adopted Roll Call 1088,,,,,Roll 1088
HB403,Morris,Regular Session 2022,04/07/2022,H,,Passed Second House,,,,,
HB403,Morris,Regular Session 2022,04/07/2022,H,,Enrolled,,,,,
HB403,Morris,Regular Session 2022,04/07/2022,S,,Signature Requested,,,,,
HB403,Morris,Regular Session 2022,04/07/2022,H,,Clerk of the House Certification,,,,,
HB403,Morris,Regular Session 2022,,H,,Assigned Act No. 2022-401.,,,,,
HB403,Morris,Regular Session 2022,,H,,"Forwarded to Governor at 10:40 p.m. on April 7, 2022.",,,,,
HB404,Sells,Regular Session 2022,02/24/2022,H,,Read for the first time and referred to the House of Representatives committee on Ways and Means General Fund,W&MGF,,,,
HB404,Sells,Regular Session 2022,03/09/2022,H,,Read for the second time and placed on the calendar  1 amendment,,,,,
HB404,Sells,Regular Session 2022,,H,,Pending third reading on day 21 Favorable from Ways and Means General Fund with 1 amendment,,,,,
HB404,Sells,Regular Session 2022,,H,218609-2,Ways and Means General Fund first Amendment Offered,,,,,
HB405,Rogers,Regular Session 2022,02/24/2022,H,,Read for the first time and referred to the House of Representatives committee on Jefferson County Legislation,JCL,,,,
HB406,Grimsley,Regular Session 2022,02/24/2022,H,,"Read for the first time and referred to the House of Representatives committee on Constitution, Campaigns and Elections",CC&E,,,,
HB407,Grimsley,Regular Session 2022,02/24/2022,H,,Read for the first time and referred to the House of Representatives committee on Judiciary,JUDY,,,,
HB408,Rafferty,Regular Session 2022,02/24/2022,H,,Read for the first time and referred to the House of Representatives committee on Ways and Means Education,W&ME,,,,
HB409,Robbins,Regular Session 2022,02/24/2022,H,,Read for the first time and referred to the House of Representatives committee on Commerce and Small Business,C&SB,,,,
HB410,Scott,Regular Session 2022,02/24/2022,H,,Read for the first time and referred to the House of Representatives committee on State Government,SG,,,,
HB410,Scott,Regular Session 2022,03/17/2022,H,,Read for the second time and placed on the calendar,,,,,
HB410,Scott,Regular Session 2022,03/30/2022,H,,Third Reading Passed,,,,,
HB410,Scott,Regular Session 2022,03/30/2022,H,,Motion to Read a Third Time and Pass adopted Roll Call 782,,,,,Roll 782
HB410,Scott,Regular Session 2022,03/30/2022,S,,Read for the first time and referred to the Senate committee on Fiscal Responsibility and Economic Development,FRED,,,,
HB410,Scott,Regular Session 2022,04/06/2022,S,,Read for the second time and placed on the calendar,,0,7,,
HB410,Scott,Regular Session 2022,04/07/2022,S,,Third Reading Passed,,,,,
HB410,Scott,Regular Session 2022,04/07/2022,S,,Motion to Read a Third Time and Pass adopted Roll Call 1094,,,,,Roll 1094
HB410,Scott,Regular Session 2022,04/07/2022,H,,Passed Second House,,,,,
HB410,Scott,Regular Session 2022,04/07/2022,H,,Enrolled,,,,,
HB410,Scott,Regular Session 2022,04/07/2022,S,,Signature Requested,,,,,
HB410,Scott,Regular Session 2022,04/07/2022,H,,Clerk of the House Certification,,,,,
HB410,Scott,Regular Session 2022,,H,,Assigned Act No. 2022-388.,,,,,
HB410,Scott,Regular Session 2022,,H,,"Forwarded to Governor at 10:40 p.m. on April 7, 2022.",,,,,
HB411,Scott,Regular Session 2022,02/24/2022,H,,Read for the first time and referred to the House of Representatives committee on Economic Development and Tourism,ED&T,,,,
HB412,Smith,Regular Session 2022,02/24/2022,H,,Read for the first time and referred to the House of Representatives committee on Ways and Means Education,W&ME,,,,
HB412,Smith,Regular Session 2022,03/17/2022,H,,Read for the second time and placed on the calendar,,,,,
HB412,Smith,Regular Session 2022,03/29/2022,H,,Third Reading Passed,,,,,
HB412,Smith,Regular Session 2022,03/29/2022,H,,Motion to Read a Third Time and Pass adopted Roll Call 743,,,,,Roll 743
HB412,Smith,Regular Session 2022,03/29/2022,H,,Ingram conflict of interest filed,,,,,
HB412,Smith,Regular Session 2022,03/29/2022,S,,Read for the first time and referred to the Senate committee on Finance and Taxation Education,F&TE,,,,
HB412,Smith,Regular Session 2022,04/06/2022,S,,Read for the second time and placed on the calendar  1 amendment,,0,10,3,
HB412,Smith,Regular Session 2022,,S,219770-2,Finance and Taxation Education first Amendment Offered,,,,,
HB412,Smith,Regular Session 2022,,S,,Pending third reading on day 29 Favorable from Finance and Taxation Education with 1 amendment,,,,,
HB413,Scott,Regular Session 2022,02/24/2022,H,,Read for the first time and referred to the House of Representatives committee on Health,HLTH,,,,
HB413,Scott,Regular Session 2022,03/02/2022,H,,Read for the second time and placed on the calendar,,,,,
HB413,Scott,Regular Session 2022,03/30/2022,H,,Third Reading Passed,,,,,
HB413,Scott,Regular Session 2022,03/30/2022,H,219618-1,Scott  Amendment Offered,,,,,
HB413,Scott,Regular Session 2022,03/30/2022,H,,Motion to Adopt adopted Roll Call 787,,,,,Roll 787
HB413,Scott,Regular Session 2022,03/30/2022,H,,Motion to Read a Third Time and Pass adopted Roll Call 788,,,,,Roll 788
HB413,Scott,Regular Session 2022,03/30/2022,H,,Engrossed,,,,,
HB413,Scott,Regular Session 2022,03/31/2022,S,,Read for the first time and referred to the Senate committee on Fiscal Responsibility and Economic Development,FRED,,,,
HB413,Scott,Regular Session 2022,04/06/2022,S,,Read for the second time and placed on the calendar,,0,7,,
HB413,Scott,Regular Session 2022,04/07/2022,S,,Motion to Read a Third Time and Pass adopted Roll Call 1095,,,,,Roll 1095
HB413,Scott,Regular Session 2022,04/07/2022,H,,Passed Second House,,,,,
HB413,Scott,Regular Session 2022,04/07/2022,H,,Enrolled,,,,,
HB413,Scott,Regular Session 2022,04/07/2022,S,,Signature Requested,,,,,
HB413,Scott,Regular Session 2022,04/07/2022,H,,Clerk of the House Certification,,,,,
HB413,Scott,Regular Session 2022,,H,,Assigned Act No. 2022-389.,,,,,
HB413,Scott,Regular Session 2022,,H,,"Forwarded to Governor at 11:37 p.m. on April 7, 2022.",,,,,
HB413,Scott,Regular Session 2022,,H,,Passed Second House,,,,,
HB414,Oliver,Regular Session 2022,02/24/2022,H,,Read for the first time and referred to the House of Representatives committee on Public Safety and Homeland Security,PS&HS,,,,
HB414,Oliver,Regular Session 2022,03/02/2022,H,,Read for the second time and placed on the calendar,,,,,
HB414,Oliver,Regular Session 2022,03/15/2022,H,,Third Reading Passed,,,,,
HB414,Oliver,Regular Session 2022,03/15/2022,H,218527-1,Oliver  Amendment Offered,,,,,
HB414,Oliver,Regular Session 2022,03/15/2022,H,,Motion to Adopt adopted Roll Call 637,,,,,Roll 637
HB414,Oliver,Regular Session 2022,03/15/2022,H,,Motion to Read a Third Time and Pass adopted Roll Call 638,,,,,Roll 638
HB414,Oliver,Regular Session 2022,03/15/2022,H,,Engrossed,,,,,
HB414,Oliver,Regular Session 2022,03/15/2022,S,,Read for the first time and referred to the Senate committee on Judiciary,JUDY,,,,
HB414,Oliver,Regular Session 2022,03/30/2022,S,,Read for the second time and placed on the calendar  1 amendment,,0,10,,
HB414,Oliver,Regular Session 2022,04/06/2022,S,,Third Reading Carried Over to Call of the Chair,,,,,
HB414,Oliver,Regular Session 2022,04/06/2022,S,219407-2,Judiciary  Amendment Offered,,,,,
HB414,Oliver,Regular Session 2022,04/06/2022,S,,Price motion to Table adopted Voice Vote,,,,,
HB414,Oliver,Regular Session 2022,04/06/2022,S,,Singleton motion to Carry Over to the Call of the Chair adopted Voice Vote,,,,,
HB414,Oliver,Regular Session 2022,04/06/2022,S,,Third Reading Passed,,,,,
HB414,Oliver,Regular Session 2022,04/06/2022,S,219837-1,Price  Amendment Offered,,,,,
HB414,Oliver,Regular Session 2022,04/06/2022,S,,Price motion to Adopt adopted Roll Call 1036,,,,,Roll 1036
HB414,Oliver,Regular Session 2022,04/06/2022,S,,Motion to Read a Third Time and Pass adopted Roll Call 1037,,,,,Roll 1037
HB414,Oliver,Regular Session 2022,04/07/2022,H,,Concurrence Requested,,,,,
HB414,Oliver,Regular Session 2022,04/07/2022,H,,Oliver motion to Concur In and Adopt adopted Roll Call 970,,,,,Roll 970
HB414,Oliver,Regular Session 2022,04/07/2022,H,,"McCampbell intended to vote ""Yea""",,,,,
HB414,Oliver,Regular Session 2022,04/07/2022,S,,Concurred in Second House Amendment,,,,,
HB414,Oliver,Regular Session 2022,04/07/2022,S,,Signature Requested,,,,,
HB414,Oliver,Regular Session 2022,04/07/2022,H,,Enrolled,,,,,
HB414,Oliver,Regular Session 2022,04/07/2022,H,,Clerk of the House Certification,,,,,
HB414,Oliver,Regular Session 2022,,H,,Assigned Act No. 2022-387.,,,,,
HB414,Oliver,Regular Session 2022,,H,,"Forwarded to Governor on April 7, 2022 at 5:36 p.m. on April 7, 2022.",,,,,
HB415,Isbell,Regular Session 2022,02/24/2022,H,,Read for the first time and referred to the House of Representatives committee on County and Municipal Government,C&MG,,,,
HB415,Isbell,Regular Session 2022,03/02/2022,H,,Read for the second time and placed on the calendar  1 amendment,,,,,
HB415,Isbell,Regular Session 2022,03/10/2022,H,,Third Reading Passed,,,,,
HB415,Isbell,Regular Session 2022,03/10/2022,H,218427-4,County and Municipal Government  Amendment Offered,,,,,
HB415,Isbell,Regular Session 2022,03/10/2022,H,,Motion to Adopt adopted Roll Call 569,,,,,Roll 569
HB415,Isbell,Regular Session 2022,03/10/2022,H,,Motion to Read a Third Time and Pass adopted Roll Call 570,,,,,Roll 570
HB415,Isbell,Regular Session 2022,03/10/2022,H,,Engrossed,,,,,
HB415,Isbell,Regular Session 2022,03/10/2022,S,,Read for the first time and referred to the Senate committee on Fiscal Responsibility and Economic Development,FRED,,,,
HB415,Isbell,Regular Session 2022,03/17/2022,S,,Read for the second time and placed on the calendar,,0,11,,
HB415,Isbell,Regular Session 2022,04/06/2022,S,,Third Reading Passed,,,,,
HB415,Isbell,Regular Session 2022,04/06/2022,S,,Motion to Read a Third Time and Pass adopted Roll Call 1040,,,,,Roll 1040
HB415,Isbell,Regular Session 2022,04/07/2022,H,,Passed Second House,,,,,
HB415,Isbell,Regular Session 2022,04/07/2022,S,,Signature Requested,,,,,
HB415,Isbell,Regular Session 2022,04/07/2022,H,,Enrolled,,,,,
HB415,Isbell,Regular Session 2022,04/07/2022,H,,Clerk of the House Certification,,,,,
HB415,Isbell,Regular Session 2022,,H,,Assigned Act No. 2022-296.,,,,,
HB415,Isbell,Regular Session 2022,,H,,"Forwarded to Governor on April 7, 2022 at 10:45 a.m. on April 7, 2022.",,,,,
HB416,Blackshear,Regular Session 2022,03/01/2022,H,,Read for the first time and referred to the House of Representatives committee on Local Legislation,LL,,,,
HB416,Blackshear,Regular Session 2022,03/02/2022,H,,Read for the second time and placed on the calendar,,,,,
HB416,Blackshear,Regular Session 2022,03/03/2022,H,,Third Reading Passed,,,,,
HB416,Blackshear,Regular Session 2022,03/03/2022,H,,Motion to Read a Third Time and Pass adopted Roll Call 445,,,,,Roll 445
HB416,Blackshear,Regular Session 2022,03/03/2022,S,,Read for the first time and referred to the Senate committee on Local Legislation,LL1,,,,
HB416,Blackshear,Regular Session 2022,03/29/2022,S,,Read for the second time and placed on the calendar,,,,,
HB416,Blackshear,Regular Session 2022,03/30/2022,S,,Third Reading Passed,,,,,
HB416,Blackshear,Regular Session 2022,03/30/2022,S,,Motion to Read a Third Time and Pass adopted Roll Call 793,,,,,Roll 793
HB416,Blackshear,Regular Session 2022,03/30/2022,H,,Passed Second House,,,,,
HB416,Blackshear,Regular Session 2022,03/30/2022,H,,Enrolled,,,,,
HB416,Blackshear,Regular Session 2022,03/30/2022,S,,Signature Requested,,,,,
HB416,Blackshear,Regular Session 2022,03/30/2022,H,,Clerk of the House Certification,,,,,
HB416,Blackshear,Regular Session 2022,,H,,Assigned Act No. 2022-259.,,,,,
HB416,Blackshear,Regular Session 2022,,H,,"Delivered to Governor at 5:17 p.m. on March 30, 2022.",,,,,
HB417,Blackshear,Regular Session 2022,03/01/2022,H,,Read for the first time and referred to the House of Representatives committee on Local Legislation,LL,,,,
HB417,Blackshear,Regular Session 2022,03/02/2022,H,,Read for the second time and placed on the calendar,,,,,
HB417,Blackshear,Regular Session 2022,03/03/2022,H,,Third Reading Passed,,,,,
HB417,Blackshear,Regular Session 2022,03/03/2022,H,,Motion to Read a Third Time and Pass adopted Roll Call 447,,,,,Roll 447
HB417,Blackshear,Regular Session 2022,03/03/2022,S,,Read for the first time and referred to the Senate committee on Local Legislation,LL1,,,,
HB417,Blackshear,Regular Session 2022,03/29/2022,S,,Read for the second time and placed on the calendar,,,,,
HB417,Blackshear,Regular Session 2022,03/30/2022,S,,Third Reading Passed,,,,,
HB417,Blackshear,Regular Session 2022,03/30/2022,S,,Motion to Read a Third Time and Pass adopted Roll Call 795,,,,,Roll 795
HB417,Blackshear,Regular Session 2022,03/30/2022,H,,Passed Second House,,,,,
HB417,Blackshear,Regular Session 2022,03/30/2022,H,,Enrolled,,,,,
HB417,Blackshear,Regular Session 2022,03/30/2022,S,,Signature Requested,,,,,
HB417,Blackshear,Regular Session 2022,03/30/2022,H,,Clerk of the House Certification,,,,,
HB417,Blackshear,Regular Session 2022,,H,,Assigned Act No. 2022-278.,,,,,
HB417,Blackshear,Regular Session 2022,,H,,"Delivered to Governor at 5:17 p.m. on March 30, 2022.",,,,,
HB418,South,Regular Session 2022,03/01/2022,H,,Read for the first time and referred to the House of Representatives committee on Ways and Means Education,W&ME,,,,
HB419,Ledbetter,Regular Session 2022,03/01/2022,H,,Read for the first time and referred to the House of Representatives committee on Education Policy,EP,,,,
HB419,Ledbetter,Regular Session 2022,03/09/2022,H,,Read for the second time and placed on the calendar  1 amendment,,,,,
HB419,Ledbetter,Regular Session 2022,03/15/2022,H,,Third Reading Passed,,,,,
HB419,Ledbetter,Regular Session 2022,03/15/2022,H,218710-2,Education Policy  Amendment Offered,,,,,
HB419,Ledbetter,Regular Session 2022,03/15/2022,H,,Motion to Adopt adopted Roll Call 640,,,,,Roll 640
HB419,Ledbetter,Regular Session 2022,03/15/2022,H,,Motion to Read a Third Time and Pass adopted Roll Call 641,,,,,Roll 641
HB419,Ledbetter,Regular Session 2022,03/15/2022,H,,Engrossed,,,,,
HB419,Ledbetter,Regular Session 2022,03/15/2022,S,,Read for the first time and referred to the Senate committee on Fiscal Responsibility and Economic Development,FRED,,,,
HB419,Ledbetter,Regular Session 2022,03/30/2022,S,,Read for the second time and placed on the calendar  1 amendment,,0,10,,
HB419,Ledbetter,Regular Session 2022,04/06/2022,S,,Third Reading Passed,,,,,
HB419,Ledbetter,Regular Session 2022,04/06/2022,S,219403-2,Fiscal Responsibility and Economic Development  Amendment Offered,,,,,
HB419,Ledbetter,Regular Session 2022,04/06/2022,S,,Singleton motion to Adopt adopted Roll Call 1018,,,,,Roll 1018
HB419,Ledbetter,Regular Session 2022,04/06/2022,S,219874-1,Chambliss  Amendment Offered,,,,,
HB419,Ledbetter,Regular Session 2022,04/06/2022,S,,Chambliss motion to Adopt adopted Roll Call 1019,,,,,Roll 1019
HB419,Ledbetter,Regular Session 2022,04/06/2022,S,219678-1,Gudger  Amendment Offered,,,,,
HB419,Ledbetter,Regular Session 2022,04/06/2022,S,,Chesteen motion to Adopt adopted Roll Call 1020,,,,,Roll 1020
HB419,Ledbetter,Regular Session 2022,04/06/2022,S,,Motion to Read a Third Time and Pass adopted Roll Call 1021,,,,,Roll 1021
HB419,Ledbetter,Regular Session 2022,04/07/2022,H,,Concurrence Requested,,,,,
HB419,Ledbetter,Regular Session 2022,04/07/2022,H,,Ledbetter motion to Concur In and Adopt adopted Roll Call 971,,,,,Roll 971
HB419,Ledbetter,Regular Session 2022,04/07/2022,S,,Concurred in Second House Amendment,,,,,
HB419,Ledbetter,Regular Session 2022,04/07/2022,S,,Signature Requested,,,,,
HB419,Ledbetter,Regular Session 2022,04/07/2022,H,,Enrolled,,,,,
HB419,Ledbetter,Regular Session 2022,04/07/2022,H,,Clerk of the House Certification,,,,,
HB419,Ledbetter,Regular Session 2022,,H,,Assigned Act No. 2022-367.,,,,,
HB419,Ledbetter,Regular Session 2022,,H,,"Forwarded to Governor on April 7, 2022 at 6:15 p.m. on April 7, 2022.",,,,,
HB420,Hill,Regular Session 2022,03/01/2022,H,,Read for the first time and referred to the House of Representatives committee on Local Legislation,LL,,,,
HB420,Hill,Regular Session 2022,03/02/2022,H,,Read for the second time and placed on the calendar,,,,,
HB420,Hill,Regular Session 2022,03/03/2022,H,,Third Reading Passed,,,,,
HB420,Hill,Regular Session 2022,03/03/2022,H,,Motion to Read a Third Time and Pass adopted Roll Call 449,,,,,Roll 449
HB420,Hill,Regular Session 2022,03/03/2022,S,,Read for the first time and referred to the Senate committee on Local Legislation,LL1,,,,
HB420,Hill,Regular Session 2022,03/17/2022,S,,Read for the second time and placed on the calendar,,,,,
HB420,Hill,Regular Session 2022,03/29/2022,S,,Third Reading Passed,,,,,
HB420,Hill,Regular Session 2022,03/29/2022,S,,Motion to Read a Third Time and Pass adopted Roll Call 725,,,,,Roll 725
HB420,Hill,Regular Session 2022,03/29/2022,H,,Passed Second House,,,,,
HB420,Hill,Regular Session 2022,03/29/2022,H,,Enrolled,,,,,
HB420,Hill,Regular Session 2022,03/29/2022,S,,Signature Requested,,,,,
HB420,Hill,Regular Session 2022,03/29/2022,H,,Clerk of the House Certification,,,,,
HB420,Hill,Regular Session 2022,,H,,Assigned Act No. 2022-245.,,,,,
HB420,Hill,Regular Session 2022,,H,,"Forwarded to Governor at 5:25 p.m. on March 29, 2022.",,,,,
HB421,Hill,Regular Session 2022,03/01/2022,H,,Read for the first time and referred to the House of Representatives committee on Ways and Means General Fund,W&MGF,,,,
HB422,Wood (D),Regular Session 2022,03/01/2022,H,,Read for the first time and referred to the House of Representatives committee on Ways and Means General Fund,W&MGF,,,,
HB423,Lee,Regular Session 2022,03/01/2022,H,,Read for the first time and referred to the House of Representatives committee on Health,HLTH,,,,
HB423,Lee,Regular Session 2022,03/09/2022,H,,Read for the second time and placed on the calendar  1 amendment,,,,,
HB423,Lee,Regular Session 2022,,H,,Pending third reading on day 21 Favorable from Health with 1 amendment,,,,,
HB423,Lee,Regular Session 2022,,H,218595-2,Health first Amendment Offered,,,,,
HB424,Almond,Regular Session 2022,03/01/2022,H,,Read for the first time and referred to the House of Representatives committee on Tuscaloosa County Legislation,TCL,,,,
HB424,Almond,Regular Session 2022,03/03/2022,H,,Read for the second time and placed on the calendar,,,,,
HB424,Almond,Regular Session 2022,03/08/2022,H,,Third Reading Passed,,,,,
HB424,Almond,Regular Session 2022,03/08/2022,H,,Motion to Read a Third Time and Pass adopted Roll Call 476,,,,,Roll 476
HB424,Almond,Regular Session 2022,03/08/2022,S,,Read for the first time and referred to the Senate committee on Local Legislation,LL1,,,,
HB424,Almond,Regular Session 2022,03/17/2022,S,,Read for the second time and placed on the calendar,,,,,
HB424,Almond,Regular Session 2022,03/29/2022,S,,Third Reading Passed,,,,,
HB424,Almond,Regular Session 2022,03/29/2022,S,,Motion to Read a Third Time and Pass adopted Roll Call 709,,,,,Roll 709
HB424,Almond,Regular Session 2022,03/29/2022,H,,Passed Second House,,,,,
HB424,Almond,Regular Session 2022,03/29/2022,H,,Enrolled,,,,,
HB424,Almond,Regular Session 2022,03/29/2022,S,,Signature Requested,,,,,
HB424,Almond,Regular Session 2022,03/29/2022,H,,Clerk of the House Certification,,,,,
HB424,Almond,Regular Session 2022,,H,,Assigned Act No. 2022-246.,,,,,
HB424,Almond,Regular Session 2022,,H,,"Forwarded to Governor at 5:25 p.m. on March 29, 2022.",,,,,
HB425,England,Regular Session 2022,03/01/2022,H,,Read for the first time and referred to the House of Representatives committee on Judiciary,JUDY,,,,
HB425,England,Regular Session 2022,03/17/2022,H,,Read for the second time and placed on the calendar,,,,,
HB425,England,Regular Session 2022,,H,,Pending third reading on day 24 Favorable from Judiciary,,,,,
HB426,Easterbrook,Regular Session 2022,03/01/2022,H,,Read for the first time and referred to the House of Representatives committee on Local Legislation,LL,,,,
HB426,Easterbrook,Regular Session 2022,03/03/2022,H,,Read for the second time and placed on the calendar,,,,,
HB426,Easterbrook,Regular Session 2022,03/08/2022,H,,Third Reading Passed,,,,,
HB426,Easterbrook,Regular Session 2022,03/08/2022,H,,Motion to Read a Third Time and Pass adopted Roll Call 478,,,,,Roll 478
HB426,Easterbrook,Regular Session 2022,03/08/2022,H,,Motion to Local Application adopted Roll Call 479,,,,,Roll 479
HB426,Easterbrook,Regular Session 2022,03/08/2022,S,,Read for the first time and referred to the Senate committee on Local Legislation,LL1,,,,
HB426,Easterbrook,Regular Session 2022,04/06/2022,S,,Read for the second time and placed on the calendar,,,,,
HB426,Easterbrook,Regular Session 2022,04/07/2022,S,,Third Reading Passed,,,,,
HB426,Easterbrook,Regular Session 2022,04/07/2022,S,,Motion to Read a Third Time and Pass adopted Roll Call 1051,,,,,Roll 1051
HB426,Easterbrook,Regular Session 2022,04/07/2022,S,,Chambliss motion to adopt Local Application Resolution adopted Roll Call 1052,,,,,Roll 1052
HB426,Easterbrook,Regular Session 2022,04/07/2022,H,,Passed Second House,,,,,
HB426,Easterbrook,Regular Session 2022,04/07/2022,S,,Signature Requested,,,,,
HB426,Easterbrook,Regular Session 2022,04/07/2022,H,,Enrolled,,,,,
HB426,Easterbrook,Regular Session 2022,04/07/2022,H,,Clerk of the House Certification,,,,,
HB426,Easterbrook,Regular Session 2022,,H,,Assigned Act No. 2022-263.,,,,,
HB426,Easterbrook,Regular Session 2022,,H,,"Forwarded to Secretary of State on April 7, 2022 at 10:59 a.m. on April 7, 2022.",,,,,
HB427,Sorrells,Regular Session 2022,03/01/2022,H,,Read for the first time and referred to the House of Representatives committee on State Government,SG,,,,
HB427,Sorrells,Regular Session 2022,03/08/2022,H,,Rereferred to from SG to U&RD,U&RD,,,,
HB428,Faulkner,Regular Session 2022,03/01/2022,H,,"Read for the first time and referred to the House of Representatives committee on Boards, Agencies and Commissions",BA&C,,,,
HB428,Faulkner,Regular Session 2022,03/09/2022,H,,Read for the second time and placed on the calendar,,,,,
HB428,Faulkner,Regular Session 2022,,H,,"Pending third reading on day 21 Favorable from Boards, Agencies and Commissions",,,,,
HB429,Ledbetter,Regular Session 2022,03/01/2022,H,,Read for the first time and referred to the House of Representatives committee on Ways and Means Education,W&ME,,,,
HB429,Ledbetter,Regular Session 2022,03/09/2022,H,,Read for the second time and placed on the calendar  1 amendment,,,,,
HB429,Ledbetter,Regular Session 2022,03/29/2022,H,,Third Reading Passed,,,,,
HB429,Ledbetter,Regular Session 2022,03/29/2022,H,218727-2,Ways and Means Education  Amendment Offered,,,,,
HB429,Ledbetter,Regular Session 2022,03/29/2022,H,,Motion to Adopt adopted Roll Call 729,,,,,Roll 729
HB429,Ledbetter,Regular Session 2022,03/29/2022,H,,Motion to Read a Third Time and Pass adopted Roll Call 730,,,,,Roll 730
HB429,Ledbetter,Regular Session 2022,03/29/2022,H,,Engrossed,,,,,
HB429,Ledbetter,Regular Session 2022,03/29/2022,S,,Read for the first time and referred to the Senate committee on Finance and Taxation Education,F&TE,,,,
HB429,Ledbetter,Regular Session 2022,04/06/2022,S,,Read for the second time and placed on the calendar,,0,14,0,
HB429,Ledbetter,Regular Session 2022,,S,,Pending third reading on day 29 Favorable from Finance and Taxation Education,,,,,
HB429,Ledbetter,Regular Session 2022,,H,218727-2,Ways and Means Education first Amendment Offered,,,,,
HB430,Sells,Regular Session 2022,03/01/2022,H,,Read for the first time and referred to the House of Representatives committee on Local Legislation,LL,,,,
HB430,Sells,Regular Session 2022,03/02/2022,H,,Read for the second time and placed on the calendar,,,,,
HB430,Sells,Regular Session 2022,03/03/2022,H,,Third Reading Passed,,,,,
HB430,Sells,Regular Session 2022,03/03/2022,H,,Motion to Read a Third Time and Pass adopted Roll Call 453,,,,,Roll 453
HB430,Sells,Regular Session 2022,03/03/2022,H,,Motion to Local Application adopted Roll Call 454,,,,,Roll 454
HB430,Sells,Regular Session 2022,03/03/2022,S,,Read for the first time and referred to the Senate committee on Local Legislation,LL1,,,,
HB430,Sells,Regular Session 2022,03/15/2022,S,,Read for the second time and placed on the calendar,,,,,
HB430,Sells,Regular Session 2022,03/17/2022,S,,Third Reading Passed,,,,,
HB430,Sells,Regular Session 2022,03/17/2022,S,,Motion to Read a Third Time and Pass adopted Roll Call 648,,,,,Roll 648
HB430,Sells,Regular Session 2022,03/17/2022,S,,Singleton motion to adopt Local Certification Resolution adopted Roll Call 649,,,,,Roll 649
HB430,Sells,Regular Session 2022,03/17/2022,H,,Passed Second House,,,,,
HB430,Sells,Regular Session 2022,03/17/2022,S,,Signature Requested,,,,,
HB430,Sells,Regular Session 2022,03/17/2022,H,,Enrolled,,,,,
HB430,Sells,Regular Session 2022,03/17/2022,H,,Clerk of the House Certification,,,,,
HB430,Sells,Regular Session 2022,,H,,"Forwarded to Secretary of State on March 17, 2022 at 1:50 p.m. on March 17, 2022.",,,,,
HB430,Sells,Regular Session 2022,,H,,Assigned Act No. 2022-150.,,,,,
HB431,Simpson,Regular Session 2022,03/01/2022,H,,"Read for the first time and referred to the House of Representatives committee on Constitution, Campaigns and Elections",CC&E,,,,
HB432,Ball,Regular Session 2022,03/02/2022,H,,Read for the first time and referred to the House of Representatives committee on Ethics and Campaign Finance,E&CF,,,,
HB433,Moore (M),Regular Session 2022,03/02/2022,H,,Read for the first time and referred to the House of Representatives committee on County and Municipal Government,C&MG,,,,
HB433,Moore (M),Regular Session 2022,03/30/2022,H,,Read for the second time and placed on the calendar,,,,,
HB433,Moore (M),Regular Session 2022,03/31/2022,H,,Third Reading Passed,,,,,
HB433,Moore (M),Regular Session 2022,03/31/2022,H,219700-1,Brown (K)  Amendment Offered,,,,,
HB433,Moore (M),Regular Session 2022,03/31/2022,H,,Motion to Adopt adopted Roll Call 865,,,,,Roll 865
HB433,Moore (M),Regular Session 2022,03/31/2022,H,,Motion to Read a Third Time and Pass adopted Roll Call 866,,,,,Roll 866
HB433,Moore (M),Regular Session 2022,03/31/2022,H,,Engrossed,,,,,
HB433,Moore (M),Regular Session 2022,04/06/2022,S,,Read for the first time and referred to the Senate committee on Governmental Affairs,GA,,,,
HB434,Coleman,Regular Session 2022,03/02/2022,H,,Read for the first time and referred to the House of Representatives committee on Judiciary,JUDY,,,,
HB434,Coleman,Regular Session 2022,03/30/2022,H,,Read for the second time and placed on the calendar,,,,,
HB434,Coleman,Regular Session 2022,03/31/2022,H,,Third Reading Passed,,,,,
HB434,Coleman,Regular Session 2022,03/31/2022,H,219670-1,Jones (M)  Amendment Offered,,,,,
HB434,Coleman,Regular Session 2022,03/31/2022,H,,Motion to Adopt adopted Roll Call 856,,,,,Roll 856
HB434,Coleman,Regular Session 2022,03/31/2022,H,,Motion to Read a Third Time and Pass adopted Roll Call 857,,,,,Roll 857
HB434,Coleman,Regular Session 2022,03/31/2022,H,,Cosponsors Added,,,,,Roll 858
HB434,Coleman,Regular Session 2022,03/31/2022,H,,Engrossed,,,,,
HB434,Coleman,Regular Session 2022,04/05/2022,S,,Read for the first time and referred to the Senate committee on Judiciary,JUDY,,,,
HB434,Coleman,Regular Session 2022,04/06/2022,S,,Read for the second time and placed on the calendar,,0,8,,
HB434,Coleman,Regular Session 2022,04/07/2022,S,,Third Reading Passed,,,,,
HB434,Coleman,Regular Session 2022,04/07/2022,S,,Motion to Read a Third Time and Pass adopted Roll Call 1077,,,,,Roll 1077
HB434,Coleman,Regular Session 2022,04/07/2022,H,,Passed Second House,,,,,
HB434,Coleman,Regular Session 2022,04/07/2022,H,,Enrolled,,,,,
HB434,Coleman,Regular Session 2022,04/07/2022,S,,Signature Requested,,,,,
HB434,Coleman,Regular Session 2022,04/07/2022,H,,Clerk of the House Certification,,,,,
HB434,Coleman,Regular Session 2022,,H,,Assigned Act No. 2022-436.,,,,,
HB434,Coleman,Regular Session 2022,,H,,"Delivered to Governor at 9:36 p.m. on April 7, 2022.",,,,,
HB435,Wingo,Regular Session 2022,03/02/2022,H,,Read for the first time and referred to the House of Representatives committee on Ways and Means Education,W&ME,,,,
HB435,Wingo,Regular Session 2022,03/17/2022,H,,Read for the second time and placed on the calendar,,,,,
HB435,Wingo,Regular Session 2022,03/31/2022,H,,Third Reading Passed,,,,,
HB435,Wingo,Regular Session 2022,03/31/2022,H,,Motion to Read a Third Time and Pass adopted Roll Call 830,,,,,Roll 830
HB435,Wingo,Regular Session 2022,03/31/2022,H,,Cosponsors Added,,,,,Roll 831
HB435,Wingo,Regular Session 2022,03/31/2022,H,,"Clarke, Hurst and McCampbell intended to vote ""Yea""",,,,,
HB435,Wingo,Regular Session 2022,03/31/2022,S,,Read for the first time and referred to the Senate committee on Finance and Taxation Education,F&TE,,,,
HB435,Wingo,Regular Session 2022,04/06/2022,S,,Read for the second time and placed on the calendar,,0,13,0,
HB435,Wingo,Regular Session 2022,04/07/2022,S,,Third Reading Passed,,,,,
HB435,Wingo,Regular Session 2022,04/07/2022,S,,Motion to Read a Third Time and Pass adopted Roll Call 1079,,,,,Roll 1079
HB435,Wingo,Regular Session 2022,04/07/2022,H,,Passed Second House,,,,,
HB435,Wingo,Regular Session 2022,04/07/2022,H,,Enrolled,,,,,
HB435,Wingo,Regular Session 2022,04/07/2022,S,,Signature Requested,,,,,
HB435,Wingo,Regular Session 2022,04/07/2022,H,,Clerk of the House Certification,,,,,
HB435,Wingo,Regular Session 2022,,H,,Assigned Act No. 2022-396.,,,,,
HB435,Wingo,Regular Session 2022,,H,,"Delivered to Governor at 9:36 p.m. on April 7, 2022.",,,,,
HB436,Sells,Regular Session 2022,03/02/2022,H,,Read for the first time and referred to the House of Representatives committee on Local Legislation,LL,,,,
HB436,Sells,Regular Session 2022,03/09/2022,H,,Read for the second time and placed on the calendar,,,,,
HB436,Sells,Regular Session 2022,03/10/2022,H,,Third Reading Passed,,,,,
HB436,Sells,Regular Session 2022,03/10/2022,H,,Motion to Read a Third Time and Pass adopted Roll Call 562,,,,,Roll 562
HB436,Sells,Regular Session 2022,03/10/2022,H,,Motion to Local Application adopted Roll Call 563,,,,,Roll 563
HB436,Sells,Regular Session 2022,03/10/2022,S,,Read for the first time and referred to the Senate committee on Local Legislation,LL1,,,,
HB436,Sells,Regular Session 2022,03/29/2022,S,,Read for the second time and placed on the calendar,,,,,
HB436,Sells,Regular Session 2022,03/30/2022,S,,Third Reading Passed,,,,,
HB436,Sells,Regular Session 2022,03/30/2022,S,,Motion to Read a Third Time and Pass adopted Roll Call 788,,,,,Roll 788
HB436,Sells,Regular Session 2022,03/30/2022,S,,Chambliss motion to adopt Local Application Resolution adopted Roll Call 789,,,,,Roll 789
HB436,Sells,Regular Session 2022,03/30/2022,H,,Passed Second House,,,,,
HB436,Sells,Regular Session 2022,03/30/2022,S,,Signature Requested,,,,,
HB436,Sells,Regular Session 2022,03/30/2022,H,,Enrolled,,,,,
HB436,Sells,Regular Session 2022,03/30/2022,H,,Clerk of the House Certification,,,,,
HB436,Sells,Regular Session 2022,,H,,Assigned Act No. 2022-188.,,,,,
HB436,Sells,Regular Session 2022,,H,,"Forwarded to Secretary of State on March 30, 2022 at 4:40 p.m. on March 30, 2022.",,,,,
HB437,Kiel,Regular Session 2022,03/02/2022,H,,Read for the first time and referred to the House of Representatives committee on Local Legislation,LL,,,,
HB437,Kiel,Regular Session 2022,03/10/2022,H,,Read for the second time and placed on the calendar,,,,,
HB437,Kiel,Regular Session 2022,03/15/2022,H,,Third Reading Passed,,,,,
HB437,Kiel,Regular Session 2022,03/15/2022,H,,Motion to Read a Third Time and Pass adopted Roll Call 595,,,,,Roll 595
HB437,Kiel,Regular Session 2022,03/15/2022,H,,Motion to Local Application adopted Roll Call 596,,,,,Roll 596
HB437,Kiel,Regular Session 2022,03/15/2022,S,,Read for the first time and referred to the Senate committee on Local Legislation,LL1,,,,
HB437,Kiel,Regular Session 2022,03/17/2022,S,,Read for the second time and placed on the calendar,,,,,
HB437,Kiel,Regular Session 2022,03/29/2022,S,,Third Reading Passed,,,,,
HB437,Kiel,Regular Session 2022,03/29/2022,S,,Motion to Read a Third Time and Pass adopted Roll Call 704,,,,,Roll 704
HB437,Kiel,Regular Session 2022,03/29/2022,S,,Chambliss motion to adopt Local Application Resolution adopted Roll Call 705,,,,,Roll 705
HB437,Kiel,Regular Session 2022,03/29/2022,H,,Passed Second House,,,,,
HB437,Kiel,Regular Session 2022,03/29/2022,H,,Enrolled,,,,,
HB437,Kiel,Regular Session 2022,03/29/2022,S,,Signature Requested,,,,,
HB437,Kiel,Regular Session 2022,03/29/2022,H,,Clerk of the House Certification,,,,,
HB437,Kiel,Regular Session 2022,,H,,"Delivered to Secretary of State at 5:03 p.m. on March29, 2022.",,,,,
HB437,Kiel,Regular Session 2022,,H,,Assigned Act No. 2022-185.,,,,,
HB438,Coleman,Regular Session 2022,03/02/2022,H,,Read for the first time and referred to the House of Representatives committee on Judiciary,JUDY,,,,
HB439,Kiel,Regular Session 2022,03/03/2022,H,,Read for the first time and referred to the House of Representatives committee on Education Policy,EP,,,,
HB440,South,Regular Session 2022,03/03/2022,H,,Read for the first time and referred to the House of Representatives committee on Ways and Means General Fund,W&MGF,,,,
HB440,South,Regular Session 2022,03/17/2022,H,,Read for the second time and placed on the calendar,,,,,
HB440,South,Regular Session 2022,03/31/2022,H,,Third Reading Indefinitely Postponed,,,,,
HB440,South,Regular Session 2022,03/31/2022,H,,South motion to SB216 Substitute FOR HB440 a Companion Bill adopted Voice Vote,,,,,
HB440,South,Regular Session 2022,03/31/2022,H,,South motion to Indefinitely Postpone adopted Voice Vote,,,,,
HB441,Dismukes,Regular Session 2022,03/03/2022,H,,Read for the first time and referred to the House of Representatives committee on Local Legislation,LL,,,,
HB442,Hurst,Regular Session 2022,03/03/2022,H,,Read for the first time and referred to the House of Representatives committee on Education Policy,EP,,,,
HB442,Hurst,Regular Session 2022,03/17/2022,H,,Read for the second time and placed on the calendar,,,,,
HB442,Hurst,Regular Session 2022,03/30/2022,H,,Third Reading Passed,,,,,
HB442,Hurst,Regular Session 2022,03/30/2022,H,219186-1,Hurst  Amendment Offered,,,,,
HB442,Hurst,Regular Session 2022,03/30/2022,H,,Motion to Adopt adopted Roll Call 771,,,,,Roll 771
HB442,Hurst,Regular Session 2022,03/30/2022,H,,Motion to Read a Third Time and Pass adopted Roll Call 772,,,,,Roll 772
HB442,Hurst,Regular Session 2022,03/30/2022,H,,Engrossed,,,,,
HB442,Hurst,Regular Session 2022,03/30/2022,S,,Read for the first time and referred to the Senate committee on Education Policy,ED,,,,
HB442,Hurst,Regular Session 2022,04/06/2022,S,,Read for the second time and placed on the calendar,,0,6,,
HB442,Hurst,Regular Session 2022,,S,,Pending third reading on day 29 Favorable from Education Policy,,,,,
HB443,Hanes,Regular Session 2022,03/03/2022,H,,Read for the first time and referred to the House of Representatives committee on Ways and Means Education,W&ME,,,,
HB444,Almond,Regular Session 2022,03/03/2022,H,,"Read for the first time and referred to the House of Representatives committee on Constitution, Campaigns and Elections",CC&E,,,,
HB445,Hall,Regular Session 2022,03/03/2022,H,,Read for the first time and referred to the House of Representatives committee on Ways and Means Education,W&ME,,,,
HB445,Hall,Regular Session 2022,03/17/2022,H,,Read for the second time and placed on the calendar with 1 substitute and,,,,,
HB445,Hall,Regular Session 2022,,H,,Pending third reading on day 24 Favorable from Ways and Means Education with 1 substitute,,,,,
HB445,Hall,Regular Session 2022,,H,218851-2,Ways and Means Education first Substitute Offered,,,,,
HB446,Standridge,Regular Session 2022,03/03/2022,H,,Read for the first time and referred to the House of Representatives committee on County and Municipal Government,C&MG,,,,
HB446,Standridge,Regular Session 2022,03/09/2022,H,,Read for the second time and placed on the calendar,,,,,
HB446,Standridge,Regular Session 2022,03/17/2022,H,,Third Reading Passed,,,,,
HB446,Standridge,Regular Session 2022,03/17/2022,H,,Motion to Read a Third Time and Pass adopted Roll Call 690,,,,,Roll 690
HB446,Standridge,Regular Session 2022,03/29/2022,S,,Read for the first time and referred to the Senate committee on Governmental Affairs,GA,,,,
HB446,Standridge,Regular Session 2022,04/05/2022,S,,Read for the second time and placed on the calendar,,0,8,,
HB446,Standridge,Regular Session 2022,04/06/2022,S,,Third Reading Passed,,,,,
HB446,Standridge,Regular Session 2022,04/06/2022,S,,Motion to Read a Third Time and Pass adopted Roll Call 1014,,,,,Roll 1014
HB446,Standridge,Regular Session 2022,04/06/2022,H,,Passed Second House,,,,,
HB446,Standridge,Regular Session 2022,04/06/2022,H,,Enrolled,,,,,
HB446,Standridge,Regular Session 2022,04/07/2022,S,,Signature Requested,,,,,
HB446,Standridge,Regular Session 2022,04/07/2022,H,,Clerk of the House Certification,,,,,
HB446,Standridge,Regular Session 2022,,H,,Assigned Act No. 2022-363.,,,,,
HB446,Standridge,Regular Session 2022,,H,,"Delivered to Governor at 9:46 a.m. on April7, 2022.",,,,,
HB447,Garrett,Regular Session 2022,03/03/2022,H,,Read for the first time and referred to the House of Representatives committee on Health,HLTH,,,,
HB447,Garrett,Regular Session 2022,03/09/2022,H,,Read for the second time and placed on the calendar,,,,,
HB447,Garrett,Regular Session 2022,,H,,Pending third reading on day 21 Favorable from Health,,,,,
HB448,Blackshear,Regular Session 2022,03/03/2022,H,,"Read for the first time and referred to the House of Representatives committee on Constitution, Campaigns and Elections",CC&E,,,,
HB449,Wadsworth,Regular Session 2022,03/03/2022,H,,Read for the first time and referred to the House of Representatives committee on Public Safety and Homeland Security,PS&HS,,,,
HB450,Sorrell,Regular Session 2022,03/03/2022,H,,Read for the first time and referred to the House of Representatives committee on Public Safety and Homeland Security,PS&HS,,,,
HB451,Isbell,Regular Session 2022,03/03/2022,H,,Read for the first time and referred to the House of Representatives committee on Public Safety and Homeland Security,PS&HS,,,,
HB451,Isbell,Regular Session 2022,03/17/2022,H,,Read for the second time and placed on the calendar,,,,,
HB451,Isbell,Regular Session 2022,,H,,Pending third reading on day 24 Favorable from Public Safety and Homeland Security,,,,,
HB452,Meadows,Regular Session 2022,03/03/2022,H,,Read for the first time and referred to the House of Representatives committee on Ways and Means Education,W&ME,,,,
HB453,Moore (P),Regular Session 2022,03/08/2022,H,,"Read for the first time and referred to the House of Representatives committee on Boards, Agencies and Commissions",BA&C,,,,
HB453,Moore (P),Regular Session 2022,03/17/2022,H,,Read for the second time and placed on the calendar  1 amendment,,,,,
HB453,Moore (P),Regular Session 2022,03/31/2022,H,,Third Reading Passed,,,,,
HB453,Moore (P),Regular Session 2022,03/31/2022,H,219049-2,"Boards, Agencies and Commissions  Amendment Offered",,,,,
HB453,Moore (P),Regular Session 2022,03/31/2022,H,,Motion to Adopt adopted Roll Call 868,,,,,Roll 868
HB453,Moore (P),Regular Session 2022,03/31/2022,H,,Motion to Read a Third Time and Pass adopted Roll Call 869,,,,,Roll 869
HB453,Moore (P),Regular Session 2022,03/31/2022,H,,Engrossed,,,,,
HB453,Moore (P),Regular Session 2022,04/05/2022,S,,Read for the first time and referred to the Senate committee on Fiscal Responsibility and Economic Development,FRED,,,,
HB453,Moore (P),Regular Session 2022,04/06/2022,S,,Read for the second time and placed on the calendar,,0,7,,
HB453,Moore (P),Regular Session 2022,04/07/2022,S,,Third Reading Passed,,,,,
HB453,Moore (P),Regular Session 2022,04/07/2022,S,,Motion to Read a Third Time and Pass adopted Roll Call 1087,,,,,Roll 1087
HB453,Moore (P),Regular Session 2022,04/07/2022,H,,Passed Second House,,,,,
HB453,Moore (P),Regular Session 2022,04/07/2022,H,,Enrolled,,,,,
HB453,Moore (P),Regular Session 2022,04/07/2022,S,,Signature Requested,,,,,
HB453,Moore (P),Regular Session 2022,04/07/2022,H,,Clerk of the House Certification,,,,,
HB453,Moore (P),Regular Session 2022,,H,,Assigned Act No. 2022-408.,,,,,
HB453,Moore (P),Regular Session 2022,,H,,"Delivered to Governor at 9:36 p.m. on April 7, 2022.",,,,,
HB454,Lawrence,Regular Session 2022,03/08/2022,H,,Read for the first time and referred to the House of Representatives committee on Local Legislation,LL,,,,
HB454,Lawrence,Regular Session 2022,03/09/2022,H,,Read for the second time and placed on the calendar,,,,,
HB454,Lawrence,Regular Session 2022,03/10/2022,H,,Third Reading Passed,,,,,
HB454,Lawrence,Regular Session 2022,03/10/2022,H,,Motion to Read a Third Time and Pass adopted Roll Call 565,,,,,Roll 565
HB454,Lawrence,Regular Session 2022,03/10/2022,S,,Read for the first time and referred to the Senate committee on Local Legislation,LL1,,,,
HB454,Lawrence,Regular Session 2022,03/29/2022,S,,Read for the second time and placed on the calendar,,,,,
HB454,Lawrence,Regular Session 2022,03/30/2022,S,,Third Reading Passed,,,,,
HB454,Lawrence,Regular Session 2022,03/30/2022,S,,Motion to Read a Third Time and Pass adopted Roll Call 797,,,,,Roll 797
HB454,Lawrence,Regular Session 2022,03/30/2022,H,,Passed Second House,,,,,
HB454,Lawrence,Regular Session 2022,03/30/2022,H,,Enrolled,,,,,
HB454,Lawrence,Regular Session 2022,03/30/2022,S,,Signature Requested,,,,,
HB454,Lawrence,Regular Session 2022,03/30/2022,H,,Clerk of the House Certification,,,,,
HB454,Lawrence,Regular Session 2022,,H,,Assigned Act No. 2022-279.,,,,,
HB454,Lawrence,Regular Session 2022,,H,,"Delivered to Governor at 5:17 p.m. on March 30, 2022.",,,,,
HB455,Sells,Regular Session 2022,03/08/2022,H,,Read for the first time and referred to the House of Representatives committee on Ways and Means General Fund,W&MGF,,,,
HB455,Sells,Regular Session 2022,03/17/2022,H,,Read for the second time and placed on the calendar,,,,,
HB455,Sells,Regular Session 2022,03/30/2022,H,,Third Reading Passed,,,,,
HB455,Sells,Regular Session 2022,03/30/2022,H,,Motion to Read a Third Time and Pass adopted Roll Call 790,,,,,Roll 790
HB455,Sells,Regular Session 2022,03/30/2022,S,,Read for the first time and referred to the Senate committee on Finance and Taxation General Fund,F&TG,,,,
HB456,Garrett,Regular Session 2022,03/08/2022,H,,Read for the first time and referred to the House of Representatives committee on Ways and Means Education,W&ME,,,,
HB456,Garrett,Regular Session 2022,03/17/2022,H,,Read for the second time and placed on the calendar,,,,,
HB456,Garrett,Regular Session 2022,,H,,Pending third reading on day 24 Favorable from Ways and Means Education,,,,,
HB457,Hanes,Regular Session 2022,03/08/2022,H,,Read for the first time and referred to the House of Representatives committee on Education Policy,EP,,,,
HB458,Sorrells,Regular Session 2022,03/08/2022,H,,Read for the first time and referred to the House of Representatives committee on Urban and Rural Development,U&RD,,,,
HB458,Sorrells,Regular Session 2022,03/10/2022,H,,Read for the second time and placed on the calendar,,,,,
HB458,Sorrells,Regular Session 2022,03/17/2022,H,,Third Reading Passed,,,,,
HB458,Sorrells,Regular Session 2022,03/17/2022,H,219026-1,Sorrells  Amendment Offered,,,,,
HB458,Sorrells,Regular Session 2022,03/17/2022,H,,Motion to Adopt adopted Roll Call 695,,,,,Roll 695
HB458,Sorrells,Regular Session 2022,03/17/2022,H,,Motion to Read a Third Time and Pass adopted Roll Call 696,,,,,Roll 696
HB458,Sorrells,Regular Session 2022,03/17/2022,H,,Engrossed,,,,,
HB458,Sorrells,Regular Session 2022,03/29/2022,S,,Read for the first time and referred to the Senate committee on Fiscal Responsibility and Economic Development,FRED,,,,
HB458,Sorrells,Regular Session 2022,03/30/2022,S,,Read for the second time and placed on the calendar  1 amendment,,0,10,,
HB458,Sorrells,Regular Session 2022,04/06/2022,S,,Third Reading Passed,,,,,
HB458,Sorrells,Regular Session 2022,04/06/2022,S,219400-2,Fiscal Responsibility and Economic Development  Amendment Offered,,,,,
HB458,Sorrells,Regular Session 2022,04/06/2022,S,,Livingston motion to Adopt adopted Roll Call 1010,,,,,Roll 1010
HB458,Sorrells,Regular Session 2022,04/06/2022,S,,Motion to Read a Third Time and Pass adopted Roll Call 1011,,,,,Roll 1011
HB458,Sorrells,Regular Session 2022,04/07/2022,H,,Concurrence Requested,,,,,
HB458,Sorrells,Regular Session 2022,04/07/2022,H,,Sorrells motion to Concur In and Adopt adopted Roll Call 969,,,,,Roll 969
HB458,Sorrells,Regular Session 2022,04/07/2022,S,,Concurred in Second House Amendment,,,,,
HB458,Sorrells,Regular Session 2022,04/07/2022,S,,Signature Requested,,,,,
HB458,Sorrells,Regular Session 2022,04/07/2022,H,,Enrolled,,,,,
HB458,Sorrells,Regular Session 2022,,H,,Assigned Act No. 2022-286.,,,,,
HB458,Sorrells,Regular Session 2022,04/07/2022,H,,Clerk of the House Certification,,,,,
HB458,Sorrells,Regular Session 2022,,H,,"Forwarded to Secretary of State on April 7, 2022 at 5:37 p.m. on April 7, 2022.",,,,,
HB459,Collins,Regular Session 2022,03/08/2022,H,,Read for the first time and referred to the House of Representatives committee on Ways and Means Education,W&ME,,,,
HB460,Ingram,Regular Session 2022,03/08/2022,H,,Read for the first time and referred to the House of Representatives committee on Judiciary,JUDY,,,,
HB461,Greer,Regular Session 2022,03/08/2022,H,,Read for the first time and referred to the House of Representatives committee on Local Legislation,LL,,,,
HB461,Greer,Regular Session 2022,03/17/2022,H,,Read for the second time and placed on the calendar,,,,,
HB461,Greer,Regular Session 2022,,H,,Pending third reading on day 24 Favorable from Local Legislation,,,,,
HB462,Rafferty,Regular Session 2022,03/08/2022,H,,Read for the first time and referred to the House of Representatives committee on Public Safety and Homeland Security,PS&HS,,,,
HB462,Rafferty,Regular Session 2022,03/17/2022,H,,Read for the second time and placed on the calendar  1 amendment,,,,,
HB462,Rafferty,Regular Session 2022,,H,218999-2,Public Safety and Homeland Security first Amendment Offered,,,,,
HB462,Rafferty,Regular Session 2022,,H,,Pending third reading on day 24 Favorable from Public Safety and Homeland Security with 1 amendment,,,,,
HB463,Robbins,Regular Session 2022,03/08/2022,H,,Read for the first time and referred to the House of Representatives committee on State Government,SG,,,,
HB463,Robbins,Regular Session 2022,03/17/2022,H,,Read for the second time and placed on the calendar,,,,,
HB463,Robbins,Regular Session 2022,03/29/2022,H,,Rereferred from Calendar to LL,LL,,,,
HB463,Robbins,Regular Session 2022,03/29/2022,H,,Read for the second time and placed on the calendar,,,,,
HB463,Robbins,Regular Session 2022,03/30/2022,H,,Third Reading Passed,,,,,
HB463,Robbins,Regular Session 2022,03/30/2022,H,,Motion to Read a Third Time and Pass adopted Roll Call 776,,,,,Roll 776
HB463,Robbins,Regular Session 2022,03/30/2022,H,,Local Application adopted Roll Call 777,,,,,Roll 777
HB463,Robbins,Regular Session 2022,03/30/2022,S,,"Read for the first time and referred to the Senate committee on Agriculture, Conservation and Forestry",AC&F,,,,
HB463,Robbins,Regular Session 2022,04/07/2022,S,,Third Reading Carried Over to Call of the Chair,,,,,
HB463,Robbins,Regular Session 2022,03/31/2022,S,,Read for the second time and placed on the calendar  1 amendment,,0,10,,
HB463,Robbins,Regular Session 2022,04/07/2022,S,219631-2,"Agriculture, Conservation and Forestry  Amendment Offered",,,,,
HB463,Robbins,Regular Session 2022,04/07/2022,S,,Singleton motion to Carry Over to the Call of the Chair adopted Voice Vote,,,,,
HB463,Robbins,Regular Session 2022,04/07/2022,S,,Third Reading Carried Over to Call of the Chair,,,,,
HB463,Robbins,Regular Session 2022,04/07/2022,S,,Singleton motion to Carry Over to the Call of the Chair adopted Voice Vote,,,,,
HB463,Robbins,Regular Session 2022,04/07/2022,S,,Third Reading Carried Over,,,,,
HB463,Robbins,Regular Session 2022,04/07/2022,S,,Chambliss motion to Carry Over adopted Voice Vote,,,,,
HB463,Robbins,Regular Session 2022,,S,,Further Consideration,,,,,
HB464,Kiel,Regular Session 2022,03/08/2022,H,,Read for the first time and referred to the House of Representatives committee on Judiciary,JUDY,,,,
HB465,Grimsley,Regular Session 2022,03/08/2022,H,,Read for the first time and referred to the House of Representatives committee on Ways and Means Education,W&ME,,,,
HB465,Grimsley,Regular Session 2022,03/17/2022,H,,Read for the second time and placed on the calendar with 1 substitute and,,,,,
HB465,Grimsley,Regular Session 2022,,H,218989-2,Ways and Means Education first Substitute Offered,,,,,
HB465,Grimsley,Regular Session 2022,,H,,Pending third reading on day 24 Favorable from Ways and Means Education with 1 substitute,,,,,
HB466,Pringle,Regular Session 2022,03/08/2022,H,,Read for the first time and referred to the House of Representatives committee on Judiciary,JUDY,,,,
HB466,Pringle,Regular Session 2022,03/30/2022,H,,Read for the second time and placed on the calendar  2 amendments,,,,,
HB466,Pringle,Regular Session 2022,,H,219406-2,Judiciary first Amendment Offered,,,,,
HB466,Pringle,Regular Session 2022,,H,219569-1,Judiciary second Amendment Offered,,,,,
HB466,Pringle,Regular Session 2022,,H,,Pending third reading on day 26 Favorable from Judiciary with 2 amendments,,,,,
HB467,Mooney,Regular Session 2022,03/08/2022,H,,"Read for the first time and referred to the House of Representatives committee on Boards, Agencies and Commissions",BA&C,,,,
HB467,Mooney,Regular Session 2022,03/17/2022,H,,Read for the second time and placed on the calendar,,,,,
HB467,Mooney,Regular Session 2022,,H,,"Pending third reading on day 24 Favorable from Boards, Agencies and Commissions",,,,,
HB468,Kitchens,Regular Session 2022,03/08/2022,H,,Read for the first time and referred to the House of Representatives committee on Local Legislation,LL,,,,
HB468,Kitchens,Regular Session 2022,03/09/2022,H,,Read for the second time and placed on the calendar,,,,,
HB468,Kitchens,Regular Session 2022,03/10/2022,H,,Third Reading Passed,,,,,
HB468,Kitchens,Regular Session 2022,03/10/2022,H,,Motion to Read a Third Time and Pass adopted Roll Call 557,,,,,Roll 557
HB468,Kitchens,Regular Session 2022,03/10/2022,S,,Read for the first time and referred to the Senate committee on Local Legislation,LL1,,,,
HB468,Kitchens,Regular Session 2022,03/29/2022,S,,Read for the second time and placed on the calendar,,,,,
HB468,Kitchens,Regular Session 2022,03/30/2022,S,,Third Reading Passed,,,,,
HB468,Kitchens,Regular Session 2022,03/30/2022,S,,Motion to Read a Third Time and Pass adopted Roll Call 780,,,,,Roll 780
HB468,Kitchens,Regular Session 2022,03/30/2022,H,,Passed Second House,,,,,
HB468,Kitchens,Regular Session 2022,03/30/2022,H,,Enrolled,,,,,
HB468,Kitchens,Regular Session 2022,03/30/2022,S,,Signature Requested,,,,,
HB468,Kitchens,Regular Session 2022,03/30/2022,H,,Clerk of the House Certification,,,,,
HB468,Kitchens,Regular Session 2022,,H,,Assigned Act No. 2022-260.,,,,,
HB468,Kitchens,Regular Session 2022,,H,,"Delivered to Governor at 5:17 p.m. on March 30, 2022.",,,,,
HB469,Brown (C),Regular Session 2022,03/08/2022,H,,Read for the first time and referred to the House of Representatives committee on Mobile County Legislation,MOBCL,,,,
HB469,Brown (C),Regular Session 2022,03/17/2022,H,,Read for the second time and placed on the calendar,,,,,
HB469,Brown (C),Regular Session 2022,,H,,Pending third reading on day 24 Favorable from Mobile County Legislation,,,,,
HB470,Brown (C),Regular Session 2022,03/08/2022,H,,Read for the first time and referred to the House of Representatives committee on Judiciary,JUDY,,,,
HB471,Crawford,Regular Session 2022,03/08/2022,H,,Read for the first time and referred to the House of Representatives committee on Ways and Means General Fund,W&MGF,,,,
HB471,Crawford,Regular Session 2022,03/17/2022,H,,Read for the second time and placed on the calendar  1 amendment,,,,,
HB471,Crawford,Regular Session 2022,03/29/2022,H,,Third Reading Passed,,,,,
HB471,Crawford,Regular Session 2022,03/29/2022,H,218915-2,Ways and Means General Fund  Amendment Offered,,,,,
HB471,Crawford,Regular Session 2022,03/29/2022,H,,Motion to Adopt adopted Roll Call 755,,,,,Roll 755
HB471,Crawford,Regular Session 2022,03/29/2022,H,,Motion to Read a Third Time and Pass adopted Roll Call 756,,,,,Roll 756
HB471,Crawford,Regular Session 2022,03/29/2022,H,,Engrossed,,,,,
HB471,Crawford,Regular Session 2022,03/30/2022,S,,Read for the first time and referred to the Senate committee on Finance and Taxation General Fund,F&TG,,,,
HB472,Brown (C),Regular Session 2022,03/08/2022,H,,Read for the first time and referred to the House of Representatives committee on Urban and Rural Development,U&RD,,,,
HB472,Brown (C),Regular Session 2022,03/17/2022,H,,Read for the second time and placed on the calendar,,,,,
HB472,Brown (C),Regular Session 2022,,H,,Pending third reading on day 24 Favorable from Urban and Rural Development,,,,,
HB473,Hall,Regular Session 2022,03/08/2022,H,,"Read for the first time and referred to the House of Representatives committee on Constitution, Campaigns and Elections",CC&E,,,,
HB474,Robbins,Regular Session 2022,03/08/2022,H,,Read for the first time and referred to the House of Representatives committee on Ways and Means General Fund,W&MGF,,,,
HB474,Robbins,Regular Session 2022,03/17/2022,H,,Read for the second time and placed on the calendar,,,,,
HB474,Robbins,Regular Session 2022,,H,,Pending third reading on day 24 Favorable from Ways and Means General Fund,,,,,
HB475,Sullivan,Regular Session 2022,03/09/2022,H,,Read for the first time and referred to the House of Representatives committee on Local Legislation,LL,,,,
HB475,Sullivan,Regular Session 2022,03/10/2022,H,,Read for the second time and placed on the calendar,,,,,
HB475,Sullivan,Regular Session 2022,03/15/2022,H,,Third Reading Passed,,,,,
HB475,Sullivan,Regular Session 2022,03/15/2022,H,,Motion to Read a Third Time and Pass adopted Roll Call 587,,,,,Roll 587
HB475,Sullivan,Regular Session 2022,03/15/2022,S,,Read for the first time and referred to the Senate committee on Local Legislation,LL1,,,,
HB475,Sullivan,Regular Session 2022,03/17/2022,S,,Read for the second time and placed on the calendar,,,,,
HB475,Sullivan,Regular Session 2022,03/29/2022,S,,Third Reading Passed,,,,,
HB475,Sullivan,Regular Session 2022,03/29/2022,S,,Motion to Read a Third Time and Pass adopted Roll Call 723,,,,,Roll 723
HB475,Sullivan,Regular Session 2022,03/29/2022,H,,Passed Second House,,,,,
HB475,Sullivan,Regular Session 2022,03/29/2022,H,,Enrolled,,,,,
HB475,Sullivan,Regular Session 2022,03/29/2022,S,,Signature Requested,,,,,
HB475,Sullivan,Regular Session 2022,03/29/2022,H,,Clerk of the House Certification,,,,,
HB475,Sullivan,Regular Session 2022,,H,,Assigned Act No. 2022-247.,,,,,
HB475,Sullivan,Regular Session 2022,,H,,"Forwarded to Governor at 5:25 p.m. on March 29, 2022.",,,,,
HB476,Estes,Regular Session 2022,03/09/2022,H,,Read for the first time and referred to the House of Representatives committee on Local Legislation,LL,,,,
HB476,Estes,Regular Session 2022,03/29/2022,H,,Read for the second time and placed on the calendar,,,,,
HB476,Estes,Regular Session 2022,03/31/2022,H,,Third Reading Passed,,,,,
HB476,Estes,Regular Session 2022,03/31/2022,H,,Motion to Read a Third Time and Pass adopted Roll Call 806,,,,,Roll 806
HB476,Estes,Regular Session 2022,03/31/2022,S,,Read for the first time and referred to the Senate committee on Local Legislation,LL1,,,,
HB476,Estes,Regular Session 2022,04/05/2022,S,,Read for the second time and placed on the calendar,,,,,
HB476,Estes,Regular Session 2022,04/06/2022,S,,Third Reading Passed,,,,,
HB476,Estes,Regular Session 2022,04/06/2022,S,,Motion to Read a Third Time and Pass adopted Roll Call 1005,,,,,Roll 1005
HB476,Estes,Regular Session 2022,04/06/2022,H,,Passed Second House,,,,,
HB476,Estes,Regular Session 2022,04/06/2022,H,,Enrolled,,,,,
HB476,Estes,Regular Session 2022,04/07/2022,S,,Signature Requested,,,,,
HB476,Estes,Regular Session 2022,04/07/2022,H,,Clerk of the House Certification,,,,,
HB476,Estes,Regular Session 2022,,H,,Assigned Act No. 2022-364.,,,,,
HB476,Estes,Regular Session 2022,,H,,"Delivered to Governor at 9:46 a.m. on April 7, 2022.",,,,,
HB477,Collins,Regular Session 2022,03/09/2022,H,,Read for the first time and referred to the House of Representatives committee on Commerce and Small Business,C&SB,,,,
HB477,Collins,Regular Session 2022,03/17/2022,H,,Read for the second time and placed on the calendar,,,,,
HB477,Collins,Regular Session 2022,,H,,Pending third reading on day 24 Favorable from Commerce and Small Business,,,,,
HB478,Shedd,Regular Session 2022,03/09/2022,H,,Read for the first time and referred to the House of Representatives committee on Local Legislation,LL,,,,
HB478,Shedd,Regular Session 2022,03/10/2022,H,,Read for the second time and placed on the calendar,,,,,
HB478,Shedd,Regular Session 2022,03/15/2022,H,,Third Reading Passed,,,,,
HB478,Shedd,Regular Session 2022,03/15/2022,H,,Motion to Read a Third Time and Pass adopted Roll Call 589,,,,,Roll 589
HB478,Shedd,Regular Session 2022,03/15/2022,S,,Read for the first time and referred to the Senate committee on Local Legislation,LL1,,,,
HB478,Shedd,Regular Session 2022,03/29/2022,S,,Read for the second time and placed on the calendar,,,,,
HB478,Shedd,Regular Session 2022,03/30/2022,S,,Third Reading Passed,,,,,
HB478,Shedd,Regular Session 2022,03/30/2022,S,,Motion to Read a Third Time and Pass adopted Roll Call 782,,,,,Roll 782
HB478,Shedd,Regular Session 2022,03/30/2022,H,,Passed Second House,,,,,
HB478,Shedd,Regular Session 2022,03/30/2022,H,,Enrolled,,,,,
HB478,Shedd,Regular Session 2022,03/30/2022,S,,Signature Requested,,,,,
HB478,Shedd,Regular Session 2022,03/30/2022,H,,Clerk of the House Certification,,,,,
HB478,Shedd,Regular Session 2022,,H,,Assigned Act No. 2022-253.,,,,,
HB478,Shedd,Regular Session 2022,,H,,"Delivered to Governor at 5:17 p.m. on March 30, 2022.",,,,,
HB479,Greer,Regular Session 2022,03/09/2022,H,,Read for the first time and referred to the House of Representatives committee on Local Legislation,LL,,,,
HB479,Greer,Regular Session 2022,03/10/2022,H,,Read for the second time and placed on the calendar,,,,,
HB479,Greer,Regular Session 2022,03/15/2022,H,,Third Reading Passed,,,,,
HB479,Greer,Regular Session 2022,03/15/2022,H,,Motion to Read a Third Time and Pass adopted Roll Call 591,,,,,Roll 591
HB479,Greer,Regular Session 2022,03/15/2022,S,,Read for the first time and referred to the Senate committee on Local Legislation,LL1,,,,
HB480,Chestnut,Regular Session 2022,03/09/2022,H,,Read for the first time and referred to the House of Representatives committee on Local Legislation,LL,,,,
HB480,Chestnut,Regular Session 2022,03/17/2022,H,,Read for the second time and placed on the calendar,,,,,
HB480,Chestnut,Regular Session 2022,03/29/2022,H,,Third Reading Passed,,,,,
HB480,Chestnut,Regular Session 2022,03/29/2022,H,,Motion to Read a Third Time and Pass adopted Roll Call 722,,,,,Roll 722
HB480,Chestnut,Regular Session 2022,03/29/2022,H,,Motion to LOCAL APPLICATION adopted Roll Call 723,,,,,Roll 723
HB480,Chestnut,Regular Session 2022,03/29/2022,S,,Read for the first time and referred to the Senate committee on Local Legislation,LL1,,,,
HB480,Chestnut,Regular Session 2022,04/05/2022,S,,Read for the second time and placed on the calendar,,,,,
HB480,Chestnut,Regular Session 2022,04/06/2022,S,,Third Reading Passed,,,,,
HB480,Chestnut,Regular Session 2022,04/06/2022,S,,Motion to Read a Third Time and Pass adopted Roll Call 1003,,,,,Roll 1003
HB480,Chestnut,Regular Session 2022,04/06/2022,S,,Chambliss motion to adopt Local Resolution Application adopted Roll Call 1004,,,,,Roll 1004
HB480,Chestnut,Regular Session 2022,04/06/2022,H,,Passed Second House,,,,,
HB480,Chestnut,Regular Session 2022,04/06/2022,H,,Enrolled,,,,,
HB480,Chestnut,Regular Session 2022,,H,,Assigned Act No. 2022-262.,,,,,
HB480,Chestnut,Regular Session 2022,04/06/2022,H,,Clerk of the House Certification,,,,,
HB480,Chestnut,Regular Session 2022,,H,,"Delivered to Secretary of State at 5:21 p.m. on April 6, 2022.",,,,,
HB480,Chestnut,Regular Session 2022,,S,,,,,,,
HB481,Scott,Regular Session 2022,03/09/2022,H,,Read for the first time and referred to the House of Representatives committee on County and Municipal Government,C&MG,,,,
HB481,Scott,Regular Session 2022,03/30/2022,H,,Read for the second time and placed on the calendar  1 amendment,,,,,
HB481,Scott,Regular Session 2022,,H,,Pending third reading on day 26 Favorable from County and Municipal Government with 1 amendment,,,,,
HB481,Scott,Regular Session 2022,,H,219425-2,County and Municipal Government first Amendment Offered,,,,,
HB482,Lovvorn,Regular Session 2022,03/09/2022,H,,Read for the first time and referred to the House of Representatives committee on Ways and Means General Fund,W&MGF,,,,
HB483,Whitt,Regular Session 2022,03/09/2022,H,,Read for the first time and referred to the House of Representatives committee on Madison County Legislation,MADCL,,,,
HB483,Whitt,Regular Session 2022,03/17/2022,H,,Read for the second time and placed on the calendar,,,,,
HB483,Whitt,Regular Session 2022,03/29/2022,H,,Third Reading Passed,,,,,
HB483,Whitt,Regular Session 2022,03/29/2022,H,,Motion to Read a Third Time and Pass adopted Roll Call 708,,,,,Roll 708
HB483,Whitt,Regular Session 2022,03/29/2022,S,,Read for the first time and referred to the Senate committee on Madison County Legislation,LLMA,,,,
HB483,Whitt,Regular Session 2022,04/05/2022,S,,Read for the second time and placed on the calendar,,0,5,,
HB483,Whitt,Regular Session 2022,04/06/2022,S,,Third Reading Passed,,,,,
HB483,Whitt,Regular Session 2022,04/06/2022,S,,Motion to Read a Third Time and Pass adopted Roll Call 1001,,,,,Roll 1001
HB483,Whitt,Regular Session 2022,04/06/2022,H,,Passed Second House,,,,,
HB483,Whitt,Regular Session 2022,04/06/2022,H,,Enrolled,,,,,
HB483,Whitt,Regular Session 2022,04/07/2022,S,,Signature Requested,,,,,
HB483,Whitt,Regular Session 2022,04/07/2022,H,,Clerk of the House Certification,,,,,
HB483,Whitt,Regular Session 2022,,H,,Assigned Act No. 2022-403.,,,,,
HB483,Whitt,Regular Session 2022,,H,,"Delivered to Governor at 9:46 a.m. on April 7, 2022.",,,,,
HB484,Shedd,Regular Session 2022,03/10/2022,H,,Read for the first time and referred to the House of Representatives committee on Local Legislation,LL,,,,
HB484,Shedd,Regular Session 2022,03/17/2022,H,,Read for the second time and placed on the calendar,,,,,
HB484,Shedd,Regular Session 2022,03/29/2022,H,,Third Reading Passed,,,,,
HB484,Shedd,Regular Session 2022,03/29/2022,H,,Motion to Read a Third Time and Pass adopted Roll Call 702,,,,,Roll 702
HB484,Shedd,Regular Session 2022,03/29/2022,S,,Read for the first time and referred to the Senate committee on Local Legislation,LL1,,,,
HB484,Shedd,Regular Session 2022,03/30/2022,S,,Read for the second time and placed on the calendar,,,,,
HB484,Shedd,Regular Session 2022,03/31/2022,S,,Third Reading Passed,,,,,
HB484,Shedd,Regular Session 2022,03/31/2022,S,,Motion to Read a Third Time and Pass adopted Roll Call 859,,,,,Roll 859
HB484,Shedd,Regular Session 2022,03/31/2022,H,,Passed Second House,,,,,
HB484,Shedd,Regular Session 2022,03/31/2022,H,,Enrolled,,,,,
HB484,Shedd,Regular Session 2022,03/31/2022,S,,Signature Requested,,,,,
HB484,Shedd,Regular Session 2022,03/31/2022,H,,Clerk of the House Certification,,,,,
HB484,Shedd,Regular Session 2022,,H,,Assigned Act No. 2022-281.,,,,,
HB484,Shedd,Regular Session 2022,,H,,"Delivered to Governor at 11:43 a.m. on March 31, 2022.",,,,,
HB485,Drake,Regular Session 2022,03/10/2022,H,,Read for the first time and referred to the House of Representatives committee on Agriculture and Forestry,A&F,,,,
HB485,Drake,Regular Session 2022,03/17/2022,H,,Read for the second time and placed on the calendar  3 amendments,,,,,
HB485,Drake,Regular Session 2022,,H,219064-2,Agriculture and Forestry third Amendment Offered,,,,,
HB485,Drake,Regular Session 2022,,H,218980-2,Agriculture and Forestry first Amendment Offered,,,,,
HB485,Drake,Regular Session 2022,,H,,Pending third reading on day 24 Favorable from Agriculture and Forestry with 3 amendments,,,,,
HB485,Drake,Regular Session 2022,,H,219010-2,Agriculture and Forestry second Amendment Offered,,,,,
HB486,Reynolds,Regular Session 2022,03/10/2022,H,,Read for the first time and referred to the House of Representatives committee on Military and Veterans Affairs,M&VA,,,,
HB486,Reynolds,Regular Session 2022,03/17/2022,H,,Read for the second time and placed on the calendar,,,,,
HB486,Reynolds,Regular Session 2022,03/30/2022,H,,Third Reading Passed,,,,,
HB486,Reynolds,Regular Session 2022,03/30/2022,H,,Motion to Read a Third Time and Pass adopted Roll Call 774,,,,,Roll 774
HB486,Reynolds,Regular Session 2022,03/30/2022,S,,Read for the first time and referred to the Senate committee on Veterans and Military Affairs,V&MA,,,,
HB486,Reynolds,Regular Session 2022,04/06/2022,S,,Read for the second time and placed on the calendar,,0,6,0,
HB486,Reynolds,Regular Session 2022,,S,,Pending third reading on day 29 Favorable from Veterans and Military Affairs,,,,,
HB487,Shaver,Regular Session 2022,03/10/2022,H,,Read for the first time and referred to the House of Representatives committee on Ways and Means Education,W&ME,,,,
HB487,Shaver,Regular Session 2022,03/30/2022,H,,Read for the second time and placed on the calendar,,,,,
HB487,Shaver,Regular Session 2022,03/31/2022,H,,Third Reading Passed,,,,,
HB487,Shaver,Regular Session 2022,03/31/2022,H,,Motion to Read a Third Time and Pass adopted Roll Call 827,,,,,Roll 827
HB487,Shaver,Regular Session 2022,03/31/2022,H,,Cosponsors Added,,,,,Roll 828
HB487,Shaver,Regular Session 2022,03/31/2022,S,,Read for the first time and referred to the Senate committee on Finance and Taxation Education,F&TE,,,,
HB487,Shaver,Regular Session 2022,04/06/2022,S,,Read for the second time and placed on the calendar  1 amendment,,0,14,0,
HB487,Shaver,Regular Session 2022,04/07/2022,S,,Third Reading Passed,,,,,
HB487,Shaver,Regular Session 2022,04/07/2022,S,219774-3,Finance and Taxation Education  Amendment Offered,,,,,
HB487,Shaver,Regular Session 2022,04/07/2022,S,,Jones motion to Adopt adopted Roll Call 1075,,,,,Roll 1075
HB487,Shaver,Regular Session 2022,04/07/2022,S,,Motion to Read a Third Time and Pass adopted Roll Call 1076,,,,,Roll 1076
HB487,Shaver,Regular Session 2022,04/07/2022,H,,Concurrence Requested,,,,,
HB487,Shaver,Regular Session 2022,04/07/2022,H,,Shaver motion to Concur In and Adopt adopted Roll Call 1023,,,,,Roll 1023
HB487,Shaver,Regular Session 2022,04/07/2022,S,,Signature Requested,,,,,
HB487,Shaver,Regular Session 2022,04/07/2022,S,,Concurred in Second House Amendment,,,,,
HB487,Shaver,Regular Session 2022,04/07/2022,H,,Enrolled,,,,,
HB487,Shaver,Regular Session 2022,04/07/2022,H,,Clerk of the House Certification,,,,,
HB487,Shaver,Regular Session 2022,,H,,Assigned Act No. 2022-299.,,,,,
HB487,Shaver,Regular Session 2022,,H,,"Forwarded to Governor at 11:30 p.m. on April 7, 2022.",,,,,
HB488,Shaver,Regular Session 2022,03/10/2022,H,,Read for the first time and referred to the House of Representatives committee on Ways and Means General Fund,W&MGF,,,,
HB488,Shaver,Regular Session 2022,03/17/2022,H,,Read for the second time and placed on the calendar  1 amendment,,,,,
HB488,Shaver,Regular Session 2022,03/29/2022,H,,Third Reading Passed,,,,,
HB488,Shaver,Regular Session 2022,03/29/2022,H,218987-2,Ways and Means General Fund  Amendment Offered,,,,,
HB488,Shaver,Regular Session 2022,03/29/2022,H,,Motion to Adopt adopted Roll Call 764,,,,,Roll 764
HB488,Shaver,Regular Session 2022,03/29/2022,H,219419-1,Jones (M)  Amendment Offered,,,,,
HB488,Shaver,Regular Session 2022,03/29/2022,H,,Motion to Adopt adopted Roll Call 765,,,,,Roll 765
HB488,Shaver,Regular Session 2022,03/29/2022,H,,Motion to Read a Third Time and Pass adopted Roll Call 766,,,,,Roll 766
HB488,Shaver,Regular Session 2022,03/29/2022,H,,Engrossed,,,,,
HB488,Shaver,Regular Session 2022,03/30/2022,S,,Read for the first time and referred to the Senate committee on Finance and Taxation General Fund,F&TG,,,,
HB488,Shaver,Regular Session 2022,04/05/2022,S,,Referred to Committee on Fiscal Responsibility and Economic Development,FRED,,,,
HB488,Shaver,Regular Session 2022,04/06/2022,S,,Read for the second time and placed on the calendar,,0,7,,
HB488,Shaver,Regular Session 2022,04/07/2022,S,,Third Reading Passed,,,,,
HB488,Shaver,Regular Session 2022,04/07/2022,S,,Motion to Read a Third Time and Pass adopted Roll Call 1081,,,,,Roll 1081
HB488,Shaver,Regular Session 2022,04/07/2022,H,,Passed Second House,,,,,
HB488,Shaver,Regular Session 2022,04/07/2022,H,,Enrolled,,,,,
HB488,Shaver,Regular Session 2022,04/07/2022,S,,Signature Requested,,,,,
HB488,Shaver,Regular Session 2022,04/07/2022,H,,Clerk of the House Certification,,,,,
HB488,Shaver,Regular Session 2022,,H,,Assigned Act No. 2022-437.,,,,,
HB488,Shaver,Regular Session 2022,,H,,"Delivered to Governor at 9:36 p.m. on April 7, 2022.",,,,,
HB489,Shaver,Regular Session 2022,03/10/2022,H,,Read for the first time and referred to the House of Representatives committee on Public Safety and Homeland Security,PS&HS,,,,
HB489,Shaver,Regular Session 2022,03/17/2022,H,,Read for the second time and placed on the calendar,,,,,
HB489,Shaver,Regular Session 2022,,H,,Pending third reading on day 24 Favorable from Public Safety and Homeland Security,,,,,
HB490,Shaver,Regular Session 2022,03/10/2022,H,,Read for the first time and referred to the House of Representatives committee on Public Safety and Homeland Security,PS&HS,,,,
HB490,Shaver,Regular Session 2022,03/17/2022,H,,Read for the second time and placed on the calendar,,,,,
HB490,Shaver,Regular Session 2022,,H,,Pending third reading on day 24 Favorable from Public Safety and Homeland Security,,,,,
HB491,Treadaway,Regular Session 2022,03/10/2022,H,,Read for the first time and referred to the House of Representatives committee on Judiciary,JUDY,,,,
HB492,Robertson,Regular Session 2022,03/15/2022,H,,Read for the first time and referred to the House of Representatives committee on Local Legislation,LL,,,,
HB492,Robertson,Regular Session 2022,03/17/2022,H,,Read for the second time and placed on the calendar,,,,,
HB492,Robertson,Regular Session 2022,03/29/2022,H,,Third Reading Passed,,,,,
HB492,Robertson,Regular Session 2022,03/29/2022,H,,Motion to Read a Third Time and Pass adopted Roll Call 712,,,,,Roll 712
HB492,Robertson,Regular Session 2022,03/29/2022,S,,Read for the first time and referred to the Senate committee on Local Legislation,LL1,,,,
HB492,Robertson,Regular Session 2022,03/30/2022,S,,Read for the second time and placed on the calendar,,,,,
HB492,Robertson,Regular Session 2022,03/31/2022,S,,Third Reading Passed,,,,,
HB492,Robertson,Regular Session 2022,03/31/2022,S,,Motion to Read a Third Time and Pass adopted Roll Call 861,,,,,Roll 861
HB492,Robertson,Regular Session 2022,03/31/2022,H,,Passed Second House,,,,,
HB492,Robertson,Regular Session 2022,03/31/2022,H,,Enrolled,,,,,
HB492,Robertson,Regular Session 2022,03/31/2022,S,,Signature Requested,,,,,
HB492,Robertson,Regular Session 2022,03/31/2022,H,,Clerk of the House Certification,,,,,
HB492,Robertson,Regular Session 2022,,H,,Assigned Act No. 2022-282.,,,,,
HB492,Robertson,Regular Session 2022,,H,,"Delivered to Governor at 11:43 a.m. on March 31, 2022.",,,,,
HB493,Shiver,Regular Session 2022,03/15/2022,H,,Read for the first time and referred to the House of Representatives committee on Baldwin County Legislation,BCL,,,,
HB493,Shiver,Regular Session 2022,03/17/2022,H,,Read for the second time and placed on the calendar,,,,,
HB493,Shiver,Regular Session 2022,03/29/2022,H,,Third Reading Passed,,,,,
HB493,Shiver,Regular Session 2022,03/29/2022,H,,Motion to Read a Third Time and Pass adopted Roll Call 706,,,,,Roll 706
HB493,Shiver,Regular Session 2022,03/29/2022,S,,Read for the first time and referred to the Senate committee on Local Legislation,LL1,,,,
HB494,Almond,Regular Session 2022,03/15/2022,H,,Read for the first time and referred to the House of Representatives committee on Tuscaloosa County Legislation,TCL,,,,
HB494,Almond,Regular Session 2022,03/17/2022,H,,Read for the second time and placed on the calendar,,,,,
HB494,Almond,Regular Session 2022,03/29/2022,H,,Third Reading Passed,,,,,
HB494,Almond,Regular Session 2022,03/29/2022,H,,Motion to Read a Third Time and Pass adopted Roll Call 710,,,,,Roll 710
HB494,Almond,Regular Session 2022,03/29/2022,S,,Read for the first time and referred to the Senate committee on Local Legislation,LL1,,,,
HB494,Almond,Regular Session 2022,04/06/2022,S,,Read for the second time and placed on the calendar,,,,,
HB494,Almond,Regular Session 2022,04/07/2022,S,,Third Reading Passed,,,,,
HB494,Almond,Regular Session 2022,04/07/2022,S,,Motion to Read a Third Time and Pass adopted Roll Call 1053,,,,,Roll 1053
HB494,Almond,Regular Session 2022,04/07/2022,H,,Passed Second House,,,,,
HB494,Almond,Regular Session 2022,04/07/2022,S,,Signature Requested,,,,,
HB494,Almond,Regular Session 2022,04/07/2022,H,,Enrolled,,,,,
HB494,Almond,Regular Session 2022,04/07/2022,H,,Clerk of the House Certification,,,,,
HB494,Almond,Regular Session 2022,,H,,Assigned Act No. 2022-407.,,,,,
HB494,Almond,Regular Session 2022,,H,,"Delivered to Governor at 12:51 p.m. on April 7, 2022.",,,,,
HB495,Smith,Regular Session 2022,03/15/2022,H,,Read for the first time and referred to the House of Representatives committee on Local Legislation,LL,,,,
HB495,Smith,Regular Session 2022,03/17/2022,H,,Read for the second time and placed on the calendar,,,,,
HB495,Smith,Regular Session 2022,03/29/2022,H,,Third Reading Passed,,,,,
HB495,Smith,Regular Session 2022,03/29/2022,H,,Motion to Read a Third Time and Pass adopted Roll Call 714,,,,,Roll 714
HB495,Smith,Regular Session 2022,03/29/2022,S,,Read for the first time and referred to the Senate committee on Local Legislation,LL1,,,,
HB495,Smith,Regular Session 2022,04/05/2022,S,,Read for the second time and placed on the calendar,,,,,
HB495,Smith,Regular Session 2022,04/06/2022,S,,Third Reading Passed,,,,,
HB495,Smith,Regular Session 2022,04/06/2022,S,,Motion to Read a Third Time and Pass adopted Roll Call 999,,,,,Roll 999
HB495,Smith,Regular Session 2022,04/06/2022,H,,Passed Second House,,,,,
HB495,Smith,Regular Session 2022,04/06/2022,H,,Enrolled,,,,,
HB495,Smith,Regular Session 2022,04/07/2022,S,,Signature Requested,,,,,
HB495,Smith,Regular Session 2022,04/07/2022,H,,Clerk of the House Certification,,,,,
HB495,Smith,Regular Session 2022,,H,,Assigned Act No. 2022-404.,,,,,
HB495,Smith,Regular Session 2022,,H,,"Delivered to Governor at 9:46 a.m. on April 7, 2022.",,,,,
HB496,Greer,Regular Session 2022,03/15/2022,H,,Read for the first time and referred to the House of Representatives committee on Local Legislation,LL,,,,
HB496,Greer,Regular Session 2022,03/17/2022,H,,Read for the second time and placed on the calendar,,,,,
HB496,Greer,Regular Session 2022,03/29/2022,H,,Third Reading Passed,,,,,
HB496,Greer,Regular Session 2022,03/29/2022,H,,Motion to Read a Third Time and Pass adopted Roll Call 716,,,,,Roll 716
HB496,Greer,Regular Session 2022,03/29/2022,H,,"Mooney intended to vote ""Yea""",,,,,
HB496,Greer,Regular Session 2022,03/29/2022,S,,Read for the first time and referred to the Senate committee on Local Legislation,LL1,,,,
HB496,Greer,Regular Session 2022,04/07/2022,S,,Read for the second time and placed on the calendar,,,,,
HB496,Greer,Regular Session 2022,,S,,Pending third reading on day 30 Favorable from Local Legislation,,,,,
HB497,Rogers,Regular Session 2022,03/15/2022,H,,Read for the first time and referred to the House of Representatives committee on Ways and Means Education,W&ME,,,,
HB498,Whorton,Regular Session 2022,03/15/2022,H,,Read for the first time and referred to the House of Representatives committee on Madison County Legislation,MADCL,,,,
HB498,Whorton,Regular Session 2022,03/30/2022,H,,Read for the second time and placed on the calendar,,,,,
HB498,Whorton,Regular Session 2022,03/31/2022,H,,Third Reading Passed,,,,,
HB498,Whorton,Regular Session 2022,03/31/2022,H,,Motion to Read a Third Time and Pass adopted Roll Call 800,,,,,Roll 800
HB498,Whorton,Regular Session 2022,03/31/2022,S,,Read for the first time and referred to the Senate committee on Madison County Legislation,LLMA,,,,
HB499,Reynolds,Regular Session 2022,03/15/2022,H,,Read for the first time and referred to the House of Representatives committee on Madison County Legislation,MADCL,,,,
HB499,Reynolds,Regular Session 2022,03/30/2022,H,,Read for the second time and placed on the calendar,,,,,
HB499,Reynolds,Regular Session 2022,03/31/2022,H,,Third Reading Passed,,,,,
HB499,Reynolds,Regular Session 2022,03/31/2022,H,,Motion to Read a Third Time and Pass adopted Roll Call 796,,,,,Roll 796
HB499,Reynolds,Regular Session 2022,03/31/2022,S,,Read for the first time and referred to the Senate committee on Madison County Legislation,LLMA,,,,
HB500,Whitt,Regular Session 2022,03/15/2022,H,,Read for the first time and referred to the House of Representatives committee on Madison County Legislation,MADCL,,,,
HB500,Whitt,Regular Session 2022,03/30/2022,H,,Read for the second time and placed on the calendar,,,,,
HB500,Whitt,Regular Session 2022,03/31/2022,H,,Third Reading Passed,,,,,
HB500,Whitt,Regular Session 2022,03/31/2022,H,,Motion to Read a Third Time and Pass adopted Roll Call 798,,,,,Roll 798
HB500,Whitt,Regular Session 2022,03/31/2022,S,,Read for the first time and referred to the Senate committee on Madison County Legislation,LLMA,,,,
HB500,Whitt,Regular Session 2022,04/05/2022,S,,Read for the second time and placed on the calendar,,0,5,,
HB500,Whitt,Regular Session 2022,04/06/2022,S,,Third Reading Passed,,,,,
HB500,Whitt,Regular Session 2022,04/06/2022,S,,Motion to Read a Third Time and Pass adopted Roll Call 1000,,,,,Roll 1000
HB500,Whitt,Regular Session 2022,04/06/2022,H,,Passed Second House,,,,,
HB500,Whitt,Regular Session 2022,04/06/2022,H,,Enrolled,,,,,
HB500,Whitt,Regular Session 2022,04/07/2022,S,,Signature Requested,,,,,
HB500,Whitt,Regular Session 2022,04/07/2022,H,,Clerk of the House Certification,,,,,
HB500,Whitt,Regular Session 2022,,H,,Assigned Act No. 2022-405.,,,,,
HB500,Whitt,Regular Session 2022,,H,,"Delivered to Governor at 9:46 a.m. on April 7, 2022.",,,,,
HB501,Brown (C),Regular Session 2022,03/15/2022,H,,Read for the first time and referred to the House of Representatives committee on Economic Development and Tourism,ED&T,,,,
HB501,Brown (C),Regular Session 2022,03/17/2022,H,,Read for the second time and placed on the calendar  1 amendment,,,,,
HB501,Brown (C),Regular Session 2022,,H,,Pending third reading on day 24 Favorable from Economic Development and Tourism with 1 amendment,,,,,
HB501,Brown (C),Regular Session 2022,,H,219184-2,Economic Development and Tourism first Amendment Offered,,,,,
HB502,Brown (C),Regular Session 2022,03/15/2022,H,,Read for the first time and referred to the House of Representatives committee on Economic Development and Tourism,ED&T,,,,
HB502,Brown (C),Regular Session 2022,03/17/2022,H,,Read for the second time and placed on the calendar  1 amendment,,,,,
HB502,Brown (C),Regular Session 2022,,H,,Pending third reading on day 24 Favorable from Economic Development and Tourism with 1 amendment,,,,,
HB502,Brown (C),Regular Session 2022,,H,219185-2,Economic Development and Tourism first Amendment Offered,,,,,
HB503,Sorrells,Regular Session 2022,03/15/2022,H,,Read for the first time and referred to the House of Representatives committee on Agriculture and Forestry,A&F,,,,
HB503,Sorrells,Regular Session 2022,03/17/2022,H,,Read for the second time and placed on the calendar,,,,,
HB503,Sorrells,Regular Session 2022,03/29/2022,H,,Third Reading Passed,,,,,
HB503,Sorrells,Regular Session 2022,03/29/2022,H,,Motion to Read a Third Time and Pass adopted Roll Call 736,,,,,Roll 736
HB503,Sorrells,Regular Session 2022,03/29/2022,H,,Cosponsors Added,,,,,Roll 737
HB503,Sorrells,Regular Session 2022,03/29/2022,S,,"Read for the first time and referred to the Senate committee on Agriculture, Conservation and Forestry",AC&F,,,,
HB503,Sorrells,Regular Session 2022,03/30/2022,S,,Read for the second time and placed on the calendar,,0,8,,
HB503,Sorrells,Regular Session 2022,,S,,"Pending third reading on day 26 Favorable from Agriculture, Conservation and Forestry",,,,,
HB504,Pettus,Regular Session 2022,03/17/2022,H,,Read for the first time and referred to the House of Representatives committee on Public Safety and Homeland Security,PS&HS,,,,
HB504,Pettus,Regular Session 2022,03/29/2022,H,,Read for the second time and placed on the calendar,,,,,
HB504,Pettus,Regular Session 2022,03/31/2022,H,,Third Reading Passed,,,,,
HB504,Pettus,Regular Session 2022,03/31/2022,H,,Motion to Read a Third Time and Pass adopted Roll Call 851,,,,,Roll 851
HB504,Pettus,Regular Session 2022,04/05/2022,S,,Read for the first time and referred to the Senate committee on Governmental Affairs,GA,,,,
HB504,Pettus,Regular Session 2022,04/06/2022,S,,Read for the second time and placed on the calendar,,0,9,,
HB504,Pettus,Regular Session 2022,04/07/2022,S,,Third Reading Passed,,,,,
HB504,Pettus,Regular Session 2022,04/07/2022,S,,Motion to Read a Third Time and Pass adopted Roll Call 1086,,,,,Roll 1086
HB504,Pettus,Regular Session 2022,04/07/2022,H,,Passed Second House,,,,,
HB504,Pettus,Regular Session 2022,04/07/2022,H,,Enrolled,,,,,
HB504,Pettus,Regular Session 2022,04/07/2022,S,,Signature Requested,,,,,
HB504,Pettus,Regular Session 2022,04/07/2022,H,,Clerk of the House Certification,,,,,
HB504,Pettus,Regular Session 2022,,H,,Assigned Act No. 2022-340.,,,,,
HB504,Pettus,Regular Session 2022,,H,,"Delivered to Governor at 9:36 p.m. on April 7, 2022.",,,,,
HB505,Jackson,Regular Session 2022,03/17/2022,H,,Read for the first time and referred to the House of Representatives committee on Ways and Means General Fund,W&MGF,,,,
HB506,Ball,Regular Session 2022,03/17/2022,H,,Read for the first time and referred to the House of Representatives committee on Education Policy,EP,,,,
HB507,Reynolds,Regular Session 2022,03/17/2022,H,,Read for the first time and referred to the House of Representatives committee on Public Safety and Homeland Security,PS&HS,,,,
HB508,Warren,Regular Session 2022,03/17/2022,H,,Read for the first time and referred to the House of Representatives committee on Local Legislation,LL,,,,
HB508,Warren,Regular Session 2022,03/29/2022,H,,Read for the second time and placed on the calendar,,,,,
HB508,Warren,Regular Session 2022,03/31/2022,H,,Third Reading Passed,,,,,
HB508,Warren,Regular Session 2022,03/31/2022,H,,Motion to Read a Third Time and Pass adopted Roll Call 808,,,,,Roll 808
HB508,Warren,Regular Session 2022,03/31/2022,S,,Read for the first time and referred to the Senate committee on Local Legislation,LL1,,,,
HB508,Warren,Regular Session 2022,04/05/2022,S,,Read for the second time and placed on the calendar,,,,,
HB508,Warren,Regular Session 2022,04/06/2022,S,,Third Reading Passed,,,,,
HB508,Warren,Regular Session 2022,04/06/2022,S,,Motion to Read a Third Time and Pass adopted Roll Call 1008,,,,,Roll 1008
HB508,Warren,Regular Session 2022,04/06/2022,H,,Passed Second House,,,,,
HB508,Warren,Regular Session 2022,04/06/2022,H,,Enrolled,,,,,
HB508,Warren,Regular Session 2022,04/07/2022,S,,Signature Requested,,,,,
HB508,Warren,Regular Session 2022,04/07/2022,H,,Clerk of the House Certification,,,,,
HB508,Warren,Regular Session 2022,,H,,Assigned Act No. 2022-365.,,,,,
HB508,Warren,Regular Session 2022,,H,,"Delivered to Governor at 9:46 a.m. on April 7, 2022.",,,,,
HB509,Hollis,Regular Session 2022,03/17/2022,H,,Read for the first time and referred to the House of Representatives committee on Jefferson County Legislation,JCL,,,,
HB510,Mooney,Regular Session 2022,03/17/2022,H,,Read for the first time and referred to the House of Representatives committee on Health,HLTH,,,,
HB511,Stadthagen,Regular Session 2022,03/17/2022,H,,Read for the first time and referred to the House of Representatives committee on State Government,SG,,,,
HB512,Stringer,Regular Session 2022,03/17/2022,H,,Read for the first time and referred to the House of Representatives committee on State Government,SG,,,,
HB513,Stringer,Regular Session 2022,03/17/2022,H,,Read for the first time and referred to the House of Representatives committee on Public Safety and Homeland Security,PS&HS,,,,
HB513,Stringer,Regular Session 2022,03/29/2022,H,,Read for the second time and placed on the calendar,,,,,
HB513,Stringer,Regular Session 2022,03/31/2022,H,,Third Reading Passed,,,,,
HB513,Stringer,Regular Session 2022,03/31/2022,H,,Motion to Read a Third Time and Pass adopted Roll Call 839,,,,,Roll 839
HB513,Stringer,Regular Session 2022,04/05/2022,S,,Read for the first time and referred to the Senate committee on Governmental Affairs,GA,,,,
HB513,Stringer,Regular Session 2022,04/06/2022,S,,Read for the second time and placed on the calendar,,0,9,,
HB513,Stringer,Regular Session 2022,04/07/2022,S,,Third Reading Passed,,,,,
HB513,Stringer,Regular Session 2022,04/07/2022,S,,Motion to Read a Third Time and Pass adopted Roll Call 1078,,,,,Roll 1078
HB513,Stringer,Regular Session 2022,04/07/2022,H,,Passed Second House,,,,,
HB513,Stringer,Regular Session 2022,04/07/2022,H,,Enrolled,,,,,
HB513,Stringer,Regular Session 2022,04/07/2022,S,,Signature Requested,,,,,
HB513,Stringer,Regular Session 2022,04/07/2022,H,,Clerk of the House Certification,,,,,
HB513,Stringer,Regular Session 2022,,H,,Assigned Act No. 2022-438.,,,,,
HB513,Stringer,Regular Session 2022,,H,,"Delivered to Governor at 9:36 p.m. on April 7, 2022.",,,,,
HB514,McCampbell,Regular Session 2022,03/17/2022,H,,Read for the first time and referred to the House of Representatives committee on Judiciary,JUDY,,,,
HB514,McCampbell,Regular Session 2022,03/30/2022,H,,Read for the second time and placed on the calendar,,,,,
HB514,McCampbell,Regular Session 2022,03/31/2022,H,,Third Reading Open,,,,,
HB514,McCampbell,Regular Session 2022,03/31/2022,H,,McCampbell motion to SB207 Substitute FOR HB514 aadopted Voice Vote,,,,,
HB515,Garrett,Regular Session 2022,03/17/2022,H,,Read for the first time and referred to the House of Representatives committee on Ways and Means Education,W&ME,,,,
HB516,Grimsley,Regular Session 2022,03/17/2022,H,,Read for the first time and referred to the House of Representatives committee on Ways and Means General Fund,W&MGF,,,,
HB517,Grimsley,Regular Session 2022,03/17/2022,H,,Read for the first time and referred to the House of Representatives committee on Ways and Means Education,W&ME,,,,
HB518,Gray,Regular Session 2022,03/17/2022,H,,Read for the first time and referred to the House of Representatives committee on Ways and Means Education,W&ME,,,,
HB519,Oliver,Regular Session 2022,03/29/2022,H,,Read for the first time and referred to the House of Representatives committee on Ways and Means Education,W&ME,,,,
HB520,Isbell,Regular Session 2022,03/29/2022,H,,Read for the first time and referred to the House of Representatives committee on Local Legislation,LL,,,,
HB520,Isbell,Regular Session 2022,03/31/2022,H,,Read for the second time and placed on the calendar,,,,,
HB520,Isbell,Regular Session 2022,04/05/2022,H,,Third Reading Passed,,,,,
HB520,Isbell,Regular Session 2022,04/05/2022,H,,otion to Read a Third Time and Pass Adopted Roll Call 881,,,,,Roll 881
HB520,Isbell,Regular Session 2022,04/05/2022,S,,Read for the first time and referred to the Senate committee on Local Legislation,LL1,,,,
HB520,Isbell,Regular Session 2022,04/06/2022,S,,Read for the second time and placed on the calendar,,,,,
HB520,Isbell,Regular Session 2022,04/07/2022,S,,Third Reading Passed,,,,,
HB520,Isbell,Regular Session 2022,04/07/2022,S,,Motion to Read a Third Time and Pass adopted Roll Call 1055,,,,,Roll 1055
HB520,Isbell,Regular Session 2022,04/07/2022,H,,Passed Second House,,,,,
HB520,Isbell,Regular Session 2022,04/07/2022,S,,Signature Requested,,,,,
HB520,Isbell,Regular Session 2022,04/07/2022,H,,Enrolled,,,,,
HB520,Isbell,Regular Session 2022,04/07/2022,H,,Clerk of the House Certification,,,,,
HB520,Isbell,Regular Session 2022,,H,,Assigned Act No. 2022-400.,,,,,
HB520,Isbell,Regular Session 2022,,H,,"Delivered to Governor at 12:51 p.m. on April 7, 2022.",,,,,
HB521,Isbell,Regular Session 2022,03/29/2022,H,,Read for the first time and referred to the House of Representatives committee on Judiciary,JUDY,,,,
HB522,Isbell,Regular Session 2022,03/29/2022,H,,Read for the first time and referred to the House of Representatives committee on Judiciary,JUDY,,,,
HB523,Kitchens,Regular Session 2022,03/29/2022,H,,Read for the first time and referred to the House of Representatives committee on Local Legislation,LL,,,,
HB523,Kitchens,Regular Session 2022,03/30/2022,H,,Read for the second time and placed on the calendar,,,,,
HB523,Kitchens,Regular Session 2022,03/31/2022,H,,Third Reading Passed,,,,,
HB523,Kitchens,Regular Session 2022,03/31/2022,H,,Motion to Read a Third Time and Pass adopted Roll Call 802,,,,,Roll 802
HB523,Kitchens,Regular Session 2022,03/31/2022,S,,Read for the first time and referred to the Senate committee on Local Legislation,LL1,,,,
HB523,Kitchens,Regular Session 2022,04/05/2022,S,,Read for the second time and placed on the calendar,,,,,
HB523,Kitchens,Regular Session 2022,04/06/2022,S,,Third Reading Passed,,,,,
HB523,Kitchens,Regular Session 2022,04/06/2022,S,,Motion to Read a Third Time and Pass adopted Roll Call 1006,,,,,Roll 1006
HB523,Kitchens,Regular Session 2022,04/06/2022,H,,Passed Second House,,,,,
HB523,Kitchens,Regular Session 2022,04/06/2022,H,,Enrolled,,,,,
HB523,Kitchens,Regular Session 2022,04/07/2022,S,,Signature Requested,,,,,
HB523,Kitchens,Regular Session 2022,04/07/2022,H,,Clerk of the House Certification,,,,,
HB523,Kitchens,Regular Session 2022,,H,,Assigned Act No. 2022-366.,,,,,
HB523,Kitchens,Regular Session 2022,,H,,"Delivered to Governor at 9:46 a.m. on April 7, 2022.",,,,,
HB524,Kitchens,Regular Session 2022,03/29/2022,H,,Read for the first time and referred to the House of Representatives committee on Local Legislation,LL,,,,
HB524,Kitchens,Regular Session 2022,03/30/2022,H,,Read for the second time and placed on the calendar,,,,,
HB524,Kitchens,Regular Session 2022,03/31/2022,H,,Third Reading Passed,,,,,
HB524,Kitchens,Regular Session 2022,03/31/2022,H,,Motion to Read a Third Time and Pass adopted Roll Call 804,,,,,Roll 804
HB524,Kitchens,Regular Session 2022,03/31/2022,S,,Read for the first time and referred to the Senate committee on Local Legislation,LL1,,,,
HB524,Kitchens,Regular Session 2022,04/05/2022,S,,Read for the second time and placed on the calendar,,,,,
HB524,Kitchens,Regular Session 2022,04/06/2022,S,,Third Reading Passed,,,,,
HB524,Kitchens,Regular Session 2022,04/06/2022,S,,Motion to Read a Third Time and Pass adopted Roll Call 1007,,,,,Roll 1007
HB524,Kitchens,Regular Session 2022,04/06/2022,H,,Passed Second House,,,,,
HB524,Kitchens,Regular Session 2022,04/06/2022,H,,Enrolled,,,,,
HB524,Kitchens,Regular Session 2022,04/07/2022,S,,Signature Requested,,,,,
HB524,Kitchens,Regular Session 2022,04/07/2022,H,,Clerk of the House Certification,,,,,
HB524,Kitchens,Regular Session 2022,,H,,Assigned Act No. 2022-385.,,,,,
HB524,Kitchens,Regular Session 2022,,H,,"Delivered to Governor at 9:46 a.m. on April 7, 2022.",,,,,
HB525,Mooney,Regular Session 2022,03/29/2022,H,,Read for the first time and referred to the House of Representatives committee on Judiciary,JUDY,,,,
HB526,Mooney,Regular Session 2022,03/29/2022,H,,"Read for the first time and referred to the House of Representatives committee on Transportation, Utilities and Infrastructure",TU&I,,,,
HB527,Mooney,Regular Session 2022,03/29/2022,H,,Read for the first time and referred to the House of Representatives committee on Judiciary,JUDY,,,,
HB528,Whitt,Regular Session 2022,03/29/2022,H,,Read for the first time and referred to the House of Representatives committee on Ways and Means General Fund,W&MGF,,,,
HB529,Mooney,Regular Session 2022,03/29/2022,H,,Read for the first time and referred to the House of Representatives committee on Children and Senior Advocacy,C&SA,,,,
HB530,Mooney,Regular Session 2022,03/29/2022,H,,"Read for the first time and referred to the House of Representatives committee on Boards, Agencies and Commissions",BA&C,,,,
HB531,Wingo,Regular Session 2022,03/31/2022,H,,Read for the first time and referred to the House of Representatives committee on Judiciary,JUDY,,,,
HB532,Stringer,Regular Session 2022,03/31/2022,H,,Read for the first time and referred to the House of Representatives committee on Judiciary,JUDY,,,,
HB533,Ball,Regular Session 2022,04/05/2022,H,,Read for the first time and referred to the House of Representatives committee on Ways and Means Education,W&ME,,,,
HB534,Moore (P),Regular Session 2022,04/06/2022,H,,Read for the first time and referred to the House of Representatives committee on Ways and Means General Fund,W&MGF,,,,
HR1,Gaston,Regular Session 2022,01/11/2022,H,,Introduced,,,,,
HR1,Gaston,Regular Session 2022,01/11/2022,H,,Gaston motion to Adopt adopted Voice Vote,,,,,
HJR2,Gaston,Regular Session 2022,01/11/2022,H,,Introduced,,,,,
HJR2,Gaston,Regular Session 2022,01/11/2022,H,,Gaston motion to Adopt adopted Voice Vote,,,,,
HJR2,Gaston,Regular Session 2022,01/11/2022,H,,"Committee on the part of the House, Representatives Lee, Almond and Bracy",,,,,
HJR2,Gaston,Regular Session 2022,,,,,,,,,
HJR3,Gaston,Regular Session 2022,01/11/2022,H,,Introduced,,,,,
HJR3,Gaston,Regular Session 2022,01/11/2022,H,,Gaston motion to Adopt adopted Voice Vote,,,,,
HJR3,Gaston,Regular Session 2022,01/11/2022,H,,"Committee on the part of the House, Representatives Lee, Almond and Bracy",,,,,
HJR3,Gaston,Regular Session 2022,,,,,,,,,
HJR4,Paschal,Regular Session 2022,01/11/2022,H,,Introduced and referred to the House of Representatives committee on Rules,RULES,,,,
HJR4,Paschal,Regular Session 2022,02/03/2022,H,,Reported from Rules,,,,,
HJR4,Paschal,Regular Session 2022,02/03/2022,H,,Jones (M) motion to Adopt adopted Voice Vote,,,,,
HJR4,Paschal,Regular Session 2022,02/03/2022,S,,Received in Senate and referred to the Senate committee on Rules,RULES,,,,
HJR4,Paschal,Regular Session 2022,02/08/2022,S,,Reported from Rules,,,,,
HJR4,Paschal,Regular Session 2022,02/08/2022,S,,Waggoner motion to Concur In and Adopt adopted Voice Vote,,,,,
HJR4,Paschal,Regular Session 2022,02/08/2022,H,,Passed Second House,,,,,
HJR4,Paschal,Regular Session 2022,02/08/2022,S,,Signature Requested,,,,,
HJR4,Paschal,Regular Session 2022,02/08/2022,H,,Enrolled,,,,,
HJR4,Paschal,Regular Session 2022,02/08/2022,H,,Clerk of the House Certification,,,,,
HJR4,Paschal,Regular Session 2022,,H,,Assigned Act No. 2022-8.,,,,,
HJR4,Paschal,Regular Session 2022,,H,,"Forwarded to Governor on February 8, 2022 at 4:26 p.m. on February 8, 2021.",,,,,
HR5,Scott,Regular Session 2022,01/11/2022,H,,Joint Rule 11,,,,,
HR5,Scott,Regular Session 2022,01/11/2022,H,,Scott motion to Adopt adopted Voice Vote,,,,,
HJR6,Gray,Regular Session 2022,01/11/2022,H,,Introduced and referred to the House of Representatives committee on Rules,RULES,,,,
HJR7,Shaver,Regular Session 2022,01/11/2022,H,,Introduced and referred to the House of Representatives committee on Rules,RULES,,,,
HJR7,Shaver,Regular Session 2022,02/03/2022,H,,Reported from Rules,,,,,
HJR7,Shaver,Regular Session 2022,02/03/2022,H,,Jones (M) motion to Adopt adopted Voice Vote,,,,,
HJR7,Shaver,Regular Session 2022,02/03/2022,S,,Received in Senate and referred to the Senate committee on Rules,RULES,,,,
HJR7,Shaver,Regular Session 2022,02/08/2022,S,,Reported from Rules,,,,,
HJR7,Shaver,Regular Session 2022,02/08/2022,S,,Waggoner motion to Concur In and Adopt adopted Voice Vote,,,,,
HJR7,Shaver,Regular Session 2022,02/08/2022,H,,Passed Second House,,,,,
HJR7,Shaver,Regular Session 2022,02/08/2022,S,,Signature Requested,,,,,
HJR7,Shaver,Regular Session 2022,02/08/2022,H,,Enrolled,,,,,
HJR7,Shaver,Regular Session 2022,02/08/2022,H,,Clerk of the House Certification,,,,,
HJR7,Shaver,Regular Session 2022,,H,,Assigned Act No. 2022-9.,,,,,
HJR7,Shaver,Regular Session 2022,,H,,"Forwarded to Governor on February 8, 2022 at 4:26 p.m. on February 8, 2021.",,,,,
HR8,Coleman,Regular Session 2022,01/13/2022,H,,Joint Rule 11,,,,,
HR9,Coleman,Regular Session 2022,01/13/2022,H,,Joint Rule 11,,,,,
HJR10,Bedsole,Regular Session 2022,01/13/2022,H,,Introduced and referred to the House of Representatives committee on Rules,RULES,,,,
HJR10,Bedsole,Regular Session 2022,02/03/2022,H,,Reported from Rules,,,,,
HJR10,Bedsole,Regular Session 2022,02/03/2022,H,,Jones (M) motion to Adopt adopted Voice Vote,,,,,
HJR10,Bedsole,Regular Session 2022,02/03/2022,S,,Received in Senate and referred to the Senate committee on Rules,RULES,,,,
HJR10,Bedsole,Regular Session 2022,04/06/2022,S,,Reported from Rules,,,,,
HJR10,Bedsole,Regular Session 2022,04/06/2022,S,,Waggoner motion to Concur In and Adopt adopted Voice Vote,,,,,
HJR10,Bedsole,Regular Session 2022,04/06/2022,H,,Passed Second House,,,,,
HJR10,Bedsole,Regular Session 2022,04/06/2022,H,,Enrolled,,,,,
HJR10,Bedsole,Regular Session 2022,04/06/2022,S,,Signature Requested,,,,,
HJR10,Bedsole,Regular Session 2022,04/06/2022,H,,Clerk of the House Certification,,,,,
HJR10,Bedsole,Regular Session 2022,,H,,Assigned Act No. 2022-303.,,,,,
HJR10,Bedsole,Regular Session 2022,,H,,"Delivered to Governor at 5:42 p.m. on April 22, 2022.",,,,,
HR11,Gray,Regular Session 2022,01/13/2022,H,,Joint Rule 11,,,,,
HR12,Gray,Regular Session 2022,01/13/2022,H,,Joint Rule 11,,,,,
HR13,Hollis,Regular Session 2022,01/18/2022,H,,Joint Rule 11,,,,,
HR14,Hall,Regular Session 2022,01/18/2022,H,,Joint Rule 11,,,,,
HJR15,Meadows,Regular Session 2022,01/18/2022,H,,Introduced,,,,,
HJR15,Meadows,Regular Session 2022,01/18/2022,H,,Meadows motion to Adopt adopted Voice Vote,,,,,
HJR15,Meadows,Regular Session 2022,01/18/2022,S,,Received in Senate and referred to the Senate committee on Rules,RULES,,,,
HJR15,Meadows,Regular Session 2022,02/08/2022,S,,Reported from Rules,,,,,
HJR15,Meadows,Regular Session 2022,02/08/2022,S,,Waggoner motion to Concur In and Adopt adopted Voice Vote,,,,,
HJR15,Meadows,Regular Session 2022,02/08/2022,H,,Passed Second House,,,,,
HJR15,Meadows,Regular Session 2022,02/08/2022,S,,Signature Requested,,,,,
HJR15,Meadows,Regular Session 2022,02/08/2022,H,,Enrolled,,,,,
HJR15,Meadows,Regular Session 2022,02/08/2022,H,,Clerk of the House Certification,,,,,
HJR15,Meadows,Regular Session 2022,,H,,Assigned Act No. 2022-10.,,,,,
HJR15,Meadows,Regular Session 2022,,H,,"Forwarded to Governor on February 8, 2022 at 4:26 p.m. on February 8, 2021.",,,,,
HJR16,Carns,Regular Session 2022,01/18/2022,H,,Introduced and referred to the House of Representatives committee on Rules,RULES,,,,
HJR16,Carns,Regular Session 2022,02/03/2022,H,,Reported from Rules,,,,,
HJR16,Carns,Regular Session 2022,02/03/2022,H,,Jones (M) motion to Adopt adopted Voice Vote,,,,,
HJR16,Carns,Regular Session 2022,02/03/2022,S,,Received in Senate and referred to the Senate committee on Rules,RULES,,,,
HJR16,Carns,Regular Session 2022,02/08/2022,S,,Reported from Rules,,,,,
HJR16,Carns,Regular Session 2022,02/08/2022,S,,Waggoner motion to Concur In and Adopt adopted Voice Vote,,,,,
HJR16,Carns,Regular Session 2022,02/08/2022,H,,Passed Second House,,,,,
HJR16,Carns,Regular Session 2022,02/08/2022,S,,Signature Requested,,,,,
HJR16,Carns,Regular Session 2022,02/08/2022,H,,Enrolled,,,,,
HJR16,Carns,Regular Session 2022,02/08/2022,H,,Clerk of the House Certification,,,,,
HJR16,Carns,Regular Session 2022,,H,,Assigned Act No. 2022-11.,,,,,
HJR16,Carns,Regular Session 2022,,H,,"Forwarded to Governor on February 8, 2022 at 4:26 p.m. on February 8, 2021.",,,,,
HJR17,McCutcheon,Regular Session 2022,02/01/2022,H,,Introduced and referred to the House of Representatives committee on Rules,RULES,,,,
HJR17,McCutcheon,Regular Session 2022,02/03/2022,H,,Reported from Rules,,,,,
HJR17,McCutcheon,Regular Session 2022,02/03/2022,H,,Jones (M) motion to Adopt adopted Voice Vote,,,,,
HJR17,McCutcheon,Regular Session 2022,02/03/2022,S,,Received in Senate and referred to the Senate committee on Rules,RULES,,,,
HJR17,McCutcheon,Regular Session 2022,02/08/2022,S,,Reported from Rules,,,,,
HJR17,McCutcheon,Regular Session 2022,02/08/2022,S,,Waggoner motion to Concur In and Adopt adopted Voice Vote,,,,,
HJR17,McCutcheon,Regular Session 2022,02/08/2022,H,,Passed Second House,,,,,
HJR17,McCutcheon,Regular Session 2022,02/08/2022,S,,Signature Requested,,,,,
HJR17,McCutcheon,Regular Session 2022,02/08/2022,H,,Enrolled,,,,,
HJR17,McCutcheon,Regular Session 2022,02/08/2022,H,,Clerk of the House Certification,,,,,
HJR17,McCutcheon,Regular Session 2022,,H,,Assigned Act No. 2022-12.,,,,,
HJR17,McCutcheon,Regular Session 2022,,H,,"Forwarded to Governor on February 8, 2022 at 4:26 p.m. on February 8, 2021.",,,,,
HJR18,Wheeler,Regular Session 2022,02/01/2022,H,,Introduced and referred to the House of Representatives committee on Rules,RULES,,,,
HJR18,Wheeler,Regular Session 2022,02/03/2022,H,,Reported from Rules,,,,,
HJR18,Wheeler,Regular Session 2022,02/03/2022,H,,Jones (M) motion to Adopt adopted Voice Vote,,,,,
HJR18,Wheeler,Regular Session 2022,02/03/2022,S,,Received in Senate and referred to the Senate committee on Rules,RULES,,,,
HJR18,Wheeler,Regular Session 2022,02/08/2022,S,,Reported from Rules,,,,,
HJR18,Wheeler,Regular Session 2022,02/08/2022,S,,Waggoner motion to Concur In and Adopt adopted Voice Vote,,,,,
HJR18,Wheeler,Regular Session 2022,02/08/2022,H,,Passed Second House,,,,,
HJR18,Wheeler,Regular Session 2022,02/08/2022,S,,Signature Requested,,,,,
HJR18,Wheeler,Regular Session 2022,02/08/2022,H,,Enrolled,,,,,
HJR18,Wheeler,Regular Session 2022,02/08/2022,H,,Clerk of the House Certification,,,,,
HJR18,Wheeler,Regular Session 2022,,H,,Assigned Act No. 2022-13.,,,,,
HJR18,Wheeler,Regular Session 2022,,H,,"Forwarded to Governor on February 8, 2022 at 4:26 p.m. on February 8, 2021.",,,,,
HJR19,Wheeler,Regular Session 2022,02/01/2022,H,,Introduced and referred to the House of Representatives committee on Rules,RULES,,,,
HJR19,Wheeler,Regular Session 2022,02/03/2022,H,,Reported from Rules,,,,,
HJR19,Wheeler,Regular Session 2022,02/03/2022,H,,Jones (M) motion to Adopt adopted Voice Vote,,,,,
HJR19,Wheeler,Regular Session 2022,02/03/2022,S,,Received in Senate and referred to the Senate committee on Rules,RULES,,,,
HJR19,Wheeler,Regular Session 2022,02/08/2022,S,,Reported from Rules,,,,,
HJR19,Wheeler,Regular Session 2022,02/08/2022,S,,Waggoner motion to Concur In and Adopt adopted Voice Vote,,,,,
HJR19,Wheeler,Regular Session 2022,02/08/2022,H,,Passed Second House,,,,,
HJR19,Wheeler,Regular Session 2022,02/08/2022,S,,Signature Requested,,,,,
HJR19,Wheeler,Regular Session 2022,02/08/2022,H,,Enrolled,,,,,
HJR19,Wheeler,Regular Session 2022,02/08/2022,H,,Clerk of the House Certification,,,,,
HJR19,Wheeler,Regular Session 2022,,H,,Assigned Act No. 2022-14.,,,,,
HJR19,Wheeler,Regular Session 2022,,H,,"Forwarded to Governor on February 8, 2022 at 4:26 p.m. on February 8, 2021.",,,,,
HJR20,Wheeler,Regular Session 2022,02/01/2022,H,,Introduced and referred to the House of Representatives committee on Rules,RULES,,,,
HJR20,Wheeler,Regular Session 2022,02/03/2022,H,,Reported from Rules,,,,,
HJR20,Wheeler,Regular Session 2022,02/03/2022,H,,Jones (M) motion to Adopt adopted Voice Vote,,,,,
HJR20,Wheeler,Regular Session 2022,02/03/2022,S,,Received in Senate and referred to the Senate committee on Rules,RULES,,,,
HJR20,Wheeler,Regular Session 2022,02/08/2022,S,,Reported from Rules,,,,,
HJR20,Wheeler,Regular Session 2022,02/08/2022,S,,Waggoner motion to Concur In and Adopt adopted Voice Vote,,,,,
HJR20,Wheeler,Regular Session 2022,02/08/2022,H,,Passed Second House,,,,,
HJR20,Wheeler,Regular Session 2022,02/08/2022,S,,Signature Requested,,,,,
HJR20,Wheeler,Regular Session 2022,02/08/2022,H,,Enrolled,,,,,
HJR20,Wheeler,Regular Session 2022,02/08/2022,H,,Clerk of the House Certification,,,,,
HJR20,Wheeler,Regular Session 2022,,H,,Assigned Act No. 2022-15.,,,,,
HJR20,Wheeler,Regular Session 2022,,H,,"Forwarded to Governor on February 8, 2022 at 4:26 p.m. on February 8, 2021.",,,,,
HR21,Hall,Regular Session 2022,02/01/2022,H,,Joint Rule 11,,,,,
HJR22,Mooney,Regular Session 2022,02/01/2022,H,,Introduced and referred to the House of Representatives committee on Rules,RULES,,,,
HJR22,Mooney,Regular Session 2022,02/03/2022,H,,Reported from Rules,,,,,
HJR22,Mooney,Regular Session 2022,02/03/2022,H,,Jones (M) motion to Adopt adopted Voice Vote,,,,,
HJR22,Mooney,Regular Session 2022,02/03/2022,S,,Received in Senate and referred to the Senate committee on Rules,RULES,,,,
HJR22,Mooney,Regular Session 2022,02/08/2022,S,,Reported from Rules,,,,,
HJR22,Mooney,Regular Session 2022,02/08/2022,S,,Waggoner motion to Concur In and Adopt adopted Voice Vote,,,,,
HJR22,Mooney,Regular Session 2022,02/08/2022,H,,Passed Second House,,,,,
HJR22,Mooney,Regular Session 2022,02/08/2022,S,,Signature Requested,,,,,
HJR22,Mooney,Regular Session 2022,02/08/2022,H,,Enrolled,,,,,
HJR22,Mooney,Regular Session 2022,02/08/2022,H,,Clerk of the House Certification,,,,,
HJR22,Mooney,Regular Session 2022,,H,,Assigned Act No. 2022-16.,,,,,
HJR22,Mooney,Regular Session 2022,,H,,"Forwarded to Governor on February 8, 2022 at 4:26 p.m. on February 8, 2021.",,,,,
HJR23,Mooney,Regular Session 2022,02/01/2022,H,,Introduced and referred to the House of Representatives committee on Rules,RULES,,,,
HJR23,Mooney,Regular Session 2022,02/03/2022,H,,Reported from Rules,,,,,
HJR23,Mooney,Regular Session 2022,02/03/2022,H,,Jones (M) motion to Adopt adopted Voice Vote,,,,,
HJR23,Mooney,Regular Session 2022,02/03/2022,S,,Received in Senate and referred to the Senate committee on Rules,RULES,,,,
HJR23,Mooney,Regular Session 2022,03/09/2022,S,,Reported from Rules,,,,,
HJR23,Mooney,Regular Session 2022,03/09/2022,S,,Waggoner motion to Concur In and Adopt adopted Voice Vote,,,,,
HJR23,Mooney,Regular Session 2022,03/09/2022,H,,Passed Second House,,,,,
HJR23,Mooney,Regular Session 2022,03/09/2022,H,,Enrolled,,,,,
HJR23,Mooney,Regular Session 2022,03/10/2022,S,,Signature Requested,,,,,
HJR23,Mooney,Regular Session 2022,03/10/2022,H,,Clerk of the House Certification,,,,,
HJR23,Mooney,Regular Session 2022,,H,,Assigned Act No. 2022-136.,,,,,
HJR23,Mooney,Regular Session 2022,,H,,"Delivered to Governor at 9:30 a.m. on March 10, 2022.",,,,,
HR24,McCampbell,Regular Session 2022,02/01/2022,H,,Joint Rule 11,,,,,
HJR25,Bedsole,Regular Session 2022,02/01/2022,H,,Introduced and referred to the House of Representatives committee on Rules,RULES,,,,
HJR25,Bedsole,Regular Session 2022,02/03/2022,H,,Reported from Rules,,,,,
HJR25,Bedsole,Regular Session 2022,02/03/2022,H,,Jones (M) motion to Adopt adopted Voice Vote,,,,,
HJR25,Bedsole,Regular Session 2022,02/03/2022,S,,Received in Senate and referred to the Senate committee on Rules,RULES,,,,
HJR25,Bedsole,Regular Session 2022,02/08/2022,S,,Reported from Rules,,,,,
HJR25,Bedsole,Regular Session 2022,02/08/2022,S,,Waggoner motion to Concur In and Adopt adopted Voice Vote,,,,,
HJR25,Bedsole,Regular Session 2022,02/08/2022,H,,Passed Second House,,,,,
HJR25,Bedsole,Regular Session 2022,02/08/2022,S,,Signature Requested,,,,,
HJR25,Bedsole,Regular Session 2022,02/08/2022,H,,Enrolled,,,,,
HJR25,Bedsole,Regular Session 2022,02/08/2022,H,,Clerk of the House Certification,,,,,
HJR25,Bedsole,Regular Session 2022,,H,,Assigned Act No. 2022-17.,,,,,
HJR25,Bedsole,Regular Session 2022,,H,,"Forwarded to Governor on February 8, 2022 at 4:26 p.m. on February 8, 2021.",,,,,
HR26,Jackson,Regular Session 2022,02/02/2022,H,,Joint Rule 11,,,,,
HR27,Shedd,Regular Session 2022,02/02/2022,H,,Joint Rule 11,,,,,
HR28,Sanderford,Regular Session 2022,02/02/2022,H,,Joint Rule 11,,,,,
HR29,Shedd,Regular Session 2022,02/02/2022,H,,Joint Rule 11,,,,,
HR30,Clarke,Regular Session 2022,02/02/2022,H,,Joint Rule 11,,,,,
HR31,Carns,Regular Session 2022,02/02/2022,H,,Joint Rule 11,,,,,
HJR32,Ball,Regular Session 2022,02/02/2022,H,,Introduced and referred to the House of Representatives committee on Rules,RULES,,,,
HJR32,Ball,Regular Session 2022,02/10/2022,H,,Reported from Rules,,,,,
HJR32,Ball,Regular Session 2022,02/10/2022,H,,Jones (M) motion to Adopt adopted Voice Vote,,,,,
HJR32,Ball,Regular Session 2022,02/15/2022,S,,Received in Senate and referred to the Senate committee on Rules,RULES,,,,
HJR32,Ball,Regular Session 2022,02/17/2022,S,,Reported from Rules,,,,,
HJR32,Ball,Regular Session 2022,02/17/2022,S,,Waggoner motion to Concur In and Adopt adopted Voice Vote,,,,,
HJR32,Ball,Regular Session 2022,02/22/2022,H,,Passed Second House,,,,,
HJR32,Ball,Regular Session 2022,02/22/2022,S,,Signature Requested,,,,,
HJR32,Ball,Regular Session 2022,02/22/2022,H,,Enrolled,,,,,
HJR32,Ball,Regular Session 2022,02/22/2022,H,,Clerk of the House Certification,,,,,
HJR32,Ball,Regular Session 2022,,H,,Assigned Act No. 2022-55.,,,,,
HJR32,Ball,Regular Session 2022,,H,,"Delivered to Governor at 3:19 p.m. on February 22, 2022.",,,,,
HJR33,Carns,Regular Session 2022,02/02/2022,H,,Introduced and referred to the House of Representatives committee on Rules,RULES,,,,
HJR33,Carns,Regular Session 2022,02/10/2022,H,,Reported from Rules,,,,,
HJR33,Carns,Regular Session 2022,02/10/2022,H,,Jones (M) motion to Adopt adopted Voice Vote,,,,,
HJR33,Carns,Regular Session 2022,02/15/2022,S,,Received in Senate and referred to the Senate committee on Rules,RULES,,,,
HJR33,Carns,Regular Session 2022,02/17/2022,S,,Reported from Rules,,,,,
HJR33,Carns,Regular Session 2022,02/17/2022,S,,Waggoner motion to Concur In and Adopt adopted Voice Vote,,,,,
HJR33,Carns,Regular Session 2022,02/22/2022,H,,Passed Second House,,,,,
HJR33,Carns,Regular Session 2022,02/22/2022,S,,Signature Requested,,,,,
HJR33,Carns,Regular Session 2022,02/22/2022,H,,Enrolled,,,,,
HJR33,Carns,Regular Session 2022,02/22/2022,H,,Clerk of the House Certification,,,,,
HJR33,Carns,Regular Session 2022,,H,,Assigned Act No. 2022-56.,,,,,
HJR33,Carns,Regular Session 2022,,H,,"Delivered to Governor at 3:19 p.m. on February 22, 2022.",,,,,
HJR34,Oliver,Regular Session 2022,02/02/2022,H,,Introduced and referred to the House of Representatives committee on Rules,RULES,,,,
HJR34,Oliver,Regular Session 2022,02/10/2022,H,,Reported from Rules,,,,,
HJR34,Oliver,Regular Session 2022,02/10/2022,H,,Jones (M) motion to Adopt adopted Voice Vote,,,,,
HJR34,Oliver,Regular Session 2022,02/15/2022,S,,Received in Senate and referred to the Senate committee on Rules,RULES,,,,
HJR34,Oliver,Regular Session 2022,03/01/2022,S,,Reported from Rules,,,,,
HJR34,Oliver,Regular Session 2022,03/01/2022,S,,Waggoner motion to Concur In and Adopt adopted Voice Vote,,,,,
HJR34,Oliver,Regular Session 2022,03/01/2022,H,,Passed Second House,,,,,
HJR34,Oliver,Regular Session 2022,03/01/2022,H,,Enrolled,,,,,
HJR34,Oliver,Regular Session 2022,03/01/2022,S,,Signature Requested,,,,,
HJR34,Oliver,Regular Session 2022,03/01/2022,H,,Clerk of the House Certification,,,,,
HJR34,Oliver,Regular Session 2022,,H,,Assigned Act No. 2022-97.,,,,,
HJR34,Oliver,Regular Session 2022,,H,,"Delivered to Governor at 4:34 p.m. on March 1, 2022.",,,,,
HJR35,Hill,Regular Session 2022,02/02/2022,H,,Introduced and referred to the House of Representatives committee on Rules,RULES,,,,
HJR35,Hill,Regular Session 2022,02/10/2022,H,,Reported from Rules,,,,,
HJR35,Hill,Regular Session 2022,02/10/2022,H,,Jones (M) motion to Adopt adopted Voice Vote,,,,,
HJR35,Hill,Regular Session 2022,02/15/2022,S,,Received in Senate and referred to the Senate committee on Rules,RULES,,,,
HR36,Ball,Regular Session 2022,02/02/2022,H,,Joint Rule 11,,,,,
HJR37,Carns,Regular Session 2022,02/02/2022,H,,Introduced and referred to the House of Representatives committee on Rules,RULES,,,,
HJR37,Carns,Regular Session 2022,02/10/2022,H,,Reported from Rules,,,,,
HJR37,Carns,Regular Session 2022,02/10/2022,H,,Jones (M) motion to Adopt adopted Voice Vote,,,,,
HJR37,Carns,Regular Session 2022,02/15/2022,S,,Received in Senate and referred to the Senate committee on Rules,RULES,,,,
HJR37,Carns,Regular Session 2022,02/17/2022,S,,Reported from Rules,,,,,
HJR37,Carns,Regular Session 2022,02/17/2022,S,,Waggoner motion to Concur In and Adopt adopted Voice Vote,,,,,
HJR37,Carns,Regular Session 2022,02/22/2022,H,,Passed Second House,,,,,
HJR37,Carns,Regular Session 2022,02/22/2022,S,,Signature Requested,,,,,
HJR37,Carns,Regular Session 2022,02/22/2022,H,,Enrolled,,,,,
HJR37,Carns,Regular Session 2022,02/22/2022,H,,Clerk of the House Certification,,,,,
HJR37,Carns,Regular Session 2022,,H,,Assigned Act No. 2022-57.,,,,,
HJR37,Carns,Regular Session 2022,,H,,"Delivered to Governor at 3:19 p.m. on February 22, 2022.",,,,,
HJR38,Carns,Regular Session 2022,02/02/2022,H,,Introduced and referred to the House of Representatives committee on Rules,RULES,,,,
HJR38,Carns,Regular Session 2022,02/10/2022,H,,Reported from Rules,,,,,
HJR38,Carns,Regular Session 2022,02/10/2022,H,,Jones (M) motion to Adopt adopted Voice Vote,,,,,
HJR38,Carns,Regular Session 2022,02/15/2022,S,,Received in Senate and referred to the Senate committee on Rules,RULES,,,,
HJR38,Carns,Regular Session 2022,02/17/2022,S,,Reported from Rules,,,,,
HJR38,Carns,Regular Session 2022,02/17/2022,S,,Waggoner motion to Concur In and Adopt adopted Voice Vote,,,,,
HJR38,Carns,Regular Session 2022,02/22/2022,H,,Passed Second House,,,,,
HJR38,Carns,Regular Session 2022,02/22/2022,S,,Signature Requested,,,,,
HJR38,Carns,Regular Session 2022,02/22/2022,H,,Enrolled,,,,,
HJR38,Carns,Regular Session 2022,02/22/2022,H,,Clerk of the House Certification,,,,,
HJR38,Carns,Regular Session 2022,,H,,Assigned Act No. 2022-58.,,,,,
HJR38,Carns,Regular Session 2022,,H,,"Delivered to Governor at 3:19 p.m. on February 22, 2022.",,,,,
HJR39,Carns,Regular Session 2022,02/02/2022,H,,Introduced and referred to the House of Representatives committee on Rules,RULES,,,,
HJR39,Carns,Regular Session 2022,02/10/2022,H,,Reported from Rules,,,,,
HJR39,Carns,Regular Session 2022,02/10/2022,H,,Jones (M) motion to Adopt adopted Voice Vote,,,,,
HJR39,Carns,Regular Session 2022,02/15/2022,S,,Received in Senate and referred to the Senate committee on Rules,RULES,,,,
HJR39,Carns,Regular Session 2022,02/17/2022,S,,Reported from Rules,,,,,
HJR39,Carns,Regular Session 2022,02/17/2022,S,,Waggoner motion to Concur In and Adopt adopted Voice Vote,,,,,
HJR39,Carns,Regular Session 2022,02/22/2022,H,,Passed Second House,,,,,
HJR39,Carns,Regular Session 2022,02/22/2022,S,,Signature Requested,,,,,
HJR39,Carns,Regular Session 2022,02/22/2022,H,,Enrolled,,,,,
HJR39,Carns,Regular Session 2022,02/22/2022,H,,Clerk of the House Certification,,,,,
HJR39,Carns,Regular Session 2022,,H,,Assigned Act No. 2022-59.,,,,,
HJR39,Carns,Regular Session 2022,,H,,"Delivered to Governor at 3:19 p.m. on February 22, 2022.",,,,,
HJR40,Carns,Regular Session 2022,02/02/2022,H,,Introduced and referred to the House of Representatives committee on Rules,RULES,,,,
HJR40,Carns,Regular Session 2022,02/10/2022,H,,Reported from Rules,,,,,
HJR40,Carns,Regular Session 2022,02/10/2022,H,,Jones (M) motion to Adopt adopted Voice Vote,,,,,
HJR40,Carns,Regular Session 2022,02/15/2022,S,,Received in Senate and referred to the Senate committee on Rules,RULES,,,,
HJR40,Carns,Regular Session 2022,02/17/2022,S,,Reported from Rules,,,,,
HJR40,Carns,Regular Session 2022,02/17/2022,S,,Waggoner motion to Concur In and Adopt adopted Voice Vote,,,,,
HJR40,Carns,Regular Session 2022,02/22/2022,H,,Passed Second House,,,,,
HJR40,Carns,Regular Session 2022,02/22/2022,S,,Signature Requested,,,,,
HJR40,Carns,Regular Session 2022,02/22/2022,H,,Enrolled,,,,,
HJR40,Carns,Regular Session 2022,02/22/2022,H,,Clerk of the House Certification,,,,,
HJR40,Carns,Regular Session 2022,,H,,Assigned Act No. 2022-60.,,,,,
HJR40,Carns,Regular Session 2022,,H,,"Delivered to Governor at 3:19 p.m. on February 22, 2022.",,,,,
HJR41,Carns,Regular Session 2022,02/02/2022,H,,Introduced and referred to the House of Representatives committee on Rules,RULES,,,,
HJR41,Carns,Regular Session 2022,02/10/2022,H,,Reported from Rules,,,,,
HJR41,Carns,Regular Session 2022,02/10/2022,H,,Jones (M) motion to Adopt adopted Voice Vote,,,,,
HJR41,Carns,Regular Session 2022,02/15/2022,S,,Received in Senate and referred to the Senate committee on Rules,RULES,,,,
HJR41,Carns,Regular Session 2022,02/17/2022,S,,Reported from Rules,,,,,
HJR41,Carns,Regular Session 2022,02/17/2022,S,,Waggoner motion to Concur In and Adopt adopted Voice Vote,,,,,
HJR41,Carns,Regular Session 2022,02/22/2022,H,,Passed Second House,,,,,
HJR41,Carns,Regular Session 2022,02/22/2022,S,,Signature Requested,,,,,
HJR41,Carns,Regular Session 2022,02/22/2022,H,,Enrolled,,,,,
HJR41,Carns,Regular Session 2022,02/22/2022,H,,Clerk of the House Certification,,,,,
HJR41,Carns,Regular Session 2022,,H,,Assigned Act No. 2022-61.,,,,,
HJR41,Carns,Regular Session 2022,,H,,"Delivered to Governor at 3:19 p.m. on February 22, 2022.",,,,,
HJR42,Carns,Regular Session 2022,02/02/2022,H,,Introduced and referred to the House of Representatives committee on Rules,RULES,,,,
HJR42,Carns,Regular Session 2022,02/10/2022,H,,Reported from Rules,,,,,
HJR42,Carns,Regular Session 2022,02/10/2022,H,,Jones (M) motion to Adopt adopted Voice Vote,,,,,
HJR42,Carns,Regular Session 2022,02/15/2022,S,,Received in Senate and referred to the Senate committee on Rules,RULES,,,,
HJR42,Carns,Regular Session 2022,02/17/2022,S,,Reported from Rules,,,,,
HJR42,Carns,Regular Session 2022,02/17/2022,S,,Waggoner motion to Concur In and Adopt adopted Voice Vote,,,,,
HJR42,Carns,Regular Session 2022,02/22/2022,H,,Passed Second House,,,,,
HJR42,Carns,Regular Session 2022,02/22/2022,S,,Signature Requested,,,,,
HJR42,Carns,Regular Session 2022,02/22/2022,H,,Enrolled,,,,,
HJR42,Carns,Regular Session 2022,02/22/2022,H,,Clerk of the House Certification,,,,,
HJR42,Carns,Regular Session 2022,,H,,Assigned Act No. 2022-62.,,,,,
HJR42,Carns,Regular Session 2022,,H,,"Delivered to Governor at 3:19 p.m. on February 22, 2022.",,,,,
HR43,Wilcox,Regular Session 2022,02/08/2022,H,,Joint Rule 11,,,,,
HJR44,Sanderford,Regular Session 2022,02/08/2022,H,,Introduced and referred to the House of Representatives committee on Rules,RULES,,,,
HJR44,Sanderford,Regular Session 2022,02/16/2022,H,,Reported from Rules,,,,,
HJR44,Sanderford,Regular Session 2022,02/16/2022,H,,Jones (M) motion to Adopt adopted Voice Vote,,,,,
HJR44,Sanderford,Regular Session 2022,02/16/2022,S,,Received in Senate and referred to the Senate committee on Rules,RULES,,,,
HJR44,Sanderford,Regular Session 2022,02/22/2022,S,,Reported from Rules,,,,,
HJR44,Sanderford,Regular Session 2022,02/22/2022,S,,Waggoner motion to Concur In and Adopt adopted Voice Vote,,,,,
HJR44,Sanderford,Regular Session 2022,02/22/2022,H,,Passed Second House,,,,,
HJR44,Sanderford,Regular Session 2022,02/22/2022,H,,Enrolled,,,,,
HJR44,Sanderford,Regular Session 2022,02/22/2022,S,,Signature Requested,,,,,
HJR44,Sanderford,Regular Session 2022,02/22/2022,H,,Clerk of the House Certification,,,,,
HJR44,Sanderford,Regular Session 2022,,H,,Assigned Act No. 2022-63.,,,,,
HJR44,Sanderford,Regular Session 2022,,H,,"Delivered to Governor at 3:52 p.m. on February 22, 2022.",,,,,
HJR45,Lee,Regular Session 2022,02/08/2022,H,,Introduced and referred to the House of Representatives committee on Rules,RULES,,,,
HJR45,Lee,Regular Session 2022,02/16/2022,H,,Reported from Rules,,,,,
HJR45,Lee,Regular Session 2022,02/16/2022,H,,Jones (M) motion to Adopt adopted Voice Vote,,,,,
HJR45,Lee,Regular Session 2022,02/16/2022,S,,Received in Senate and referred to the Senate committee on Rules,RULES,,,,
HJR45,Lee,Regular Session 2022,03/29/2022,S,,Reported from Rules,,,,,
HJR45,Lee,Regular Session 2022,03/29/2022,S,,Waggoner motion to Concur In and Adopt adopted Voice Vote,,,,,
HJR45,Lee,Regular Session 2022,03/29/2022,H,,Passed Second House,,,,,
HJR45,Lee,Regular Session 2022,03/29/2022,H,,Enrolled,,,,,
HJR45,Lee,Regular Session 2022,03/29/2022,S,,Signature Requested,,,,,
HJR45,Lee,Regular Session 2022,03/29/2022,H,,Clerk of the House Certification,,,,,
HJR45,Lee,Regular Session 2022,,H,,Assigned Act No. 2022-217.,,,,,
HJR45,Lee,Regular Session 2022,,H,,"Delivered to Governor at 5:25 p.m. on March 29, 2022.",,,,,
HR46,Hall,Regular Session 2022,02/08/2022,H,,Joint Rule 11,,,,,
HR47,Hall,Regular Session 2022,02/08/2022,H,,Introduced and referred to the House of Representatives committee on Rules,RULES,,,,
HR47,Hall,Regular Session 2022,02/16/2022,H,,Reported from Rules,,,,,
HR47,Hall,Regular Session 2022,02/16/2022,H,,Jones (M) motion to Adopt adopted Voice Vote,,,,,
HJR48,Simpson,Regular Session 2022,02/08/2022,H,,Introduced and referred to the House of Representatives committee on Rules,RULES,,,,
HJR48,Simpson,Regular Session 2022,02/16/2022,H,,Reported from Rules,,,,,
HJR48,Simpson,Regular Session 2022,02/16/2022,H,,Jones (M) motion to Adopt adopted Voice Vote,,,,,
HJR48,Simpson,Regular Session 2022,02/16/2022,S,,Received in Senate and referred to the Senate committee on Rules,RULES,,,,
HJR48,Simpson,Regular Session 2022,04/06/2022,S,,Reported from Rules,,,,,
HJR48,Simpson,Regular Session 2022,04/06/2022,S,,Waggoner motion to Concur In and Adopt adopted Voice Vote,,,,,
HJR48,Simpson,Regular Session 2022,04/06/2022,H,,Passed Second House,,,,,
HJR48,Simpson,Regular Session 2022,04/06/2022,H,,Enrolled,,,,,
HJR48,Simpson,Regular Session 2022,04/06/2022,S,,Signature Requested,,,,,
HJR48,Simpson,Regular Session 2022,04/06/2022,H,,Clerk of the House Certification,,,,,
HJR48,Simpson,Regular Session 2022,,H,,Assigned Act No. 2022-304.,,,,,
HJR48,Simpson,Regular Session 2022,,H,,"Delivered to Governor at 5:42 p.m. on April 22, 2022.",,,,,
HJR49,Shaver,Regular Session 2022,02/08/2022,H,,Introduced and referred to the House of Representatives committee on Rules,RULES,,,,
HJR49,Shaver,Regular Session 2022,02/16/2022,H,,Reported from Rules,,,,,
HJR49,Shaver,Regular Session 2022,02/16/2022,H,,Jones (M) motion to Adopt adopted Voice Vote,,,,,
HJR49,Shaver,Regular Session 2022,02/16/2022,S,,Received in Senate and referred to the Senate committee on Rules,RULES,,,,
HJR49,Shaver,Regular Session 2022,02/17/2022,S,,Reported from Rules,,,,,
HJR49,Shaver,Regular Session 2022,02/17/2022,S,,Waggoner motion to Concur In and Adopt adopted Voice Vote,,,,,
HJR49,Shaver,Regular Session 2022,02/22/2022,H,,Passed Second House,,,,,
HJR49,Shaver,Regular Session 2022,02/22/2022,S,,Signature Requested,,,,,
HJR49,Shaver,Regular Session 2022,02/22/2022,H,,Enrolled,,,,,
HJR49,Shaver,Regular Session 2022,02/22/2022,H,,Clerk of the House Certification,,,,,
HJR49,Shaver,Regular Session 2022,,H,,Assigned Act No. 2022-64.,,,,,
HJR49,Shaver,Regular Session 2022,,H,,"Delivered to Governor at 3:19 p.m. on February 22, 2022.",,,,,
HR50,Sanderford,Regular Session 2022,02/09/2022,H,,Joint Rule 11,,,,,
HR51,Sanderford,Regular Session 2022,02/09/2022,H,,Joint Rule 11,,,,,
HJR52,Coleman,Regular Session 2022,02/09/2022,H,,Introduced and referred to the House of Representatives committee on Rules,RULES,,,,
HJR52,Coleman,Regular Session 2022,02/16/2022,H,,Reported from Rules,,,,,
HJR52,Coleman,Regular Session 2022,02/16/2022,H,,Jones (M) motion to Adopt adopted Voice Vote,,,,,
HJR52,Coleman,Regular Session 2022,02/16/2022,S,,Received in Senate and referred to the Senate committee on Rules,RULES,,,,
HJR52,Coleman,Regular Session 2022,02/22/2022,S,,Reported from Rules,,,,,
HJR52,Coleman,Regular Session 2022,02/22/2022,S,,Waggoner motion to Concur In and Adopt adopted Voice Vote,,,,,
HJR52,Coleman,Regular Session 2022,02/22/2022,H,,Passed Second House,,,,,
HJR52,Coleman,Regular Session 2022,02/22/2022,H,,Enrolled,,,,,
HJR52,Coleman,Regular Session 2022,02/22/2022,S,,Signature Requested,,,,,
HJR52,Coleman,Regular Session 2022,02/22/2022,H,,Clerk of the House Certification,,,,,
HJR52,Coleman,Regular Session 2022,,H,,Assigned Act No. 2022-65.,,,,,
HJR52,Coleman,Regular Session 2022,,H,,"Delivered to Governor at 3:52 p.m. on February 22, 2022.",,,,,
HR53,Grimsley,Regular Session 2022,02/09/2022,H,,Joint Rule 11,,,,,
HR54,Hollis,Regular Session 2022,02/09/2022,H,,Joint Rule 11,,,,,
HR55,Sorrell,Regular Session 2022,02/09/2022,H,,Joint Rule 11,,,,,
HR56,Drummond,Regular Session 2022,02/09/2022,H,,Joint Rule 11,,,,,
HR57,Jackson,Regular Session 2022,02/10/2022,H,,Joint Rule 11,,,,,
HR58,Estes,Regular Session 2022,02/10/2022,H,,Joint Rule 11,,,,,
HJR59,McCutcheon,Regular Session 2022,02/10/2022,H,,Introduced and referred to the House of Representatives committee on Rules,RULES,,,,
HR60,Rules,Regular Session 2022,02/15/2022,H,,,,,,,
HR60,Rules,Regular Session 2022,02/15/2022,H,,Jones (M) motion to Adopt adopted Voice Vote,,,,,
HJR61,Jackson,Regular Session 2022,02/15/2022,H,,Introduced and referred to the House of Representatives committee on Rules,RULES,,,,
HJR61,Jackson,Regular Session 2022,02/23/2022,H,,Reported from Rules,,,,,
HJR61,Jackson,Regular Session 2022,02/23/2022,H,,Jones (M) motion to Adopt adopted Voice Vote,,,,,
HJR61,Jackson,Regular Session 2022,02/23/2022,S,,Received in Senate and referred to the Senate committee on Rules,RULES,,,,
HJR61,Jackson,Regular Session 2022,03/01/2022,S,,Reported from Rules,,,,,
HJR61,Jackson,Regular Session 2022,03/01/2022,S,,Waggoner motion to Concur In and Adopt adopted Voice Vote,,,,,
HJR61,Jackson,Regular Session 2022,03/01/2022,H,,Passed Second House,,,,,
HJR61,Jackson,Regular Session 2022,03/01/2022,H,,Enrolled,,,,,
HJR61,Jackson,Regular Session 2022,03/01/2022,S,,Signature Requested,,,,,
HJR61,Jackson,Regular Session 2022,03/01/2022,H,,Clerk of the House Certification,,,,,
HJR61,Jackson,Regular Session 2022,,H,,Assigned Act No. 2022-98.,,,,,
HJR61,Jackson,Regular Session 2022,,H,,"Delivered to Governor at 4:34 p.m. on March 1, 2022.",,,,,
HR62,Brown (C),Regular Session 2022,02/15/2022,H,,Joint Rule 11,,,,,
HR63,Brown (K),Regular Session 2022,02/15/2022,H,,Joint Rule 11,,,,,
HJR64,Whitt,Regular Session 2022,02/15/2022,H,,Introduced and referred to the House of Representatives committee on Rules,RULES,,,,
HJR64,Whitt,Regular Session 2022,02/23/2022,H,,Reported from Rules,,,,,
HJR64,Whitt,Regular Session 2022,02/23/2022,H,,Jones (M) motion to Adopt adopted Voice Vote,,,,,
HJR64,Whitt,Regular Session 2022,02/23/2022,S,,Received in Senate and referred to the Senate committee on Rules,RULES,,,,
HJR64,Whitt,Regular Session 2022,04/06/2022,S,,Reported from Rules,,,,,
HJR64,Whitt,Regular Session 2022,04/06/2022,S,,Waggoner motion to Concur In and Adopt adopted Voice Vote,,,,,
HJR64,Whitt,Regular Session 2022,04/06/2022,H,,Passed Second House,,,,,
HJR64,Whitt,Regular Session 2022,04/06/2022,H,,Enrolled,,,,,
HJR64,Whitt,Regular Session 2022,04/06/2022,S,,Signature Requested,,,,,
HJR64,Whitt,Regular Session 2022,04/06/2022,H,,Clerk of the House Certification,,,,,
HJR64,Whitt,Regular Session 2022,,H,,Assigned Act No. 2022-305.,,,,,
HJR64,Whitt,Regular Session 2022,,H,,"Delivered to Governor at 5:42 p.m. on April 22, 2022.",,,,,
HR65,Hassell,Regular Session 2022,02/15/2022,H,,Joint Rule 11,,,,,
HR66,Sanderford,Regular Session 2022,02/15/2022,H,,Joint Rule 11,,,,,
HR67,Treadaway,Regular Session 2022,02/15/2022,H,,Joint Rule 11,,,,,
HR68,Rules,Regular Session 2022,02/16/2022,H,,Introduced,,,,,
HR68,Rules,Regular Session 2022,02/16/2022,H,,Jones (M) motion to Adopt adopted Voice Vote,,,,,
HR69,Howard,Regular Session 2022,02/16/2022,H,,Joint Rule 11,,,,,
HJR70,Collins,Regular Session 2022,02/16/2022,H,,Introduced and referred to the House of Representatives committee on Rules,RULES,,,,
HJR70,Collins,Regular Session 2022,02/23/2022,H,,Reported from Rules,,,,,
HJR70,Collins,Regular Session 2022,02/23/2022,H,,Jones (M) motion to Adopt adopted Voice Vote,,,,,
HJR70,Collins,Regular Session 2022,02/23/2022,S,,Received in Senate and referred to the Senate committee on Rules,RULES,,,,
HJR70,Collins,Regular Session 2022,03/01/2022,S,,Reported from Rules with 1 substitute and,,,,,
HJR70,Collins,Regular Session 2022,03/01/2022,S,218263-2,Rules ubstitute Offered,,,,,
HJR70,Collins,Regular Session 2022,03/01/2022,S,,Waggoner motion to Adopt adopted Voice Vote,,,,,
HJR70,Collins,Regular Session 2022,03/01/2022,S,,Waggoner motion to Concur In and Adopt adopted Voice Vote,,,,,
HJR70,Collins,Regular Session 2022,03/02/2022,H,,Concurrence Requested,,,,,
HJR70,Collins,Regular Session 2022,03/02/2022,H,,Collins motion to Concur In and Adopt adopted Roll Call 411,,,,,Roll 411
HJR70,Collins,Regular Session 2022,03/02/2022,S,,Concurred in Second House Amendment,,,,,
HJR70,Collins,Regular Session 2022,03/02/2022,S,,Signature Requested,,,,,
HJR70,Collins,Regular Session 2022,03/02/2022,H,,Enrolled,,,,,
HJR70,Collins,Regular Session 2022,03/02/2022,H,,Clerk of the House Certification,,,,,
HJR70,Collins,Regular Session 2022,,H,,Assigned Act No. 2022-110.,,,,,
HJR70,Collins,Regular Session 2022,,S,218263-2,Rules first Substitute Offered,,,,,
HJR70,Collins,Regular Session 2022,,H,,"Forwarded to Governor on March 2, 2022",,,,,
HR71,McClammy,Regular Session 2022,02/16/2022,H,,Joint Rule 11,,,,,
HJR72,Clouse,Regular Session 2022,02/16/2022,H,,Introduced and referred to the House of Representatives committee on Rules,RULES,,,,
HJR73,McClammy,Regular Session 2022,02/16/2022,H,,Introduced and referred to the House of Representatives committee on Rules,RULES,,,,
HJR73,McClammy,Regular Session 2022,02/23/2022,H,,Reported from Rules,,,,,
HJR73,McClammy,Regular Session 2022,02/23/2022,H,,Jones (M) motion to Adopt adopted Voice Vote,,,,,
HJR73,McClammy,Regular Session 2022,02/23/2022,S,,Received in Senate and referred to the Senate committee on Rules,RULES,,,,
HJR73,McClammy,Regular Session 2022,03/01/2022,S,,Reported from Rules,,,,,
HJR73,McClammy,Regular Session 2022,03/01/2022,S,,Waggoner motion to Concur In and Adopt adopted Voice Vote,,,,,
HJR73,McClammy,Regular Session 2022,03/01/2022,H,,Passed Second House,,,,,
HJR73,McClammy,Regular Session 2022,03/01/2022,H,,Enrolled,,,,,
HJR73,McClammy,Regular Session 2022,03/01/2022,S,,Signature Requested,,,,,
HJR73,McClammy,Regular Session 2022,03/01/2022,H,,Clerk of the House Certification,,,,,
HJR73,McClammy,Regular Session 2022,,H,,Assigned Act No. 2022-99.,,,,,
HJR73,McClammy,Regular Session 2022,,H,,"Delivered to Governor at 4:34 p.m. on March 1, 2022.",,,,,
HR74,McClammy,Regular Session 2022,02/16/2022,H,,Joint Rule 11,,,,,
HR75,Lawrence,Regular Session 2022,02/16/2022,H,,Introduced and referred to the House of Representatives committee on Rules,RULES,,,,
HJR76,Smith,Regular Session 2022,02/16/2022,H,,Introduced and referred to the House of Representatives committee on Rules,RULES,,,,
HJR76,Smith,Regular Session 2022,02/23/2022,H,,Reported from Rules,,,,,
HJR76,Smith,Regular Session 2022,02/23/2022,H,,Jones (M) motion to Adopt adopted Voice Vote,,,,,
HJR76,Smith,Regular Session 2022,02/23/2022,S,,Received in Senate and referred to the Senate committee on Rules,RULES,,,,
HR77,Daniels,Regular Session 2022,02/16/2022,H,,Joint Rule 11,,,,,
HR78,Rules,Regular Session 2022,02/17/2022,H,,Introduced,,,,,
HR78,Rules,Regular Session 2022,02/17/2022,H,,Jones (M) motion to Adopt adopted Voice Vote,,,,,
HJR79,Mooney,Regular Session 2022,02/17/2022,H,,Introduced and referred to the House of Representatives committee on Rules,RULES,,,,
HJR79,Mooney,Regular Session 2022,02/23/2022,H,,Reported from Rules,,,,,
HJR79,Mooney,Regular Session 2022,02/23/2022,H,,Jones (M) motion to Adopt adopted Voice Vote,,,,,
HJR79,Mooney,Regular Session 2022,02/23/2022,H,,Cosponsors Added,,,,,Roll 286
HJR79,Mooney,Regular Session 2022,02/23/2022,S,,Received in Senate and referred to the Senate committee on Rules,RULES,,,,
HJR79,Mooney,Regular Session 2022,03/09/2022,S,,Reported from Rules,,,,,
HJR79,Mooney,Regular Session 2022,03/09/2022,S,,Waggoner motion to Concur In and Adopt adopted Voice Vote,,,,,
HJR79,Mooney,Regular Session 2022,03/09/2022,H,,Passed Second House,,,,,
HJR79,Mooney,Regular Session 2022,03/09/2022,H,,Enrolled,,,,,
HJR79,Mooney,Regular Session 2022,03/10/2022,S,,Signature Requested,,,,,
HJR79,Mooney,Regular Session 2022,03/10/2022,H,,Clerk of the House Certification,,,,,
HJR79,Mooney,Regular Session 2022,,H,,Assigned Act No. 2022-137.,,,,,
HJR79,Mooney,Regular Session 2022,,H,,"Delivered to Governor at 9:30 a.m. on March 10, 2022.",,,,,
HJR80,Jackson,Regular Session 2022,02/17/2022,H,,Introduced and referred to the House of Representatives committee on Rules,RULES,,,,
HR81,Jackson,Regular Session 2022,02/22/2022,H,,Introduced and referred to the House of Representatives committee on Rules,RULES,,,,
HJR82,Blackshear,Regular Session 2022,02/22/2022,H,,Introduced and referred to the House of Representatives committee on Rules,RULES,,,,
HJR82,Blackshear,Regular Session 2022,02/24/2022,H,,Reported from Rules,,,,,
HJR82,Blackshear,Regular Session 2022,02/24/2022,H,,Jones (M) motion to Adopt adopted Voice Vote,,,,,
HJR82,Blackshear,Regular Session 2022,02/24/2022,S,,Received in Senate and referred to the Senate committee on Rules,RULES,,,,
HJR82,Blackshear,Regular Session 2022,03/01/2022,S,,Reported from Rules,,,,,
HJR82,Blackshear,Regular Session 2022,03/01/2022,S,,Waggoner motion to Concur In and Adopt adopted Voice Vote,,,,,
HJR82,Blackshear,Regular Session 2022,03/01/2022,H,,Passed Second House,,,,,
HJR82,Blackshear,Regular Session 2022,03/01/2022,H,,Enrolled,,,,,
HJR82,Blackshear,Regular Session 2022,03/01/2022,S,,Signature Requested,,,,,
HJR82,Blackshear,Regular Session 2022,03/01/2022,H,,Clerk of the House Certification,,,,,
HJR82,Blackshear,Regular Session 2022,,H,,Assigned Act No. 2022-100.,,,,,
HJR82,Blackshear,Regular Session 2022,,H,,"Delivered to Governor at 4:34 p.m. on March 1, 2022.",,,,,
HR83,Rules,Regular Session 2022,02/22/2022,H,,Introduced,,,,,
HR83,Rules,Regular Session 2022,02/22/2022,H,,Jones (M) motion to Adopt adopted Roll Call 273,,,,,Roll 273
HR83,Rules,Regular Session 2022,02/22/2022,H,,"Ball intended to vote ""Nay""",,,,,
HJR84,Warren,Regular Session 2022,02/22/2022,H,,Introduced and referred to the House of Representatives committee on Rules,RULES,,,,
HJR84,Warren,Regular Session 2022,02/24/2022,H,,Reported from Rules,,,,,
HJR84,Warren,Regular Session 2022,02/24/2022,H,,Jones (M) motion to Adopt adopted Voice Vote,,,,,
HJR84,Warren,Regular Session 2022,02/24/2022,S,,Received in Senate and referred to the Senate committee on Rules,RULES,,,,
HJR84,Warren,Regular Session 2022,03/01/2022,S,,Reported from Rules,,,,,
HJR84,Warren,Regular Session 2022,03/01/2022,S,,Waggoner motion to Concur In and Adopt adopted Voice Vote,,,,,
HJR84,Warren,Regular Session 2022,03/01/2022,H,,Passed Second House,,,,,
HJR84,Warren,Regular Session 2022,03/01/2022,H,,Enrolled,,,,,
HJR84,Warren,Regular Session 2022,03/01/2022,S,,Signature Requested,,,,,
HJR84,Warren,Regular Session 2022,03/01/2022,H,,Clerk of the House Certification,,,,,
HJR84,Warren,Regular Session 2022,,H,,Assigned Act No. 2022-84.,,,,,
HJR84,Warren,Regular Session 2022,,H,,"Delivered to Governor at 4:34 p.m. on March 1, 2022.",,,,,
HR85,Hall,Regular Session 2022,02/22/2022,H,,Joint Rule 11,,,,,
HJR86,Hall,Regular Session 2022,02/22/2022,H,,Introduced and referred to the House of Representatives committee on Rules,RULES,,,,
HJR86,Hall,Regular Session 2022,02/24/2022,H,,Reported from Rules,,,,,
HJR86,Hall,Regular Session 2022,02/24/2022,H,,Jones (M) motion to Adopt adopted Voice Vote,,,,,
HJR86,Hall,Regular Session 2022,02/24/2022,S,,Received in Senate and referred to the Senate committee on Rules,RULES,,,,
HJR86,Hall,Regular Session 2022,03/01/2022,S,,Reported from Rules,,,,,
HJR86,Hall,Regular Session 2022,03/01/2022,S,,Waggoner motion to Concur In and Adopt adopted Voice Vote,,,,,
HJR86,Hall,Regular Session 2022,03/01/2022,H,,Passed Second House,,,,,
HJR86,Hall,Regular Session 2022,03/01/2022,H,,Enrolled,,,,,
HJR86,Hall,Regular Session 2022,03/01/2022,S,,Signature Requested,,,,,
HJR86,Hall,Regular Session 2022,03/01/2022,H,,Clerk of the House Certification,,,,,
HJR86,Hall,Regular Session 2022,,H,,Assigned Act No. 2022-85.,,,,,
HJR86,Hall,Regular Session 2022,,H,,"Delivered to Governor at 4:34 p.m. on March 1, 2022.",,,,,
HR87,Hall,Regular Session 2022,02/22/2022,H,,Joint Rule 11,,,,,
HJR88,Coleman,Regular Session 2022,02/22/2022,H,,Introduced and referred to the House of Representatives committee on Rules,RULES,,,,
HJR88,Coleman,Regular Session 2022,02/24/2022,H,,Reported from Rules,,,,,
HJR88,Coleman,Regular Session 2022,02/24/2022,H,,Jones (M) motion to Adopt adopted Roll Call 293,,,,,Roll 293
HJR88,Coleman,Regular Session 2022,03/03/2022,S,,Received in Senate,,,,,
HJR88,Coleman,Regular Session 2022,03/03/2022,S,,Givhan motion to Concur In and Adopt adopted Roll Call 482,,,,,Roll 482
HJR88,Coleman,Regular Session 2022,03/08/2022,H,,Passed Second House,,,,,
HJR88,Coleman,Regular Session 2022,03/08/2022,S,,Signature Requested,,,,,
HJR88,Coleman,Regular Session 2022,03/08/2022,H,,Enrolled,,,,,
HJR88,Coleman,Regular Session 2022,03/08/2022,H,,Clerk of the House Certification,,,,,
HJR88,Coleman,Regular Session 2022,,H,,Assigned Act No. 2022-111.,,,,,
HJR88,Coleman,Regular Session 2022,,H,,"Forwarded to Governor on March 8, 2022 at 4:45 p.m. on March 8, 2022.",,,,,
HR89,Sanderford,Regular Session 2022,02/22/2022,H,,Joint Rule 11,,,,,
HR90,Rules,Regular Session 2022,02/23/2022,H,,Introduced,,,,,
HR90,Rules,Regular Session 2022,02/23/2022,H,,Jones (M) motion to Adopt adopted Voice Vote,,,,,
HR91,Reynolds,Regular Session 2022,02/23/2022,H,,Joint Rule 11,,,,,
HR92,Lovvorn,Regular Session 2022,02/23/2022,H,,Joint Rule 11,,,,,
HJR93,Ledbetter,Regular Session 2022,02/23/2022,H,,Introduced and referred to the House of Representatives committee on Rules,RULES,,,,
HJR93,Ledbetter,Regular Session 2022,03/01/2022,H,,Reported from Rules,,,,,
HJR93,Ledbetter,Regular Session 2022,03/01/2022,H,,Jones (M) motion to Adopt adopted Voice Vote,,,,,
HJR93,Ledbetter,Regular Session 2022,03/01/2022,S,,Received in Senate and referred to the Senate committee on Rules,RULES,,,,
HJR93,Ledbetter,Regular Session 2022,03/15/2022,S,,Reported from Rules,,,,,
HJR93,Ledbetter,Regular Session 2022,03/15/2022,S,,Waggoner motion to Concur In and Adopt adopted Voice Vote,,,,,
HJR93,Ledbetter,Regular Session 2022,03/15/2022,H,,Passed Second House,,,,,
HJR93,Ledbetter,Regular Session 2022,03/15/2022,S,,Signature Requested,,,,,
HJR93,Ledbetter,Regular Session 2022,03/15/2022,H,,Enrolled,,,,,
HJR93,Ledbetter,Regular Session 2022,03/15/2022,H,,Clerk of the House Certification,,,,,
HJR93,Ledbetter,Regular Session 2022,,H,,Assigned Act No. 2022-162.,,,,,
HJR93,Ledbetter,Regular Session 2022,,H,,"Delivered to Governor at 4:53 p.m. on March 15, 2022.",,,,,
HR94,Rules,Regular Session 2022,02/24/2022,H,,Introduced,,,,,
HR94,Rules,Regular Session 2022,02/24/2022,H,,Jones (M) motion to Adopt adopted Voice Vote,,,,,
HR95,Rules,Regular Session 2022,02/24/2022,H,,Introduced,,,,,
HR95,Rules,Regular Session 2022,02/24/2022,H,,Jones (M) motion to Adopt adopted Voice Vote,,,,,
HR96,Bracy,Regular Session 2022,02/24/2022,H,,Joint Rule 11,,,,,
HR97,Lawrence,Regular Session 2022,02/24/2022,H,,Joint Rule 11,,,,,
HR98,Grimsley,Regular Session 2022,02/24/2022,H,,Joint Rule 11,,,,,
HJR99,McCutcheon,Regular Session 2022,02/24/2022,H,,Introduced and referred to the House of Representatives committee on Rules,RULES,,,,
HJR99,McCutcheon,Regular Session 2022,03/02/2022,H,,Reported from Rules,,,,,
HJR99,McCutcheon,Regular Session 2022,03/02/2022,H,,Jones (M) motion to Adopt adopted Voice Vote,,,,,
HJR99,McCutcheon,Regular Session 2022,03/08/2022,S,,Received in Senate,,,,,
HJR99,McCutcheon,Regular Session 2022,03/08/2022,S,,Reed motion to Concur In and Adopt adopted Voice Vote,,,,,
HJR99,McCutcheon,Regular Session 2022,03/08/2022,H,,Passed Second House,,,,,
HJR99,McCutcheon,Regular Session 2022,03/08/2022,H,,Enrolled,,,,,
HJR99,McCutcheon,Regular Session 2022,03/09/2022,S,,Signature Requested,,,,,
HJR99,McCutcheon,Regular Session 2022,03/09/2022,H,,Clerk of the House Certification,,,,,
HJR99,McCutcheon,Regular Session 2022,,H,,Assigned Act No. 2022-135.,,,,,
HJR99,McCutcheon,Regular Session 2022,,H,,"Delivered to Governor at 3:51 p.m. on March 9, 2022.",,,,,
HR100,Isbell,Regular Session 2022,02/24/2022,H,,Joint Rule 11,,,,,
HJR101,Isbell,Regular Session 2022,03/01/2022,H,,Introduced,,,,,
HJR101,Isbell,Regular Session 2022,03/01/2022,H,,Isbell motion to Adopt adopted Voice Vote,,,,,
HJR101,Isbell,Regular Session 2022,03/01/2022,H,,Cosponsors Added,,,,,Roll 364
HJR101,Isbell,Regular Session 2022,03/02/2022,S,,Received in Senate and referred to the Senate committee on Rules,RULES,,,,
HJR101,Isbell,Regular Session 2022,04/07/2022,S,,Reported from Rules  1 amendment,,,,,
HJR101,Isbell,Regular Session 2022,04/07/2022,S,218357-2,Rules  Amendment Offered,,,,,
HJR101,Isbell,Regular Session 2022,04/07/2022,S,,Waggoner motion to Adopt adopted Voice Vote,,,,,
HJR101,Isbell,Regular Session 2022,04/07/2022,S,,Waggoner motion to Concur In and Adopt adopted Voice Vote,,,,,
HJR101,Isbell,Regular Session 2022,04/07/2022,H,,Concurrence Requested,,,,,
HJR101,Isbell,Regular Session 2022,04/07/2022,H,,Isbell motion to Concur In and Adopt adopted Roll Call 980,,,,,Roll 980
HJR101,Isbell,Regular Session 2022,04/07/2022,S,,Concurred in Second House Amendment,,,,,
HJR101,Isbell,Regular Session 2022,04/07/2022,H,,"Jackson intended to vote ""Yea""",,,,,
HJR101,Isbell,Regular Session 2022,04/07/2022,H,,Enrolled,,,,,
HJR101,Isbell,Regular Session 2022,04/07/2022,S,,Signature Requested,,,,,
HJR101,Isbell,Regular Session 2022,04/07/2022,H,,Clerk of the House Certification,,,,,
HJR101,Isbell,Regular Session 2022,,H,,Assigned Act No. 2022-318.,,,,,
HJR101,Isbell,Regular Session 2022,,H,,"Delivered to Governor at 9:36 p.m. on April 7, 2022.",,,,,
HJR101,Isbell,Regular Session 2022,,S,218357-2,Rules first Amendment Offered,,,,,
HR102,Rules,Regular Session 2022,03/01/2022,H,,Introduced,,,,,
HR102,Rules,Regular Session 2022,03/01/2022,H,,Jones (M) motion to Adopt adopted Voice Vote,,,,,
HR103,Carns,Regular Session 2022,03/01/2022,H,,Joint Rule 11,,,,,
HR104,Alexander,Regular Session 2022,03/01/2022,H,,Joint Rule 11,,,,,
HR105,Alexander,Regular Session 2022,03/01/2022,H,,Joint Rule 11,,,,,
HJR106,Alexander,Regular Session 2022,03/01/2022,H,,Introduced and referred to the House of Representatives committee on Rules,RULES,,,,
HJR106,Alexander,Regular Session 2022,03/03/2022,H,,Reported from Rules,,,,,
HJR106,Alexander,Regular Session 2022,03/03/2022,H,,Jones (M) motion to Adopt adopted Voice Vote,,,,,
HJR106,Alexander,Regular Session 2022,03/03/2022,S,,Received in Senate and referred to the Senate committee on Rules,RULES,,,,
HJR106,Alexander,Regular Session 2022,03/29/2022,S,,Reported from Rules,,,,,
HJR106,Alexander,Regular Session 2022,03/29/2022,S,,Waggoner motion to Concur In and Adopt adopted Voice Vote,,,,,
HJR106,Alexander,Regular Session 2022,03/29/2022,H,,Passed Second House,,,,,
HJR106,Alexander,Regular Session 2022,03/29/2022,H,,Enrolled,,,,,
HJR106,Alexander,Regular Session 2022,03/29/2022,S,,Signature Requested,,,,,
HJR106,Alexander,Regular Session 2022,03/29/2022,H,,Clerk of the House Certification,,,,,
HJR106,Alexander,Regular Session 2022,,H,,Assigned Act No. 2022-209.,,,,,
HJR106,Alexander,Regular Session 2022,,H,,"Forwarded to Governor at 5:02 p.m. on March 29, 2022.",,,,,
HJR107,Ledbetter,Regular Session 2022,03/01/2022,H,,Introduced and referred to the House of Representatives committee on Rules,RULES,,,,
HJR107,Ledbetter,Regular Session 2022,03/03/2022,H,,Reported from Rules,,,,,
HJR107,Ledbetter,Regular Session 2022,03/03/2022,H,,Jones (M) motion to Adopt adopted Voice Vote,,,,,
HJR107,Ledbetter,Regular Session 2022,03/03/2022,S,,Received in Senate and referred to the Senate committee on Rules,RULES,,,,
HJR107,Ledbetter,Regular Session 2022,03/15/2022,S,,Reported from Rules,,,,,
HJR107,Ledbetter,Regular Session 2022,03/15/2022,S,,Waggoner motion to Concur In and Adopt adopted Voice Vote,,,,,
HJR107,Ledbetter,Regular Session 2022,03/15/2022,H,,Passed Second House,,,,,
HJR107,Ledbetter,Regular Session 2022,03/15/2022,S,,Signature Requested,,,,,
HJR107,Ledbetter,Regular Session 2022,03/15/2022,H,,Enrolled,,,,,
HJR107,Ledbetter,Regular Session 2022,03/15/2022,H,,Clerk of the House Certification,,,,,
HJR107,Ledbetter,Regular Session 2022,,H,,Assigned Act No. 2022-163.,,,,,
HJR107,Ledbetter,Regular Session 2022,,H,,"Delivered to Governor at 4:53 p.m. on March 15, 2022.",,,,,
HJR108,Carns,Regular Session 2022,03/01/2022,H,,Introduced and referred to the House of Representatives committee on Rules,RULES,,,,
HJR108,Carns,Regular Session 2022,03/03/2022,H,,Reported from Rules,,,,,
HJR108,Carns,Regular Session 2022,03/03/2022,H,,Jones (M) motion to Adopt adopted Voice Vote,,,,,
HJR108,Carns,Regular Session 2022,03/03/2022,S,,Received in Senate and referred to the Senate committee on Rules,RULES,,,,
HJR108,Carns,Regular Session 2022,03/29/2022,S,,Reported from Rules,,,,,
HJR108,Carns,Regular Session 2022,03/29/2022,S,,Waggoner motion to Concur In and Adopt adopted Voice Vote,,,,,
HJR108,Carns,Regular Session 2022,03/29/2022,H,,Passed Second House,,,,,
HJR108,Carns,Regular Session 2022,03/29/2022,H,,Enrolled,,,,,
HJR108,Carns,Regular Session 2022,03/29/2022,S,,Signature Requested,,,,,
HJR108,Carns,Regular Session 2022,03/29/2022,H,,Clerk of the House Certification,,,,,
HJR108,Carns,Regular Session 2022,,H,,Assigned Act No. 2022-210.,,,,,
HJR108,Carns,Regular Session 2022,,H,,"Forwarded to Governor at 5:02 p.m. on March 29, 2022.",,,,,
HJR109,Jones (M),Regular Session 2022,03/01/2022,H,,Introduced and referred to the House of Representatives committee on Rules,RULES,,,,
HJR109,Jones (M),Regular Session 2022,03/03/2022,H,,Reported from Rules,,,,,
HJR109,Jones (M),Regular Session 2022,03/03/2022,H,,Jones (M) motion to Adopt adopted Voice Vote,,,,,
HJR109,Jones (M),Regular Session 2022,03/03/2022,S,,Received in Senate and referred to the Senate committee on Rules,RULES,,,,
HJR109,Jones (M),Regular Session 2022,03/15/2022,S,,Reported from Rules,,,,,
HJR109,Jones (M),Regular Session 2022,03/15/2022,S,,Waggoner motion to Concur In and Adopt adopted Voice Vote,,,,,
HJR109,Jones (M),Regular Session 2022,03/15/2022,H,,Passed Second House,,,,,
HJR109,Jones (M),Regular Session 2022,03/15/2022,S,,Signature Requested,,,,,
HJR109,Jones (M),Regular Session 2022,03/15/2022,H,,Enrolled,,,,,
HJR109,Jones (M),Regular Session 2022,03/15/2022,H,,Clerk of the House Certification,,,,,
HJR109,Jones (M),Regular Session 2022,,H,,Assigned Act No. 2022-164.,,,,,
HJR109,Jones (M),Regular Session 2022,,H,,"Delivered to Governor at 4:53 p.m. on March 15, 2022.",,,,,
HJR110,Mooney,Regular Session 2022,03/01/2022,H,,Introduced and referred to the House of Representatives committee on Rules,RULES,,,,
HJR110,Mooney,Regular Session 2022,03/03/2022,H,,Reported from Rules,,,,,
HJR110,Mooney,Regular Session 2022,03/03/2022,H,,Jones (M) motion to Adopt adopted Voice Vote,,,,,
HJR110,Mooney,Regular Session 2022,03/03/2022,S,,Received in Senate and referred to the Senate committee on Rules,RULES,,,,
HJR110,Mooney,Regular Session 2022,03/15/2022,S,,Reported from Rules,,,,,
HJR110,Mooney,Regular Session 2022,03/15/2022,S,,Waggoner motion to Concur In and Adopt adopted Voice Vote,,,,,
HJR110,Mooney,Regular Session 2022,03/15/2022,H,,Passed Second House,,,,,
HJR110,Mooney,Regular Session 2022,03/15/2022,S,,Signature Requested,,,,,
HJR110,Mooney,Regular Session 2022,03/15/2022,H,,Enrolled,,,,,
HJR110,Mooney,Regular Session 2022,03/15/2022,H,,Clerk of the House Certification,,,,,
HJR110,Mooney,Regular Session 2022,,H,,Assigned Act No. 2022-165.,,,,,
HJR110,Mooney,Regular Session 2022,,H,,"Delivered to Governor at 4:53 p.m. on March 15, 2022.",,,,,
HR111,Isbell,Regular Session 2022,03/01/2022,H,,Joint Rule 11,,,,,
HR112,Rules,Regular Session 2022,03/02/2022,H,,Introduced,,,,,
HR112,Rules,Regular Session 2022,03/02/2022,H,,Jones (M) motion to Adopt adopted Voice Vote,,,,,
HR113,Sanderford,Regular Session 2022,03/02/2022,H,,Joint Rule 11,,,,,
HR114,Sanderford,Regular Session 2022,03/02/2022,H,,Joint Rule 11,,,,,
HJR115,Clarke,Regular Session 2022,03/02/2022,H,,Introduced and referred to the House of Representatives committee on Rules,RULES,,,,
HJR115,Clarke,Regular Session 2022,03/17/2022,H,,Reported from Rules,,,,,
HJR115,Clarke,Regular Session 2022,03/17/2022,H,,Jones (M) motion to Adopt adopted Voice Vote,,,,,
HJR115,Clarke,Regular Session 2022,03/29/2022,S,,Received in Senate and referred to the Senate committee on Rules,RULES,,,,
HJR115,Clarke,Regular Session 2022,04/06/2022,S,,Reported from Rules,,,,,
HJR115,Clarke,Regular Session 2022,04/06/2022,S,,Waggoner motion to Concur In and Adopt adopted Voice Vote,,,,,
HJR115,Clarke,Regular Session 2022,04/06/2022,H,,Passed Second House,,,,,
HJR115,Clarke,Regular Session 2022,04/06/2022,H,,Enrolled,,,,,
HJR115,Clarke,Regular Session 2022,04/06/2022,S,,Signature Requested,,,,,
HJR115,Clarke,Regular Session 2022,04/06/2022,H,,Clerk of the House Certification,,,,,
HJR115,Clarke,Regular Session 2022,,H,,Assigned Act No. 2022-359.,,,,,
HJR115,Clarke,Regular Session 2022,,H,,"Delivered to Governor at 5:42 p.m. on April 22, 2022.",,,,,
HR116,Drummond,Regular Session 2022,03/02/2022,H,,Joint Rule 11,,,,,
HR117,Meadows,Regular Session 2022,03/02/2022,H,,Joint Rule 11,,,,,
HR118,Rules,Regular Session 2022,03/03/2022,H,,Introduced,,,,,
HR118,Rules,Regular Session 2022,03/03/2022,H,,Jones (M) motion to Adopt adopted Voice Vote,,,,,
HR119,Brown (K),Regular Session 2022,03/03/2022,H,,Joint Rule 11,,,,,
HR120,Givan,Regular Session 2022,03/03/2022,H,,Joint Rule 11,,,,,
HJR121,Givan,Regular Session 2022,03/03/2022,H,,Introduced and referred to the House of Representatives committee on Rules,RULES,,,,
HJR121,Givan,Regular Session 2022,03/09/2022,H,,Reported from Rules,,,,,
HJR121,Givan,Regular Session 2022,03/09/2022,H,,Jones (M) motion to Adopt adopted Voice Vote,,,,,
HJR121,Givan,Regular Session 2022,03/10/2022,S,,Received in Senate and referred to the Senate committee on Rules,RULES,,,,
HJR121,Givan,Regular Session 2022,03/29/2022,S,,Reported from Rules,,,,,
HJR121,Givan,Regular Session 2022,03/29/2022,S,,Waggoner motion to Concur In and Adopt adopted Voice Vote,,,,,
HJR121,Givan,Regular Session 2022,03/29/2022,H,,Passed Second House,,,,,
HJR121,Givan,Regular Session 2022,03/29/2022,H,,Enrolled,,,,,
HJR121,Givan,Regular Session 2022,03/29/2022,S,,Signature Requested,,,,,
HJR121,Givan,Regular Session 2022,03/29/2022,H,,Clerk of the House Certification,,,,,
HJR121,Givan,Regular Session 2022,,H,,Assigned Act No. 2022-211.,,,,,
HJR121,Givan,Regular Session 2022,,H,,"Forwarded to Governor at 5:02 p.m. on March 29, 2022.",,,,,
HR122,Whitt,Regular Session 2022,03/03/2022,H,,Joint Rule 11,,,,,
HR123,Meadows,Regular Session 2022,03/03/2022,H,,Joint Rule 11,,,,,
HJR124,Meadows,Regular Session 2022,03/03/2022,H,,Introduced and referred to the House of Representatives committee on Rules,RULES,,,,
HJR124,Meadows,Regular Session 2022,03/09/2022,H,,Reported from Rules,,,,,
HJR124,Meadows,Regular Session 2022,03/09/2022,H,,Jones (M) motion to Adopt adopted Voice Vote,,,,,
HJR124,Meadows,Regular Session 2022,03/10/2022,S,,Received in Senate and referred to the Senate committee on Rules,RULES,,,,
HJR124,Meadows,Regular Session 2022,03/15/2022,S,,Reported from Rules,,,,,
HJR124,Meadows,Regular Session 2022,03/15/2022,S,,Waggoner motion to Concur In and Adopt adopted Voice Vote,,,,,
HJR124,Meadows,Regular Session 2022,03/15/2022,H,,Passed Second House,,,,,
HJR124,Meadows,Regular Session 2022,03/15/2022,S,,Signature Requested,,,,,
HJR124,Meadows,Regular Session 2022,03/15/2022,H,,Enrolled,,,,,
HJR124,Meadows,Regular Session 2022,03/15/2022,H,,Clerk of the House Certification,,,,,
HJR124,Meadows,Regular Session 2022,,H,,Assigned Act No. 2022-166.,,,,,
HJR124,Meadows,Regular Session 2022,,H,,"Delivered to Governor at 4:53 p.m. on March 15, 2022.",,,,,
HR125,Clarke,Regular Session 2022,03/03/2022,H,,Joint Rule 11,,,,,
HJR126,Carns,Regular Session 2022,03/08/2022,H,,Introduced,,,,,
HJR126,Carns,Regular Session 2022,03/08/2022,H,,Mooney motion to Adopt adopted Voice Vote,,,,,
HJR126,Carns,Regular Session 2022,03/08/2022,S,,Received in Senate and referred to the Senate committee on Rules,RULES,,,,
HJR126,Carns,Regular Session 2022,03/29/2022,S,,Reported from Rules,,,,,
HJR126,Carns,Regular Session 2022,03/29/2022,S,,Waggoner motion to Concur In and Adopt adopted Voice Vote,,,,,
HJR126,Carns,Regular Session 2022,03/29/2022,H,,Passed Second House,,,,,
HJR126,Carns,Regular Session 2022,03/29/2022,H,,Enrolled,,,,,
HJR126,Carns,Regular Session 2022,03/29/2022,S,,Signature Requested,,,,,
HJR126,Carns,Regular Session 2022,03/29/2022,H,,Clerk of the House Certification,,,,,
HJR126,Carns,Regular Session 2022,,H,,Assigned Act No. 2022-212.,,,,,
HJR126,Carns,Regular Session 2022,,H,,"Forwarded to Governor at 5:02 p.m. on March 29, 2022.",,,,,
HJR127,Rogers,Regular Session 2022,03/08/2022,H,,Introduced,,,,,
HJR127,Rogers,Regular Session 2022,03/08/2022,H,,Rogers motion to Adopt adopted Voice Vote,,,,,
HJR127,Rogers,Regular Session 2022,03/08/2022,S,,Received in Senate and referred to the Senate committee on Rules,RULES,,,,
HJR127,Rogers,Regular Session 2022,03/29/2022,S,,Reported from Rules,,,,,
HJR127,Rogers,Regular Session 2022,03/29/2022,S,,Waggoner motion to Concur In and Adopt adopted Voice Vote,,,,,
HJR127,Rogers,Regular Session 2022,03/29/2022,H,,Passed Second House,,,,,
HJR127,Rogers,Regular Session 2022,03/29/2022,H,,Enrolled,,,,,
HJR127,Rogers,Regular Session 2022,03/29/2022,S,,Signature Requested,,,,,
HJR127,Rogers,Regular Session 2022,03/29/2022,H,,Clerk of the House Certification,,,,,
HJR127,Rogers,Regular Session 2022,,H,,Assigned Act No. 2022-213.,,,,,
HJR127,Rogers,Regular Session 2022,,H,,"Forwarded to Governor at 5:02 p.m. on March 29, 2022.",,,,,
HR128,Rules,Regular Session 2022,03/08/2022,H,,Introduced,,,,,
HR128,Rules,Regular Session 2022,03/08/2022,H,,Jones (M) motion to Adopt adopted Voice Vote,,,,,
HR129,Lawrence,Regular Session 2022,03/08/2022,H,,Joint Rule 11,,,,,
HJR130,Ledbetter,Regular Session 2022,03/08/2022,H,,Introduced and referred to the House of Representatives committee on Rules,RULES,,,,
HJR130,Ledbetter,Regular Session 2022,03/10/2022,H,,Reported from Rules,,,,,
HJR130,Ledbetter,Regular Session 2022,03/10/2022,H,,Jones (M) motion to Adopt adopted Voice Vote,,,,,
HJR130,Ledbetter,Regular Session 2022,03/10/2022,S,,Received in Senate and referred to the Senate committee on Rules,RULES,,,,
HJR130,Ledbetter,Regular Session 2022,03/15/2022,S,,Reported from Rules,,,,,
HJR130,Ledbetter,Regular Session 2022,03/15/2022,S,,Waggoner motion to Concur In and Adopt adopted Voice Vote,,,,,
HJR130,Ledbetter,Regular Session 2022,03/15/2022,H,,Passed Second House,,,,,
HJR130,Ledbetter,Regular Session 2022,03/15/2022,S,,Signature Requested,,,,,
HJR130,Ledbetter,Regular Session 2022,03/15/2022,H,,Enrolled,,,,,
HJR130,Ledbetter,Regular Session 2022,03/15/2022,H,,Clerk of the House Certification,,,,,
HJR130,Ledbetter,Regular Session 2022,,H,,Assigned Act No. 2022-167.,,,,,
HJR130,Ledbetter,Regular Session 2022,,H,,"Delivered to Governor at 4:53 p.m. on March 15, 2022.",,,,,
HJR131,Boyd,Regular Session 2022,03/08/2022,H,,Introduced and referred to the House of Representatives committee on Rules,RULES,,,,
HJR131,Boyd,Regular Session 2022,03/10/2022,H,,Reported from Rules,,,,,
HJR131,Boyd,Regular Session 2022,03/10/2022,H,,Jones (M) motion to Adopt adopted Voice Vote,,,,,
HJR131,Boyd,Regular Session 2022,03/10/2022,H,,Cosponsors Added,,,,,Roll 553
HJR131,Boyd,Regular Session 2022,03/10/2022,S,,Received in Senate and referred to the Senate committee on Rules,RULES,,,,
HJR131,Boyd,Regular Session 2022,03/29/2022,S,,Reported from Rules,,,,,
HJR131,Boyd,Regular Session 2022,03/29/2022,S,,Waggoner motion to Concur In and Adopt adopted Voice Vote,,,,,
HJR131,Boyd,Regular Session 2022,03/29/2022,H,,Passed Second House,,,,,
HJR131,Boyd,Regular Session 2022,03/29/2022,H,,Enrolled,,,,,
HJR131,Boyd,Regular Session 2022,03/29/2022,S,,Signature Requested,,,,,
HJR131,Boyd,Regular Session 2022,03/29/2022,H,,Clerk of the House Certification,,,,,
HJR131,Boyd,Regular Session 2022,,H,,Assigned Act No. 2022-250.,,,,,
HJR131,Boyd,Regular Session 2022,,H,,"Delivered to Governor at 5:25 p.m. on March 29, 2022.",,,,,
HR132,Clarke,Regular Session 2022,03/08/2022,H,,Joint Rule 11,,,,,
HJR133,Clarke,Regular Session 2022,03/08/2022,H,,Introduced and referred to the House of Representatives committee on Rules,RULES,,,,
HJR133,Clarke,Regular Session 2022,03/10/2022,H,,Reported from Rules,,,,,
HJR133,Clarke,Regular Session 2022,03/10/2022,H,,Jones (M) motion to Adopt adopted Voice Vote,,,,,
HJR133,Clarke,Regular Session 2022,03/10/2022,S,,Received in Senate and referred to the Senate committee on Rules,RULES,,,,
HJR133,Clarke,Regular Session 2022,03/29/2022,S,,Reported from Rules,,,,,
HJR133,Clarke,Regular Session 2022,03/29/2022,S,,Waggoner motion to Concur In and Adopt adopted Voice Vote,,,,,
HJR133,Clarke,Regular Session 2022,03/29/2022,H,,Passed Second House,,,,,
HJR133,Clarke,Regular Session 2022,03/29/2022,H,,Enrolled,,,,,
HJR133,Clarke,Regular Session 2022,03/29/2022,S,,Signature Requested,,,,,
HJR133,Clarke,Regular Session 2022,03/29/2022,H,,Clerk of the House Certification,,,,,
HJR133,Clarke,Regular Session 2022,,H,,Assigned Act No. 2022-214.,,,,,
HJR133,Clarke,Regular Session 2022,,H,,"Forwarded to Governor at 5:02 p.m. on March 29, 2022.",,,,,
HR134,Mooney,Regular Session 2022,03/08/2022,H,,Introduced and referred to the House of Representatives committee on Rules,RULES,,,,
HR134,Mooney,Regular Session 2022,03/10/2022,H,,Reported from Rules,,,,,
HR134,Mooney,Regular Session 2022,03/10/2022,H,,Jones (M) motion to Adopt adopted Voice Vote,,,,,
HR135,Clarke,Regular Session 2022,03/08/2022,H,,Joint Rule 11,,,,,
HJR136,Ledbetter,Regular Session 2022,03/08/2022,H,,Introduced and referred to the House of Representatives committee on Rules,RULES,,,,
HJR136,Ledbetter,Regular Session 2022,03/10/2022,H,,Reported from Rules,,,,,
HJR136,Ledbetter,Regular Session 2022,03/10/2022,H,,Jones (M) motion to Adopt adopted Voice Vote,,,,,
HJR136,Ledbetter,Regular Session 2022,03/10/2022,S,,Received in Senate and referred to the Senate committee on Rules,RULES,,,,
HJR136,Ledbetter,Regular Session 2022,03/29/2022,S,,Reported from Rules,,,,,
HJR136,Ledbetter,Regular Session 2022,03/29/2022,S,,Waggoner motion to Concur In and Adopt adopted Voice Vote,,,,,
HJR136,Ledbetter,Regular Session 2022,03/29/2022,H,,Passed Second House,,,,,
HJR136,Ledbetter,Regular Session 2022,03/29/2022,H,,Enrolled,,,,,
HJR136,Ledbetter,Regular Session 2022,03/29/2022,S,,Signature Requested,,,,,
HJR136,Ledbetter,Regular Session 2022,03/29/2022,H,,Clerk of the House Certification,,,,,
HJR136,Ledbetter,Regular Session 2022,,H,,Assigned Act No. 2022-215 on 04/04/2022.,,,,,
HJR136,Ledbetter,Regular Session 2022,,H,,"Forwarded to Governor at 5:02 p.m. on March 29, 2022.",,,,,
HR137,Howard,Regular Session 2022,03/08/2022,H,,Joint Rule 11,,,,,
HJR138,Hanes,Regular Session 2022,03/09/2022,H,,Introduced and referred to the House of Representatives committee on Rules,RULES,,,,
HJR138,Hanes,Regular Session 2022,03/17/2022,H,,Reported from Rules,,,,,
HJR138,Hanes,Regular Session 2022,03/17/2022,H,,Jones (M) motion to Adopt adopted Voice Vote,,,,,
HJR138,Hanes,Regular Session 2022,03/29/2022,S,,Received in Senate and referred to the Senate committee on Rules,RULES,,,,
HJR138,Hanes,Regular Session 2022,03/30/2022,S,,Reported from Rules,,,,,
HJR138,Hanes,Regular Session 2022,03/30/2022,S,,Waggoner motion to Concur In and Adopt adopted Voice Vote,,,,,
HJR138,Hanes,Regular Session 2022,03/30/2022,H,,Passed Second House,,,,,
HJR138,Hanes,Regular Session 2022,03/30/2022,H,,Enrolled,,,,,
HJR138,Hanes,Regular Session 2022,03/30/2022,S,,Signature Requested,,,,,
HJR138,Hanes,Regular Session 2022,03/30/2022,H,,Clerk of the House Certification,,,,,
HJR138,Hanes,Regular Session 2022,,H,,Assigned Act No. 2022-218.,,,,,
HJR138,Hanes,Regular Session 2022,,H,,"Delivered to Governor at 5:17 p.m. on March 30, 2022.",,,,,
HJR139,Hanes,Regular Session 2022,03/09/2022,H,,Introduced and referred to the House of Representatives committee on Rules,RULES,,,,
HJR139,Hanes,Regular Session 2022,03/17/2022,H,,Reported from Rules,,,,,
HJR139,Hanes,Regular Session 2022,03/17/2022,H,,Jones (M) motion to Adopt adopted Voice Vote,,,,,
HJR139,Hanes,Regular Session 2022,03/29/2022,S,,Received in Senate and referred to the Senate committee on Rules,RULES,,,,
HJR139,Hanes,Regular Session 2022,03/30/2022,S,,Reported from Rules,,,,,
HJR139,Hanes,Regular Session 2022,03/30/2022,S,,Waggoner motion to Concur In and Adopt adopted Voice Vote,,,,,
HJR139,Hanes,Regular Session 2022,03/30/2022,H,,Passed Second House,,,,,
HJR139,Hanes,Regular Session 2022,03/30/2022,H,,Enrolled,,,,,
HJR139,Hanes,Regular Session 2022,03/30/2022,S,,Signature Requested,,,,,
HJR139,Hanes,Regular Session 2022,03/30/2022,H,,Clerk of the House Certification,,,,,
HJR139,Hanes,Regular Session 2022,,H,,Assigned Act No. 2022-219.,,,,,
HJR139,Hanes,Regular Session 2022,,H,,"Delivered to Governor at 5:17 p.m. on March 30, 2022.",,,,,
HR140,Rules,Regular Session 2022,03/09/2022,H,,Introduced,,,,,
HR140,Rules,Regular Session 2022,03/09/2022,H,,Jones (M) motion to Adopt adopted Voice Vote,,,,,
HR141,Clarke,Regular Session 2022,03/09/2022,H,,Joint Rule 11,,,,,
HJR142,Faulkner,Regular Session 2022,03/09/2022,H,,Introduced and referred to the House of Representatives committee on Rules,RULES,,,,
HJR142,Faulkner,Regular Session 2022,03/17/2022,H,,Reported from Rules,,,,,
HJR142,Faulkner,Regular Session 2022,03/17/2022,H,,Jones (M) motion to Adopt adopted Voice Vote,,,,,
HJR142,Faulkner,Regular Session 2022,03/17/2022,H,,Cosponsors Added,,,,,Roll 700
HJR142,Faulkner,Regular Session 2022,03/29/2022,S,,Received in Senate and referred to the Senate committee on Rules,RULES,,,,
HJR142,Faulkner,Regular Session 2022,03/31/2022,S,,Reported from Rules,,,,,
HJR142,Faulkner,Regular Session 2022,03/31/2022,S,,Waggoner motion to Concur In and Adopt adopted Voice Vote,,,,,
HJR142,Faulkner,Regular Session 2022,03/31/2022,H,,Passed Second House,,,,,
HJR142,Faulkner,Regular Session 2022,03/31/2022,H,,Enrolled,,,,,
HJR142,Faulkner,Regular Session 2022,03/31/2022,S,,Signature Requested,,,,,
HJR142,Faulkner,Regular Session 2022,03/31/2022,H,,Clerk of the House Certification,,,,,
HJR142,Faulkner,Regular Session 2022,,H,,Assigned Act No. 2022-221.,,,,,
HJR142,Faulkner,Regular Session 2022,,S,,,,,,,
HJR142,Faulkner,Regular Session 2022,,H,,"Delivered to Governor at 11:43 a.m. on March 31, 2022.",,,,,
HJR143,Faulkner,Regular Session 2022,03/09/2022,H,,Introduced and referred to the House of Representatives committee on Rules,RULES,,,,
HJR143,Faulkner,Regular Session 2022,03/17/2022,H,,Reported from Rules,,,,,
HJR143,Faulkner,Regular Session 2022,03/17/2022,H,,Jones (M) motion to Adopt adopted Voice Vote,,,,,
HJR143,Faulkner,Regular Session 2022,03/29/2022,S,,Received in Senate and referred to the Senate committee on Rules,RULES,,,,
HJR143,Faulkner,Regular Session 2022,03/30/2022,S,,Reported from Rules,,,,,
HJR143,Faulkner,Regular Session 2022,03/30/2022,S,,Waggoner motion to Concur In and Adopt adopted Voice Vote,,,,,
HJR143,Faulkner,Regular Session 2022,03/30/2022,H,,Passed Second House,,,,,
HJR143,Faulkner,Regular Session 2022,03/30/2022,H,,Enrolled,,,,,
HJR143,Faulkner,Regular Session 2022,03/30/2022,S,,Signature Requested,,,,,
HJR143,Faulkner,Regular Session 2022,03/30/2022,H,,Clerk of the House Certification,,,,,
HJR143,Faulkner,Regular Session 2022,,H,,Assigned Act No. 2022-220.,,,,,
HJR143,Faulkner,Regular Session 2022,,H,,"Delivered to Governor at 5:17 p.m. on March 30, 2022.",,,,,
HR144,Estes,Regular Session 2022,03/09/2022,H,,Joint Rule 11,,,,,
HR145,Rules,Regular Session 2022,03/10/2022,H,,Introduced,,,,,
HR145,Rules,Regular Session 2022,03/10/2022,H,,Jones (M) motion to Adopt adopted Voice Vote,,,,,
HR146,Rules,Regular Session 2022,03/10/2022,H,,Introduced,,,,,
HR146,Rules,Regular Session 2022,03/10/2022,H,,Jones (M) motion to Adopt adopted Voice Vote,,,,,
HR146,Rules,Regular Session 2022,03/10/2022,H,,Hall dissent filed,,,,,
HR146,Rules,Regular Session 2022,03/10/2022,H,,Drummond dissent filed,,,,,
HR147,Rules,Regular Session 2022,03/15/2022,H,,Introduced,,,,,
HR147,Rules,Regular Session 2022,03/15/2022,H,,Jones (M) motion to Adopt adopted Voice Vote,,,,,
HR147,Rules,Regular Session 2022,03/15/2022,H,,MOTION TO SUSPEND RULES ADOPTED,,,,,
HJR148,McCutcheon,Regular Session 2022,03/15/2022,H,,Introduced and referred to the House of Representatives committee on Rules,RULES,,,,
HJR149,McCutcheon,Regular Session 2022,03/15/2022,H,,Introduced and referred to the House of Representatives committee on Rules,RULES,,,,
HJR150,McCutcheon,Regular Session 2022,03/15/2022,H,,Introduced and referred to the House of Representatives committee on Rules,RULES,,,,
HJR151,McCutcheon,Regular Session 2022,03/15/2022,H,,Introduced and referred to the House of Representatives committee on Rules,RULES,,,,
HJR152,McCutcheon,Regular Session 2022,03/15/2022,H,,Introduced and referred to the House of Representatives committee on Rules,RULES,,,,
HJR153,McCutcheon,Regular Session 2022,03/15/2022,H,,Introduced and referred to the House of Representatives committee on Rules,RULES,,,,
HJR154,McCutcheon,Regular Session 2022,03/15/2022,H,,Introduced and referred to the House of Representatives committee on Rules,RULES,,,,
HJR155,McCutcheon,Regular Session 2022,03/15/2022,H,,Introduced and referred to the House of Representatives committee on Rules,RULES,,,,
HJR156,McCutcheon,Regular Session 2022,03/15/2022,H,,Introduced and referred to the House of Representatives committee on Rules,RULES,,,,
HJR157,McCutcheon,Regular Session 2022,03/15/2022,H,,Introduced and referred to the House of Representatives committee on Rules,RULES,,,,
HR158,,Regular Session 2022,03/15/2022,H,,Joint Rule 11,,,,,
HR159,Marques,Regular Session 2022,03/15/2022,H,,Joint Rule 11,,,,,
HR160,Brown (K),Regular Session 2022,03/15/2022,H,,Joint Rule 11,,,,,
HJR161,Marques,Regular Session 2022,03/15/2022,H,,Introduced and referred to the House of Representatives committee on Rules,RULES,,,,
HJR161,Marques,Regular Session 2022,03/31/2022,H,,Reported from Rules,,,,,
HJR161,Marques,Regular Session 2022,03/31/2022,H,,Jones (M) motion to Adopt adopted Voice Vote,,,,,
HJR161,Marques,Regular Session 2022,03/31/2022,S,,Received in Senate and referred to the Senate committee on Rules,RULES,,,,
HJR161,Marques,Regular Session 2022,04/06/2022,S,,Reported from Rules,,,,,
HJR161,Marques,Regular Session 2022,04/06/2022,S,,Waggoner motion to Concur In and Adopt adopted Voice Vote,,,,,
HJR161,Marques,Regular Session 2022,04/06/2022,H,,Passed Second House,,,,,
HJR161,Marques,Regular Session 2022,04/06/2022,H,,Enrolled,,,,,
HJR161,Marques,Regular Session 2022,04/06/2022,S,,Signature Requested,,,,,
HJR161,Marques,Regular Session 2022,04/06/2022,H,,Clerk of the House Certification,,,,,
HJR161,Marques,Regular Session 2022,,H,,Assigned Act No. 2022-306.,,,,,
HJR161,Marques,Regular Session 2022,,H,,"Delivered to Governor at 5:42 p.m. on April 22, 2022.",,,,,
HJR162,Hall,Regular Session 2022,03/15/2022,H,,Introduced and referred to the House of Representatives committee on Rules,RULES,,,,
HJR162,Hall,Regular Session 2022,03/31/2022,H,,Reported from Rules,,,,,
HJR162,Hall,Regular Session 2022,03/31/2022,H,,Jones (M) motion to Adopt adopted Voice Vote,,,,,
HJR162,Hall,Regular Session 2022,03/31/2022,S,,Received in Senate and referred to the Senate committee on Rules,RULES,,,,
HJR162,Hall,Regular Session 2022,04/06/2022,S,,Reported from Rules,,,,,
HJR162,Hall,Regular Session 2022,04/06/2022,S,,Waggoner motion to Concur In and Adopt adopted Voice Vote,,,,,
HJR162,Hall,Regular Session 2022,04/06/2022,H,,Passed Second House,,,,,
HJR162,Hall,Regular Session 2022,04/06/2022,H,,Enrolled,,,,,
HJR162,Hall,Regular Session 2022,04/06/2022,S,,Signature Requested,,,,,
HJR162,Hall,Regular Session 2022,04/06/2022,H,,Clerk of the House Certification,,,,,
HJR162,Hall,Regular Session 2022,,H,,Assigned Act No. 2022-307.,,,,,
HJR162,Hall,Regular Session 2022,,H,,"Delivered to Governor at 5:42 p.m. on April 22, 2022.",,,,,
HJR163,Wood (R),Regular Session 2022,03/15/2022,H,,Introduced,,,,,
HJR163,Wood (R),Regular Session 2022,03/15/2022,H,,Wood (R) motion to Adopt adopted Voice Vote,,,,,
HJR163,Wood (R),Regular Session 2022,03/15/2022,H,,MOTION TO SUSPEND RULES ADOPTED,,,,,
HJR163,Wood (R),Regular Session 2022,03/15/2022,H,,Wood (R) motion to Adopt adopted Voice Vote,,,,,
HJR163,Wood (R),Regular Session 2022,03/15/2022,S,,Received in Senate and referred to the Senate committee on Rules,RULES,,,,
HJR163,Wood (R),Regular Session 2022,03/29/2022,S,,Reported from Rules,,,,,
HJR163,Wood (R),Regular Session 2022,03/29/2022,S,,Waggoner motion to Concur In and Adopt adopted Voice Vote,,,,,
HJR163,Wood (R),Regular Session 2022,03/29/2022,H,,Passed Second House,,,,,
HJR163,Wood (R),Regular Session 2022,03/29/2022,H,,Enrolled,,,,,
HJR163,Wood (R),Regular Session 2022,03/29/2022,S,,Signature Requested,,,,,
HJR163,Wood (R),Regular Session 2022,03/29/2022,H,,Clerk of the House Certification,,,,,
HJR163,Wood (R),Regular Session 2022,,H,,Assigned Act No. 2022-216.,,,,,
HJR163,Wood (R),Regular Session 2022,,H,,"Forwarded to Governor at 5:02 p.m. on March 29, 2022.",,,,,
HR164,Wood (R),Regular Session 2022,03/15/2022,H,,Joint Rule 11,,,,,
HR165,Rules,Regular Session 2022,03/15/2022,H,,Introduced,,,,,
HR165,Rules,Regular Session 2022,03/15/2022,H,,Jones (M) motion to Adopt adopted Voice Vote,,,,,
HR166,Hassell,Regular Session 2022,03/15/2022,H,,Joint Rule 11,,,,,
HR167,Carns,Regular Session 2022,03/15/2022,H,,Joint Rule 11,,,,,
HJR168,Simpson,Regular Session 2022,03/15/2022,H,,Introduced and referred to the House of Representatives committee on Rules,RULES,,,,
HR169,Estes,Regular Session 2022,03/15/2022,H,,Joint Rule 11,,,,,
HJR170,Clouse,Regular Session 2022,03/15/2022,H,,Introduced and referred to the House of Representatives committee on Rules,RULES,,,,
HJR170,Clouse,Regular Session 2022,03/31/2022,H,,Reported from Rules,,,,,
HJR170,Clouse,Regular Session 2022,03/31/2022,H,,Jones (M) motion to Adopt adopted Voice Vote,,,,,
HJR170,Clouse,Regular Session 2022,03/31/2022,S,,Received in Senate and referred to the Senate committee on Rules,RULES,,,,
HJR170,Clouse,Regular Session 2022,04/07/2022,S,,Reported from Rules,,,,,
HJR170,Clouse,Regular Session 2022,04/07/2022,S,,Waggoner motion to Concur In and Adopt adopted Voice Vote,,,,,
HJR170,Clouse,Regular Session 2022,04/07/2022,H,,Passed Second House,,,,,
HJR170,Clouse,Regular Session 2022,04/07/2022,S,,Signature Requested,,,,,
HJR170,Clouse,Regular Session 2022,04/07/2022,H,,Enrolled,,,,,
HJR170,Clouse,Regular Session 2022,04/07/2022,H,,Clerk of the House Certification,,,,,
HJR170,Clouse,Regular Session 2022,,H,,Assigned Act No. 2022-317.,,,,,
HJR170,Clouse,Regular Session 2022,,H,,"Delivered to Governor at 12:51 p.m. on April 7, 2022.",,,,,
HJR171,Faulkner,Regular Session 2022,03/15/2022,H,,Introduced and referred to the House of Representatives committee on Rules,RULES,,,,
HJR171,Faulkner,Regular Session 2022,03/31/2022,H,,Reported from Rules,,,,,
HJR171,Faulkner,Regular Session 2022,03/31/2022,H,,Jones (M) motion to Adopt adopted Voice Vote,,,,,
HJR171,Faulkner,Regular Session 2022,03/31/2022,S,,Received in Senate and referred to the Senate committee on Rules,RULES,,,,
HJR171,Faulkner,Regular Session 2022,04/06/2022,S,,Reported from Rules,,,,,
HJR171,Faulkner,Regular Session 2022,04/06/2022,S,,Waggoner motion to Concur In and Adopt adopted Voice Vote,,,,,
HJR171,Faulkner,Regular Session 2022,04/06/2022,H,,Passed Second House,,,,,
HJR171,Faulkner,Regular Session 2022,04/06/2022,H,,Enrolled,,,,,
HJR171,Faulkner,Regular Session 2022,04/06/2022,S,,Signature Requested,,,,,
HJR171,Faulkner,Regular Session 2022,04/06/2022,H,,Clerk of the House Certification,,,,,
HJR171,Faulkner,Regular Session 2022,,H,,Assigned Act No. 2022-308 on 04/13/2022.,,,,,
HJR171,Faulkner,Regular Session 2022,,H,,"Delivered to Governor at 5:42 p.m. on April 22, 2022.",,,,,
HR172,Hassell,Regular Session 2022,03/17/2022,H,,Joint Rule 11,,,,,
HR173,Jackson,Regular Session 2022,03/17/2022,H,,Joint Rule 11,,,,,
HJR174,Jackson,Regular Session 2022,03/17/2022,H,,Introduced and referred to the House of Representatives committee on Rules,RULES,,,,
HJR174,Jackson,Regular Session 2022,03/31/2022,H,,Reported from Rules,,,,,
HJR174,Jackson,Regular Session 2022,03/31/2022,H,,Jones (M) motion to Adopt adopted Voice Vote,,,,,
HJR174,Jackson,Regular Session 2022,03/31/2022,S,,Received in Senate and referred to the Senate committee on Rules,RULES,,,,
HJR174,Jackson,Regular Session 2022,04/06/2022,S,,Reported from Rules,,,,,
HJR174,Jackson,Regular Session 2022,04/06/2022,S,,Waggoner motion to Concur In and Adopt adopted Voice Vote,,,,,
HJR174,Jackson,Regular Session 2022,04/06/2022,H,,Passed Second House,,,,,
HJR174,Jackson,Regular Session 2022,04/06/2022,H,,Enrolled,,,,,
HJR174,Jackson,Regular Session 2022,04/06/2022,S,,Signature Requested,,,,,
HJR174,Jackson,Regular Session 2022,04/06/2022,H,,Clerk of the House Certification,,,,,
HJR174,Jackson,Regular Session 2022,,H,,Assigned Act No. 2022-309.,,,,,
HJR174,Jackson,Regular Session 2022,,H,,"Delivered to Governor at 5:42 p.m. on April 22, 2022.",,,,,
HR175,Rules,Regular Session 2022,03/17/2022,H,,Introduced,,,,,
HR175,Rules,Regular Session 2022,03/17/2022,H,,Jones (M) motion to Adopt adopted Voice Vote,,,,,
HR176,Reynolds,Regular Session 2022,03/17/2022,H,,Joint Rule 11,,,,,
HJR177,Hurst,Regular Session 2022,03/17/2022,H,,Introduced and referred to the House of Representatives committee on Rules,RULES,,,,
HJR177,Hurst,Regular Session 2022,03/31/2022,H,,Reported from Rules,,,,,
HJR177,Hurst,Regular Session 2022,03/31/2022,H,,Jones (M) motion to Adopt adopted Voice Vote,,,,,
HJR177,Hurst,Regular Session 2022,03/31/2022,S,,Received in Senate and referred to the Senate committee on Rules,RULES,,,,
HR178,Ball,Regular Session 2022,03/17/2022,H,,Joint Rule 11,,,,,
HJR179,Ball,Regular Session 2022,03/17/2022,H,,Introduced and referred to the House of Representatives committee on Rules,RULES,,,,
HJR179,Ball,Regular Session 2022,03/31/2022,H,,Reported from Rules,,,,,
HJR179,Ball,Regular Session 2022,03/31/2022,H,,Jones (M) motion to Adopt adopted Voice Vote,,,,,
HJR179,Ball,Regular Session 2022,03/31/2022,S,,Received in Senate and referred to the Senate committee on Rules,RULES,,,,
HJR179,Ball,Regular Session 2022,04/06/2022,S,,Reported from Rules,,,,,
HJR179,Ball,Regular Session 2022,04/06/2022,S,,Waggoner motion to Concur In and Adopt adopted Voice Vote,,,,,
HJR179,Ball,Regular Session 2022,04/06/2022,H,,Passed Second House,,,,,
HJR179,Ball,Regular Session 2022,04/06/2022,H,,Enrolled,,,,,
HJR179,Ball,Regular Session 2022,04/06/2022,S,,Signature Requested,,,,,
HJR179,Ball,Regular Session 2022,04/06/2022,H,,Clerk of the House Certification,,,,,
HJR179,Ball,Regular Session 2022,,H,,Assigned Act No. 2022-310.,,,,,
HJR179,Ball,Regular Session 2022,,H,,"Delivered to Governor at 5:42 p.m. on April 22, 2022.",,,,,
HR180,Carns,Regular Session 2022,03/17/2022,H,,Joint Rule 11,,,,,
HR181,McClammy,Regular Session 2022,03/17/2022,H,,Joint Rule 11,,,,,
HR182,McClammy,Regular Session 2022,03/17/2022,H,,Joint Rule 11,,,,,
HR183,Faulkner,Regular Session 2022,03/17/2022,H,,Joint Rule 11,,,,,
HJR184,Grimsley,Regular Session 2022,03/17/2022,H,,Introduced and referred to the House of Representatives committee on Rules,RULES,,,,
HR185,Farley,Regular Session 2022,03/17/2022,H,,Introduced,,,,,
HR185,Farley,Regular Session 2022,03/17/2022,H,,Farley motion to Adopt adopted Voice Vote,,,,,
HR186,McClammy,Regular Session 2022,03/29/2022,H,,Joint Rule 11,,,,,
HJR187,Hanes,Regular Session 2022,03/29/2022,H,,Introduced and referred to the House of Representatives committee on Rules,RULES,,,,
HJR187,Hanes,Regular Session 2022,03/31/2022,H,,Reported from Rules,,,,,
HJR187,Hanes,Regular Session 2022,03/31/2022,H,,Jones (M) motion to Adopt adopted Voice Vote,,,,,
HJR187,Hanes,Regular Session 2022,03/31/2022,S,,Received in Senate and referred to the Senate committee on Rules,RULES,,,,
HJR187,Hanes,Regular Session 2022,04/06/2022,S,,Reported from Rules,,,,,
HJR187,Hanes,Regular Session 2022,04/06/2022,S,,Waggoner motion to Concur In and Adopt adopted Voice Vote,,,,,
HJR187,Hanes,Regular Session 2022,04/06/2022,H,,Passed Second House,,,,,
HJR187,Hanes,Regular Session 2022,04/06/2022,H,,Enrolled,,,,,
HJR187,Hanes,Regular Session 2022,04/07/2022,S,,Signature Requested,,,,,
HJR187,Hanes,Regular Session 2022,04/07/2022,H,,Clerk of the House Certification,,,,,
HJR187,Hanes,Regular Session 2022,,H,,"Delivered to Governor at 9:46 a.m. on April 7, 2022.",,,,,
HJR188,Gaston,Regular Session 2022,03/29/2022,H,,Introduced and referred to the House of Representatives committee on Rules,RULES,,,,
HJR188,Gaston,Regular Session 2022,03/31/2022,H,,Reported from Rules,,,,,
HJR188,Gaston,Regular Session 2022,03/31/2022,H,,Jones (M) motion to Adopt adopted Voice Vote,,,,,
HJR188,Gaston,Regular Session 2022,03/31/2022,S,,Received in Senate and referred to the Senate committee on Rules,RULES,,,,
HJR188,Gaston,Regular Session 2022,04/06/2022,S,,Waggoner motion to Concur In and Adopt adopted Voice Vote,,,,,
HJR188,Gaston,Regular Session 2022,04/06/2022,H,,Passed Second House,,,,,
HJR188,Gaston,Regular Session 2022,04/06/2022,H,,Enrolled,,,,,
HJR188,Gaston,Regular Session 2022,04/07/2022,S,,Signature Requested,,,,,
HJR188,Gaston,Regular Session 2022,04/07/2022,H,,Clerk of the House Certification,,,,,
HJR188,Gaston,Regular Session 2022,,H,,Assigned Act No. 2022-311.,,,,,
HJR188,Gaston,Regular Session 2022,,H,,"Delivered to Governor at 9:46 a.m. on April 7, 2022.",,,,,
HR189,Rules,Regular Session 2022,03/29/2022,H,,Introduced,,,,,
HR189,Rules,Regular Session 2022,03/29/2022,H,,Jones (M) motion to Adopt adopted Voice Vote,,,,,
HJR190,Carns,Regular Session 2022,03/29/2022,H,,Introduced and referred to the House of Representatives committee on Rules,RULES,,,,
HJR190,Carns,Regular Session 2022,03/31/2022,H,,Reported from Rules,,,,,
HJR190,Carns,Regular Session 2022,03/31/2022,H,,Jones (M) motion to Adopt adopted Voice Vote,,,,,
HJR190,Carns,Regular Session 2022,03/31/2022,S,,Received in Senate and referred to the Senate committee on Rules,RULES,,,,
HJR190,Carns,Regular Session 2022,04/06/2022,S,,Reported from Rules,,,,,
HJR190,Carns,Regular Session 2022,04/06/2022,S,,Waggoner motion to Concur In and Adopt adopted Voice Vote,,,,,
HJR190,Carns,Regular Session 2022,04/06/2022,H,,Passed Second House,,,,,
HJR190,Carns,Regular Session 2022,04/06/2022,H,,Enrolled,,,,,
HJR190,Carns,Regular Session 2022,04/07/2022,S,,Signature Requested,,,,,
HJR190,Carns,Regular Session 2022,04/07/2022,H,,Clerk of the House Certification,,,,,
HJR190,Carns,Regular Session 2022,,H,,Assigned Act No. 2022-312.,,,,,
HJR190,Carns,Regular Session 2022,,H,,"Delivered to Governor at 9:46 a.m. on April 7, 2022.",,,,,
HJR191,Sanderford,Regular Session 2022,03/29/2022,H,,Introduced and referred to the House of Representatives committee on Rules,RULES,,,,
HJR191,Sanderford,Regular Session 2022,03/31/2022,H,,Reported from Rules,,,,,
HJR191,Sanderford,Regular Session 2022,03/31/2022,H,,Jones (M) motion to Adopt adopted Voice Vote,,,,,
HJR191,Sanderford,Regular Session 2022,03/31/2022,S,,Received in Senate and referred to the Senate committee on Rules,RULES,,,,
HR192,Lovvorn,Regular Session 2022,03/29/2022,H,,Joint Rule 11,,,,,
HR193,Oliver,Regular Session 2022,03/29/2022,H,,Joint Rule 11,,,,,
HR194,Oliver,Regular Session 2022,03/29/2022,H,,Joint Rule 11,,,,,
HR195,Estes,Regular Session 2022,03/29/2022,H,,Joint Rule 11,,,,,
HR196,Sanderford,Regular Session 2022,03/29/2022,H,,Joint Rule 11,,,,,
HR197,Sanderford,Regular Session 2022,03/29/2022,H,,Joint Rule 11,,,,,
HR198,Sanderford,Regular Session 2022,03/29/2022,H,,Joint Rule 11,RULES,,,,
HJR199,Rafferty,Regular Session 2022,03/29/2022,H,,Introduced and referred to the House of Representatives committee on Rules,RULES,,,,
HJR199,Rafferty,Regular Session 2022,04/05/2022,H,,Reported from Rules,,,,,
HJR199,Rafferty,Regular Session 2022,04/05/2022,H,,Jones (M) motion to Adopt adopted Voice Vote,,,,,
HJR199,Rafferty,Regular Session 2022,04/05/2022,S,,Received in Senate and referred to the Senate committee on Rules,RULES,,,,
HR200,Stadthagen,Regular Session 2022,03/29/2022,H,,Joint Rule 11,,,,,
HR201,Stadthagen,Regular Session 2022,03/29/2022,H,,Introduced and referred to the House of Representatives committee on Rules,RULES,,,,
HR201,Stadthagen,Regular Session 2022,03/31/2022,H,,Reported from Rules,,,,,
HR201,Stadthagen,Regular Session 2022,03/31/2022,H,,Jones (M) motion to Adopt adopted Voice Vote,,,,,
HR202,Mooney,Regular Session 2022,03/29/2022,H,,Introduced and referred to the House of Representatives committee on Rules,RULES,,,,
HR202,Mooney,Regular Session 2022,03/31/2022,H,,Reported from Rules,,,,,
HR202,Mooney,Regular Session 2022,03/31/2022,H,,Jones (M) motion to Adopt adopted Voice Vote,,,,,
HR203,Marques,Regular Session 2022,03/29/2022,H,,Introduced and referred to the House of Representatives committee on Rules,RULES,,,,
HR203,Marques,Regular Session 2022,03/31/2022,H,,Reported from Rules,,,,,
HR203,Marques,Regular Session 2022,03/31/2022,H,,Jones (M) motion to Adopt adopted Voice Vote,,,,,
HR204,Marques,Regular Session 2022,03/29/2022,H,,Introduced and referred to the House of Representatives committee on Rules,RULES,,,,
HR204,Marques,Regular Session 2022,03/31/2022,H,,Reported from Rules,,,,,
HR204,Marques,Regular Session 2022,03/31/2022,H,,Jones (M) motion to Adopt adopted Voice Vote,,,,,
HR205,McCutcheon,Regular Session 2022,03/29/2022,H,,Joint Rule 11,,,,,
HR206,Estes,Regular Session 2022,03/29/2022,H,,Joint Rule 11,,,,,
HR207,Sanderford,Regular Session 2022,03/29/2022,H,,Joint Rule 11,,,,,
HR208,Sanderford,Regular Session 2022,03/29/2022,H,,Joint Rule 11,,,,,
HR209,Sanderford,Regular Session 2022,03/29/2022,H,,Joint Rule 11,,,,,
HR210,Sanderford,Regular Session 2022,03/29/2022,H,,Joint Rule 11,,,,,
HJR211,Collins,Regular Session 2022,03/29/2022,H,,Introduced and referred to the House of Representatives committee on Rules,RULES,,,,
HJR211,Collins,Regular Session 2022,03/31/2022,H,,Reported from Rules,,,,,
HJR211,Collins,Regular Session 2022,03/31/2022,H,,Jones (M) motion to Adopt adopted Voice Vote,,,,,
HJR211,Collins,Regular Session 2022,03/31/2022,S,,Received in Senate and referred to the Senate committee on Rules,RULES,,,,
HJR211,Collins,Regular Session 2022,04/06/2022,S,,Reported from Rules,,,,,
HJR211,Collins,Regular Session 2022,04/06/2022,S,,Waggoner motion to Concur In and Adopt adopted Voice Vote,,,,,
HJR211,Collins,Regular Session 2022,04/06/2022,H,,Passed Second House,,,,,
HJR211,Collins,Regular Session 2022,04/06/2022,H,,Enrolled,,,,,
HJR211,Collins,Regular Session 2022,04/07/2022,S,,Signature Requested,,,,,
HJR211,Collins,Regular Session 2022,04/07/2022,H,,Clerk of the House Certification,,,,,
HJR211,Collins,Regular Session 2022,,H,,Assigned Act No. 2022-313.,,,,,
HJR211,Collins,Regular Session 2022,,H,,"Delivered to Governor at 9:46 a.m. on April 7, 2022.",,,,,
HR212,Isbell,Regular Session 2022,03/29/2022,H,,Introduced and referred to the House of Representatives committee on Rules,RULES,,,,
HJR213,Isbell,Regular Session 2022,03/29/2022,H,,Introduced and referred to the House of Representatives committee on Rules,RULES,,,,
HR214,Clarke,Regular Session 2022,03/29/2022,H,,Joint Rule 11,,,,,
HJR215,Meadows,Regular Session 2022,03/29/2022,H,,Introduced and referred to the House of Representatives committee on Rules,RULES,,,,
HR216,Rules,Regular Session 2022,03/30/2022,H,,Introduced,,,,,
HR216,Rules,Regular Session 2022,03/30/2022,H,,Jones (M) motion to Adopt adopted Voice Vote,,,,,
HJR217,McCutcheon,Regular Session 2022,03/30/2022,H,,Introduced and referred to the House of Representatives committee on Rules,RULES,,,,
HJR217,McCutcheon,Regular Session 2022,04/05/2022,H,,Reported from Rules,,,,,
HJR217,McCutcheon,Regular Session 2022,04/05/2022,H,,Jones (M) motion to Adopt adopted Voice Vote,,,,,
HJR217,McCutcheon,Regular Session 2022,04/05/2022,S,,Received in Senate and referred to the Senate committee on Rules,RULES,,,,
HJR217,McCutcheon,Regular Session 2022,04/06/2022,S,,Reported from Rules,,,,,
HJR217,McCutcheon,Regular Session 2022,04/06/2022,S,,Waggoner motion to Concur In and Adopt adopted Voice Vote,,,,,
HJR217,McCutcheon,Regular Session 2022,04/06/2022,H,,Passed Second House,,,,,
HJR217,McCutcheon,Regular Session 2022,04/06/2022,H,,Enrolled,,,,,
HJR217,McCutcheon,Regular Session 2022,04/07/2022,S,,Signature Requested,,,,,
HJR217,McCutcheon,Regular Session 2022,04/07/2022,H,,Clerk of the House Certification,,,,,
HJR217,McCutcheon,Regular Session 2022,,H,,Assigned Act No. 2022-314.,,,,,
HJR217,McCutcheon,Regular Session 2022,,H,,"Delivered to Governor at 9:46 a.m. on April 7, 2022.",,,,,
HR218,Jones (M),Regular Session 2022,03/30/2022,H,,Joint Rule 11,,,,,
HR219,McCutcheon,Regular Session 2022,03/30/2022,H,,Joint Rule 11,,,,,
HR220,McCutcheon,Regular Session 2022,03/30/2022,H,,Joint Rule 11,,,,,
HR221,McCutcheon,Regular Session 2022,03/30/2022,H,,Joint Rule 11,,,,,
HR222,McCutcheon,Regular Session 2022,03/30/2022,H,,Joint Rule 11,,,,,
HR223,McCutcheon,Regular Session 2022,03/30/2022,H,,Joint Rule 11,,,,,
HR224,McCutcheon,Regular Session 2022,03/30/2022,H,,Joint Rule 11,,,,,
HR225,McCutcheon,Regular Session 2022,03/30/2022,H,,Joint Rule 11,,,,,
HR226,McCutcheon,Regular Session 2022,03/30/2022,H,,Joint Rule 11,,,,,
HR227,McCutcheon,Regular Session 2022,03/30/2022,H,,Joint Rule 11,,,,,
HR228,McCutcheon,Regular Session 2022,03/30/2022,H,,Joint Rule 11,,,,,
HR229,McCutcheon,Regular Session 2022,03/30/2022,H,,Joint Rule 11,,,,,
HR230,McCutcheon,Regular Session 2022,03/30/2022,H,,Joint Rule 11,,,,,
HR231,McCutcheon,Regular Session 2022,03/30/2022,H,,Joint Rule 11,,,,,
HR232,McCutcheon,Regular Session 2022,03/30/2022,H,,Joint Rule 11,,,,,
HR233,McCutcheon,Regular Session 2022,03/30/2022,H,,Joint Rule 11,,,,,
HR234,McCutcheon,Regular Session 2022,03/30/2022,H,,Joint Rule 11,,,,,
HR235,McCutcheon,Regular Session 2022,03/30/2022,H,,Joint Rule 11,,,,,
HJR236,Lovvorn,Regular Session 2022,03/30/2022,H,,Introduced and referred to the House of Representatives committee on Rules,RULES,,,,
HJR236,Lovvorn,Regular Session 2022,04/05/2022,H,,Reported from Rules,,,,,
HJR236,Lovvorn,Regular Session 2022,04/05/2022,H,,Jones (M) motion to Adopt adopted Voice Vote,,,,,
HJR236,Lovvorn,Regular Session 2022,04/05/2022,S,,Received in Senate and referred to the Senate committee on Rules,RULES,,,,
HJR236,Lovvorn,Regular Session 2022,04/06/2022,S,,Reported from Rules,,,,,
HJR236,Lovvorn,Regular Session 2022,04/06/2022,S,,Waggoner motion to Concur In and Adopt adopted Voice Vote,,,,,
HJR236,Lovvorn,Regular Session 2022,04/06/2022,H,,Passed Second House,,,,,
HJR236,Lovvorn,Regular Session 2022,04/06/2022,H,,Enrolled,,,,,
HJR236,Lovvorn,Regular Session 2022,04/07/2022,S,,Signature Requested,,,,,
HJR236,Lovvorn,Regular Session 2022,04/07/2022,H,,Clerk of the House Certification,,,,,
HJR236,Lovvorn,Regular Session 2022,,H,,Assigned Act No. 2022-315.,,,,,
HJR236,Lovvorn,Regular Session 2022,,H,,"Delivered to Governor at 9:46 a.m. on April 7, 2022.",,,,,
HR237,Clouse,Regular Session 2022,03/30/2022,H,,Joint Rule 11,,,,,
HR238,McCutcheon,Regular Session 2022,03/30/2022,H,,Joint Rule 11,,,,,
HR239,McCutcheon,Regular Session 2022,03/30/2022,H,,Joint Rule 11,,,,,
HJR240,Clouse,Regular Session 2022,03/30/2022,H,,Introduced and referred to the House of Representatives committee on Rules,RULES,,,,
HR241,Clouse,Regular Session 2022,03/30/2022,H,,Introduced and referred to the House of Representatives committee on Rules,RULES,,,,
HR242,Rules,Regular Session 2022,03/31/2022,H,,Introduced,,,,,
HR242,Rules,Regular Session 2022,03/31/2022,H,,Jones (M) motion to Adopt adopted Voice Vote,,,,,
HR243,Shaver,Regular Session 2022,03/31/2022,H,,Joint Rule 11,,,,,
HR244,Gaston,Regular Session 2022,03/31/2022,H,,Joint Rule 11,,,,,
HJR245,Warren,Regular Session 2022,03/31/2022,H,,Introduced,,,,,
HJR245,Warren,Regular Session 2022,03/31/2022,H,,Warren motion to Adopt adopted Voice Vote,,,,,
HJR245,Warren,Regular Session 2022,03/31/2022,H,,MOTION TO SUSPEND RULES ADOPTED,,,,,
HJR245,Warren,Regular Session 2022,04/05/2022,S,,Received in Senate and referred to the Senate committee on Rules,RULES,,,,
HJR245,Warren,Regular Session 2022,04/06/2022,S,,Reported from Rules,,,,,
HJR245,Warren,Regular Session 2022,04/06/2022,S,,Waggoner motion to Concur In and Adopt adopted Voice Vote,,,,,
HJR245,Warren,Regular Session 2022,04/06/2022,H,,Passed Second House,,,,,
HJR245,Warren,Regular Session 2022,04/06/2022,H,,Enrolled,,,,,
HJR245,Warren,Regular Session 2022,04/07/2022,S,,Signature Requested,,,,,
HJR245,Warren,Regular Session 2022,04/07/2022,H,,Clerk of the House Certification,,,,,
HJR245,Warren,Regular Session 2022,,H,,Assigned Act No. 2022-316.,,,,,
HJR245,Warren,Regular Session 2022,,H,,"Delivered to Governor at 9:46 a.m. on April 7, 2022.",,,,,
HR246,Rules,Regular Session 2022,04/05/2022,H,,Introduced,,,,,
HR246,Rules,Regular Session 2022,04/05/2022,H,,Jones (M) motion to Adopt adopted Voice Vote,,,,,
HJR247,Chestnut,Regular Session 2022,04/05/2022,H,,Introduced and referred to the House of Representatives committee on Rules,RULES,,,,
HJR248,Shedd,Regular Session 2022,04/05/2022,H,,Introduced and referred to the House of Representatives committee on Rules,RULES,,,,
HR249,Gaston,Regular Session 2022,04/05/2022,H,,Joint Rule 11,,,,,
HR250,Gaston,Regular Session 2022,04/05/2022,H,,Joint Rule 11,,,,,
HR251,Shedd,Regular Session 2022,04/05/2022,H,,Joint Rule 11,,,,,
HR252,Sanderford,Regular Session 2022,04/05/2022,H,,Joint Rule 11,,,,,
HR253,Sanderford,Regular Session 2022,04/05/2022,H,,Joint Rule 11,,,,,
HR254,Sanderford,Regular Session 2022,04/05/2022,H,,Joint Rule 11,,,,,
HR255,Drummond,Regular Session 2022,04/05/2022,H,,Joint Rule 11,,,,,
HR256,McClammy,Regular Session 2022,04/05/2022,H,,Joint Rule 11,,,,,
HR257,Hall,Regular Session 2022,04/05/2022,H,,Joint Rule 11,,,,,
HR258,Gray,Regular Session 2022,04/05/2022,H,,Joint Rule 11,,,,,
HR259,Brown (K),Regular Session 2022,04/05/2022,H,,Joint Rule 11,,,,,
HR260,Lawrence,Regular Session 2022,04/05/2022,H,,Joint Rule 11,,,,,
HR261,Standridge,Regular Session 2022,04/05/2022,H,,Joint Rule 11,,,,,
HJR262,Coleman,Regular Session 2022,04/05/2022,H,,Introduced and referred to the House of Representatives committee on Rules,RULES,,,,
HR263,Coleman,Regular Session 2022,04/05/2022,H,,Joint Rule 11,,,,,
HR264,Clarke,Regular Session 2022,04/05/2022,H,,Joint Rule 11,,,,,
HR265,McCutcheon,Regular Session 2022,04/05/2022,H,,Joint Rule 11,,,,,
HR266,Clarke,Regular Session 2022,04/05/2022,H,,Joint Rule 11,,,,,
HR267,Rules,Regular Session 2022,04/06/2022,H,,Introduced,,,,,
HR267,Rules,Regular Session 2022,04/06/2022,H,,Jones (M) motion to Adopt adopted Voice Vote,,,,,
HJR268,Isbell,Regular Session 2022,04/06/2022,H,,Introduced and referred to the House of Representatives committee on Rules,RULES,,,,
HR269,Jackson,Regular Session 2022,04/06/2022,H,,Joint Rule 11,,,,,
HJR270,Garrett,Regular Session 2022,04/06/2022,H,,Introduced and referred to the House of Representatives committee on Rules,RULES,,,,
HR271,Garrett,Regular Session 2022,04/06/2022,H,,Joint Rule 11,,,,,
HR272,Hurst,Regular Session 2022,04/06/2022,H,,Joint Rule 11,,,,,
HR273,Stadthagen,Regular Session 2022,04/06/2022,H,,Joint Rule 11,,,,,
HR274,Faust,Regular Session 2022,04/06/2022,H,,Joint Rule 11,,,,,
HR275,Drummond,Regular Session 2022,04/06/2022,H,,Joint Rule 11,,,,,
HR276,Hollis,Regular Session 2022,04/06/2022,H,,Joint Rule 11,,,,,
HR277,Ball,Regular Session 2022,04/06/2022,H,,Joint Rule 11,,,,,
HR278,Standridge,Regular Session 2022,04/06/2022,H,,Joint Rule 11,,,,,
HR279,McCutcheon,Regular Session 2022,04/06/2022,H,,Joint Rule 11,,,,,
HR280,McCutcheon,Regular Session 2022,04/06/2022,H,,Joint Rule 11,,,,,
HR281,Mooney,Regular Session 2022,04/06/2022,H,,Joint Rule 11,,,,,
HJR282,Garrett,Regular Session 2022,04/06/2022,H,,Introduced,,,,,
HJR282,Garrett,Regular Session 2022,04/06/2022,H,,Lovvorn motion to Adopt adopted Voice Vote,,,,,
HJR282,Garrett,Regular Session 2022,04/06/2022,H,,MOTION TO SUSPEND RULES ADOPTED,,,,,
HJR282,Garrett,Regular Session 2022,04/07/2022,S,,Received in Senate,,,,,
HJR282,Garrett,Regular Session 2022,04/07/2022,S,,Reed motion to Concur In and Adopt adopted Voice Vote,,,,,
HJR282,Garrett,Regular Session 2022,04/07/2022,H,,Passed Second House,,,,,
HJR282,Garrett,Regular Session 2022,04/07/2022,H,,Enrolled,,,,,
HJR282,Garrett,Regular Session 2022,04/07/2022,S,,Signature Requested,,,,,
HJR282,Garrett,Regular Session 2022,04/07/2022,H,,Clerk of the House Certification,,,,,
HJR282,Garrett,Regular Session 2022,,H,,Assigned Act No. 2022-319.,,,,,
HJR282,Garrett,Regular Session 2022,,H,,"Delivered to Governor at 9:36 p.m. on April 7, 2022.",,,,,
HJR283,Marques,Regular Session 2022,04/06/2022,H,,Introduced,,,,,
HJR283,Marques,Regular Session 2022,04/06/2022,H,,Jones (M) motion to Adopt adopted Voice Vote,,,,,
HJR283,Marques,Regular Session 2022,04/06/2022,H,,MOTION TO SUSPEND RULES ADOPTED,,,,,
HJR283,Marques,Regular Session 2022,04/07/2022,S,,Received in Senate,,,,,
HJR283,Marques,Regular Session 2022,04/07/2022,S,,Reed motion to Concur In and Adopt adopted Voice Vote,,,,,
HJR283,Marques,Regular Session 2022,04/07/2022,H,,Passed Second House,,,,,
HJR283,Marques,Regular Session 2022,04/07/2022,H,,Enrolled,,,,,
HJR283,Marques,Regular Session 2022,04/07/2022,S,,Signature Requested,,,,,
HJR283,Marques,Regular Session 2022,04/07/2022,H,,Clerk of the House Certification,,,,,
HJR283,Marques,Regular Session 2022,,H,,Assigned Act No. 2022-320.,,,,,
HJR283,Marques,Regular Session 2022,,H,,"Delivered to Governor at 9:36 p.m. on April 7, 2022.",,,,,
HR284,Boyd,Regular Session 2022,04/06/2022,H,,Joint Rule 11,,,,,
HR285,Boyd,Regular Session 2022,04/06/2022,H,,Joint Rule 11,,,,,
HR286,Boyd,Regular Session 2022,04/06/2022,H,,Joint Rule 11,,,,,
HR287,Boyd,Regular Session 2022,04/06/2022,H,,Joint Rule 11,,,,,
HR288,Mooney,Regular Session 2022,04/06/2022,H,,Joint Rule 11,,,,,
HR289,Rules,Regular Session 2022,04/07/2022,H,,Introduced,,,,,
HR289,Rules,Regular Session 2022,04/07/2022,H,220007-1,Rogers  Amendment Offered,,,,,
HR289,Rules,Regular Session 2022,04/07/2022,H,,Motion to Adopt lost Roll Call 955,,,,,Roll 955
HR289,Rules,Regular Session 2022,04/07/2022,H,,Jones (M) motion to Adopt adopted Voice Vote,,,,,
HR290,Mooney,Regular Session 2022,04/07/2022,H,,Joint Rule 11,,,,,
HR291,Mooney,Regular Session 2022,04/07/2022,H,,Joint Rule 11,,,,,
HR292,Mooney,Regular Session 2022,04/07/2022,H,,Joint Rule 11,,,,,
HR293,McCutcheon,Regular Session 2022,04/07/2022,H,,Joint Rule 11,,,,,
HR294,Hall,Regular Session 2022,04/07/2022,H,,Joint Rule 11,,,,,
HR295,Givan,Regular Session 2022,04/07/2022,H,,Joint Rule 11,,,,,
HR296,Hall,Regular Session 2022,04/07/2022,H,,Joint Rule 11,,,,,
HR297,Wadsworth,Regular Session 2022,04/07/2022,H,,Joint Rule 11,,,,,
HR298,Wadsworth,Regular Session 2022,04/07/2022,H,,Joint Rule 11,,,,,
HR299,Sanderford,Regular Session 2022,04/07/2022,H,,Joint Rule 11,,,,,
HR300,Rules,Regular Session 2022,04/07/2022,H,,Introduced,,,,,
HR300,Rules,Regular Session 2022,04/07/2022,H,,Jones (M) motion to Adopt adopted Voice Vote,,,,,
HR301,Howard,Regular Session 2022,04/07/2022,H,,Introduced,,,,,
HR301,Howard,Regular Session 2022,04/07/2022,H,,Howard motion to Adopt adopted Voice Vote,,,,,
HR301,Howard,Regular Session 2022,04/07/2022,H,,MOTION TO SUSPEND RULES ADOPTED,,,,,
SB1,Allen,Regular Session 2022,01/11/2022,S,,Read for the first time and referred to the Senate committee on Judiciary,JUDY,,,,
SB1,Allen,Regular Session 2022,02/02/2022,S,,Read for the second time and placed on the calendar,,4,6,1,
SB1,Allen,Regular Session 2022,04/06/2022,S,,Indefinitely Postponed,,,,,
SB2,Allen,Regular Session 2022,01/11/2022,S,,Read for the first time and referred to the Senate committee on Judiciary,JUDY,,,,
SB2,Allen,Regular Session 2022,02/02/2022,S,,Read for the second time and placed on the calendar  1 amendment,,4,6,,
SB2,Allen,Regular Session 2022,03/08/2022,S,,Third Reading Carried Over,,,,,
SB2,Allen,Regular Session 2022,03/08/2022,S,216922-2,Judiciary  Amendment Offered,,,,,
SB2,Allen,Regular Session 2022,03/08/2022,S,,Allen motion to Table adopted Voice Vote,,,,,
SB2,Allen,Regular Session 2022,03/08/2022,S,217801-1,Allen first Substitute Offered,,,,,
SB2,Allen,Regular Session 2022,03/08/2022,S,,Reed motion to Carry Over adopted Voice Vote,,,,,
SB2,Allen,Regular Session 2022,03/31/2022,S,,Third Reading Passed,,,,,
SB2,Allen,Regular Session 2022,03/31/2022,S,217801-1,Allen second Substitute Offered,,,,,
SB2,Allen,Regular Session 2022,03/31/2022,S,,Allen motion to Table adopted Voice Vote,,,,,
SB2,Allen,Regular Session 2022,03/31/2022,S,219560-1,Allen third Substitute Offered,,,,,
SB2,Allen,Regular Session 2022,03/31/2022,S,,Rules Committee Petition to Cease Debate adopted Roll Call 908,,,,,Roll 908
SB2,Allen,Regular Session 2022,03/31/2022,S,,Allen motion to Adopt adopted Roll Call 909,,,,,Roll 909
SB2,Allen,Regular Session 2022,03/31/2022,S,,Motion to Read a Third Time and Pass adopted Roll Call 910,,,,,Roll 910
SB2,Allen,Regular Session 2022,03/31/2022,H,,Read for the first time and referred to the House of Representatives committee on Public Safety and Homeland Security,PS&HS,,,,
SB2,Allen,Regular Session 2022,04/05/2022,H,,Read for the second time and placed on the calendar  1 amendment,,,,,
SB2,Allen,Regular Session 2022,04/07/2022,H,,Third Reading Passed,,,,,
SB2,Allen,Regular Session 2022,04/07/2022,H,219743-2,Public Safety and Homeland Security  Amendment Offered,,,,,
SB2,Allen,Regular Session 2022,04/07/2022,H,,Standridge motion to Table adopted Roll Call 958,,,,,Roll 958
SB2,Allen,Regular Session 2022,04/07/2022,H,219853-1,Standridge first Substitute Offered,,,,,
SB2,Allen,Regular Session 2022,04/07/2022,H,,Kitchens motion to Previous Question adopted Roll Call 959,,,,,Roll 959
SB2,Allen,Regular Session 2022,04/07/2022,H,,Motion to Adopt adopted Roll Call 960,,,,,Roll 960
SB2,Allen,Regular Session 2022,04/07/2022,H,,Motion to Read a Third Time and Pass adopted Roll Call 961,,,,,Roll 961
SB2,Allen,Regular Session 2022,04/07/2022,H,,"Shedd and Ingram intended to vote ""Yea""",,,,,
SB2,Allen,Regular Session 2022,04/07/2022,S,,Concurrence Requested,,,,,
SB2,Allen,Regular Session 2022,04/07/2022,S,,Reed motion to Concur In and Adopt adopted Roll Call 1065,,,,,Roll 1065
SB2,Allen,Regular Session 2022,04/07/2022,H,,Concurred in Second House Amendment,,,,,
SB2,Allen,Regular Session 2022,04/07/2022,S,,Enrolled,,,,,
SB2,Allen,Regular Session 2022,04/07/2022,H,,Signature Requested,,,,,
SB2,Allen,Regular Session 2022,,S,,Assigned Act No. 2022-323.,,,,,
SB2,Allen,Regular Session 2022,,S,,"Delivered to Governor at 6:15 p.m. on April 7, 2022",,,,,
SB3,Shelnutt,Regular Session 2022,01/11/2022,S,,Read for the first time and referred to the Senate committee on Judiciary,JUDY,,,,
SB4,Beasley,Regular Session 2022,01/11/2022,S,,Read for the first time and referred to the Senate committee on Healthcare,HLTH,,,,
SB4,Beasley,Regular Session 2022,02/02/2022,S,,Reported from Healthcare as Favorable,,0,7,,
SB4,Beasley,Regular Session 2022,02/08/2022,S,,Third Reading Passed,,,,,
SB4,Beasley,Regular Session 2022,02/08/2022,S,,Motion to Read a Third Time and Pass adopted Roll Call 138,,,,,Roll 138
SB4,Beasley,Regular Session 2022,02/08/2022,H,,Read for the first time and referred to the House of Representatives committee on Health,HLTH,,,,
SB4,Beasley,Regular Session 2022,02/16/2022,H,,Read for the second time and placed on the calendar,,,,,
SB4,Beasley,Regular Session 2022,03/02/2022,H,,Third Reading Passed,,,,,
SB4,Beasley,Regular Session 2022,03/02/2022,H,,Motion to Read a Third Time and Pass adopted Roll Call 436,,,,,Roll 436
SB4,Beasley,Regular Session 2022,03/02/2022,H,,"Keil intended to vote ""Yea""",,,,,
SB4,Beasley,Regular Session 2022,03/02/2022,S,,Passed Second House,,,,,
SB4,Beasley,Regular Session 2022,03/03/2022,S,,Enrolled,,,,,
SB4,Beasley,Regular Session 2022,03/03/2022,H,,Signature Requested,,,,,
SB4,Beasley,Regular Session 2022,,S,,Assigned Act No. 2022-129.,,,,,
SB5,Shelnutt,Regular Session 2022,01/11/2022,S,,Read for the first time and referred to the Senate committee on Healthcare,HLTH,,,,
SB6,Coleman-Madison,Regular Session 2022,01/11/2022,S,,Read for the first time and referred to the Senate committee on Judiciary,JUDY,,,,
SB6,Coleman-Madison,Regular Session 2022,03/09/2022,S,,Read for the second time and placed on the calendar with 1 substitute and,,0,7,,
SB6,Coleman-Madison,Regular Session 2022,03/29/2022,S,,Third Reading Passed,,,,,
SB6,Coleman-Madison,Regular Session 2022,03/29/2022,S,216362-3,Judiciary first Substitute Offered,,,,,
SB6,Coleman-Madison,Regular Session 2022,03/29/2022,S,,Coleman-Madison motion to Adopt adopted Roll Call 732,,,,,Roll 732
SB6,Coleman-Madison,Regular Session 2022,03/29/2022,S,,Motion to Read a Third Time and Pass adopted Roll Call 733,,,,,Roll 733
SB6,Coleman-Madison,Regular Session 2022,03/29/2022,S,,Engrossed,,,,,
SB6,Coleman-Madison,Regular Session 2022,03/29/2022,H,,"Read for the first time and referred to the House of Representatives committee on Constitution, Campaigns and Elections",CC&E,,,,
SB6,Coleman-Madison,Regular Session 2022,03/30/2022,H,,Rereferred from CC&E to Judy,JUDY,,,,
SB6,Coleman-Madison,Regular Session 2022,04/06/2022,H,,Read for the second time and placed on the calendar,,,,,
SB6,Coleman-Madison,Regular Session 2022,,H,,Pending third reading on day 29 Favorable from Judiciary,,,,,
SB7,Barfoot,Regular Session 2022,01/11/2022,S,,Read for the first time and referred to the Senate committee on Governmental Affairs,GA,,,,
SB8,Allen,Regular Session 2022,01/11/2022,S,,Read for the first time and referred to the Senate committee on Judiciary,JUDY,,,,
SB9,Elliott,Regular Session 2022,01/11/2022,S,,Read for the first time and referred to the Senate committee on Finance and Taxation General Fund,F&TG,,,,
SB9,Elliott,Regular Session 2022,02/03/2022,S,,Reported from Finance and Taxation General Fund as Favorable,,0,11,0,
SB9,Elliott,Regular Session 2022,02/08/2022,S,,Third Reading Passed,,,,,
SB9,Elliott,Regular Session 2022,02/08/2022,S,,Motion to Read a Third Time and Pass adopted Roll Call 129,,,,,Roll 129
SB9,Elliott,Regular Session 2022,02/08/2022,H,,Read for the first time and referred to the House of Representatives committee on State Government,SG,,,,
SB9,Elliott,Regular Session 2022,02/16/2022,H,,Read for the second time and placed on the calendar,,,,,
SB9,Elliott,Regular Session 2022,02/24/2022,H,,Third Reading Passed,,,,,
SB9,Elliott,Regular Session 2022,02/24/2022,H,,Motion to Read a Third Time and Pass adopted Roll Call 357,,,,,Roll 357
SB9,Elliott,Regular Session 2022,03/01/2022,S,,Passed Second House,,,,,
SB9,Elliott,Regular Session 2022,03/01/2022,H,,Signature Requested,,,,,
SB9,Elliott,Regular Session 2022,03/01/2022,S,,Enrolled,,,,,
SB9,Elliott,Regular Session 2022,,S,,Assigned Act No. 2022-103.,,,,,
SB10,Orr,Regular Session 2022,01/11/2022,S,,Read for the first time and referred to the Senate committee on Judiciary,JUDY,,,,
SB10,Orr,Regular Session 2022,02/16/2022,S,,Read for the second time and placed on the calendar,,3,5,1,
SB10,Orr,Regular Session 2022,04/06/2022,S,,Indefinitely Postponed,,,,,
SB11,Marsh,Regular Session 2022,01/11/2022,S,,Read for the first time and referred to the Senate committee on Finance and Taxation General Fund,F&TG,,,,
SB11,Marsh,Regular Session 2022,02/03/2022,S,,Reported from Finance and Taxation General Fund as Favorable,,0,14,0,
SB11,Marsh,Regular Session 2022,04/06/2022,S,,Indefinitely Postponed,,,,,
SB12,Melson,Regular Session 2022,01/11/2022,S,,Read for the first time and referred to the Senate committee on Judiciary,JUDY,,,,
SB13,Melson,Regular Session 2022,01/11/2022,S,,Read for the first time and referred to the Senate committee on Finance and Taxation Education,F&TE,,,,
SB13,Melson,Regular Session 2022,02/16/2022,S,,Read for the second time and placed on the calendar  1 amendment,,0,10,0,
SB13,Melson,Regular Session 2022,02/23/2022,S,,Third Reading Passed,,,,,
SB13,Melson,Regular Session 2022,02/23/2022,S,217605-2,Finance and Taxation Education  Amendment Offered,,,,,
SB13,Melson,Regular Session 2022,02/23/2022,S,,Melson motion to Table adopted Voice Vote,,,,,
SB13,Melson,Regular Session 2022,02/23/2022,S,,Motion to Read a Third Time and Pass adopted Roll Call 379,,,,,Roll 379
SB13,Melson,Regular Session 2022,02/24/2022,H,,Read for the first time and referred to the House of Representatives committee on Ways and Means Education,W&ME,,,,
SB13,Melson,Regular Session 2022,03/17/2022,H,,Read for the second time and placed on the calendar,,,,,
SB13,Melson,Regular Session 2022,04/06/2022,H,,Third Reading Passed,,,,,
SB13,Melson,Regular Session 2022,04/06/2022,H,219286-1,Kiel  Amendment Offered,,,,,
SB13,Melson,Regular Session 2022,04/06/2022,H,,Motion to Adopt adopted Roll Call 948,,,,,Roll 948
SB13,Melson,Regular Session 2022,04/06/2022,H,,Motion to Read a Third Time and Pass adopted Roll Call 949,,,,,Roll 949
SB13,Melson,Regular Session 2022,04/07/2022,S,,Concurrence Requested,,,,,
SB13,Melson,Regular Session 2022,04/07/2022,S,,Melson motion to Concur In and Adopt adopted Roll Call 1061,,,,,Roll 1061
SB13,Melson,Regular Session 2022,04/07/2022,H,,Concurred in Second House Amendment,,,,,
SB13,Melson,Regular Session 2022,04/07/2022,S,,Enrolled,,,,,
SB13,Melson,Regular Session 2022,04/07/2022,H,,Signature Requested,,,,,
SB13,Melson,Regular Session 2022,,S,,Assigned Act No. 2022-373.,,,,,
SB13,Melson,Regular Session 2022,,S,217605-2,Finance and Taxation Education first Amendment Offered,,,,,
SB14,Melson,Regular Session 2022,01/11/2022,S,,"Read for the first time and referred to the Senate committee on Agriculture, Conservation and Forestry",AC&F,,,,
SB15,Melson,Regular Session 2022,01/11/2022,S,,Read for the first time and referred to the Senate committee on Education Policy,ED,,,,
SB15,Melson,Regular Session 2022,02/02/2022,S,,Read for the second time and placed on the calendar with 1 substitute and,,0,9,,
SB15,Melson,Regular Session 2022,02/09/2022,S,,Third Reading Passed,,,,,
SB15,Melson,Regular Session 2022,02/09/2022,S,216846-2,Education Policy first Substitute Offered,,,,,
SB15,Melson,Regular Session 2022,02/09/2022,S,,Melson motion to Adopt adopted Roll Call 158,,,,,Roll 158
SB15,Melson,Regular Session 2022,02/09/2022,S,,Motion to Read a Third Time and Pass adopted Roll Call 159,,,,,Roll 159
SB15,Melson,Regular Session 2022,02/10/2022,S,,Engrossed,,,,,
SB15,Melson,Regular Session 2022,02/10/2022,H,,Read for the first time and referred to the House of Representatives committee on Education Policy,EP,,,,
SB15,Melson,Regular Session 2022,02/16/2022,H,,Read for the second time and placed on the calendar,,,,,
SB15,Melson,Regular Session 2022,03/03/2022,H,,Third Reading Passed,,,,,
SB15,Melson,Regular Session 2022,03/03/2022,H,,Motion to Read a Third Time and Pass adopted Roll Call 472,,,,,Roll 472
SB15,Melson,Regular Session 2022,03/03/2022,S,,Passed Second House,,,,,
SB15,Melson,Regular Session 2022,03/03/2022,H,,Signature Requested,,,,,
SB15,Melson,Regular Session 2022,03/03/2022,S,,Enrolled,,,,,
SB15,Melson,Regular Session 2022,,S,,Assigned Act No. 2022-80.,,,,,
SB16,Singleton,Regular Session 2022,01/11/2022,S,,Read for the first time and referred to the Senate committee on Finance and Taxation General Fund,F&TG,,,,
SB17,Gudger,Regular Session 2022,01/11/2022,S,,Read for the first time and referred to the Senate committee on Judiciary,JUDY,,,,
SB17,Gudger,Regular Session 2022,01/18/2022,S,,Read for the second time and placed on the calendar,,0,11,,
SB17,Gudger,Regular Session 2022,02/01/2022,S,,Third Reading Passed,,,,,
SB17,Gudger,Regular Session 2022,02/01/2022,S,216785-1,Gudger  Amendment Offered,,,,,
SB17,Gudger,Regular Session 2022,02/01/2022,S,,Gudger motion to Adopt adopted Roll Call 43,,,,,Roll 43
SB17,Gudger,Regular Session 2022,02/01/2022,S,,Motion to Read a Third Time and Pass adopted Roll Call 44,,,,,Roll 44
SB17,Gudger,Regular Session 2022,02/02/2022,S,,Engrossed,,,,,
SB17,Gudger,Regular Session 2022,02/02/2022,H,,"Read for the first time and referred to the House of Representatives committee on Transportation, Utilities and Infrastructure",TU&I,,,,
SB17,Gudger,Regular Session 2022,02/03/2022,H,,Rereferred from TU&I to PS&HS,PS&HS,,,,
SB17,Gudger,Regular Session 2022,02/09/2022,H,,Read for the second time and placed on the calendar,,,,,
SB17,Gudger,Regular Session 2022,02/10/2022,H,,Third Reading Passed,,,,,
SB17,Gudger,Regular Session 2022,02/10/2022,H,,Motion to Read a Third Time and Pass adopted Roll Call 131,,,,,Roll 131
SB17,Gudger,Regular Session 2022,02/10/2022,S,,Passed Second House,,,,,
SB17,Gudger,Regular Session 2022,02/15/2022,S,,Enrolled,,,,,
SB17,Gudger,Regular Session 2022,02/15/2022,H,,Signature Requested,,,,,
SB17,Gudger,Regular Session 2022,,S,,Assigned Act No. 2022-34.,,,,,
SB18,Orr,Regular Session 2022,01/11/2022,S,,Read for the first time and referred to the Senate committee on Finance and Taxation Education,F&TE,,,,
SB18,Orr,Regular Session 2022,01/18/2022,S,,Read for the second time and placed on the calendar  1 amendment,,0,10,0,
SB18,Orr,Regular Session 2022,02/16/2022,S,,Third Reading Passed,,,,,
SB18,Orr,Regular Session 2022,02/16/2022,S,216514-2,Finance and Taxation Education  Amendment Offered,,,,,
SB18,Orr,Regular Session 2022,02/16/2022,S,,Orr motion to Table adopted Voice Vote,,,,,
SB18,Orr,Regular Session 2022,02/16/2022,S,217520-1,Orr first Substitute Offered,,,,,
SB18,Orr,Regular Session 2022,02/16/2022,S,,Orr motion to Adopt adopted Roll Call 303,,,,,Roll 303
SB18,Orr,Regular Session 2022,02/16/2022,S,,Motion to Read a Third Time and Pass adopted Roll Call 304,,,,,Roll 304
SB18,Orr,Regular Session 2022,02/16/2022,S,,Engrossed,,,,,
SB18,Orr,Regular Session 2022,02/16/2022,H,,Read for the first time and referred to the House of Representatives committee on Ways and Means Education,W&ME,,,,
SB19,Orr,Regular Session 2022,01/11/2022,S,,Read for the first time and referred to the Senate committee on Finance and Taxation Education,F&TE,,,,
SB19,Orr,Regular Session 2022,01/18/2022,S,,Read for the second time and placed on the calendar  1 amendment,,0,10,0,
SB19,Orr,Regular Session 2022,02/08/2022,S,,Third Reading Passed,,,,,
SB19,Orr,Regular Session 2022,02/08/2022,S,216214-2,Finance and Taxation Education  Amendment Offered,,,,,
SB19,Orr,Regular Session 2022,02/08/2022,S,,Orr motion to Adopt adopted Roll Call 131,,,,,Roll 131
SB19,Orr,Regular Session 2022,02/08/2022,S,,Motion to Read a Third Time and Pass adopted Roll Call 132,,,,,Roll 132
SB19,Orr,Regular Session 2022,02/08/2022,S,,Engrossed,,,,,
SB19,Orr,Regular Session 2022,02/08/2022,H,,Read for the first time and referred to the House of Representatives committee on Ways and Means Education,W&ME,,,,
SB19,Orr,Regular Session 2022,02/16/2022,H,,Read for the second time and placed on the calendar,,,,,
SB19,Orr,Regular Session 2022,04/07/2022,H,,Third Reading Passed,,,,,
SB19,Orr,Regular Session 2022,04/07/2022,H,,Motion to Read a Third Time and Pass adopted Roll Call 997,,,,,Roll 997
SB19,Orr,Regular Session 2022,04/07/2022,S,,Passed Second House,,,,,
SB19,Orr,Regular Session 2022,04/07/2022,S,,Enrolled,,,,,
SB19,Orr,Regular Session 2022,04/07/2022,H,,Signature Requested,,,,,
SB19,Orr,Regular Session 2022,,S,,Assigned Act No. 2022-292.,,,,,
SB20,Melson,Regular Session 2022,01/11/2022,S,,Read for the first time and referred to the Senate committee on Judiciary,JUDY,,,,
SB21,Price,Regular Session 2022,01/11/2022,S,,Read for the first time and referred to the Senate committee on Local Legislation,LL1,,,,
SB21,Price,Regular Session 2022,02/17/2022,S,,Read for the second time and placed on the calendar,,,,,
SB21,Price,Regular Session 2022,02/22/2022,S,,Third Reading Passed,,,,,
SB21,Price,Regular Session 2022,02/22/2022,S,,Motion to Read a Third Time and Pass adopted Roll Call 347,,,,,Roll 347
SB21,Price,Regular Session 2022,02/22/2022,H,,Read for the first time and referred to the House of Representatives committee on Local Legislation,LL,,,,
SB21,Price,Regular Session 2022,03/10/2022,H,,Read for the second time and placed on the calendar,,,,,
SB21,Price,Regular Session 2022,03/15/2022,H,,Third Reading Passed,,,,,
SB21,Price,Regular Session 2022,03/15/2022,H,,Motion to Read a Third Time and Pass adopted Roll Call 593,,,,,Roll 593
SB21,Price,Regular Session 2022,03/15/2022,S,,Passed Second House,,,,,
SB21,Price,Regular Session 2022,03/15/2022,S,,Enrolled,,,,,
SB21,Price,Regular Session 2022,03/15/2022,H,,Signature Requested,,,,,
SB21,Price,Regular Session 2022,,S,,Assigned Act No. 2022-157.,,,,,
SB22,Price,Regular Session 2022,01/11/2022,S,,Read for the first time and referred to the Senate committee on Tourism,TM,,,,
SB22,Price,Regular Session 2022,01/18/2022,S,,Read for the second time and placed on the calendar,,0,10,,
SB22,Price,Regular Session 2022,02/02/2022,S,,Third Reading Passed,,,,,
SB22,Price,Regular Session 2022,02/02/2022,S,,Motion to Read a Third Time and Pass adopted Roll Call 78,,,,,Roll 78
SB22,Price,Regular Session 2022,02/03/2022,H,,Read for the first time and referred to the House of Representatives committee on Economic Development and Tourism,ED&T,,,,
SB22,Price,Regular Session 2022,02/09/2022,H,,Read for the second time and placed on the calendar,,,,,
SB22,Price,Regular Session 2022,02/15/2022,H,,Third Reading Passed,,,,,
SB22,Price,Regular Session 2022,02/15/2022,H,,Motion to Read a Third Time and Pass adopted Roll Call 152,,,,,Roll 152
SB22,Price,Regular Session 2022,02/15/2022,S,,Passed Second House,,,,,
SB22,Price,Regular Session 2022,02/16/2022,S,,Enrolled,,,,,
SB22,Price,Regular Session 2022,02/16/2022,H,,Signature Requested,,,,,
SB22,Price,Regular Session 2022,,S,,Assigned Act No. 2022-39.,,,,,
SB23,Melson,Regular Session 2022,01/11/2022,S,,Read for the first time and referred to the Senate committee on Judiciary,JUDY,,,,
SB23,Melson,Regular Session 2022,01/18/2022,S,,Read for the second time and placed on the calendar,,0,11,,
SB23,Melson,Regular Session 2022,02/02/2022,S,,Third Reading Passed,,,,,
SB23,Melson,Regular Session 2022,02/02/2022,S,,Motion to Read a Third Time and Pass adopted Roll Call 57,,,,,Roll 57
SB23,Melson,Regular Session 2022,02/03/2022,H,,Read for the first time and referred to the House of Representatives committee on Judiciary,JUDY,,,,
SB23,Melson,Regular Session 2022,02/16/2022,H,,Read for the second time and placed on the calendar,,,,,
SB23,Melson,Regular Session 2022,03/17/2022,H,,Third Reading Passed,,,,,
SB23,Melson,Regular Session 2022,03/17/2022,H,218860-1,Jones (M)  Amendment Offered,,,,,
SB23,Melson,Regular Session 2022,03/17/2022,H,,Motion to Adopt adopted Roll Call 683,,,,,Roll 683
SB23,Melson,Regular Session 2022,03/17/2022,H,,Motion to Read a Third Time and Pass adopted Roll Call 684,,,,,Roll 684
SB23,Melson,Regular Session 2022,,S,,,,,,,
SB24,Butler,Regular Session 2022,01/11/2022,S,,Read for the first time and referred to the Senate committee on Judiciary,JUDY,,,,
SB25,Butler,Regular Session 2022,01/11/2022,S,,Read for the first time and referred to the Senate committee on Veterans and Military Affairs,V&MA,,,,
SB25,Butler,Regular Session 2022,02/15/2022,S,,Rereferred to Committee on Finance and Taxation General Fund,F&TG,,,,
SB26,Butler,Regular Session 2022,01/11/2022,S,,Read for the first time and referred to the Senate committee on Judiciary,JUDY,,,,
SB26,Butler,Regular Session 2022,02/09/2022,S,,Read for the second time and placed on the calendar  1 amendment,,0,9,,
SB26,Butler,Regular Session 2022,02/10/2022,S,,Lost in house of origin,,,,,
SB26,Butler,Regular Session 2022,02/10/2022,S,216881-2,Judiciary  Amendment Offered,,,,,
SB26,Butler,Regular Session 2022,02/10/2022,S,,Butler motion to Adopt adopted Roll Call 195,,,,,Roll 195
SB26,Butler,Regular Session 2022,02/10/2022,S,,Motion to Read a Third Time and Pass lost Roll Call 196,,,,,Roll 196
SB27,Butler,Regular Session 2022,01/11/2022,S,,Read for the first time and referred to the Senate committee on Banking and Insurance,B&I,,,,
SB28,Butler,Regular Session 2022,01/11/2022,S,,Read for the first time and referred to the Senate committee on Veterans and Military Affairs,V&MA,,,,
SB28,Butler,Regular Session 2022,02/02/2022,S,,Read for the second time and placed on the calendar,,0,6,0,
SB28,Butler,Regular Session 2022,02/15/2022,S,,Third Reading Passed,,,,,
SB28,Butler,Regular Session 2022,02/15/2022,S,,Motion to Read a Third Time and Pass adopted Roll Call 238,,,,,Roll 238
SB28,Butler,Regular Session 2022,02/15/2022,H,,Read for the first time and referred to the House of Representatives committee on Military and Veterans Affairs,M&VA,,,,
SB28,Butler,Regular Session 2022,02/23/2022,H,,Read for the second time and placed on the calendar,,,,,
SB28,Butler,Regular Session 2022,02/24/2022,H,,Third Reading Passed,,,,,
SB28,Butler,Regular Session 2022,02/24/2022,H,,Motion to Read a Third Time and Pass adopted Roll Call 314,,,,,Roll 314
SB28,Butler,Regular Session 2022,02/24/2022,S,,Passed Second House,,,,,
SB28,Butler,Regular Session 2022,03/01/2022,S,,Enrolled,,,,,
SB28,Butler,Regular Session 2022,03/01/2022,H,,Signature Requested,,,,,
SB28,Butler,Regular Session 2022,,S,,Assigned Act No. 2022-88.,,,,,
SB29,Butler,Regular Session 2022,01/11/2022,S,,Read for the first time and referred to the Senate committee on Judiciary,JUDY,,,,
SB30,Singleton,Regular Session 2022,01/11/2022,S,,Read for the first time and referred to the Senate committee on Finance and Taxation Education,F&TE,,,,
SB30,Singleton,Regular Session 2022,02/17/2022,S,,Read for the second time and placed on the calendar  1 amendment,,0,11,1,
SB30,Singleton,Regular Session 2022,02/22/2022,S,,Third Reading Passed,,,,,
SB30,Singleton,Regular Session 2022,02/22/2022,S,217859-2,Finance and Taxation Education  Amendment Offered,,,,,
SB30,Singleton,Regular Session 2022,02/22/2022,S,,Singleton motion to Adopt adopted Roll Call 361,,,,,Roll 361
SB30,Singleton,Regular Session 2022,02/22/2022,S,,Motion to Read a Third Time and Pass adopted Roll Call 362,,,,,Roll 362
SB30,Singleton,Regular Session 2022,02/22/2022,S,,Engrossed,,,,,
SB30,Singleton,Regular Session 2022,02/22/2022,H,,Read for the first time and referred to the House of Representatives committee on Ways and Means Education,W&ME,,,,
SB30,Singleton,Regular Session 2022,03/02/2022,H,,Read for the second time and placed on the calendar  1 amendment,,,,,
SB30,Singleton,Regular Session 2022,03/08/2022,H,,Third Reading Passed,,,,,
SB30,Singleton,Regular Session 2022,03/08/2022,H,218285-2,Ways and Means Education  Amendment Offered,,,,,
SB30,Singleton,Regular Session 2022,03/08/2022,H,,Motion to Adopt adopted Roll Call 486,,,,,Roll 486
SB30,Singleton,Regular Session 2022,03/08/2022,H,,Motion to Read a Third Time and Pass adopted Roll Call 487,,,,,Roll 487
SB30,Singleton,Regular Session 2022,03/15/2022,S,,Concurrence Requested,,,,,
SB30,Singleton,Regular Session 2022,03/15/2022,S,,Singleton motion to Concur In and Adopt adopted Roll Call 584,,,,,Roll 584
SB30,Singleton,Regular Session 2022,03/17/2022,H,,Concurred in Second House Amendment,,,,,
SB30,Singleton,Regular Session 2022,03/17/2022,H,,Signature Requested,,,,,
SB30,Singleton,Regular Session 2022,03/17/2022,S,,Enrolled,,,,,
SB30,Singleton,Regular Session 2022,,H,,Assigned Act No. 2022-178.,,,,,
SB30,Singleton,Regular Session 2022,,S,,"Forwarded to Governor on March 17, 2022 at 10:08 a.m. on March 17, 2022",,,,,
SB31,Jones,Regular Session 2022,01/11/2022,S,,"Read for the first time and referred to the Senate committee on Children, Youth and Human Services",CY&HS,,,,
SB31,Jones,Regular Session 2022,01/13/2022,S,,Read for the second time and placed on the calendar,,0,7,0,
SB31,Jones,Regular Session 2022,02/02/2022,S,,Third Reading Passed,,,,,
SB31,Jones,Regular Session 2022,02/02/2022,S,,Motion to Read a Third Time and Pass adopted Roll Call 80,,,,,Roll 80
SB31,Jones,Regular Session 2022,02/03/2022,H,,Read for the first time and referred to the House of Representatives committee on Ways and Means General Fund,W&MGF,,,,
SB31,Jones,Regular Session 2022,04/05/2022,H,,Read for the second time and placed on the calendar  1 amendment,,,,,
SB31,Jones,Regular Session 2022,04/06/2022,H,,Third Reading Passed,,,,,
SB31,Jones,Regular Session 2022,04/06/2022,H,219656-2,Ways and Means General Fund  Amendment Offered,,,,,
SB31,Jones,Regular Session 2022,04/06/2022,H,,Motion to Adopt adopted Roll Call 946,,,,,Roll 946
SB31,Jones,Regular Session 2022,04/06/2022,H,,Motion to Read a Third Time and Pass adopted Roll Call 947,,,,,Roll 947
SB31,Jones,Regular Session 2022,04/07/2022,S,,Concurrence Requested,,,,,
SB31,Jones,Regular Session 2022,04/07/2022,S,,Jones motion to Concur In and Adopt adopted Roll Call 1063,,,,,Roll 1063
SB31,Jones,Regular Session 2022,04/07/2022,H,,Concurred in Second House Amendment,,,,,
SB31,Jones,Regular Session 2022,04/07/2022,S,,Enrolled,,,,,
SB31,Jones,Regular Session 2022,04/07/2022,H,,Signature Requested,,,,,
SB31,Jones,Regular Session 2022,,S,,Assigned Act No. 2022-424.,,,,,
SB32,Jones,Regular Session 2022,01/11/2022,S,,Read for the first time and referred to the Senate committee on Judiciary,JUDY,,,,
SB32,Jones,Regular Session 2022,03/09/2022,S,,Read for the second time and placed on the calendar  1 amendment,,0,7,,
SB32,Jones,Regular Session 2022,,S,,Pending third reading on day 21 Favorable from Judiciary with 1 amendment,,,,,
SB32,Jones,Regular Session 2022,04/06/2022,S,216894-2,Indefinitely Postponed,,,,,
SB33,Jones,Regular Session 2022,01/11/2022,S,,Read for the first time and referred to the Senate committee on Governmental Affairs,GA,,,,
SB33,Jones,Regular Session 2022,01/18/2022,S,,Read for the second time and placed on the calendar  1 amendment,,0,9,,
SB33,Jones,Regular Session 2022,02/02/2022,S,,Third Reading Passed,,,,,
SB33,Jones,Regular Session 2022,02/02/2022,S,216471-2,Governmental Affairs  Amendment Offered,,,,,
SB33,Jones,Regular Session 2022,02/02/2022,S,,Jones motion to Adopt adopted Roll Call 59,,,,,Roll 59
SB33,Jones,Regular Session 2022,02/02/2022,S,,Motion to Read a Third Time and Pass adopted Roll Call 60,,,,,Roll 60
SB33,Jones,Regular Session 2022,02/02/2022,S,,Engrossed,,,,,
SB33,Jones,Regular Session 2022,02/03/2022,H,,Read for the first time and referred to the House of Representatives committee on State Government,SG,,,,
SB33,Jones,Regular Session 2022,02/16/2022,H,,Read for the second time and placed on the calendar,,,,,
SB33,Jones,Regular Session 2022,04/07/2022,H,,Third Reading Passed,,,,,
SB33,Jones,Regular Session 2022,04/07/2022,H,,Motion to Read a Third Time and Pass adopted Roll Call 1012,,,,,Roll 1012
SB33,Jones,Regular Session 2022,04/07/2022,S,,Passed Second House,,,,,
SB33,Jones,Regular Session 2022,04/07/2022,S,,Enrolled,,,,,
SB33,Jones,Regular Session 2022,04/07/2022,H,,Signature Requested,,,,,
SB33,Jones,Regular Session 2022,,S,,Assigned Act No. 2022-378.,,,,,
SB34,Jones,Regular Session 2022,01/11/2022,S,,Read for the first time and referred to the Senate committee on Governmental Affairs,GA,,,,
SB34,Jones,Regular Session 2022,01/18/2022,S,,Read for the second time and placed on the calendar,,0,9,,
SB34,Jones,Regular Session 2022,02/01/2022,S,,Third Reading Passed,,,,,
SB34,Jones,Regular Session 2022,02/01/2022,S,,Motion to Read a Third Time and Pass adopted Roll Call 31,,,,,Roll 31
SB34,Jones,Regular Session 2022,02/02/2022,H,,Read for the first time and referred to the House of Representatives committee on Ways and Means General Fund,W&MGF,,,,
SB34,Jones,Regular Session 2022,02/16/2022,H,,Read for the second time and placed on the calendar,,,,,
SB34,Jones,Regular Session 2022,03/01/2022,H,,Third Reading Passed,,,,,
SB34,Jones,Regular Session 2022,03/01/2022,H,,Motion to Read a Third Time and Pass adopted Roll Call 404,,,,,Roll 404
SB34,Jones,Regular Session 2022,03/01/2022,S,,Passed Second House,,,,,
SB34,Jones,Regular Session 2022,03/02/2022,S,,Enrolled,,,,,
SB34,Jones,Regular Session 2022,03/02/2022,H,,Signature Requested,,,,,
SB34,Jones,Regular Session 2022,,S,,Assigned Act No. 2022-112.,,,,,
SB35,Jones,Regular Session 2022,01/11/2022,S,,Read for the first time and referred to the Senate committee on Judiciary,JUDY,,,,
SB36,Albritton,Regular Session 2022,01/11/2022,S,,Read for the first time and referred to the Senate committee on Governmental Affairs,GA,,,,
SB36,Albritton,Regular Session 2022,01/18/2022,S,,Read for the second time and placed on the calendar  1 amendment,,0,9,,
SB36,Albritton,Regular Session 2022,02/01/2022,S,,Third Reading Passed,,,,,
SB36,Albritton,Regular Session 2022,02/01/2022,S,216503-2,Governmental Affairs  Amendment Offered,,,,,
SB36,Albritton,Regular Session 2022,02/01/2022,S,,Albritton motion to Adopt adopted Roll Call 28,,,,,Roll 28
SB36,Albritton,Regular Session 2022,02/01/2022,S,,Motion to Read a Third Time and Pass adopted Roll Call 29,,,,,Roll 29
SB36,Albritton,Regular Session 2022,02/02/2022,S,,Engrossed,,,,,
SB36,Albritton,Regular Session 2022,02/02/2022,H,,"Read for the first time and referred to the House of Representatives committee on Transportation, Utilities and Infrastructure",TU&I,,,,
SB36,Albritton,Regular Session 2022,02/09/2022,H,,Read for the second time and placed on the calendar,,,,,
SB36,Albritton,Regular Session 2022,02/15/2022,H,,Third Reading Passed,,,,,
SB36,Albritton,Regular Session 2022,02/15/2022,H,,Motion to Read a Third Time and Pass adopted Roll Call 150,,,,,Roll 150
SB36,Albritton,Regular Session 2022,02/15/2022,S,,Passed Second House,,,,,
SB36,Albritton,Regular Session 2022,02/16/2022,S,,Enrolled,,,,,
SB36,Albritton,Regular Session 2022,02/16/2022,H,,Signature Requested,,,,,
SB36,Albritton,Regular Session 2022,,H,,Assigned Act No. 2022-40.,,,,,
SB36,Albritton,Regular Session 2022,,S,,Forwarded to Executive Department,,,,,
SB37,Albritton,Regular Session 2022,01/11/2022,S,,Read for the first time and referred to the Senate committee on Governmental Affairs,GA,,,,
SB37,Albritton,Regular Session 2022,02/02/2022,S,,Rereferred to Committee on Finance and Taxation General Fund,F&TG,,,,
SB37,Albritton,Regular Session 2022,02/23/2022,S,,Read for the second time and placed on the calendar  1 amendment,,0,15,0,
SB37,Albritton,Regular Session 2022,,S,217824-2,Finance and Taxation General Fund first Amendment Offered,,,,,
SB37,Albritton,Regular Session 2022,04/06/2022,S,,Indefinitely Postponed,,,,,
SB38,Jones,Regular Session 2022,01/11/2022,S,,Read for the first time and referred to the Senate committee on Governmental Affairs,GA,,,,
SB38,Jones,Regular Session 2022,03/01/2022,S,,Read for the second time and placed on the calendar with 1 substitute and,,0,9,,
SB38,Jones,Regular Session 2022,03/30/2022,S,,Third Reading Passed,,,,,
SB38,Jones,Regular Session 2022,03/30/2022,S,216691-2,Governmental Affairs first Substitute Offered,,,,,
SB38,Jones,Regular Session 2022,03/30/2022,S,,Jones motion to Adopt adopted Roll Call 804,,,,,Roll 804
SB38,Jones,Regular Session 2022,03/30/2022,S,,Motion to Read a Third Time and Pass adopted Roll Call 805,,,,,Roll 805
SB38,Jones,Regular Session 2022,03/30/2022,S,,Engrossed,,,,,
SB38,Jones,Regular Session 2022,03/30/2022,H,,Read for the first time and referred to the House of Representatives committee on State Government,SG,,,,
SB38,Jones,Regular Session 2022,04/05/2022,H,,Read for the second time and placed on the calendar,,,,,
SB38,Jones,Regular Session 2022,04/07/2022,H,,Lost in second house,,,,,
SB38,Jones,Regular Session 2022,04/07/2022,H,220029-1,Givan  Amendment Offered,,,,,
SB38,Jones,Regular Session 2022,04/07/2022,H,,Wood (D) motion to Table adopted Roll Call 962,,,,,Roll 962
SB38,Jones,Regular Session 2022,04/07/2022,H,220027-1,Lovvorn  Amendment Offered,,,,,
SB38,Jones,Regular Session 2022,04/07/2022,H,,Kitchens motion to Previous Question lost Roll Call 964,,,,,Roll 964
SB38,Jones,Regular Session 2022,04/07/2022,H,,Mooney motion to Table adopted Roll Call 963,,,,,Roll 963
SB38,Jones,Regular Session 2022,04/07/2022,H,,Motion to Read a Third Time and Pass lost Roll Call 966,,,,,Roll 966
SB38,Jones,Regular Session 2022,04/07/2022,H,,Simpson motion to Previous Question adopted Roll Call 965,,,,,Roll 965
SB39,Coleman-Madison,Regular Session 2022,01/11/2022,S,,Read for the first time and referred to the Senate committee on Jefferson County Legislation,LLJ,,,,
SB39,Coleman-Madison,Regular Session 2022,02/23/2022,S,,Read for the second time and placed on the calendar,,0,5,0,
SB39,Coleman-Madison,Regular Session 2022,02/24/2022,S,,Third Reading Passed,,,,,
SB39,Coleman-Madison,Regular Session 2022,02/24/2022,S,,Motion to Read a Third Time and Pass adopted Roll Call 409,,,,,Roll 409
SB39,Coleman-Madison,Regular Session 2022,02/24/2022,H,,Read for the first time and referred to the House of Representatives committee on Jefferson County Legislation,JCL,,,,
SB39,Coleman-Madison,Regular Session 2022,04/06/2022,H,,Read for the second time and placed on the calendar,,,,,
SB39,Coleman-Madison,Regular Session 2022,04/07/2022,H,,Third Reading Passed,,,,,
SB39,Coleman-Madison,Regular Session 2022,04/07/2022,H,220060-1,Alexander  Amendment Offered,,,,,
SB39,Coleman-Madison,Regular Session 2022,04/07/2022,H,,Coleman motion to Table lost Roll Call 1015,,,,,Roll 1015
SB39,Coleman-Madison,Regular Session 2022,04/07/2022,H,,Motion to Adopt adopted Roll Call 1016,,,,,Roll 1016
SB39,Coleman-Madison,Regular Session 2022,04/07/2022,H,,Motion to Read a Third Time and Pass adopted Roll Call 1017,,,,,Roll 1017
SB39,Coleman-Madison,Regular Session 2022,04/07/2022,S,,Concurrence Requested,,,,,
SB39,Coleman-Madison,Regular Session 2022,04/07/2022,S,,Reed motion to Concur In and Adopt adopted Roll Call 1113,,,,,Roll 1113
SB39,Coleman-Madison,Regular Session 2022,04/07/2022,H,,Concurred in Second House Amendment,,,,,
SB39,Coleman-Madison,Regular Session 2022,04/07/2022,S,,Enrolled,,,,,
SB39,Coleman-Madison,Regular Session 2022,04/07/2022,H,,Signature Requested,,,,,
SB39,Coleman-Madison,Regular Session 2022,,S,,Assigned Act No. 2022-411.,,,,,
SB40,Smitherman,Regular Session 2022,01/11/2022,S,,Read for the first time and referred to the Senate committee on Education Policy,ED,,,,
SB40,Smitherman,Regular Session 2022,02/02/2022,S,,Read for the second time and placed on the calendar with 1 substitute and,,0,9,,
SB40,Smitherman,Regular Session 2022,02/09/2022,S,,Third Reading Passed,,,,,
SB40,Smitherman,Regular Session 2022,02/09/2022,S,216841-2,Education Policy first Substitute Offered,,,,,
SB40,Smitherman,Regular Session 2022,02/09/2022,S,,Smitherman motion to Adopt adopted Roll Call 163,,,,,Roll 163
SB40,Smitherman,Regular Session 2022,02/09/2022,S,,Motion to Read a Third Time and Pass adopted Roll Call 164,,,,,Roll 164
SB40,Smitherman,Regular Session 2022,02/10/2022,S,,Engrossed,,,,,
SB40,Smitherman,Regular Session 2022,02/10/2022,H,,Read for the first time and referred to the House of Representatives committee on Ways and Means Education,W&ME,,,,
SB40,Smitherman,Regular Session 2022,03/10/2022,H,,Rereferred from W&ME to EP,EP,,,,
SB41,Smitherman,Regular Session 2022,01/11/2022,S,,Read for the first time and referred to the Senate committee on Fiscal Responsibility and Economic Development,FRED,,,,
SB41,Smitherman,Regular Session 2022,02/02/2022,S,,Read for the second time and placed on the calendar,,0,12,,
SB41,Smitherman,Regular Session 2022,02/08/2022,S,,Third Reading Passed,,,,,
SB41,Smitherman,Regular Session 2022,02/08/2022,S,,Motion to Read a Third Time and Pass adopted Roll Call 134,,,,,Roll 134
SB41,Smitherman,Regular Session 2022,02/08/2022,H,,Read for the first time and referred to the House of Representatives committee on Economic Development and Tourism,ED&T,,,,
SB41,Smitherman,Regular Session 2022,02/23/2022,H,,Read for the second time and placed on the calendar,,,,,
SB41,Smitherman,Regular Session 2022,03/02/2022,H,,Third Reading Passed,,,,,
SB41,Smitherman,Regular Session 2022,03/02/2022,H,,Motion to Read a Third Time and Pass adopted Roll Call 424,,,,,Roll 424
SB41,Smitherman,Regular Session 2022,03/02/2022,H,,"Ingram intended to vote ""Nay""",,,,,
SB41,Smitherman,Regular Session 2022,03/02/2022,S,,Passed Second House,,,,,
SB41,Smitherman,Regular Session 2022,03/03/2022,S,,Enrolled,,,,,
SB41,Smitherman,Regular Session 2022,03/03/2022,H,,Signature Requested,,,,,
SB41,Smitherman,Regular Session 2022,,S,,Assigned Act No. 2022-134.,,,,,
SB42,Elliott,Regular Session 2022,01/11/2022,S,,Read for the first time and referred to the Senate committee on Governmental Affairs,GA,,,,
SB42,Elliott,Regular Session 2022,01/18/2022,S,,Read for the second time and placed on the calendar,,0,9,,
SB42,Elliott,Regular Session 2022,02/01/2022,S,,Third Reading Passed,,,,,
SB42,Elliott,Regular Session 2022,02/01/2022,S,,Motion to Read a Third Time and Pass adopted Roll Call 49,,,,,Roll 49
SB42,Elliott,Regular Session 2022,02/02/2022,H,,Read for the first time and referred to the House of Representatives committee on County and Municipal Government,C&MG,,,,
SB42,Elliott,Regular Session 2022,02/09/2022,H,,Read for the second time and placed on the calendar,,,,,
SB42,Elliott,Regular Session 2022,03/17/2022,H,,Third Reading Passed,,,,,
SB42,Elliott,Regular Session 2022,03/17/2022,H,219222-1,South  Amendment Offered,,,,,
SB42,Elliott,Regular Session 2022,03/17/2022,H,,Motion to Adopt adopted Roll Call 677,,,,,Roll 677
SB42,Elliott,Regular Session 2022,03/17/2022,H,,Motion to Read a Third Time and Pass adopted Roll Call 678,,,,,Roll 678
SB42,Elliott,Regular Session 2022,03/29/2022,S,,Concurrence Requested,,,,,
SB42,Elliott,Regular Session 2022,03/29/2022,S,,Elliott motion to Concur In and Adopt adopted Roll Call 762,,,,,Roll 762
SB42,Elliott,Regular Session 2022,03/29/2022,H,,Concurred in Second House Amendment,,,,,
SB42,Elliott,Regular Session 2022,03/30/2022,S,,Enrolled,,,,,
SB42,Elliott,Regular Session 2022,03/30/2022,H,,Signature Requested,,,,,
SB42,Elliott,Regular Session 2022,,S,,Assigned Act No. 2022-228.,,,,,
SB43,Jones,Regular Session 2022,01/11/2022,S,,Read for the first time and referred to the Senate committee on Finance and Taxation Education,F&TE,,,,
SB44,Jones,Regular Session 2022,01/11/2022,S,,Read for the first time and referred to the Senate committee on Governmental Affairs,GA,,,,
SB44,Jones,Regular Session 2022,03/01/2022,S,,Read for the second time and placed on the calendar  2 amendments,,1,8,,
SB44,Jones,Regular Session 2022,,S,216521-2,Governmental Affairs second Amendment Offered,,,,,
SB44,Jones,Regular Session 2022,,S,,Pending third reading on day 17 Favorable from Governmental Affairs with 2 amendments,,,,,
SB44,Jones,Regular Session 2022,04/06/2022,S,216520-2,Indefinitely Postponed,,,,,
SB45,Chambliss,Regular Session 2022,01/11/2022,S,,Read for the first time and referred to the Senate committee on Finance and Taxation Education,F&TE,,,,
SB46,Chambliss,Regular Session 2022,01/11/2022,S,,Read for the first time and referred to the Senate committee on Governmental Affairs,GA,,,,
SB46,Chambliss,Regular Session 2022,01/18/2022,S,,Read for the second time and placed on the calendar,,0,9,,
SB46,Chambliss,Regular Session 2022,02/02/2022,S,,Third Reading Passed,,,,,
SB46,Chambliss,Regular Session 2022,02/02/2022,S,,Motion to Read a Third Time and Pass adopted Roll Call 64,,,,,Roll 64
SB46,Chambliss,Regular Session 2022,02/03/2022,H,,"Read for the first time and referred to the House of Representatives committee on Constitution, Campaigns and Elections",CC&E,,,,
SB46,Chambliss,Regular Session 2022,02/16/2022,H,,Read for the second time and placed on the calendar  1 amendment,,,,,
SB46,Chambliss,Regular Session 2022,,H,217657-2,"Constitution, Campaigns and Elections first Amendment Offered",,,,,
SB46,Chambliss,Regular Session 2022,,H,,"Pending third reading on day 12 Favorable from Constitution, Campaigns and Elections with 1 amendment",,,,,
SB47,Chambliss,Regular Session 2022,01/11/2022,S,,Read for the first time and referred to the Senate committee on Governmental Affairs,GA,,,,
SB47,Chambliss,Regular Session 2022,01/18/2022,S,,Read for the second time and placed on the calendar,,0,9,,
SB47,Chambliss,Regular Session 2022,02/02/2022,S,,Third Reading Passed,,,,,
SB47,Chambliss,Regular Session 2022,02/02/2022,S,,Motion to Read a Third Time and Pass adopted Roll Call 66,,,,,Roll 66
SB47,Chambliss,Regular Session 2022,02/03/2022,H,,"Read for the first time and referred to the House of Representatives committee on Constitution, Campaigns and Elections",CC&E,,,,
SB47,Chambliss,Regular Session 2022,02/16/2022,H,,Read for the second time and placed on the calendar,,,,,
SB47,Chambliss,Regular Session 2022,,H,,"Pending third reading on day 12 Favorable from Constitution, Campaigns and Elections",,,,,
SB48,Whatley,Regular Session 2022,01/11/2022,S,,Read for the first time and referred to the Senate committee on Judiciary,JUDY,,,,
SB48,Whatley,Regular Session 2022,01/18/2022,S,,Read for the second time and placed on the calendar,,0,11,,
SB48,Whatley,Regular Session 2022,02/01/2022,S,,Third Reading Passed,,,,,
SB48,Whatley,Regular Session 2022,02/01/2022,S,216751-1,Whatley  Amendment Offered,,,,,
SB48,Whatley,Regular Session 2022,02/01/2022,S,,Whatley motion to Adopt adopted Roll Call 46,,,,,Roll 46
SB48,Whatley,Regular Session 2022,02/01/2022,S,,Motion to Read a Third Time and Pass adopted Roll Call 47,,,,,Roll 47
SB48,Whatley,Regular Session 2022,02/02/2022,S,,Engrossed,,,,,
SB48,Whatley,Regular Session 2022,02/02/2022,H,,Read for the first time and referred to the House of Representatives committee on Financial Services,FS,,,,
SB48,Whatley,Regular Session 2022,02/16/2022,H,,Read for the second time and placed on the calendar,,,,,
SB48,Whatley,Regular Session 2022,03/15/2022,H,,Third Reading Passed,,,,,
SB48,Whatley,Regular Session 2022,03/15/2022,H,,Motion to Read a Third Time and Pass adopted Roll Call 623,,,,,Roll 623
SB48,Whatley,Regular Session 2022,03/15/2022,S,,Passed Second House,,,,,
SB48,Whatley,Regular Session 2022,03/17/2022,H,,Signature Requested,,,,,
SB48,Whatley,Regular Session 2022,03/17/2022,S,,Enrolled,,,,,
SB48,Whatley,Regular Session 2022,,S,,Assigned Act No. 2022-179.,,,,,
SB49,Smitherman,Regular Session 2022,01/11/2022,S,,Read for the first time and referred to the Senate committee on Judiciary,JUDY,,,,
SB49,Smitherman,Regular Session 2022,02/02/2022,S,,Read for the second time and placed on the calendar,,0,10,,
SB49,Smitherman,Regular Session 2022,04/06/2022,S,,Indefinitely Postponed,,,,,
SB50,Smitherman,Regular Session 2022,01/11/2022,S,,Read for the first time and referred to the Senate committee on Judiciary,JUDY,,,,
SB51,Smitherman,Regular Session 2022,01/11/2022,S,,Read for the first time and referred to the Senate committee on Finance and Taxation Education,F&TE,,,,
SB51,Smitherman,Regular Session 2022,02/16/2022,S,,Read for the second time and placed on the calendar,,0,10,0,
SB51,Smitherman,Regular Session 2022,03/01/2022,S,,Lost in house of origin,,,,,
SB51,Smitherman,Regular Session 2022,03/01/2022,S,,Motion to Read a Third Time and Pass lost Roll Call 454,,,,,Roll 454
SB52,Chesteen,Regular Session 2022,01/11/2022,S,,Read for the first time and referred to the Senate committee on Governmental Affairs,GA,,,,
SB52,Chesteen,Regular Session 2022,01/18/2022,S,,Read for the second time and placed on the calendar,,0,9,,
SB52,Chesteen,Regular Session 2022,02/01/2022,S,,Third Reading Passed,,,,,
SB52,Chesteen,Regular Session 2022,02/01/2022,S,,Motion to Read a Third Time and Pass adopted Roll Call 41,,,,,Roll 41
SB52,Chesteen,Regular Session 2022,02/02/2022,H,,Read for the first time and referred to the House of Representatives committee on State Government,SG,,,,
SB52,Chesteen,Regular Session 2022,02/16/2022,H,,Read for the second time and placed on the calendar,,,,,
SB52,Chesteen,Regular Session 2022,02/24/2022,H,,Third Reading Passed,,,,,
SB52,Chesteen,Regular Session 2022,02/24/2022,H,,Motion to Read a Third Time and Pass adopted Roll Call 337,,,,,Roll 337
SB52,Chesteen,Regular Session 2022,03/01/2022,S,,Passed Second House,,,,,
SB52,Chesteen,Regular Session 2022,03/01/2022,H,,Signature Requested,,,,,
SB52,Chesteen,Regular Session 2022,03/01/2022,S,,Enrolled,,,,,
SB52,Chesteen,Regular Session 2022,,S,,Assigned Act No. 2022-104.,,,,,
SB53,Allen,Regular Session 2022,01/11/2022,S,,Read for the first time and referred to the Senate committee on Governmental Affairs,GA,,,,
SB53,Allen,Regular Session 2022,02/08/2022,S,,Read for the second time and placed on the calendar,,0,6,2,
SB53,Allen,Regular Session 2022,04/06/2022,S,,Indefinitely Postponed,,,,,
SB54,Allen,Regular Session 2022,01/11/2022,S,,Read for the first time and referred to the Senate committee on Governmental Affairs,GA,,,,
SB54,Allen,Regular Session 2022,02/08/2022,S,,Read for the second time and placed on the calendar,,0,7,1,
SB54,Allen,Regular Session 2022,04/06/2022,S,,Indefinitely Postponed,,,,,
SB55,Allen,Regular Session 2022,01/11/2022,S,,Read for the first time and referred to the Senate committee on Education Policy,ED,,,,
SB56,Orr,Regular Session 2022,01/11/2022,S,,Read for the first time and referred to the Senate committee on Governmental Affairs,GA,,,,
SB56,Orr,Regular Session 2022,01/18/2022,S,,Read for the second time and placed on the calendar,,0,9,,
SB56,Orr,Regular Session 2022,02/01/2022,S,,Third Reading Passed,,,,,
SB56,Orr,Regular Session 2022,02/01/2022,S,,Motion to Read a Third Time and Pass adopted Roll Call 23,,,,,Roll 23
SB56,Orr,Regular Session 2022,02/02/2022,H,,Read for the first time and referred to the House of Representatives committee on Judiciary,JUDY,,,,
SB56,Orr,Regular Session 2022,02/23/2022,H,,Read for the second time and placed on the calendar with 1 substitute and,,,,,
SB56,Orr,Regular Session 2022,03/31/2022,H,,Third Reading Passed,,,,,
SB56,Orr,Regular Session 2022,03/31/2022,H,217323-2,Judiciary first Substitute Offered,,,,,
SB56,Orr,Regular Session 2022,03/31/2022,H,,Motion to Adopt adopted Roll Call 848,,,,,Roll 848
SB56,Orr,Regular Session 2022,03/31/2022,H,,Motion to Read a Third Time and Pass adopted Roll Call 849,,,,,Roll 849
SB56,Orr,Regular Session 2022,04/05/2022,S,,Concurrence Requested,,,,,
SB56,Orr,Regular Session 2022,04/05/2022,S,,Reed motion to Concur In and Adopt adopted Roll Call 940,,,,,Roll 940
SB56,Orr,Regular Session 2022,04/06/2022,S,,Enrolled,,,,,
SB56,Orr,Regular Session 2022,04/05/2022,H,,Concurred in Second House Amendment,,,,,
SB56,Orr,Regular Session 2022,04/06/2022,H,,Signature Requested,,,,,
SB56,Orr,Regular Session 2022,,S,,Assigned Act No. 2022-420.,,,,,
SB57,Orr,Regular Session 2022,01/11/2022,S,,Read for the first time and referred to the Senate committee on Finance and Taxation Education,F&TE,,,,
SB58,Chesteen,Regular Session 2022,01/11/2022,S,,Read for the first time and referred to the Senate committee on Governmental Affairs,GA,,,,
SB58,Chesteen,Regular Session 2022,01/18/2022,S,,Read for the second time and placed on the calendar,,0,9,,
SB58,Chesteen,Regular Session 2022,02/02/2022,S,,Third Reading Passed,,,,,
SB58,Chesteen,Regular Session 2022,02/02/2022,S,,Motion to Read a Third Time and Pass adopted Roll Call 74,,,,,Roll 74
SB58,Chesteen,Regular Session 2022,02/03/2022,H,,Read for the first time and referred to the House of Representatives committee on State Government,SG,,,,
SB59,Singleton,Regular Session 2022,01/11/2022,S,,Read for the first time and referred to the Senate committee on Judiciary,JUDY,,,,
SB59,Singleton,Regular Session 2022,02/01/2022,S,,Read for the second time and placed on the calendar,,0,8,,
SB59,Singleton,Regular Session 2022,02/02/2022,S,,Third Reading Passed,,,,,
SB59,Singleton,Regular Session 2022,02/02/2022,S,,Motion to Read a Third Time and Pass adopted Roll Call 62,,,,,Roll 62
SB59,Singleton,Regular Session 2022,02/03/2022,H,,Read for the first time and referred to the House of Representatives committee on Ways and Means General Fund,W&MGF,,,,
SB59,Singleton,Regular Session 2022,02/23/2022,H,,Read for the second time and placed on the calendar,,,,,
SB59,Singleton,Regular Session 2022,03/17/2022,H,,Third Reading Passed,,,,,
SB59,Singleton,Regular Session 2022,03/17/2022,H,,Motion to Read a Third Time and Pass adopted Roll Call 688,,,,,Roll 688
SB59,Singleton,Regular Session 2022,03/17/2022,H,,"Hurst intended to vote ""Yea""",,,,,
SB59,Singleton,Regular Session 2022,03/29/2022,S,,Passed Second House,,,,,
SB59,Singleton,Regular Session 2022,03/29/2022,H,,Signature Requested,,,,,
SB59,Singleton,Regular Session 2022,03/29/2022,S,,Enrolled,,,,,
SB59,Singleton,Regular Session 2022,,S,,Assigned Act No. 2022-248.,,,,,
SB60,Singleton,Regular Session 2022,01/11/2022,S,,Read for the first time and referred to the Senate committee on Governmental Affairs,GA,,,,
SB61,Scofield,Regular Session 2022,01/11/2022,S,,Read for the first time and referred to the Senate committee on Local Legislation,LL1,,,,
SB61,Scofield,Regular Session 2022,02/15/2022,S,,Read for the second time and placed on the calendar,,,,,
SB61,Scofield,Regular Session 2022,02/16/2022,S,,Third Reading Passed,,,,,
SB61,Scofield,Regular Session 2022,02/16/2022,S,,Motion to Read a Third Time and Pass adopted Roll Call 278,,,,,Roll 278
SB61,Scofield,Regular Session 2022,02/16/2022,H,,Read for the first time and referred to the House of Representatives committee on Local Legislation,LL,,,,
SB61,Scofield,Regular Session 2022,03/02/2022,H,,Read for the second time and placed on the calendar,,,,,
SB61,Scofield,Regular Session 2022,03/03/2022,H,,Third Reading Passed,,,,,
SB61,Scofield,Regular Session 2022,03/03/2022,H,,Motion to Read a Third Time and Pass adopted Roll Call 443,,,,,Roll 443
SB61,Scofield,Regular Session 2022,03/03/2022,S,,Passed Second House,,,,,
SB61,Scofield,Regular Session 2022,03/03/2022,H,,Signature Requested,,,,,
SB61,Scofield,Regular Session 2022,03/03/2022,S,,Enrolled,,,,,
SB61,Scofield,Regular Session 2022,,S,,Assigned Act No. 2022-121.,,,,,
SB62,Scofield,Regular Session 2022,01/11/2022,S,,Read for the first time and referred to the Senate committee on Local Legislation,LL1,,,,
SB62,Scofield,Regular Session 2022,02/15/2022,S,,Read for the second time and placed on the calendar,,,,,
SB62,Scofield,Regular Session 2022,02/16/2022,S,,Third Reading Passed,,,,,
SB62,Scofield,Regular Session 2022,02/16/2022,S,,Motion to Read a Third Time and Pass adopted Roll Call 280,,,,,Roll 280
SB62,Scofield,Regular Session 2022,02/16/2022,H,,Read for the first time and referred to the House of Representatives committee on Local Legislation,LL,,,,
SB62,Scofield,Regular Session 2022,02/23/2022,H,,Read for the second time and placed on the calendar,,,,,
SB62,Scofield,Regular Session 2022,02/24/2022,H,,Third Reading Passed,,,,,
SB62,Scofield,Regular Session 2022,02/24/2022,H,,Motion to Read a Third Time and Pass adopted Roll Call 297,,,,,Roll 297
SB62,Scofield,Regular Session 2022,02/24/2022,S,,Passed Second House,,,,,
SB62,Scofield,Regular Session 2022,03/01/2022,S,,Enrolled,,,,,
SB62,Scofield,Regular Session 2022,03/01/2022,H,,Signature Requested,,,,,
SB62,Scofield,Regular Session 2022,,S,,Assigned Act No. 2022-101.,,,,,
SB63,Coleman-Madison,Regular Session 2022,01/11/2022,S,,Read for the first time and referred to the Senate committee on Banking and Insurance,B&I,,,,
SB64,Chambliss,Regular Session 2022,01/11/2022,S,,Read for the first time and referred to the Senate committee on Governmental Affairs,GA,,,,
SB64,Chambliss,Regular Session 2022,01/18/2022,S,,Read for the second time and placed on the calendar  1 amendment,,1,7,1,
SB64,Chambliss,Regular Session 2022,02/01/2022,S,,Third Reading Passed,,,,,
SB64,Chambliss,Regular Session 2022,02/01/2022,S,216384-2,Governmental Affairs  Amendment Offered,,,,,
SB64,Chambliss,Regular Session 2022,02/01/2022,S,,Chambliss motion to Adopt adopted Roll Call 25,,,,,Roll 25
SB64,Chambliss,Regular Session 2022,02/01/2022,S,,Motion to Read a Third Time and Pass adopted Roll Call 26,,,,,Roll 26
SB64,Chambliss,Regular Session 2022,02/02/2022,S,,Engrossed,,,,,
SB64,Chambliss,Regular Session 2022,02/02/2022,H,,Read for the first time and referred to the House of Representatives committee on Economic Development and Tourism,ED&T,,,,
SB64,Chambliss,Regular Session 2022,02/09/2022,H,,Read for the second time and placed on the calendar,,,,,
SB64,Chambliss,Regular Session 2022,02/16/2022,H,,Third Reading Passed,,,,,
SB64,Chambliss,Regular Session 2022,02/16/2022,H,,Motion to Read a Third Time and Pass adopted Roll Call 193,,,,,Roll 193
SB64,Chambliss,Regular Session 2022,02/16/2022,H,,"Hurst intended to vote ""Yea""",,,,,
SB64,Chambliss,Regular Session 2022,02/17/2022,S,,Passed Second House,,,,,
SB64,Chambliss,Regular Session 2022,02/17/2022,H,,Signature Requested,,,,,
SB64,Chambliss,Regular Session 2022,02/17/2022,S,,Enrolled,,,,,
SB64,Chambliss,Regular Session 2022,,S,,Assigned Act No. 2022-50.,,,,,
SB64,Chambliss,Regular Session 2022,,S,,"Forwarded to Governor on February 17, 2022 at 10:10 a.m. on February 17, 2022",,,,,
SB65,Chambliss,Regular Session 2022,01/11/2022,S,,Read for the first time and referred to the Senate committee on Governmental Affairs,GA,,,,
SB66,Chambliss,Regular Session 2022,01/11/2022,S,,Read for the first time and referred to the Senate committee on Judiciary,JUDY,,,,
SB66,Chambliss,Regular Session 2022,02/09/2022,S,,Read for the second time and placed on the calendar,,0,11,,
SB66,Chambliss,Regular Session 2022,02/15/2022,S,,Third Reading Passed,,,,,
SB66,Chambliss,Regular Session 2022,02/15/2022,S,,Motion to Read a Third Time and Pass adopted Roll Call 252,,,,,Roll 252
SB66,Chambliss,Regular Session 2022,02/15/2022,H,,Read for the first time and referred to the House of Representatives committee on Judiciary,JUDY,,,,
SB66,Chambliss,Regular Session 2022,03/09/2022,H,,Read for the second time and placed on the calendar  1 amendment,,,,,
SB66,Chambliss,Regular Session 2022,04/07/2022,H,,Third Reading Passed,,,,,
SB66,Chambliss,Regular Session 2022,04/07/2022,H,218291-2,Judiciary  Amendment Offered,,,,,
SB66,Chambliss,Regular Session 2022,04/07/2022,H,,Hill motion to Table adopted Roll Call 990,,,,,Roll 990
SB66,Chambliss,Regular Session 2022,04/07/2022,H,,Motion to Read a Third Time and Pass adopted Roll Call 991,,,,,Roll 991
SB66,Chambliss,Regular Session 2022,04/07/2022,S,,Passed Second House,,,,,
SB66,Chambliss,Regular Session 2022,04/07/2022,S,,Enrolled,,,,,
SB66,Chambliss,Regular Session 2022,04/07/2022,H,,Signature Requested,,,,,
SB66,Chambliss,Regular Session 2022,,S,,,,,,,
SB66,Chambliss,Regular Session 2022,,S,,Assigned Act No. 2022-409.,,,,,
SB67,Chambliss,Regular Session 2022,01/11/2022,S,,Read for the first time and referred to the Senate committee on Transportation and Energy,T&E,,,,
SB67,Chambliss,Regular Session 2022,02/09/2022,S,,Read for the second time and placed on the calendar,,0,11,,
SB67,Chambliss,Regular Session 2022,02/16/2022,S,,Third Reading Passed,,,,,
SB67,Chambliss,Regular Session 2022,02/16/2022,S,,Motion to Read a Third Time and Pass adopted Roll Call 314,,,,,Roll 314
SB67,Chambliss,Regular Session 2022,02/16/2022,H,,Read for the first time and referred to the House of Representatives committee on Ways and Means General Fund,W&MGF,,,,
SB67,Chambliss,Regular Session 2022,02/23/2022,H,,Read for the second time and placed on the calendar,,,,,
SB67,Chambliss,Regular Session 2022,03/03/2022,H,,Third Reading Passed,,,,,
SB67,Chambliss,Regular Session 2022,03/03/2022,H,,Motion to Read a Third Time and Pass adopted Roll Call 474,,,,,Roll 474
SB67,Chambliss,Regular Session 2022,03/03/2022,S,,Passed Second House,,,,,
SB67,Chambliss,Regular Session 2022,03/03/2022,S,,Enrolled,,,,,
SB67,Chambliss,Regular Session 2022,03/03/2022,H,,Signature Requested,,,,,
SB67,Chambliss,Regular Session 2022,,S,,Assigned Act No. 2022-122.,,,,,
SB68,Allen,Regular Session 2022,01/11/2022,S,,Read for the first time and referred to the Senate committee on Governmental Affairs,GA,,,,
SB68,Allen,Regular Session 2022,01/18/2022,S,,Read for the second time and placed on the calendar,,0,9,,
SB68,Allen,Regular Session 2022,02/01/2022,S,,Third Reading Passed,,,,,
SB68,Allen,Regular Session 2022,02/01/2022,S,,Motion to Read a Third Time and Pass adopted Roll Call 51,,,,,Roll 51
SB68,Allen,Regular Session 2022,02/02/2022,H,,"Read for the first time and referred to the House of Representatives committee on Transportation, Utilities and Infrastructure",TU&I,,,,
SB68,Allen,Regular Session 2022,02/09/2022,H,,Read for the second time and placed on the calendar,,,,,
SB68,Allen,Regular Session 2022,02/15/2022,H,,Third Reading Passed,,,,,
SB68,Allen,Regular Session 2022,02/15/2022,H,,Motion to Read a Third Time and Pass adopted Roll Call 134,,,,,Roll 134
SB68,Allen,Regular Session 2022,02/15/2022,S,,Passed Second House,,,,,
SB68,Allen,Regular Session 2022,02/15/2022,S,,Enrolled,,,,,
SB68,Allen,Regular Session 2022,02/15/2022,H,,Signature Requested,,,,,
SB68,Allen,Regular Session 2022,,S,,Assigned Act No. 2022-35.,,,,,
SB69,Allen,Regular Session 2022,01/11/2022,S,,Read for the first time and referred to the Senate committee on Governmental Affairs,GA,,,,
SB70,Smitherman,Regular Session 2022,01/11/2022,S,,Read for the first time and referred to the Senate committee on Judiciary,JUDY,,,,
SB71,Chambliss,Regular Session 2022,01/11/2022,S,,Read for the first time and referred to the Senate committee on Fiscal Responsibility and Economic Development,FRED,,,,
SB71,Chambliss,Regular Session 2022,02/09/2022,S,,Read for the second time and placed on the calendar  1 amendment,,0,11,,
SB71,Chambliss,Regular Session 2022,02/17/2022,S,,Third Reading Passed,,,,,
SB71,Chambliss,Regular Session 2022,02/17/2022,S,217254-2,Fiscal Responsibility and Economic Development  Amendment Offered,,,,,
SB71,Chambliss,Regular Session 2022,02/17/2022,S,,Chambliss motion to Adopt adopted Roll Call 333,,,,,Roll 333
SB71,Chambliss,Regular Session 2022,02/17/2022,S,,Motion to Read a Third Time and Pass adopted Roll Call 334,,,,,Roll 334
SB71,Chambliss,Regular Session 2022,02/17/2022,H,,Read for the first time and referred to the House of Representatives committee on County and Municipal Government,C&MG,,,,
SB71,Chambliss,Regular Session 2022,02/17/2022,S,,Engrossed,,,,,
SB71,Chambliss,Regular Session 2022,02/23/2022,H,,Read for the second time and placed on the calendar,,,,,
SB71,Chambliss,Regular Session 2022,04/06/2022,H,,Third Reading Passed,,,,,
SB71,Chambliss,Regular Session 2022,04/06/2022,H,,Motion to Read a Third Time and Pass adopted Roll Call 945,,,,,Roll 945
SB71,Chambliss,Regular Session 2022,04/06/2022,S,,Passed Second House,,,,,
SB71,Chambliss,Regular Session 2022,04/06/2022,S,,Enrolled,,,,,
SB71,Chambliss,Regular Session 2022,04/06/2022,H,,Signature Requested,,,,,
SB71,Chambliss,Regular Session 2022,,S,,Assigned Act No. 2022-356.,,,,,
SB72,Williams,Regular Session 2022,01/13/2022,S,,Read for the first time and referred to the Senate committee on Governmental Affairs,GA,,,,
SB72,Williams,Regular Session 2022,01/18/2022,S,,Read for the second time and placed on the calendar,,0,9,,
SB72,Williams,Regular Session 2022,02/01/2022,S,,Third Reading Passed,,,,,
SB72,Williams,Regular Session 2022,02/01/2022,S,,Motion to Read a Third Time and Pass adopted Roll Call 33,,,,,Roll 33
SB72,Williams,Regular Session 2022,02/02/2022,H,,Read for the first time and referred to the House of Representatives committee on State Government,SG,,,,
SB72,Williams,Regular Session 2022,03/09/2022,H,,Read for the second time and placed on the calendar,,,,,
SB72,Williams,Regular Session 2022,03/17/2022,H,,Third Reading Passed,,,,,
SB72,Williams,Regular Session 2022,03/17/2022,H,218844-1,Wilcox  Amendment Offered,,,,,
SB72,Williams,Regular Session 2022,03/17/2022,H,,Motion to Adopt adopted Roll Call 680,,,,,Roll 680
SB72,Williams,Regular Session 2022,03/17/2022,H,,Motion to Read a Third Time and Pass adopted Roll Call 681,,,,,Roll 681
SB72,Williams,Regular Session 2022,03/29/2022,S,,Concurrence Requested,,,,,
SB72,Williams,Regular Session 2022,03/29/2022,S,,Reed motion to Concur In and Adopt adopted Roll Call 763,,,,,Roll 763
SB72,Williams,Regular Session 2022,03/29/2022,H,,Concurred in Second House Amendment,,,,,
SB72,Williams,Regular Session 2022,03/30/2022,S,,Enrolled,,,,,
SB72,Williams,Regular Session 2022,03/30/2022,H,,Signature Requested,,,,,
SB72,Williams,Regular Session 2022,,S,,Assigned Act No. 2022-264.,,,,,
SB73,Williams,Regular Session 2022,01/13/2022,S,,Read for the first time and referred to the Senate committee on Banking and Insurance,B&I,,,,
SB73,Williams,Regular Session 2022,03/09/2022,S,,Read for the second time and placed on the calendar  1 amendment,,0,13,,
SB73,Williams,Regular Session 2022,,S,218763-2,Banking and Insurance first Amendment Offered,,,,,
SB73,Williams,Regular Session 2022,04/06/2022,S,,Indefinitely Postponed,,,,,
SB74,Barfoot,Regular Session 2022,01/13/2022,S,,Read for the first time and referred to the Senate committee on Finance and Taxation General Fund,F&TG,,,,
SB75,Barfoot,Regular Session 2022,01/13/2022,S,,Read for the first time and referred to the Senate committee on Judiciary,JUDY,,,,
SB75,Barfoot,Regular Session 2022,02/09/2022,S,,Read for the second time and placed on the calendar,,0,11,,
SB75,Barfoot,Regular Session 2022,02/16/2022,S,,Third Reading Passed,,,,,
SB75,Barfoot,Regular Session 2022,02/16/2022,S,217654-1,Barfoot  Amendment Offered,,,,,
SB75,Barfoot,Regular Session 2022,02/16/2022,S,,Barfoot motion to Adopt adopted Roll Call 306,,,,,Roll 306
SB75,Barfoot,Regular Session 2022,02/16/2022,S,,Motion to Read a Third Time and Pass adopted Roll Call 307,,,,,Roll 307
SB75,Barfoot,Regular Session 2022,02/17/2022,S,,Engrossed,,,,,
SB75,Barfoot,Regular Session 2022,02/17/2022,H,,Read for the first time and referred to the House of Representatives committee on Judiciary,JUDY,,,,
SB75,Barfoot,Regular Session 2022,03/02/2022,H,,Read for the second time and placed on the calendar,,,,,
SB75,Barfoot,Regular Session 2022,03/03/2022,H,,Third Reading Passed,,,,,
SB75,Barfoot,Regular Session 2022,03/03/2022,H,,Motion to Read a Third Time and Pass adopted Roll Call 468,,,,,Roll 468
SB75,Barfoot,Regular Session 2022,03/03/2022,S,,Passed Second House,,,,,
SB75,Barfoot,Regular Session 2022,03/03/2022,S,,Enrolled,,,,,
SB75,Barfoot,Regular Session 2022,03/03/2022,H,,Signature Requested,,,,,
SB75,Barfoot,Regular Session 2022,,S,,Assigned Act No. 2022-123.,,,,,
SB76,Givhan,Regular Session 2022,01/13/2022,S,,Read for the first time and referred to the Senate committee on Judiciary,JUDY,,,,
SB77,Givhan,Regular Session 2022,01/13/2022,S,,Read for the first time and referred to the Senate committee on Governmental Affairs,GA,,,,
SB77,Givhan,Regular Session 2022,01/18/2022,S,,Read for the second time and placed on the calendar,,0,9,,
SB77,Givhan,Regular Session 2022,02/01/2022,S,,Third Reading Passed,,,,,
SB77,Givhan,Regular Session 2022,02/01/2022,S,,Motion to Read a Third Time and Pass adopted Roll Call 39,,,,,Roll 39
SB77,Givhan,Regular Session 2022,02/02/2022,H,,Read for the first time and referred to the House of Representatives committee on State Government,SG,,,,
SB77,Givhan,Regular Session 2022,02/09/2022,H,,Read for the second time and placed on the calendar,,,,,
SB77,Givhan,Regular Session 2022,03/01/2022,H,,Third Reading Passed,,,,,
SB77,Givhan,Regular Session 2022,03/01/2022,H,,Motion to Read a Third Time and Pass adopted Roll Call 406,,,,,Roll 406
SB77,Givhan,Regular Session 2022,03/01/2022,S,,Passed Second House,,,,,
SB77,Givhan,Regular Session 2022,03/02/2022,S,,Enrolled,,,,,
SB77,Givhan,Regular Session 2022,03/02/2022,H,,Signature Requested,,,,,
SB77,Givhan,Regular Session 2022,,S,,Assigned Act No. 2022-113.,,,,,
SB78,Smitherman,Regular Session 2022,01/13/2022,S,,Read for the first time and referred to the Senate committee on Education Policy,ED,,,,
SB79,Smitherman,Regular Session 2022,01/13/2022,S,,Read for the first time and referred to the Senate committee on Education Policy,ED,,,,
SB79,Smitherman,Regular Session 2022,02/09/2022,S,,Read for the second time and placed on the calendar  1 amendment,,0,11,,
SB79,Smitherman,Regular Session 2022,02/16/2022,S,,Third Reading Passed,,,,,
SB79,Smitherman,Regular Session 2022,02/16/2022,S,217343-2,Education Policy  Amendment Offered,,,,,
SB79,Smitherman,Regular Session 2022,02/16/2022,S,,Smitherman motion to Adopt adopted Roll Call 311,,,,,Roll 311
SB79,Smitherman,Regular Session 2022,02/16/2022,S,,Motion to Read a Third Time and Pass adopted Roll Call 312,,,,,Roll 312
SB79,Smitherman,Regular Session 2022,02/16/2022,S,,Engrossed,,,,,
SB79,Smitherman,Regular Session 2022,02/16/2022,H,,Read for the first time and referred to the House of Representatives committee on Education Policy,EP,,,,
SB80,Butler,Regular Session 2022,01/13/2022,S,,Read for the first time and referred to the Senate committee on Veterans and Military Affairs,V&MA,,,,
SB81,Chesteen,Regular Session 2022,01/13/2022,S,,Read for the first time and referred to the Senate committee on Governmental Affairs,GA,,,,
SB81,Chesteen,Regular Session 2022,01/18/2022,S,,Read for the second time and placed on the calendar,,0,9,,
SB81,Chesteen,Regular Session 2022,02/02/2022,S,,Third Reading Passed,,,,,
SB81,Chesteen,Regular Session 2022,02/02/2022,S,,Motion to Read a Third Time and Pass adopted Roll Call 76,,,,,Roll 76
SB81,Chesteen,Regular Session 2022,02/03/2022,H,,"Read for the first time and referred to the House of Representatives committee on Boards, Agencies and Commissions",BA&C,,,,
SB81,Chesteen,Regular Session 2022,02/15/2022,H,,Rereferred from BA&C to SG,SG,,,,
SB81,Chesteen,Regular Session 2022,03/30/2022,H,,Read for the second time and placed on the calendar,,,,,
SB81,Chesteen,Regular Session 2022,04/07/2022,H,,Third Reading Passed,,,,,
SB81,Chesteen,Regular Session 2022,04/07/2022,H,,Motion to Read a Third Time and Pass adopted Roll Call 999,,,,,Roll 999
SB81,Chesteen,Regular Session 2022,04/07/2022,S,,Passed Second House,,,,,
SB81,Chesteen,Regular Session 2022,04/07/2022,S,,Enrolled,,,,,
SB81,Chesteen,Regular Session 2022,04/07/2022,H,,Signature Requested,,,,,
SB81,Chesteen,Regular Session 2022,,S,,Assigned Act No. 2022-410.,,,,,
SB82,Givhan,Regular Session 2022,01/13/2022,S,,Read for the first time and referred to the Senate committee on Judiciary,JUDY,,,,
SB82,Givhan,Regular Session 2022,02/23/2022,S,,Read for the second time and placed on the calendar,,0,9,,
SB82,Givhan,Regular Session 2022,03/17/2022,S,,Third Reading Carried Over,,,,,
SB82,Givhan,Regular Session 2022,03/17/2022,S,,Givhan motion to Carry Over adopted Voice Vote,,,,,
SB82,Givhan,Regular Session 2022,04/06/2022,S,,Indefinitely Postponed,,,,,
SB83,Melson,Regular Session 2022,01/13/2022,S,,Read for the first time and referred to the Senate committee on Fiscal Responsibility and Economic Development,FRED,,,,
SB83,Melson,Regular Session 2022,02/02/2022,S,,Read for the second time and placed on the calendar,,0,12,,
SB83,Melson,Regular Session 2022,02/08/2022,S,,Third Reading Passed,,,,,
SB83,Melson,Regular Session 2022,02/08/2022,S,,Motion to Read a Third Time and Pass adopted Roll Call 141,,,,,Roll 141
SB83,Melson,Regular Session 2022,02/08/2022,H,,Read for the first time and referred to the House of Representatives committee on Ways and Means General Fund,W&MGF,,,,
SB83,Melson,Regular Session 2022,02/23/2022,H,,Read for the second time and placed on the calendar  1 amendment,,,,,
SB83,Melson,Regular Session 2022,03/09/2022,H,,Third Reading Passed,,,,,
SB83,Melson,Regular Session 2022,03/09/2022,H,217728-2,Ways and Means General Fund  Amendment Offered,,,,,
SB83,Melson,Regular Session 2022,03/09/2022,H,,Motion to Adopt adopted Roll Call 512,,,,,Roll 512
SB83,Melson,Regular Session 2022,03/09/2022,H,,Motion to Read a Third Time and Pass adopted Roll Call 513,,,,,Roll 513
SB83,Melson,Regular Session 2022,03/15/2022,S,,Concurrence Requested,,,,,
SB83,Melson,Regular Session 2022,03/15/2022,S,,Melson motion to Concur In and Adopt adopted Roll Call 585,,,,,Roll 585
SB83,Melson,Regular Session 2022,03/17/2022,H,,Concurred in Second House Amendment,,,,,
SB83,Melson,Regular Session 2022,03/17/2022,H,,Signature Requested,,,,,
SB83,Melson,Regular Session 2022,03/17/2022,S,,Enrolled,,,,,
SB83,Melson,Regular Session 2022,,S,,Assigned Act No. 2022-180.,,,,,
SB84,Chesteen,Regular Session 2022,01/13/2022,S,,Read for the first time and referred to the Senate committee on Governmental Affairs,GA,,,,
SB84,Chesteen,Regular Session 2022,01/18/2022,S,,Read for the second time and placed on the calendar,,0,9,,
SB84,Chesteen,Regular Session 2022,02/01/2022,S,,Third Reading Passed,,,,,
SB84,Chesteen,Regular Session 2022,02/01/2022,S,,Motion to Read a Third Time and Pass adopted Roll Call 35,,,,,Roll 35
SB84,Chesteen,Regular Session 2022,02/02/2022,H,,Read for the first time and referred to the House of Representatives committee on State Government,SG,,,,
SB84,Chesteen,Regular Session 2022,03/30/2022,H,,Read for the second time and placed on the calendar,,,,,
SB84,Chesteen,Regular Session 2022,,H,,Pending third reading on day 26 Favorable from State Government,,,,,
SB85,Elliott,Regular Session 2022,01/13/2022,S,,Read for the first time and referred to the Senate committee on Finance and Taxation Education,F&TE,,,,
SB86,Stutts,Regular Session 2022,01/13/2022,S,,Read for the first time and referred to the Senate committee on Governmental Affairs,GA,,,,
SB86,Stutts,Regular Session 2022,02/08/2022,S,,Read for the second time and placed on the calendar  1 amendment,,0,8,,
SB86,Stutts,Regular Session 2022,,S,217256-2,Governmental Affairs first Amendment Offered,,,,,
SB86,Stutts,Regular Session 2022,04/06/2022,S,,Indefinitely Postponed,,,,,
SB87,Stutts,Regular Session 2022,01/13/2022,S,,Read for the first time and referred to the Senate committee on Judiciary,JUDY,,,,
SB87,Stutts,Regular Session 2022,,S,217203-2,Judiciary first Amendment Offered,,,,,
SB88,Allen,Regular Session 2022,01/13/2022,S,,Read for the first time and referred to the Senate committee on Local Legislation,LL1,,,,
SB88,Allen,Regular Session 2022,,S,,Indefinitely postponed in LL Committee,,,,,
SB89,Beasley,Regular Session 2022,01/13/2022,S,,Read for the first time and referred to the Senate committee on Finance and Taxation General Fund,F&TG,,,,
SB89,Beasley,Regular Session 2022,03/02/2022,S,,Read for the second time and placed on the calendar,,2,10,,
SB89,Beasley,Regular Session 2022,04/06/2022,S,,Indefinitely Postponed,,,,,
SB90,Weaver,Regular Session 2022,01/13/2022,S,,Read for the first time and referred to the Senate committee on Judiciary,JUDY,,,,
SB90,Weaver,Regular Session 2022,01/18/2022,S,,Read for the second time and placed on the calendar  1 amendment,,0,11,,
SB90,Weaver,Regular Session 2022,02/02/2022,S,,Third Reading Passed,,,,,
SB90,Weaver,Regular Session 2022,02/02/2022,S,216510-2,Judiciary  Amendment Offered,,,,,
SB90,Weaver,Regular Session 2022,02/02/2022,S,,Weaver motion to Adopt adopted Roll Call 70,,,,,Roll 70
SB90,Weaver,Regular Session 2022,02/02/2022,S,216994-1,Smitherman  Amendment Offered,,,,,
SB90,Weaver,Regular Session 2022,02/02/2022,S,,Weaver motion to Adopt adopted Roll Call 71,,,,,Roll 71
SB90,Weaver,Regular Session 2022,02/02/2022,S,,Motion to Read a Third Time and Pass adopted Roll Call 72,,,,,Roll 72
SB90,Weaver,Regular Session 2022,02/03/2022,S,,Engrossed,,,,,
SB90,Weaver,Regular Session 2022,02/03/2022,H,,Read for the first time and referred to the House of Representatives committee on Judiciary,JUDY,,,,
SB90,Weaver,Regular Session 2022,02/16/2022,H,,Read for the second time and placed on the calendar,,,,,
SB90,Weaver,Regular Session 2022,04/05/2022,H,,Third Reading Passed,,,,,
SB90,Weaver,Regular Session 2022,04/05/2022,H,,Motion to Read a Third Time and Pass adopted Voice Vote 902,,,,,
SB90,Weaver,Regular Session 2022,04/05/2022,S,,Passed Second House,,,,,
SB90,Weaver,Regular Session 2022,04/05/2022,H,,Signature Requested,,,,,
SB90,Weaver,Regular Session 2022,04/05/2022,S,,Enrolled,,,,,
SB90,Weaver,Regular Session 2022,,S,,Assigned Act No. 2022-416.,,,,,
SB91,Beasley,Regular Session 2022,01/13/2022,S,,Read for the first time and referred to the Senate committee on Governmental Affairs,GA,,,,
SB91,Beasley,Regular Session 2022,01/18/2022,S,,Read for the second time and placed on the calendar,,0,9,,
SB91,Beasley,Regular Session 2022,02/01/2022,S,,Third Reading Passed,,,,,
SB91,Beasley,Regular Session 2022,02/01/2022,S,,Motion to Read a Third Time and Pass adopted Roll Call 37,,,,,Roll 37
SB91,Beasley,Regular Session 2022,02/02/2022,H,,"Read for the first time and referred to the House of Representatives committee on Boards, Agencies and Commissions",BA&C,,,,
SB91,Beasley,Regular Session 2022,02/23/2022,H,,Read for the second time and placed on the calendar,,,,,
SB91,Beasley,Regular Session 2022,03/09/2022,H,,Third Reading Passed,,,,,
SB91,Beasley,Regular Session 2022,03/09/2022,H,,Motion to Read a Third Time and Pass adopted Roll Call 552,,,,,Roll 552
SB91,Beasley,Regular Session 2022,03/10/2022,S,,Passed Second House,,,,,
SB91,Beasley,Regular Session 2022,03/10/2022,S,,Enrolled,,,,,
SB91,Beasley,Regular Session 2022,03/10/2022,H,,Signature Requested,,,,,
SB91,Beasley,Regular Session 2022,,S,,Assigned Act No. 2022-145.,,,,,
SB92,Barfoot,Regular Session 2022,01/13/2022,S,,Read for the first time and referred to the Senate committee on Fiscal Responsibility and Economic Development,FRED,,,,
SB92,Barfoot,Regular Session 2022,02/02/2022,S,,Read for the second time and placed on the calendar,,0,12,,
SB92,Barfoot,Regular Session 2022,02/03/2022,S,,Third Reading Passed,,,,,
SB92,Barfoot,Regular Session 2022,02/03/2022,S,,Motion to Read a Third Time and Pass adopted Roll Call 110,,,,,Roll 110
SB92,Barfoot,Regular Session 2022,02/03/2022,H,,"Read for the first time and referred to the House of Representatives committee on Boards, Agencies and Commissions",BA&C,,,,
SB92,Barfoot,Regular Session 2022,02/16/2022,H,,Read for the second time and placed on the calendar,,,,,
SB92,Barfoot,Regular Session 2022,02/17/2022,H,,Third Reading Passed,,,,,
SB92,Barfoot,Regular Session 2022,02/17/2022,H,,Motion to Read a Third Time and Pass adopted Roll Call 250,,,,,Roll 250
SB92,Barfoot,Regular Session 2022,02/17/2022,S,,Passed Second House,,,,,
SB92,Barfoot,Regular Session 2022,02/22/2022,H,,Signature Requested,,,,,
SB92,Barfoot,Regular Session 2022,02/22/2022,S,,Enrolled,,,,,
SB92,Barfoot,Regular Session 2022,,S,,Assigned Act No. 2022-68.,,,,,
SB93,Barfoot,Regular Session 2022,01/13/2022,S,,Read for the first time and referred to the Senate committee on Fiscal Responsibility and Economic Development,FRED,,,,
SB93,Barfoot,Regular Session 2022,02/02/2022,S,,Read for the second time and placed on the calendar,,0,12,,
SB93,Barfoot,Regular Session 2022,02/03/2022,S,,Third Reading Passed,,,,,
SB93,Barfoot,Regular Session 2022,02/03/2022,S,,Motion to Read a Third Time and Pass adopted Roll Call 112,,,,,Roll 112
SB93,Barfoot,Regular Session 2022,02/03/2022,H,,"Read for the first time and referred to the House of Representatives committee on Boards, Agencies and Commissions",BA&C,,,,
SB93,Barfoot,Regular Session 2022,02/16/2022,H,,Read for the second time and placed on the calendar,,,,,
SB93,Barfoot,Regular Session 2022,02/17/2022,H,,Third Reading Passed,,,,,
SB93,Barfoot,Regular Session 2022,02/17/2022,H,,Motion to Read a Third Time and Pass adopted Roll Call 252,,,,,Roll 252
SB93,Barfoot,Regular Session 2022,02/17/2022,S,,Passed Second House,,,,,
SB93,Barfoot,Regular Session 2022,02/22/2022,H,,Signature Requested,,,,,
SB93,Barfoot,Regular Session 2022,02/22/2022,S,,Enrolled,,,,,
SB93,Barfoot,Regular Session 2022,,S,,Assigned Act No. 2022-69.,,,,,
SB94,Barfoot,Regular Session 2022,01/13/2022,S,,Read for the first time and referred to the Senate committee on Fiscal Responsibility and Economic Development,FRED,,,,
SB94,Barfoot,Regular Session 2022,02/02/2022,S,,Read for the second time and placed on the calendar,,0,12,,
SB94,Barfoot,Regular Session 2022,02/03/2022,S,,Third Reading Passed,,,,,
SB94,Barfoot,Regular Session 2022,02/03/2022,S,,Motion to Read a Third Time and Pass adopted Roll Call 116,,,,,Roll 116
SB94,Barfoot,Regular Session 2022,02/03/2022,H,,"Read for the first time and referred to the House of Representatives committee on Boards, Agencies and Commissions",BA&C,,,,
SB94,Barfoot,Regular Session 2022,02/16/2022,H,,Read for the second time and placed on the calendar,,,,,
SB94,Barfoot,Regular Session 2022,02/17/2022,H,,Third Reading Passed,,,,,
SB94,Barfoot,Regular Session 2022,02/17/2022,H,,Motion to Read a Third Time and Pass adopted Roll Call 254,,,,,Roll 254
SB94,Barfoot,Regular Session 2022,02/17/2022,S,,Passed Second House,,,,,
SB94,Barfoot,Regular Session 2022,02/22/2022,H,,Signature Requested,,,,,
SB94,Barfoot,Regular Session 2022,02/22/2022,S,,Enrolled,,,,,
SB94,Barfoot,Regular Session 2022,,S,,Assigned Act No. 2022-70.,,,,,
SB95,Barfoot,Regular Session 2022,01/13/2022,S,,Read for the first time and referred to the Senate committee on Fiscal Responsibility and Economic Development,FRED,,,,
SB95,Barfoot,Regular Session 2022,02/02/2022,S,,Read for the second time and placed on the calendar,,0,12,,
SB95,Barfoot,Regular Session 2022,02/03/2022,S,,Third Reading Passed,,,,,
SB95,Barfoot,Regular Session 2022,02/03/2022,S,,Motion to Read a Third Time and Pass adopted Roll Call 118,,,,,Roll 118
SB95,Barfoot,Regular Session 2022,02/03/2022,H,,"Read for the first time and referred to the House of Representatives committee on Boards, Agencies and Commissions",BA&C,,,,
SB95,Barfoot,Regular Session 2022,02/16/2022,H,,Read for the second time and placed on the calendar,,,,,
SB95,Barfoot,Regular Session 2022,02/17/2022,H,,Third Reading Passed,,,,,
SB95,Barfoot,Regular Session 2022,02/17/2022,H,,Motion to Read a Third Time and Pass adopted Roll Call 256,,,,,Roll 256
SB95,Barfoot,Regular Session 2022,02/17/2022,S,,Passed Second House,,,,,
SB95,Barfoot,Regular Session 2022,02/22/2022,H,,Signature Requested,,,,,
SB95,Barfoot,Regular Session 2022,02/22/2022,S,,Enrolled,,,,,
SB95,Barfoot,Regular Session 2022,,S,,Assigned Act No. 2022-71.,,,,,
SB96,Barfoot,Regular Session 2022,01/13/2022,S,,Read for the first time and referred to the Senate committee on Fiscal Responsibility and Economic Development,FRED,,,,
SB96,Barfoot,Regular Session 2022,02/02/2022,S,,Read for the second time and placed on the calendar,,0,12,,
SB96,Barfoot,Regular Session 2022,02/03/2022,S,,Third Reading Passed,,,,,
SB96,Barfoot,Regular Session 2022,02/03/2022,S,,Motion to Read a Third Time and Pass adopted Roll Call 120,,,,,Roll 120
SB96,Barfoot,Regular Session 2022,02/08/2022,H,,"Read for the first time and referred to the House of Representatives committee on Boards, Agencies and Commissions",BA&C,,,,
SB96,Barfoot,Regular Session 2022,02/16/2022,H,,Read for the second time and placed on the calendar,,,,,
SB96,Barfoot,Regular Session 2022,02/17/2022,H,,Third Reading Passed,,,,,
SB96,Barfoot,Regular Session 2022,02/17/2022,H,,Motion to Read a Third Time and Pass adopted Roll Call 258,,,,,Roll 258
SB96,Barfoot,Regular Session 2022,02/17/2022,S,,Passed Second House,,,,,
SB96,Barfoot,Regular Session 2022,02/22/2022,H,,Signature Requested,,,,,
SB96,Barfoot,Regular Session 2022,02/22/2022,S,,Enrolled,,,,,
SB96,Barfoot,Regular Session 2022,,S,,Assigned Act No. 2022-72.,,,,,
SB97,Barfoot,Regular Session 2022,01/13/2022,S,,Read for the first time and referred to the Senate committee on Fiscal Responsibility and Economic Development,FRED,,,,
SB97,Barfoot,Regular Session 2022,02/02/2022,S,,Read for the second time and placed on the calendar,,0,12,,
SB97,Barfoot,Regular Session 2022,02/03/2022,S,,Third Reading Passed,,,,,
SB97,Barfoot,Regular Session 2022,02/03/2022,S,,Motion to Read a Third Time and Pass adopted Roll Call 122,,,,,Roll 122
SB97,Barfoot,Regular Session 2022,02/08/2022,H,,"Read for the first time and referred to the House of Representatives committee on Boards, Agencies and Commissions",BA&C,,,,
SB97,Barfoot,Regular Session 2022,02/16/2022,H,,Read for the second time and placed on the calendar,,,,,
SB97,Barfoot,Regular Session 2022,02/17/2022,H,,Third Reading Passed,,,,,
SB97,Barfoot,Regular Session 2022,02/17/2022,H,,Motion to Read a Third Time and Pass adopted Roll Call 260,,,,,Roll 260
SB97,Barfoot,Regular Session 2022,02/17/2022,S,,Passed Second House,,,,,
SB97,Barfoot,Regular Session 2022,02/22/2022,H,,Signature Requested,,,,,
SB97,Barfoot,Regular Session 2022,02/22/2022,S,,Enrolled,,,,,
SB97,Barfoot,Regular Session 2022,,S,,Assigned Act No. 2022-73.,,,,,
SB98,Barfoot,Regular Session 2022,01/13/2022,S,,Read for the first time and referred to the Senate committee on Fiscal Responsibility and Economic Development,FRED,,,,
SB98,Barfoot,Regular Session 2022,02/02/2022,S,,Read for the second time and placed on the calendar,,0,12,,
SB98,Barfoot,Regular Session 2022,02/03/2022,S,,Third Reading Passed,,,,,
SB98,Barfoot,Regular Session 2022,02/03/2022,S,,Motion to Read a Third Time and Pass adopted Roll Call 124,,,,,Roll 124
SB98,Barfoot,Regular Session 2022,02/08/2022,H,,"Read for the first time and referred to the House of Representatives committee on Boards, Agencies and Commissions",BA&C,,,,
SB98,Barfoot,Regular Session 2022,02/16/2022,H,,Read for the second time and placed on the calendar,,,,,
SB98,Barfoot,Regular Session 2022,02/17/2022,H,,Third Reading Passed,,,,,
SB98,Barfoot,Regular Session 2022,02/17/2022,H,,Motion to Read a Third Time and Pass adopted Roll Call 262,,,,,Roll 262
SB98,Barfoot,Regular Session 2022,02/17/2022,S,,Passed Second House,,,,,
SB98,Barfoot,Regular Session 2022,02/22/2022,H,,Signature Requested,,,,,
SB98,Barfoot,Regular Session 2022,02/22/2022,S,,Enrolled,,,,,
SB98,Barfoot,Regular Session 2022,,S,,Assigned Act No. 2022-74.,,,,,
SB99,Jones,Regular Session 2022,01/13/2022,S,,Read for the first time and referred to the Senate committee on Governmental Affairs,GA,,,,
SB99,Jones,Regular Session 2022,02/08/2022,S,,Read for the second time and placed on the calendar  1 amendment,,0,8,,
SB99,Jones,Regular Session 2022,02/15/2022,S,,Third Reading Passed,,,,,
SB99,Jones,Regular Session 2022,02/15/2022,S,217127-2,Governmental Affairs  Amendment Offered,,,,,
SB99,Jones,Regular Session 2022,02/15/2022,S,,Jones motion to Adopt adopted Roll Call 240,,,,,Roll 240
SB99,Jones,Regular Session 2022,02/15/2022,S,,Motion to Read a Third Time and Pass adopted Roll Call 241,,,,,Roll 241
SB99,Jones,Regular Session 2022,02/16/2022,S,,Engrossed,,,,,
SB99,Jones,Regular Session 2022,02/16/2022,H,,Read for the first time and referred to the House of Representatives committee on Health,HLTH,,,,
SB99,Jones,Regular Session 2022,02/22/2022,H,,Rereferred from Health to M&VA,M&VA,,,,
SB99,Jones,Regular Session 2022,02/23/2022,H,,Read for the second time and placed on the calendar,,,,,
SB99,Jones,Regular Session 2022,02/24/2022,H,,Third Reading Passed,,,,,
SB99,Jones,Regular Session 2022,02/24/2022,H,,Motion to Read a Third Time and Pass adopted Roll Call 310,,,,,Roll 310
SB99,Jones,Regular Session 2022,02/24/2022,S,,Passed Second House,,,,,
SB99,Jones,Regular Session 2022,03/01/2022,S,,Enrolled,,,,,
SB99,Jones,Regular Session 2022,03/01/2022,H,,Signature Requested,,,,,
SB99,Jones,Regular Session 2022,,S,,Assigned Act No. 2022-89.,,,,,
SB100,Elliott,Regular Session 2022,01/13/2022,S,,Read for the first time and referred to the Senate committee on Fiscal Responsibility and Economic Development,FRED,,,,
SB100,Elliott,Regular Session 2022,02/02/2022,S,,Read for the second time and placed on the calendar  1 amendment,,0,12,,
SB100,Elliott,Regular Session 2022,,S,,Pending third reading on day 6 Favorable from Fiscal Responsibility and Economic Development with 1 amendment,,,,,
SB100,Elliott,Regular Session 2022,04/06/2022,S,216935-2,Indefinitely Postponed,,,,,
SB101,Coleman-Madison,Regular Session 2022,01/18/2022,S,,Read for the first time and referred to the Senate committee on Healthcare,HLTH,,,,
SB101,Coleman-Madison,Regular Session 2022,03/02/2022,S,,Read for the second time and placed on the calendar,,3,5,0,
SB101,Coleman-Madison,Regular Session 2022,03/31/2022,S,,Third Reading Carried Over to Call of the Chair,,,,,
SB101,Coleman-Madison,Regular Session 2022,03/31/2022,S,,Coleman-Madison motion to Carry Over to the Call of the Chair adopted Voice Vote,,,,,
SB101,Coleman-Madison,Regular Session 2022,04/06/2022,S,,Lost in house of origin,,,,,
SB101,Coleman-Madison,Regular Session 2022,04/06/2022,S,,Motion to Read a Third Time and Pass lost Roll Call 1034,,,,,Roll 1034
SB102,Beasley,Regular Session 2022,01/18/2022,S,,Read for the first time and referred to the Senate committee on Healthcare,HLTH,,,,
SB102,Beasley,Regular Session 2022,02/09/2022,S,,Read for the second time and placed on the calendar,,0,10,,
SB102,Beasley,Regular Session 2022,02/10/2022,S,,Third Reading Passed,,,,,
SB102,Beasley,Regular Session 2022,02/10/2022,S,,Motion to Read a Third Time and Pass adopted Roll Call 178,,,,,Roll 178
SB102,Beasley,Regular Session 2022,02/10/2022,H,,Read for the first time and referred to the House of Representatives committee on Health,HLTH,,,,
SB102,Beasley,Regular Session 2022,02/16/2022,H,,Read for the second time and placed on the calendar,,,,,
SB102,Beasley,Regular Session 2022,03/02/2022,H,,Third Reading Passed,,,,,
SB102,Beasley,Regular Session 2022,03/02/2022,H,,Motion to Read a Third Time and Pass adopted Roll Call 441,,,,,Roll 441
SB102,Beasley,Regular Session 2022,03/02/2022,S,,Passed Second House,,,,,
SB102,Beasley,Regular Session 2022,03/03/2022,S,,Enrolled,,,,,
SB102,Beasley,Regular Session 2022,03/03/2022,H,,Signature Requested,,,,,
SB102,Beasley,Regular Session 2022,,S,,Assigned Act No. 2022-130.,,,,,
SB103,Givhan,Regular Session 2022,01/18/2022,S,,Read for the first time and referred to the Senate committee on Judiciary,JUDY,,,,
SB104,Givhan,Regular Session 2022,01/18/2022,S,,Read for the first time and referred to the Senate committee on Fiscal Responsibility and Economic Development,FRED,,,,
SB104,Givhan,Regular Session 2022,02/02/2022,S,,Read for the second time and placed on the calendar,,0,12,,
SB104,Givhan,Regular Session 2022,02/08/2022,S,,Third Reading Passed,,,,,
SB104,Givhan,Regular Session 2022,02/08/2022,S,,Motion to Read a Third Time and Pass adopted Roll Call 136,,,,,Roll 136
SB104,Givhan,Regular Session 2022,02/08/2022,H,,Read for the first time and referred to the House of Representatives committee on Financial Services,FS,,,,
SB104,Givhan,Regular Session 2022,02/16/2022,H,,Read for the second time and placed on the calendar,,,,,
SB104,Givhan,Regular Session 2022,03/03/2022,H,,Third Reading Passed,,,,,
SB104,Givhan,Regular Session 2022,03/03/2022,H,,Motion to Read a Third Time and Pass adopted Roll Call 464,,,,,Roll 464
SB104,Givhan,Regular Session 2022,03/03/2022,S,,Passed Second House,,,,,
SB104,Givhan,Regular Session 2022,03/03/2022,H,,Signature Requested,,,,,
SB104,Givhan,Regular Session 2022,03/03/2022,S,,Enrolled,,,,,
SB104,Givhan,Regular Session 2022,,S,,Assigned Act No. 2022-124.,,,,,
SB105,Beasley,Regular Session 2022,01/18/2022,S,,Read for the first time and referred to the Senate committee on Local Legislation,LL1,,,,
SB105,Beasley,Regular Session 2022,02/15/2022,S,,Read for the second time and placed on the calendar,,,,,
SB105,Beasley,Regular Session 2022,02/16/2022,S,,Third Reading Passed,,,,,
SB105,Beasley,Regular Session 2022,02/16/2022,S,,Motion to Read a Third Time and Pass adopted Roll Call 282,,,,,Roll 282
SB105,Beasley,Regular Session 2022,02/16/2022,H,,Read for the first time and referred to the House of Representatives committee on Local Legislation,LL,,,,
SB105,Beasley,Regular Session 2022,02/23/2022,H,,Read for the second time and placed on the calendar,,,,,
SB105,Beasley,Regular Session 2022,02/24/2022,H,,Third Reading Passed,,,,,
SB105,Beasley,Regular Session 2022,02/24/2022,H,,Motion to Read a Third Time and Pass adopted Roll Call 299,,,,,Roll 299
SB105,Beasley,Regular Session 2022,02/24/2022,S,,Passed Second House,,,,,
SB105,Beasley,Regular Session 2022,03/01/2022,S,,Enrolled,,,,,
SB105,Beasley,Regular Session 2022,03/01/2022,H,,Signature Requested,,,,,
SB105,Beasley,Regular Session 2022,,S,,Assigned Act No. 2022-102.,,,,,
SB106,Albritton,Regular Session 2022,01/18/2022,S,,Read for the first time and referred to the Senate committee on Finance and Taxation General Fund,F&TG,,,,
SB106,Albritton,Regular Session 2022,02/23/2022,S,,Read for the second time and placed on the calendar with 1 substitute and,,0,15,0,
SB106,Albritton,Regular Session 2022,02/24/2022,S,,Third Reading Passed,,,,,
SB106,Albritton,Regular Session 2022,02/24/2022,S,218022-1,Finance and Taxation General Fund first Substitute Offered,,,,,
SB106,Albritton,Regular Session 2022,02/24/2022,S,,Albritton motion to Adopt adopted Roll Call 435,,,,,Roll 435
SB106,Albritton,Regular Session 2022,02/24/2022,S,218178-1,Albritton  Amendment Offered,,,,,
SB106,Albritton,Regular Session 2022,02/24/2022,S,,Albritton motion to Adopt adopted Roll Call 436,,,,,Roll 436
SB106,Albritton,Regular Session 2022,02/24/2022,S,,Motion to Read a Third Time and Pass adopted Roll Call 437,,,,,Roll 437
SB106,Albritton,Regular Session 2022,02/24/2022,S,,Engrossed,,,,,
SB106,Albritton,Regular Session 2022,02/24/2022,H,,Read for the first time and referred to the House of Representatives committee on Ways and Means General Fund,W&MGF,,,,
SB106,Albritton,Regular Session 2022,03/09/2022,H,,Read for the second time and placed on the calendar with 1 substitute and,,,,,
SB106,Albritton,Regular Session 2022,03/15/2022,H,218603-1,Ways and Means General Fund first Substitute Offered,,,,,
SB106,Albritton,Regular Session 2022,03/15/2022,H,,Motion to Adopt adopted Roll Call 605,,,,,Roll 605
SB106,Albritton,Regular Session 2022,03/15/2022,H,218959-1,Clouse  Amendment Offered,,,,,
SB106,Albritton,Regular Session 2022,03/15/2022,H,,Motion to Adopt adopted Roll Call 606,,,,,Roll 606
SB106,Albritton,Regular Session 2022,03/15/2022,H,,Motion to Read a Third Time and Pass adopted Roll Call 607,,,,,Roll 607
SB106,Albritton,Regular Session 2022,03/15/2022,H,,Third Reading Passed,,,,,
SB106,Albritton,Regular Session 2022,03/15/2022,S,,Concurrence Requested,,,,,
SB106,Albritton,Regular Session 2022,03/15/2022,S,,"Reed motion to Non Concur and Appoint Conference Committee adopted Roll Call 580 P&PO appoints Albritton, Chesteen and Singleton P&PO appoints Albritton, Chesteen and Singleton P&PO appoints  P&PO appoints  P&PO appoints",,,,,Roll 580
SB106,Albritton,Regular Session 2022,03/17/2022,H,,Conference Committee Requested,,,,,
SB106,Albritton,Regular Session 2022,03/17/2022,H,,"Clouse motion to Accede adopted Roll Call 647 House appoints Clouse, South and Hall",,,,,Roll 647
SB106,Albritton,Regular Session 2022,03/17/2022,S,,Conference Committee Appointed,,,,,
SB106,Albritton,Regular Session 2022,03/30/2022,S,,Conference Report,,,,,
SB106,Albritton,Regular Session 2022,03/30/2022,S,,Albritton motion to Motion in Writing adopted Roll Call 811,,,,,Roll 811
SB106,Albritton,Regular Session 2022,03/30/2022,S,,Albritton motion to Concur In and Adopt adopted Roll Call 812,,,,,Roll 812
SB106,Albritton,Regular Session 2022,03/31/2022,H,,Conference Report Concurrence Requested,,,,,
SB106,Albritton,Regular Session 2022,03/31/2022,H,,Clouse motion to Adopt Joint Rule 21 adopted Roll Call 813,,,,,Roll 813
SB106,Albritton,Regular Session 2022,03/31/2022,H,,Clouse motion to Concur In and Adopt adopted Roll Call 814,,,,,Roll 814
SB106,Albritton,Regular Session 2022,03/31/2022,S,,Concurred in Conference Report,,,,,
SB106,Albritton,Regular Session 2022,03/31/2022,H,,Signature Requested,,,,,
SB106,Albritton,Regular Session 2022,03/31/2022,S,,Enrolled,,,,,
SB106,Albritton,Regular Session 2022,,H,,,,,,,
SB106,Albritton,Regular Session 2022,,S,,"Delivered to Governor at 1:43 p.m. on March 31, 2022",,,,,
SB106,Albritton,Regular Session 2022,,S,,,,,,,
SB106,Albritton,Regular Session 2022,,S,219503-1,Conference Committee on SB106 2022RS first Substitute Offered,,,,,
SB107,Albritton,Regular Session 2022,01/18/2022,S,,Read for the first time and referred to the Senate committee on Finance and Taxation General Fund,F&TG,,,,
SB107,Albritton,Regular Session 2022,02/23/2022,S,,Read for the second time and placed on the calendar,,0,15,0,
SB107,Albritton,Regular Session 2022,02/24/2022,S,,Third Reading Passed,,,,,
SB107,Albritton,Regular Session 2022,02/24/2022,S,,Motion to Read a Third Time and Pass adopted Roll Call 427,,,,,Roll 427
SB107,Albritton,Regular Session 2022,02/24/2022,H,,Read for the first time and referred to the House of Representatives committee on Ways and Means General Fund,W&MGF,,,,
SB107,Albritton,Regular Session 2022,03/09/2022,H,,Read for the second time and placed on the calendar,,,,,
SB107,Albritton,Regular Session 2022,03/15/2022,H,,Third Reading Passed,,,,,
SB107,Albritton,Regular Session 2022,03/15/2022,H,,Motion to Read a Third Time and Pass adopted Roll Call 598,,,,,Roll 598
SB107,Albritton,Regular Session 2022,03/15/2022,S,,Passed Second House,,,,,
SB107,Albritton,Regular Session 2022,03/15/2022,S,,Enrolled,,,,,
SB107,Albritton,Regular Session 2022,03/15/2022,H,,Signature Requested,,,,,
SB107,Albritton,Regular Session 2022,,S,,Assigned Act No. 2022-158.,,,,,
SB108,Albritton,Regular Session 2022,01/18/2022,S,,Read for the first time and referred to the Senate committee on Finance and Taxation General Fund,F&TG,,,,
SB108,Albritton,Regular Session 2022,02/23/2022,S,,Read for the second time and placed on the calendar with 1 substitute and,,0,15,0,
SB108,Albritton,Regular Session 2022,02/24/2022,S,,Third Reading Passed,,,,,
SB108,Albritton,Regular Session 2022,02/24/2022,S,218020-2,Finance and Taxation General Fund first Substitute Offered,,,,,
SB108,Albritton,Regular Session 2022,02/24/2022,S,,Albritton motion to Adopt adopted Roll Call 433,,,,,Roll 433
SB108,Albritton,Regular Session 2022,02/24/2022,S,,Motion to Read a Third Time and Pass adopted Roll Call 434,,,,,Roll 434
SB108,Albritton,Regular Session 2022,02/24/2022,S,,Engrossed,,,,,
SB108,Albritton,Regular Session 2022,02/24/2022,H,,Read for the first time and referred to the House of Representatives committee on Ways and Means General Fund,W&MGF,,,,
SB108,Albritton,Regular Session 2022,03/09/2022,H,,Read for the second time and placed on the calendar with 1 substitute and,,,,,
SB108,Albritton,Regular Session 2022,03/15/2022,H,,Third Reading Passed,,,,,
SB108,Albritton,Regular Session 2022,03/15/2022,H,218601-1,Ways and Means General Fund first Substitute Offered,,,,,
SB108,Albritton,Regular Session 2022,03/15/2022,H,,Motion to Adopt adopted Roll Call 603,,,,,Roll 603
SB108,Albritton,Regular Session 2022,03/15/2022,H,,Motion to Read a Third Time and Pass adopted Roll Call 604,,,,,Roll 604
SB108,Albritton,Regular Session 2022,03/15/2022,H,,"Chestnut intended to vote ""Yea""",,,,,
SB108,Albritton,Regular Session 2022,03/15/2022,S,,Concurrence Requested,,,,,
SB108,Albritton,Regular Session 2022,03/15/2022,S,,"Reed motion to Non Concur and Appoint Conference Committee adopted Roll Call 581 P&PO appoints Albritton, Livingston and Smitherman",,,,,Roll 581
SB108,Albritton,Regular Session 2022,03/17/2022,H,,Conference Committee Requested,,,,,
SB108,Albritton,Regular Session 2022,03/17/2022,H,,"Clouse motion to Accede adopted Voice Vote 648 House appoints Clouse, South and Hall",,,,,
SB108,Albritton,Regular Session 2022,03/17/2022,S,,Conference Committee Appointed,,,,,
SB108,Albritton,Regular Session 2022,03/29/2022,S,,Conference Report,,,,,
SB108,Albritton,Regular Session 2022,03/29/2022,S,,Albritton motion to Concur In and Adopt adopted Roll Call 759,,,,,Roll 759
SB108,Albritton,Regular Session 2022,03/30/2022,H,,Conference Report Concurrence Requested,,,,,
SB108,Albritton,Regular Session 2022,03/30/2022,H,,Clouse motion to Concur In and Adopt adopted Roll Call 769,,,,,Roll 769
SB108,Albritton,Regular Session 2022,03/30/2022,S,,Concurred in Conference Report,,,,,
SB108,Albritton,Regular Session 2022,03/30/2022,H,,Signature Requested,,,,,
SB108,Albritton,Regular Session 2022,03/30/2022,S,,Enrolled,,,,,
SB108,Albritton,Regular Session 2022,,S,219367-1,Conference Committee on SB108 2022RS first Substitute Offered,,,,,
SB108,Albritton,Regular Session 2022,,S,,Assigned Act No. 2022-254.,,,,,
SB109,Albritton,Regular Session 2022,01/18/2022,S,,Read for the first time and referred to the Senate committee on Finance and Taxation General Fund,F&TG,,,,
SB109,Albritton,Regular Session 2022,02/23/2022,S,,Read for the second time and placed on the calendar,,0,15,0,
SB109,Albritton,Regular Session 2022,02/24/2022,S,,Third Reading Passed,,,,,
SB109,Albritton,Regular Session 2022,02/24/2022,S,,Motion to Read a Third Time and Pass adopted Roll Call 429,,,,,Roll 429
SB109,Albritton,Regular Session 2022,02/24/2022,H,,Read for the first time and referred to the House of Representatives committee on Ways and Means General Fund,W&MGF,,,,
SB109,Albritton,Regular Session 2022,03/09/2022,H,,Read for the second time and placed on the calendar,,,,,
SB109,Albritton,Regular Session 2022,03/15/2022,H,,Third Reading Passed,,,,,
SB109,Albritton,Regular Session 2022,03/15/2022,H,,Motion to Read a Third Time and Pass adopted Roll Call 609,,,,,Roll 609
SB109,Albritton,Regular Session 2022,03/15/2022,S,,Passed Second House,,,,,
SB109,Albritton,Regular Session 2022,03/15/2022,S,,Enrolled,,,,,
SB109,Albritton,Regular Session 2022,03/15/2022,H,,Signature Requested,,,,,
SB109,Albritton,Regular Session 2022,,S,,Assigned Act No. 2022-159.,,,,,
SB110,Albritton,Regular Session 2022,01/18/2022,S,,Read for the first time and referred to the Senate committee on Finance and Taxation General Fund,F&TG,,,,
SB110,Albritton,Regular Session 2022,02/23/2022,S,,Read for the second time and placed on the calendar,,0,15,0,
SB110,Albritton,Regular Session 2022,02/24/2022,S,,Third Reading Passed,,,,,
SB110,Albritton,Regular Session 2022,02/24/2022,S,,Motion to Read a Third Time and Pass adopted Roll Call 425,,,,,Roll 425
SB110,Albritton,Regular Session 2022,02/24/2022,H,,Read for the first time and referred to the House of Representatives committee on Ways and Means General Fund,W&MGF,,,,
SB110,Albritton,Regular Session 2022,03/09/2022,H,,Read for the second time and placed on the calendar,,,,,
SB110,Albritton,Regular Session 2022,03/15/2022,H,,Third Reading Passed,,,,,
SB110,Albritton,Regular Session 2022,03/15/2022,H,,Motion to Read a Third Time and Pass adopted Roll Call 611,,,,,Roll 611
SB110,Albritton,Regular Session 2022,03/15/2022,S,,Passed Second House,,,,,
SB110,Albritton,Regular Session 2022,03/15/2022,S,,Enrolled,,,,,
SB110,Albritton,Regular Session 2022,03/15/2022,H,,Signature Requested,,,,,
SB110,Albritton,Regular Session 2022,,S,,Assigned Act No. 2022-160.,,,,,
SB111,Albritton,Regular Session 2022,01/18/2022,S,,Read for the first time and referred to the Senate committee on Finance and Taxation General Fund,F&TG,,,,
SB111,Albritton,Regular Session 2022,02/03/2022,S,,Reported from Finance and Taxation General Fund as Favorable,,0,14,0,
SB111,Albritton,Regular Session 2022,02/22/2022,S,,Albritton motion to Table adopted Voice Vote,,,,,
SB111,Albritton,Regular Session 2022,02/22/2022,S,,Albritton motion to Carry Over to the Call of the Chair adopted Voice Vote,,,,,
SB111,Albritton,Regular Session 2022,02/22/2022,S,218004-1,Albritton first Substitute Offered,,,,,
SB111,Albritton,Regular Session 2022,02/22/2022,S,,Albritton motion to Adopt adopted Roll Call 369,,,,,Roll 369
SB111,Albritton,Regular Session 2022,02/22/2022,S,,Third Reading Passed,,,,,
SB111,Albritton,Regular Session 2022,02/22/2022,S,,Motion to Read a Third Time and Pass adopted Roll Call 370,,,,,Roll 370
SB111,Albritton,Regular Session 2022,02/22/2022,S,217998-1,Marsh  Amendment Offered,,,,,
SB111,Albritton,Regular Session 2022,02/22/2022,S,,Marsh motion to Adopt adopted Roll Call 363,,,,,Roll 363
SB111,Albritton,Regular Session 2022,02/22/2022,S,,Motion to Read a Third Time and Pass adopted Roll Call 364,,,,,Roll 364
SB111,Albritton,Regular Session 2022,02/22/2022,S,,Albritton motion to Miscellaneous adopted Voice Vote,,,,,
SB111,Albritton,Regular Session 2022,02/23/2022,S,,Engrossed,,,,,
SB111,Albritton,Regular Session 2022,02/23/2022,H,,Read for the first time and referred to the House of Representatives committee on Ways and Means General Fund,W&MGF,,,,
SB111,Albritton,Regular Session 2022,03/09/2022,H,,Read for the second time and placed on the calendar  1 amendment,,,,,
SB111,Albritton,Regular Session 2022,03/15/2022,H,,Third Reading Passed,,,,,
SB111,Albritton,Regular Session 2022,03/15/2022,H,218608-2,Ways and Means General Fund  Amendment Offered,,,,,
SB111,Albritton,Regular Session 2022,03/15/2022,H,,Motion to Adopt adopted Roll Call 613,,,,,Roll 613
SB111,Albritton,Regular Session 2022,03/15/2022,H,,Motion to Read a Third Time and Pass adopted Roll Call 614,,,,,Roll 614
SB111,Albritton,Regular Session 2022,03/15/2022,S,,Concurrence Requested,,,,,
SB111,Albritton,Regular Session 2022,03/15/2022,S,,"Reed motion to Non Concur and Appoint Conference Committee adopted Roll Call 582 P&PO appoints Albritton, Chesteen and Singleton",,,,,Roll 582
SB111,Albritton,Regular Session 2022,03/17/2022,H,,Conference Committee Requested,,,,,
SB111,Albritton,Regular Session 2022,03/17/2022,H,,"Clouse motion to Accede adopted Roll Call 646 House appoints Clouse, South and Hall",,,,,Roll 646
SB111,Albritton,Regular Session 2022,03/17/2022,S,,Conference Committee Appointed,,,,,
SB111,Albritton,Regular Session 2022,03/29/2022,S,,Conference Report,,,,,
SB111,Albritton,Regular Session 2022,03/29/2022,S,,Albritton motion to Concur In and Adopt adopted Roll Call 758,,,,,Roll 758
SB111,Albritton,Regular Session 2022,03/30/2022,H,,Conference Report Concurrence Requested,,,,,
SB111,Albritton,Regular Session 2022,03/30/2022,H,,Clouse motion to Concur In and Adopt adopted Roll Call 768,,,,,Roll 768
SB111,Albritton,Regular Session 2022,03/30/2022,S,,Concurred in Conference Report,,,,,
SB111,Albritton,Regular Session 2022,03/30/2022,H,,Signature Requested,,,,,
SB111,Albritton,Regular Session 2022,03/30/2022,S,,Enrolled,,,,,
SB111,Albritton,Regular Session 2022,,S,219335-1,Conference Committee on SB111 2022RS first Substitute Offered,,,,,
SB111,Albritton,Regular Session 2022,,S,,Assigned Act No. 2022-229.,,,,,
SB112,Waggoner,Regular Session 2022,01/18/2022,S,,Read for the first time and referred to the Senate committee on Governmental Affairs,GA,,,,
SB112,Waggoner,Regular Session 2022,02/08/2022,S,,Read for the second time and placed on the calendar  1 amendment,,0,8,,
SB112,Waggoner,Regular Session 2022,02/10/2022,S,,Third Reading Passed,,,,,
SB112,Waggoner,Regular Session 2022,02/10/2022,S,216591-2,Governmental Affairs  Amendment Offered,,,,,
SB112,Waggoner,Regular Session 2022,02/10/2022,S,,Waggoner motion to Adopt adopted Roll Call 192,,,,,Roll 192
SB112,Waggoner,Regular Session 2022,02/10/2022,S,,Motion to Read a Third Time and Pass adopted Roll Call 193,,,,,Roll 193
SB112,Waggoner,Regular Session 2022,02/10/2022,S,,Engrossed,,,,,
SB112,Waggoner,Regular Session 2022,02/10/2022,H,,Read for the first time and referred to the House of Representatives committee on Commerce and Small Business,C&SB,,,,
SB112,Waggoner,Regular Session 2022,02/16/2022,H,,Read for the second time and placed on the calendar,,,,,
SB112,Waggoner,Regular Session 2022,,H,,Pending third reading on day 12 Favorable from Commerce and Small Business,,,,,
SB113,Allen,Regular Session 2022,01/18/2022,S,,Read for the first time and referred to the Senate committee on Transportation and Energy,T&E,,,,
SB113,Allen,Regular Session 2022,02/09/2022,S,,Read for the second time and placed on the calendar,,0,11,,
SB113,Allen,Regular Session 2022,02/10/2022,S,,Third Reading Passed,,,,,
SB113,Allen,Regular Session 2022,02/10/2022,S,,Motion to Read a Third Time and Pass adopted Roll Call 212,,,,,Roll 212
SB113,Allen,Regular Session 2022,02/10/2022,H,,Read for the first time and referred to the House of Representatives committee on Public Safety and Homeland Security,PS&HS,,,,
SB114,Shelnutt,Regular Session 2022,01/18/2022,S,,Read for the first time and referred to the Senate committee on Jefferson County Legislation,LLJ,,,,
SB114,Shelnutt,Regular Session 2022,02/23/2022,S,,Read for the second time and placed on the calendar,,0,5,0,
SB114,Shelnutt,Regular Session 2022,02/24/2022,S,,Third Reading Passed,,,,,
SB114,Shelnutt,Regular Session 2022,02/24/2022,S,,Motion to Read a Third Time and Pass adopted Roll Call 411,,,,,Roll 411
SB114,Shelnutt,Regular Session 2022,02/24/2022,H,,Read for the first time and referred to the House of Representatives committee on Jefferson County Legislation,JCL,,,,
SB115,Shelnutt,Regular Session 2022,01/18/2022,S,,Read for the first time and referred to the Senate committee on Judiciary,JUDY,,,,
SB116,Whatley,Regular Session 2022,01/18/2022,S,,Read for the first time and referred to the Senate committee on Judiciary,JUDY,,,,
SB116,Whatley,Regular Session 2022,02/02/2022,S,,Read for the second time and placed on the calendar,,0,11,,
SB116,Whatley,Regular Session 2022,02/15/2022,S,,Third Reading Passed,,,,,
SB116,Whatley,Regular Session 2022,02/15/2022,S,,Motion to Read a Third Time and Pass adopted Roll Call 243,,,,,Roll 243
SB116,Whatley,Regular Session 2022,02/15/2022,H,,Read for the first time and referred to the House of Representatives committee on Military and Veterans Affairs,M&VA,,,,
SB116,Whatley,Regular Session 2022,02/23/2022,H,,Read for the second time and placed on the calendar,,,,,
SB116,Whatley,Regular Session 2022,02/24/2022,H,,Third Reading Passed,,,,,
SB116,Whatley,Regular Session 2022,02/24/2022,H,,Motion to Read a Third Time and Pass adopted Roll Call 305,,,,,Roll 305
SB116,Whatley,Regular Session 2022,02/24/2022,S,,Passed Second House,,,,,
SB116,Whatley,Regular Session 2022,03/01/2022,S,,Enrolled,,,,,
SB116,Whatley,Regular Session 2022,03/01/2022,H,,Signature Requested,,,,,
SB116,Whatley,Regular Session 2022,,S,,Assigned Act No. 2022-90.,,,,,
SB117,Barfoot,Regular Session 2022,01/18/2022,S,,Read for the first time and referred to the Senate committee on Judiciary,JUDY,,,,
SB117,Barfoot,Regular Session 2022,02/02/2022,S,,Read for the second time and placed on the calendar  1 amendment,,0,11,,
SB117,Barfoot,Regular Session 2022,02/08/2022,S,,Third Reading Carried Over to Call of the Chair,,,,,
SB117,Barfoot,Regular Session 2022,02/08/2022,S,,Barfoot motion to Carry Over to the Call of the Chair adopted Voice Vote,,,,,
SB117,Barfoot,Regular Session 2022,02/24/2022,S,,Third Reading Passed,,,,,
SB117,Barfoot,Regular Session 2022,02/24/2022,S,216953-1,Judiciary  Amendment Offered,,,,,
SB117,Barfoot,Regular Session 2022,02/24/2022,S,,Barfoot motion to Table adopted Voice Vote,,,,,
SB117,Barfoot,Regular Session 2022,02/24/2022,S,217706-1,Barfoot first Substitute Offered,,,,,
SB117,Barfoot,Regular Session 2022,02/24/2022,S,,Barfoot motion to Adopt adopted Roll Call 438,,,,,Roll 438
SB117,Barfoot,Regular Session 2022,02/24/2022,S,,Motion to Read a Third Time and Pass adopted Roll Call 439,,,,,Roll 439
SB117,Barfoot,Regular Session 2022,02/24/2022,S,,Engrossed,,,,,
SB117,Barfoot,Regular Session 2022,02/24/2022,H,,Read for the first time and referred to the House of Representatives committee on State Government,SG,,,,
SB117,Barfoot,Regular Session 2022,03/31/2022,H,,Read for the second time and placed on the calendar  1 amendment,,,,,
SB117,Barfoot,Regular Session 2022,,H,,Pending third reading on day 18,,,,,
SB117,Barfoot,Regular Session 2022,,H,,Pending third reading on day 27 Favorable from State Government with 1 amendment,,,,,
SB117,Barfoot,Regular Session 2022,,H,219345-3,State Government first Amendment Offered,,,,,
SB118,Barfoot,Regular Session 2022,01/18/2022,S,,Read for the first time and referred to the Senate committee on Finance and Taxation General Fund,F&TG,,,,
SB119,Barfoot,Regular Session 2022,01/18/2022,S,,Read for the first time and referred to the Senate committee on Veterans and Military Affairs,V&MA,,,,
SB119,Barfoot,Regular Session 2022,02/02/2022,S,,Read for the second time and placed on the calendar with 1 substitute and,,0,6,0,
SB119,Barfoot,Regular Session 2022,02/15/2022,S,,Third Reading Passed,,,,,
SB119,Barfoot,Regular Session 2022,02/15/2022,S,216807-2,Veterans and Military Affairs first Substitute Offered,,,,,
SB119,Barfoot,Regular Session 2022,02/15/2022,S,,Barfoot motion to Adopt adopted Roll Call 245,,,,,Roll 245
SB119,Barfoot,Regular Session 2022,02/15/2022,S,,Motion to Read a Third Time and Pass adopted Roll Call 246,,,,,Roll 246
SB119,Barfoot,Regular Session 2022,02/16/2022,S,,Engrossed,,,,,
SB119,Barfoot,Regular Session 2022,02/16/2022,H,,Read for the first time and referred to the House of Representatives committee on Ways and Means Education,W&ME,,,,
SB119,Barfoot,Regular Session 2022,02/22/2022,H,,Rereferred from W&ME to M&VA,M&VA,,,,
SB119,Barfoot,Regular Session 2022,02/23/2022,H,,Read for the second time and placed on the calendar,,,,,
SB119,Barfoot,Regular Session 2022,02/24/2022,H,,Third Reading Passed,,,,,
SB119,Barfoot,Regular Session 2022,02/24/2022,H,,Motion to Read a Third Time and Pass adopted Roll Call 316,,,,,Roll 316
SB119,Barfoot,Regular Session 2022,02/24/2022,S,,Passed Second House,,,,,
SB119,Barfoot,Regular Session 2022,03/01/2022,S,,Enrolled,,,,,
SB119,Barfoot,Regular Session 2022,03/01/2022,H,,Signature Requested,,,,,
SB119,Barfoot,Regular Session 2022,,S,,Assigned Act No. 2022-91.,,,,,
SB120,Marsh,Regular Session 2022,01/18/2022,S,,Read for the first time and referred to the Senate committee on Healthcare,HLTH,,,,
SB120,Marsh,Regular Session 2022,03/10/2022,S,,Third Reading Carried Over to Call of the Chair,,,,,
SB120,Marsh,Regular Session 2022,03/10/2022,S,218865-1,Givhan  Amendment Offered,,,,,
SB120,Marsh,Regular Session 2022,03/10/2022,S,,Marsh motion to Adopt adopted Roll Call 536,,,,,Roll 536
SB120,Marsh,Regular Session 2022,03/10/2022,S,,Marsh motion to Carry Over to the Call of the Chair adopted Voice Vote,,,,,
SB120,Marsh,Regular Session 2022,03/10/2022,S,,Third Reading Passed,,,,,
SB120,Marsh,Regular Session 2022,03/10/2022,S,218874-1,Roberts  Amendment Offered,,,,,
SB120,Marsh,Regular Session 2022,03/10/2022,S,,Marsh motion to Adopt adopted Roll Call 538,,,,,Roll 538
SB120,Marsh,Regular Session 2022,03/10/2022,S,,Motion to Read a Third Time and Pass adopted Roll Call 539,,,,,Roll 539
SB120,Marsh,Regular Session 2022,03/10/2022,S,,Marsh motion to Reconsider and Table adopted Voice Vote,,,,,
SB120,Marsh,Regular Session 2022,03/10/2022,S,,Engrossed,,,,,
SB120,Marsh,Regular Session 2022,03/10/2022,H,,Read for the first time and referred to the House of Representatives committee on Health,HLTH,,,,
SB121,Livingston,Regular Session 2022,02/01/2022,S,,Read for the first time and referred to the Senate committee on Local Legislation,LL1,,,,
SB121,Livingston,Regular Session 2022,02/02/2022,S,,Read for the second time and placed on the calendar,,,,,
SB121,Livingston,Regular Session 2022,02/03/2022,S,,Third Reading Passed,,,,,
SB121,Livingston,Regular Session 2022,02/03/2022,S,,Motion to Read a Third Time and Pass adopted Roll Call 103,,,,,Roll 103
SB121,Livingston,Regular Session 2022,02/03/2022,H,,Read for the first time and referred to the House of Representatives committee on Local Legislation,LL,,,,
SB122,Livingston,Regular Session 2022,02/01/2022,S,,Read for the first time and referred to the Senate committee on Local Legislation,LL1,,,,
SB122,Livingston,Regular Session 2022,02/02/2022,S,,Read for the second time and placed on the calendar,,,,,
SB122,Livingston,Regular Session 2022,02/03/2022,S,,Third Reading Passed,,,,,
SB122,Livingston,Regular Session 2022,02/03/2022,S,,Motion to Read a Third Time and Pass adopted Roll Call 105,,,,,Roll 105
SB122,Livingston,Regular Session 2022,02/03/2022,H,,Read for the first time and referred to the House of Representatives committee on Local Legislation,LL,,,,
SB122,Livingston,Regular Session 2022,02/15/2022,H,,Read for the second time and placed on the calendar,,,,,
SB122,Livingston,Regular Session 2022,02/16/2022,H,,Third Reading Passed,,,,,
SB122,Livingston,Regular Session 2022,02/16/2022,H,,Motion to Read a Third Time and Pass adopted Roll Call 175,,,,,Roll 175
SB122,Livingston,Regular Session 2022,02/16/2022,S,,Passed Second House,,,,,
SB122,Livingston,Regular Session 2022,02/17/2022,S,,Enrolled,,,,,
SB122,Livingston,Regular Session 2022,02/17/2022,H,,Signature Requested,,,,,
SB122,Livingston,Regular Session 2022,,S,,Assigned Act No. 2022-47.,,,,,
SB123,Scofield,Regular Session 2022,02/01/2022,S,,Read for the first time and referred to the Senate committee on Fiscal Responsibility and Economic Development,FRED,,,,
SB123,Scofield,Regular Session 2022,02/09/2022,S,,Read for the second time and placed on the calendar  1 amendment,,0,12,,
SB123,Scofield,Regular Session 2022,02/10/2022,S,,Third Reading Passed,,,,,
SB123,Scofield,Regular Session 2022,02/10/2022,S,217355-2,Fiscal Responsibility and Economic Development  Amendment Offered,,,,,
SB123,Scofield,Regular Session 2022,02/10/2022,S,,Scofield motion to Adopt adopted Roll Call 180,,,,,Roll 180
SB123,Scofield,Regular Session 2022,02/10/2022,S,,Motion to Read a Third Time and Pass adopted Roll Call 181,,,,,Roll 181
SB123,Scofield,Regular Session 2022,02/10/2022,S,,Engrossed,,,,,
SB123,Scofield,Regular Session 2022,02/10/2022,H,,Read for the first time and referred to the House of Representatives committee on Urban and Rural Development,U&RD,,,,
SB123,Scofield,Regular Session 2022,02/23/2022,H,,Read for the second time and placed on the calendar,,,,,
SB123,Scofield,Regular Session 2022,03/03/2022,H,,Third Reading Passed,,,,,
SB123,Scofield,Regular Session 2022,03/03/2022,H,,Motion to Read a Third Time and Pass adopted Roll Call 459,,,,,Roll 459
SB123,Scofield,Regular Session 2022,03/03/2022,S,,Passed Second House,,,,,
SB123,Scofield,Regular Session 2022,03/03/2022,H,,Signature Requested,,,,,
SB123,Scofield,Regular Session 2022,03/03/2022,S,,Enrolled,,,,,
SB123,Scofield,Regular Session 2022,,S,,Assigned Act No. 2022-125.,,,,,
SB124,Scofield,Regular Session 2022,02/01/2022,S,,Read for the first time and referred to the Senate committee on Fiscal Responsibility and Economic Development,FRED,,,,
SB124,Scofield,Regular Session 2022,02/09/2022,S,,Read for the second time and placed on the calendar  1 amendment,,0,12,,
SB124,Scofield,Regular Session 2022,02/10/2022,S,,Third Reading Passed,,,,,
SB124,Scofield,Regular Session 2022,02/10/2022,S,217130-2,Fiscal Responsibility and Economic Development  Amendment Offered,,,,,
SB124,Scofield,Regular Session 2022,02/10/2022,S,217130-2,Fiscal Responsibility and Economic Development  Amendment Offered,,,,,
SB124,Scofield,Regular Session 2022,02/10/2022,S,,Scofield motion to Adopt adopted Roll Call 183,,,,,Roll 183
SB124,Scofield,Regular Session 2022,02/10/2022,S,,Reed motion to Reconsider adopted Voice Vote,,,,,
SB124,Scofield,Regular Session 2022,02/10/2022,S,,Motion to Read a Third Time and Pass adopted Roll Call 184,,,,,Roll 184
SB124,Scofield,Regular Session 2022,02/10/2022,S,217455-1,Scofield  Amendment Offered,,,,,
SB124,Scofield,Regular Session 2022,02/10/2022,S,,Motion to Read a Third Time and Pass adopted Roll Call 208,,,,,Roll 208
SB124,Scofield,Regular Session 2022,02/10/2022,S,,Scofield motion to Adopt adopted Roll Call 207,,,,,Roll 207
SB124,Scofield,Regular Session 2022,02/10/2022,S,,Engrossed,,,,,
SB124,Scofield,Regular Session 2022,02/10/2022,H,,Read for the first time and referred to the House of Representatives committee on Urban and Rural Development,U&RD,,,,
SB124,Scofield,Regular Session 2022,02/23/2022,H,,Read for the second time and placed on the calendar  1 amendment,,,,,
SB124,Scofield,Regular Session 2022,03/03/2022,H,,Third Reading Passed,,,,,
SB124,Scofield,Regular Session 2022,03/03/2022,H,218005-2,Urban and Rural Development  Amendment Offered,,,,,
SB124,Scofield,Regular Session 2022,03/03/2022,H,,Motion to Adopt adopted Roll Call 461,,,,,Roll 461
SB124,Scofield,Regular Session 2022,03/03/2022,H,,Motion to Read a Third Time and Pass adopted Roll Call 462,,,,,Roll 462
SB124,Scofield,Regular Session 2022,03/08/2022,S,,Concurrence Requested,,,,,
SB124,Scofield,Regular Session 2022,03/08/2022,S,,Reed motion to Concur In and Adopt adopted Roll Call 486,,,,,Roll 486
SB124,Scofield,Regular Session 2022,03/08/2022,H,,Concurred in Second House Amendment,,,,,
SB124,Scofield,Regular Session 2022,03/08/2022,S,,Enrolled,,,,,
SB124,Scofield,Regular Session 2022,03/08/2022,H,,Signature Requested,,,,,
SB124,Scofield,Regular Session 2022,,S,,Assigned Act No. 2022-138.,,,,,
SB125,Scofield,Regular Session 2022,02/01/2022,S,,Read for the first time and referred to the Senate committee on Fiscal Responsibility and Economic Development,FRED,,,,
SB125,Scofield,Regular Session 2022,02/09/2022,S,,Read for the second time and placed on the calendar  1 amendment,,0,12,,
SB125,Scofield,Regular Session 2022,02/10/2022,S,,Third Reading Passed,,,,,
SB125,Scofield,Regular Session 2022,02/10/2022,S,217181-2,Fiscal Responsibility and Economic Development  Amendment Offered,,,,,
SB125,Scofield,Regular Session 2022,02/10/2022,S,,Scofield motion to Adopt adopted Roll Call 186,,,,,Roll 186
SB125,Scofield,Regular Session 2022,02/10/2022,S,,Motion to Read a Third Time and Pass adopted Roll Call 187,,,,,Roll 187
SB125,Scofield,Regular Session 2022,02/10/2022,S,,Engrossed,,,,,
SB125,Scofield,Regular Session 2022,02/10/2022,H,,Read for the first time and referred to the House of Representatives committee on Urban and Rural Development,U&RD,,,,
SB125,Scofield,Regular Session 2022,02/23/2022,H,,Read for the second time and placed on the calendar,,,,,
SB125,Scofield,Regular Session 2022,,H,,Pending third reading on day 15 Favorable from Urban and Rural Development,,,,,
SB126,Whatley,Regular Session 2022,02/01/2022,S,,Read for the first time and referred to the Senate committee on Judiciary,JUDY,,,,
SB126,Whatley,Regular Session 2022,02/09/2022,S,,Read for the second time and placed on the calendar,,0,11,,
SB126,Whatley,Regular Session 2022,02/16/2022,S,,Third Reading Passed,,,,,
SB126,Whatley,Regular Session 2022,02/16/2022,S,,Motion to Read a Third Time and Pass adopted Roll Call 309,,,,,Roll 309
SB126,Whatley,Regular Session 2022,02/22/2022,H,,Read for the first time and referred to the House of Representatives committee on Ways and Means General Fund,W&MGF,,,,
SB126,Whatley,Regular Session 2022,03/02/2022,H,,Read for the second time and placed on the calendar,,,,,
SB126,Whatley,Regular Session 2022,03/17/2022,H,,Third Reading Passed,,,,,
SB126,Whatley,Regular Session 2022,03/17/2022,H,,Motion to Read a Third Time and Pass adopted Roll Call 675,,,,,Roll 675
SB126,Whatley,Regular Session 2022,03/29/2022,S,,Passed Second House,,,,,
SB126,Whatley,Regular Session 2022,03/29/2022,H,,Signature Requested,,,,,
SB126,Whatley,Regular Session 2022,03/29/2022,S,,Enrolled,,,,,
SB126,Whatley,Regular Session 2022,,S,,Assigned Act No. 2022-196.,,,,,
SB127,Allen,Regular Session 2022,02/01/2022,S,,Read for the first time and referred to the Senate committee on Education Policy,ED,,,,
SB127,Allen,Regular Session 2022,02/02/2022,S,,Read for the second time and placed on the calendar,,3,6,,
SB127,Allen,Regular Session 2022,04/06/2022,S,,Indefinitely Postponed,,,,,
SB128,Williams,Regular Session 2022,02/01/2022,S,,Read for the first time and referred to the Senate committee on Banking and Insurance,B&I,,,,
SB129,McClendon,Regular Session 2022,02/01/2022,S,,Read for the first time and referred to the Senate committee on Local Legislation,LL1,,,,
SB129,McClendon,Regular Session 2022,02/02/2022,S,,Read for the second time and placed on the calendar,,,,,
SB129,McClendon,Regular Session 2022,02/03/2022,S,,Third Reading Passed,,,,,
SB129,McClendon,Regular Session 2022,02/03/2022,S,,Motion to Read a Third Time and Pass adopted Roll Call 107,,,,,Roll 107
SB129,McClendon,Regular Session 2022,02/03/2022,H,,Read for the first time and referred to the House of Representatives committee on Local Legislation,LL,,,,
SB129,McClendon,Regular Session 2022,02/15/2022,H,,Read for the second time and placed on the calendar,,,,,
SB129,McClendon,Regular Session 2022,02/16/2022,H,,Third Reading Passed,,,,,
SB129,McClendon,Regular Session 2022,02/16/2022,H,,Motion to Read a Third Time and Pass adopted Roll Call 179,,,,,Roll 179
SB129,McClendon,Regular Session 2022,02/16/2022,S,,Passed Second House,,,,,
SB129,McClendon,Regular Session 2022,02/17/2022,S,,Enrolled,,,,,
SB129,McClendon,Regular Session 2022,02/17/2022,H,,Signature Requested,,,,,
SB129,McClendon,Regular Session 2022,,S,,Assigned Act No. 2022-48.,,,,,
SB130,Allen,Regular Session 2022,02/01/2022,S,,Read for the first time and referred to the Senate committee on Governmental Affairs,GA,,,,
SB131,Allen,Regular Session 2022,02/01/2022,S,,Read for the first time and referred to the Senate committee on Transportation and Energy,T&E,,,,
SB132,Jones,Regular Session 2022,02/01/2022,S,,Read for the first time and referred to the Senate committee on Local Legislation,LL1,,,,
SB132,Jones,Regular Session 2022,02/15/2022,S,,Read for the second time and placed on the calendar,,,,,
SB132,Jones,Regular Session 2022,02/16/2022,S,,Third Reading Passed,,,,,
SB132,Jones,Regular Session 2022,02/16/2022,S,,Motion to Read a Third Time and Pass adopted Roll Call 284,,,,,Roll 284
SB132,Jones,Regular Session 2022,02/16/2022,H,,Read for the first time and referred to the House of Representatives committee on Local Legislation,LL,,,,
SB132,Jones,Regular Session 2022,03/02/2022,H,,Read for the second time and placed on the calendar,,,,,
SB132,Jones,Regular Session 2022,03/03/2022,H,,Third Reading Passed,,,,,
SB132,Jones,Regular Session 2022,03/03/2022,H,,Motion to Read a Third Time and Pass adopted Roll Call 451,,,,,Roll 451
SB132,Jones,Regular Session 2022,03/03/2022,H,,Shaver filed Conflict of Interest,,,,,
SB132,Jones,Regular Session 2022,03/03/2022,S,,Passed Second House,,,,,
SB132,Jones,Regular Session 2022,03/03/2022,S,,Enrolled,,,,,
SB132,Jones,Regular Session 2022,03/03/2022,H,,Signature Requested,,,,,
SB132,Jones,Regular Session 2022,,S,,Assigned Act No. 2022-132.,,,,,
SB133,Chesteen,Regular Session 2022,02/01/2022,S,,Read for the first time and referred to the Senate committee on Governmental Affairs,GA,,,,
SB133,Chesteen,Regular Session 2022,02/08/2022,S,,Read for the second time and placed on the calendar,,0,8,,
SB133,Chesteen,Regular Session 2022,02/09/2022,S,,Third Reading Passed,,,,,
SB133,Chesteen,Regular Session 2022,02/09/2022,S,,Motion to Read a Third Time and Pass adopted Roll Call 161,,,,,Roll 161
SB133,Chesteen,Regular Session 2022,02/09/2022,H,,Read for the first time and referred to the House of Representatives committee on State Government,SG,,,,
SB133,Chesteen,Regular Session 2022,03/30/2022,H,,Read for the second time and placed on the calendar,,,,,
SB133,Chesteen,Regular Session 2022,04/07/2022,H,,Third Reading Passed,,,,,
SB133,Chesteen,Regular Session 2022,04/07/2022,H,,Motion to Read a Third Time and Pass adopted Roll Call 1000,,,,,Roll 1000
SB133,Chesteen,Regular Session 2022,04/07/2022,S,,Passed Second House,,,,,
SB133,Chesteen,Regular Session 2022,04/07/2022,S,,Enrolled,,,,,
SB133,Chesteen,Regular Session 2022,04/07/2022,H,,Signature Requested,,,,,
SB133,Chesteen,Regular Session 2022,,S,,Assigned Act No. 2022-415.,,,,,
SB134,Chesteen,Regular Session 2022,02/01/2022,S,,Read for the first time and referred to the Senate committee on Governmental Affairs,GA,,,,
SB134,Chesteen,Regular Session 2022,02/08/2022,S,,Read for the second time and placed on the calendar with 1 substitute and,,0,8,,
SB134,Chesteen,Regular Session 2022,02/10/2022,S,,Third Reading Passed,,,,,
SB134,Chesteen,Regular Session 2022,02/10/2022,S,217263-2,Governmental Affairs first Substitute Offered,,,,,
SB134,Chesteen,Regular Session 2022,02/10/2022,S,,Chesteen motion to Adopt adopted Roll Call 173,,,,,Roll 173
SB134,Chesteen,Regular Session 2022,02/10/2022,S,,Motion to Read a Third Time and Pass adopted Roll Call 174,,,,,Roll 174
SB134,Chesteen,Regular Session 2022,02/10/2022,S,,Engrossed,,,,,
SB134,Chesteen,Regular Session 2022,02/10/2022,H,,Read for the first time and referred to the House of Representatives committee on Judiciary,JUDY,,,,
SB134,Chesteen,Regular Session 2022,02/23/2022,H,,Read for the second time and placed on the calendar,,,,,
SB134,Chesteen,Regular Session 2022,03/02/2022,H,,Third Reading Passed,,,,,
SB134,Chesteen,Regular Session 2022,03/02/2022,H,,Motion to Read a Third Time and Pass adopted Roll Call 418,,,,,Roll 418
SB134,Chesteen,Regular Session 2022,03/02/2022,S,,Passed Second House,,,,,
SB134,Chesteen,Regular Session 2022,03/02/2022,S,,Enrolled,,,,,
SB134,Chesteen,Regular Session 2022,03/02/2022,H,,Signature Requested,,,,,
SB134,Chesteen,Regular Session 2022,,S,,Assigned Act No. 2022-114.,,,,,
SB135,Givhan,Regular Session 2022,02/01/2022,S,,Read for the first time and referred to the Senate committee on Governmental Affairs,GA,,,,
SB135,Givhan,Regular Session 2022,02/08/2022,S,,Read for the second time and placed on the calendar,,0,8,,
SB135,Givhan,Regular Session 2022,02/10/2022,S,,Third Reading Passed,,,,,
SB135,Givhan,Regular Session 2022,02/10/2022,S,,Motion to Read a Third Time and Pass adopted Roll Call 176,,,,,Roll 176
SB135,Givhan,Regular Session 2022,02/10/2022,H,,Read for the first time and referred to the House of Representatives committee on State Government,SG,,,,
SB135,Givhan,Regular Session 2022,02/23/2022,H,,Read for the second time and placed on the calendar,,,,,
SB135,Givhan,Regular Session 2022,03/02/2022,H,,Third Reading Passed,,,,,
SB135,Givhan,Regular Session 2022,03/02/2022,H,,Motion to Read a Third Time and Pass adopted Roll Call 439,,,,,Roll 439
SB135,Givhan,Regular Session 2022,03/02/2022,S,,Passed Second House,,,,,
SB135,Givhan,Regular Session 2022,03/03/2022,S,,Enrolled,,,,,
SB135,Givhan,Regular Session 2022,03/03/2022,H,,Signature Requested,,,,,
SB135,Givhan,Regular Session 2022,,S,,Assigned Act No. 2022-120.,,,,,
SB136,Jones,Regular Session 2022,02/01/2022,S,,Read for the first time and referred to the Senate committee on Local Legislation,LL1,,,,
SB136,Jones,Regular Session 2022,02/15/2022,S,,Read for the second time and placed on the calendar,,,,,
SB136,Jones,Regular Session 2022,02/16/2022,S,,Third Reading Passed,,,,,
SB136,Jones,Regular Session 2022,02/16/2022,S,,Motion to Read a Third Time and Pass adopted Roll Call 286,,,,,Roll 286
SB136,Jones,Regular Session 2022,02/16/2022,H,,Read for the first time and referred to the House of Representatives committee on Local Legislation,LL,,,,
SB136,Jones,Regular Session 2022,02/24/2022,H,,Read for the second time and placed on the calendar,,,,,
SB136,Jones,Regular Session 2022,03/01/2022,H,,Third Reading Passed,,,,,
SB136,Jones,Regular Session 2022,03/01/2022,H,,Motion to Read a Third Time and Pass adopted Roll Call 368,,,,,Roll 368
SB136,Jones,Regular Session 2022,03/01/2022,S,,Passed Second House,,,,,
SB136,Jones,Regular Session 2022,03/01/2022,H,,Signature Requested,,,,,
SB136,Jones,Regular Session 2022,03/01/2022,S,,Enrolled,,,,,
SB136,Jones,Regular Session 2022,,S,,Assigned Act No. 2022-105.,,,,,
SB137,Smitherman,Regular Session 2022,02/01/2022,S,,Read for the first time and referred to the Senate committee on Governmental Affairs,GA,,,,
SB137,Smitherman,Regular Session 2022,02/08/2022,S,,Read for the second time and placed on the calendar  1 amendment,,0,8,,
SB137,Smitherman,Regular Session 2022,02/10/2022,S,,Third Reading Passed,,,,,
SB137,Smitherman,Regular Session 2022,02/10/2022,S,217205-2,Governmental Affairs  Amendment Offered,,,,,
SB137,Smitherman,Regular Session 2022,02/10/2022,S,,Smitherman motion to Adopt adopted Roll Call 189,,,,,Roll 189
SB137,Smitherman,Regular Session 2022,02/10/2022,S,,Motion to Read a Third Time and Pass adopted Roll Call 190,,,,,Roll 190
SB137,Smitherman,Regular Session 2022,02/10/2022,S,,Engrossed,,,,,
SB137,Smitherman,Regular Session 2022,02/10/2022,H,,Read for the first time and referred to the House of Representatives committee on State Government,SG,,,,
SB137,Smitherman,Regular Session 2022,04/05/2022,H,,Read for the second time and placed on the calendar,,,,,
SB137,Smitherman,Regular Session 2022,,H,,Pending third reading on day 28 Favorable from State Government,,,,,
SB138,Chambliss,Regular Session 2022,02/01/2022,S,,Read for the first time and referred to the Senate committee on Local Legislation,LL1,,,,
SB138,Chambliss,Regular Session 2022,02/02/2022,S,,Read for the second time and placed on the calendar,,,,,
SB138,Chambliss,Regular Session 2022,02/03/2022,S,,Third Reading Passed,,,,,
SB138,Chambliss,Regular Session 2022,02/03/2022,S,,Motion to Read a Third Time and Pass adopted Roll Call 98,,,,,Roll 98
SB138,Chambliss,Regular Session 2022,02/03/2022,S,,Chambliss motion to adopt Local Application Resolution adopted Roll Call 99,,,,,Roll 99
SB138,Chambliss,Regular Session 2022,02/03/2022,H,,Read for the first time and referred to the House of Representatives committee on Local Legislation,LL,,,,
SB138,Chambliss,Regular Session 2022,03/17/2022,H,,Read for the second time and placed on the calendar  1 amendment,,,,,
SB138,Chambliss,Regular Session 2022,03/29/2022,H,,Third Reading Passed,,,,,
SB138,Chambliss,Regular Session 2022,03/29/2022,H,218979-2,Local Legislation  Amendment Offered,,,,,
SB138,Chambliss,Regular Session 2022,03/29/2022,H,,"Mooney intended to vote ""Abstain""",,,,,
SB138,Chambliss,Regular Session 2022,03/29/2022,H,,Motion to Adopt adopted Roll Call 718,,,,,Roll 718
SB138,Chambliss,Regular Session 2022,03/29/2022,H,,Motion to Read a Third Time and Pass adopted Roll Call 719,,,,,Roll 719
SB138,Chambliss,Regular Session 2022,03/29/2022,H,,Local Application Resolution adopted Roll Call 720,,,,,Roll 720
SB138,Chambliss,Regular Session 2022,03/29/2022,H,,"Mooney intended to vote ""Abstain""",,,,,
SB138,Chambliss,Regular Session 2022,03/29/2022,S,,Concurrence Requested,,,,,
SB138,Chambliss,Regular Session 2022,03/29/2022,S,,"Reed motion to Non Concur and Appoint Conference Committee adopted Roll Call 761 P&PO appoints Chambliss, Reed and Singleton",,,,,Roll 761
SB138,Chambliss,Regular Session 2022,03/31/2022,H,,Conference Committee Requested,,,,,
SB138,Chambliss,Regular Session 2022,03/31/2022,H,,"Smith motion to Accede adopted Roll Call 816 House appoints Smith, Lawrence and Dismukes",,,,,Roll 816
SB138,Chambliss,Regular Session 2022,03/31/2022,S,,Conference Committee Appointed,,,,,
SB138,Chambliss,Regular Session 2022,04/06/2022,S,,Conference Report,,,,,
SB138,Chambliss,Regular Session 2022,04/06/2022,S,,Reed motion to Concur In and Adopt adopted Roll Call 1031,,,,,Roll 1031
SB138,Chambliss,Regular Session 2022,04/07/2022,H,,Conference Report Concurrence Requested,,,,,
SB138,Chambliss,Regular Session 2022,04/07/2022,H,,Smith motion to Concur In and Adopt adopted Roll Call 972,,,,,Roll 972
SB138,Chambliss,Regular Session 2022,04/07/2022,S,,Concurred in Conference Report,,,,,
SB138,Chambliss,Regular Session 2022,04/07/2022,S,,Enrolled,,,,,
SB138,Chambliss,Regular Session 2022,04/07/2022,H,,Signature Requested,,,,,
SB138,Chambliss,Regular Session 2022,,S,219851-1,Conference Committee on SB138 2022RS first Substitute Offered,,,,,
SB138,Chambliss,Regular Session 2022,,S,,Assigned Act No. 2022-287.,,,,,
SB139,Chambliss,Regular Session 2022,02/01/2022,S,,Read for the first time and referred to the Senate committee on Local Legislation,LL1,,,,
SB139,Chambliss,Regular Session 2022,02/02/2022,S,,Read for the second time and placed on the calendar,,,,,
SB139,Chambliss,Regular Session 2022,02/03/2022,S,,Third Reading Passed,,,,,
SB139,Chambliss,Regular Session 2022,02/03/2022,S,,Motion to Read a Third Time and Pass adopted Roll Call 101,,,,,Roll 101
SB139,Chambliss,Regular Session 2022,02/03/2022,H,,Read for the first time and referred to the House of Representatives committee on Local Legislation,LL,,,,
SB139,Chambliss,Regular Session 2022,02/15/2022,H,,Read for the second time and placed on the calendar,,,,,
SB139,Chambliss,Regular Session 2022,02/16/2022,H,,Third Reading Passed,,,,,
SB139,Chambliss,Regular Session 2022,02/16/2022,H,,Motion to Read a Third Time and Pass adopted Roll Call 181,,,,,Roll 181
SB139,Chambliss,Regular Session 2022,02/16/2022,H,,"Lawrence intended to vote ""Yea""",,,,,
SB139,Chambliss,Regular Session 2022,02/16/2022,S,,Passed Second House,,,,,
SB139,Chambliss,Regular Session 2022,02/17/2022,S,,Enrolled,,,,,
SB139,Chambliss,Regular Session 2022,02/17/2022,H,,Signature Requested,,,,,
SB139,Chambliss,Regular Session 2022,,S,,Assigned Act No. 2022-49.,,,,,
SB140,Marsh,Regular Session 2022,02/01/2022,S,,Read for the first time and referred to the Senate committee on Education Policy,ED,,,,
SB140,Marsh,Regular Session 2022,02/02/2022,S,,Read for the second time and placed on the calendar  2 amendments,,3,5,2,
SB140,Marsh,Regular Session 2022,,S,216886-2,Education Policy first Amendment Offered,,,,,
SB140,Marsh,Regular Session 2022,,S,,Pending third reading on day 6 Favorable from Education Policy with 2 amendments,,,,,
SB140,Marsh,Regular Session 2022,04/06/2022,S,216934-3,Indefinitely Postponed,,,,,
SB141,Butler,Regular Session 2022,02/01/2022,S,,Read for the first time and referred to the Senate committee on Veterans and Military Affairs,V&MA,,,,
SB141,Butler,Regular Session 2022,02/02/2022,S,,Read for the second time and placed on the calendar,,0,6,0,
SB141,Butler,Regular Session 2022,02/15/2022,S,,Third Reading Passed,,,,,
SB141,Butler,Regular Session 2022,02/15/2022,S,,Motion to Read a Third Time and Pass adopted Roll Call 248,,,,,Roll 248
SB141,Butler,Regular Session 2022,02/15/2022,H,,Read for the first time and referred to the House of Representatives committee on Military and Veterans Affairs,M&VA,,,,
SB141,Butler,Regular Session 2022,02/23/2022,H,,Read for the second time and placed on the calendar  1 amendment,,,,,
SB141,Butler,Regular Session 2022,02/24/2022,H,,Third Reading Passed,,,,,
SB141,Butler,Regular Session 2022,02/24/2022,H,218058-2,Military and Veterans Affairs  Amendment Offered,,,,,
SB141,Butler,Regular Session 2022,02/24/2022,H,,Motion to Adopt adopted Roll Call 307,,,,,Roll 307
SB141,Butler,Regular Session 2022,02/24/2022,H,,Motion to Read a Third Time and Pass adopted Roll Call 308,,,,,Roll 308
SB141,Butler,Regular Session 2022,02/24/2022,S,,Concurrence Requested,,,,,
SB141,Butler,Regular Session 2022,02/24/2022,S,,Butler motion to Concur In and Adopt adopted Roll Call 440,,,,,Roll 440
SB141,Butler,Regular Session 2022,02/24/2022,H,,Concurred in Second House Amendment,,,,,
SB141,Butler,Regular Session 2022,03/01/2022,S,,Enrolled,,,,,
SB141,Butler,Regular Session 2022,03/01/2022,H,,Signature Requested,,,,,
SB141,Butler,Regular Session 2022,,S,,Assigned Act No. 2022-92.,,,,,
SB142,Whatley,Regular Session 2022,02/01/2022,S,,Read for the first time and referred to the Senate committee on Judiciary,JUDY,,,,
SB142,Whatley,Regular Session 2022,02/16/2022,S,,Read for the second time and placed on the calendar,,0,9,,
SB142,Whatley,Regular Session 2022,02/23/2022,S,,Third Reading Passed,,,,,
SB142,Whatley,Regular Session 2022,02/23/2022,S,,Motion to Read a Third Time and Pass adopted Roll Call 377,,,,,Roll 377
SB142,Whatley,Regular Session 2022,02/24/2022,H,,Read for the first time and referred to the House of Representatives committee on Military and Veterans Affairs,M&VA,,,,
SB143,Melson,Regular Session 2022,02/01/2022,S,,Read for the first time and referred to the Senate committee on Governmental Affairs,GA,,,,
SB144,Melson,Regular Session 2022,02/01/2022,S,,Read for the first time and referred to the Senate committee on Healthcare,HLTH,,,,
SB145,Shelnutt,Regular Session 2022,02/01/2022,S,,Read for the first time and referred to the Senate committee on Finance and Taxation Education,F&TE,,,,
SB146,Marsh,Regular Session 2022,02/01/2022,S,,Read for the first time and referred to the Senate committee on Finance and Taxation Education,F&TE,,,,
SB147,Orr,Regular Session 2022,02/01/2022,S,,Read for the first time and referred to the Senate committee on Governmental Affairs,GA,,,,
SB147,Orr,Regular Session 2022,02/08/2022,S,,Read for the second time and placed on the calendar  1 amendment,,0,8,,
SB147,Orr,Regular Session 2022,02/09/2022,S,,Third Reading Passed,,,,,
SB147,Orr,Regular Session 2022,02/09/2022,S,217200-2,Governmental Affairs  Amendment Offered,,,,,
SB147,Orr,Regular Session 2022,02/09/2022,S,,Orr motion to Adopt adopted Roll Call 155,,,,,Roll 155
SB147,Orr,Regular Session 2022,02/09/2022,S,,Motion to Read a Third Time and Pass adopted Roll Call 156,,,,,Roll 156
SB147,Orr,Regular Session 2022,02/09/2022,S,,Engrossed,,,,,
SB147,Orr,Regular Session 2022,02/09/2022,H,,Read for the first time and referred to the House of Representatives committee on State Government,SG,,,,
SB147,Orr,Regular Session 2022,03/09/2022,H,,Read for the second time and placed on the calendar  2 amendments,,,,,
SB147,Orr,Regular Session 2022,03/17/2022,H,,Third Reading Carried Over,,,,,
SB147,Orr,Regular Session 2022,03/17/2022,H,217908-2,State Government 1ST Amendment Offered,,,,,
SB147,Orr,Regular Session 2022,03/17/2022,H,,Chestnut motion to Table adopted Roll Call 692,,,,,Roll 692
SB147,Orr,Regular Session 2022,03/17/2022,H,218664-4,State Government 2ND Amendment Offered,,,,,
SB147,Orr,Regular Session 2022,03/17/2022,H,,Chestnut motion to Table adopted Roll Call 693,,,,,Roll 693
SB147,Orr,Regular Session 2022,03/17/2022,H,218825-1,Chestnut  Amendment Offered,,,,,
SB147,Orr,Regular Session 2022,03/17/2022,H,,Chestnut motion to Carry Over Temporarily adopted Voice Vote,,,,,
SB147,Orr,Regular Session 2022,04/05/2022,H,,Third Reading Passed,,,,,
SB147,Orr,Regular Session 2022,04/05/2022,H,,Chestnut motion to withdraw his amendment adopted Voice Vote,,,,,
SB147,Orr,Regular Session 2022,04/05/2022,H,219536-1,Chestnut first Substitute Offered,,,,,
SB147,Orr,Regular Session 2022,04/05/2022,H,,Motion to Adopt adopted Voice Vote 904,,,,,
SB147,Orr,Regular Session 2022,04/05/2022,H,,Motion to Read a Third Time and Pass adopted Voice Vote 905,,,,,
SB147,Orr,Regular Session 2022,04/05/2022,S,,Concurrence Requested,,,,,
SB147,Orr,Regular Session 2022,04/05/2022,S,,Reed motion to Concur In and Adopt adopted Roll Call 960,,,,,Roll 960
SB147,Orr,Regular Session 2022,04/06/2022,H,,Concurred in Second House Amendment,,,,,
SB147,Orr,Regular Session 2022,04/06/2022,S,,Enrolled,,,,,
SB147,Orr,Regular Session 2022,04/06/2022,H,,Signature Requested,,,,,
SB147,Orr,Regular Session 2022,,H,218664-4,State Government second Amendment Offered,,,,,
SB147,Orr,Regular Session 2022,,S,,"Forwarded to Governor at 2:04 p.m. on April 6, 2022",,,,,
SB147,Orr,Regular Session 2022,,H,,Assigned Act No. 2022-421.,,,,,
SB148,Butler,Regular Session 2022,02/01/2022,S,,Read for the first time and referred to the Senate committee on Finance and Taxation General Fund,F&TG,,,,
SB148,Butler,Regular Session 2022,02/23/2022,S,,Read for the second time and placed on the calendar,,0,15,0,
SB148,Butler,Regular Session 2022,03/01/2022,S,,Third Reading Carried Over to Call of the Chair,,,,,
SB148,Butler,Regular Session 2022,03/01/2022,S,,Butler motion to Carry Over to the Call of the Chair adopted Voice Vote,,,,,
SB148,Butler,Regular Session 2022,03/29/2022,S,,Third Reading Passed,,,,,
SB148,Butler,Regular Session 2022,03/29/2022,S,216921-1,Butler  Amendment Offered,,,,,
SB148,Butler,Regular Session 2022,03/29/2022,S,,Butler motion to Adopt adopted Roll Call 726,,,,,Roll 726
SB148,Butler,Regular Session 2022,03/29/2022,S,,Motion to Read a Third Time and Pass adopted Roll Call 727,,,,,Roll 727
SB148,Butler,Regular Session 2022,03/29/2022,S,,Engrossed,,,,,
SB148,Butler,Regular Session 2022,03/29/2022,H,,Read for the first time and referred to the House of Representatives committee on Ways and Means General Fund,W&MGF,,,,
SB148,Butler,Regular Session 2022,04/05/2022,H,,Read for the second time and placed on the calendar,,,,,
SB148,Butler,Regular Session 2022,,H,,Pending third reading on day 28 Favorable from Ways and Means General Fund,,,,,
SB149,Smitherman,Regular Session 2022,02/01/2022,S,,Read for the first time and referred to the Senate committee on Governmental Affairs,GA,,,,
SB150,Orr,Regular Session 2022,02/01/2022,S,,Read for the first time and referred to the Senate committee on Fiscal Responsibility and Economic Development,FRED,,,,
SB150,Orr,Regular Session 2022,02/09/2022,S,,Read for the second time and placed on the calendar,,0,11,,
SB150,Orr,Regular Session 2022,02/15/2022,S,,Third Reading Passed,,,,,
SB150,Orr,Regular Session 2022,02/15/2022,S,,Motion to Read a Third Time and Pass adopted Roll Call 254,,,,,Roll 254
SB150,Orr,Regular Session 2022,02/15/2022,S,,Orr motion to Reconsider adopted Roll Call 255,,,,,Roll 255
SB150,Orr,Regular Session 2022,02/15/2022,S,217578-2,Orr  Amendment Offered,,,,,
SB150,Orr,Regular Session 2022,02/15/2022,S,,Orr motion to Adopt adopted Roll Call 256,,,,,Roll 256
SB150,Orr,Regular Session 2022,02/15/2022,S,,Motion to Read a Third Time and Pass adopted Roll Call 257,,,,,Roll 257
SB150,Orr,Regular Session 2022,02/16/2022,S,,Engrossed,,,,,
SB150,Orr,Regular Session 2022,02/16/2022,H,,Read for the first time and referred to the House of Representatives committee on Commerce and Small Business,C&SB,,,,
SB150,Orr,Regular Session 2022,03/09/2022,H,,Read for the second time and placed on the calendar,,,,,
SB150,Orr,Regular Session 2022,03/15/2022,H,,Third Reading Passed,,,,,
SB150,Orr,Regular Session 2022,03/15/2022,H,,Motion to Read a Third Time and Pass adopted Roll Call 643,,,,,Roll 643
SB150,Orr,Regular Session 2022,03/15/2022,S,,Passed Second House,,,,,
SB150,Orr,Regular Session 2022,03/17/2022,H,,Signature Requested,,,,,
SB150,Orr,Regular Session 2022,03/17/2022,S,,Enrolled,,,,,
SB150,Orr,Regular Session 2022,03/30/2022,S,215030-5,Executive Amendment Offered,,,,,
SB150,Orr,Regular Session 2022,03/30/2022,S,219598-1,Orr motion to Concur in and Adopt adopted,,,,,
SB150,Orr,Regular Session 2022,03/31/2022,H,,House of Origin Concurs in Executive Amendment,,,,,
SB150,Orr,Regular Session 2022,03/31/2022,H,,Almond motion to Concur In and Adopt adopted Roll Call 815,,,,,Roll 815
SB150,Orr,Regular Session 2022,03/31/2022,S,,Second House Concurs in Executive Amendment,,,,,
SB150,Orr,Regular Session 2022,03/31/2022,S,,Enrolled,,,,,
SB150,Orr,Regular Session 2022,03/31/2022,H,,Signature Requested,,,,,
SB150,Orr,Regular Session 2022,,S,,Assigned Act No. 2022-197.,,,,,
SB151,Orr,Regular Session 2022,02/01/2022,S,,Read for the first time and referred to the Senate committee on Finance and Taxation Education,F&TE,,,,
SB152,Roberts,Regular Session 2022,02/01/2022,S,,Read for the first time and referred to the Senate committee on Finance and Taxation Education,F&TE,,,,
SB152,Roberts,Regular Session 2022,02/02/2022,S,,Read for the second time and placed on the calendar,,0,12,0,
SB152,Roberts,Regular Session 2022,02/03/2022,S,,Third Reading Passed,,,,,
SB152,Roberts,Regular Session 2022,02/03/2022,S,,Motion to Read a Third Time and Pass adopted Roll Call 114,,,,,Roll 114
SB152,Roberts,Regular Session 2022,02/03/2022,H,,Read for the first time and referred to the House of Representatives committee on Ways and Means Education,W&ME,,,,
SB152,Roberts,Regular Session 2022,02/16/2022,H,,Read for the second time and placed on the calendar  1 amendment,,,,,
SB152,Roberts,Regular Session 2022,02/17/2022,H,,Third Reading Passed,,,,,
SB152,Roberts,Regular Session 2022,02/17/2022,H,217733-2,Ways and Means Education  Amendment Offered,,,,,
SB152,Roberts,Regular Session 2022,02/17/2022,H,,Motion to Adopt adopted Roll Call 271,,,,,Roll 271
SB152,Roberts,Regular Session 2022,02/17/2022,H,,Motion to Read a Third Time and Pass adopted Roll Call 272,,,,,Roll 272
SB152,Roberts,Regular Session 2022,02/22/2022,S,,Concurrence Requested,,,,,
SB152,Roberts,Regular Session 2022,02/22/2022,S,,Roberts motion to Concur In and Adopt adopted Roll Call 365,,,,,Roll 365
SB152,Roberts,Regular Session 2022,02/22/2022,H,,Concurred in Second House Amendment,,,,,
SB152,Roberts,Regular Session 2022,02/22/2022,H,,Signature Requested,,,,,
SB152,Roberts,Regular Session 2022,02/22/2022,S,,Enrolled,,,,,
SB152,Roberts,Regular Session 2022,,S,,Assigned Act No. 2022-75.,,,,,
SB153,Coleman-Madison,Regular Session 2022,02/01/2022,S,,Read for the first time and referred to the Senate committee on Education Policy,ED,,,,
SB153,Coleman-Madison,Regular Session 2022,03/03/2022,S,,Referred to Committee on Finance and Taxation Education,F&TE,,,,
SB154,Price,Regular Session 2022,02/01/2022,S,,Read for the first time and referred to the Senate committee on Transportation and Energy,T&E,,,,
SB154,Price,Regular Session 2022,02/09/2022,S,,Read for the second time and placed on the calendar,,0,11,,
SB154,Price,Regular Session 2022,02/16/2022,S,,Third Reading Passed,,,,,
SB154,Price,Regular Session 2022,02/16/2022,S,,Motion to Read a Third Time and Pass adopted Roll Call 295,,,,,Roll 295
SB154,Price,Regular Session 2022,02/16/2022,H,,"Read for the first time and referred to the House of Representatives committee on Transportation, Utilities and Infrastructure",TU&I,,,,
SB154,Price,Regular Session 2022,02/23/2022,H,,Read for the second time and placed on the calendar,,,,,
SB154,Price,Regular Session 2022,03/15/2022,H,,Third Reading Passed,,,,,
SB154,Price,Regular Session 2022,03/15/2022,H,,Motion to Read a Third Time and Pass adopted Roll Call 635,,,,,Roll 635
SB154,Price,Regular Session 2022,03/15/2022,S,,Passed Second House,,,,,
SB154,Price,Regular Session 2022,03/17/2022,H,,Signature Requested,,,,,
SB154,Price,Regular Session 2022,03/17/2022,S,,Enrolled,,,,,
SB154,Price,Regular Session 2022,,S,,Assigned Act No. 2022-181.,,,,,
SB155,Stutts,Regular Session 2022,02/01/2022,S,,Read for the first time and referred to the Senate committee on Finance and Taxation Education,F&TE,,,,
SB156,Orr,Regular Session 2022,02/01/2022,S,,Read for the first time and referred to the Senate committee on Fiscal Responsibility and Economic Development,FRED,,,,
SB156,Orr,Regular Session 2022,02/09/2022,S,,Read for the second time and placed on the calendar,,0,11,,
SB156,Orr,Regular Session 2022,03/01/2022,S,,Third Reading Carried Over to Call of the Chair,,,,,
SB156,Orr,Regular Session 2022,03/01/2022,S,218152-1,Orr  Amendment Offered,,,,,
SB156,Orr,Regular Session 2022,03/01/2022,S,,Orr motion to Adopt adopted Roll Call 452,,,,,Roll 452
SB156,Orr,Regular Session 2022,03/01/2022,S,,Orr motion to Carry Over to the Call of the Chair adopted Voice Vote,,,,,
SB156,Orr,Regular Session 2022,04/06/2022,S,,Indefinitely Postponed,,,,,
SB157,Barfoot,Regular Session 2022,02/01/2022,S,,"Read for the first time and referred to the Senate committee on Agriculture, Conservation and Forestry",AC&F,,,,
SB157,Barfoot,Regular Session 2022,02/02/2022,S,,Read for the second time and placed on the calendar,,1,11,,
SB157,Barfoot,Regular Session 2022,04/06/2022,S,,Indefinitely Postponed,,,,,
SB158,Singleton,Regular Session 2022,02/01/2022,S,,Read for the first time and referred to the Senate committee on Judiciary,JUDY,,,,
SB158,Singleton,Regular Session 2022,03/17/2022,S,,Read for the second time and placed on the calendar,,0,9,,
SB158,Singleton,Regular Session 2022,03/30/2022,S,,Third Reading Passed,,,,,
SB158,Singleton,Regular Session 2022,03/30/2022,S,,Motion to Read a Third Time and Pass adopted Roll Call 809,,,,,Roll 809
SB158,Singleton,Regular Session 2022,03/30/2022,H,,Read for the first time and referred to the House of Representatives committee on Ways and Means General Fund,W&MGF,,,,
SB158,Singleton,Regular Session 2022,04/05/2022,H,,Read for the second time and placed on the calendar,,,,,
SB158,Singleton,Regular Session 2022,04/07/2022,H,,Third Reading Passed,,,,,
SB158,Singleton,Regular Session 2022,04/07/2022,H,,Motion to Read a Third Time and Pass adopted Roll Call 1004,,,,,Roll 1004
SB158,Singleton,Regular Session 2022,04/07/2022,S,,Passed Second House,,,,,
SB158,Singleton,Regular Session 2022,04/07/2022,S,,Enrolled,,,,,
SB158,Singleton,Regular Session 2022,04/07/2022,H,,Signature Requested,,,,,
SB158,Singleton,Regular Session 2022,,S,,Assigned Act No. 2022-426.,,,,,
SB159,Singleton,Regular Session 2022,02/01/2022,S,,Read for the first time and referred to the Senate committee on Governmental Affairs,GA,,,,
SB159,Singleton,Regular Session 2022,02/08/2022,S,,Read for the second time and placed on the calendar,,0,8,,
SB159,Singleton,Regular Session 2022,02/09/2022,S,,Third Reading Carried Over to Call of the Chair,,,,,
SB159,Singleton,Regular Session 2022,02/09/2022,S,,Singleton motion to Carry Over to the Call of the Chair adopted Voice Vote,,,,,
SB159,Singleton,Regular Session 2022,02/09/2022,S,,Third Reading Passed,,,,,
SB159,Singleton,Regular Session 2022,02/09/2022,S,217453-1,Coleman-Madison  Amendment Offered,,,,,
SB159,Singleton,Regular Session 2022,02/09/2022,S,,Singleton motion to Adopt adopted Roll Call 167,,,,,Roll 167
SB159,Singleton,Regular Session 2022,02/09/2022,S,,Motion to Read a Third Time and Pass adopted Roll Call 168,,,,,Roll 168
SB159,Singleton,Regular Session 2022,02/10/2022,S,,Engrossed,,,,,
SB159,Singleton,Regular Session 2022,02/10/2022,H,,Read for the first time and referred to the House of Representatives committee on State Government,SG,,,,
SB159,Singleton,Regular Session 2022,03/09/2022,H,,Read for the second time and placed on the calendar,,,,,
SB159,Singleton,Regular Session 2022,03/17/2022,H,,Third Reading Passed,,,,,
SB159,Singleton,Regular Session 2022,03/17/2022,H,,Motion to Read a Third Time and Pass adopted Roll Call 686,,,,,Roll 686
SB159,Singleton,Regular Session 2022,03/29/2022,S,,Passed Second House,,,,,
SB159,Singleton,Regular Session 2022,03/29/2022,H,,Signature Requested,,,,,
SB159,Singleton,Regular Session 2022,03/29/2022,S,,Enrolled,,,,,
SB159,Singleton,Regular Session 2022,,S,,Assigned Act No. 2022-198.,,,,,
SB160,Singleton,Regular Session 2022,02/01/2022,S,,Read for the first time and referred to the Senate committee on Judiciary,JUDY,,,,
SB160,Singleton,Regular Session 2022,02/16/2022,S,,Read for the second time and placed on the calendar,,4,5,,
SB160,Singleton,Regular Session 2022,04/06/2022,S,,Indefinitely Postponed,,,,,
SB161,Singleton,Regular Session 2022,02/01/2022,S,,Read for the first time and referred to the Senate committee on Governmental Affairs,GA,,,,
SB162,Coleman-Madison,Regular Session 2022,02/01/2022,S,,Read for the first time and referred to the Senate committee on Governmental Affairs,GA,,,,
SB162,Coleman-Madison,Regular Session 2022,02/08/2022,S,,Read for the second time and placed on the calendar,,0,8,,
SB162,Coleman-Madison,Regular Session 2022,02/09/2022,S,,Third Reading Passed,,,,,
SB162,Coleman-Madison,Regular Session 2022,02/09/2022,S,,Motion to Read a Third Time and Pass adopted Roll Call 149,,,,,Roll 149
SB162,Coleman-Madison,Regular Session 2022,02/09/2022,H,,Read for the first time and referred to the House of Representatives committee on State Government,SG,,,,
SB162,Coleman-Madison,Regular Session 2022,02/16/2022,H,,Read for the second time and placed on the calendar,,,,,
SB162,Coleman-Madison,Regular Session 2022,03/15/2022,H,,Third Reading Passed,,,,,
SB162,Coleman-Madison,Regular Session 2022,03/15/2022,H,,Motion to Read a Third Time and Pass adopted Roll Call 626,,,,,Roll 626
SB162,Coleman-Madison,Regular Session 2022,03/15/2022,S,,Passed Second House,,,,,
SB162,Coleman-Madison,Regular Session 2022,03/17/2022,H,,Signature Requested,,,,,
SB162,Coleman-Madison,Regular Session 2022,03/17/2022,S,,Enrolled,,,,,
SB162,Coleman-Madison,Regular Session 2022,,S,,Assigned Act No. 2022-182.,,,,,
SB163,Figures,Regular Session 2022,02/01/2022,S,,Read for the first time and referred to the Senate committee on Tourism,TM,,,,
SB163,Figures,Regular Session 2022,02/09/2022,S,,Reported from Tourism as Favorable with 1 amendment,,1,10,,
SB163,Figures,Regular Session 2022,,S,,Pending third reading on day 9 Favorable from Tourism with 1 amendment,,,,,
SB163,Figures,Regular Session 2022,04/06/2022,S,217380-2,Indefinitely Postponed,,,,,
SB164,Whatley,Regular Session 2022,02/02/2022,S,,Read for the first time and referred to the Senate committee on Judiciary,JUDY,,,,
SB165,Whatley,Regular Session 2022,02/02/2022,S,,Read for the first time and referred to the Senate committee on Finance and Taxation General Fund,F&TG,,,,
SB165,Whatley,Regular Session 2022,02/23/2022,S,,Read for the second time and placed on the calendar,,0,15,0,
SB165,Whatley,Regular Session 2022,03/01/2022,S,,Third Reading Passed,,,,,
SB165,Whatley,Regular Session 2022,03/01/2022,S,,Motion to Read a Third Time and Pass adopted Roll Call 457,,,,,Roll 457
SB165,Whatley,Regular Session 2022,03/02/2022,H,,Read for the first time and referred to the House of Representatives committee on Ways and Means Education,W&ME,,,,
SB166,Shelnutt,Regular Session 2022,02/02/2022,S,,Read for the first time and referred to the Senate committee on Banking and Insurance,B&I,,,,
SB167,Shelnutt,Regular Session 2022,02/02/2022,S,,Read for the first time and referred to the Senate committee on Veterans and Military Affairs,V&MA,,,,
SB167,Shelnutt,Regular Session 2022,02/08/2022,S,,Read for the second time and placed on the calendar,,0,6,,
SB167,Shelnutt,Regular Session 2022,02/15/2022,S,,Third Reading Passed,,,,,
SB167,Shelnutt,Regular Session 2022,02/15/2022,S,,Motion to Read a Third Time and Pass adopted Roll Call 250,,,,,Roll 250
SB167,Shelnutt,Regular Session 2022,02/15/2022,H,,Read for the first time and referred to the House of Representatives committee on Health,HLTH,,,,
SB167,Shelnutt,Regular Session 2022,02/22/2022,H,,Rereferred from Health to M&VA,M&VA,,,,
SB167,Shelnutt,Regular Session 2022,02/23/2022,H,,Read for the second time and placed on the calendar,,,,,
SB167,Shelnutt,Regular Session 2022,02/24/2022,H,,Third Reading Passed,,,,,
SB167,Shelnutt,Regular Session 2022,02/24/2022,H,,Motion to Read a Third Time and Pass adopted Roll Call 312,,,,,Roll 312
SB167,Shelnutt,Regular Session 2022,02/24/2022,S,,Passed Second House,,,,,
SB167,Shelnutt,Regular Session 2022,03/01/2022,S,,Enrolled,,,,,
SB167,Shelnutt,Regular Session 2022,03/01/2022,H,,Signature Requested,,,,,
SB167,Shelnutt,Regular Session 2022,,S,,Assigned Act No. 2022-93.,,,,,
SB168,McClendon,Regular Session 2022,02/02/2022,S,,Read for the first time and referred to the Senate committee on Healthcare,HLTH,,,,
SB168,McClendon,Regular Session 2022,02/09/2022,S,,Read for the second time and placed on the calendar,,1,9,,
SB168,McClendon,Regular Session 2022,02/10/2022,S,,Third Reading Passed,,,,,
SB168,McClendon,Regular Session 2022,02/10/2022,S,,Motion to Read a Third Time and Pass adopted Roll Call 201,,,,,Roll 201
SB168,McClendon,Regular Session 2022,02/10/2022,H,,Read for the first time and referred to the House of Representatives committee on Public Safety and Homeland Security,PS&HS,,,,
SB168,McClendon,Regular Session 2022,02/16/2022,H,,Read for the second time and placed on the calendar,,,,,
SB168,McClendon,Regular Session 2022,03/09/2022,H,,Third Reading Passed,,,,,
SB168,McClendon,Regular Session 2022,03/09/2022,H,,Motion to Read a Third Time and Pass adopted Roll Call 525,,,,,Roll 525
SB168,McClendon,Regular Session 2022,03/10/2022,S,,Passed Second House,,,,,
SB168,McClendon,Regular Session 2022,03/10/2022,S,,Enrolled,,,,,
SB168,McClendon,Regular Session 2022,03/10/2022,H,,Signature Requested,,,,,
SB168,McClendon,Regular Session 2022,,S,,Assigned Act No. 2022-154.,,,,,
SB169,Figures,Regular Session 2022,02/02/2022,S,,Read for the first time and referred to the Senate committee on Judiciary,JUDY,,,,
SB169,Figures,Regular Session 2022,02/09/2022,S,,Read for the second time and placed on the calendar  2 amendments,,0,11,,
SB169,Figures,Regular Session 2022,02/10/2022,S,,Third Reading Passed,,,,,
SB169,Figures,Regular Session 2022,02/10/2022,S,217152-2,Judiciary  Amendment Offered,,,,,
SB169,Figures,Regular Session 2022,02/10/2022,S,217155-2,Judiciary  Amendment Offered,,,,,
SB169,Figures,Regular Session 2022,02/10/2022,S,,Figures motion to Adopt adopted Roll Call 203,,,,,Roll 203
SB169,Figures,Regular Session 2022,02/10/2022,S,,Figures motion to Adopt adopted Roll Call 204,,,,,Roll 204
SB169,Figures,Regular Session 2022,02/10/2022,S,,Motion to Read a Third Time and Pass adopted Roll Call 205,,,,,Roll 205
SB169,Figures,Regular Session 2022,02/10/2022,S,,Engrossed,,,,,
SB169,Figures,Regular Session 2022,02/10/2022,H,,Read for the first time and referred to the House of Representatives committee on Judiciary,JUDY,,,,
SB169,Figures,Regular Session 2022,02/23/2022,H,,Read for the second time and placed on the calendar  1 amendment,,,,,
SB169,Figures,Regular Session 2022,,H,,Pending third reading on day 15 Favorable from Judiciary with 1 amendment,,,,,
SB169,Figures,Regular Session 2022,,H,217593-2,Judiciary first Amendment Offered,,,,,
SB170,Orr,Regular Session 2022,02/02/2022,S,,Read for the first time and referred to the Senate committee on Education Policy,ED,,,,
SB170,Orr,Regular Session 2022,02/09/2022,S,,Read for the second time and placed on the calendar  1 amendment,,0,11,,
SB170,Orr,Regular Session 2022,02/10/2022,S,,Third Reading Passed,,,,,
SB170,Orr,Regular Session 2022,02/10/2022,S,217393-2,Education Policy  Amendment Offered,,,,,
SB170,Orr,Regular Session 2022,02/10/2022,S,,Orr motion to Adopt adopted Roll Call 198,,,,,Roll 198
SB170,Orr,Regular Session 2022,02/10/2022,S,,Motion to Read a Third Time and Pass adopted Roll Call 199,,,,,Roll 199
SB170,Orr,Regular Session 2022,02/10/2022,S,,Engrossed,,,,,
SB170,Orr,Regular Session 2022,02/10/2022,H,,Read for the first time and referred to the House of Representatives committee on Education Policy,EP,,,,
SB170,Orr,Regular Session 2022,03/02/2022,H,,Read for the second time and placed on the calendar  1 amendment,,,,,
SB170,Orr,Regular Session 2022,04/05/2022,H,,Third Reading Passed,,,,,
SB170,Orr,Regular Session 2022,04/05/2022,H,218392-2,Education Policy  Amendment Offered,,,,,
SB170,Orr,Regular Session 2022,04/05/2022,H,,Motion to Adopt adopted Roll Call 891,,,,,Roll 891
SB170,Orr,Regular Session 2022,04/05/2022,H,,Motion to Read a Third Time and Pass adopted Roll Call 892,,,,,Roll 892
SB170,Orr,Regular Session 2022,04/05/2022,H,,"Hassell intended to vote ""Yea""",,,,,
SB170,Orr,Regular Session 2022,04/05/2022,S,,Concurrence Requested,,,,,
SB170,Orr,Regular Session 2022,04/05/2022,S,,Reed motion to Concur In and Adopt adopted Roll Call 941,,,,,Roll 941
SB170,Orr,Regular Session 2022,04/05/2022,H,,Concurred in Second House Amendment,,,,,
SB170,Orr,Regular Session 2022,04/06/2022,S,,Enrolled,,,,,
SB170,Orr,Regular Session 2022,04/06/2022,H,,Signature Requested,,,,,
SB170,Orr,Regular Session 2022,,S,,Assigned Act No. 2022-374 on 04/14/2022.,,,,,
SB171,Orr,Regular Session 2022,02/02/2022,S,,Read for the first time and referred to the Senate committee on Education Policy,ED,,,,
SB171,Orr,Regular Session 2022,02/09/2022,S,,Read for the Second time and referred to Committee on Finance and Taxation Education per Rule 54,F&TE,0,11,,
SB171,Orr,Regular Session 2022,03/01/2022,S,,Read for the second time and placed on the calendar with 1 substitute and,,0,10,1,
SB171,Orr,Regular Session 2022,03/02/2022,S,,Third Reading Passed,,,,,
SB171,Orr,Regular Session 2022,03/02/2022,S,218238-3,Finance and Taxation Education first Substitute Offered,,,,,
SB171,Orr,Regular Session 2022,03/02/2022,S,,Orr motion to Adopt adopted Roll Call 463,,,,,Roll 463
SB171,Orr,Regular Session 2022,03/02/2022,S,,Motion to Read a Third Time and Pass adopted Roll Call 464,,,,,Roll 464
SB171,Orr,Regular Session 2022,03/03/2022,S,,Engrossed,,,,,
SB171,Orr,Regular Session 2022,03/03/2022,H,,Read for the first time and referred to the House of Representatives committee on Education Policy,EP,,,,
SB171,Orr,Regular Session 2022,03/10/2022,H,,Read for the second time and placed on the calendar with 1 substitute and,,,,,
SB171,Orr,Regular Session 2022,03/29/2022,H,,Third Reading Passed,,,,,
SB171,Orr,Regular Session 2022,03/29/2022,H,218635-3,Education Policy first Substitute Offered,,,,,
SB171,Orr,Regular Session 2022,03/29/2022,H,,Motion to Adopt adopted Roll Call 732,,,,,Roll 732
SB171,Orr,Regular Session 2022,03/29/2022,H,219037-2,Drummond  Amendment Offered,,,,,
SB171,Orr,Regular Session 2022,03/29/2022,H,,Motion to Adopt adopted Roll Call 733,,,,,Roll 733
SB171,Orr,Regular Session 2022,03/29/2022,H,,Motion to Read a Third Time and Pass adopted Roll Call 734,,,,,Roll 734
SB171,Orr,Regular Session 2022,03/29/2022,S,,Concurrence Requested,,,,,
SB171,Orr,Regular Session 2022,03/29/2022,S,,Orr motion to Concur In and Adopt adopted Roll Call 764,,,,,Roll 764
SB171,Orr,Regular Session 2022,03/29/2022,H,,Concurred in Second House Amendment,,,,,
SB171,Orr,Regular Session 2022,03/30/2022,S,,Enrolled,,,,,
SB171,Orr,Regular Session 2022,03/30/2022,H,,Signature Requested,,,,,
SB171,Orr,Regular Session 2022,,S,,Assigned Act No. 2022-249.,,,,,
SB172,Singleton,Regular Session 2022,02/02/2022,S,,Read for the first time and referred to the Senate committee on Fiscal Responsibility and Economic Development,FRED,,,,
SB172,Singleton,Regular Session 2022,03/30/2022,S,,Read for the second time and placed on the calendar,,3,6,1,
SB172,Singleton,Regular Session 2022,04/06/2022,S,,Indefinitely Postponed,,,,,
SB173,Whatley,Regular Session 2022,02/02/2022,S,,Read for the first time and referred to the Senate committee on Finance and Taxation General Fund,F&TG,,,,
SB174,Orr,Regular Session 2022,02/02/2022,S,,Read for the first time and referred to the Senate committee on Governmental Affairs,GA,,,,
SB174,Orr,Regular Session 2022,02/08/2022,S,,Read for the second time and placed on the calendar,,0,8,,
SB174,Orr,Regular Session 2022,02/09/2022,S,,Third Reading Passed,,,,,
SB174,Orr,Regular Session 2022,02/09/2022,S,,Motion to Read a Third Time and Pass adopted Roll Call 147,,,,,Roll 147
SB174,Orr,Regular Session 2022,02/09/2022,H,,Read for the first time and referred to the House of Representatives committee on State Government,SG,,,,
SB174,Orr,Regular Session 2022,03/09/2022,H,,Read for the second time and placed on the calendar,,,,,
SB174,Orr,Regular Session 2022,04/07/2022,H,,Third Reading Passed,,,,,
SB174,Orr,Regular Session 2022,04/07/2022,H,,Motion to Read a Third Time and Pass adopted Roll Call 998,,,,,Roll 998
SB174,Orr,Regular Session 2022,04/07/2022,S,,Passed Second House,,,,,
SB174,Orr,Regular Session 2022,04/07/2022,S,,Enrolled,,,,,
SB174,Orr,Regular Session 2022,04/07/2022,H,,Signature Requested,,,,,
SB174,Orr,Regular Session 2022,,S,,Assigned Act No. 2022-357.,,,,,
SB175,Orr,Regular Session 2022,02/02/2022,S,,Read for the first time and referred to the Senate committee on Finance and Taxation Education,F&TE,,,,
SB175,Orr,Regular Session 2022,02/16/2022,S,,Read for the second time and placed on the calendar,,0,10,0,
SB175,Orr,Regular Session 2022,02/17/2022,S,,Third Reading Passed,,,,,
SB175,Orr,Regular Session 2022,02/17/2022,S,,Motion to Read a Third Time and Pass adopted Roll Call 331,,,,,Roll 331
SB175,Orr,Regular Session 2022,02/22/2022,H,,Read for the first time and referred to the House of Representatives committee on Ways and Means Education,W&ME,,,,
SB175,Orr,Regular Session 2022,03/02/2022,H,,Read for the second time and placed on the calendar,,,,,
SB175,Orr,Regular Session 2022,03/08/2022,H,,Third Reading Passed,,,,,
SB175,Orr,Regular Session 2022,03/08/2022,H,,Motion to Read a Third Time and Pass adopted Roll Call 481,,,,,Roll 481
SB175,Orr,Regular Session 2022,03/08/2022,S,,Passed Second House,,,,,
SB175,Orr,Regular Session 2022,03/08/2022,S,,Enrolled,,,,,
SB175,Orr,Regular Session 2022,03/08/2022,H,,Signature Requested,,,,,
SB175,Orr,Regular Session 2022,,S,,Assigned Act No. 2022-139.,,,,,
SB176,Hatcher,Regular Session 2022,02/02/2022,S,,Read for the first time and referred to the Senate committee on Local Legislation,LL1,,,,
SB177,Hatcher,Regular Session 2022,02/02/2022,S,,Read for the first time and referred to the Senate committee on Local Legislation,LL1,,,,
SB177,Hatcher,Regular Session 2022,03/15/2022,S,,Read for the second time and placed on the calendar,,,,,
SB177,Hatcher,Regular Session 2022,03/17/2022,S,,Third Reading Passed,,,,,
SB177,Hatcher,Regular Session 2022,03/17/2022,S,,Motion to Read a Third Time and Pass adopted Roll Call 613,,,,,Roll 613
SB177,Hatcher,Regular Session 2022,03/17/2022,H,,Read for the first time and referred to the House of Representatives committee on Montgomery County Legislation,MGMCL,,,,
SB178,Givhan,Regular Session 2022,02/02/2022,S,,Read for the first time and referred to the Senate committee on Governmental Affairs,GA,,,,
SB178,Givhan,Regular Session 2022,02/08/2022,S,,Read for the second time and placed on the calendar,,0,8,,
SB178,Givhan,Regular Session 2022,02/16/2022,S,,Third Reading Passed,,,,,
SB178,Givhan,Regular Session 2022,02/16/2022,S,,Motion to Read a Third Time and Pass adopted Roll Call 293,,,,,Roll 293
SB178,Givhan,Regular Session 2022,02/16/2022,H,,Read for the first time and referred to the House of Representatives committee on Financial Services,FS,,,,
SB178,Givhan,Regular Session 2022,02/22/2022,H,,Rereferred from FS to C&MG,C&MG,,,,
SB178,Givhan,Regular Session 2022,03/02/2022,H,,Read for the second time and placed on the calendar,,,,,
SB178,Givhan,Regular Session 2022,03/09/2022,H,,Third Reading Passed,,,,,
SB178,Givhan,Regular Session 2022,03/09/2022,H,,Motion to Read a Third Time and Pass adopted Roll Call 536,,,,,Roll 536
SB178,Givhan,Regular Session 2022,03/10/2022,S,,Passed Second House,,,,,
SB178,Givhan,Regular Session 2022,03/10/2022,S,,Enrolled,,,,,
SB178,Givhan,Regular Session 2022,03/10/2022,H,,Signature Requested,,,,,
SB178,Givhan,Regular Session 2022,,S,,Assigned Act No. 2022-146.,,,,,
SB179,Gudger,Regular Session 2022,02/02/2022,S,,Read for the first time and referred to the Senate committee on Fiscal Responsibility and Economic Development,FRED,,,,
SB179,Gudger,Regular Session 2022,02/09/2022,S,,Read for the second time and placed on the calendar,,0,11,,
SB179,Gudger,Regular Session 2022,02/10/2022,S,,Third Reading Passed,,,,,
SB179,Gudger,Regular Session 2022,02/10/2022,S,,Motion to Read a Third Time and Pass adopted Roll Call 210,,,,,Roll 210
SB179,Gudger,Regular Session 2022,02/10/2022,H,,Read for the first time and referred to the House of Representatives committee on Economic Development and Tourism,ED&T,,,,
SB179,Gudger,Regular Session 2022,02/23/2022,H,,Read for the second time and placed on the calendar,,,,,
SB179,Gudger,Regular Session 2022,03/09/2022,H,,Third Reading Passed,,,,,
SB179,Gudger,Regular Session 2022,03/09/2022,H,,Motion to Read a Third Time and Pass adopted Roll Call 548,,,,,Roll 548
SB179,Gudger,Regular Session 2022,03/10/2022,S,,Passed Second House,,,,,
SB179,Gudger,Regular Session 2022,03/10/2022,S,,Enrolled,,,,,
SB179,Gudger,Regular Session 2022,03/09/2022,H,,"Sorrell intended to vote ""Nay""",,,,,
SB179,Gudger,Regular Session 2022,03/10/2022,H,,Signature Requested,,,,,
SB179,Gudger,Regular Session 2022,,S,,Assigned Act No. 2022-153.,,,,,
SB180,Holley,Regular Session 2022,02/02/2022,S,,Read for the first time and referred to the Senate committee on Healthcare,HLTH,,,,
SB181,Holley,Regular Session 2022,02/02/2022,S,,Read for the first time and referred to the Senate committee on Judiciary,JUDY,,,,
SB182,Livingston,Regular Session 2022,02/03/2022,S,,Read for the first time and referred to the Senate committee on Fiscal Responsibility and Economic Development,FRED,,,,
SB182,Livingston,Regular Session 2022,02/23/2022,S,,Read for the second time and placed on the calendar,,0,10,,
SB182,Livingston,Regular Session 2022,03/09/2022,S,,Third Reading Passed,,,,,
SB182,Livingston,Regular Session 2022,03/09/2022,S,,Motion to Read a Third Time and Pass adopted Roll Call 513,,,,,Roll 513
SB182,Livingston,Regular Session 2022,03/09/2022,H,,"Read for the first time and referred to the House of Representatives committee on Transportation, Utilities and Infrastructure",TU&I,,,,
SB182,Livingston,Regular Session 2022,03/30/2022,H,,Read for the second time and placed on the calendar,,,,,
SB182,Livingston,Regular Session 2022,04/05/2022,H,,Third Reading Passed,,,,,
SB182,Livingston,Regular Session 2022,04/05/2022,H,,Motion to Read a Third Time and Pass adopted Voice Vote,,,,,
SB182,Livingston,Regular Session 2022,04/05/2022,S,,Passed Second House,,,,,
SB182,Livingston,Regular Session 2022,04/06/2022,S,,Enrolled,,,,,
SB182,Livingston,Regular Session 2022,04/06/2022,H,,Signature Requested,,,,,
SB182,Livingston,Regular Session 2022,,S,,Assigned Act No. 2022-354.,,,,,
SB183,Waggoner,Regular Session 2022,02/03/2022,S,,Read for the first time and referred to the Senate committee on Governmental Affairs,GA,,,,
SB183,Waggoner,Regular Session 2022,02/08/2022,S,,Read for the second time and placed on the calendar  1 amendment,,0,8,,
SB183,Waggoner,Regular Session 2022,02/09/2022,S,,Third Reading Passed,,,,,
SB183,Waggoner,Regular Session 2022,02/09/2022,S,217196-2,Governmental Affairs  Amendment Offered,,,,,
SB183,Waggoner,Regular Session 2022,02/09/2022,S,,Waggoner motion to Adopt adopted Roll Call 151,,,,,Roll 151
SB183,Waggoner,Regular Session 2022,02/09/2022,S,,Motion to Read a Third Time and Pass adopted Roll Call 152,,,,,Roll 152
SB183,Waggoner,Regular Session 2022,02/09/2022,S,,Engrossed,,,,,
SB183,Waggoner,Regular Session 2022,02/09/2022,H,,Read for the first time and referred to the House of Representatives committee on Health,HLTH,,,,
SB183,Waggoner,Regular Session 2022,02/16/2022,H,,Read for the second time and placed on the calendar,,,,,
SB183,Waggoner,Regular Session 2022,02/24/2022,H,,Third Reading Passed,,,,,
SB183,Waggoner,Regular Session 2022,02/24/2022,H,,Motion to Read a Third Time and Pass adopted Roll Call 351,,,,,Roll 351
SB183,Waggoner,Regular Session 2022,03/01/2022,S,,Passed Second House,,,,,
SB183,Waggoner,Regular Session 2022,03/01/2022,H,,Signature Requested,,,,,
SB183,Waggoner,Regular Session 2022,03/01/2022,S,,Enrolled,,,,,
SB183,Waggoner,Regular Session 2022,,S,,Assigned Act No. 2022-106.,,,,,
SB184,Shelnutt,Regular Session 2022,02/03/2022,S,,Read for the first time and referred to the Senate committee on Healthcare,HLTH,,,,
SB184,Shelnutt,Regular Session 2022,02/09/2022,S,,Read for the second time and placed on the calendar  1 amendment,,0,11,,
SB184,Shelnutt,Regular Session 2022,02/23/2022,S,,Third Reading Passed,,,,,
SB184,Shelnutt,Regular Session 2022,02/23/2022,S,217187-2,Healthcare  Amendment Offered,,,,,
SB184,Shelnutt,Regular Session 2022,02/23/2022,S,,Shelnutt motion to Adopt adopted Roll Call 381,,,,,Roll 381
SB184,Shelnutt,Regular Session 2022,02/23/2022,S,,Waggoner motion to Rules Committee Petition to Cease Debate adopted Roll Call 382,,,,,Roll 382
SB184,Shelnutt,Regular Session 2022,02/23/2022,S,,Motion to Read a Third Time and Pass adopted Roll Call 383,,,,,Roll 383
SB184,Shelnutt,Regular Session 2022,02/24/2022,S,,Engrossed,,,,,
SB184,Shelnutt,Regular Session 2022,02/24/2022,H,,Read for the first time and referred to the House of Representatives committee on Judiciary,JUDY,,,,
SB184,Shelnutt,Regular Session 2022,03/02/2022,H,,Read for the second time and placed on the calendar,,,,,
SB184,Shelnutt,Regular Session 2022,04/07/2022,H,,Third Reading Passed,,,,,
SB184,Shelnutt,Regular Session 2022,04/07/2022,H,,Kitchens motion to Previous Question adopted Roll Call 956,,,,,Roll 956
SB184,Shelnutt,Regular Session 2022,04/07/2022,H,,Motion to Read a Third Time and Pass adopted Roll Call 957,,,,,Roll 957
SB184,Shelnutt,Regular Session 2022,04/07/2022,S,,Passed Second House,,,,,
SB184,Shelnutt,Regular Session 2022,04/07/2022,H,,"Coleman intended to vote ""Nay""",,,,,
SB184,Shelnutt,Regular Session 2022,04/07/2022,S,,Enrolled,,,,,
SB184,Shelnutt,Regular Session 2022,04/07/2022,H,,Signature Requested,,,,,
SB184,Shelnutt,Regular Session 2022,,S,,Assigned Act No. 2022-289.,,,,,
SB185,Holley,Regular Session 2022,02/03/2022,S,,Read for the first time and referred to the Senate committee on Governmental Affairs,GA,,,,
SB185,Holley,Regular Session 2022,02/08/2022,S,,Read for the second time and placed on the calendar,,0,8,,
SB185,Holley,Regular Session 2022,02/09/2022,S,,Third Reading Passed,,,,,
SB185,Holley,Regular Session 2022,02/09/2022,S,,Motion to Read a Third Time and Pass adopted Roll Call 166,,,,,Roll 166
SB185,Holley,Regular Session 2022,02/09/2022,H,,Read for the first time and referred to the House of Representatives committee on State Government,SG,,,,
SB185,Holley,Regular Session 2022,02/16/2022,H,,Read for the second time and placed on the calendar,,,,,
SB185,Holley,Regular Session 2022,04/06/2022,H,,Third Reading Passed,,,,,
SB185,Holley,Regular Session 2022,04/06/2022,H,,Motion to Read a Third Time and Pass adopted Roll Call 937,,,,,Roll 937
SB185,Holley,Regular Session 2022,04/06/2022,S,,Passed Second House,,,,,
SB185,Holley,Regular Session 2022,04/06/2022,S,,Enrolled,,,,,
SB185,Holley,Regular Session 2022,04/06/2022,H,,Signature Requested,,,,,
SB185,Holley,Regular Session 2022,,S,,Assigned Act No. 2022-371.,,,,,
SB186,Hatcher,Regular Session 2022,02/03/2022,S,,Read for the first time and referred to the Senate committee on Fiscal Responsibility and Economic Development,FRED,,,,
SB186,Hatcher,Regular Session 2022,02/09/2022,S,,Read for the second time and placed on the calendar,,0,11,,
SB186,Hatcher,Regular Session 2022,02/15/2022,S,,Third Reading Passed,,,,,
SB186,Hatcher,Regular Session 2022,02/15/2022,S,,Motion to Read a Third Time and Pass adopted Roll Call 259,,,,,Roll 259
SB186,Hatcher,Regular Session 2022,02/15/2022,H,,Read for the first time and referred to the House of Representatives committee on State Government,SG,,,,
SB186,Hatcher,Regular Session 2022,03/09/2022,H,,Read for the second time and placed on the calendar,,,,,
SB186,Hatcher,Regular Session 2022,,H,,Pending third reading on day 21 Favorable from State Government,,,,,
SB187,Albritton,Regular Session 2022,02/03/2022,S,,Read for the first time and referred to the Senate committee on Finance and Taxation General Fund,F&TG,,,,
SB187,Albritton,Regular Session 2022,02/09/2022,S,,Read for the second time and placed on the calendar  1 amendment,,0,11,0,
SB187,Albritton,Regular Session 2022,03/30/2022,S,,Third Reading Passed,,,,,
SB187,Albritton,Regular Session 2022,03/30/2022,S,217334-2,Finance and Taxation General Fund  Amendment Offered,,,,,
SB187,Albritton,Regular Session 2022,03/30/2022,S,,Butler motion to Adopt adopted Roll Call 828,,,,,Roll 828
SB187,Albritton,Regular Session 2022,03/30/2022,S,,Motion to Read a Third Time and Pass adopted Roll Call 829,,,,,Roll 829
SB187,Albritton,Regular Session 2022,03/31/2022,S,,Engrossed,,,,,
SB187,Albritton,Regular Session 2022,03/31/2022,H,,Read for the first time and referred to the House of Representatives committee on Ways and Means General Fund,W&MGF,,,,
SB187,Albritton,Regular Session 2022,04/05/2022,H,,Read for the second time and placed on the calendar,,,,,
SB187,Albritton,Regular Session 2022,,S,217334-2,Finance and Taxation General Fund first Amendment Offered,,,,,
SB187,Albritton,Regular Session 2022,,H,,Pending third reading on day 28 Favorable from Ways and Means General Fund,,,,,
SB188,Elliott,Regular Session 2022,02/03/2022,S,,Read for the first time and referred to the Senate committee on Finance and Taxation General Fund,F&TG,,,,
SB188,Elliott,Regular Session 2022,,S,217607-2,Finance and Taxation General Fund first Amendment Offered,,,,,
SB189,Gudger,Regular Session 2022,02/03/2022,S,,Read for the first time and referred to the Senate committee on Finance and Taxation Education,F&TE,,,,
SB189,Gudger,Regular Session 2022,02/16/2022,S,,Read for the second time and placed on the calendar  1 amendment,,0,10,0,
SB189,Gudger,Regular Session 2022,02/17/2022,S,,Third Reading Passed,,,,,
SB189,Gudger,Regular Session 2022,02/17/2022,S,217170-2,Finance and Taxation Education  Amendment Offered,,,,,
SB189,Gudger,Regular Session 2022,02/17/2022,S,,Gudger motion to Adopt adopted Roll Call 328,,,,,Roll 328
SB189,Gudger,Regular Session 2022,02/17/2022,S,,Motion to Read a Third Time and Pass adopted Roll Call 329,,,,,Roll 329
SB189,Gudger,Regular Session 2022,02/17/2022,S,,Engrossed,,,,,
SB189,Gudger,Regular Session 2022,02/17/2022,H,,Read for the first time and referred to the House of Representatives committee on Ways and Means Education,W&ME,,,,
SB190,McClendon,Regular Session 2022,02/08/2022,S,,Read for the first time and referred to the Senate committee on Judiciary,JUDY,,,,
SB190,McClendon,Regular Session 2022,02/16/2022,S,,Read for the second time and placed on the calendar  1 amendment,,1,6,1,
SB190,McClendon,Regular Session 2022,03/01/2022,S,,Third Reading Passed,,,,,
SB190,McClendon,Regular Session 2022,03/01/2022,S,217552-2,Judiciary  Amendment Offered,,,,,
SB190,McClendon,Regular Session 2022,03/01/2022,S,,McClendon motion to Adopt adopted Roll Call 448,,,,,Roll 448
SB190,McClendon,Regular Session 2022,03/01/2022,S,218321-1,McClendon  Amendment Offered,,,,,
SB190,McClendon,Regular Session 2022,03/01/2022,S,,McClendon motion to Adopt adopted Roll Call 449,,,,,Roll 449
SB190,McClendon,Regular Session 2022,03/01/2022,S,,Motion to Read a Third Time and Pass adopted Roll Call 450,,,,,Roll 450
SB190,McClendon,Regular Session 2022,03/01/2022,S,,Engrossed,,,,,
SB190,McClendon,Regular Session 2022,03/01/2022,H,,Read for the first time and referred to the House of Representatives committee on State Government,SG,,,,
SB190,McClendon,Regular Session 2022,03/09/2022,H,,Read for the second time and placed on the calendar,,2,6,2,
SB190,McClendon,Regular Session 2022,04/07/2022,H,,Third Reading Carried Over,,,,,
SB190,McClendon,Regular Session 2022,04/07/2022,H,,Pringle motion to Carry Over Temporarily adopted Voice Vote,,,,,
SB190,McClendon,Regular Session 2022,,H,,Further Consideration,,,,,
SB191,Albritton,Regular Session 2022,02/08/2022,S,,Read for the first time and referred to the Senate committee on Finance and Taxation General Fund,F&TG,,,,
SB191,Albritton,Regular Session 2022,02/23/2022,S,,Read for the second time and placed on the calendar,,1,13,,
SB191,Albritton,Regular Session 2022,02/24/2022,S,,Third Reading Passed,,,,,
SB191,Albritton,Regular Session 2022,02/24/2022,S,,Motion to Read a Third Time and Pass adopted Roll Call 431,,,,,Roll 431
SB191,Albritton,Regular Session 2022,02/24/2022,H,,Read for the first time and referred to the House of Representatives committee on Ways and Means General Fund,W&MGF,,,,
SB191,Albritton,Regular Session 2022,03/09/2022,H,,Read for the second time and placed on the calendar  1 amendment,,,,,
SB191,Albritton,Regular Session 2022,03/15/2022,H,,Third Reading Passed,,,,,
SB191,Albritton,Regular Session 2022,03/15/2022,H,218510-2,Ways and Means General Fund  Amendment Offered,,,,,
SB191,Albritton,Regular Session 2022,03/15/2022,H,,Motion to Adopt adopted Roll Call 600,,,,,Roll 600
SB191,Albritton,Regular Session 2022,03/15/2022,H,,Motion to Read a Third Time and Pass adopted Roll Call 601,,,,,Roll 601
SB191,Albritton,Regular Session 2022,03/15/2022,S,,Concurrence Requested,,,,,
SB191,Albritton,Regular Session 2022,03/15/2022,S,,"Reed motion to Non Concur and Appoint Conference Committee adopted Roll Call 583 P&PO appoints Albritton, Weaver and Smitherman",,,,,Roll 583
SB191,Albritton,Regular Session 2022,03/17/2022,H,,Conference Committee Requested,,,,,
SB191,Albritton,Regular Session 2022,03/17/2022,H,,"Clouse motion to Accede adopted Roll Call 645 House appoints Clouse, South and Hall",,,,,Roll 645
SB191,Albritton,Regular Session 2022,03/17/2022,S,,Conference Committee Appointed,,,,,
SB191,Albritton,Regular Session 2022,03/29/2022,S,,Conference Report,,,,,
SB191,Albritton,Regular Session 2022,03/29/2022,S,,Albritton motion to Concur In and Adopt adopted Roll Call 757,,,,,Roll 757
SB191,Albritton,Regular Session 2022,03/30/2022,H,,Conference Report Concurrence Requested,,,,,
SB191,Albritton,Regular Session 2022,03/30/2022,H,,Clouse motion to Concur In and Adopt adopted Roll Call 767,,,,,Roll 767
SB191,Albritton,Regular Session 2022,03/30/2022,S,,Concurred in Conference Report,,,,,
SB191,Albritton,Regular Session 2022,03/30/2022,H,,Signature Requested,,,,,
SB191,Albritton,Regular Session 2022,03/30/2022,S,,Enrolled,,,,,
SB191,Albritton,Regular Session 2022,,S,219331-1,Conference Committee on SB191 2022RS first Substitute Offered,,,,,
SB191,Albritton,Regular Session 2022,,S,,Assigned Act No. 2022-255.,,,,,
SB192,Weaver,Regular Session 2022,02/08/2022,S,,Read for the first time and referred to the Senate committee on Finance and Taxation Education,F&TE,,,,
SB193,Weaver,Regular Session 2022,02/08/2022,S,,Read for the first time and referred to the Senate committee on Governmental Affairs,GA,,,,
SB194,Waggoner,Regular Session 2022,02/08/2022,S,,Read for the first time and referred to the Senate committee on Fiscal Responsibility and Economic Development,FRED,,,,
SB194,Waggoner,Regular Session 2022,03/17/2022,S,,Read for the second time and placed on the calendar  2 amendments,,0,11,,
SB194,Waggoner,Regular Session 2022,,S,218810-2,Fiscal Responsibility and Economic Development first Amendment Offered,,,,,
SB194,Waggoner,Regular Session 2022,,S,,Pending third reading on day 24 Favorable from Fiscal Responsibility and Economic Development with 2 amendments,,,,,
SB194,Waggoner,Regular Session 2022,04/06/2022,S,219008-2,Indefinitely Postponed,,,,,
SB195,Livingston,Regular Session 2022,02/08/2022,S,,Read for the first time and referred to the Senate committee on Local Legislation,LL1,,,,
SB195,Livingston,Regular Session 2022,02/15/2022,S,,Read for the second time and placed on the calendar,,,,,
SB195,Livingston,Regular Session 2022,02/16/2022,S,,Third Reading Passed,,,,,
SB195,Livingston,Regular Session 2022,02/16/2022,S,,Motion to Read a Third Time and Pass adopted Roll Call 288,,,,,Roll 288
SB195,Livingston,Regular Session 2022,02/16/2022,H,,Read for the first time and referred to the House of Representatives committee on Local Legislation,LL,,,,
SB196,Livingston,Regular Session 2022,02/08/2022,S,,Read for the first time and referred to the Senate committee on Governmental Affairs,GA,,,,
SB196,Livingston,Regular Session 2022,02/15/2022,S,,Read for the second time and placed on the calendar,,0,10,,
SB196,Livingston,Regular Session 2022,02/16/2022,S,,Third Reading Passed,,,,,
SB196,Livingston,Regular Session 2022,02/16/2022,S,,Motion to Read a Third Time and Pass adopted Roll Call 297,,,,,Roll 297
SB196,Livingston,Regular Session 2022,02/16/2022,H,,Read for the first time and referred to the House of Representatives committee on Judiciary,JUDY,,,,
SB196,Livingston,Regular Session 2022,03/02/2022,H,,Read for the second time and placed on the calendar,,,,,
SB196,Livingston,Regular Session 2022,04/05/2022,H,,Third Reading Passed,,,,,
SB196,Livingston,Regular Session 2022,04/05/2022,H,,Motion to Read a Third Time and Pass adopted Voice Vote 918,,,,,
SB196,Livingston,Regular Session 2022,04/05/2022,S,,Passed Second House,,,,,
SB196,Livingston,Regular Session 2022,04/06/2022,S,,Enrolled,,,,,
SB196,Livingston,Regular Session 2022,04/06/2022,H,,Signature Requested,,,,,
SB196,Livingston,Regular Session 2022,,S,,Assigned Act No. 2022-256.,,,,,
SB197,Singleton,Regular Session 2022,02/08/2022,S,,Read for the first time and referred to the Senate committee on Finance and Taxation Education,F&TE,,,,
SB198,Hatcher,Regular Session 2022,02/09/2022,S,,Read for the first time and referred to the Senate committee on Governmental Affairs,GA,,,,
SB198,Hatcher,Regular Session 2022,02/15/2022,S,,Read for the second time and placed on the calendar,,0,10,,
SB198,Hatcher,Regular Session 2022,02/16/2022,S,,Third Reading Passed,,,,,
SB198,Hatcher,Regular Session 2022,02/16/2022,S,,Motion to Read a Third Time and Pass adopted Roll Call 299,,,,,Roll 299
SB198,Hatcher,Regular Session 2022,02/16/2022,H,,Read for the first time and referred to the House of Representatives committee on Ways and Means General Fund,W&MGF,,,,
SB198,Hatcher,Regular Session 2022,02/23/2022,H,,Read for the second time and placed on the calendar,,,,,
SB198,Hatcher,Regular Session 2022,03/02/2022,H,,Third Reading Passed,,,,,
SB198,Hatcher,Regular Session 2022,03/02/2022,H,,Motion to Read a Third Time and Pass adopted Roll Call 429,,,,,Roll 429
SB198,Hatcher,Regular Session 2022,03/02/2022,S,,Passed Second House,,,,,
SB198,Hatcher,Regular Session 2022,03/03/2022,S,,Enrolled,,,,,
SB198,Hatcher,Regular Session 2022,03/03/2022,H,,Signature Requested,,,,,
SB198,Hatcher,Regular Session 2022,,S,,Assigned Act No. 2022-131.,,,,,
SB199,Price,Regular Session 2022,02/09/2022,S,,Read for the first time and referred to the Senate committee on Governmental Affairs,GA,,,,
SB199,Price,Regular Session 2022,02/15/2022,S,,Read for the second time and placed on the calendar,,0,10,,
SB199,Price,Regular Session 2022,02/16/2022,S,,Third Reading Passed,,,,,
SB199,Price,Regular Session 2022,02/16/2022,S,,Motion to Read a Third Time and Pass adopted Roll Call 301,,,,,Roll 301
SB199,Price,Regular Session 2022,02/16/2022,H,,"Read for the first time and referred to the House of Representatives committee on Boards, Agencies and Commissions",BA&C,,,,
SB199,Price,Regular Session 2022,03/02/2022,H,,Read for the second time and placed on the calendar,,,,,
SB199,Price,Regular Session 2022,04/05/2022,H,,Third Reading Indefinitely Postponed,,,,,
SB199,Price,Regular Session 2022,04/05/2022,H,,Collins motion to Indefinitely Postpone adopted Voice Vote,,,,,
SB200,Smitherman,Regular Session 2022,02/09/2022,S,,Read for the first time and referred to the Senate committee on Education Policy,ED,,,,
SB200,Smitherman,Regular Session 2022,02/16/2022,S,,Reported from Education Policy as Favorable with 1 amendment,,,,,
SB200,Smitherman,Regular Session 2022,02/22/2022,S,,Third Reading Passed,,,,,
SB200,Smitherman,Regular Session 2022,02/22/2022,S,217750-2,Education Policy  Amendment Offered,,,,,
SB200,Smitherman,Regular Session 2022,02/22/2022,S,,Smitherman motion to Adopt adopted Roll Call 367,,,,,Roll 367
SB200,Smitherman,Regular Session 2022,02/22/2022,S,,Motion to Read a Third Time and Pass adopted Roll Call 368,,,,,Roll 368
SB200,Smitherman,Regular Session 2022,02/23/2022,S,,Engrossed,,,,,
SB200,Smitherman,Regular Session 2022,02/23/2022,H,,Read for the first time and referred to the House of Representatives committee on Education Policy,EP,,,,
SB200,Smitherman,Regular Session 2022,03/02/2022,H,,Read for the second time and placed on the calendar,,,,,
SB200,Smitherman,Regular Session 2022,04/05/2022,H,,Third Reading Passed,,,,,
SB200,Smitherman,Regular Session 2022,04/05/2022,H,219768-1,Collins  Amendment Offered,,,,,
SB200,Smitherman,Regular Session 2022,04/05/2022,H,,Motion to Adopt adopted Roll Call 886,,,,,Roll 886
SB200,Smitherman,Regular Session 2022,04/05/2022,H,,Motion to Read a Third Time and Pass adopted Roll Call 887,,,,,Roll 887
SB200,Smitherman,Regular Session 2022,04/05/2022,S,,Concurrence Requested,,,,,
SB200,Smitherman,Regular Session 2022,04/05/2022,S,,Reed motion to Concur In and Adopt adopted Roll Call 942,,,,,Roll 942
SB200,Smitherman,Regular Session 2022,04/05/2022,H,,Concurred in Second House Amendment,,,,,
SB200,Smitherman,Regular Session 2022,04/06/2022,S,,Enrolled,,,,,
SB200,Smitherman,Regular Session 2022,04/06/2022,H,,Signature Requested,,,,,
SB200,Smitherman,Regular Session 2022,,S,,Assigned Act No. 2022-391.,,,,,
SB201,Hatcher,Regular Session 2022,02/09/2022,S,,Read for the first time and referred to the Senate committee on Local Legislation,LL1,,,,
SB202,Orr,Regular Session 2022,02/09/2022,S,,Read for the first time and referred to the Senate committee on Judiciary,JUDY,,,,
SB203,Orr,Regular Session 2022,02/09/2022,S,,Read for the first time and referred to the Senate committee on Governmental Affairs,GA,,,,
SB203,Orr,Regular Session 2022,03/01/2022,S,,Read for the second time and placed on the calendar,,2,7,,
SB203,Orr,Regular Session 2022,03/09/2022,S,,Third Reading Passed,,,,,
SB203,Orr,Regular Session 2022,03/09/2022,S,218669-1,Orr  Amendment Offered,,,,,
SB203,Orr,Regular Session 2022,03/09/2022,S,,Orr motion to Adopt adopted Roll Call 500,,,,,Roll 500
SB203,Orr,Regular Session 2022,03/09/2022,S,,Motion to Read a Third Time and Pass adopted Roll Call 501,,,,,Roll 501
SB203,Orr,Regular Session 2022,03/09/2022,S,,Engrossed,,,,,
SB203,Orr,Regular Session 2022,03/09/2022,H,,Read for the first time and referred to the House of Representatives committee on Judiciary,JUDY,,,,
SB203,Orr,Regular Session 2022,03/17/2022,H,,Read for the second time and placed on the calendar  1 amendment,,,,,
SB203,Orr,Regular Session 2022,04/06/2022,H,,Third Reading Passed,,,,,
SB203,Orr,Regular Session 2022,04/06/2022,H,219000-3,Judiciary  Amendment Offered,,,,,
SB203,Orr,Regular Session 2022,04/06/2022,H,,Chestnut motion to Table adopted Roll Call 941,,,,,Roll 941
SB203,Orr,Regular Session 2022,04/07/2022,S,,Concurrence Requested,,,,,
SB203,Orr,Regular Session 2022,04/06/2022,H,219856-4,Jones (M)  Amendment Offered,,,,,
SB203,Orr,Regular Session 2022,04/06/2022,H,,Ball motion to Table adopted Roll Call 942,,,,,Roll 942
SB203,Orr,Regular Session 2022,04/06/2022,H,219836-1,Faulkner  Amendment Offered,,,,,
SB203,Orr,Regular Session 2022,04/07/2022,H,,Concurred in Second House Amendment,,,,,
SB203,Orr,Regular Session 2022,04/06/2022,H,,Motion to Adopt adopted Roll Call 943,,,,,Roll 943
SB203,Orr,Regular Session 2022,04/06/2022,H,,Motion to Read a Third Time and Pass adopted Roll Call 944,,,,,Roll 944
SB203,Orr,Regular Session 2022,04/07/2022,S,,Reed motion to Concur In and Adopt adopted Roll Call 1064,,,,,Roll 1064
SB203,Orr,Regular Session 2022,04/07/2022,S,,Enrolled,,,,,
SB203,Orr,Regular Session 2022,04/07/2022,H,,Signature Requested,,,,,
SB203,Orr,Regular Session 2022,,S,,Assigned Act No. 2022-425.,,,,,
SB204,Livingston,Regular Session 2022,02/10/2022,S,,Read for the first time and referred to the Senate committee on Judiciary,JUDY,,,,
SB204,Livingston,Regular Session 2022,02/23/2022,S,,Read for the second time and placed on the calendar,,0,7,,
SB204,Livingston,Regular Session 2022,03/10/2022,S,,Third Reading Passed,,,,,
SB204,Livingston,Regular Session 2022,03/10/2022,S,218294-1,Figures  Amendment Offered,,,,,
SB204,Livingston,Regular Session 2022,03/10/2022,S,,Figures motion to Adopt adopted Roll Call 557,,,,,Roll 557
SB204,Livingston,Regular Session 2022,03/10/2022,S,,Motion to Read a Third Time and Pass adopted Roll Call 558,,,,,Roll 558
SB204,Livingston,Regular Session 2022,03/10/2022,S,,Engrossed,,,,,
SB204,Livingston,Regular Session 2022,03/10/2022,H,,Read for the first time and referred to the House of Representatives committee on Judiciary,JUDY,,,,
SB204,Livingston,Regular Session 2022,03/17/2022,H,,Read for the second time and placed on the calendar  2 amendments,,,,,
SB204,Livingston,Regular Session 2022,,H,,Pending third reading on day 24 Favorable from Judiciary with 2 amendments,,,,,
SB204,Livingston,Regular Session 2022,,H,219160-1,Judiciary second Amendment Offered,,,,,
SB204,Livingston,Regular Session 2022,,H,219104-2,Judiciary first Amendment Offered,,,,,
SB205,Beasley,Regular Session 2022,02/10/2022,S,,Read for the first time and referred to the Senate committee on Governmental Affairs,GA,,,,
SB205,Beasley,Regular Session 2022,03/01/2022,S,,Read for the second time and placed on the calendar,,0,10,,
SB205,Beasley,Regular Session 2022,03/10/2022,S,,Third Reading Passed,,,,,
SB205,Beasley,Regular Session 2022,03/10/2022,S,,Motion to Read a Third Time and Pass adopted Roll Call 554,,,,,Roll 554
SB205,Beasley,Regular Session 2022,03/10/2022,H,,Read for the first time and referred to the House of Representatives committee on State Government,SG,,,,
SB205,Beasley,Regular Session 2022,03/30/2022,H,,Read for the second time and placed on the calendar,,,,,
SB205,Beasley,Regular Session 2022,04/05/2022,H,,Third Reading Passed,,,,,
SB205,Beasley,Regular Session 2022,04/05/2022,H,,Motion to Read a Third Time and Pass adopted Voice Vote 898,,,,,
SB205,Beasley,Regular Session 2022,04/05/2022,S,,Passed Second House,,,,,
SB205,Beasley,Regular Session 2022,04/05/2022,H,,Signature Requested,,,,,
SB205,Beasley,Regular Session 2022,04/05/2022,S,,Enrolled,,,,,
SB205,Beasley,Regular Session 2022,,S,,Assigned Act No. 2022-353.,,,,,
SB206,Allen,Regular Session 2022,02/10/2022,S,,Read for the first time and referred to the Senate committee on Governmental Affairs,GA,,,,
SB206,Allen,Regular Session 2022,03/01/2022,S,,Read for the second time and placed on the calendar,,0,10,,
SB206,Allen,Regular Session 2022,03/15/2022,S,,Third Reading Passed,,,,,
SB206,Allen,Regular Session 2022,03/15/2022,S,,Motion to Read a Third Time and Pass adopted Roll Call 591,,,,,Roll 591
SB206,Allen,Regular Session 2022,03/17/2022,H,,Read for the first time and referred to the House of Representatives committee on State Government,SG,,,,
SB206,Allen,Regular Session 2022,03/30/2022,H,,Read for the second time and placed on the calendar  1 amendment,,,,,
SB206,Allen,Regular Session 2022,,H,219526-2,State Government first Amendment Offered,,,,,
SB206,Allen,Regular Session 2022,,H,,Pending third reading on day 26 Favorable from State Government with 1 amendment,,,,,
SB207,Singleton,Regular Session 2022,02/10/2022,S,,Read for the first time and referred to the Senate committee on Judiciary,JUDY,,,,
SB207,Singleton,Regular Session 2022,03/09/2022,S,,Read for the second time and placed on the calendar with 1 substitute and,,0,7,,
SB207,Singleton,Regular Session 2022,03/15/2022,S,,Third Reading Passed,,,,,
SB207,Singleton,Regular Session 2022,03/15/2022,S,218031-2,Judiciary first Substitute Offered,,,,,
SB207,Singleton,Regular Session 2022,03/15/2022,S,,Singleton motion to Adopt adopted Roll Call 569,,,,,Roll 569
SB207,Singleton,Regular Session 2022,03/15/2022,S,,Motion to Read a Third Time and Pass adopted Roll Call 570,,,,,Roll 570
SB207,Singleton,Regular Session 2022,03/15/2022,S,,Engrossed,,,,,
SB207,Singleton,Regular Session 2022,03/17/2022,H,,Read for the first time and referred to the House of Representatives committee on Judiciary,JUDY,,,,
SB207,Singleton,Regular Session 2022,03/30/2022,H,,Read for the second time and placed on the calendar  1 amendment,,,,,
SB207,Singleton,Regular Session 2022,03/31/2022,H,,Third Reading Passed,,,,,
SB207,Singleton,Regular Session 2022,03/31/2022,H,219224-2,Judiciary  Amendment Offered,,,,,
SB207,Singleton,Regular Session 2022,03/31/2022,H,,McCampbell motion to Table adopted Roll Call 823,,,,,Roll 823
SB207,Singleton,Regular Session 2022,03/31/2022,H,219657-1,Jones (M)  Amendment Offered,,,,,
SB207,Singleton,Regular Session 2022,03/31/2022,H,,Motion to Adopt adopted Roll Call 824,,,,,Roll 824
SB207,Singleton,Regular Session 2022,03/31/2022,H,,Motion to Read a Third Time and Pass adopted Roll Call 825,,,,,Roll 825
SB207,Singleton,Regular Session 2022,04/05/2022,S,,Concurrence Requested,,,,,
SB207,Singleton,Regular Session 2022,04/05/2022,S,,"Reed motion to Non Concur and Appoint Conference Committee adopted Roll Call 939 P&PO appoints Singleton, Williams and Chambliss",,,,,Roll 939
SB207,Singleton,Regular Session 2022,04/06/2022,H,,Conference Committee Requested,,,,,
SB207,Singleton,Regular Session 2022,04/06/2022,H,,"McCampbell motion to Accede adopted Roll Call 950 House appoints McCampbell, Jones (M) and Almond",,,,,Roll 950
SB207,Singleton,Regular Session 2022,04/06/2022,S,,Conference Committee Appointed,,,,,
SB207,Singleton,Regular Session 2022,04/07/2022,S,,Conference Report,,,,,
SB207,Singleton,Regular Session 2022,04/07/2022,S,,Singleton motion to Concur In and Adopt adopted Roll Call 1062,,,,,Roll 1062
SB207,Singleton,Regular Session 2022,04/07/2022,H,,Conference Report Concurrence Requested,,,,,
SB207,Singleton,Regular Session 2022,04/07/2022,H,,McCampbell motion to Concur In and Adopt adopted Roll Call 974,,,,,Roll 974
SB207,Singleton,Regular Session 2022,04/07/2022,S,,Concurred in Conference Report,,,,,
SB207,Singleton,Regular Session 2022,04/07/2022,S,,Enrolled,,,,,
SB207,Singleton,Regular Session 2022,04/07/2022,H,,Signature Requested,,,,,
SB207,Singleton,Regular Session 2022,,S,,Assigned Act No. 2022-418.,,,,,
SB207,Singleton,Regular Session 2022,,S,219991-1,Conference Committee on SB207 2022RS first Substitute Offered,,,,,
SB208,Allen,Regular Session 2022,02/10/2022,S,,Read for the first time and referred to the Senate committee on Transportation and Energy,T&E,,,,
SB208,Allen,Regular Session 2022,03/17/2022,S,,Read for the second time and placed on the calendar,,,9,1,
SB208,Allen,Regular Session 2022,03/30/2022,S,,Third Reading Carried Over to Call of the Chair,,,,,
SB208,Allen,Regular Session 2022,03/30/2022,S,,Allen motion to Carry Over to the Call of the Chair adopted Voice Vote,,,,,
SB208,Allen,Regular Session 2022,04/06/2022,S,,Indefinitely Postponed,,,,,
SB209,Chesteen,Regular Session 2022,02/10/2022,S,,Read for the first time and referred to the Senate committee on Education Policy,ED,,,,
SB209,Chesteen,Regular Session 2022,02/23/2022,S,,Read for the second time and placed on the calendar  1 amendment,,0,10,,
SB209,Chesteen,Regular Session 2022,03/31/2022,S,,Third Reading Indefinitely Postponed,,,,,
SB209,Chesteen,Regular Session 2022,03/31/2022,S,218077-2,Education Policy  Amendment Offered,,,,,
SB209,Chesteen,Regular Session 2022,03/31/2022,S,,Chesteen motion to Indefinitely Postpone adopted Voice Vote,,,,,
SB210,Marsh,Regular Session 2022,02/10/2022,S,,Read for the first time and referred to the Senate committee on Finance and Taxation Education,F&TE,,,,
SB211,Elliott,Regular Session 2022,02/10/2022,S,,Read for the first time and referred to the Senate committee on Governmental Affairs,GA,,,,
SB211,Elliott,Regular Session 2022,02/15/2022,S,,Read for the second time and placed on the calendar,,0,10,,
SB211,Elliott,Regular Session 2022,02/16/2022,S,,Third Reading Passed,,,,,
SB211,Elliott,Regular Session 2022,02/16/2022,S,217800-1,Elliott  Amendment Offered,,,,,
SB211,Elliott,Regular Session 2022,02/16/2022,S,,Elliott motion to Adopt adopted Roll Call 316,,,,,Roll 316
SB211,Elliott,Regular Session 2022,02/16/2022,S,,Motion to Read a Third Time and Pass adopted Roll Call 317,,,,,Roll 317
SB211,Elliott,Regular Session 2022,02/17/2022,S,,Engrossed,,,,,
SB211,Elliott,Regular Session 2022,02/17/2022,H,,Read for the first time and referred to the House of Representatives committee on State Government,SG,,,,
SB211,Elliott,Regular Session 2022,02/23/2022,H,,Read for the second time and placed on the calendar  3 amendments,,,,,
SB211,Elliott,Regular Session 2022,03/01/2022,H,,Third Reading Passed,,,,,
SB211,Elliott,Regular Session 2022,03/01/2022,H,218024-3,State Government 1st Amendment Offered,,,,,
SB211,Elliott,Regular Session 2022,03/01/2022,H,218175-2,State Government 2nd  Amendment Offered,,,,,
SB211,Elliott,Regular Session 2022,03/01/2022,H,218177-2,State Government 3rd  Amendment Offered,,,,,
SB211,Elliott,Regular Session 2022,03/01/2022,H,,Baker motion to Table adopted Roll Call 391,,,,,Roll 391
SB211,Elliott,Regular Session 2022,03/01/2022,H,,Baker motion to Table adopted Roll Call 392,,,,,Roll 392
SB211,Elliott,Regular Session 2022,03/01/2022,H,,Baker motion to Table adopted Roll Call 393,,,,,Roll 393
SB211,Elliott,Regular Session 2022,03/01/2022,H,218241-3,Baker  Amendment Offered,,,,,
SB211,Elliott,Regular Session 2022,03/01/2022,H,,Motion to Adopt adopted Roll Call 394,,,,,Roll 394
SB211,Elliott,Regular Session 2022,03/01/2022,H,,Motion to Read a Third Time and Pass adopted Roll Call 395,,,,,Roll 395
SB211,Elliott,Regular Session 2022,03/01/2022,H,,"Moore (P) intended to vote ""Yea""",,,,,
SB211,Elliott,Regular Session 2022,03/08/2022,S,,Concurrence Requested,,,,,
SB211,Elliott,Regular Session 2022,03/08/2022,S,,Reed motion to Concur In and Adopt adopted Roll Call 489,,,,,Roll 489
SB211,Elliott,Regular Session 2022,03/08/2022,H,,Concurred in Second House Amendment,,,,,
SB211,Elliott,Regular Session 2022,03/09/2022,H,,Signature Requested,,,,,
SB211,Elliott,Regular Session 2022,03/09/2022,S,,Enrolled,,,,,
SB211,Elliott,Regular Session 2022,,S,,Assigned Act No. 2022-144.,,,,,
SB212,Waggoner,Regular Session 2022,02/15/2022,S,,Read for the first time and referred to the Senate committee on Jefferson County Legislation,LLJ,,,,
SB213,Smitherman,Regular Session 2022,02/15/2022,S,,Read for the first time and referred to the Senate committee on Governmental Affairs,GA,,,,
SB213,Smitherman,Regular Session 2022,03/01/2022,S,,Read for the second time and placed on the calendar,,0,10,,
SB213,Smitherman,Regular Session 2022,04/06/2022,S,,Indefinitely Postponed,,,,,
SB214,McClendon,Regular Session 2022,02/15/2022,S,,Read for the first time and referred to the Senate committee on Governmental Affairs,GA,,,,
SB214,McClendon,Regular Session 2022,03/01/2022,S,,Read for the second time and placed on the calendar,,0,8,,
SB214,McClendon,Regular Session 2022,03/09/2022,S,,Third Reading Passed,,,,,
SB214,McClendon,Regular Session 2022,03/09/2022,S,,Motion to Read a Third Time and Pass adopted Roll Call 498,,,,,Roll 498
SB214,McClendon,Regular Session 2022,03/09/2022,H,,Read for the first time and referred to the House of Representatives committee on State Government,SG,,,,
SB214,McClendon,Regular Session 2022,03/30/2022,H,,Read for the second time and placed on the calendar,,,,,
SB214,McClendon,Regular Session 2022,04/05/2022,H,,Third Reading Passed,,,,,
SB214,McClendon,Regular Session 2022,04/05/2022,H,,Motion to Read a Third Time and Pass adopted Voice Vote 900,,,,,
SB214,McClendon,Regular Session 2022,04/05/2022,S,,Passed Second House,,,,,
SB214,McClendon,Regular Session 2022,04/05/2022,H,,Signature Requested,,,,,
SB214,McClendon,Regular Session 2022,04/05/2022,S,,Enrolled,,,,,
SB214,McClendon,Regular Session 2022,,S,,Assigned Act No. 2022-417.,,,,,
SB214,McClendon,Regular Session 2022,,S,,Enrolled,,,,,
SB215,Singleton,Regular Session 2022,02/15/2022,S,,Read for the first time and referred to the Senate committee on Judiciary,JUDY,,,,
SB215,Singleton,Regular Session 2022,03/02/2022,S,,Read for the second time and placed on the calendar  1 amendment,,4,6,,
SB215,Singleton,Regular Session 2022,,S,,Pending third reading on day 18 Favorable from Judiciary with 1 amendment,,,,,
SB215,Singleton,Regular Session 2022,04/06/2022,S,218281-2,Indefinitely Postponed,,,,,
SB216,Singleton,Regular Session 2022,02/15/2022,S,,Read for the first time and referred to the Senate committee on Governmental Affairs,GA,,,,
SB216,Singleton,Regular Session 2022,03/01/2022,S,,Read for the second time and placed on the calendar,,0,10,,
SB216,Singleton,Regular Session 2022,03/09/2022,S,,Third Reading Passed,,,,,
SB216,Singleton,Regular Session 2022,03/09/2022,S,,Motion to Read a Third Time and Pass adopted Roll Call 496,,,,,Roll 496
SB216,Singleton,Regular Session 2022,03/09/2022,H,,Read for the first time and referred to the House of Representatives committee on Ways and Means Education,W&ME,,,,
SB216,Singleton,Regular Session 2022,03/10/2022,H,,Rereferred from W&ME to W&MGF,W&MGF,,,,
SB216,Singleton,Regular Session 2022,03/17/2022,H,,Read for the second time and placed on the calendar,,,,,
SB216,Singleton,Regular Session 2022,03/31/2022,H,,Third Reading Passed,,,,,
SB216,Singleton,Regular Session 2022,03/31/2022,H,,Motion to Read a Third Time and Pass adopted Roll Call 854,,,,,Roll 854
SB216,Singleton,Regular Session 2022,04/05/2022,S,,Passed Second House,,,,,
SB216,Singleton,Regular Session 2022,04/05/2022,S,,Enrolled,,,,,
SB216,Singleton,Regular Session 2022,04/05/2022,H,,Signature Requested,,,,,
SB216,Singleton,Regular Session 2022,,S,,Assigned Act No. 2022-352.,,,,,
SB217,Beasley,Regular Session 2022,02/15/2022,S,,Read for the first time and referred to the Senate committee on Healthcare,HLTH,,,,
SB218,Weaver,Regular Session 2022,02/15/2022,S,,Read for the first time and referred to the Senate committee on Shelby County Legislation,LLS,,,,
SB218,Weaver,Regular Session 2022,02/16/2022,S,,Read for the second time and placed on the calendar,,0,3,,
SB218,Weaver,Regular Session 2022,02/17/2022,S,,Third Reading Carried Over,,,,,
SB218,Weaver,Regular Session 2022,02/17/2022,S,,Roberts motion to Carry Over adopted Voice Vote,,,,,
SB218,Weaver,Regular Session 2022,02/22/2022,S,,Third Reading Indefinitely Postponed,,,,,
SB218,Weaver,Regular Session 2022,02/22/2022,S,,Roberts motion to Indefinitely Postpone adopted Voice Vote,,,,,
SB219,Barfoot,Regular Session 2022,02/15/2022,S,,Read for the first time and referred to the Senate committee on Fiscal Responsibility and Economic Development,FRED,,,,
SB219,Barfoot,Regular Session 2022,02/23/2022,S,,Read for the second time and placed on the calendar  1 amendment,,0,10,,
SB219,Barfoot,Regular Session 2022,,S,,Pending third reading on day 15 Favorable from Fiscal Responsibility and Economic Development with 1 amendment,,,,,
SB219,Barfoot,Regular Session 2022,04/06/2022,S,217967-2,Indefinitely Postponed,,,,,
SB220,Coleman-Madison,Regular Session 2022,02/16/2022,S,,Read for the first time and referred to the Senate committee on Judiciary,JUDY,,,,
SB220,Coleman-Madison,Regular Session 2022,03/09/2022,S,,Read for the second time and placed on the calendar,,0,7,,
SB220,Coleman-Madison,Regular Session 2022,03/30/2022,S,,Third Reading Passed,,,,,
SB220,Coleman-Madison,Regular Session 2022,03/30/2022,S,,Motion to Read a Third Time and Pass adopted Roll Call 800,,,,,Roll 800
SB220,Coleman-Madison,Regular Session 2022,03/30/2022,H,,Read for the first time and referred to the House of Representatives committee on Judiciary,JUDY,,,,
SB220,Coleman-Madison,Regular Session 2022,04/06/2022,H,,Read for the second time and placed on the calendar,,,,,
SB220,Coleman-Madison,Regular Session 2022,,H,,Pending third reading on day 29 Favorable from Judiciary,,,,,
SB221,Waggoner,Regular Session 2022,02/16/2022,S,,Read for the first time and referred to the Senate committee on Jefferson County Legislation,LLJ,,,,
SB221,Waggoner,Regular Session 2022,02/23/2022,S,,Read for the second time and placed on the calendar,,0,5,0,
SB221,Waggoner,Regular Session 2022,02/24/2022,S,,Third Reading Passed,,,,,
SB221,Waggoner,Regular Session 2022,02/24/2022,S,,Motion to Read a Third Time and Pass adopted Roll Call 413,,,,,Roll 413
SB221,Waggoner,Regular Session 2022,02/24/2022,H,,Read for the first time and referred to the House of Representatives committee on Jefferson County Legislation,JCL,,,,
SB221,Waggoner,Regular Session 2022,03/09/2022,H,,Read for the second time and placed on the calendar,,,,,
SB221,Waggoner,Regular Session 2022,03/10/2022,H,,Third Reading Passed,,,,,
SB221,Waggoner,Regular Session 2022,03/10/2022,H,,Motion to Read a Third Time and Pass adopted Roll Call 555,,,,,Roll 555
SB221,Waggoner,Regular Session 2022,03/10/2022,S,,Passed Second House,,,,,
SB221,Waggoner,Regular Session 2022,03/10/2022,S,,Enrolled,,,,,
SB221,Waggoner,Regular Session 2022,03/10/2022,H,,Signature Requested,,,,,
SB221,Waggoner,Regular Session 2022,,S,,Assigned Act No. 2022-155.,,,,,
SB222,Coleman-Madison,Regular Session 2022,02/16/2022,S,,Read for the first time and referred to the Senate committee on Governmental Affairs,GA,,,,
SB222,Coleman-Madison,Regular Session 2022,03/01/2022,S,,Read for the second time and placed on the calendar,,0,10,,
SB222,Coleman-Madison,Regular Session 2022,03/10/2022,S,,Third Reading Passed,,,,,
SB222,Coleman-Madison,Regular Session 2022,03/10/2022,S,218843-1,Givhan  Amendment Offered,,,,,
SB222,Coleman-Madison,Regular Session 2022,03/10/2022,S,,Givhan motion to Adopt adopted Roll Call 548,,,,,Roll 548
SB222,Coleman-Madison,Regular Session 2022,03/10/2022,S,,Motion to Read a Third Time and Pass adopted Roll Call 549,,,,,Roll 549
SB222,Coleman-Madison,Regular Session 2022,03/10/2022,S,,Engrossed,,,,,
SB222,Coleman-Madison,Regular Session 2022,03/10/2022,H,,"Read for the first time and referred to the House of Representatives committee on Boards, Agencies and Commissions",BA&C,,,,
SB222,Coleman-Madison,Regular Session 2022,03/17/2022,H,,Read for the second time and placed on the calendar,,,,,
SB222,Coleman-Madison,Regular Session 2022,03/30/2022,H,,Third Reading Passed,,,,,
SB222,Coleman-Madison,Regular Session 2022,03/30/2022,H,,Motion to Read a Third Time and Pass adopted Roll Call 785,,,,,Roll 785
SB222,Coleman-Madison,Regular Session 2022,03/30/2022,S,,Passed Second House,,,,,
SB222,Coleman-Madison,Regular Session 2022,03/31/2022,S,,Enrolled,,,,,
SB222,Coleman-Madison,Regular Session 2022,03/31/2022,H,,Signature Requested,,,,,
SB222,Coleman-Madison,Regular Session 2022,,S,,Assigned Act No. 2022-265.,,,,,
SB223,Stutts,Regular Session 2022,02/16/2022,S,,Read for the first time and referred to the Senate committee on Judiciary,JUDY,,,,
SB223,Stutts,Regular Session 2022,03/09/2022,S,,Read for the second time and placed on the calendar,,3,4,,
SB223,Stutts,Regular Session 2022,04/06/2022,S,,Indefinitely Postponed,,,,,
SB224,Orr,Regular Session 2022,02/16/2022,S,,Read for the first time and referred to the Senate committee on Fiscal Responsibility and Economic Development,FRED,,,,
SB224,Orr,Regular Session 2022,02/23/2022,S,,Read for the second time and placed on the calendar,,0,10,,
SB224,Orr,Regular Session 2022,03/15/2022,S,,Third Reading Carried Over to Call of the Chair,,,,,
SB224,Orr,Regular Session 2022,03/15/2022,S,,Orr motion to Carry Over to the Call of the Chair adopted Voice Vote,,,,,
SB224,Orr,Regular Session 2022,03/17/2022,S,,Third Reading Passed,,,,,
SB224,Orr,Regular Session 2022,03/17/2022,S,219241-1,Orr  Amendment Offered,,,,,
SB224,Orr,Regular Session 2022,03/17/2022,S,,Orr motion to Adopt adopted Roll Call 691,,,,,Roll 691
SB224,Orr,Regular Session 2022,03/17/2022,S,,Motion to Read a Third Time and Pass adopted Roll Call 692,,,,,Roll 692
SB224,Orr,Regular Session 2022,03/29/2022,S,,Engrossed,,,,,
SB224,Orr,Regular Session 2022,03/29/2022,H,,Read for the first time and referred to the House of Representatives committee on State Government,SG,,,,
SB224,Orr,Regular Session 2022,03/31/2022,H,,Read for the second time and placed on the calendar,,,,,
SB224,Orr,Regular Session 2022,04/06/2022,H,,Third Reading Passed,,,,,
SB224,Orr,Regular Session 2022,04/06/2022,H,219860-1,Boyd 1st Amendment Offered,,,,,
SB224,Orr,Regular Session 2022,04/06/2022,H,,Garrett motion to Table adopted Roll Call 931,,,,,Roll 931
SB224,Orr,Regular Session 2022,04/06/2022,H,219822-1,Garrett  Amendment Offered,,,,,
SB224,Orr,Regular Session 2022,04/06/2022,H,,Motion to Adopt adopted Roll Call 932,,,,,Roll 932
SB224,Orr,Regular Session 2022,04/06/2022,H,219927-2,Boyd 2nd Amendment Offered,,,,,
SB224,Orr,Regular Session 2022,04/06/2022,H,,Garrett motion to Table adopted Roll Call 933,,,,,Roll 933
SB224,Orr,Regular Session 2022,04/06/2022,H,,Kitchens motion to Previous Question adopted Roll Call 934,,,,,Roll 934
SB224,Orr,Regular Session 2022,04/06/2022,H,,Motion to Read a Third Time and Pass adopted Roll Call 935,,,,,Roll 935
SB224,Orr,Regular Session 2022,04/06/2022,S,,Concurrence Requested,,,,,
SB224,Orr,Regular Session 2022,04/06/2022,S,,Reed motion to Concur In and Adopt adopted Roll Call 1033,,,,,Roll 1033
SB224,Orr,Regular Session 2022,04/06/2022,H,,Concurred in Second House Amendment,,,,,
SB224,Orr,Regular Session 2022,04/06/2022,S,,Enrolled,,,,,
SB224,Orr,Regular Session 2022,04/06/2022,H,,Signature Requested,,,,,
SB224,Orr,Regular Session 2022,,S,,Assigned Act No. 2022-301.,,,,,
SB225,Smitherman,Regular Session 2022,02/16/2022,S,,Read for the first time and referred to the Senate committee on Finance and Taxation Education,F&TE,,,,
SB226,Whatley,Regular Session 2022,02/16/2022,S,,Read for the first time and referred to the Senate committee on Judiciary,JUDY,,,,
SB226,Whatley,Regular Session 2022,03/17/2022,S,,Read for the second time and placed on the calendar  1 amendment,,1,7,,
SB226,Whatley,Regular Session 2022,,S,,Pending third reading on day 24 Favorable from Judiciary with 1 amendment,,,,,
SB226,Whatley,Regular Session 2022,04/06/2022,S,218301-2,Indefinitely Postponed,,,,,
SB227,Figures,Regular Session 2022,02/16/2022,S,,Read for the first time and referred to the Senate committee on Mobile County Legislation,LLMO,,,,
SB227,Figures,Regular Session 2022,02/17/2022,S,,Read for the second time and placed on the calendar,,0,3,,
SB227,Figures,Regular Session 2022,02/22/2022,S,,Third Reading Passed,,,,,
SB227,Figures,Regular Session 2022,02/22/2022,S,,Motion to Read a Third Time and Pass adopted Roll Call 356,,,,,Roll 356
SB227,Figures,Regular Session 2022,02/22/2022,S,,Figures motion to adopt Local Application Resolution adopted Roll Call 357,,,,,Roll 357
SB227,Figures,Regular Session 2022,02/22/2022,H,,Read for the first time and referred to the House of Representatives committee on Mobile County Legislation,MOBCL,,,,
SB227,Figures,Regular Session 2022,03/09/2022,H,,Read for the second time and placed on the calendar,,,,,
SB227,Figures,Regular Session 2022,03/10/2022,H,,Third Reading Passed,,,,,
SB227,Figures,Regular Session 2022,03/10/2022,H,,Motion to Read a Third Time and Pass adopted Roll Call 559,,,,,Roll 559
SB227,Figures,Regular Session 2022,03/10/2022,H,,Motion to Local Application adopted Roll Call 560,,,,,Roll 560
SB227,Figures,Regular Session 2022,03/10/2022,H,,"Jones (S) intended to vote ""Yea""",,,,,
SB227,Figures,Regular Session 2022,03/10/2022,S,,Passed Second House,,,,,
SB227,Figures,Regular Session 2022,03/10/2022,S,,Enrolled,,,,,
SB227,Figures,Regular Session 2022,03/10/2022,H,,Signature Requested,,,,,
SB227,Figures,Regular Session 2022,,S,,Assigned Act No. 2022-118.,,,,,
SB228,Figures,Regular Session 2022,02/16/2022,S,,Read for the first time and referred to the Senate committee on Governmental Affairs,GA,,,,
SB229,Figures,Regular Session 2022,02/16/2022,S,,Read for the first time and referred to the Senate committee on Judiciary,JUDY,,,,
SB230,Albritton,Regular Session 2022,02/17/2022,S,,Read for the first time and referred to the Senate committee on Finance and Taxation General Fund,F&TG,,,,
SB230,Albritton,Regular Session 2022,02/23/2022,S,,Read for the second time and placed on the calendar  1 amendment,,,13,1,
SB230,Albritton,Regular Session 2022,,S,217995-2,Finance and Taxation General Fund first Amendment Offered,,,,,
SB230,Albritton,Regular Session 2022,04/06/2022,S,,Indefinitely Postponed,,,,,
SB231,Givhan,Regular Session 2022,02/17/2022,S,,Read for the first time and referred to the Senate committee on Judiciary,JUDY,,,,
SB231,Givhan,Regular Session 2022,03/17/2022,S,,Read for the second time and placed on the calendar,,0,9,,
SB231,Givhan,Regular Session 2022,04/06/2022,S,,Indefinitely Postponed,,,,,
SB232,Barfoot,Regular Session 2022,02/17/2022,S,,Read for the first time and referred to the Senate committee on Judiciary,JUDY,,,,
SB232,Barfoot,Regular Session 2022,02/23/2022,S,,Read for the second time and placed on the calendar,,0,9,,
SB232,Barfoot,Regular Session 2022,03/30/2022,S,,Third Reading Passed,,,,,
SB232,Barfoot,Regular Session 2022,03/30/2022,S,,Motion to Read a Third Time and Pass adopted Roll Call 815,,,,,Roll 815
SB232,Barfoot,Regular Session 2022,03/30/2022,H,,Read for the first time and referred to the House of Representatives committee on Ways and Means General Fund,W&MGF,,,,
SB232,Barfoot,Regular Session 2022,04/05/2022,H,,Read for the second time and placed on the calendar,,,,,
SB232,Barfoot,Regular Session 2022,,H,,Pending third reading on day 28 Favorable from Ways and Means General Fund,,,,,
SB233,Barfoot,Regular Session 2022,02/17/2022,S,,Read for the first time and referred to the Senate committee on Judiciary,JUDY,,,,
SB233,Barfoot,Regular Session 2022,02/23/2022,S,,Read for the second time and placed on the calendar  1 amendment,,0,9,,
SB233,Barfoot,Regular Session 2022,03/10/2022,S,,Third Reading Passed,,,,,
SB233,Barfoot,Regular Session 2022,03/10/2022,S,218017-2,Judiciary  Amendment Offered,,,,,
SB233,Barfoot,Regular Session 2022,03/10/2022,S,,Barfoot motion to Adopt adopted Roll Call 551,,,,,Roll 551
SB233,Barfoot,Regular Session 2022,03/10/2022,S,,Motion to Read a Third Time and Pass adopted Roll Call 552,,,,,Roll 552
SB233,Barfoot,Regular Session 2022,03/10/2022,S,,Engrossed,,,,,
SB233,Barfoot,Regular Session 2022,03/10/2022,H,,Read for the first time and referred to the House of Representatives committee on Judiciary,JUDY,,,,
SB233,Barfoot,Regular Session 2022,03/17/2022,H,,Read for the second time and placed on the calendar  1 amendment,,,,,
SB233,Barfoot,Regular Session 2022,04/05/2022,H,,Third Reading Passed,,,,,
SB233,Barfoot,Regular Session 2022,04/05/2022,H,218946-2,Judiciary  Amendment Offered,,,,,
SB233,Barfoot,Regular Session 2022,04/05/2022,H,,Motion to Adopt adopted Voice Vote 907,,,,,
SB233,Barfoot,Regular Session 2022,04/05/2022,H,,Motion to Read a Third Time and Pass adopted Voice Vote 908,,,,,
SB233,Barfoot,Regular Session 2022,04/05/2022,S,,Concurrence Requested,,,,,
SB233,Barfoot,Regular Session 2022,04/05/2022,S,,Reed motion to Concur In and Adopt adopted Roll Call 943,,,,,Roll 943
SB233,Barfoot,Regular Session 2022,04/05/2022,H,,Concurred in Second House Amendment,,,,,
SB233,Barfoot,Regular Session 2022,04/06/2022,S,,Enrolled,,,,,
SB233,Barfoot,Regular Session 2022,04/06/2022,H,,Signature Requested,,,,,
SB233,Barfoot,Regular Session 2022,,S,,Assigned Act No. 2022-375.,,,,,
SB234,Albritton,Regular Session 2022,02/17/2022,S,,Read for the first time and referred to the Senate committee on Fiscal Responsibility and Economic Development,FRED,,,,
SB234,Albritton,Regular Session 2022,02/23/2022,S,,Read for the second time and placed on the calendar,,0,10,,
SB234,Albritton,Regular Session 2022,04/06/2022,S,,Indefinitely Postponed,,,,,
SB235,Figures,Regular Session 2022,02/17/2022,S,,Read for the first time and referred to the Senate committee on Judiciary,JUDY,,,,
SB235,Figures,Regular Session 2022,03/09/2022,S,,Read for the second time and placed on the calendar,,0,7,,
SB235,Figures,Regular Session 2022,04/06/2022,S,,Indefinitely Postponed,,,,,
SB236,Albritton,Regular Session 2022,02/17/2022,S,,Read for the first time and referred to the Senate committee on Education Policy,ED,,,,
SB237,Smitherman,Regular Session 2022,02/17/2022,S,,Read for the first time and referred to the Senate committee on Jefferson County Legislation,LLJ,,,,
SB237,Smitherman,Regular Session 2022,02/23/2022,S,,Read for the second time and placed on the calendar  1 amendment,,0,4,1,
SB237,Smitherman,Regular Session 2022,02/24/2022,S,,Third Reading Passed,,,,,
SB237,Smitherman,Regular Session 2022,02/24/2022,S,217912-2,Jefferson County Legislation  Amendment Offered,,,,,
SB237,Smitherman,Regular Session 2022,02/24/2022,S,,Smitherman motion to Adopt adopted Roll Call 415,,,,,Roll 415
SB237,Smitherman,Regular Session 2022,02/24/2022,S,,Motion to Read a Third Time and Pass adopted Roll Call 416,,,,,Roll 416
SB237,Smitherman,Regular Session 2022,02/24/2022,S,,Engrossed,,,,,
SB237,Smitherman,Regular Session 2022,02/24/2022,H,,Read for the first time and referred to the House of Representatives committee on Jefferson County Legislation,JCL,,,,
SB238,Hatcher,Regular Session 2022,02/17/2022,S,,Read for the first time and referred to the Senate committee on Local Legislation,LL1,,,,
SB238,Hatcher,Regular Session 2022,03/15/2022,S,,Read for the second time and placed on the calendar,,,,,
SB238,Hatcher,Regular Session 2022,03/17/2022,S,,Third Reading Passed,,,,,
SB238,Hatcher,Regular Session 2022,03/17/2022,S,,Motion to Read a Third Time and Pass adopted Roll Call 615,,,,,Roll 615
SB238,Hatcher,Regular Session 2022,03/17/2022,S,,Singleton motion to adopt Local Certification Resolution adopted Roll Call 616,,,,,Roll 616
SB238,Hatcher,Regular Session 2022,03/17/2022,H,,Read for the first time and referred to the House of Representatives committee on Montgomery County Legislation,MGMCL,,,,
SB238,Hatcher,Regular Session 2022,04/05/2022,H,,Read for the second time and placed on the calendar,,,,,
SB238,Hatcher,Regular Session 2022,04/06/2022,H,,Third Reading Passed,,,,,
SB238,Hatcher,Regular Session 2022,04/06/2022,H,,Motion to Read a Third Time and Pass adopted Roll Call 925,,,,,Roll 925
SB238,Hatcher,Regular Session 2022,04/06/2022,H,,Motion to Local Application adopted Roll Call 926,,,,,Roll 926
SB238,Hatcher,Regular Session 2022,04/06/2022,S,,Passed Second House,,,,,
SB238,Hatcher,Regular Session 2022,04/06/2022,H,,Signature Requested,,,,,
SB238,Hatcher,Regular Session 2022,04/06/2022,S,,Assigned Act No. 2022-257.,,,,,
SB239,Livingston,Regular Session 2022,02/22/2022,S,,Read for the first time and referred to the Senate committee on Finance and Taxation Education,F&TE,,,,
SB240,Orr,Regular Session 2022,02/22/2022,S,,Read for the first time and referred to the Senate committee on Governmental Affairs,GA,,,,
SB240,Orr,Regular Session 2022,03/01/2022,S,,Read for the second time and placed on the calendar  1 amendment,,1,9,,
SB240,Orr,Regular Session 2022,03/09/2022,S,,Third Reading Passed,,,,,
SB240,Orr,Regular Session 2022,03/09/2022,S,218218-2,Governmental Affairs  Amendment Offered,,,,,
SB240,Orr,Regular Session 2022,03/09/2022,S,,Orr motion to Adopt adopted Roll Call 507,,,,,Roll 507
SB240,Orr,Regular Session 2022,03/09/2022,S,218218-1,Orr  Amendment Offered,,,,,
SB240,Orr,Regular Session 2022,03/09/2022,S,,Orr motion to Adopt adopted Roll Call 508,,,,,Roll 508
SB240,Orr,Regular Session 2022,03/09/2022,S,,Motion to Read a Third Time and Pass adopted Roll Call 509,,,,,Roll 509
SB240,Orr,Regular Session 2022,03/09/2022,S,,Engrossed,,,,,
SB240,Orr,Regular Session 2022,03/09/2022,H,,Read for the first time and referred to the House of Representatives committee on County and Municipal Government,C&MG,,,,
SB240,Orr,Regular Session 2022,03/30/2022,H,,Read for the second time and placed on the calendar,,,,,
SB240,Orr,Regular Session 2022,,H,,Pending third reading on day 26 Favorable from County and Municipal Government,,,,,
SB241,Singleton,Regular Session 2022,02/22/2022,S,,Read for the first time and referred to the Senate committee on Judiciary,JUDY,,,,
SB241,Singleton,Regular Session 2022,03/09/2022,S,,Read for the second time and placed on the calendar,,0,7,,
SB241,Singleton,Regular Session 2022,03/29/2022,S,,Third Reading Passed,,,,,
SB241,Singleton,Regular Session 2022,03/29/2022,S,,Motion to Read a Third Time and Pass adopted Roll Call 743,,,,,Roll 743
SB241,Singleton,Regular Session 2022,03/29/2022,H,,Read for the first time and referred to the House of Representatives committee on County and Municipal Government,C&MG,,,,
SB241,Singleton,Regular Session 2022,04/05/2022,H,,Read for the second time and placed on the calendar,,,,,
SB241,Singleton,Regular Session 2022,,H,,Pending third reading on day 28 Favorable from County and Municipal Government,,,,,
SB242,Orr,Regular Session 2022,02/22/2022,S,,Read for the first time and referred to the Senate committee on Local Legislation,LL1,,,,
SB242,Orr,Regular Session 2022,02/24/2022,S,,Read for the second time and placed on the calendar,,,,,
SB242,Orr,Regular Session 2022,03/01/2022,S,,Third Reading Passed,,,,,
SB242,Orr,Regular Session 2022,03/01/2022,S,,Motion to Read a Third Time and Pass adopted Roll Call 444,,,,,Roll 444
SB242,Orr,Regular Session 2022,03/01/2022,S,,Orr motion to adopt Local Application Certification adopted Roll Call 445,,,,,Roll 445
SB242,Orr,Regular Session 2022,03/01/2022,H,,Read for the first time and referred to the House of Representatives committee on Local Legislation,LL,,,,
SB242,Orr,Regular Session 2022,03/02/2022,H,,Read for the second time and placed on the calendar,,,,,
SB242,Orr,Regular Session 2022,03/03/2022,H,,Third Reading Passed,,,,,
SB242,Orr,Regular Session 2022,03/03/2022,H,,Motion to Read a Third Time and Pass adopted Roll Call 456,,,,,Roll 456
SB242,Orr,Regular Session 2022,03/03/2022,H,,Motion to Local Application adopted Roll Call 457,,,,,Roll 457
SB242,Orr,Regular Session 2022,03/03/2022,S,,Passed Second House,,,,,
SB242,Orr,Regular Session 2022,03/03/2022,H,,Signature Requested,,,,,
SB242,Orr,Regular Session 2022,03/03/2022,S,,Enrolled,,,,,
SB242,Orr,Regular Session 2022,,S,,Assigned Act No. 2022-78.,,,,,
SB243,Livingston,Regular Session 2022,02/22/2022,S,,Read for the first time and referred to the Senate committee on Finance and Taxation Education,F&TE,,,,
SB244,Livingston,Regular Session 2022,02/22/2022,S,,Read for the first time and referred to the Senate committee on Finance and Taxation Education,F&TE,,,,
SB244,Livingston,Regular Session 2022,03/09/2022,S,,Read for the second time and placed on the calendar  1 amendment,,0,10,0,
SB244,Livingston,Regular Session 2022,03/29/2022,S,,Third Reading Passed,,,,,
SB244,Livingston,Regular Session 2022,03/29/2022,S,218604-2,Finance and Taxation Education  Amendment Offered,,,,,
SB244,Livingston,Regular Session 2022,03/29/2022,S,,Motion to Adopt adopted Roll Call 735,,,,,Roll 735
SB244,Livingston,Regular Session 2022,03/29/2022,S,,Motion to Read a Third Time and Pass adopted Roll Call 736,,,,,Roll 736
SB244,Livingston,Regular Session 2022,03/29/2022,S,,Engrossed,,,,,
SB244,Livingston,Regular Session 2022,03/29/2022,H,,Read for the first time and referred to the House of Representatives committee on Ways and Means Education,W&ME,,,,
SB245,Stutts,Regular Session 2022,02/22/2022,S,,Read for the first time and referred to the Senate committee on Judiciary,JUDY,,,,
SB245,Stutts,Regular Session 2022,03/09/2022,S,,Read for the second time and placed on the calendar,,1,5,1,
SB245,Stutts,Regular Session 2022,04/06/2022,S,,Indefinitely Postponed,,,,,
SB246,Givhan,Regular Session 2022,02/22/2022,S,,Read for the first time and referred to the Senate committee on Fiscal Responsibility and Economic Development,FRED,,,,
SB247,Whatley,Regular Session 2022,02/22/2022,S,,Read for the first time and referred to the Senate committee on Judiciary,JUDY,,,,
SB247,Whatley,Regular Session 2022,,S,219343-2,Judiciary first Substitute Offered,,,,,
SB248,Roberts,Regular Session 2022,02/22/2022,S,,"Read for the first time and referred to the Senate committee on Children, Youth and Human Services",CY&HS,,,,
SB248,Roberts,Regular Session 2022,03/02/2022,S,,Read for the second time and placed on the calendar,,3,7,,
SB248,Roberts,Regular Session 2022,04/06/2022,S,,Indefinitely Postponed,,,,,
SB249,Givhan,Regular Session 2022,02/22/2022,S,,Read for the first time and referred to the Senate committee on Governmental Affairs,GA,,,,
SB249,Givhan,Regular Session 2022,03/01/2022,S,,Read for the second time and placed on the calendar,,0,10,,
SB249,Givhan,Regular Session 2022,03/15/2022,S,,Third Reading Carried Over to Call of the Chair,,,,,
SB249,Givhan,Regular Session 2022,03/15/2022,S,,Givhan motion to Carry Over to the Call of the Chair adopted Voice Vote,,,,,
SB249,Givhan,Regular Session 2022,04/06/2022,S,,Indefinitely Postponed,,,,,
SB250,Holley,Regular Session 2022,02/23/2022,S,,Read for the first time and referred to the Senate committee on Governmental Affairs,GA,,,,
SB251,Butler,Regular Session 2022,02/23/2022,S,,Read for the first time and referred to the Senate committee on Finance and Taxation Education,F&TE,,,,
SB251,Butler,Regular Session 2022,03/09/2022,S,,Read for the second time and placed on the calendar,,0,10,0,
SB251,Butler,Regular Session 2022,03/30/2022,S,,Third Reading Passed,,,,,
SB251,Butler,Regular Session 2022,03/30/2022,S,,Motion to Read a Third Time and Pass adopted Roll Call 822,,,,,Roll 822
SB251,Butler,Regular Session 2022,03/31/2022,H,,Read for the first time and referred to the House of Representatives committee on Ways and Means Education,W&ME,,,,
SB251,Butler,Regular Session 2022,04/05/2022,H,,Read for the second time and placed on the calendar,,,,,
SB251,Butler,Regular Session 2022,04/07/2022,H,,Third Reading Indefinitely Postponed,,,,,
SB251,Butler,Regular Session 2022,04/07/2022,H,,Wingo motion to Indefinitely Postpone adopted Voice Vote,,,,,
SB252,Beasley,Regular Session 2022,02/23/2022,S,,Read for the first time and referred to the Senate committee on Local Legislation,LL1,,,,
SB252,Beasley,Regular Session 2022,03/15/2022,S,,Read for the second time and placed on the calendar,,,,,
SB252,Beasley,Regular Session 2022,03/17/2022,S,,Third Reading Passed,,,,,
SB252,Beasley,Regular Session 2022,03/17/2022,S,,Motion to Read a Third Time and Pass adopted Roll Call 618,,,,,Roll 618
SB252,Beasley,Regular Session 2022,03/17/2022,H,,Read for the first time and referred to the House of Representatives committee on Local Legislation,LL,,,,
SB252,Beasley,Regular Session 2022,03/29/2022,H,,Read for the second time and placed on the calendar,,,,,
SB252,Beasley,Regular Session 2022,03/31/2022,H,,Third Reading Passed,,,,,
SB252,Beasley,Regular Session 2022,03/31/2022,H,,Motion to Read a Third Time and Pass adopted Roll Call 792,,,,,Roll 792
SB252,Beasley,Regular Session 2022,03/31/2022,S,,Passed Second House,,,,,
SB252,Beasley,Regular Session 2022,03/31/2022,S,,Enrolled,,,,,
SB252,Beasley,Regular Session 2022,03/31/2022,H,,Signature Requested,,,,,
SB252,Beasley,Regular Session 2022,,S,,Assigned Act No. 2022-266.,,,,,
SB253,Jones,Regular Session 2022,02/23/2022,S,,Read for the first time and referred to the Senate committee on Fiscal Responsibility and Economic Development,FRED,,,,
SB253,Jones,Regular Session 2022,03/02/2022,S,,Read for the second time and placed on the calendar,,0,7,,
SB253,Jones,Regular Session 2022,04/06/2022,S,,Indefinitely Postponed,,,,,
SB254,Chambliss,Regular Session 2022,02/23/2022,S,,"Read for the first time and referred to the Senate committee on Children, Youth and Human Services",CY&HS,,,,
SB255,Orr,Regular Session 2022,02/23/2022,S,,Read for the first time and referred to the Senate committee on Governmental Affairs,GA,,,,
SB255,Orr,Regular Session 2022,03/01/2022,S,,Read for the second time and placed on the calendar  1 amendment,,0,10,,
SB255,Orr,Regular Session 2022,03/10/2022,S,,Third Reading Passed,,,,,
SB255,Orr,Regular Session 2022,03/10/2022,S,218311-2,Governmental Affairs  Amendment Offered,,,,,
SB255,Orr,Regular Session 2022,03/10/2022,S,,Orr motion to Table adopted Voice Vote,,,,,
SB255,Orr,Regular Session 2022,03/10/2022,S,218572-2,Orr first Substitute Offered,,,,,
SB255,Orr,Regular Session 2022,03/10/2022,S,,Orr motion to Adopt adopted Roll Call 545,,,,,Roll 545
SB255,Orr,Regular Session 2022,03/10/2022,S,,Motion to Read a Third Time and Pass adopted Roll Call 546,,,,,Roll 546
SB255,Orr,Regular Session 2022,03/10/2022,S,,Engrossed,,,,,
SB255,Orr,Regular Session 2022,03/10/2022,H,,Read for the first time and referred to the House of Representatives committee on State Government,SG,,,,
SB255,Orr,Regular Session 2022,03/30/2022,H,,Read for the second time and placed on the calendar,,,,,
SB255,Orr,Regular Session 2022,04/07/2022,H,,Lost in second house,,,,,
SB255,Orr,Regular Session 2022,04/07/2022,H,220033-1,Reynolds  Amendment Offered,,,,,
SB255,Orr,Regular Session 2022,04/07/2022,H,,Motion to Adopt adopted Roll Call 995,,,,,Roll 995
SB255,Orr,Regular Session 2022,04/07/2022,H,,Motion to Read a Third Time and Pass lost Roll Call 996,,,,,Roll 996
SB255,Orr,Regular Session 2022,04/07/2022,H,,"Stadthagen intended to vote ""Yea""",,,,,
SB256,Barfoot,Regular Session 2022,02/23/2022,S,,Read for the first time and referred to the Senate committee on Judiciary,JUDY,,,,
SB256,Barfoot,Regular Session 2022,03/09/2022,S,,Read for the second time and placed on the calendar with 1 substitute and,,0,7,,
SB256,Barfoot,Regular Session 2022,03/29/2022,S,,Third Reading Passed,,,,,
SB256,Barfoot,Regular Session 2022,03/29/2022,S,218673-2,Judiciary first Substitute Offered,,,,,
SB256,Barfoot,Regular Session 2022,03/29/2022,S,,Barfoot motion to Adopt adopted Roll Call 754,,,,,Roll 754
SB256,Barfoot,Regular Session 2022,03/29/2022,S,,Motion to Read a Third Time and Pass adopted Roll Call 755,,,,,Roll 755
SB256,Barfoot,Regular Session 2022,03/29/2022,S,,Engrossed,,,,,
SB256,Barfoot,Regular Session 2022,03/29/2022,H,,Read for the first time and referred to the House of Representatives committee on Judiciary,JUDY,,,,
SB256,Barfoot,Regular Session 2022,03/30/2022,H,,Read for the second time and placed on the calendar,,,,,
SB256,Barfoot,Regular Session 2022,04/07/2022,H,,Third Reading Passed,,,,,
SB256,Barfoot,Regular Session 2022,04/07/2022,H,,Motion to Read a Third Time and Pass adopted Roll Call 992,,,,,Roll 992
SB256,Barfoot,Regular Session 2022,04/07/2022,S,,Passed Second House,,,,,
SB256,Barfoot,Regular Session 2022,04/07/2022,S,,Enrolled,,,,,
SB256,Barfoot,Regular Session 2022,04/07/2022,H,,Signature Requested,,,,,
SB256,Barfoot,Regular Session 2022,,S,,Assigned Act No. 2022-427.,,,,,
SB257,Barfoot,Regular Session 2022,02/23/2022,S,,Read for the first time and referred to the Senate committee on Banking and Insurance,B&I,,,,
SB257,Barfoot,Regular Session 2022,03/09/2022,S,,Read for the second time and placed on the calendar,,0,13,,
SB257,Barfoot,Regular Session 2022,04/06/2022,S,,Indefinitely Postponed,,,,,
SB258,Williams,Regular Session 2022,02/23/2022,S,,Read for the first time and referred to the Senate committee on Banking and Insurance,B&I,,,,
SB258,Williams,Regular Session 2022,03/09/2022,S,,Read for the second time and placed on the calendar  1 amendment,,0,13,,
SB258,Williams,Regular Session 2022,,S,,Pending third reading on day 21 Favorable from Banking and Insurance with 1 amendment,,,,,
SB258,Williams,Regular Session 2022,04/06/2022,S,218771-1,Indefinitely Postponed,,,,,
SB259,Smitherman,Regular Session 2022,02/23/2022,S,,Read for the first time and referred to the Senate committee on Fiscal Responsibility and Economic Development,FRED,,,,
SB259,Smitherman,Regular Session 2022,03/09/2022,S,,Read for the second time and placed on the calendar with 1 substitute and,,,5,2,
SB259,Smitherman,Regular Session 2022,03/15/2022,S,,Third Reading Carried Over to Call of the Chair,,,,,
SB259,Smitherman,Regular Session 2022,03/15/2022,S,,Reed motion to Carry Over to the Call of the Chair adopted Voice Vote,,,,,
SB259,Smitherman,Regular Session 2022,03/17/2022,S,,Third Reading Passed,,,,,
SB259,Smitherman,Regular Session 2022,03/17/2022,S,218274-4,Fiscal Responsibility and Economic Development zeroeth Substitute Offered,,,,,
SB259,Smitherman,Regular Session 2022,03/17/2022,S,,Smitherman motion to Adopt adopted Roll Call 693,,,,,Roll 693
SB259,Smitherman,Regular Session 2022,03/17/2022,S,218938-1,Smitherman  Amendment Offered,,,,,
SB259,Smitherman,Regular Session 2022,03/17/2022,S,,Motion to Adopt adopted Roll Call 694,,,,,Roll 694
SB259,Smitherman,Regular Session 2022,03/17/2022,S,,Motion to Read a Third Time and Pass adopted Roll Call 695,,,,,Roll 695
SB259,Smitherman,Regular Session 2022,03/29/2022,S,,Engrossed,,,,,
SB259,Smitherman,Regular Session 2022,03/29/2022,H,,Read for the first time and referred to the House of Representatives committee on Economic Development and Tourism,ED&T,,,,
SB259,Smitherman,Regular Session 2022,,S,218274-4,Fiscal Responsibility and Economic Development first Substitute Offered,,,,,
SB260,Smitherman,Regular Session 2022,02/23/2022,S,,Read for the first time and referred to the Senate committee on Fiscal Responsibility and Economic Development,FRED,,,,
SB260,Smitherman,Regular Session 2022,03/09/2022,S,,Read for the second time and placed on the calendar  1 amendment,,0,7,,
SB260,Smitherman,Regular Session 2022,03/17/2022,S,,Third Reading Passed,,,,,
SB260,Smitherman,Regular Session 2022,03/17/2022,S,218734-2,Fiscal Responsibility and Economic Development  Amendment Offered,,,,,
SB260,Smitherman,Regular Session 2022,03/17/2022,S,,Smitherman motion to Adopt adopted Roll Call 652,,,,,Roll 652
SB260,Smitherman,Regular Session 2022,03/17/2022,S,,Motion to Read a Third Time and Pass adopted Roll Call 653,,,,,Roll 653
SB260,Smitherman,Regular Session 2022,03/17/2022,S,,Engrossed,,,,,
SB260,Smitherman,Regular Session 2022,03/17/2022,H,,Read for the first time and referred to the House of Representatives committee on County and Municipal Government,C&MG,,,,
SB260,Smitherman,Regular Session 2022,03/30/2022,H,,Read for the second time and placed on the calendar,,,,,
SB260,Smitherman,Regular Session 2022,04/05/2022,H,,Third Reading Carried Over to Call of the Chair,,,,,
SB260,Smitherman,Regular Session 2022,04/05/2022,H,,Scott motion to Carry Over to the Call of the Chair adopted Voice Vote,,,,,
SB260,Smitherman,Regular Session 2022,04/05/2022,H,,Third Reading Passed,,,,,
SB260,Smitherman,Regular Session 2022,04/05/2022,H,,Motion to Read a Third Time and Pass adopted Voice Vote 919,,,,,
SB260,Smitherman,Regular Session 2022,04/05/2022,S,,Passed Second House,,,,,
SB260,Smitherman,Regular Session 2022,04/06/2022,S,,Enrolled,,,,,
SB260,Smitherman,Regular Session 2022,04/06/2022,H,,Signature Requested,,,,,
SB260,Smitherman,Regular Session 2022,,S,,Assigned Act No. 2022-422.,,,,,
SB261,Roberts,Regular Session 2022,02/23/2022,S,,Read for the first time and referred to the Senate committee on Finance and Taxation Education,F&TE,,,,
SB261,Roberts,Regular Session 2022,03/09/2022,S,,Read for the second time and placed on the calendar,,0,10,0,
SB261,Roberts,Regular Session 2022,03/15/2022,S,,Third Reading Passed,,,,,
SB261,Roberts,Regular Session 2022,03/15/2022,S,,Motion to Read a Third Time and Pass adopted Roll Call 573,,,,,Roll 573
SB261,Roberts,Regular Session 2022,03/17/2022,H,,Read for the first time and referred to the House of Representatives committee on Education Policy,EP,,,,
SB261,Roberts,Regular Session 2022,03/30/2022,H,,Read for the second time and placed on the calendar,,,,,
SB261,Roberts,Regular Session 2022,04/05/2022,H,,Third Reading Passed,,,,,
SB261,Roberts,Regular Session 2022,04/05/2022,H,,Motion to Read a Third Time and Pass adopted Roll Call 889,,,,,Roll 889
SB261,Roberts,Regular Session 2022,04/05/2022,S,,Passed Second House,,,,,
SB261,Roberts,Regular Session 2022,04/05/2022,H,,Signature Requested,,,,,
SB261,Roberts,Regular Session 2022,04/05/2022,S,,Enrolled,,,,,
SB261,Roberts,Regular Session 2022,,S,,Assigned Act No. 2022-390.,,,,,
SB262,Waggoner,Regular Session 2022,02/24/2022,S,,Read for the first time and referred to the Senate committee on Governmental Affairs,GA,,,,
SB262,Waggoner,Regular Session 2022,03/01/2022,S,,Read for the second time and placed on the calendar,,0,10,,
SB262,Waggoner,Regular Session 2022,03/10/2022,S,,Third Reading Passed,,,,,
SB262,Waggoner,Regular Session 2022,03/10/2022,S,,Motion to Read a Third Time and Pass adopted Roll Call 543,,,,,Roll 543
SB262,Waggoner,Regular Session 2022,03/10/2022,H,,Read for the first time and referred to the House of Representatives committee on State Government,SG,,,,
SB262,Waggoner,Regular Session 2022,03/30/2022,H,,Read for the second time and placed on the calendar,,,,,
SB262,Waggoner,Regular Session 2022,04/05/2022,H,,Third Reading Passed,,,,,
SB262,Waggoner,Regular Session 2022,04/05/2022,H,,Motion to Read a Third Time and Pass adopted Voice Vote 910,,,,,
SB262,Waggoner,Regular Session 2022,04/05/2022,S,,Passed Second House,,,,,
SB262,Waggoner,Regular Session 2022,04/06/2022,S,,Enrolled,,,,,
SB262,Waggoner,Regular Session 2022,04/06/2022,H,,Signature Requested,,,,,
SB262,Waggoner,Regular Session 2022,,S,,Assigned Act No. 2022-355.,,,,,
SB263,Chambliss,Regular Session 2022,02/24/2022,S,,Read for the first time and referred to the Senate committee on Veterans and Military Affairs,V&MA,,,,
SB263,Chambliss,Regular Session 2022,03/02/2022,S,,Read for the second time and placed on the calendar,,0,4,0,
SB263,Chambliss,Regular Session 2022,04/06/2022,S,,Indefinitely Postponed,,,,,
SB264,Albritton,Regular Session 2022,02/24/2022,S,,Read for the first time and referred to the Senate committee on Judiciary,JUDY,,,,
SB265,Smitherman,Regular Session 2022,03/01/2022,S,,Read for the first time and referred to the Senate committee on Finance and Taxation General Fund,F&TG,,,,
SB265,Smitherman,Regular Session 2022,03/30/2022,S,,Read for the second time and placed on the calendar,,0,11,,
SB265,Smitherman,Regular Session 2022,03/31/2022,S,,Third Reading Passed,,,,,
SB265,Smitherman,Regular Session 2022,03/31/2022,S,,Motion to Read a Third Time and Pass adopted Roll Call 906,,,,,Roll 906
SB265,Smitherman,Regular Session 2022,03/31/2022,H,,Read for the first time and referred to the House of Representatives committee on Judiciary,JUDY,,,,
SB265,Smitherman,Regular Session 2022,04/06/2022,H,,Read for the second time and placed on the calendar  1 amendment,,,,,
SB265,Smitherman,Regular Session 2022,04/07/2022,H,,Third Reading Passed,,,,,
SB265,Smitherman,Regular Session 2022,04/07/2022,H,219735-4,Judiciary  Amendment Offered,,,,,
SB265,Smitherman,Regular Session 2022,04/07/2022,H,,Motion to Adopt adopted Roll Call 1018,,,,,Roll 1018
SB265,Smitherman,Regular Session 2022,04/07/2022,H,,Motion to Read a Third Time and Pass adopted Roll Call 1019,,,,,Roll 1019
SB265,Smitherman,Regular Session 2022,04/07/2022,S,,Concurrence Requested,,,,,
SB265,Smitherman,Regular Session 2022,04/07/2022,S,,Reed motion to Concur In and Adopt adopted Roll Call 1114,,,,,Roll 1114
SB265,Smitherman,Regular Session 2022,04/07/2022,S,,Enrolled,,,,,
SB265,Smitherman,Regular Session 2022,04/07/2022,H,,Concurred in Second House Amendment,,,,,
SB265,Smitherman,Regular Session 2022,04/07/2022,H,,Signature Requested,,,,,
SB265,Smitherman,Regular Session 2022,,S,,Assigned Act No. 2022-429.,,,,,
SB266,Smitherman,Regular Session 2022,03/01/2022,S,,Read for the first time and referred to the Senate committee on Finance and Taxation Education,F&TE,,,,
SB267,Coleman-Madison,Regular Session 2022,03/01/2022,S,,Read for the first time and referred to the Senate committee on Governmental Affairs,GA,,,,
SB268,Shelnutt,Regular Session 2022,03/01/2022,S,,Read for the first time and referred to the Senate committee on Governmental Affairs,GA,,,,
SB268,Shelnutt,Regular Session 2022,03/08/2022,S,,Read for the second time and placed on the calendar,,0,7,,
SB268,Shelnutt,Regular Session 2022,03/15/2022,S,,Third Reading Carried Over,,,,,
SB268,Shelnutt,Regular Session 2022,03/15/2022,S,,Shelnutt motion to Carry Over adopted Voice Vote,,,,,
SB268,Shelnutt,Regular Session 2022,04/06/2022,S,,Indefinitely Postponed,,,,,
SB269,Waggoner,Regular Session 2022,03/01/2022,S,,Read for the first time and referred to the Senate committee on Veterans and Military Affairs,V&MA,,,,
SB269,Waggoner,Regular Session 2022,03/02/2022,S,,Read for the second time and placed on the calendar,,0,4,0,
SB269,Waggoner,Regular Session 2022,03/09/2022,S,,Third Reading Passed,,,,,
SB269,Waggoner,Regular Session 2022,03/09/2022,S,,Motion to Read a Third Time and Pass adopted Roll Call 503,,,,,Roll 503
SB269,Waggoner,Regular Session 2022,03/09/2022,H,,Read for the first time and referred to the House of Representatives committee on Military and Veterans Affairs,M&VA,,,,
SB269,Waggoner,Regular Session 2022,03/30/2022,H,,Read for the second time and placed on the calendar,,,,,
SB269,Waggoner,Regular Session 2022,,H,,Pending third reading on day 26 Favorable from Military and Veterans Affairs,,,,,
SB270,Hatcher,Regular Session 2022,03/01/2022,S,,Read for the first time and referred to the Senate committee on Local Legislation,LL1,,,,
SB270,Hatcher,Regular Session 2022,03/17/2022,S,,Read for the second time and placed on the calendar,,,,,
SB270,Hatcher,Regular Session 2022,03/29/2022,S,,Third Reading Carried Over to Call of the Chair,,,,,
SB270,Hatcher,Regular Session 2022,03/29/2022,S,,Chambliss motion to Carry Over to the Call of the Chair adopted Voice Vote,,,,,
SB270,Hatcher,Regular Session 2022,03/29/2022,S,,Third Reading Passed,,,,,
SB270,Hatcher,Regular Session 2022,03/29/2022,S,219452-1,Hatcher  Amendment Offered,,,,,
SB270,Hatcher,Regular Session 2022,03/29/2022,S,,Hatcher motion to Adopt adopted Roll Call 712,,,,,Roll 712
SB270,Hatcher,Regular Session 2022,03/29/2022,S,,Motion to Read a Third Time and Pass adopted Roll Call 713,,,,,Roll 713
SB270,Hatcher,Regular Session 2022,03/29/2022,S,,Engrossed,,,,,
SB270,Hatcher,Regular Session 2022,03/29/2022,H,,Read for the first time and referred to the House of Representatives committee on Montgomery County Legislation,MGMCL,,,,
SB270,Hatcher,Regular Session 2022,04/05/2022,H,,Read for the second time and placed on the calendar,,,,,
SB270,Hatcher,Regular Session 2022,04/06/2022,H,,Third Reading Passed,,,,,
SB270,Hatcher,Regular Session 2022,04/06/2022,H,,Motion to Read a Third Time and Pass adopted Roll Call 923,,,,,Roll 923
SB270,Hatcher,Regular Session 2022,04/06/2022,S,,Passed Second House,,,,,
SB270,Hatcher,Regular Session 2022,04/06/2022,H,,Signature Requested,,,,,
SB270,Hatcher,Regular Session 2022,04/06/2022,S,,Enrolled,,,,,
SB270,Hatcher,Regular Session 2022,,S,,Assigned Act No. 2022-370.,,,,,
SB271,McClendon,Regular Session 2022,03/01/2022,S,,Read for the first time and referred to the Senate committee on Local Legislation,LL1,,,,
SB271,McClendon,Regular Session 2022,03/29/2022,S,,Read for the second time and placed on the calendar,,,,,
SB271,McClendon,Regular Session 2022,03/30/2022,S,,Third Reading Passed,,,,,
SB271,McClendon,Regular Session 2022,03/30/2022,S,,Motion to Read a Third Time and Pass adopted Roll Call 786,,,,,Roll 786
SB271,McClendon,Regular Session 2022,03/30/2022,H,,Read for the first time and referred to the House of Representatives committee on Local Legislation,LL,,,,
SB272,Roberts,Regular Session 2022,03/01/2022,S,,Read for the first time and referred to the Senate committee on Fiscal Responsibility and Economic Development,FRED,,,,
SB272,Roberts,Regular Session 2022,03/02/2022,S,,Read for the second time and placed on the calendar  1 amendment,,0,7,,
SB272,Roberts,Regular Session 2022,03/17/2022,S,,Third Reading Carried Over,,,,,
SB272,Roberts,Regular Session 2022,03/17/2022,S,218391-2,Fiscal Responsibility and Economic Development  Amendment Offered,,,,,
SB272,Roberts,Regular Session 2022,03/17/2022,S,,Roberts motion to Carry Over adopted Voice Vote,,,,,
SB272,Roberts,Regular Session 2022,03/29/2022,S,,Third Reading Passed,,,,,
SB272,Roberts,Regular Session 2022,03/29/2022,S,218391-2,Fiscal Responsibility and Economic Development  Amendment Offered,,,,,
SB272,Roberts,Regular Session 2022,03/29/2022,S,,Roberts motion to Table adopted Voice Vote,,,,,
SB272,Roberts,Regular Session 2022,03/29/2022,S,219316-1,Roberts first Substitute Offered,,,,,
SB272,Roberts,Regular Session 2022,03/29/2022,S,,Roberts motion to Adopt adopted Roll Call 729,,,,,Roll 729
SB272,Roberts,Regular Session 2022,03/29/2022,S,,Motion to Read a Third Time and Pass adopted Roll Call 730,,,,,Roll 730
SB272,Roberts,Regular Session 2022,03/29/2022,S,,Engrossed,,,,,
SB272,Roberts,Regular Session 2022,03/29/2022,H,,Read for the first time and referred to the House of Representatives committee on Health,HLTH,,,,
SB272,Roberts,Regular Session 2022,03/31/2022,H,,Read for the second time and placed on the calendar,,,,,
SB272,Roberts,Regular Session 2022,04/05/2022,H,,Third Reading Passed,,,,,
SB272,Roberts,Regular Session 2022,04/05/2022,H,,Motion to Read a Third Time and Pass adopted Voice Vote 914,,,,,
SB272,Roberts,Regular Session 2022,04/05/2022,S,,Passed Second House,,,,,
SB272,Roberts,Regular Session 2022,04/06/2022,S,,Enrolled,,,,,
SB272,Roberts,Regular Session 2022,04/06/2022,H,,Signature Requested,,,,,
SB272,Roberts,Regular Session 2022,,S,,Assigned Act No. 2022-302.,,,,,
SB273,Butler,Regular Session 2022,03/01/2022,S,,"Read for the first time and referred to the Senate committee on Agriculture, Conservation and Forestry",AC&F,,,,
SB273,Butler,Regular Session 2022,03/02/2022,S,,Read for the second time and placed on the calendar,,0,10,,
SB273,Butler,Regular Session 2022,03/30/2022,S,,Third Reading Carried Over to Call of the Chair,,,,,
SB273,Butler,Regular Session 2022,03/30/2022,S,,Butler motion to Carry Over to the Call of the Chair adopted Voice Vote,,,,,
SB273,Butler,Regular Session 2022,04/06/2022,S,,Indefinitely Postponed,,,,,
SB274,Livingston,Regular Session 2022,03/01/2022,S,,"Read for the first time and referred to the Senate committee on Agriculture, Conservation and Forestry",AC&F,,,,
SB274,Livingston,Regular Session 2022,03/02/2022,S,,Read for the second time and placed on the calendar,,0,10,,
SB274,Livingston,Regular Session 2022,03/30/2022,S,,Third Reading Passed,,,,,
SB274,Livingston,Regular Session 2022,03/30/2022,S,,Motion to Read a Third Time and Pass adopted Roll Call 802,,,,,Roll 802
SB274,Livingston,Regular Session 2022,03/30/2022,H,,Read for the first time and referred to the House of Representatives committee on Ways and Means Education,W&ME,,,,
SB274,Livingston,Regular Session 2022,04/05/2022,H,,Read for the second time and placed on the calendar  1 amendment,,,,,
SB274,Livingston,Regular Session 2022,04/06/2022,H,,Third Reading Passed,,,,,
SB274,Livingston,Regular Session 2022,04/06/2022,H,219762-3,Ways and Means Education  Amendment Offered,,,,,
SB274,Livingston,Regular Session 2022,04/06/2022,H,,Smith motion to Table adopted Roll Call 938,,,,,Roll 938
SB274,Livingston,Regular Session 2022,04/06/2022,H,219762-4,Lovvorn  Amendment Offered,,,,,
SB274,Livingston,Regular Session 2022,04/06/2022,H,,Motion to Adopt adopted Roll Call 939,,,,,Roll 939
SB274,Livingston,Regular Session 2022,04/06/2022,H,,Motion to Read a Third Time and Pass adopted Roll Call 940,,,,,Roll 940
SB274,Livingston,Regular Session 2022,04/06/2022,S,,Concurrence Requested,,,,,
SB274,Livingston,Regular Session 2022,04/06/2022,S,,Livingston motion to Concur In and Adopt adopted Roll Call 1032,,,,,Roll 1032
SB274,Livingston,Regular Session 2022,04/06/2022,H,,Concurred in Second House Amendment,,,,,
SB274,Livingston,Regular Session 2022,04/06/2022,S,,Enrolled,,,,,
SB274,Livingston,Regular Session 2022,04/06/2022,H,,Signature Requested,,,,,
SB274,Livingston,Regular Session 2022,,S,,Assigned Act No. 2022-291.,,,,,
SB275,Stutts,Regular Session 2022,03/01/2022,S,,"Read for the first time and referred to the Senate committee on Agriculture, Conservation and Forestry",AC&F,,,,
SB275,Stutts,Regular Session 2022,03/02/2022,S,,Read for the second time and placed on the calendar,,0,9,,
SB275,Stutts,Regular Session 2022,03/30/2022,S,,Third Reading Carried Over,,,,,
SB275,Stutts,Regular Session 2022,03/30/2022,S,,Stutts motion to Carry Over adopted Voice Vote,,,,,
SB275,Stutts,Regular Session 2022,04/06/2022,S,,Indefinitely Postponed,,,,,
SB276,Whatley,Regular Session 2022,03/01/2022,S,,Read for the first time and referred to the Senate committee on Finance and Taxation Education,F&TE,,,,
SB277,Stutts,Regular Session 2022,03/01/2022,S,,Read for the first time and referred to the Senate committee on Finance and Taxation Education,F&TE,,,,
SB278,Stutts,Regular Session 2022,03/01/2022,S,,Read for the first time and referred to the Senate committee on Healthcare,HLTH,,,,
SB279,Singleton,Regular Session 2022,03/01/2022,S,,Read for the first time and referred to the Senate committee on Judiciary,JUDY,,,,
SB280,Allen,Regular Session 2022,03/01/2022,S,,Read for the first time and referred to the Senate committee on Local Legislation,LL1,,,,
SB280,Allen,Regular Session 2022,03/15/2022,S,,Read for the second time and placed on the calendar,,,,,
SB280,Allen,Regular Session 2022,03/17/2022,S,,Third Reading Passed,,,,,
SB280,Allen,Regular Session 2022,03/17/2022,S,,Motion to Read a Third Time and Pass adopted Roll Call 611,,,,,Roll 611
SB280,Allen,Regular Session 2022,03/17/2022,H,,Read for the first time and referred to the House of Representatives committee on Tuscaloosa County Legislation,TCL,,,,
SB281,Gudger,Regular Session 2022,03/01/2022,S,,Read for the first time and referred to the Senate committee on Fiscal Responsibility and Economic Development,FRED,,,,
SB281,Gudger,Regular Session 2022,03/02/2022,S,,Read for the second time and placed on the calendar,,0,7,,
SB281,Gudger,Regular Session 2022,03/09/2022,S,,Third Reading Passed,,,,,
SB281,Gudger,Regular Session 2022,03/09/2022,S,,Motion to Read a Third Time and Pass adopted Roll Call 494,,,,,Roll 494
SB281,Gudger,Regular Session 2022,03/09/2022,H,,Read for the first time and referred to the House of Representatives committee on Public Safety and Homeland Security,PS&HS,,,,
SB281,Gudger,Regular Session 2022,03/17/2022,H,,Read for the second time and placed on the calendar  1 amendment,,,,,
SB281,Gudger,Regular Session 2022,04/07/2022,H,,Third Reading Passed,,,,,
SB281,Gudger,Regular Session 2022,04/07/2022,H,219042-2,Public Safety and Homeland Security  Amendment Offered,,,,,
SB281,Gudger,Regular Session 2022,04/07/2022,H,,Motion to Adopt adopted Roll Call 1007,,,,,Roll 1007
SB281,Gudger,Regular Session 2022,04/07/2022,S,,Concurrence Requested,,,,,
SB281,Gudger,Regular Session 2022,04/07/2022,H,219685-5,Faulkner  Amendment Offered,,,,,
SB281,Gudger,Regular Session 2022,04/07/2022,S,,"Gudger motion to Non Concur and Appoint Conference Committee adopted Roll Call 1116 P&PO appoints Gudger, Scofield and Smitherman",,,,,Roll 1116
SB281,Gudger,Regular Session 2022,04/07/2022,H,,Motion to Adopt adopted Roll Call 1008,,,,,Roll 1008
SB281,Gudger,Regular Session 2022,04/07/2022,H,220056-1,Jones (M)  Amendment Offered,,,,,
SB281,Gudger,Regular Session 2022,04/07/2022,H,,Motion to Adopt adopted Roll Call 1009,,,,,Roll 1009
SB281,Gudger,Regular Session 2022,04/07/2022,H,220058-1,Lee  Amendment Offered,,,,,
SB281,Gudger,Regular Session 2022,04/07/2022,H,,Motion to Adopt adopted Roll Call 1010,,,,,Roll 1010
SB281,Gudger,Regular Session 2022,04/07/2022,H,,Motion to Read a Third Time and Pass adopted Roll Call 1011,,,,,Roll 1011
SB281,Gudger,Regular Session 2022,,H,,,,,,,
SB282,Gudger,Regular Session 2022,03/01/2022,S,,Read for the first time and referred to the Senate committee on Judiciary,JUDY,,,,
SB282,Gudger,Regular Session 2022,03/17/2022,S,,Read for the second time and placed on the calendar  3 amendments,,0,7,,
SB282,Gudger,Regular Session 2022,03/29/2022,S,,Third Reading Passed,,,,,
SB282,Gudger,Regular Session 2022,03/29/2022,S,218913-2,Judiciary  Amendment Offered,,,,,
SB282,Gudger,Regular Session 2022,03/29/2022,S,218728-3,Judiciary  Amendment Offered,,,,,
SB282,Gudger,Regular Session 2022,03/29/2022,S,,Gudger motion to Adopt adopted Roll Call 747,,,,,Roll 747
SB282,Gudger,Regular Session 2022,03/29/2022,S,,Gudger motion to Adopt adopted Roll Call 748,,,,,Roll 748
SB282,Gudger,Regular Session 2022,03/29/2022,S,,Gudger motion to Table adopted Voice Vote,,,,,
SB282,Gudger,Regular Session 2022,03/29/2022,S,,Motion to Read a Third Time and Pass adopted Roll Call 749,,,,,Roll 749
SB282,Gudger,Regular Session 2022,03/29/2022,S,,Gudger motion to Adopt adopted Voice Vote,,,,,
SB282,Gudger,Regular Session 2022,03/29/2022,S,,Engrossed,,,,,
SB282,Gudger,Regular Session 2022,03/29/2022,H,,Read for the first time and referred to the House of Representatives committee on State Government,SG,,,,
SB282,Gudger,Regular Session 2022,03/31/2022,H,,Read for the second time and placed on the calendar,,,,,
SB282,Gudger,Regular Session 2022,04/05/2022,H,,Third Reading Passed,,,,,
SB282,Gudger,Regular Session 2022,04/05/2022,H,,Motion to Read a Third Time and Pass adopted Voice Vote 896,,,,,
SB282,Gudger,Regular Session 2022,04/05/2022,S,,Passed Second House,,,,,
SB282,Gudger,Regular Session 2022,04/05/2022,H,,Signature Requested,,,,,
SB282,Gudger,Regular Session 2022,04/05/2022,S,,Enrolled,,,,,
SB282,Gudger,Regular Session 2022,,S,,Assigned Act No. 2022-419.,,,,,
SB283,Gudger,Regular Session 2022,03/01/2022,S,,Read for the first time and referred to the Senate committee on Finance and Taxation Education,F&TE,,,,
SB284,Coleman-Madison,Regular Session 2022,03/01/2022,S,,Read for the first time and referred to the Senate committee on Finance and Taxation General Fund,F&TG,,,,
SB285,Gudger,Regular Session 2022,03/01/2022,S,,Read for the first time and referred to the Senate committee on Finance and Taxation General Fund,F&TG,,,,
SB286,Weaver,Regular Session 2022,03/01/2022,S,,Read for the first time and referred to the Senate committee on Judiciary,JUDY,,,,
SB287,Singleton,Regular Session 2022,03/01/2022,S,,Read for the first time and referred to the Senate committee on Judiciary,JUDY,,,,
SB288,Weaver,Regular Session 2022,03/02/2022,S,,Read for the first time and referred to the Senate committee on Governmental Affairs,GA,,,,
SB289,Whatley,Regular Session 2022,03/02/2022,S,,Read for the first time and referred to the Senate committee on Judiciary,JUDY,,,,
SB289,Whatley,Regular Session 2022,03/09/2022,S,,Read for the second time and placed on the calendar,,0,7,,
SB289,Whatley,Regular Session 2022,03/29/2022,S,,Third Reading Carried Over,,,,,
SB289,Whatley,Regular Session 2022,03/29/2022,S,,Whatley motion to Carry Over adopted Voice Vote,,,,,
SB289,Whatley,Regular Session 2022,04/06/2022,S,,Indefinitely Postponed,,,,,
SB290,Butler,Regular Session 2022,03/02/2022,S,,Read for the first time and referred to the Senate committee on Finance and Taxation Education,F&TE,,,,
SB290,Butler,Regular Session 2022,03/09/2022,S,,Read for the second time and placed on the calendar,,1,9,0,
SB290,Butler,Regular Session 2022,03/10/2022,S,,Third Reading Passed,,,,,
SB290,Butler,Regular Session 2022,03/10/2022,S,,Motion to Read a Third Time and Pass adopted Roll Call 541,,,,,Roll 541
SB290,Butler,Regular Session 2022,03/10/2022,H,,Read for the first time and referred to the House of Representatives committee on Ways and Means General Fund,W&MGF,,,,
SB290,Butler,Regular Session 2022,03/17/2022,H,,Read for the second time and placed on the calendar,,,,,
SB290,Butler,Regular Session 2022,,H,,Pending third reading on day 24 Favorable from Ways and Means General Fund,,,,,
SB291,Melson,Regular Session 2022,03/02/2022,S,,Read for the first time and referred to the Senate committee on Education Policy,ED,,,,
SB291,Melson,Regular Session 2022,03/09/2022,S,,Read for the second time and placed on the calendar  1 amendment,,0,10,,
SB291,Melson,Regular Session 2022,03/17/2022,S,,Third Reading Carried Over,,,,,
SB291,Melson,Regular Session 2022,03/17/2022,S,218590-2,Education Policy  Amendment Offered,,,,,
SB291,Melson,Regular Session 2022,03/17/2022,S,,Melson motion to Carry Over adopted Voice Vote,,,,,
SB291,Melson,Regular Session 2022,04/06/2022,S,,Indefinitely Postponed,,,,,
SB292,Barfoot,Regular Session 2022,03/03/2022,S,,Read for the first time and referred to the Senate committee on Governmental Affairs,GA,,,,
SB292,Barfoot,Regular Session 2022,03/08/2022,S,,Read for the second time and placed on the calendar  1 amendment,,1,6,,
SB292,Barfoot,Regular Session 2022,,S,,Pending third reading on day 20 Favorable from Governmental Affairs with 1 amendment,,,,,
SB292,Barfoot,Regular Session 2022,04/06/2022,S,218647-2,Indefinitely Postponed,,,,,
SB293,Albritton,Regular Session 2022,03/03/2022,S,,Read for the first time and referred to the Senate committee on Tourism,TM,,,,
SB293,Albritton,Regular Session 2022,03/09/2022,S,,Read for the second time and placed on the calendar,,1,9,,
SB293,Albritton,Regular Session 2022,04/06/2022,S,,Indefinitely Postponed,,,,,
SB294,Albritton,Regular Session 2022,03/03/2022,S,,Read for the first time and referred to the Senate committee on Tourism,TM,,,,
SB294,Albritton,Regular Session 2022,03/09/2022,S,,Read for the second time and placed on the calendar  2 amendments,,1,9,,
SB294,Albritton,Regular Session 2022,,S,218630-2,Tourism second Amendment Offered,,,,,
SB294,Albritton,Regular Session 2022,,S,,Pending third reading on day 21 Favorable from Tourism with 2 amendments,,,,,
SB294,Albritton,Regular Session 2022,04/06/2022,S,218767-2,Indefinitely Postponed,,,,,
SB295,Jones,Regular Session 2022,03/03/2022,S,,Read for the first time and referred to the Senate committee on Governmental Affairs,GA,,,,
SB295,Jones,Regular Session 2022,03/08/2022,S,,Read for the second time and placed on the calendar,,0,7,,
SB295,Jones,Regular Session 2022,03/15/2022,S,,Third Reading Carried Over,,,,,
SB295,Jones,Regular Session 2022,03/15/2022,S,,Jones motion to Carry Over adopted Voice Vote,,,,,
SB295,Jones,Regular Session 2022,04/06/2022,S,,Indefinitely Postponed,,,,,
SB296,Livingston,Regular Session 2022,03/08/2022,S,,Read for the first time and referred to the Senate committee on Fiscal Responsibility and Economic Development,FRED,,,,
SB296,Livingston,Regular Session 2022,03/09/2022,S,,Read for the second time and placed on the calendar,,0,7,,
SB296,Livingston,Regular Session 2022,03/29/2022,S,,Third Reading Passed,,,,,
SB296,Livingston,Regular Session 2022,03/29/2022,S,219399-1,Livingston  Amendment Offered,,,,,
SB296,Livingston,Regular Session 2022,03/29/2022,S,,Livingston motion to Adopt adopted Roll Call 751,,,,,Roll 751
SB296,Livingston,Regular Session 2022,03/29/2022,S,,Motion to Read a Third Time and Pass adopted Roll Call 752,,,,,Roll 752
SB296,Livingston,Regular Session 2022,03/29/2022,S,,Engrossed,,,,,
SB296,Livingston,Regular Session 2022,03/29/2022,H,,Read for the first time and referred to the House of Representatives committee on Urban and Rural Development,U&RD,,,,
SB296,Livingston,Regular Session 2022,03/31/2022,H,,Read for the second time and placed on the calendar,,,,,
SB296,Livingston,Regular Session 2022,,H,,Pending third reading on day 27 Favorable from Urban and Rural Development,,,,,
SB297,McClendon,Regular Session 2022,03/08/2022,S,,Read for the first time and referred to the Senate committee on Governmental Affairs,GA,,,,
SB297,McClendon,Regular Session 2022,03/15/2022,S,,Read for the second time and placed on the calendar,,2,6,1,
SB297,McClendon,Regular Session 2022,04/06/2022,S,,Indefinitely Postponed,,,,,
SB298,Beasley,Regular Session 2022,03/08/2022,S,,Read for the first time and referred to the Senate committee on Local Legislation,LL1,,,,
SB298,Beasley,Regular Session 2022,03/17/2022,S,,Read for the second time and placed on the calendar,,,,,
SB298,Beasley,Regular Session 2022,03/29/2022,S,,Third Reading Passed,,,,,
SB298,Beasley,Regular Session 2022,03/29/2022,S,,Motion to Read a Third Time and Pass adopted Roll Call 715,,,,,Roll 715
SB298,Beasley,Regular Session 2022,03/29/2022,H,,Read for the first time and referred to the House of Representatives committee on Local Legislation,LL,,,,
SB298,Beasley,Regular Session 2022,03/30/2022,H,,Read for the second time and placed on the calendar,,,,,
SB298,Beasley,Regular Session 2022,03/31/2022,H,,Third Reading Passed,,,,,
SB298,Beasley,Regular Session 2022,03/31/2022,H,,Motion to Read a Third Time and Pass adopted Roll Call 810,,,,,Roll 810
SB298,Beasley,Regular Session 2022,03/31/2022,S,,Passed Second House,,,,,
SB298,Beasley,Regular Session 2022,03/31/2022,S,,Enrolled,,,,,
SB298,Beasley,Regular Session 2022,03/31/2022,H,,Signature Requested,,,,,
SB298,Beasley,Regular Session 2022,,S,,Assigned Act No. 2022-267.,,,,,
SB299,Beasley,Regular Session 2022,03/08/2022,S,,Read for the first time and referred to the Senate committee on Local Legislation,LL1,,,,
SB299,Beasley,Regular Session 2022,03/17/2022,S,,Read for the second time and placed on the calendar,,,,,
SB299,Beasley,Regular Session 2022,03/29/2022,S,,Third Reading Passed,,,,,
SB299,Beasley,Regular Session 2022,03/29/2022,S,,Motion to Read a Third Time and Pass adopted Roll Call 717,,,,,Roll 717
SB299,Beasley,Regular Session 2022,03/29/2022,H,,Read for the first time and referred to the House of Representatives committee on Local Legislation,LL,,,,
SB299,Beasley,Regular Session 2022,03/30/2022,H,,Read for the second time and placed on the calendar,,,,,
SB299,Beasley,Regular Session 2022,03/31/2022,H,,Third Reading Passed,,,,,
SB299,Beasley,Regular Session 2022,03/31/2022,H,,Motion to Read a Third Time and Pass adopted Roll Call 812,,,,,Roll 812
SB299,Beasley,Regular Session 2022,03/31/2022,S,,Passed Second House,,,,,
SB299,Beasley,Regular Session 2022,03/31/2022,S,,Enrolled,,,,,
SB299,Beasley,Regular Session 2022,03/31/2022,H,,Signature Requested,,,,,
SB299,Beasley,Regular Session 2022,,S,,Assigned Act No. 2022-268.,,,,,
SB300,Allen,Regular Session 2022,03/08/2022,S,,Read for the first time and referred to the Senate committee on Local Legislation,LL1,,,,
SB301,Barfoot,Regular Session 2022,03/08/2022,S,,Read for the first time and referred to the Senate committee on Judiciary,JUDY,,,,
SB301,Barfoot,Regular Session 2022,03/17/2022,S,,Read for the second time and placed on the calendar,,,5,3,
SB301,Barfoot,Regular Session 2022,03/31/2022,S,,Third Reading Passed,,,,,
SB301,Barfoot,Regular Session 2022,03/31/2022,S,219344-2,Barfoot first Substitute Offered,,,,,
SB301,Barfoot,Regular Session 2022,03/31/2022,S,219661-1,Smitherman  Amendment Offered,,,,,
SB301,Barfoot,Regular Session 2022,03/31/2022,S,,Smitherman motion to Adopt adopted Roll Call 892,,,,,Roll 892
SB301,Barfoot,Regular Session 2022,03/31/2022,S,,Barfoot motion to Adopt adopted Roll Call 893,,,,,Roll 893
SB301,Barfoot,Regular Session 2022,03/31/2022,S,,Motion to Read a Third Time and Pass adopted Roll Call 894,,,,,Roll 894
SB301,Barfoot,Regular Session 2022,03/31/2022,S,,Engrossed,,,,,
SB301,Barfoot,Regular Session 2022,03/31/2022,H,,Read for the first time and referred to the House of Representatives committee on Judiciary,JUDY,,,,
SB302,Marsh,Regular Session 2022,03/09/2022,S,,Read for the first time and referred to the Senate committee on Education Policy,ED,,,,
SB302,Marsh,Regular Session 2022,03/10/2022,S,,Read for the second time and placed on the calendar,,,8,1,
SB302,Marsh,Regular Session 2022,03/17/2022,S,,Third Reading Carried Over to Call of the Chair,,,,,
SB302,Marsh,Regular Session 2022,03/17/2022,S,,Reed motion to Carry Over to the Call of the Chair adopted Voice Vote,,,,,
SB302,Marsh,Regular Session 2022,03/17/2022,S,,Third Reading Passed,,,,,
SB302,Marsh,Regular Session 2022,03/17/2022,S,219236-1,Singleton  Amendment Offered,,,,,
SB302,Marsh,Regular Session 2022,03/17/2022,S,,Marsh motion to Adopt adopted Roll Call 689,,,,,Roll 689
SB302,Marsh,Regular Session 2022,03/17/2022,S,,Motion to Read a Third Time and Pass adopted Roll Call 690,,,,,Roll 690
SB302,Marsh,Regular Session 2022,03/29/2022,S,,Engrossed,,,,,
SB302,Marsh,Regular Session 2022,03/29/2022,H,,Read for the first time and referred to the House of Representatives committee on Ways and Means Education,W&ME,,,,
SB303,Orr,Regular Session 2022,03/09/2022,S,,Read for the first time and referred to the Senate committee on Finance and Taxation Education,F&TE,,,,
SB303,Orr,Regular Session 2022,03/29/2022,S,,Read for the second time and placed on the calendar,,0,12,0,
SB303,Orr,Regular Session 2022,04/06/2022,S,,Indefinitely Postponed,,,,,
SB304,Hatcher,Regular Session 2022,03/09/2022,S,,Read for the first time and referred to the Senate committee on Governmental Affairs,GA,,,,
SB304,Hatcher,Regular Session 2022,03/15/2022,S,,Read for the second time and placed on the calendar  1 amendment,,0,9,,
SB304,Hatcher,Regular Session 2022,03/30/2022,S,,Third Reading Carried Over,,,,,
SB304,Hatcher,Regular Session 2022,03/30/2022,S,218924-2,Governmental Affairs  Amendment Offered,,,,,
SB304,Hatcher,Regular Session 2022,03/30/2022,S,,Hatcher motion to Carry Over adopted Voice Vote,,,,,
SB304,Hatcher,Regular Session 2022,04/06/2022,S,,Indefinitely Postponed,,,,,
SB305,Elliott,Regular Session 2022,03/09/2022,S,,Read for the first time and referred to the Senate committee on Transportation and Energy,T&E,,,,
SB305,Elliott,Regular Session 2022,03/17/2022,S,,Read for the second time and placed on the calendar,,0,12,0,
SB305,Elliott,Regular Session 2022,03/29/2022,S,,Third Reading Passed,,,,,
SB305,Elliott,Regular Session 2022,03/29/2022,S,,Motion to Read a Third Time and Pass adopted Roll Call 738,,,,,Roll 738
SB305,Elliott,Regular Session 2022,03/29/2022,H,,"Read for the first time and referred to the House of Representatives committee on Transportation, Utilities and Infrastructure",TU&I,,,,
SB305,Elliott,Regular Session 2022,03/30/2022,H,,Read for the second time and placed on the calendar,,,,,
SB305,Elliott,Regular Session 2022,04/05/2022,H,,Third Reading Passed,,,,,
SB305,Elliott,Regular Session 2022,04/05/2022,H,,Motion to Read a Third Time and Pass adopted Voice Vote 894,,,,,
SB305,Elliott,Regular Session 2022,04/05/2022,S,,Passed Second House,,,,,
SB305,Elliott,Regular Session 2022,04/06/2022,S,,Enrolled,,,,,
SB305,Elliott,Regular Session 2022,04/06/2022,H,,Signature Requested,,,,,
SB305,Elliott,Regular Session 2022,,S,,Assigned Act No. 2022-369.,,,,,
SB306,Smitherman,Regular Session 2022,03/09/2022,S,,Read for the first time and referred to the Senate committee on Education Policy,ED,,,,
SB306,Smitherman,Regular Session 2022,03/10/2022,S,,Read for the second time and placed on the calendar,,,9,,
SB306,Smitherman,Regular Session 2022,04/06/2022,S,,Indefinitely Postponed,,,,,
SB307,Beasley,Regular Session 2022,03/10/2022,S,,Read for the first time and referred to the Senate committee on Healthcare,HLTH,,,,
SB307,Beasley,Regular Session 2022,03/17/2022,S,,Read for the second time and placed on the calendar,,0,3,1,
SB307,Beasley,Regular Session 2022,04/06/2022,S,,Indefinitely Postponed,,,,,
SB308,Butler,Regular Session 2022,03/10/2022,S,,Read for the first time and referred to the Senate committee on Madison County Legislation,LLMA,,,,
SB309,Stutts,Regular Session 2022,03/10/2022,S,,Read for the first time and referred to the Senate committee on Local Legislation,LL1,,,,
SB309,Stutts,Regular Session 2022,03/17/2022,S,,Read for the second time and placed on the calendar,,,,,
SB309,Stutts,Regular Session 2022,03/29/2022,S,,Third Reading Passed,,,,,
SB309,Stutts,Regular Session 2022,03/29/2022,S,,Motion to Read a Third Time and Pass adopted Roll Call 701,,,,,Roll 701
SB309,Stutts,Regular Session 2022,03/29/2022,S,,Chambliss motion to adopt Local Application Resolution adopted Roll Call 702,,,,,Roll 702
SB309,Stutts,Regular Session 2022,03/29/2022,H,,Read for the first time and referred to the House of Representatives committee on Local Legislation,LL,,,,
SB309,Stutts,Regular Session 2022,04/06/2022,H,,Read for the second time and placed on the calendar,,,,,
SB309,Stutts,Regular Session 2022,04/06/2022,H,,Rereferred from Calendar to C&SB,C&SB,,,,
SB310,Chesteen,Regular Session 2022,03/15/2022,S,,Read for the first time and referred to the Senate committee on Local Legislation,LL1,,,,
SB310,Chesteen,Regular Session 2022,03/17/2022,S,,Read for the second time and placed on the calendar,,,,,
SB310,Chesteen,Regular Session 2022,03/29/2022,S,,Third Reading Passed,,,,,
SB310,Chesteen,Regular Session 2022,03/29/2022,S,,Motion to Read a Third Time and Pass adopted Roll Call 721,,,,,Roll 721
SB310,Chesteen,Regular Session 2022,03/29/2022,H,,Read for the first time and referred to the House of Representatives committee on Local Legislation,LL,,,,
SB310,Chesteen,Regular Session 2022,03/30/2022,H,,Read for the second time and placed on the calendar,,,,,
SB310,Chesteen,Regular Session 2022,03/31/2022,H,,Third Reading Passed,,,,,
SB310,Chesteen,Regular Session 2022,03/31/2022,H,,Motion to Read a Third Time and Pass adopted Roll Call 794,,,,,Roll 794
SB310,Chesteen,Regular Session 2022,03/31/2022,S,,Passed Second House,,,,,
SB310,Chesteen,Regular Session 2022,03/31/2022,S,,Enrolled,,,,,
SB310,Chesteen,Regular Session 2022,03/31/2022,H,,Signature Requested,,,,,
SB310,Chesteen,Regular Session 2022,,S,,Assigned Act No. 2022-269.,,,,,
SB311,Williams,Regular Session 2022,03/15/2022,S,,"Read for the first time and referred to the Senate committee on Agriculture, Conservation and Forestry",AC&F,,,,
SB311,Williams,Regular Session 2022,03/17/2022,S,,Read for the second time and placed on the calendar,,0,10,,
SB311,Williams,Regular Session 2022,03/29/2022,S,,Third Reading Passed,,,,,
SB311,Williams,Regular Session 2022,03/29/2022,S,,Motion to Read a Third Time and Pass adopted Roll Call 745,,,,,Roll 745
SB311,Williams,Regular Session 2022,03/29/2022,H,,Read for the first time and referred to the House of Representatives committee on Agriculture and Forestry,A&F,,,,
SB311,Williams,Regular Session 2022,03/31/2022,H,,Read for the second time and placed on the calendar,,,,,
SB311,Williams,Regular Session 2022,04/05/2022,H,,Third Reading Passed,,,,,
SB311,Williams,Regular Session 2022,04/05/2022,H,,Motion to Read a Third Time and Pass adopted Voice Vote 916,,,,,
SB311,Williams,Regular Session 2022,04/05/2022,S,,Passed Second House,,,,,
SB311,Williams,Regular Session 2022,04/06/2022,S,,Enrolled,,,,,
SB311,Williams,Regular Session 2022,04/06/2022,H,,Signature Requested,,,,,
SB311,Williams,Regular Session 2022,,S,,Assigned Act No. 2022-423.,,,,,
SB312,Orr,Regular Session 2022,03/15/2022,S,,Read for the first time and referred to the Senate committee on Healthcare,HLTH,,,,
SB312,Orr,Regular Session 2022,03/17/2022,S,,Read for the second time and placed on the calendar,,0,4,0,
SB312,Orr,Regular Session 2022,04/06/2022,S,,Indefinitely Postponed,,,,,
SB313,Orr,Regular Session 2022,03/15/2022,S,,Read for the first time and referred to the Senate committee on Fiscal Responsibility and Economic Development,FRED,,,,
SB313,Orr,Regular Session 2022,03/17/2022,S,,Read for the second time and placed on the calendar with 1 substitute and,,0,11,,
SB313,Orr,Regular Session 2022,03/29/2022,S,,Third Reading Carried Over to Call of the Chair,,,,,
SB313,Orr,Regular Session 2022,03/29/2022,S,219038-2,Fiscal Responsibility and Economic Development first Substitute Offered,,,,,
SB313,Orr,Regular Session 2022,03/29/2022,S,,Motion to Adopt adopted Roll Call 741,,,,,Roll 741
SB313,Orr,Regular Session 2022,03/29/2022,S,,Orr motion to Carry Over to the Call of the Chair adopted Voice Vote,,,,,
SB313,Orr,Regular Session 2022,03/31/2022,S,,Third Reading Passed,,,,,
SB313,Orr,Regular Session 2022,03/31/2022,S,,Rules Committee Petition to Cease Debate adopted Roll Call 911,,,,,Roll 911
SB313,Orr,Regular Session 2022,03/31/2022,S,,Motion to Read a Third Time and Pass adopted Roll Call 912,,,,,Roll 912
SB313,Orr,Regular Session 2022,03/31/2022,S,,Engrossed,,,,,
SB313,Orr,Regular Session 2022,03/31/2022,H,,"Read for the first time and referred to the House of Representatives committee on Constitution, Campaigns and Elections",CC&E,,,,
SB313,Orr,Regular Session 2022,04/06/2022,H,,Read for the second time and placed on the calendar,,,,,
SB313,Orr,Regular Session 2022,04/07/2022,H,,Third Reading Passed,,,,,
SB313,Orr,Regular Session 2022,04/07/2022,H,219986-1,Hassell 1st  Amendment Offered,,,,,
SB313,Orr,Regular Session 2022,04/07/2022,H,,Hassell motion to WITHDRAW adopted Voice Vote,,,,,
SB313,Orr,Regular Session 2022,04/07/2022,H,219701-2,Sells  Amendment Offered,,,,,
SB313,Orr,Regular Session 2022,04/07/2022,H,,Motion to Adopt adopted Roll Call 981,,,,,Roll 981
SB313,Orr,Regular Session 2022,04/07/2022,H,,Motion to Adopt adopted Roll Call 982,,,,,Roll 982
SB313,Orr,Regular Session 2022,04/07/2022,H,220028-2,Kiel  Amendment Offered,,,,,
SB313,Orr,Regular Session 2022,04/07/2022,H,219986-2,Hassell 2nd Amendment Offered,,,,,
SB313,Orr,Regular Session 2022,04/07/2022,H,,Motion to Adopt adopted Roll Call 983,,,,,Roll 983
SB313,Orr,Regular Session 2022,04/07/2022,H,,Jones (M) motion to Table adopted Roll Call 987,,,,,Roll 987
SB313,Orr,Regular Session 2022,04/07/2022,H,,Jones (M) motion to Table adopted Roll Call 985,,,,,Roll 985
SB313,Orr,Regular Session 2022,04/07/2022,H,,Jones (M) motion to Reconsider adopted Roll Call 984,,,,,Roll 984
SB313,Orr,Regular Session 2022,04/07/2022,H,,Jones (M) motion to Reconsider adopted Roll Call 986,,,,,Roll 986
SB313,Orr,Regular Session 2022,04/07/2022,H,220046-1,Jones (M)  Amendment Offered,,,,,
SB313,Orr,Regular Session 2022,04/07/2022,H,,Motion to Adopt adopted Roll Call 988,,,,,Roll 988
SB313,Orr,Regular Session 2022,04/07/2022,H,,Motion to Read a Third Time and Pass adopted Roll Call 989,,,,,Roll 989
SB313,Orr,Regular Session 2022,04/07/2022,S,,Concurrence Requested,,,,,
SB313,Orr,Regular Session 2022,04/07/2022,S,,Orr motion to Concur In and Adopt adopted Roll Call 1089,,,,,Roll 1089
SB313,Orr,Regular Session 2022,04/07/2022,H,,Concurred in Second House Amendment,,,,,
SB313,Orr,Regular Session 2022,04/07/2022,S,,Enrolled,,,,,
SB313,Orr,Regular Session 2022,04/07/2022,H,,Signature Requested,,,,,
SB313,Orr,Regular Session 2022,,S,,Assigned Act No. 2022-428.,,,,,
SB314,Elliott,Regular Session 2022,03/17/2022,S,,Read for the first time and referred to the Senate committee on Governmental Affairs,GA,,,,
SB315,Jones,Regular Session 2022,03/17/2022,S,,Read for the first time and referred to the Senate committee on Tourism,TM,,,,
SB315,Jones,Regular Session 2022,03/30/2022,S,,Read for the second time and placed on the calendar  1 amendment,,0,8,,
SB315,Jones,Regular Session 2022,04/05/2022,S,,Third Reading Passed,,,,,
SB315,Jones,Regular Session 2022,04/05/2022,S,219505-4,Tourism  Amendment Offered,,,,,
SB315,Jones,Regular Session 2022,04/05/2022,S,,Jones motion to Adopt adopted Roll Call 947,,,,,Roll 947
SB315,Jones,Regular Session 2022,04/05/2022,S,,Motion to Read a Third Time and Pass adopted Roll Call 948,,,,,Roll 948
SB315,Jones,Regular Session 2022,04/05/2022,S,,Jones Unan Cons to Trasmit Granted,,,,,
SB315,Jones,Regular Session 2022,04/05/2022,H,,Read for the first time and referred to the House of Representatives committee on Judiciary,JUDY,,,,
SB315,Jones,Regular Session 2022,04/05/2022,S,,Engrossed,,,,,
SB315,Jones,Regular Session 2022,04/06/2022,H,,Read for the second time and placed on the calendar,,,,,
SB315,Jones,Regular Session 2022,,H,,Pending third reading on day 29 Favorable from Judiciary,,,,,
SB316,Melson,Regular Session 2022,03/17/2022,S,,Read for the first time and referred to the Senate committee on Governmental Affairs,GA,,,,
SB317,Melson,Regular Session 2022,03/17/2022,S,,Read for the first time and referred to the Senate committee on Governmental Affairs,GA,,,,
SB317,Melson,Regular Session 2022,03/29/2022,S,,Read for the second time and placed on the calendar  1 amendment,,0,11,,
SB317,Melson,Regular Session 2022,03/30/2022,S,,Third Reading Carried Over to Call of the Chair,,,,,
SB317,Melson,Regular Session 2022,03/30/2022,S,219371-2,Governmental Affairs  Amendment Offered,,,,,
SB317,Melson,Regular Session 2022,03/30/2022,S,,Melson motion to Adopt adopted Roll Call 807,,,,,Roll 807
SB317,Melson,Regular Session 2022,03/30/2022,S,,Melson motion to Carry Over to the Call of the Chair adopted Voice Vote,,,,,
SB317,Melson,Regular Session 2022,03/30/2022,S,,Third Reading Passed,,,,,
SB317,Melson,Regular Session 2022,03/30/2022,S,,Motion to Read a Third Time and Pass adopted Roll Call 819,,,,,Roll 819
SB317,Melson,Regular Session 2022,03/31/2022,S,,Engrossed,,,,,
SB317,Melson,Regular Session 2022,03/31/2022,H,,Read for the first time and referred to the House of Representatives committee on State Government,SG,,,,
SB317,Melson,Regular Session 2022,04/05/2022,H,,Read for the second time and placed on the calendar  1 amendment,,,,,
SB317,Melson,Regular Session 2022,04/07/2022,H,,Third Reading Passed,,,,,
SB317,Melson,Regular Session 2022,04/07/2022,H,219757-2,State Government  Amendment Offered,,,,,
SB317,Melson,Regular Session 2022,04/07/2022,H,,Motion to Adopt adopted Roll Call 1005,,,,,Roll 1005
SB317,Melson,Regular Session 2022,04/07/2022,H,,Motion to Read a Third Time and Pass adopted Roll Call 1006,,,,,Roll 1006
SB317,Melson,Regular Session 2022,04/07/2022,H,,"Kiel intended to vote ""Nay""",,,,,
SB317,Melson,Regular Session 2022,04/07/2022,S,,Concurrence Requested,,,,,
SB317,Melson,Regular Session 2022,04/07/2022,S,,Reed motion to Concur In and Adopt adopted Roll Call 1091,,,,,Roll 1091
SB317,Melson,Regular Session 2022,04/07/2022,S,,Enrolled,,,,,
SB317,Melson,Regular Session 2022,04/07/2022,H,,Concurred in Second House Amendment,,,,,
SB317,Melson,Regular Session 2022,04/07/2022,H,,Signature Requested,,,,,
SB317,Melson,Regular Session 2022,,S,,Assigned Act No. 2022-376.,,,,,
SB318,Sessions,Regular Session 2022,03/17/2022,S,,Read for the first time and referred to the Senate committee on Governmental Affairs,GA,,,,
SB319,Sessions,Regular Session 2022,03/17/2022,S,,"Read for the first time and referred to the Senate committee on Agriculture, Conservation and Forestry",AC&F,,,,
SB319,Sessions,Regular Session 2022,03/30/2022,S,,Read for the second time and placed on the calendar,,0,7,1,
SB319,Sessions,Regular Session 2022,03/31/2022,S,,Third Reading Passed,,,,,
SB319,Sessions,Regular Session 2022,03/31/2022,S,,Motion to Read a Third Time and Pass adopted Roll Call 899,,,,,Roll 899
SB319,Sessions,Regular Session 2022,03/31/2022,H,,Read for the first time and referred to the House of Representatives committee on Ways and Means General Fund,W&MGF,,,,
SB319,Sessions,Regular Session 2022,04/05/2022,H,,Read for the second time and placed on the calendar  1 amendment,,,,,
SB319,Sessions,Regular Session 2022,04/07/2022,H,,Third Reading Passed,,,,,
SB319,Sessions,Regular Session 2022,04/07/2022,H,218915-4,Ways and Means General Fund  Amendment Offered,,,,,
SB319,Sessions,Regular Session 2022,04/07/2022,H,,Motion to Adopt adopted Roll Call 1001,,,,,Roll 1001
SB319,Sessions,Regular Session 2022,04/07/2022,H,,Motion to Read a Third Time and Pass adopted Roll Call 1002,,,,,Roll 1002
SB319,Sessions,Regular Session 2022,04/07/2022,H,,"Oliver intended to vote ""Yea""",,,,,
SB319,Sessions,Regular Session 2022,04/07/2022,S,,Concurrence Requested,,,,,
SB319,Sessions,Regular Session 2022,04/07/2022,S,,Reed motion to Concur In and Adopt adopted Roll Call 1092,,,,,Roll 1092
SB319,Sessions,Regular Session 2022,04/07/2022,H,,Concurred in Second House Amendment,,,,,
SB319,Sessions,Regular Session 2022,04/07/2022,S,,Enrolled,,,,,
SB319,Sessions,Regular Session 2022,04/07/2022,H,,Signature Requested,,,,,
SB319,Sessions,Regular Session 2022,,S,,Assigned Act No. 2022-377.,,,,,
SB320,Weaver,Regular Session 2022,03/17/2022,S,,Read for the first time and referred to the Senate committee on Healthcare,HLTH,,,,
SB321,Chesteen,Regular Session 2022,03/17/2022,S,,Read for the first time and referred to the Senate committee on Governmental Affairs,GA,,,,
SB321,Chesteen,Regular Session 2022,03/29/2022,S,,Read for the second time and placed on the calendar  1 amendment,,0,11,,
SB321,Chesteen,Regular Session 2022,03/31/2022,S,,Third Reading Passed,,,,,
SB321,Chesteen,Regular Session 2022,03/31/2022,S,219421-2,Governmental Affairs  Amendment Offered,,,,,
SB321,Chesteen,Regular Session 2022,03/31/2022,S,,Chesteen motion to Table adopted Voice Vote,,,,,
SB321,Chesteen,Regular Session 2022,03/31/2022,S,,Motion to Read a Third Time and Pass adopted Roll Call 887,,,,,Roll 887
SB321,Chesteen,Regular Session 2022,03/31/2022,H,,Read for the first time and referred to the House of Representatives committee on State Government,SG,,,,
SB321,Chesteen,Regular Session 2022,04/05/2022,H,,Read for the second time and placed on the calendar,,,,,
SB321,Chesteen,Regular Session 2022,04/06/2022,H,,Third Reading Passed,,,,,
SB321,Chesteen,Regular Session 2022,04/06/2022,H,,Motion to Read a Third Time and Pass adopted Roll Call 936,,,,,Roll 936
SB321,Chesteen,Regular Session 2022,04/06/2022,S,,Passed Second House,,,,,
SB321,Chesteen,Regular Session 2022,04/06/2022,S,,Enrolled,,,,,
SB321,Chesteen,Regular Session 2022,04/06/2022,H,,Signature Requested,,,,,
SB321,Chesteen,Regular Session 2022,,S,,Assigned Act No. 2022-372.,,,,,
SB322,Allen,Regular Session 2022,03/17/2022,S,,Read for the first time and referred to the Senate committee on Judiciary,JUDY,,,,
SB323,Stutts,Regular Session 2022,03/17/2022,S,,Read for the first time and referred to the Senate committee on Local Legislation,LL1,,,,
SB323,Stutts,Regular Session 2022,03/29/2022,S,,Read for the second time and placed on the calendar,,,,,
SB323,Stutts,Regular Session 2022,03/30/2022,S,,Third Reading Passed,,,,,
SB323,Stutts,Regular Session 2022,03/30/2022,S,,Motion to Read a Third Time and Pass adopted Roll Call 784,,,,,Roll 784
SB323,Stutts,Regular Session 2022,03/30/2022,H,,Read for the first time and referred to the House of Representatives committee on Local Legislation,LL,,,,
SB323,Stutts,Regular Session 2022,04/06/2022,H,,Read for the second time and placed on the calendar,,,,,
SB323,Stutts,Regular Session 2022,04/07/2022,H,,Third Reading Passed,,,,,
SB323,Stutts,Regular Session 2022,04/07/2022,H,,Motion to Read a Third Time and Pass adopted Roll Call 1021,,,,,Roll 1021
SB323,Stutts,Regular Session 2022,04/07/2022,S,,Passed Second House,,,,,
SB323,Stutts,Regular Session 2022,04/07/2022,S,,Enrolled,,,,,
SB323,Stutts,Regular Session 2022,04/07/2022,H,,Signature Requested,,,,,
SB323,Stutts,Regular Session 2022,,S,,"Delivered to Governor at 11:59 p.m. on April 7, 2022",,,,,
SB324,Stutts,Regular Session 2022,03/17/2022,S,,"Read for the first time and referred to the Senate committee on Children, Youth and Human Services",CY&HS,,,,
SB324,Stutts,Regular Session 2022,03/31/2022,S,,Read for the second time and placed on the calendar  1 amendment,,2,7,,
SB324,Stutts,Regular Session 2022,,S,,"Pending third reading on day 27 Favorable from Children, Youth and Human Services with 1 amendment",,,,,
SB324,Stutts,Regular Session 2022,04/06/2022,S,219558-2,Indefinitely Postponed,,,,,
SB325,Whatley,Regular Session 2022,03/17/2022,S,,Read for the first time and referred to the Senate committee on Judiciary,JUDY,,,,
SB325,Whatley,Regular Session 2022,03/30/2022,S,,Read for the second time and placed on the calendar,,0,10,,
SB325,Whatley,Regular Session 2022,04/06/2022,S,,Indefinitely Postponed,,,,,
SB326,Melson,Regular Session 2022,03/17/2022,S,,Read for the first time and referred to the Senate committee on Governmental Affairs,GA,,,,
SB326,Melson,Regular Session 2022,03/29/2022,S,,Read for the second time and placed on the calendar,,0,11,,
SB326,Melson,Regular Session 2022,03/30/2022,S,,Third Reading Passed,,,,,
SB326,Melson,Regular Session 2022,03/30/2022,S,219615-1,Melson  Amendment Offered,,,,,
SB326,Melson,Regular Session 2022,03/30/2022,S,,Melson motion to Adopt adopted Roll Call 817,,,,,Roll 817
SB326,Melson,Regular Session 2022,03/30/2022,S,,Motion to Read a Third Time and Pass adopted Roll Call 818,,,,,Roll 818
SB326,Melson,Regular Session 2022,03/31/2022,S,,Engrossed,,,,,
SB326,Melson,Regular Session 2022,03/31/2022,H,,Read for the first time and referred to the House of Representatives committee on Judiciary,JUDY,,,,
SB326,Melson,Regular Session 2022,04/06/2022,H,,Read for the second time and placed on the calendar,,,,,
SB326,Melson,Regular Session 2022,,H,,Pending third reading on day 29 Favorable from Judiciary,,,,,
SB327,Sanders-Fortier,Regular Session 2022,03/17/2022,S,,Read for the first time and referred to the Senate committee on Finance and Taxation Education,F&TE,,,,
SB327,Sanders-Fortier,Regular Session 2022,03/29/2022,S,,Read for the second time and placed on the calendar,,0,11,0,
SB327,Sanders-Fortier,Regular Session 2022,04/05/2022,S,,Third Reading Carried Over to Call of the Chair,,,,,
SB327,Sanders-Fortier,Regular Session 2022,04/05/2022,S,219458-2,Sanders-Fortier first Substitute Offered,,,,,
SB327,Sanders-Fortier,Regular Session 2022,04/05/2022,S,,Reed motion to Carry Over to the Call of the Chair adopted Voice Vote,,,,,
SB327,Sanders-Fortier,Regular Session 2022,04/05/2022,S,,Third Reading Passed,,,,,
SB327,Sanders-Fortier,Regular Session 2022,04/05/2022,S,219458-2,Sanders-Fortier  Amendment Offered,,,,,
SB327,Sanders-Fortier,Regular Session 2022,04/05/2022,S,,Sanders-Fortier motion to Adopt adopted Roll Call 961,,,,,Roll 961
SB327,Sanders-Fortier,Regular Session 2022,04/05/2022,S,219846-1,Allen first Substitute Offered,,,,,
SB327,Sanders-Fortier,Regular Session 2022,04/05/2022,S,,Allen motion to Adopt lost Roll Call 962,,,,,Roll 962
SB327,Sanders-Fortier,Regular Session 2022,04/05/2022,S,,Motion to Read a Third Time and Pass adopted Roll Call 963,,,,,Roll 963
SB327,Sanders-Fortier,Regular Session 2022,04/05/2022,S,,"Sanders-Fortier Unan Cons to Transmit, Allen to Object",,,,,
SB327,Sanders-Fortier,Regular Session 2022,04/05/2022,S,,"Singleton Unan Cons to Transmit, Granted",,,,,
SB327,Sanders-Fortier,Regular Session 2022,04/06/2022,S,,Engrossed,,,,,
SB327,Sanders-Fortier,Regular Session 2022,04/06/2022,H,,Read for the first time and referred to the House of Representatives committee on State Government,SG,,,,
SB328,Sanders-Fortier,Regular Session 2022,03/17/2022,S,,Read for the first time and referred to the Senate committee on Healthcare,HLTH,,,,
SB329,Jones,Regular Session 2022,03/29/2022,S,,Read for the first time and referred to the Senate committee on Local Legislation,LL1,,,,
SB329,Jones,Regular Session 2022,03/30/2022,S,,Read for the second time and placed on the calendar,,,,,
SB329,Jones,Regular Session 2022,03/31/2022,S,,Third Reading Passed,,,,,
SB329,Jones,Regular Session 2022,03/31/2022,S,,Motion to Read a Third Time and Pass adopted Roll Call 852,,,,,Roll 852
SB329,Jones,Regular Session 2022,03/31/2022,H,,Read for the first time and referred to the House of Representatives committee on Local Legislation,LL,,,,
SB329,Jones,Regular Session 2022,04/06/2022,H,,Read for the second time and placed on the calendar,,,,,
SB329,Jones,Regular Session 2022,04/07/2022,H,,Third Reading Passed,,,,,
SB329,Jones,Regular Session 2022,04/07/2022,H,,Motion to Read a Third Time and Pass adopted Roll Call 1020,,,,,Roll 1020
SB329,Jones,Regular Session 2022,04/07/2022,S,,Passed Second House,,,,,
SB329,Jones,Regular Session 2022,04/07/2022,S,,Enrolled,,,,,
SB329,Jones,Regular Session 2022,04/07/2022,H,,Signature Requested,,,,,
SB329,Jones,Regular Session 2022,,S,,Assigned Act No. 2022-412.,,,,,
SB330,Whatley,Regular Session 2022,03/29/2022,S,,Read for the first time and referred to the Senate committee on Local Legislation,LL1,,,,
SB330,Whatley,Regular Session 2022,03/31/2022,S,,Read for the second time and placed on the calendar,,,,,
SB330,Whatley,Regular Session 2022,04/05/2022,S,,Third Reading Passed,,,,,
SB330,Whatley,Regular Session 2022,04/05/2022,S,,Motion to Read a Third Time and Pass adopted Roll Call 933,,,,,Roll 933
SB330,Whatley,Regular Session 2022,04/05/2022,S,,Chambliss Unan Con to Trasnmit Granted,,,,,
SB330,Whatley,Regular Session 2022,04/05/2022,H,,Read for the first time and referred to the House of Representatives committee on Lee County Legislation,LCL,,,,
SB330,Whatley,Regular Session 2022,04/06/2022,H,,Read for the second time and placed on the calendar,,,,,
SB330,Whatley,Regular Session 2022,04/07/2022,H,,Third Reading Passed,,,,,
SB330,Whatley,Regular Session 2022,04/07/2022,H,,Motion to Read a Third Time and Pass adopted Roll Call 1013,,,,,Roll 1013
SB330,Whatley,Regular Session 2022,04/07/2022,S,,Passed Second House,,,,,
SB330,Whatley,Regular Session 2022,04/07/2022,S,,Enrolled,,,,,
SB330,Whatley,Regular Session 2022,04/07/2022,H,,Signature Requested,,,,,
SB330,Whatley,Regular Session 2022,,S,,Assigned Act No. 2022-413.,,,,,
SB331,Orr,Regular Session 2022,03/29/2022,S,,Read for the first time and referred to the Senate committee on Finance and Taxation Education,F&TE,,,,
SB331,Orr,Regular Session 2022,03/30/2022,S,,Read for the second time and placed on the calendar,,0,15,0,
SB331,Orr,Regular Session 2022,03/31/2022,S,,Third Reading Passed,,,,,
SB331,Orr,Regular Session 2022,03/31/2022,S,,Motion to Read a Third Time and Pass adopted Roll Call 870,,,,,Roll 870
SB331,Orr,Regular Session 2022,03/31/2022,H,,Read for the first time and referred to the House of Representatives committee on Ways and Means Education,W&ME,,,,
SB331,Orr,Regular Session 2022,04/05/2022,H,,Read for the second time and placed on the calendar  1 amendment,,,,,
SB331,Orr,Regular Session 2022,04/07/2022,H,,Third Reading Passed,,,,,
SB331,Orr,Regular Session 2022,04/07/2022,H,219749-2,Ways and Means Education  Amendment Offered,,,,,
SB331,Orr,Regular Session 2022,04/07/2022,H,,Garrett motion to Table adopted Roll Call 993,,,,,Roll 993
SB331,Orr,Regular Session 2022,04/07/2022,H,,Motion to Read a Third Time and Pass adopted Roll Call 994,,,,,Roll 994
SB331,Orr,Regular Session 2022,04/07/2022,S,,Passed Second House,,,,,
SB331,Orr,Regular Session 2022,04/07/2022,S,,Enrolled,,,,,
SB331,Orr,Regular Session 2022,04/07/2022,H,,Signature Requested,,,,,
SB331,Orr,Regular Session 2022,,S,,Assigned Act No. 2022-358.,,,,,
SB332,Scofield,Regular Session 2022,03/29/2022,S,,Read for the first time and referred to the Senate committee on Local Legislation,LL1,,,,
SB332,Scofield,Regular Session 2022,03/30/2022,S,,Read for the second time and placed on the calendar,,,,,
SB332,Scofield,Regular Session 2022,03/31/2022,S,,Third Reading Passed,,,,,
SB332,Scofield,Regular Session 2022,03/31/2022,S,,Motion to Read a Third Time and Pass adopted Roll Call 846,,,,,Roll 846
SB332,Scofield,Regular Session 2022,03/31/2022,H,,Read for the first time and referred to the House of Representatives committee on Local Legislation,LL,,,,
SB332,Scofield,Regular Session 2022,04/06/2022,H,,Read for the second time and placed on the calendar,,,,,
SB332,Scofield,Regular Session 2022,04/07/2022,H,,Third Reading Indefinitely Postponed,,,,,
SB332,Scofield,Regular Session 2022,04/07/2022,H,,Kitchens motion to Indefinitely Postpone adopted Voice Vote,,,,,
SB333,Scofield,Regular Session 2022,03/29/2022,S,,Read for the first time and referred to the Senate committee on Local Legislation,LL1,,,,
SB333,Scofield,Regular Session 2022,03/30/2022,S,,Read for the second time and placed on the calendar,,,,,
SB333,Scofield,Regular Session 2022,03/31/2022,S,,Third Reading Passed,,,,,
SB333,Scofield,Regular Session 2022,03/31/2022,S,,Motion to Read a Third Time and Pass adopted Roll Call 848,,,,,Roll 848
SB333,Scofield,Regular Session 2022,03/31/2022,H,,Read for the first time and referred to the House of Representatives committee on Local Legislation,LL,,,,
SB333,Scofield,Regular Session 2022,04/06/2022,H,,Read for the second time and placed on the calendar,,,,,
SB333,Scofield,Regular Session 2022,04/07/2022,H,,Third Reading Indefinitely Postponed,,,,,
SB333,Scofield,Regular Session 2022,04/07/2022,H,,Kitchens motion to Indefinitely Postpone adopted Voice Vote,,,,,
SB334,Smitherman,Regular Session 2022,03/29/2022,S,,Read for the first time and referred to the Senate committee on Jefferson County Legislation,LLJ,,,,
SB334,Smitherman,Regular Session 2022,03/30/2022,S,,Read for the second time and placed on the calendar,,0,6,0,
SB334,Smitherman,Regular Session 2022,03/31/2022,S,,Third Reading Passed,,,,,
SB334,Smitherman,Regular Session 2022,03/31/2022,S,,Motion to Read a Third Time and Pass adopted Roll Call 850,,,,,Roll 850
SB334,Smitherman,Regular Session 2022,03/31/2022,H,,Read for the first time and referred to the House of Representatives committee on Jefferson County Legislation,JCL,,,,
SB335,Hatcher,Regular Session 2022,03/29/2022,S,,Read for the first time and referred to the Senate committee on Governmental Affairs,GA,,,,
SB335,Hatcher,Regular Session 2022,04/05/2022,S,,Read for the second time and placed on the calendar,,0,9,1,
SB335,Hatcher,Regular Session 2022,04/06/2022,S,,Indefinitely Postponed,,,,,
SB336,Albritton,Regular Session 2022,03/30/2022,S,,Read for the first time and referred to the Senate committee on Local Legislation,LL1,,,,
SB336,Albritton,Regular Session 2022,03/31/2022,S,,Read for the second time and placed on the calendar,,,,,
SB336,Albritton,Regular Session 2022,04/05/2022,S,,Third Reading Passed,,,,,
SB336,Albritton,Regular Session 2022,04/05/2022,S,,Motion to Read a Third Time and Pass adopted Roll Call 935,,,,,Roll 935
SB336,Albritton,Regular Session 2022,04/05/2022,S,,Chambliss motion to Miscellaneous adopted Voice Vote,,,,,
SB336,Albritton,Regular Session 2022,04/05/2022,H,,Read for the first time and referred to the House of Representatives committee on Baldwin County Legislation,BCL,,,,
SB336,Albritton,Regular Session 2022,04/06/2022,H,,Read for the second time and placed on the calendar,,,,,
SB336,Albritton,Regular Session 2022,04/07/2022,H,,Third Reading Passed,,,,,
SB336,Albritton,Regular Session 2022,04/07/2022,H,,Motion to Read a Third Time and Pass adopted Roll Call 1014,,,,,Roll 1014
SB336,Albritton,Regular Session 2022,04/07/2022,S,,Passed Second House,,,,,
SB336,Albritton,Regular Session 2022,04/07/2022,S,,Enrolled,,,,,
SB336,Albritton,Regular Session 2022,04/07/2022,H,,Signature Requested,,,,,
SB336,Albritton,Regular Session 2022,,S,,Assigned Act No. 2022-414.,,,,,
SB337,Whatley,Regular Session 2022,03/31/2022,S,,Read for the first time and referred to the Senate committee on Fiscal Responsibility and Economic Development,FRED,,,,
SB338,Marsh,Regular Session 2022,04/06/2022,S,,Read for the first time and referred to the Senate committee on Finance and Taxation General Fund,F&TG,,,,
SB339,Coleman-Madison,Regular Session 2022,04/07/2022,S,,Read for the first time and referred to the Senate committee on Banking and Insurance,B&I,,,,
SR1,Waggoner,Regular Session 2022,01/11/2022,S,,Introduced,,,,,
SR1,Waggoner,Regular Session 2022,01/11/2022,S,,Waggoner motion to Adopt adopted Voice Vote,,,,,
SJR2,Waggoner,Regular Session 2022,01/11/2022,S,,Introduced,,,,,
SJR2,Waggoner,Regular Session 2022,01/11/2022,S,,Waggoner motion to Adopt adopted Voice Vote,,,,,
SJR2,Waggoner,Regular Session 2022,01/11/2022,H,,Received in House of Representatives and referred to the House of Representatives committee on Rules,RULES,,,,
SJR2,Waggoner,Regular Session 2022,02/03/2022,H,,Reported from Rules,,,,,
SJR2,Waggoner,Regular Session 2022,02/03/2022,H,,Jones (M) motion to Concur In and Adopt adopted Voice Vote,,,,,
SJR2,Waggoner,Regular Session 2022,02/03/2022,H,,"Committee on the part of the House, Representatives Lee, Almond and Bracy",,,,,
SJR2,Waggoner,Regular Session 2022,02/03/2022,S,,Passed Second House,,,,,
SJR3,Waggoner,Regular Session 2022,01/11/2022,S,,Introduced,,,,,
SJR3,Waggoner,Regular Session 2022,01/11/2022,S,,Waggoner motion to Adopt adopted Voice Vote,,,,,
SJR3,Waggoner,Regular Session 2022,01/11/2022,H,,Received in House of Representatives and referred to the House of Representatives committee on Rules,RULES,,,,
SJR3,Waggoner,Regular Session 2022,02/03/2022,H,,Reported from Rules,,,,,
SJR3,Waggoner,Regular Session 2022,02/03/2022,H,,Jones (M) motion to Concur In and Adopt adopted Voice Vote,,,,,
SJR3,Waggoner,Regular Session 2022,02/03/2022,H,,"Committee on the part of the House, Representatives Lee, Almond and Bracy",,,,,
SJR3,Waggoner,Regular Session 2022,02/03/2022,S,,Passed Second House,,,,,
SJR4,Waggoner,Regular Session 2022,01/11/2022,S,,Introduced,,,,,
SJR4,Waggoner,Regular Session 2022,01/11/2022,S,,Waggoner motion to Adopt adopted Voice Vote,,,,,
SJR4,Waggoner,Regular Session 2022,01/11/2022,H,,Received in House of Representatives and referred to the House of Representatives committee on Rules,RULES,,,,
SJR4,Waggoner,Regular Session 2022,02/10/2022,H,,Reported from Rules,,,,,
SJR4,Waggoner,Regular Session 2022,02/10/2022,H,,Jones (M) motion to Concur In and Adopt adopted Voice Vote,,,,,
SJR4,Waggoner,Regular Session 2022,02/10/2022,H,,"Givan intended to vote ""Nay""",,,,,
SJR4,Waggoner,Regular Session 2022,02/15/2022,S,,Passed Second House,,,,,
SJR4,Waggoner,Regular Session 2022,02/15/2022,S,,Enrolled,,,,,
SJR4,Waggoner,Regular Session 2022,02/15/2022,H,,Signature Requested,,,,,
SJR4,Waggoner,Regular Session 2022,,S,,Assigned Act No. 2022-19.,,,,,
SJR5,Orr,Regular Session 2022,01/11/2022,S,,Introduced,,,,,
SJR5,Orr,Regular Session 2022,01/11/2022,S,,Orr motion to Adopt adopted Voice Vote,,,,,
SJR5,Orr,Regular Session 2022,01/11/2022,H,,Received in House of Representatives and referred to the House of Representatives committee on Rules,RULES,,,,
SJR5,Orr,Regular Session 2022,02/10/2022,H,,Reported from Rules,,,,,
SJR5,Orr,Regular Session 2022,02/10/2022,H,,Jones (M) motion to Concur In and Adopt adopted Voice Vote,,,,,
SJR5,Orr,Regular Session 2022,02/15/2022,S,,Passed Second House,,,,,
SJR5,Orr,Regular Session 2022,02/15/2022,S,,Enrolled,,,,,
SJR5,Orr,Regular Session 2022,02/15/2022,H,,Signature Requested,,,,,
SJR5,Orr,Regular Session 2022,,S,,Assigned Act No. 2022-20.,,,,,
SJR6,Weaver,Regular Session 2022,01/13/2022,S,,Introduced,,,,,
SJR6,Weaver,Regular Session 2022,01/13/2022,S,,Weaver motion to Adopt adopted Voice Vote,,,,,
SJR6,Weaver,Regular Session 2022,01/13/2022,H,,Received in House of Representatives and referred to the House of Representatives committee on Rules,RULES,,,,
SJR6,Weaver,Regular Session 2022,02/03/2022,H,,Reported from Rules,,,,,
SJR6,Weaver,Regular Session 2022,02/03/2022,H,,Jones (M) motion to Concur In and Adopt adopted Voice Vote,,,,,
SJR6,Weaver,Regular Session 2022,02/03/2022,S,,Passed Second House,,,,,
SJR6,Weaver,Regular Session 2022,02/03/2022,H,,Signature Requested,,,,,
SJR6,Weaver,Regular Session 2022,02/03/2022,S,,Enrolled,,,,,
SJR6,Weaver,Regular Session 2022,,S,,Assigned Act No. 2022-3.,,,,,
SJR7,Weaver,Regular Session 2022,01/13/2022,S,,Introduced,,,,,
SJR7,Weaver,Regular Session 2022,01/13/2022,S,,Weaver motion to Adopt adopted Voice Vote,,,,,
SJR7,Weaver,Regular Session 2022,01/13/2022,H,,Received in House of Representatives and referred to the House of Representatives committee on Rules,RULES,,,,
SJR8,Sessions,Regular Session 2022,01/13/2022,S,,Introduced,,,,,
SJR8,Sessions,Regular Session 2022,01/13/2022,S,,Sessions motion to Adopt adopted Voice Vote,,,,,
SJR8,Sessions,Regular Session 2022,01/13/2022,H,,Received in House of Representatives and referred to the House of Representatives committee on Rules,RULES,,,,
SJR8,Sessions,Regular Session 2022,02/10/2022,H,,Reported from Rules,,,,,
SJR8,Sessions,Regular Session 2022,02/10/2022,H,,Jones (M) motion to Concur In and Adopt adopted Voice Vote,,,,,
SJR8,Sessions,Regular Session 2022,02/15/2022,S,,Passed Second House,,,,,
SJR8,Sessions,Regular Session 2022,02/15/2022,S,,Enrolled,,,,,
SJR8,Sessions,Regular Session 2022,02/15/2022,H,,Signature Requested,,,,,
SJR8,Sessions,Regular Session 2022,,S,,Assigned Act No. 2022-21.,,,,,
SJR9,Coleman-Madison,Regular Session 2022,01/13/2022,S,,Introduced,,,,,
SJR9,Coleman-Madison,Regular Session 2022,01/13/2022,S,,Coleman-Madison motion to Adopt adopted Voice Vote,,,,,
SJR9,Coleman-Madison,Regular Session 2022,01/13/2022,H,,Received in House of Representatives and referred to the House of Representatives committee on Rules,RULES,,,,
SJR9,Coleman-Madison,Regular Session 2022,02/03/2022,H,,Reported from Rules,,,,,
SJR9,Coleman-Madison,Regular Session 2022,02/03/2022,H,,Jones (M) motion to Concur In and Adopt adopted Voice Vote,,,,,
SJR9,Coleman-Madison,Regular Session 2022,02/03/2022,S,,Passed Second House,,,,,
SJR9,Coleman-Madison,Regular Session 2022,02/03/2022,H,,Signature Requested,,,,,
SJR9,Coleman-Madison,Regular Session 2022,02/03/2022,S,,Enrolled,,,,,
SJR9,Coleman-Madison,Regular Session 2022,,S,,Assigned Act No. 2022-4.,,,,,
SJR10,Whatley,Regular Session 2022,01/18/2022,S,,Introduced,,,,,
SJR10,Whatley,Regular Session 2022,01/18/2022,H,,Received in House of Representatives and referred to the House of Representatives committee on Rules,RULES,,,,
SJR10,Whatley,Regular Session 2022,01/18/2022,S,,Whatley motion to Adopt adopted Voice Vote,,,,,
SJR10,Whatley,Regular Session 2022,02/03/2022,H,,Reported from Rules,,,,,
SJR10,Whatley,Regular Session 2022,02/03/2022,H,,Jones (M) motion to Concur In and Adopt adopted Voice Vote,,,,,
SJR10,Whatley,Regular Session 2022,02/03/2022,S,,Passed Second House,,,,,
SJR10,Whatley,Regular Session 2022,02/03/2022,H,,Signature Requested,,,,,
SJR10,Whatley,Regular Session 2022,02/03/2022,S,,Enrolled,,,,,
SJR10,Whatley,Regular Session 2022,,S,,Assigned Act No. 2022-5.,,,,,
SJR11,McClendon,Regular Session 2022,01/18/2022,S,,Introduced,,,,,
SJR11,McClendon,Regular Session 2022,01/18/2022,S,,McClendon motion to Adopt adopted Voice Vote,,,,,
SJR11,McClendon,Regular Session 2022,01/18/2022,H,,Received in House of Representatives and referred to the House of Representatives committee on Rules,RULES,,,,
SJR11,McClendon,Regular Session 2022,02/03/2022,H,,Reported from Rules,,,,,
SJR11,McClendon,Regular Session 2022,02/03/2022,H,,Jones (M) motion to Concur In and Adopt adopted Voice Vote,,,,,
SJR11,McClendon,Regular Session 2022,02/03/2022,S,,Passed Second House,,,,,
SJR11,McClendon,Regular Session 2022,02/03/2022,H,,Signature Requested,,,,,
SJR11,McClendon,Regular Session 2022,02/03/2022,S,,Enrolled,,,,,
SJR11,McClendon,Regular Session 2022,,S,,Assigned Act No. 2022-6.,,,,,
SJR12,Weaver,Regular Session 2022,01/18/2022,S,,Introduced,,,,,
SJR12,Weaver,Regular Session 2022,01/18/2022,S,,Weaver motion to Adopt adopted Voice Vote,,,,,
SJR12,Weaver,Regular Session 2022,01/18/2022,H,,Received in House of Representatives and referred to the House of Representatives committee on Rules,RULES,,,,
SJR12,Weaver,Regular Session 2022,02/03/2022,H,,Reported from Rules,,,,,
SJR12,Weaver,Regular Session 2022,02/03/2022,H,,Jones (M) motion to Concur In and Adopt adopted Voice Vote,,,,,
SJR12,Weaver,Regular Session 2022,02/03/2022,S,,Passed Second House,,,,,
SJR12,Weaver,Regular Session 2022,02/03/2022,H,,Signature Requested,,,,,
SJR12,Weaver,Regular Session 2022,02/03/2022,S,,Enrolled,,,,,
SJR12,Weaver,Regular Session 2022,,S,,Assigned Act No. 2022-7.,,,,,
SJR13,Waggoner,Regular Session 2022,02/01/2022,S,,Introduced,,,,,
SJR13,Waggoner,Regular Session 2022,02/01/2022,S,,Waggoner motion to Adopt adopted Voice Vote,,,,,
SJR13,Waggoner,Regular Session 2022,02/02/2022,H,,Received in House of Representatives and referred to the House of Representatives committee on Rules,RULES,,,,
SJR13,Waggoner,Regular Session 2022,02/10/2022,H,,Reported from Rules,,,,,
SJR13,Waggoner,Regular Session 2022,02/10/2022,H,,Jones (M) motion to Concur In and Adopt adopted Voice Vote,,,,,
SJR13,Waggoner,Regular Session 2022,02/15/2022,S,,Passed Second House,,,,,
SJR13,Waggoner,Regular Session 2022,02/15/2022,S,,Enrolled,,,,,
SJR13,Waggoner,Regular Session 2022,02/15/2022,H,,Signature Requested,,,,,
SJR13,Waggoner,Regular Session 2022,,S,,Assigned Act No. 2022-22.,,,,,
SJR13,Waggoner,Regular Session 2022,,S,,"Delivered to Governor at 3:47 p.m. on February 15, 2022",,,,,
SJR14,Beasley,Regular Session 2022,02/01/2022,S,,Introduced,,,,,
SJR14,Beasley,Regular Session 2022,02/01/2022,S,,Beasley motion to Adopt adopted Voice Vote,,,,,
SJR14,Beasley,Regular Session 2022,02/02/2022,H,,Received in House of Representatives and referred to the House of Representatives committee on Rules,RULES,,,,
SJR14,Beasley,Regular Session 2022,02/10/2022,H,,Reported from Rules,,,,,
SJR14,Beasley,Regular Session 2022,02/10/2022,H,,Jones (M) motion to Concur In and Adopt adopted Voice Vote,,,,,
SJR14,Beasley,Regular Session 2022,02/15/2022,S,,Passed Second House,,,,,
SJR14,Beasley,Regular Session 2022,02/15/2022,S,,Enrolled,,,,,
SJR14,Beasley,Regular Session 2022,02/15/2022,H,,Signature Requested,,,,,
SJR14,Beasley,Regular Session 2022,,S,,Assigned Act No. 2022-23.,,,,,
SJR15,Butler,Regular Session 2022,02/01/2022,S,,Introduced,,,,,
SJR15,Butler,Regular Session 2022,02/01/2022,S,,Butler motion to Adopt adopted Voice Vote,,,,,
SJR15,Butler,Regular Session 2022,02/02/2022,H,,Received in House of Representatives and referred to the House of Representatives committee on Rules,RULES,,,,
SJR15,Butler,Regular Session 2022,02/10/2022,H,,Reported from Rules,,,,,
SJR15,Butler,Regular Session 2022,02/10/2022,H,,Jones (M) motion to Concur In and Adopt adopted Voice Vote,,,,,
SJR15,Butler,Regular Session 2022,02/15/2022,S,,Passed Second House,,,,,
SJR15,Butler,Regular Session 2022,02/15/2022,S,,Enrolled,,,,,
SJR15,Butler,Regular Session 2022,02/15/2022,H,,Signature Requested,,,,,
SJR15,Butler,Regular Session 2022,,S,,,,,,,
SJR15,Butler,Regular Session 2022,,S,,Assigned Act No. 2022-24.,,,,,
SJR16,Roberts,Regular Session 2022,02/01/2022,S,,Introduced,,,,,
SJR16,Roberts,Regular Session 2022,02/01/2022,S,,Roberts motion to Adopt adopted Voice Vote,,,,,
SJR16,Roberts,Regular Session 2022,02/02/2022,H,,Received in House of Representatives and referred to the House of Representatives committee on Rules,RULES,,,,
SJR16,Roberts,Regular Session 2022,02/10/2022,H,,Reported from Rules,,,,,
SJR16,Roberts,Regular Session 2022,02/10/2022,H,,Jones (M) motion to Concur In and Adopt adopted Voice Vote,,,,,
SJR16,Roberts,Regular Session 2022,02/15/2022,S,,Passed Second House,,,,,
SJR16,Roberts,Regular Session 2022,02/15/2022,S,,Enrolled,,,,,
SJR16,Roberts,Regular Session 2022,02/15/2022,H,,Signature Requested,,,,,
SJR16,Roberts,Regular Session 2022,,S,,Assigned Act No. 2022-25.,,,,,
SJR17,Roberts,Regular Session 2022,02/01/2022,S,,Introduced,,,,,
SJR17,Roberts,Regular Session 2022,02/01/2022,S,,Roberts motion to Adopt adopted Voice Vote,,,,,
SJR17,Roberts,Regular Session 2022,02/02/2022,H,,Received in House of Representatives and referred to the House of Representatives committee on Rules,RULES,,,,
SJR17,Roberts,Regular Session 2022,02/10/2022,H,,Reported from Rules,,,,,
SJR17,Roberts,Regular Session 2022,02/10/2022,H,,Jones (M) motion to Concur In and Adopt adopted Voice Vote,,,,,
SJR17,Roberts,Regular Session 2022,02/15/2022,S,,Passed Second House,,,,,
SJR17,Roberts,Regular Session 2022,02/15/2022,S,,Enrolled,,,,,
SJR17,Roberts,Regular Session 2022,02/15/2022,H,,Signature Requested,,,,,
SJR17,Roberts,Regular Session 2022,,S,,,,,,,
SJR17,Roberts,Regular Session 2022,,S,,Assigned Act No. 2022-26.,,,,,
SJR18,Shelnutt,Regular Session 2022,02/01/2022,S,,Introduced,,,,,
SJR18,Shelnutt,Regular Session 2022,02/02/2022,H,,Received in House of Representatives and referred to the House of Representatives committee on Rules,RULES,,,,
SJR18,Shelnutt,Regular Session 2022,02/01/2022,S,,Shelnutt motion to Adopt adopted Voice Vote,,,,,
SJR18,Shelnutt,Regular Session 2022,02/10/2022,H,,Reported from Rules,,,,,
SJR18,Shelnutt,Regular Session 2022,02/10/2022,H,,Jones (M) motion to Concur In and Adopt adopted Voice Vote,,,,,
SJR18,Shelnutt,Regular Session 2022,02/15/2022,S,,Passed Second House,,,,,
SJR18,Shelnutt,Regular Session 2022,02/15/2022,S,,Enrolled,,,,,
SJR18,Shelnutt,Regular Session 2022,02/15/2022,H,,Signature Requested,,,,,
SJR18,Shelnutt,Regular Session 2022,,S,,Assigned Act No. 2022-27.,,,,,
SJR19,Shelnutt,Regular Session 2022,02/01/2022,S,,Introduced,,,,,
SJR19,Shelnutt,Regular Session 2022,02/01/2022,S,,Shelnutt motion to Adopt adopted Voice Vote,,,,,
SJR19,Shelnutt,Regular Session 2022,02/02/2022,H,,Received in House of Representatives and referred to the House of Representatives committee on Rules,RULES,,,,
SJR19,Shelnutt,Regular Session 2022,02/10/2022,H,,Reported from Rules,,,,,
SJR19,Shelnutt,Regular Session 2022,02/10/2022,H,,Jones (M) motion to Concur In and Adopt adopted Voice Vote,,,,,
SJR19,Shelnutt,Regular Session 2022,02/15/2022,S,,Passed Second House,,,,,
SJR19,Shelnutt,Regular Session 2022,02/15/2022,S,,Enrolled,,,,,
SJR19,Shelnutt,Regular Session 2022,02/15/2022,H,,Signature Requested,,,,,
SJR19,Shelnutt,Regular Session 2022,,S,,Assigned Act No. 2022-28.,,,,,
SJR20,Allen,Regular Session 2022,02/01/2022,S,,Introduced,,,,,
SJR20,Allen,Regular Session 2022,02/01/2022,S,,Allen motion to Adopt adopted Voice Vote,,,,,
SJR20,Allen,Regular Session 2022,02/02/2022,H,,Received in House of Representatives and referred to the House of Representatives committee on Rules,RULES,,,,
SJR20,Allen,Regular Session 2022,02/10/2022,H,,Reported from Rules,,,,,
SJR20,Allen,Regular Session 2022,02/10/2022,H,,Jones (M) motion to Concur In and Adopt adopted Voice Vote,,,,,
SJR20,Allen,Regular Session 2022,02/15/2022,S,,Passed Second House,,,,,
SJR20,Allen,Regular Session 2022,02/15/2022,S,,Enrolled,,,,,
SJR20,Allen,Regular Session 2022,02/15/2022,H,,Signature Requested,,,,,
SJR20,Allen,Regular Session 2022,,S,,Assigned Act No. 2022-29.,,,,,
SJR21,Allen,Regular Session 2022,02/01/2022,S,,Introduced,,,,,
SJR21,Allen,Regular Session 2022,02/01/2022,S,,Allen motion to Adopt adopted Voice Vote,,,,,
SJR21,Allen,Regular Session 2022,02/02/2022,H,,Received in House of Representatives and referred to the House of Representatives committee on Rules,RULES,,,,
SJR21,Allen,Regular Session 2022,02/10/2022,H,,Reported from Rules,,,,,
SJR21,Allen,Regular Session 2022,02/10/2022,H,,Jones (M) motion to Concur In and Adopt adopted Voice Vote,,,,,
SJR21,Allen,Regular Session 2022,02/15/2022,S,,Passed Second House,,,,,
SJR21,Allen,Regular Session 2022,02/15/2022,S,,Enrolled,,,,,
SJR21,Allen,Regular Session 2022,02/15/2022,H,,Signature Requested,,,,,
SJR21,Allen,Regular Session 2022,,S,,Assigned Act No. 2022-30.,,,,,
SJR22,Orr,Regular Session 2022,02/01/2022,S,,Introduced,,,,,
SJR22,Orr,Regular Session 2022,02/01/2022,S,,Orr motion to Adopt adopted Voice Vote,,,,,
SJR22,Orr,Regular Session 2022,02/02/2022,H,,Received in House of Representatives and referred to the House of Representatives committee on Rules,RULES,,,,
SJR22,Orr,Regular Session 2022,02/10/2022,H,,Reported from Rules,,,,,
SJR22,Orr,Regular Session 2022,02/10/2022,H,,Jones (M) motion to Concur In and Adopt adopted Voice Vote,,,,,
SJR22,Orr,Regular Session 2022,02/15/2022,S,,Passed Second House,,,,,
SJR22,Orr,Regular Session 2022,02/15/2022,S,,Enrolled,,,,,
SJR22,Orr,Regular Session 2022,02/15/2022,H,,Signature Requested,,,,,
SJR22,Orr,Regular Session 2022,,S,,Assigned Act No. 2022-31.,,,,,
SR23,Rules,Regular Session 2022,02/01/2022,S,,Introduced,,,,,
SR23,Rules,Regular Session 2022,02/01/2022,S,,Waggoner motion to Adopt adopted Roll Call 21,,,,,Roll 21
SJR24,Allen,Regular Session 2022,02/02/2022,S,,Introduced,,,,,
SJR24,Allen,Regular Session 2022,02/02/2022,S,,Allen motion to Adopt adopted Voice Vote,,,,,
SJR24,Allen,Regular Session 2022,02/02/2022,H,,Received in House of Representatives and referred to the House of Representatives committee on Rules,RULES,,,,
SJR24,Allen,Regular Session 2022,02/10/2022,H,,Reported from Rules,,,,,
SJR24,Allen,Regular Session 2022,02/10/2022,H,,Jones (M) motion to Concur In and Adopt adopted Voice Vote,,,,,
SJR24,Allen,Regular Session 2022,02/15/2022,S,,Passed Second House,,,,,
SJR24,Allen,Regular Session 2022,02/15/2022,S,,Enrolled,,,,,
SJR24,Allen,Regular Session 2022,02/15/2022,H,,Signature Requested,,,,,
SJR24,Allen,Regular Session 2022,,S,,Assigned Act No. 2022-32.,,,,,
SJR25,Allen,Regular Session 2022,02/02/2022,S,,Introduced,,,,,
SJR25,Allen,Regular Session 2022,02/02/2022,S,,Allen motion to Adopt adopted Voice Vote,,,,,
SJR25,Allen,Regular Session 2022,02/02/2022,H,,Received in House of Representatives and referred to the House of Representatives committee on Rules,RULES,,,,
SJR25,Allen,Regular Session 2022,02/10/2022,H,,Reported from Rules,,,,,
SJR25,Allen,Regular Session 2022,02/10/2022,H,,Jones (M) motion to Concur In and Adopt adopted Voice Vote,,,,,
SJR25,Allen,Regular Session 2022,02/15/2022,S,,Passed Second House,,,,,
SJR25,Allen,Regular Session 2022,02/15/2022,S,,Enrolled,,,,,
SJR25,Allen,Regular Session 2022,02/15/2022,H,,Signature Requested,,,,,
SJR25,Allen,Regular Session 2022,,S,,Assigned Act No. 2022-33.,,,,,
SR26,Rules,Regular Session 2022,02/02/2022,S,,Introduced,,,,,
SR26,Rules,Regular Session 2022,02/02/2022,S,,Waggoner motion to Adopt adopted Roll Call 55,,,,,Roll 55
SR27,Rules,Regular Session 2022,02/03/2022,S,,Introduced,,,,,
SR27,Rules,Regular Session 2022,02/03/2022,S,,Waggoner motion to Adopt adopted Roll Call 108,,,,,Roll 108
SJR28,Givhan,Regular Session 2022,02/03/2022,S,,Introduced,,,,,
SJR28,Givhan,Regular Session 2022,02/03/2022,S,,Givhan motion to Adopt adopted Voice Vote,,,,,
SJR28,Givhan,Regular Session 2022,02/08/2022,H,,Received in House of Representatives and referred to the House of Representatives committee on Rules,RULES,,,,
SJR28,Givhan,Regular Session 2022,02/16/2022,H,,Reported from Rules,,,,,
SJR28,Givhan,Regular Session 2022,02/16/2022,H,,Jones (M) motion to Concur In and Adopt adopted Voice Vote,,,,,
SJR28,Givhan,Regular Session 2022,02/16/2022,S,,Passed Second House,,,,,
SJR28,Givhan,Regular Session 2022,02/17/2022,S,,Enrolled,,,,,
SJR28,Givhan,Regular Session 2022,02/17/2022,H,,Signature Requested,,,,,
SJR28,Givhan,Regular Session 2022,,S,,Assigned Act No. 2022-42.,,,,,
SJR29,Beasley,Regular Session 2022,02/08/2022,S,,Introduced,,,,,
SJR29,Beasley,Regular Session 2022,02/08/2022,S,,Beasley motion to Adopt adopted Voice Vote,,,,,
SJR29,Beasley,Regular Session 2022,02/08/2022,H,,Received in House of Representatives and referred to the House of Representatives committee on Rules,RULES,,,,
SJR29,Beasley,Regular Session 2022,02/16/2022,H,,Reported from Rules,,,,,
SJR29,Beasley,Regular Session 2022,02/16/2022,H,,Jones (M) motion to Concur In and Adopt adopted Voice Vote,,,,,
SJR29,Beasley,Regular Session 2022,02/16/2022,S,,Passed Second House,,,,,
SJR29,Beasley,Regular Session 2022,02/17/2022,S,,Enrolled,,,,,
SJR29,Beasley,Regular Session 2022,02/17/2022,H,,Signature Requested,,,,,
SJR29,Beasley,Regular Session 2022,,S,,Assigned Act No. 2022-43.,,,,,
SJR30,Elliott,Regular Session 2022,02/08/2022,S,,Introduced,,,,,
SJR30,Elliott,Regular Session 2022,02/08/2022,S,,Elliott motion to Adopt adopted Voice Vote,,,,,
SJR30,Elliott,Regular Session 2022,02/08/2022,H,,Received in House of Representatives and referred to the House of Representatives committee on Rules,RULES,,,,
SJR30,Elliott,Regular Session 2022,02/16/2022,H,,Reported from Rules,,,,,
SJR30,Elliott,Regular Session 2022,02/16/2022,H,,Jones (M) motion to Concur In and Adopt adopted Voice Vote,,,,,
SJR30,Elliott,Regular Session 2022,02/16/2022,S,,Passed Second House,,,,,
SJR30,Elliott,Regular Session 2022,02/17/2022,S,,Enrolled,,,,,
SJR30,Elliott,Regular Session 2022,02/17/2022,H,,Signature Requested,,,,,
SJR30,Elliott,Regular Session 2022,,S,,Assigned Act No. 2022-44.,,,,,
SJR31,Orr,Regular Session 2022,02/08/2022,S,,Introduced,,,,,
SJR31,Orr,Regular Session 2022,02/08/2022,S,,Orr motion to Adopt adopted Voice Vote,,,,,
SJR31,Orr,Regular Session 2022,02/08/2022,H,,Received in House of Representatives and referred to the House of Representatives committee on Rules,RULES,,,,
SJR32,Allen,Regular Session 2022,02/08/2022,S,,Introduced,,,,,
SJR32,Allen,Regular Session 2022,02/08/2022,S,,Allen motion to Adopt adopted Voice Vote,,,,,
SJR32,Allen,Regular Session 2022,02/08/2022,H,,Received in House of Representatives and referred to the House of Representatives committee on Rules,RULES,,,,
SJR32,Allen,Regular Session 2022,02/16/2022,H,,Reported from Rules,,,,,
SJR32,Allen,Regular Session 2022,02/16/2022,H,,Jones (M) motion to Concur In and Adopt adopted Voice Vote,,,,,
SJR32,Allen,Regular Session 2022,02/16/2022,S,,Passed Second House,,,,,
SJR32,Allen,Regular Session 2022,02/17/2022,S,,Enrolled,,,,,
SJR32,Allen,Regular Session 2022,02/17/2022,H,,Signature Requested,,,,,
SJR32,Allen,Regular Session 2022,,S,,Assigned Act No. 2022-45.,,,,,
SR33,Rules,Regular Session 2022,02/08/2022,S,,Introduced,,,,,
SR33,Rules,Regular Session 2022,02/08/2022,S,,Waggoner motion to Adopt adopted Roll Call 127,,,,,Roll 127
SJR34,Singleton,Regular Session 2022,02/08/2022,S,,Introduced,,,,,
SJR34,Singleton,Regular Session 2022,02/08/2022,S,,Singleton motion to Adopt adopted Voice Vote,,,,,
SJR34,Singleton,Regular Session 2022,02/08/2022,H,,Received in House of Representatives and referred to the House of Representatives committee on Rules,RULES,,,,
SJR34,Singleton,Regular Session 2022,02/23/2022,H,,Reported from Rules,,,,,
SJR34,Singleton,Regular Session 2022,02/23/2022,H,,Jones (M) motion to Concur In and Adopt adopted Voice Vote,,,,,
SJR34,Singleton,Regular Session 2022,02/23/2022,S,,Passed Second House,,,,,
SJR34,Singleton,Regular Session 2022,02/24/2022,S,,Enrolled,,,,,
SJR34,Singleton,Regular Session 2022,02/24/2022,H,,Signature Requested,,,,,
SJR34,Singleton,Regular Session 2022,,S,,Assigned Act No. 2022-79.,,,,,
SJR35,Reed,Regular Session 2022,02/09/2022,S,,Introduced,,,,,
SJR35,Reed,Regular Session 2022,02/09/2022,S,,Reed motion to Adopt adopted Voice Vote,,,,,
SJR35,Reed,Regular Session 2022,02/09/2022,H,,Received in House of Representatives and referred to the House of Representatives committee on Rules,RULES,,,,
SJR35,Reed,Regular Session 2022,02/16/2022,H,,Reported from Rules,,,,,
SJR35,Reed,Regular Session 2022,02/16/2022,H,,Jones (M) motion to Concur In and Adopt adopted Voice Vote,,,,,
SJR35,Reed,Regular Session 2022,02/16/2022,S,,Passed Second House,,,,,
SJR35,Reed,Regular Session 2022,02/17/2022,S,,Enrolled,,,,,
SJR35,Reed,Regular Session 2022,02/17/2022,H,,Signature Requested,,,,,
SJR35,Reed,Regular Session 2022,,S,,Assigned Act No. 2022-46.,,,,,
SR36,Livingston,Regular Session 2022,02/09/2022,S,,Introduced and referred to the Senate committee on Rules,RULES,,,,
SR37,Rules,Regular Session 2022,02/09/2022,S,,Introduced,,,,,
SR37,Rules,Regular Session 2022,02/09/2022,S,,Waggoner motion to Adopt adopted Roll Call 145,,,,,Roll 145
SJR38,Livingston,Regular Session 2022,02/10/2022,S,,Introduced and referred to the Senate committee on Rules,RULES,,,,
SJR38,Livingston,Regular Session 2022,03/17/2022,S,,Reported from Rules,,,,,
SJR38,Livingston,Regular Session 2022,03/17/2022,S,,Waggoner motion to Adopt adopted Voice Vote,,,,,
SJR38,Livingston,Regular Session 2022,03/17/2022,H,,Received in House of Representatives and referred to the House of Representatives committee on Rules,RULES,,,,
SJR38,Livingston,Regular Session 2022,03/31/2022,H,,Reported from Rules,,,,,
SJR38,Livingston,Regular Session 2022,03/31/2022,H,,Jones (M) motion to Concur In and Adopt adopted Voice Vote,,,,,
SJR38,Livingston,Regular Session 2022,03/31/2022,S,,Passed Second House,,,,,
SJR38,Livingston,Regular Session 2022,03/31/2022,S,,Enrolled,,,,,
SJR38,Livingston,Regular Session 2022,03/31/2022,H,,Signature Requested,,,,,
SJR38,Livingston,Regular Session 2022,,S,,Assigned Act No. 2022-233.,,,,,
SR39,Rules,Regular Session 2022,02/10/2022,S,,Introduced,,,,,
SR39,Rules,Regular Session 2022,02/10/2022,S,,Waggoner motion to Adopt adopted Roll Call 171,,,,,Roll 171
SR40,Rules,Regular Session 2022,02/15/2022,S,,Introduced,,,,,
SR40,Rules,Regular Session 2022,02/15/2022,S,,Waggoner motion to Adopt adopted Roll Call 236,,,,,Roll 236
SJR41,Livingston,Regular Session 2022,02/16/2022,S,,Introduced,,,,,
SJR41,Livingston,Regular Session 2022,02/16/2022,S,,Livingston motion to Adopt adopted Voice Vote,,,,,
SJR41,Livingston,Regular Session 2022,02/16/2022,H,,Received in House of Representatives and referred to the House of Representatives committee on Rules,RULES,,,,
SJR41,Livingston,Regular Session 2022,02/22/2022,H,,Reported from Rules,,,,,
SJR41,Livingston,Regular Session 2022,02/22/2022,H,,Jones (M) motion to Concur In and Adopt adopted Voice Vote,,,,,
SJR41,Livingston,Regular Session 2022,02/23/2022,S,,Passed Second House,,,,,
SJR41,Livingston,Regular Session 2022,02/23/2022,H,,Signature Requested,,,,,
SJR41,Livingston,Regular Session 2022,02/23/2022,S,,Enrolled,,,,,
SJR41,Livingston,Regular Session 2022,,S,,Assigned Act No. 2022-76.,,,,,
SJR42,Orr,Regular Session 2022,02/16/2022,S,,Introduced,,,,,
SJR42,Orr,Regular Session 2022,02/16/2022,S,,Orr motion to Adopt adopted Voice Vote,,,,,
SJR42,Orr,Regular Session 2022,02/16/2022,H,,Received in House of Representatives and referred to the House of Representatives committee on Rules,RULES,,,,
SJR42,Orr,Regular Session 2022,02/23/2022,H,,Reported from Rules and rereferred to committee Rules,RULES,,,,
SJR42,Orr,Regular Session 2022,02/23/2022,H,,Jones (M) motion to Carry Over Temporarily adopted Voice Vote,,,,,
SJR42,Orr,Regular Session 2022,03/08/2022,H,,Collins motion to Suspend Rules and adopt offered,,,,,
SJR42,Orr,Regular Session 2022,03/08/2022,H,,Collins motion to withdraw her motion to suspend rules and adopt offered,,,,,
SJR42,Orr,Regular Session 2022,03/08/2022,H,,Collins motion to recommit to the Standing Committee on Rules adopted Voice Vote,,,,,
SJR42,Orr,Regular Session 2022,03/08/2022,H,,JS,,,,,
SJR43,Beasley,Regular Session 2022,02/16/2022,S,,Introduced,,,,,
SJR43,Beasley,Regular Session 2022,02/16/2022,S,,Beasley motion to Adopt adopted Voice Vote,,,,,
SJR43,Beasley,Regular Session 2022,02/16/2022,H,,Received in House of Representatives and referred to the House of Representatives committee on Rules,RULES,,,,
SJR43,Beasley,Regular Session 2022,02/23/2022,H,,Reported from Rules,,,,,
SJR43,Beasley,Regular Session 2022,02/23/2022,H,,Jones (M) motion to Concur In and Adopt adopted Voice Vote,,,,,
SJR43,Beasley,Regular Session 2022,02/23/2022,S,,Passed Second House,,,,,
SJR43,Beasley,Regular Session 2022,02/24/2022,S,,Enrolled,,,,,
SJR43,Beasley,Regular Session 2022,02/24/2022,H,,Signature Requested,,,,,
SJR43,Beasley,Regular Session 2022,,S,,Assigned Act No. 2022-77.,,,,,
SR44,Rules,Regular Session 2022,02/16/2022,S,,Introduced,,,,,
SR44,Rules,Regular Session 2022,02/16/2022,S,,Waggoner motion to Adopt adopted Roll Call 291,,,,,Roll 291
SR45,Rules,Regular Session 2022,02/17/2022,S,,Introduced,,,,,
SR45,Rules,Regular Session 2022,02/17/2022,S,,Waggoner motion to Adopt adopted Roll Call 326,,,,,Roll 326
SJR46,Beasley,Regular Session 2022,02/22/2022,S,,Introduced,,,,,
SJR46,Beasley,Regular Session 2022,02/22/2022,S,,Beasley motion to Adopt adopted Voice Vote,,,,,
SJR46,Beasley,Regular Session 2022,02/22/2022,H,,Received in House of Representatives and referred to the House of Representatives committee on Rules,RULES,,,,
SJR46,Beasley,Regular Session 2022,02/24/2022,H,,Reported from Rules,,,,,
SJR46,Beasley,Regular Session 2022,02/24/2022,H,,Jones (M) motion to Concur In and Adopt adopted Voice Vote,,,,,
SJR46,Beasley,Regular Session 2022,02/24/2022,S,,Passed Second House,,,,,
SJR46,Beasley,Regular Session 2022,03/01/2022,S,,Enrolled,,,,,
SJR46,Beasley,Regular Session 2022,03/01/2022,H,,Signature Requested,,,,,
SJR46,Beasley,Regular Session 2022,,S,,Assigned Act No. 2022-86.,,,,,
SJR47,Beasley,Regular Session 2022,02/22/2022,S,,Introduced,,,,,
SJR47,Beasley,Regular Session 2022,02/22/2022,S,,Beasley motion to Adopt adopted Voice Vote,,,,,
SJR47,Beasley,Regular Session 2022,02/22/2022,H,,Received in House of Representatives and referred to the House of Representatives committee on Rules,RULES,,,,
SJR47,Beasley,Regular Session 2022,02/24/2022,H,,Reported from Rules,,,,,
SJR47,Beasley,Regular Session 2022,02/24/2022,H,,Jones (M) motion to Concur In and Adopt adopted Voice Vote,,,,,
SJR47,Beasley,Regular Session 2022,02/24/2022,S,,Passed Second House,,,,,
SJR47,Beasley,Regular Session 2022,03/01/2022,S,,Enrolled,,,,,
SJR47,Beasley,Regular Session 2022,03/01/2022,H,,Signature Requested,,,,,
SJR47,Beasley,Regular Session 2022,,S,,Assigned Act No. 2022-87.,,,,,
SR48,Rules,Regular Session 2022,02/22/2022,S,,Introduced,,,,,
SR48,Rules,Regular Session 2022,02/22/2022,S,,Waggoner motion to Adopt adopted Roll Call 358,,,,,Roll 358
SR49,Rules,Regular Session 2022,02/23/2022,S,,Introduced,,,,,
SR49,Rules,Regular Session 2022,02/23/2022,S,,Waggoner motion to Adopt adopted Roll Call 375,,,,,Roll 375
SJR50,Livingston,Regular Session 2022,02/24/2022,S,,Introduced and referred to the Senate committee on Rules,RULES,,,,
SJR51,Waggoner,Regular Session 2022,02/24/2022,S,,Introduced,,,,,
SJR51,Waggoner,Regular Session 2022,02/24/2022,S,,Waggoner motion to Adopt adopted Voice Vote,,,,,
SJR51,Waggoner,Regular Session 2022,02/24/2022,H,,Received in House of Representatives and referred to the House of Representatives committee on Rules,RULES,,,,
SJR51,Waggoner,Regular Session 2022,03/02/2022,H,,Reported from Rules,,,,,
SJR51,Waggoner,Regular Session 2022,03/02/2022,H,,Jones (M) motion to Concur In and Adopt adopted Voice Vote,,,,,
SJR51,Waggoner,Regular Session 2022,03/02/2022,S,,Passed Second House,,,,,
SJR51,Waggoner,Regular Session 2022,03/02/2022,S,,Enrolled,,,,,
SJR51,Waggoner,Regular Session 2022,03/02/2022,H,,Signature Requested,,,,,
SJR51,Waggoner,Regular Session 2022,,S,,Assigned Act No. 2022-115.,,,,,
SJR52,Waggoner,Regular Session 2022,02/24/2022,S,,Introduced,,,,,
SJR52,Waggoner,Regular Session 2022,02/24/2022,S,,Motion to Adopt adopted Voice Vote,,,,,
SJR52,Waggoner,Regular Session 2022,02/24/2022,H,,Received in House of Representatives and referred to the House of Representatives committee on Rules,RULES,,,,
SJR52,Waggoner,Regular Session 2022,03/02/2022,H,,Reported from Rules,,,,,
SJR52,Waggoner,Regular Session 2022,03/02/2022,H,,Jones (M) motion to Concur In and Adopt adopted Voice Vote,,,,,
SJR52,Waggoner,Regular Session 2022,03/02/2022,S,,Passed Second House,,,,,
SJR52,Waggoner,Regular Session 2022,03/02/2022,S,,Enrolled,,,,,
SJR52,Waggoner,Regular Session 2022,03/02/2022,H,,Signature Requested,,,,,
SJR52,Waggoner,Regular Session 2022,,S,,Assigned Act No. 2022-116.,,,,,
SJR53,Waggoner,Regular Session 2022,02/24/2022,S,,Introduced,,,,,
SJR53,Waggoner,Regular Session 2022,02/24/2022,S,,Waggoner motion to Adopt adopted Voice Vote,,,,,
SJR53,Waggoner,Regular Session 2022,02/24/2022,H,,Received in House of Representatives and referred to the House of Representatives committee on Rules,RULES,,,,
SJR53,Waggoner,Regular Session 2022,03/02/2022,H,,Reported from Rules,,,,,
SJR53,Waggoner,Regular Session 2022,03/02/2022,H,,Jones (M) motion to Concur In and Adopt adopted Voice Vote,,,,,
SJR53,Waggoner,Regular Session 2022,03/02/2022,S,,Passed Second House,,,,,
SJR53,Waggoner,Regular Session 2022,03/02/2022,S,,Enrolled,,,,,
SJR53,Waggoner,Regular Session 2022,03/02/2022,H,,Signature Requested,,,,,
SJR53,Waggoner,Regular Session 2022,,S,,Assigned Act No. 2022-107.,,,,,
SJR54,Weaver,Regular Session 2022,02/24/2022,S,,Introduced,,,,,
SJR54,Weaver,Regular Session 2022,02/24/2022,S,,Weaver motion to Adopt adopted Voice Vote,,,,,
SJR54,Weaver,Regular Session 2022,02/24/2022,H,,Received in House of Representatives and referred to the House of Representatives committee on Rules,RULES,,,,
SJR54,Weaver,Regular Session 2022,03/02/2022,H,,Reported from Rules,,,,,
SJR54,Weaver,Regular Session 2022,03/02/2022,H,,Jones (M) motion to Concur In and Adopt adopted Voice Vote,,,,,
SJR54,Weaver,Regular Session 2022,03/02/2022,S,,Passed Second House,,,,,
SJR54,Weaver,Regular Session 2022,03/02/2022,S,,Enrolled,,,,,
SJR54,Weaver,Regular Session 2022,03/02/2022,H,,Signature Requested,,,,,
SJR54,Weaver,Regular Session 2022,,S,,Assigned Act No. 2022-108.,,,,,
SR55,Rules,Regular Session 2022,02/24/2022,S,,Introduced,,,,,
SR55,Rules,Regular Session 2022,02/24/2022,S,,Waggoner motion to Adopt adopted Roll Call 423,,,,,Roll 423
SJR56,Singleton,Regular Session 2022,02/24/2022,S,,Introduced,,,,,
SJR56,Singleton,Regular Session 2022,02/24/2022,S,,Singleton motion to Adopt adopted Voice Vote,,,,,
SJR56,Singleton,Regular Session 2022,02/24/2022,H,,Received in House of Representatives and referred to the House of Representatives committee on Rules,RULES,,,,
SJR56,Singleton,Regular Session 2022,03/02/2022,H,,Reported from Rules,,,,,
SJR56,Singleton,Regular Session 2022,03/02/2022,H,,Jones (M) motion to Concur In and Adopt adopted Voice Vote,,,,,
SJR56,Singleton,Regular Session 2022,03/02/2022,S,,Passed Second House,,,,,
SJR56,Singleton,Regular Session 2022,03/02/2022,S,,Enrolled,,,,,
SJR56,Singleton,Regular Session 2022,03/02/2022,H,,Signature Requested,,,,,
SJR56,Singleton,Regular Session 2022,,S,,Assigned Act No. 2022-109.,,,,,
SJR57,Figures,Regular Session 2022,03/01/2022,S,,Introduced,,,,,
SJR57,Figures,Regular Session 2022,03/01/2022,S,,Figures motion to Adopt adopted Voice Vote,,,,,
SJR57,Figures,Regular Session 2022,03/01/2022,H,,Received in House of Representatives and referred to the House of Representatives committee on Rules,RULES,,,,
SJR57,Figures,Regular Session 2022,03/03/2022,H,,Reported from Rules,,,,,
SJR57,Figures,Regular Session 2022,03/03/2022,H,,Jones (M) motion to Concur In and Adopt adopted Voice Vote,,,,,
SJR57,Figures,Regular Session 2022,03/03/2022,S,,Passed Second House,,,,,
SJR57,Figures,Regular Session 2022,03/03/2022,H,,Signature Requested,,,,,
SJR57,Figures,Regular Session 2022,03/03/2022,S,,Enrolled,,,,,
SJR57,Figures,Regular Session 2022,,S,,Assigned Act No. 2022-119.,,,,,
SR58,Rules,Regular Session 2022,03/01/2022,S,,Introduced,,,,,
SR58,Rules,Regular Session 2022,03/01/2022,S,,Waggoner motion to Adopt adopted Roll Call 446,,,,,Roll 446
SR59,Rules,Regular Session 2022,03/02/2022,S,,Introduced,,,,,
SR59,Rules,Regular Session 2022,03/02/2022,S,,Waggoner motion to Adopt adopted Roll Call 461,,,,,Roll 461
SR60,Rules,Regular Session 2022,03/03/2022,S,,Introduced,,,,,
SR60,Rules,Regular Session 2022,03/03/2022,S,,Waggoner motion to Adopt adopted Roll Call 474,,,,,Roll 474
SJR61,Weaver,Regular Session 2022,03/08/2022,S,,Introduced,,,,,
SJR61,Weaver,Regular Session 2022,03/08/2022,S,,Weaver motion to Adopt adopted Voice Vote,,,,,
SJR61,Weaver,Regular Session 2022,03/08/2022,H,,Received in House of Representatives and referred to the House of Representatives committee on Rules,RULES,,,,
SJR61,Weaver,Regular Session 2022,03/10/2022,H,,Reported from Rules,,,,,
SJR61,Weaver,Regular Session 2022,03/10/2022,H,,Jones (M) motion to Concur In and Adopt adopted Voice Vote,,,,,
SJR61,Weaver,Regular Session 2022,03/10/2022,S,,Passed Second House,,,,,
SJR61,Weaver,Regular Session 2022,03/10/2022,S,,Enrolled,,,,,
SJR61,Weaver,Regular Session 2022,03/10/2022,H,,Signature Requested,,,,,
SJR61,Weaver,Regular Session 2022,,S,,Assigned Act No. 2022-140.,,,,,
SJR62,Weaver,Regular Session 2022,03/08/2022,S,,Introduced and referred to the Senate committee on Rules,RULES,,,,
SJR62,Weaver,Regular Session 2022,03/17/2022,S,,Reported from Rules,,,,,
SJR62,Weaver,Regular Session 2022,03/17/2022,S,,Waggoner motion to Adopt adopted Voice Vote,,,,,
SJR62,Weaver,Regular Session 2022,03/17/2022,H,,Received in House of Representatives and referred to the House of Representatives committee on Rules,RULES,,,,
SJR62,Weaver,Regular Session 2022,03/31/2022,H,,Reported from Rules,,,,,
SJR62,Weaver,Regular Session 2022,03/31/2022,H,,Jones (M) motion to Concur In and Adopt adopted Voice Vote,,,,,
SJR62,Weaver,Regular Session 2022,03/31/2022,S,,Passed Second House,,,,,
SJR62,Weaver,Regular Session 2022,03/31/2022,S,,Enrolled,,,,,
SJR62,Weaver,Regular Session 2022,03/31/2022,H,,Signature Requested,,,,,
SJR62,Weaver,Regular Session 2022,,S,,Assigned Act No. 2022-234.,,,,,
SJR63,Weaver,Regular Session 2022,03/08/2022,S,,Introduced and referred to the Senate committee on Rules,RULES,,,,
SJR63,Weaver,Regular Session 2022,03/17/2022,S,,Reported from Rules,,,,,
SJR63,Weaver,Regular Session 2022,03/17/2022,S,,Waggoner motion to Adopt adopted Voice Vote,,,,,
SJR63,Weaver,Regular Session 2022,03/17/2022,H,,Received in House of Representatives and referred to the House of Representatives committee on Rules,RULES,,,,
SJR63,Weaver,Regular Session 2022,03/31/2022,H,,Reported from Rules,,,,,
SJR63,Weaver,Regular Session 2022,03/31/2022,H,,Jones (M) motion to Concur In and Adopt adopted Voice Vote,,,,,
SJR63,Weaver,Regular Session 2022,03/31/2022,S,,Passed Second House,,,,,
SJR63,Weaver,Regular Session 2022,03/31/2022,S,,Enrolled,,,,,
SJR63,Weaver,Regular Session 2022,03/31/2022,H,,Signature Requested,,,,,
SJR63,Weaver,Regular Session 2022,,S,,Assigned Act No. 2022-235.,,,,,
SJR64,Waggoner,Regular Session 2022,03/08/2022,S,,Introduced,,,,,
SJR64,Waggoner,Regular Session 2022,03/08/2022,S,,Waggoner motion to Adopt adopted Voice Vote,,,,,
SJR64,Waggoner,Regular Session 2022,03/08/2022,H,,Received in House of Representatives and referred to the House of Representatives committee on Rules,RULES,,,,
SJR64,Waggoner,Regular Session 2022,03/10/2022,H,,Reported from Rules,,,,,
SJR64,Waggoner,Regular Session 2022,03/10/2022,H,,Jones (M) motion to Concur In and Adopt adopted Voice Vote,,,,,
SJR64,Waggoner,Regular Session 2022,03/10/2022,S,,Passed Second House,,,,,
SJR64,Waggoner,Regular Session 2022,03/10/2022,S,,Enrolled,,,,,
SJR64,Waggoner,Regular Session 2022,03/10/2022,H,,Signature Requested,,,,,
SJR64,Waggoner,Regular Session 2022,,S,,Assigned Act No. 2022-141.,,,,,
SJR65,Waggoner,Regular Session 2022,03/08/2022,S,,Introduced,,,,,
SJR65,Waggoner,Regular Session 2022,03/08/2022,S,,Waggoner motion to Adopt adopted Voice Vote,,,,,
SJR65,Waggoner,Regular Session 2022,03/08/2022,H,,Received in House of Representatives and referred to the House of Representatives committee on Rules,RULES,,,,
SJR65,Waggoner,Regular Session 2022,03/10/2022,H,,Reported from Rules,,,,,
SJR65,Waggoner,Regular Session 2022,03/10/2022,H,,Jones (M) motion to Concur In and Adopt adopted Voice Vote,,,,,
SJR65,Waggoner,Regular Session 2022,03/10/2022,S,,Passed Second House,,,,,
SJR65,Waggoner,Regular Session 2022,03/10/2022,S,,Enrolled,,,,,
SJR65,Waggoner,Regular Session 2022,03/10/2022,H,,Signature Requested,,,,,
SJR65,Waggoner,Regular Session 2022,,S,,Assigned Act No. 2022-142.,,,,,
SJR66,Whatley,Regular Session 2022,03/08/2022,S,,Introduced,,,,,
SJR66,Whatley,Regular Session 2022,03/08/2022,S,,Whatley motion to Adopt adopted Voice Vote,,,,,
SJR66,Whatley,Regular Session 2022,03/08/2022,H,,Received in House of Representatives and referred to the House of Representatives committee on Rules,RULES,,,,
SJR66,Whatley,Regular Session 2022,03/10/2022,H,,Reported from Rules,,,,,
SJR66,Whatley,Regular Session 2022,03/10/2022,H,,Jones (M) motion to Concur In and Adopt adopted Voice Vote,,,,,
SJR66,Whatley,Regular Session 2022,03/10/2022,S,,Passed Second House,,,,,
SJR66,Whatley,Regular Session 2022,03/10/2022,S,,Enrolled,,,,,
SJR66,Whatley,Regular Session 2022,03/10/2022,H,,Signature Requested,,,,,
SJR66,Whatley,Regular Session 2022,,S,,Assigned Act No. 2022-143.,,,,,
SR67,Rules,Regular Session 2022,03/08/2022,S,,Introduced,,,,,
SR67,Rules,Regular Session 2022,03/08/2022,S,,Waggoner motion to Adopt adopted Roll Call 487,,,,,Roll 487
SR68,Marsh,Regular Session 2022,03/08/2022,S,,Introduced,,,,,
SR68,Marsh,Regular Session 2022,03/08/2022,S,,Marsh motion to Adopt adopted Voice Vote,,,,,
SJR69,Livingston,Regular Session 2022,03/09/2022,S,,Introduced,,,,,
SJR69,Livingston,Regular Session 2022,03/09/2022,S,,Livingston motion to Adopt adopted Voice Vote,,,,,
SJR69,Livingston,Regular Session 2022,03/09/2022,H,,Received in House of Representatives and referred to the House of Representatives committee on Rules,RULES,,,,
SJR69,Livingston,Regular Session 2022,03/17/2022,H,,Reported from Rules,,,,,
SJR69,Livingston,Regular Session 2022,03/17/2022,H,,Jones (M) motion to Concur In and Adopt adopted Voice Vote,,,,,
SJR69,Livingston,Regular Session 2022,03/29/2022,S,,Passed Second House,,,,,
SJR69,Livingston,Regular Session 2022,03/29/2022,H,,Signature Requested,,,,,
SJR69,Livingston,Regular Session 2022,03/29/2022,S,,Enrolled,,,,,
SJR69,Livingston,Regular Session 2022,,S,,Assigned Act No. 2022-224.,,,,,
SJR70,Livingston,Regular Session 2022,03/09/2022,S,,Introduced,,,,,
SJR70,Livingston,Regular Session 2022,03/09/2022,S,,Livingston motion to Adopt adopted Voice Vote,,,,,
SJR70,Livingston,Regular Session 2022,03/09/2022,H,,Received in House of Representatives and referred to the House of Representatives committee on Rules,RULES,,,,
SJR70,Livingston,Regular Session 2022,03/17/2022,H,,Reported from Rules,,,,,
SJR70,Livingston,Regular Session 2022,03/17/2022,H,,Jones (M) motion to Concur In and Adopt adopted Voice Vote,,,,,
SJR70,Livingston,Regular Session 2022,03/29/2022,S,,Passed Second House,,,,,
SJR70,Livingston,Regular Session 2022,03/29/2022,H,,Signature Requested,,,,,
SJR70,Livingston,Regular Session 2022,03/29/2022,S,,Enrolled,,,,,
SJR70,Livingston,Regular Session 2022,,S,,Assigned Act No. 2022-225.,,,,,
SJR71,Livingston,Regular Session 2022,03/09/2022,S,,Introduced,,,,,
SJR71,Livingston,Regular Session 2022,03/09/2022,S,,Livingston motion to Adopt adopted Voice Vote,,,,,
SJR71,Livingston,Regular Session 2022,03/09/2022,H,,Received in House of Representatives and referred to the House of Representatives committee on Rules,RULES,,,,
SJR71,Livingston,Regular Session 2022,03/17/2022,H,,Reported from Rules,,,,,
SJR71,Livingston,Regular Session 2022,03/17/2022,H,,Jones (M) motion to Concur In and Adopt adopted Voice Vote,,,,,
SJR71,Livingston,Regular Session 2022,03/29/2022,S,,Passed Second House,,,,,
SJR71,Livingston,Regular Session 2022,03/29/2022,H,,Signature Requested,,,,,
SJR71,Livingston,Regular Session 2022,03/29/2022,S,,Enrolled,,,,,
SJR71,Livingston,Regular Session 2022,,S,,Assigned Act No. 2022-226.,,,,,
SJR72,Livingston,Regular Session 2022,03/09/2022,S,,Introduced,,,,,
SJR72,Livingston,Regular Session 2022,03/09/2022,S,,Livingston motion to Adopt adopted Voice Vote,,,,,
SJR72,Livingston,Regular Session 2022,03/09/2022,H,,Received in House of Representatives and referred to the House of Representatives committee on Rules,RULES,,,,
SJR72,Livingston,Regular Session 2022,03/17/2022,H,,Reported from Rules,,,,,
SJR72,Livingston,Regular Session 2022,03/17/2022,H,,Jones (M) motion to Concur In and Adopt adopted Voice Vote,,,,,
SJR72,Livingston,Regular Session 2022,03/29/2022,S,,Passed Second House,,,,,
SJR72,Livingston,Regular Session 2022,03/29/2022,H,,Signature Requested,,,,,
SJR72,Livingston,Regular Session 2022,03/29/2022,S,,Enrolled,,,,,
SJR72,Livingston,Regular Session 2022,,S,,Assigned Act No. 2022-227.,,,,,
SJR73,Marsh,Regular Session 2022,03/09/2022,S,,Introduced,,,,,
SJR73,Marsh,Regular Session 2022,03/09/2022,S,,Marsh motion to Adopt adopted Voice Vote,,,,,
SJR73,Marsh,Regular Session 2022,03/09/2022,H,,Received in House of Representatives and referred to the House of Representatives committee on Rules,RULES,,,,
SJR73,Marsh,Regular Session 2022,03/17/2022,H,,Reported from Rules,,,,,
SJR73,Marsh,Regular Session 2022,03/17/2022,H,,Jones (M) motion to Concur In and Adopt adopted Voice Vote,,,,,
SJR73,Marsh,Regular Session 2022,03/29/2022,S,,Passed Second House,,,,,
SJR73,Marsh,Regular Session 2022,03/29/2022,H,,Signature Requested,,,,,
SJR73,Marsh,Regular Session 2022,03/29/2022,S,,Enrolled,,,,,
SJR73,Marsh,Regular Session 2022,,S,,Assigned Act No. 2022-195.,,,,,
SJR74,Waggoner,Regular Session 2022,03/09/2022,S,,Introduced,,,,,
SJR74,Waggoner,Regular Session 2022,03/09/2022,S,,Waggoner motion to Adopt adopted Voice Vote,,,,,
SJR74,Waggoner,Regular Session 2022,03/09/2022,H,,Received in House of Representatives and referred to the House of Representatives committee on Rules,RULES,,,,
SJR74,Waggoner,Regular Session 2022,03/17/2022,H,,Reported from Rules and indefinitely postponed,,,,,
SJR74,Waggoner,Regular Session 2022,03/17/2022,H,,Jones (M) motion to Indefinitely Postpone adopted Voice Vote,,,,,
SJR75,Smitherman,Regular Session 2022,03/09/2022,S,,Introduced,,,,,
SJR75,Smitherman,Regular Session 2022,03/09/2022,S,,Smitherman motion to Adopt adopted Voice Vote,,,,,
SJR75,Smitherman,Regular Session 2022,03/09/2022,H,,Received in House of Representatives and referred to the House of Representatives committee on Rules,RULES,,,,
SR76,Rules,Regular Session 2022,03/09/2022,S,,Introduced,,,,,
SR76,Rules,Regular Session 2022,03/09/2022,S,,Waggoner motion to Adopt adopted Roll Call 492,,,,,Roll 492
SR77,Rules,Regular Session 2022,03/10/2022,S,,Introduced,,,,,
SR77,Rules,Regular Session 2022,03/10/2022,S,,Waggoner motion to Adopt adopted Roll Call 530,,,,,Roll 530
SJR78,Roberts,Regular Session 2022,03/15/2022,S,,Introduced,,,,,
SJR78,Roberts,Regular Session 2022,03/15/2022,S,,Roberts motion to Adopt adopted Voice Vote,,,,,
SJR78,Roberts,Regular Session 2022,03/15/2022,H,,Received in House of Representatives and referred to the House of Representatives committee on Rules,RULES,,,,
SJR78,Roberts,Regular Session 2022,03/31/2022,H,,Reported from Rules,,,,,
SJR78,Roberts,Regular Session 2022,03/31/2022,H,,Jones (M) motion to Concur In and Adopt adopted Voice Vote,,,,,
SJR78,Roberts,Regular Session 2022,03/31/2022,S,,Passed Second House,,,,,
SJR78,Roberts,Regular Session 2022,03/31/2022,S,,Enrolled,,,,,
SJR78,Roberts,Regular Session 2022,03/31/2022,H,,Signature Requested,,,,,
SJR78,Roberts,Regular Session 2022,,S,,Assigned Act No. 2022-230.,,,,,
SJR79,Roberts,Regular Session 2022,03/15/2022,S,,Introduced and referred to the Senate committee on Rules,RULES,,,,
SJR79,Roberts,Regular Session 2022,03/17/2022,S,,Reported from Rules,,,,,
SJR79,Roberts,Regular Session 2022,03/17/2022,S,,Waggoner motion to Adopt adopted Voice Vote,,,,,
SJR79,Roberts,Regular Session 2022,03/17/2022,H,,Received in House of Representatives and referred to the House of Representatives committee on Rules,RULES,,,,
SJR80,Allen,Regular Session 2022,03/15/2022,S,,Introduced,,,,,
SJR80,Allen,Regular Session 2022,03/15/2022,S,,Allen motion to Adopt adopted Voice Vote,,,,,
SJR80,Allen,Regular Session 2022,03/15/2022,H,,Received in House of Representatives and referred to the House of Representatives committee on Rules,RULES,,,,
SJR80,Allen,Regular Session 2022,03/31/2022,H,,Reported from Rules,,,,,
SJR80,Allen,Regular Session 2022,03/31/2022,H,,Jones (M) motion to Concur In and Adopt adopted Voice Vote,,,,,
SJR80,Allen,Regular Session 2022,03/31/2022,S,,Passed Second House,,,,,
SJR80,Allen,Regular Session 2022,03/31/2022,S,,Enrolled,,,,,
SJR80,Allen,Regular Session 2022,03/31/2022,H,,Signature Requested,,,,,
SJR80,Allen,Regular Session 2022,,S,,Assigned Act No. 2022-231.,,,,,
SJR81,Allen,Regular Session 2022,03/15/2022,S,,Introduced,,,,,
SJR81,Allen,Regular Session 2022,03/15/2022,H,,Received in House of Representatives and referred to the House of Representatives committee on Rules,RULES,,,,
SJR81,Allen,Regular Session 2022,03/15/2022,S,,Allen motion to Adopt adopted Voice Vote,,,,,
SJR81,Allen,Regular Session 2022,03/31/2022,H,,Reported from Rules,,,,,
SJR81,Allen,Regular Session 2022,03/31/2022,H,,Jones (M) motion to Concur In and Adopt adopted Voice Vote,,,,,
SJR81,Allen,Regular Session 2022,03/31/2022,S,,Passed Second House,,,,,
SJR81,Allen,Regular Session 2022,03/31/2022,S,,Enrolled,,,,,
SJR81,Allen,Regular Session 2022,03/31/2022,H,,Signature Requested,,,,,
SJR81,Allen,Regular Session 2022,,S,,Assigned Act No. 2022-232.,,,,,
SR82,Rules,Regular Session 2022,03/15/2022,S,,Introduced,,,,,
SR82,Rules,Regular Session 2022,03/15/2022,S,,Waggoner motion to Adopt adopted Roll Call 565,,,,,Roll 565
SJR83,Albritton,Regular Session 2022,03/17/2022,S,,Introduced,,,,,
SJR83,Albritton,Regular Session 2022,03/17/2022,S,,Albritton motion to Adopt adopted Voice Vote,,,,,
SJR83,Albritton,Regular Session 2022,03/17/2022,H,,Received in House of Representatives and referred to the House of Representatives committee on Rules,RULES,,,,
SJR83,Albritton,Regular Session 2022,03/31/2022,H,,Reported from Rules,,,,,
SJR83,Albritton,Regular Session 2022,03/31/2022,H,,Jones (M) motion to Concur In and Adopt adopted Voice Vote,,,,,
SJR83,Albritton,Regular Session 2022,03/31/2022,S,,Passed Second House,,,,,
SJR83,Albritton,Regular Session 2022,03/31/2022,S,,Enrolled,,,,,
SJR83,Albritton,Regular Session 2022,03/31/2022,H,,Signature Requested,,,,,
SJR83,Albritton,Regular Session 2022,,S,,Assigned Act No. 2022-271.,,,,,
SJR84,Allen,Regular Session 2022,03/17/2022,S,,Introduced and referred to the Senate committee on Rules,RULES,,,,
SJR85,Whatley,Regular Session 2022,03/17/2022,S,,Introduced,,,,,
SJR85,Whatley,Regular Session 2022,03/17/2022,H,,Received in House of Representatives and referred to the House of Representatives committee on Rules,RULES,,,,
SJR85,Whatley,Regular Session 2022,03/17/2022,S,,Whatley motion to Adopt adopted Voice Vote,,,,,
SJR85,Whatley,Regular Session 2022,03/31/2022,H,,Reported from Rules,,,,,
SJR85,Whatley,Regular Session 2022,03/31/2022,H,,Jones (M) motion to Concur In and Adopt adopted Voice Vote,,,,,
SJR85,Whatley,Regular Session 2022,03/31/2022,S,,Passed Second House,,,,,
SJR85,Whatley,Regular Session 2022,03/31/2022,S,,Enrolled,,,,,
SJR85,Whatley,Regular Session 2022,03/31/2022,H,,Signature Requested,,,,,
SJR85,Whatley,Regular Session 2022,,S,,Assigned Act No. 2022-272.,,,,,
SJR86,Gudger,Regular Session 2022,03/17/2022,S,,Introduced,,,,,
SJR86,Gudger,Regular Session 2022,03/17/2022,S,,Gudger motion to Adopt adopted Voice Vote,,,,,
SJR86,Gudger,Regular Session 2022,03/17/2022,H,,Received in House of Representatives and referred to the House of Representatives committee on Rules,RULES,,,,
SJR86,Gudger,Regular Session 2022,03/31/2022,H,,Reported from Rules,,,,,
SJR86,Gudger,Regular Session 2022,03/31/2022,H,,Jones (M) motion to Concur In and Adopt adopted Voice Vote,,,,,
SJR86,Gudger,Regular Session 2022,03/31/2022,S,,Passed Second House,,,,,
SJR86,Gudger,Regular Session 2022,03/31/2022,S,,Enrolled,,,,,
SJR86,Gudger,Regular Session 2022,03/31/2022,H,,Signature Requested,,,,,
SJR86,Gudger,Regular Session 2022,,S,,Assigned Act No. 2022-273.,,,,,
SR87,Rules,Regular Session 2022,03/17/2022,S,,Introduced,,,,,
SR87,Rules,Regular Session 2022,03/17/2022,S,,Waggoner motion to Adopt adopted Roll Call 650,,,,,Roll 650
SJR88,Allen,Regular Session 2022,03/17/2022,S,,Introduced,,,,,
SJR88,Allen,Regular Session 2022,03/17/2022,S,,Allen motion to Adopt adopted Voice Vote,,,,,
SJR88,Allen,Regular Session 2022,03/17/2022,H,,Received in House of Representatives and referred to the House of Representatives committee on Rules,RULES,,,,
SJR88,Allen,Regular Session 2022,03/31/2022,H,,Reported from Rules,,,,,
SJR88,Allen,Regular Session 2022,03/31/2022,H,,Jones (M) motion to Concur In and Adopt adopted Voice Vote,,,,,
SJR88,Allen,Regular Session 2022,03/31/2022,S,,Passed Second House,,,,,
SJR88,Allen,Regular Session 2022,03/31/2022,S,,Enrolled,,,,,
SJR88,Allen,Regular Session 2022,03/31/2022,H,,Signature Requested,,,,,
SJR88,Allen,Regular Session 2022,,S,,Assigned Act No. 2022-274.,,,,,
SJR89,Sanders-Fortier,Regular Session 2022,03/17/2022,S,,Introduced and referred to the Senate committee on Rules,RULES,,,,
SJR90,Jones,Regular Session 2022,03/29/2022,S,,Introduced and referred to the Senate committee on Rules,RULES,,,,
SJR90,Jones,Regular Session 2022,04/06/2022,S,,Reported from Rules,,,,,
SJR90,Jones,Regular Session 2022,04/06/2022,S,,Waggoner motion to Adopt adopted Voice Vote,,,,,
SJR90,Jones,Regular Session 2022,04/06/2022,H,,Received in House of Representatives and referred to the House of Representatives committee on Rules,RULES,,,,
SJR91,Livingston,Regular Session 2022,03/29/2022,S,,Introduced and referred to the Senate committee on Rules,RULES,,,,
SJR91,Livingston,Regular Session 2022,03/30/2022,S,,Reported from Rules,,,,,
SJR91,Livingston,Regular Session 2022,03/30/2022,S,,Waggoner motion to Adopt adopted Voice Vote,,,,,
SJR91,Livingston,Regular Session 2022,03/30/2022,H,,Received in House of Representatives and referred to the House of Representatives committee on Rules,RULES,,,,
SJR91,Livingston,Regular Session 2022,04/05/2022,H,,Reported from Rules,,,,,
SJR91,Livingston,Regular Session 2022,04/05/2022,H,,Jones (M) motion to Concur In and Adopt adopted Voice Vote,,,,,
SJR91,Livingston,Regular Session 2022,04/05/2022,S,,Passed Second House,,,,,
SJR91,Livingston,Regular Session 2022,04/05/2022,S,,Enrolled,,,,,
SJR91,Livingston,Regular Session 2022,04/05/2022,H,,Signature Requested,,,,,
SJR91,Livingston,Regular Session 2022,,S,,Assigned Act No. 2022-324.,,,,,
SJR92,Livingston,Regular Session 2022,03/29/2022,S,,Introduced,,,,,
SJR92,Livingston,Regular Session 2022,03/29/2022,S,,Livingston motion to Adopt adopted Voice Vote,,,,,
SJR92,Livingston,Regular Session 2022,03/31/2022,H,,Reported from Rules,,,,,
SJR92,Livingston,Regular Session 2022,03/29/2022,H,,Received in House of Representatives and referred to the House of Representatives committee on Rules,RULES,,,,
SJR92,Livingston,Regular Session 2022,03/31/2022,H,,Jones (M) motion to Concur In and Adopt adopted Voice Vote,,,,,
SJR92,Livingston,Regular Session 2022,03/31/2022,S,,Passed Second House,,,,,
SJR92,Livingston,Regular Session 2022,03/31/2022,S,,Enrolled,,,,,
SJR92,Livingston,Regular Session 2022,03/31/2022,H,,Signature Requested,,,,,
SJR92,Livingston,Regular Session 2022,,S,,Assigned Act No. 2022-275.,,,,,
SJR93,Weaver,Regular Session 2022,03/29/2022,S,,Introduced and referred to the Senate committee on Rules,RULES,,,,
SJR93,Weaver,Regular Session 2022,03/30/2022,S,,Reported from Rules,,,,,
SJR93,Weaver,Regular Session 2022,03/30/2022,S,,Waggoner motion to Adopt adopted Voice Vote,,,,,
SJR93,Weaver,Regular Session 2022,03/30/2022,H,,Received in House of Representatives and referred to the House of Representatives committee on Rules,RULES,,,,
SJR93,Weaver,Regular Session 2022,04/05/2022,H,,Reported from Rules,,,,,
SJR93,Weaver,Regular Session 2022,04/05/2022,H,,Jones (M) motion to Concur In and Adopt adopted Voice Vote,,,,,
SJR93,Weaver,Regular Session 2022,04/05/2022,S,,Passed Second House,,,,,
SJR93,Weaver,Regular Session 2022,04/05/2022,S,,Enrolled,,,,,
SJR93,Weaver,Regular Session 2022,04/05/2022,H,,Signature Requested,,,,,
SJR93,Weaver,Regular Session 2022,,S,,Forwarded to Executive Department,,,,,
SJR93,Weaver,Regular Session 2022,,H,,Assigned Act No. 2022-325.,,,,,
SJR94,Whatley,Regular Session 2022,03/29/2022,S,,Introduced,,,,,
SJR94,Whatley,Regular Session 2022,03/29/2022,S,,Motion to Adopt adopted Voice Vote,,,,,
SJR94,Whatley,Regular Session 2022,03/29/2022,H,,Received in House of Representatives and referred to the House of Representatives committee on Rules,RULES,,,,
SJR94,Whatley,Regular Session 2022,03/31/2022,H,,Reported from Rules,,,,,
SJR94,Whatley,Regular Session 2022,03/31/2022,H,,Jones (M) motion to Concur In and Adopt adopted Voice Vote,,,,,
SJR94,Whatley,Regular Session 2022,03/31/2022,S,,Passed Second House,,,,,
SJR94,Whatley,Regular Session 2022,03/31/2022,S,,Enrolled,,,,,
SJR94,Whatley,Regular Session 2022,03/31/2022,H,,Signature Requested,,,,,
SJR94,Whatley,Regular Session 2022,,S,,Assigned Act No. 2022-276.,,,,,
SJR95,Holley,Regular Session 2022,03/29/2022,S,,Introduced,,,,,
SJR95,Holley,Regular Session 2022,03/29/2022,S,,Holley motion to Adopt adopted Voice Vote,,,,,
SJR95,Holley,Regular Session 2022,03/29/2022,H,,Received in House of Representatives and referred to the House of Representatives committee on Rules,RULES,,,,
SJR95,Holley,Regular Session 2022,03/31/2022,H,,Reported from Rules,,,,,
SJR95,Holley,Regular Session 2022,03/31/2022,H,,Jones (M) motion to Concur In and Adopt adopted Voice Vote,,,,,
SJR95,Holley,Regular Session 2022,03/31/2022,S,,Passed Second House,,,,,
SJR95,Holley,Regular Session 2022,03/31/2022,S,,Enrolled,,,,,
SJR95,Holley,Regular Session 2022,03/31/2022,H,,Signature Requested,,,,,
SJR95,Holley,Regular Session 2022,,S,,Assigned Act No. 2022-277.,,,,,
SR96,Rules,Regular Session 2022,03/29/2022,S,,Introduced,,,,,
SR96,Rules,Regular Session 2022,03/29/2022,S,,Waggoner motion to Adopt adopted Roll Call 728,,,,,Roll 728
SJR97,Waggoner,Regular Session 2022,03/30/2022,S,,Introduced,,,,,
SJR97,Waggoner,Regular Session 2022,03/30/2022,S,,Waggoner motion to Adopt adopted Voice Vote,,,,,
SJR97,Waggoner,Regular Session 2022,03/30/2022,H,,Received in House of Representatives and referred to the House of Representatives committee on Rules,RULES,,,,
SJR97,Waggoner,Regular Session 2022,04/05/2022,H,,Reported from Rules,,,,,
SJR97,Waggoner,Regular Session 2022,04/05/2022,H,,Jones (M) motion to Concur In and Adopt adopted Voice Vote,,,,,
SJR97,Waggoner,Regular Session 2022,04/05/2022,S,,Passed Second House,,,,,
SJR97,Waggoner,Regular Session 2022,04/05/2022,S,,Enrolled,,,,,
SJR97,Waggoner,Regular Session 2022,04/05/2022,H,,Signature Requested,,,,,
SJR97,Waggoner,Regular Session 2022,,S,,Assigned Act No. 2022-326.,,,,,
SJR98,Waggoner,Regular Session 2022,03/30/2022,S,,Introduced,,,,,
SJR98,Waggoner,Regular Session 2022,03/30/2022,S,,Waggoner motion to Adopt adopted Voice Vote,,,,,
SJR98,Waggoner,Regular Session 2022,03/30/2022,H,,Received in House of Representatives and referred to the House of Representatives committee on Rules,RULES,,,,
SJR98,Waggoner,Regular Session 2022,04/05/2022,H,,Reported from Rules,,,,,
SJR98,Waggoner,Regular Session 2022,04/05/2022,H,,Jones (M) motion to Concur In and Adopt adopted Roll Call 879,,,,,Roll 879
SJR98,Waggoner,Regular Session 2022,04/05/2022,S,,Passed Second House,,,,,
SJR98,Waggoner,Regular Session 2022,04/05/2022,S,,Enrolled,,,,,
SJR98,Waggoner,Regular Session 2022,04/05/2022,H,,Signature Requested,,,,,
SJR98,Waggoner,Regular Session 2022,,S,,Assigned Act No. 2022-327.,,,,,
SJR99,Butler,Regular Session 2022,03/30/2022,S,,Introduced,,,,,
SJR99,Butler,Regular Session 2022,03/30/2022,S,,Butler motion to Adopt adopted Voice Vote,,,,,
SJR99,Butler,Regular Session 2022,03/30/2022,H,,Received in House of Representatives and referred to the House of Representatives committee on Rules,RULES,,,,
SJR99,Butler,Regular Session 2022,04/05/2022,H,,Reported from Rules,,,,,
SJR99,Butler,Regular Session 2022,04/05/2022,H,,Jones (M) motion to Concur In and Adopt adopted Voice Vote,,,,,
SJR99,Butler,Regular Session 2022,04/05/2022,S,,Passed Second House,,,,,
SJR99,Butler,Regular Session 2022,04/05/2022,S,,Enrolled,,,,,
SJR99,Butler,Regular Session 2022,04/05/2022,H,,Signature Requested,,,,,
SJR99,Butler,Regular Session 2022,,S,,Assigned Act No. 2022-328.,,,,,
SR100,Rules,Regular Session 2022,03/30/2022,S,,Introduced,,,,,
SR100,Rules,Regular Session 2022,03/30/2022,S,,Waggoner motion to Adopt adopted Roll Call 798,,,,,Roll 798
SJR101,Melson,Regular Session 2022,03/30/2022,S,,Introduced,,,,,
SJR101,Melson,Regular Session 2022,03/30/2022,S,,Melson motion to Adopt adopted Voice Vote,,,,,
SJR101,Melson,Regular Session 2022,03/31/2022,H,,Received in House of Representatives and referred to the House of Representatives committee on Rules,RULES,,,,
SJR101,Melson,Regular Session 2022,04/06/2022,H,,Reported from Rules,,,,,
SJR101,Melson,Regular Session 2022,04/06/2022,H,,Jones (M) motion to Concur In and Adopt adopted Voice Vote,,,,,
SJR101,Melson,Regular Session 2022,04/06/2022,S,,Passed Second House,,,,,
SJR101,Melson,Regular Session 2022,04/06/2022,H,,Signature Requested,,,,,
SJR101,Melson,Regular Session 2022,04/06/2022,S,,Enrolled,,,,,
SJR101,Melson,Regular Session 2022,,S,,Assigned Act No. 2022-329.,,,,,
SJR102,Waggoner,Regular Session 2022,03/31/2022,S,,Introduced,,,,,
SJR102,Waggoner,Regular Session 2022,03/31/2022,S,,Waggoner motion to Adopt adopted Voice Vote,,,,,
SJR102,Waggoner,Regular Session 2022,03/31/2022,H,,Received in House of Representatives and referred to the House of Representatives committee on Rules,RULES,,,,
SJR102,Waggoner,Regular Session 2022,04/06/2022,H,,Reported from Rules,,,,,
SJR102,Waggoner,Regular Session 2022,04/06/2022,H,,Jones (M) motion to Concur In and Adopt adopted Voice Vote,,,,,
SJR102,Waggoner,Regular Session 2022,04/06/2022,S,,Passed Second House,,,,,
SJR102,Waggoner,Regular Session 2022,04/06/2022,H,,Signature Requested,,,,,
SJR102,Waggoner,Regular Session 2022,04/06/2022,S,,Enrolled,,,,,
SJR102,Waggoner,Regular Session 2022,,S,,Assigned Act No. 2022-330.,,,,,
SR103,Rules,Regular Session 2022,03/31/2022,S,,Introduced,,,,,
SR103,Rules,Regular Session 2022,03/31/2022,S,,Waggoner motion to Adopt adopted Roll Call 862,,,,,Roll 862
SR104,Rules,Regular Session 2022,03/31/2022,S,,Introduced,,,,,
SR104,Rules,Regular Session 2022,03/31/2022,S,,Waggoner motion to Adopt adopted Roll Call 885,,,,,Roll 885
SR105,Rules,Regular Session 2022,03/31/2022,S,,Introduced,,,,,
SR105,Rules,Regular Session 2022,03/31/2022,S,,Waggoner motion to Adopt adopted Roll Call 907,,,,,Roll 907
SR106,Rules,Regular Session 2022,04/05/2022,S,,Introduced,,,,,
SR106,Rules,Regular Session 2022,04/05/2022,S,,Waggoner motion to Adopt adopted Roll Call 920,,,,,Roll 920
SJR107,Marsh,Regular Session 2022,04/05/2022,S,,Introduced,,,,,
SJR107,Marsh,Regular Session 2022,04/05/2022,S,,Marsh motion to Adopt adopted Voice Vote,,,,,
SJR107,Marsh,Regular Session 2022,04/06/2022,H,,Received in House of Representatives and referred to the House of Representatives committee on Rules,RULES,,,,
SJR108,Beasley,Regular Session 2022,04/06/2022,S,,Introduced,,,,,
SJR108,Beasley,Regular Session 2022,04/06/2022,H,,Received in House of Representatives and referred to the House of Representatives committee on Rules,RULES,,,,
SJR108,Beasley,Regular Session 2022,04/06/2022,S,,Beasley motion to Adopt adopted Voice Vote,,,,,
SR109,Rules,Regular Session 2022,04/06/2022,S,,Introduced,,,,,
SR109,Rules,Regular Session 2022,04/06/2022,S,,Waggoner motion to Adopt adopted Roll Call 1009,,,,,Roll 1009
SJR110,Reed,Regular Session 2022,04/06/2022,S,,Introduced,,,,,
SJR110,Reed,Regular Session 2022,04/06/2022,S,,Reed motion to Adopt adopted Voice Vote,,,,,
SJR110,Reed,Regular Session 2022,04/07/2022,H,,Received in House of Representatives,,,,,
SJR110,Reed,Regular Session 2022,04/07/2022,H,,Jones (M) motion to Concur In and Adopt adopted Voice Vote,,,,,
SJR110,Reed,Regular Session 2022,04/07/2022,S,,Passed Second House,,,,,
SJR110,Reed,Regular Session 2022,04/07/2022,S,,Enrolled,,,,,
SJR110,Reed,Regular Session 2022,04/07/2022,H,,Signature Requested,,,,,
SJR110,Reed,Regular Session 2022,,S,,Assigned Act No. 2022-331.,,,,,
SJR111,Reed,Regular Session 2022,04/06/2022,S,,Introduced,,,,,
SJR111,Reed,Regular Session 2022,04/06/2022,S,,Reed motion to Adopt adopted Voice Vote,,,,,
SJR111,Reed,Regular Session 2022,04/07/2022,H,,Received in House of Representatives,,,,,
SJR111,Reed,Regular Session 2022,04/07/2022,H,,Jones (M) motion to Concur In and Adopt adopted Voice Vote,,,,,
SJR111,Reed,Regular Session 2022,04/07/2022,S,,Passed Second House,,,,,
SJR111,Reed,Regular Session 2022,04/07/2022,S,,Enrolled,,,,,
SJR111,Reed,Regular Session 2022,04/07/2022,H,,Signature Requested,,,,,
SJR111,Reed,Regular Session 2022,,S,,Assigned Act No. 2022-332.,,,,,
SJR112,Reed,Regular Session 2022,04/06/2022,S,,Introduced,,,,,
SJR112,Reed,Regular Session 2022,04/06/2022,S,,Reed motion to Adopt adopted Voice Vote,,,,,
SJR112,Reed,Regular Session 2022,04/07/2022,H,,Received in House of Representatives,,,,,
SJR112,Reed,Regular Session 2022,04/07/2022,H,,Jones (M) motion to Concur In and Adopt adopted Voice Vote,,,,,
SJR112,Reed,Regular Session 2022,04/07/2022,S,,Passed Second House,,,,,
SJR112,Reed,Regular Session 2022,04/07/2022,S,,Enrolled,,,,,
SJR112,Reed,Regular Session 2022,04/07/2022,H,,Signature Requested,,,,,
SJR112,Reed,Regular Session 2022,,S,,Assigned Act No. 2022-333.,,,,,
SJR113,Reed,Regular Session 2022,04/06/2022,S,,Introduced,,,,,
SJR113,Reed,Regular Session 2022,04/06/2022,S,,Reed motion to Adopt adopted Voice Vote,,,,,
SJR113,Reed,Regular Session 2022,04/07/2022,H,,Received in House of Representatives,,,,,
SJR113,Reed,Regular Session 2022,04/07/2022,H,,Jones (M) motion to Concur In and Adopt adopted Voice Vote,,,,,
SJR113,Reed,Regular Session 2022,04/07/2022,S,,Passed Second House,,,,,
SJR113,Reed,Regular Session 2022,04/07/2022,S,,Enrolled,,,,,
SJR113,Reed,Regular Session 2022,04/07/2022,H,,Signature Requested,,,,,
SJR113,Reed,Regular Session 2022,,S,,Assigned Act No. 2022-334.,,,,,
SJR114,Reed,Regular Session 2022,04/06/2022,S,,Introduced,,,,,
SJR114,Reed,Regular Session 2022,04/06/2022,S,,Reed motion to Adopt adopted Voice Vote,,,,,
SJR114,Reed,Regular Session 2022,04/07/2022,H,,Received in House of Representatives,,,,,
SJR114,Reed,Regular Session 2022,04/07/2022,H,,Jones (M) motion to Concur In and Adopt adopted Voice Vote,,,,,
SJR114,Reed,Regular Session 2022,04/07/2022,S,,Passed Second House,,,,,
SJR114,Reed,Regular Session 2022,04/07/2022,S,,Enrolled,,,,,
SJR114,Reed,Regular Session 2022,04/07/2022,H,,Signature Requested,,,,,
SJR114,Reed,Regular Session 2022,,S,,Assigned Act No. 2022-335.,,,,,
SJR115,Allen,Regular Session 2022,04/07/2022,S,,Introduced,,,,,
SJR115,Allen,Regular Session 2022,04/07/2022,S,,Allen motion to Adopt adopted Voice Vote,,,,,
SJR115,Allen,Regular Session 2022,04/07/2022,H,,Received in House of Representatives,,,,,
SJR115,Allen,Regular Session 2022,04/07/2022,H,,Jones (M) motion to Concur In and Adopt adopted Voice Vote,,,,,
SJR115,Allen,Regular Session 2022,04/07/2022,S,,Passed Second House,,,,,
SJR115,Allen,Regular Session 2022,04/07/2022,S,,Enrolled,,,,,
SJR115,Allen,Regular Session 2022,04/07/2022,H,,Signature Requested,,,,,
SJR115,Allen,Regular Session 2022,,S,,Assigned Act No. 2022-336.,,,,,
SR116,Rules,Regular Session 2022,04/07/2022,S,,Introduced,,,,,
SR116,Rules,Regular Session 2022,04/07/2022,S,,Waggoner motion to Adopt adopted Roll Call 1054,,,,,Roll 1054
SJR117,Orr,Regular Session 2022,04/07/2022,S,,Introduced,,,,,
SJR117,Orr,Regular Session 2022,04/07/2022,S,,Orr motion to Miscellaneous adopted Voice Vote,,,,,
SJR117,Orr,Regular Session 2022,04/07/2022,S,220009-1,Orr first Substitute Offered,,,,,
SJR117,Orr,Regular Session 2022,04/07/2022,S,,Orr motion to Adopt adopted Voice Vote,,,,,
SJR117,Orr,Regular Session 2022,04/07/2022,S,,Orr motion to Adopt adopted Voice Vote,,,,,
SJR117,Orr,Regular Session 2022,04/07/2022,S,,Engrossed,,,,,
SJR117,Orr,Regular Session 2022,04/07/2022,H,,Received in House of Representatives,,,,,
SJR117,Orr,Regular Session 2022,04/07/2022,H,,Garrett motion to Concur In and Adopt adopted Roll Call 979,,,,,Roll 979
SJR117,Orr,Regular Session 2022,04/07/2022,S,,Passed Second House,,,,,
SJR117,Orr,Regular Session 2022,04/07/2022,S,,Enrolled,,,,,
SJR117,Orr,Regular Session 2022,04/07/2022,H,,Signature Requested,,,,,
SJR117,Orr,Regular Session 2022,,S,,Assigned Act No. 2022-368.,,,,,
SJR117,Orr,Regular Session 2022,,,,,,,,,
SJR118,Sanders-Fortier,Regular Session 2022,04/07/2022,S,,Introduced,,,,,
SJR118,Sanders-Fortier,Regular Session 2022,04/07/2022,S,,Sanders-Fortier motion to Adopt adopted Voice Vote,,,,,
SJR118,Sanders-Fortier,Regular Session 2022,04/07/2022,H,,Received in House of Representatives and referred to the House of Representatives committee on Rules,RULES,,,,
