bill_id,sponsor,session,action_date,chamber,amd_sub,action,committee,nay,yea,abstain,vote_id
SB1,McClendon,Regular Session 2019,03/05/2019,S,,Read for the first time and referred to the Senate committee on Judiciary,JUDY,,,,
SB2,McClendon,Regular Session 2019,03/19/2019,S,,Read for the first time and referred to the Senate committee on Judiciary,JUDY,,,,
SB2,McClendon,Regular Session 2019,04/18/2019,S,,Read for the second time and placed on the calendar,,0,6,0,
SB2,McClendon,Regular Session 2019,,S,,Pending third reading on day 12 Favorable from Judiciary,,,,,
SB3,McClendon,Regular Session 2019,03/05/2019,S,,Read for the first time and referred to the Senate committee on Governmental Affairs,GA,,,,
SB3,McClendon,Regular Session 2019,03/19/2019,S,,Read for the second time and placed on the calendar,,1,8,1,
SB3,McClendon,Regular Session 2019,,S,,Pending third reading on day 3 Favorable from Governmental Affairs,,,,,
SB4,Allen,Regular Session 2019,03/05/2019,S,,Read for the first time and referred to the Senate committee on Judiciary,JUDY,,,,
SB4,Allen,Regular Session 2019,04/18/2019,S,,Rereferred to Committeeon Tourism,TM,,,,
SB5,Allen,Regular Session 2019,03/05/2019,S,,Read for the first time and referred to the Senate committee on Governmental Affairs,GA,,,,
SB5,Allen,Regular Session 2019,03/19/2019,S,,Read for the second time and placed on the calendar,,0,10,0,
SB5,Allen,Regular Session 2019,03/20/2019,S,,Third Reading Carried Over,,,,,
SB5,Allen,Regular Session 2019,03/20/2019,S,198064-1,Allen  Amendment Offered,,,,,
SB5,Allen,Regular Session 2019,03/20/2019,S,,Allen motion to Carry Over adopted Voice Vote,,,,,
SB5,Allen,Regular Session 2019,04/03/2019,S,,Third Reading Passed,,,,,
SB5,Allen,Regular Session 2019,04/03/2019,S,198064-1,Allen  Amendment Offered,,,,,
SB5,Allen,Regular Session 2019,04/03/2019,S,,Allen motion to Table adopted Voice Vote,,,,,
SB5,Allen,Regular Session 2019,04/03/2019,S,198476-1,Smitherman  Amendment Offered,,,,,
SB5,Allen,Regular Session 2019,04/03/2019,S,,Smitherman motion to Adopt adopted Roll Call 130,,,,,Roll 130
SB5,Allen,Regular Session 2019,04/03/2019,S,,Motion to Read a Third Time and Pass adopted Roll Call 131,,,,,Roll 131
SB5,Allen,Regular Session 2019,04/04/2019,S,,Engrossed,,,,,
SB5,Allen,Regular Session 2019,04/04/2019,H,,Read for the first time and referred to the House of Representatives committee on State Government,SG,,,,
SB5,Allen,Regular Session 2019,04/18/2019,H,,Read for the second time and placed on the calendar,,,,,
SB5,Allen,Regular Session 2019,,H,,Pending third reading on day 12 Favorable from State Government,,,,,
SB6,Allen,Regular Session 2019,03/05/2019,S,,Read for the first time and referred to the Senate committee on Judiciary,JUDY,,,,
SB6,Allen,Regular Session 2019,04/18/2019,S,,Read for the second time and placed on the calendar  1 amendment,,1,6,0,
SB6,Allen,Regular Session 2019,,S,,Pending third reading on day 12 Favorable from Judiciary with 1 amendment,,,,,
SB6,Allen,Regular Session 2019,,S,199419-2,Judiciary first Amendment Offered,,,,,
SB7,Melson,Regular Session 2019,03/05/2019,S,,Read for the first time and referred to the Senate committee on Judiciary,JUDY,,,,
SB7,Melson,Regular Session 2019,03/20/2019,S,,Read for the second time and placed on the calendar  1 amendment,,0,10,0,
SB7,Melson,Regular Session 2019,,S,198012-3,Judiciary first Amendment Offered,,,,,
SB7,Melson,Regular Session 2019,,S,,Pending third reading on day 4 Favorable from Judiciary with 1 amendment,,,,,
SB8,Coleman-Madison,Regular Session 2019,03/05/2019,S,,Read for the first time and referred to the Senate committee on Education Policy,ED,,,,
SB9,Coleman-Madison,Regular Session 2019,03/05/2019,S,,Read for the first time and referred to the Senate committee on Governmental Affairs,GA,,,,
SB10,Coleman-Madison,Regular Session 2019,03/05/2019,S,,Read for the first time and referred to the Senate committee on Judiciary,JUDY,,,,
SB10,Coleman-Madison,Regular Session 2019,04/03/2019,S,,Read for the second time and placed on the calendar with 1 substitute and,,0,9,0,
SB10,Coleman-Madison,Regular Session 2019,04/09/2019,S,,Third Reading Carried Over to Call of the Chair,,,,,
SB10,Coleman-Madison,Regular Session 2019,04/09/2019,S,198065-2,Judiciary first Substitute Offered,,,,,
SB10,Coleman-Madison,Regular Session 2019,04/09/2019,S,,Coleman-Madison motion to Adopt adopted Roll Call 196,,,,,Roll 196
SB10,Coleman-Madison,Regular Session 2019,04/09/2019,S,,Coleman-Madison motion to Carry Over to the Call of the Chair adopted Voice Vote,,,,,
SB10,Coleman-Madison,Regular Session 2019,04/16/2019,S,,Third Reading Passed,,,,,
SB10,Coleman-Madison,Regular Session 2019,04/16/2019,S,199067-1,Givhan  Amendment Offered,,,,,
SB10,Coleman-Madison,Regular Session 2019,04/16/2019,S,,Givhan motion to Adopt adopted Roll Call 247,,,,,Roll 247
SB10,Coleman-Madison,Regular Session 2019,04/16/2019,S,,Motion to Read a Third Time and Pass adopted Roll Call 248,,,,,Roll 248
SB10,Coleman-Madison,Regular Session 2019,04/18/2019,S,,Engrossed,,,,,
SB10,Coleman-Madison,Regular Session 2019,04/18/2019,H,,Read for the first time and referred to the House of Representatives committee on Judiciary,JUDY,,,,
SB11,Coleman-Madison,Regular Session 2019,03/05/2019,S,,Read for the first time and referred to the Senate committee on Judiciary,JUDY,,,,
SB11,Coleman-Madison,Regular Session 2019,03/20/2019,S,,Read for the second time and placed on the calendar  1 amendment,,2,8,0,
SB11,Coleman-Madison,Regular Session 2019,04/02/2019,S,,Third Reading Carried Over to Call of the Chair,,,,,
SB11,Coleman-Madison,Regular Session 2019,04/02/2019,S,197445-2,Judiciary  Amendment Offered,,,,,
SB11,Coleman-Madison,Regular Session 2019,04/02/2019,S,,Coleman-Madison motion to Adopt adopted Roll Call 75,,,,,Roll 75
SB11,Coleman-Madison,Regular Session 2019,04/02/2019,S,,Coleman-Madison motion to Carry Over to the Call of the Chair adopted Voice Vote,,,,,
SB11,Coleman-Madison,Regular Session 2019,04/02/2019,S,,Third Reading Passed,,,,,
SB11,Coleman-Madison,Regular Session 2019,04/02/2019,S,198536-1,Givhan  Amendment Offered,,,,,
SB11,Coleman-Madison,Regular Session 2019,04/02/2019,S,,Givhan motion to Adopt adopted Roll Call 79,,,,,Roll 79
SB11,Coleman-Madison,Regular Session 2019,04/02/2019,S,,Motion to Read a Third Time and Pass adopted Roll Call 80,,,,,Roll 80
SB11,Coleman-Madison,Regular Session 2019,04/03/2019,S,,Engrossed,,,,,
SB11,Coleman-Madison,Regular Session 2019,04/03/2019,H,,Read for the first time and referred to the House of Representatives committee on Judiciary,JUDY,,,,
SB11,Coleman-Madison,Regular Session 2019,04/25/2019,H,,Read for the second time and placed on the calendar with 1 substitute and,,,,,
SB11,Coleman-Madison,Regular Session 2019,,H,,Pending third reading on day 14 Favorable from Judiciary with 1 substitute,,,,,
SB11,Coleman-Madison,Regular Session 2019,,H,199253-3,Judiciary first Substitute Offered,,,,,
SB12,Williams,Regular Session 2019,03/05/2019,S,,"Read for the first time and referred to the Senate committee on Agriculture, Conservation and Forestry",AC&F,,,,
SB13,Melson,Regular Session 2019,03/05/2019,S,,Read for the first time and referred to the Senate committee on Judiciary,JUDY,,,,
SB13,Melson,Regular Session 2019,04/18/2019,S,,Read for the second time and placed on the calendar,,0,11,0,
SB13,Melson,Regular Session 2019,05/02/2019,S,,Third Reading Passed,,,,,
SB13,Melson,Regular Session 2019,05/02/2019,S,,Motion to Read a Third Time and Pass adopted Roll Call 558,,,,,Roll 558
SB13,Melson,Regular Session 2019,05/02/2019,H,,Read for the first time and referred to the House of Representatives committee on Judiciary,JUDY,,,,
SB14,Melson,Regular Session 2019,03/05/2019,S,,Read for the first time and referred to the Senate committee on Education Policy,ED,,,,
SB14,Melson,Regular Session 2019,03/20/2019,S,,Read for the second time and placed on the calendar  2 amendments,,0,10,,
SB14,Melson,Regular Session 2019,03/21/2019,S,,Third Reading Carried Over to Call of the Chair,,,,,
SB14,Melson,Regular Session 2019,03/21/2019,S,198119-1,Education Policy  Amendment Offered,,,,,
SB14,Melson,Regular Session 2019,03/21/2019,S,198123-1,Education Policy  Amendment Offered,,,,,
SB14,Melson,Regular Session 2019,03/21/2019,S,,Melson motion to Adopt adopted Roll Call 33,,,,,Roll 33
SB14,Melson,Regular Session 2019,03/21/2019,S,,Melson motion to Adopt adopted Roll Call 34,,,,,Roll 34
SB14,Melson,Regular Session 2019,03/21/2019,S,,Melson motion to Carry Over to the Call of the Chair adopted Voice Vote,,,,,
SB14,Melson,Regular Session 2019,04/02/2019,S,,Third Reading Passed,,,,,
SB14,Melson,Regular Session 2019,04/02/2019,S,198250-1,Smitherman  Amendment Offered,,,,,
SB14,Melson,Regular Session 2019,04/02/2019,S,,Smitherman motion to Adopt adopted Roll Call 90,,,,,Roll 90
SB14,Melson,Regular Session 2019,04/02/2019,S,,Motion to Read a Third Time and Pass adopted Roll Call 91,,,,,Roll 91
SB14,Melson,Regular Session 2019,04/03/2019,S,,Engrossed,,,,,
SB14,Melson,Regular Session 2019,04/03/2019,H,,Read for the first time and referred to the House of Representatives committee on Education Policy,EP,,,,
SB15,Whatley,Regular Session 2019,03/05/2019,S,,Read for the first time and referred to the Senate committee on Healthcare,HLTH,,,,
SB15,Whatley,Regular Session 2019,03/20/2019,S,,Read for the second time and placed on the calendar,,0,11,0,
SB15,Whatley,Regular Session 2019,04/03/2019,S,,Third Reading Passed,,,,,
SB15,Whatley,Regular Session 2019,04/03/2019,S,,Motion to Read a Third Time and Pass adopted Roll Call 123,,,,,Roll 123
SB15,Whatley,Regular Session 2019,04/03/2019,H,,Read for the first time and referred to the House of Representatives committee on Education Policy,EP,,,,
SB16,Ward,Regular Session 2019,03/05/2019,S,,Read for the first time and referred to the Senate committee on Judiciary,JUDY,,,,
SB17,Ward,Regular Session 2019,03/05/2019,S,,Read for the first time and referred to the Senate committee on Judiciary,JUDY,,,,
SB17,Ward,Regular Session 2019,03/20/2019,S,,Read for the second time and placed on the calendar  2 amendments,,1,9,0,
SB17,Ward,Regular Session 2019,05/02/2019,S,,Third Reading Passed,,,,,
SB17,Ward,Regular Session 2019,05/02/2019,S,197323-2,Judiciary  Amendment Offered,,,,,
SB17,Ward,Regular Session 2019,05/02/2019,S,198039-1,Judiciary  Amendment Offered,,,,,
SB17,Ward,Regular Session 2019,05/02/2019,S,,Ward motion to Adopt adopted Roll Call 560,,,,,Roll 560
SB17,Ward,Regular Session 2019,05/02/2019,S,,Ward motion to Adopt adopted Roll Call 561,,,,,Roll 561
SB17,Ward,Regular Session 2019,05/02/2019,S,,Motion to Read a Third Time and Pass adopted Roll Call 562,,,,,Roll 562
SB17,Ward,Regular Session 2019,05/02/2019,S,,Engrossed,,,,,
SB17,Ward,Regular Session 2019,05/02/2019,H,,Read for the first time and referred to the House of Representatives committee on Judiciary,JUDY,,,,
SB18,Allen,Regular Session 2019,03/05/2019,S,,Read for the first time and referred to the Senate committee on Local Legislation,LL1,,,,
SB19,Allen,Regular Session 2019,03/05/2019,S,,Read for the first time and referred to the Senate committee on Finance and Taxation General Fund,F&TG,,,,
SB20,Smitherman,Regular Session 2019,03/05/2019,S,,Read for the first time and referred to the Senate committee on Finance and Taxation Education,F&TE,,,,
SB21,Smitherman,Regular Session 2019,03/05/2019,S,,Read for the first time and referred to the Senate committee on Judiciary,JUDY,,,,
SB21,Smitherman,Regular Session 2019,04/11/2019,S,,Read for the second time and placed on the calendar,,0,11,0,
SB21,Smitherman,Regular Session 2019,,S,,Pending third reading on day 10 Favorable from Judiciary,,,,,
SB22,Marsh,Regular Session 2019,03/05/2019,S,,Read for the first time and referred to the Senate committee on Governmental Affairs,GA,,,,
SB22,Marsh,Regular Session 2019,03/19/2019,S,,Read for the second time and placed on the calendar,,2,8,,
SB22,Marsh,Regular Session 2019,03/20/2019,S,,Third Reading Carried Over,,,,,
SB22,Marsh,Regular Session 2019,03/20/2019,S,,Marsh motion to Carry Over adopted Voice Vote,,,,,
SB22,Marsh,Regular Session 2019,03/21/2019,S,,Third Reading Passed,,,,,
SB22,Marsh,Regular Session 2019,03/21/2019,S,198040-1,Marsh  Amendment Offered,,,,,
SB22,Marsh,Regular Session 2019,03/21/2019,S,,Rules Committee Petition to Cease Debate adopted Roll Call 51,,,,,Roll 51
SB22,Marsh,Regular Session 2019,03/21/2019,S,,Marsh motion to Adopt adopted Roll Call 52,,,,,Roll 52
SB22,Marsh,Regular Session 2019,03/21/2019,S,,Motion to Read a Third Time and Pass adopted Roll Call 53,,,,,Roll 53
SB22,Marsh,Regular Session 2019,03/21/2019,S,,Engrossed,,,,,
SB22,Marsh,Regular Session 2019,03/21/2019,H,,Read for the first time and referred to the House of Representatives committee on State Government,SG,,,,
SB22,Marsh,Regular Session 2019,04/11/2019,H,,Read for the second time and placed on the calendar,,4,8,0,
SB22,Marsh,Regular Session 2019,,H,,Pending third reading on day 10 Favorable from State Government,,,,,
SB23,Elliott,Regular Session 2019,03/05/2019,S,,Read for the first time and referred to the Senate committee on Governmental Affairs,GA,,,,
SB23,Elliott,Regular Session 2019,04/16/2019,S,,Reported from Governmental Affairs as Favorable with 1 substitute,,1,10,0,
SB23,Elliott,Regular Session 2019,04/18/2019,S,,Third Reading Passed,,,,,
SB23,Elliott,Regular Session 2019,04/18/2019,S,199288-2,Governmental Affairs first Substitute Offered,,,,,
SB23,Elliott,Regular Session 2019,04/18/2019,S,,Elliott motion to Adopt adopted Roll Call 334,,,,,Roll 334
SB23,Elliott,Regular Session 2019,04/18/2019,S,199329-2,Singleton  Amendment Offered,,,,,
SB23,Elliott,Regular Session 2019,04/18/2019,S,,Singleton motion to Adopt adopted Roll Call 335,,,,,Roll 335
SB23,Elliott,Regular Session 2019,04/18/2019,S,199599-1,Jones  Amendment Offered,,,,,
SB23,Elliott,Regular Session 2019,04/18/2019,S,,Jones motion to Adopt adopted Roll Call 336,,,,,Roll 336
SB23,Elliott,Regular Session 2019,04/18/2019,S,199584-1,Chambliss  Amendment Offered,,,,,
SB23,Elliott,Regular Session 2019,04/18/2019,S,,Chambliss motion to Adopt adopted Roll Call 337,,,,,Roll 337
SB23,Elliott,Regular Session 2019,04/18/2019,S,,Motion to Read a Third Time and Pass adopted Roll Call 338,,,,,Roll 338
SB23,Elliott,Regular Session 2019,04/23/2019,S,,Engrossed,,,,,
SB23,Elliott,Regular Session 2019,04/23/2019,H,,Read for the first time and referred to the House of Representatives committee on County and Municipal Government,C&MG,,,,
SB24,Scofield,Regular Session 2019,03/05/2019,S,,Read for the first time and referred to the Senate committee on Governmental Affairs,GA,,,,
SB24,Scofield,Regular Session 2019,04/02/2019,S,,Read for the second time and placed on the calendar,,0,10,0,
SB24,Scofield,Regular Session 2019,04/30/2019,S,,Third Reading Carried Over,,,,,
SB24,Scofield,Regular Session 2019,04/30/2019,S,,Scofield motion to Carry Over adopted Voice Vote,,,,,
SB24,Scofield,Regular Session 2019,,S,,Further Consideration,,,,,
SB25,McClendon,Regular Session 2019,03/05/2019,S,,Read for the first time and referred to the Senate committee on Healthcare,HLTH,,,,
SB26,Chambliss,Regular Session 2019,03/05/2019,S,,Read for the first time and referred to the Senate committee on Judiciary,JUDY,,,,
SB26,Chambliss,Regular Session 2019,04/03/2019,S,,Read for the second time and placed on the calendar  2 amendments,,0,12,0,
SB26,Chambliss,Regular Session 2019,04/04/2019,S,,Third Reading Passed,,,,,
SB26,Chambliss,Regular Session 2019,04/04/2019,S,198560-1,Judiciary  Amendment Offered,,,,,
SB26,Chambliss,Regular Session 2019,04/04/2019,S,198589-1,Judiciary  Amendment Offered,,,,,
SB26,Chambliss,Regular Session 2019,04/04/2019,S,,Chambliss motion to Adopt adopted Roll Call 152,,,,,Roll 152
SB26,Chambliss,Regular Session 2019,04/04/2019,S,,Chambliss motion to Adopt adopted Roll Call 153,,,,,Roll 153
SB26,Chambliss,Regular Session 2019,04/04/2019,S,,Motion to Read a Third Time and Pass adopted Roll Call 154,,,,,Roll 154
SB26,Chambliss,Regular Session 2019,04/04/2019,S,,Engrossed,,,,,
SB26,Chambliss,Regular Session 2019,04/04/2019,H,,Read for the first time and referred to the House of Representatives committee on Judiciary,JUDY,,,,
SB26,Chambliss,Regular Session 2019,05/02/2019,H,,Read for the second time and placed on the calendar  1 amendment,,,,,
SB26,Chambliss,Regular Session 2019,,H,,Pending third reading on day 16 Favorable from Judiciary with 1 amendment,,,,,
SB26,Chambliss,Regular Session 2019,,H,200405-1,Judiciary first Amendment Offered,,,,,
SB27,Price,Regular Session 2019,03/05/2019,S,,Read for the first time and referred to the Senate committee on Governmental Affairs,GA,,,,
SB27,Price,Regular Session 2019,04/02/2019,S,,Read for the second time and placed on the calendar,,2,9,0,
SB27,Price,Regular Session 2019,,S,,Pending third reading on day 6 Favorable from Governmental Affairs,,,,,
SB28,Ward,Regular Session 2019,03/05/2019,S,,Read for the first time and referred to the Senate committee on Judiciary,JUDY,,,,
SB29,Ward,Regular Session 2019,03/05/2019,S,,Read for the first time and referred to the Senate committee on Governmental Affairs,GA,,,,
SB29,Ward,Regular Session 2019,04/09/2019,S,,Read for the second time and placed on the calendar  1 amendment,,0,10,0,
SB29,Ward,Regular Session 2019,04/30/2019,S,,Third Reading Passed,,,,,
SB29,Ward,Regular Session 2019,04/30/2019,S,198927-2,Governmental Affairs  Amendment Offered,,,,,
SB29,Ward,Regular Session 2019,04/30/2019,S,,Ward motion to Adopt adopted Roll Call 456,,,,,Roll 456
SB29,Ward,Regular Session 2019,04/30/2019,S,,Motion to Read a Third Time and Pass adopted Roll Call 457,,,,,Roll 457
SB29,Ward,Regular Session 2019,04/30/2019,S,,Engrossed,,,,,
SB29,Ward,Regular Session 2019,04/30/2019,H,,Read for the first time and referred to the House of Representatives committee on County and Municipal Government,C&MG,,,,
SB30,Ward,Regular Session 2019,03/05/2019,S,,Read for the first time and referred to the Senate committee on Judiciary,JUDY,,,,
SB30,Ward,Regular Session 2019,03/20/2019,S,,Read for the second time and placed on the calendar  2 amendments,,0,10,0,
SB30,Ward,Regular Session 2019,03/21/2019,S,,Third Reading Passed,,,,,
SB30,Ward,Regular Session 2019,03/21/2019,S,197524-2,Judiciary  Amendment Offered,,,,,
SB30,Ward,Regular Session 2019,03/21/2019,S,197988-1,Judiciary  Amendment Offered,,,,,
SB30,Ward,Regular Session 2019,03/21/2019,S,,Ward motion to Adopt adopted Roll Call 46,,,,,Roll 46
SB30,Ward,Regular Session 2019,03/21/2019,S,,Ward motion to Adopt adopted Roll Call 47,,,,,Roll 47
SB30,Ward,Regular Session 2019,03/21/2019,S,198093-1,Whatley  Amendment Offered,,,,,
SB30,Ward,Regular Session 2019,03/21/2019,S,198093-1,Whatley  Amendment Offered,,,,,
SB30,Ward,Regular Session 2019,03/21/2019,S,198093-1,Whatley  Amendment Offered,,,,,
SB30,Ward,Regular Session 2019,03/21/2019,S,198093-1,Whatley  Amendment Offered,,,,,
SB30,Ward,Regular Session 2019,03/21/2019,S,,Whatley motion to Adopt adopted Roll Call 48,,,,,Roll 48
SB30,Ward,Regular Session 2019,03/21/2019,S,,Motion to Read a Third Time and Pass adopted Roll Call 49,,,,,Roll 49
SB30,Ward,Regular Session 2019,04/02/2019,S,,Third Reading Passed,,,,,
SB30,Ward,Regular Session 2019,04/02/2019,S,,Whatley motion to Reconsider adopted Voice Vote,,,,,
SB30,Ward,Regular Session 2019,04/02/2019,S,,Ward motion to,,,,,
SB30,Ward,Regular Session 2019,04/02/2019,S,,Ward motion to Table adopted Voice Vote,,,,,
SB30,Ward,Regular Session 2019,04/02/2019,S,198366-1,Whatley  Amendment Offered,,,,,
SB30,Ward,Regular Session 2019,04/02/2019,S,,Ward motion to Adopt adopted Roll Call 64,,,,,Roll 64
SB30,Ward,Regular Session 2019,04/02/2019,S,,Motion to Read a Third Time and Pass adopted Roll Call 65,,,,,Roll 65
SB30,Ward,Regular Session 2019,04/02/2019,H,,Read for the first time and referred to the House of Representatives committee on Judiciary,JUDY,,,,
SB30,Ward,Regular Session 2019,04/02/2019,S,,Engrossed,,,,,
SB30,Ward,Regular Session 2019,05/02/2019,H,,Read for the second time and placed on the calendar  1 amendment,,,,,
SB30,Ward,Regular Session 2019,,H,,Pending third reading on day 16 Favorable from Judiciary with 1 amendment,,,,,
SB30,Ward,Regular Session 2019,,H,199041-2,Judiciary first Amendment Offered,,,,,
SB31,Ward,Regular Session 2019,03/05/2019,S,,Read for the first time and referred to the Senate committee on Judiciary,JUDY,,,,
SB31,Ward,Regular Session 2019,03/20/2019,S,,Read for the second time and placed on the calendar  1 amendment,,0,10,0,
SB31,Ward,Regular Session 2019,,S,198007-1,Judiciary first Amendment Offered,,,,,
SB31,Ward,Regular Session 2019,,S,,Pending third reading on day 4 Favorable from Judiciary with 1 amendment,,,,,
SB32,Ward,Regular Session 2019,03/05/2019,S,,Read for the first time and referred to the Senate committee on Judiciary,JUDY,,,,
SB32,Ward,Regular Session 2019,04/18/2019,S,,Read for the second time and placed on the calendar  2 amendments,,0,12,0,
SB32,Ward,Regular Session 2019,,S,199472-1,Judiciary second Amendment Offered,,,,,
SB32,Ward,Regular Session 2019,,S,198243-1,Judiciary first Amendment Offered,,,,,
SB32,Ward,Regular Session 2019,,S,,Pending third reading on day 12 Favorable from Judiciary with 2 amendments,,,,,
SB33,Shelnutt,Regular Session 2019,03/05/2019,S,,Read for the first time and referred to the Senate committee on Banking and Insurance,B&I,,,,
SB33,Shelnutt,Regular Session 2019,03/20/2019,S,,Read for the second time and placed on the calendar  1 amendment,,0,9,,
SB33,Shelnutt,Regular Session 2019,04/02/2019,S,,Third Reading Passed,,,,,
SB33,Shelnutt,Regular Session 2019,04/02/2019,S,198146-1,Banking and Insurance  Amendment Offered,,,,,
SB33,Shelnutt,Regular Session 2019,04/02/2019,S,,Waggoner motion to Adopt adopted Roll Call 82,,,,,Roll 82
SB33,Shelnutt,Regular Session 2019,04/02/2019,S,,Motion to Read a Third Time and Pass adopted Roll Call 83,,,,,Roll 83
SB33,Shelnutt,Regular Session 2019,04/03/2019,S,,Engrossed,,,,,
SB33,Shelnutt,Regular Session 2019,04/03/2019,H,,Read for the first time and referred to the House of Representatives committee on Financial Services,FS,,,,
SB33,Shelnutt,Regular Session 2019,04/11/2019,H,,Read for the second time and placed on the calendar,,,,,
SB33,Shelnutt,Regular Session 2019,05/02/2019,H,,Third Reading Passed,,,,,
SB33,Shelnutt,Regular Session 2019,05/02/2019,H,,Motion to Read a Third Time and Pass adopted Roll Call 467,,,,,Roll 467
SB33,Shelnutt,Regular Session 2019,05/02/2019,S,,Passed Second House,,,,,
SB33,Shelnutt,Regular Session 2019,05/02/2019,H,,Signature Requested,,,,,
SB33,Shelnutt,Regular Session 2019,05/02/2019,S,,Enrolled,,,,,
SB33,Shelnutt,Regular Session 2019,,S,,"Delivered to Governor at 12:39 p.m. on May 2, 2019",,,,,
SB34,Chambliss,Regular Session 2019,03/05/2019,S,,Read for the first time and referred to the Senate committee on Judiciary,JUDY,,,,
SB34,Chambliss,Regular Session 2019,04/11/2019,S,,Read for the second time and placed on the calendar,,0,9,0,
SB34,Chambliss,Regular Session 2019,04/18/2019,S,,Third Reading Carried Over to Call of the Chair,,,,,
SB34,Chambliss,Regular Session 2019,04/18/2019,S,,Chambliss motion to Carry Over to the Call of the Chair adopted Voice Vote,,,,,
SB34,Chambliss,Regular Session 2019,04/25/2019,S,,Third Reading Passed,,,,,
SB34,Chambliss,Regular Session 2019,04/25/2019,S,200102-1,Chambliss first Substitute Offered,,,,,
SB34,Chambliss,Regular Session 2019,04/25/2019,S,,Chambliss motion to Adopt adopted Roll Call 411,,,,,Roll 411
SB34,Chambliss,Regular Session 2019,04/25/2019,S,,Motion to Read a Third Time and Pass adopted Roll Call 412,,,,,Roll 412
SB34,Chambliss,Regular Session 2019,04/30/2019,S,,Engrossed,,,,,
SB34,Chambliss,Regular Session 2019,04/30/2019,H,,Read for the first time and referred to the House of Representatives committee on Children and Senior Advocacy,C&SA,,,,
SB34,Chambliss,Regular Session 2019,05/08/2019,H,,Read for the second time and placed on the calendar,,,,,
SB34,Chambliss,Regular Session 2019,,H,,Pending third reading on day 18 Favorable from Children and Senior Advocacy,,,,,
SB35,Chambliss,Regular Session 2019,03/05/2019,S,,Read for the first time and referred to the Senate committee on Transportation and Energy,T&E,,,,
SB36,Elliott,Regular Session 2019,03/05/2019,S,,Read for the first time and referred to the Senate committee on Judiciary,JUDY,,,,
SB36,Elliott,Regular Session 2019,05/02/2019,S,,Read for the second time and placed on the calendar  1 amendment,,2,7,0,
SB36,Elliott,Regular Session 2019,,S,,Pending third reading on day 16 Favorable from Judiciary with 1 amendment,,,,,
SB36,Elliott,Regular Session 2019,,S,200353-1,Judiciary first Amendment Offered,,,,,
SB37,Reed,Regular Session 2019,03/05/2019,S,,Read for the first time and referred to the Senate committee on Healthcare,HLTH,,,,
SB37,Reed,Regular Session 2019,03/20/2019,S,,Read for the second time and placed on the calendar,,0,11,0,
SB37,Reed,Regular Session 2019,03/21/2019,S,,Third Reading Adopted,,,,,
SB37,Reed,Regular Session 2019,03/21/2019,S,,Motion to Adopt adopted Roll Call 42,,,,,Roll 42
SB37,Reed,Regular Session 2019,03/21/2019,H,,Read for the first time and referred to the House of Representatives committee on Health,HLTH,,,,
SB37,Reed,Regular Session 2019,04/11/2019,H,,Read for the second time and placed on the calendar,,,,,
SB37,Reed,Regular Session 2019,,H,,Pending third reading on day 10 Favorable from Health,,,,,
SB38,Reed,Regular Session 2019,03/05/2019,S,,Read for the first time and referred to the Senate committee on Healthcare,HLTH,,,,
SB38,Reed,Regular Session 2019,03/20/2019,S,,Read for the second time and placed on the calendar  2 amendments,,0,11,,
SB38,Reed,Regular Session 2019,04/02/2019,S,,Third Reading Passed,,,,,
SB38,Reed,Regular Session 2019,04/02/2019,S,198041-2,Healthcare  Amendment Offered,,,,,
SB38,Reed,Regular Session 2019,04/02/2019,S,197945-2,Healthcare  Amendment Offered,,,,,
SB38,Reed,Regular Session 2019,04/02/2019,S,,Reed motion to Adopt adopted Roll Call 68,,,,,Roll 68
SB38,Reed,Regular Session 2019,04/02/2019,S,,Reed motion to Adopt adopted Roll Call 69,,,,,Roll 69
SB38,Reed,Regular Session 2019,04/02/2019,S,,Motion to Read a Third Time and Pass adopted Roll Call 70,,,,,Roll 70
SB38,Reed,Regular Session 2019,04/03/2019,S,,Engrossed,,,,,
SB38,Reed,Regular Session 2019,04/03/2019,H,,Read for the first time and referred to the House of Representatives committee on Health,HLTH,,,,
SB38,Reed,Regular Session 2019,04/11/2019,H,,Read for the second time and placed on the calendar,,,,,
SB38,Reed,Regular Session 2019,04/25/2019,H,,Third Reading Passed,,,,,
SB38,Reed,Regular Session 2019,04/25/2019,H,,Motion to Read a Third Time and Pass adopted Roll Call 379,,,,,Roll 379
SB38,Reed,Regular Session 2019,04/25/2019,H,,"Rafferty intended to vote ""Yea""",,,,,
SB38,Reed,Regular Session 2019,04/25/2019,S,,Passed Second House,,,,,
SB38,Reed,Regular Session 2019,04/30/2019,S,,Enrolled,,,,,
SB38,Reed,Regular Session 2019,04/30/2019,H,,Signature Requested,,,,,
SB38,Reed,Regular Session 2019,,S,,Assigned Act No. 2019-102.,,,,,
SB39,Beasley,Regular Session 2019,03/05/2019,S,,Read for the first time and referred to the Senate committee on Healthcare,HLTH,,,,
SB40,Jones,Regular Session 2019,03/05/2019,S,,Read for the first time and referred to the Senate committee on Local Legislation,LL1,,,,
SB40,Jones,Regular Session 2019,04/02/2019,S,,Read for the second time and placed on the calendar,,,,,
SB40,Jones,Regular Session 2019,04/03/2019,S,,Third Reading Passed,,,,,
SB40,Jones,Regular Session 2019,04/03/2019,S,,Motion to Read a Third Time and Pass adopted Roll Call 109,,,,,Roll 109
SB40,Jones,Regular Session 2019,04/03/2019,H,,Read for the first time and referred to the House of Representatives committee on Local Legislation,LL,,,,
SB40,Jones,Regular Session 2019,04/09/2019,H,,Read for the second time and placed on the calendar,,,,,
SB40,Jones,Regular Session 2019,,H,,Pending third reading on day 9 Favorable from Local Legislation,,,,,
SB41,Ward,Regular Session 2019,03/05/2019,S,,Read for the first time and referred to the Senate committee on Judiciary,JUDY,,,,
SB41,Ward,Regular Session 2019,03/20/2019,S,,Read for the second time and placed on the calendar  1 amendment,,0,8,0,
SB41,Ward,Regular Session 2019,03/21/2019,S,,Engrossed,,,,,
SB41,Ward,Regular Session 2019,03/21/2019,S,,Third Reading Passed,,,,,
SB41,Ward,Regular Session 2019,03/21/2019,S,198071-1,Judiciary  Amendment Offered,,,,,
SB41,Ward,Regular Session 2019,03/21/2019,H,,Read for the first time and referred to the House of Representatives committee on Judiciary,JUDY,,,,
SB41,Ward,Regular Session 2019,04/18/2019,H,,Read for the second time and placed on the calendar  2 amendments,,,,,
SB41,Ward,Regular Session 2019,03/21/2019,S,,Ward motion to Adopt adopted Roll Call 39,,,,,Roll 39
SB41,Ward,Regular Session 2019,03/21/2019,S,,Motion to Read a Third Time and Pass adopted Roll Call 40,,,,,Roll 40
SB41,Ward,Regular Session 2019,,H,,Pending third reading on day 12 Favorable from Judiciary with 2 amendments,,,,,
SB41,Ward,Regular Session 2019,,H,199351-3,Judiciary second Amendment Offered,,,,,
SB41,Ward,Regular Session 2019,,H,198885-1,Judiciary first Amendment Offered,,,,,
SB42,Ward,Regular Session 2019,03/05/2019,S,,Read for the first time and referred to the Senate committee on Judiciary,JUDY,,,,
SB42,Ward,Regular Session 2019,04/11/2019,S,,Read for the second time and placed on the calendar  with 1 substitute and 1 amendment,,3,8,0,
SB42,Ward,Regular Session 2019,,S,,Pending third reading on day 10 Favorable from Judiciary with 1 substitute and 1 amendment,,,,,
SB42,Ward,Regular Session 2019,,S,198769-2,Judiciary first Substitute Offered,,,,,
SB42,Ward,Regular Session 2019,,S,199059-1,Judiciary first Amendment Offered,,,,,
SB43,Chambliss,Regular Session 2019,03/05/2019,S,,Read for the first time and referred to the Senate committee on Local Legislation,LL1,,,,
SB43,Chambliss,Regular Session 2019,04/02/2019,S,,Read for the second time and placed on the calendar,,,,,
SB43,Chambliss,Regular Session 2019,04/03/2019,S,,Third Reading Passed,,,,,
SB43,Chambliss,Regular Session 2019,04/03/2019,S,,Motion to Read a Third Time and Pass adopted Roll Call 107,,,,,Roll 107
SB43,Chambliss,Regular Session 2019,04/03/2019,H,,Read for the first time and referred to the House of Representatives committee on Local Legislation,LL,,,,
SB43,Chambliss,Regular Session 2019,05/08/2019,H,,Read for the second time and placed on the calendar,,,,,
SB43,Chambliss,Regular Session 2019,,H,,Pending third reading on day 18 Favorable from Local Legislation,,,,,
SB44,Chambliss,Regular Session 2019,03/05/2019,S,,Read for the first time and referred to the Senate committee on Governmental Affairs,GA,,,,
SB44,Chambliss,Regular Session 2019,04/02/2019,S,,Read for the second time and placed on the calendar,,0,10,1,
SB44,Chambliss,Regular Session 2019,,S,,Pending third reading on day 6 Favorable from Governmental Affairs,,,,,
SB45,Roberts,Regular Session 2019,03/05/2019,S,,Read for the first time and referred to the Senate committee on Judiciary,JUDY,,,,
SB45,Roberts,Regular Session 2019,04/18/2019,S,,Read for the second time and placed on the calendar with 1 substitute and,,0,7,0,
SB45,Roberts,Regular Session 2019,04/30/2019,S,,Third Reading Passed,,,,,
SB45,Roberts,Regular Session 2019,04/30/2019,S,199427-5,Judiciary first Substitute Offered,,,,,
SB45,Roberts,Regular Session 2019,04/30/2019,S,,Roberts motion to Adopt adopted Roll Call 423,,,,,Roll 423
SB45,Roberts,Regular Session 2019,04/30/2019,S,199572-1,Roberts  Amendment Offered,,,,,
SB45,Roberts,Regular Session 2019,04/30/2019,S,,Roberts motion to Adopt adopted Roll Call 424,,,,,Roll 424
SB45,Roberts,Regular Session 2019,04/30/2019,S,,Motion to Read a Third Time and Pass adopted Roll Call 425,,,,,Roll 425
SB45,Roberts,Regular Session 2019,04/30/2019,S,,Engrossed,,,,,
SB45,Roberts,Regular Session 2019,04/30/2019,H,,Read for the first time and referred to the House of Representatives committee on Commerce and Small Business,C&SB,,,,
SB45,Roberts,Regular Session 2019,05/07/2019,H,,Read for the second time and placed on the calendar,,,,,
SB45,Roberts,Regular Session 2019,,H,,Pending third reading on day 17 Favorable from Commerce and Small Business,,,,,
SB46,Holley,Regular Session 2019,03/05/2019,S,,"Read for the first time and referred to the Senate committee on Agriculture, Conservation and Forestry",AC&F,,,,
SB47,Allen,Regular Session 2019,03/05/2019,S,,Read for the first time and referred to the Senate committee on Transportation and Energy,T&E,,,,
SB47,Allen,Regular Session 2019,05/07/2019,S,,Read for the second time and placed on the calendar  with 1 substitute and 3 amendments,,0,10,0,
SB47,Allen,Regular Session 2019,,S,,Pending third reading on day 17 Favorable from Transportation and Energy with 1 substitute and 3 amendments,,,,,
SB47,Allen,Regular Session 2019,,S,200655-3,Transportation and Energy third Amendment Offered,,,,,
SB47,Allen,Regular Session 2019,,S,200574-3,Transportation and Energy first Substitute Offered,,,,,
SB47,Allen,Regular Session 2019,,S,200632-4,Transportation and Energy first Amendment Offered,,,,,
SB47,Allen,Regular Session 2019,,S,200664-2,Transportation and Energy second Amendment Offered,,,,,
SB48,Jones,Regular Session 2019,03/05/2019,S,,Read for the first time and referred to the Senate committee on Healthcare,HLTH,,,,
SB48,Jones,Regular Session 2019,05/08/2019,S,,Read for the second time and placed on the calendar with 1 substitute and,,5,6,1,
SB48,Jones,Regular Session 2019,,S,,Pending third reading on day 18 Favorable from Healthcare with 1 substitute,,,,,
SB48,Jones,Regular Session 2019,,S,200534-2,Healthcare first Substitute Offered,,,,,
SB49,Beasley,Regular Session 2019,03/05/2019,S,,Read for the first time and referred to the Senate committee on Local Legislation,LL1,,,,
SB49,Beasley,Regular Session 2019,04/03/2019,S,,Read for the second time and placed on the calendar,,,,,
SB49,Beasley,Regular Session 2019,04/04/2019,S,,Third Reading Passed,,,,,
SB49,Beasley,Regular Session 2019,04/04/2019,S,,Motion to Read a Third Time and Pass adopted Roll Call 143,,,,,Roll 143
SB49,Beasley,Regular Session 2019,04/04/2019,H,,Read for the first time and referred to the House of Representatives committee on Local Legislation,LL,,,,
SB49,Beasley,Regular Session 2019,04/09/2019,H,,Read for the second time and placed on the calendar,,,,,
SB49,Beasley,Regular Session 2019,,H,,Pending third reading on day 9 Favorable from Local Legislation,,,,,
SB50,Beasley,Regular Session 2019,03/05/2019,S,,Read for the first time and referred to the Senate committee on Local Legislation,LL1,,,,
SB50,Beasley,Regular Session 2019,04/03/2019,S,,Read for the second time and placed on the calendar,,,,,
SB50,Beasley,Regular Session 2019,04/04/2019,S,,Third Reading Passed,,,,,
SB50,Beasley,Regular Session 2019,04/04/2019,S,,Motion to Read a Third Time and Pass adopted Roll Call 139,,,,,Roll 139
SB50,Beasley,Regular Session 2019,04/04/2019,H,,Read for the first time and referred to the House of Representatives committee on Local Legislation,LL,,,,
SB50,Beasley,Regular Session 2019,04/09/2019,H,,Read for the second time and placed on the calendar,,,,,
SB50,Beasley,Regular Session 2019,,H,,Pending third reading on day 9 Favorable from Local Legislation,,,,,
SB51,Beasley,Regular Session 2019,03/05/2019,S,,Read for the first time and referred to the Senate committee on Local Legislation,LL1,,,,
SB51,Beasley,Regular Session 2019,04/03/2019,S,,Read for the second time and placed on the calendar,,,,,
SB51,Beasley,Regular Session 2019,04/04/2019,S,,Third Reading Passed,,,,,
SB51,Beasley,Regular Session 2019,04/04/2019,S,,Motion to Read a Third Time and Pass adopted Roll Call 141,,,,,Roll 141
SB51,Beasley,Regular Session 2019,04/04/2019,H,,Read for the first time and referred to the House of Representatives committee on Local Legislation,LL,,,,
SB51,Beasley,Regular Session 2019,04/09/2019,H,,Read for the second time and placed on the calendar,,,,,
SB51,Beasley,Regular Session 2019,,H,,Pending third reading on day 9 Favorable from Local Legislation,,,,,
SB52,Shelnutt,Regular Session 2019,03/05/2019,S,,Read for the first time and referred to the Senate committee on Banking and Insurance,B&I,,,,
SB52,Shelnutt,Regular Session 2019,03/20/2019,S,,Read for the second time and placed on the calendar,,0,14,,
SB52,Shelnutt,Regular Session 2019,04/02/2019,S,,Third Reading Passed,,,,,
SB52,Shelnutt,Regular Session 2019,04/02/2019,S,,Motion to Read a Third Time and Pass adopted Roll Call 89,,,,,Roll 89
SB52,Shelnutt,Regular Session 2019,04/02/2019,H,,Read for the first time and referred to the House of Representatives committee on Insurance,INS,,,,
SB52,Shelnutt,Regular Session 2019,04/11/2019,H,,Read for the second time and placed on the calendar,,,,,
SB52,Shelnutt,Regular Session 2019,04/23/2019,H,,Third Reading Passed,,,,,
SB52,Shelnutt,Regular Session 2019,04/23/2019,H,,Motion to Read a Third Time and Pass adopted Roll Call 335,,,,,Roll 335
SB52,Shelnutt,Regular Session 2019,04/23/2019,S,,Passed Second House,,,,,
SB52,Shelnutt,Regular Session 2019,04/25/2019,S,,Enrolled,,,,,
SB52,Shelnutt,Regular Session 2019,04/25/2019,H,,Signature Requested,,,,,
SB52,Shelnutt,Regular Session 2019,,S,,Assigned Act No. 2019-97.,,,,,
SB53,Ward,Regular Session 2019,03/05/2019,S,,Read for the first time and referred to the Senate committee on Fiscal Responsibility and Economic Development,FRED,,,,
SB54,Shelnutt,Regular Session 2019,03/05/2019,S,,Read for the first time and referred to the Senate committee on Banking and Insurance,B&I,,,,
SB54,Shelnutt,Regular Session 2019,03/20/2019,S,,Read for the second time and placed on the calendar  1 amendment,,0,14,,
SB54,Shelnutt,Regular Session 2019,04/02/2019,S,,Third Reading Passed,,,,,
SB54,Shelnutt,Regular Session 2019,04/02/2019,S,198004-2,Banking and Insurance  Amendment Offered,,,,,
SB54,Shelnutt,Regular Session 2019,04/02/2019,S,,Waggoner motion to Adopt adopted Roll Call 85,,,,,Roll 85
SB54,Shelnutt,Regular Session 2019,04/02/2019,S,198256-1,Waggoner  Amendment Offered,,,,,
SB54,Shelnutt,Regular Session 2019,04/02/2019,S,,Waggoner motion to Adopt adopted Roll Call 86,,,,,Roll 86
SB54,Shelnutt,Regular Session 2019,04/02/2019,S,,Motion to Read a Third Time and Pass adopted Roll Call 87,,,,,Roll 87
SB54,Shelnutt,Regular Session 2019,04/03/2019,S,,Engrossed,,,,,
SB54,Shelnutt,Regular Session 2019,04/03/2019,H,,Read for the first time and referred to the House of Representatives committee on Technology and Research,T&R,,,,
SB54,Shelnutt,Regular Session 2019,04/18/2019,H,,Read for the second time and placed on the calendar,,,,,
SB54,Shelnutt,Regular Session 2019,04/23/2019,H,,Third Reading Passed,,,,,
SB54,Shelnutt,Regular Session 2019,04/23/2019,H,,Motion to Read a Third Time and Pass adopted Roll Call 337,,,,,Roll 337
SB54,Shelnutt,Regular Session 2019,04/23/2019,S,,Passed Second House,,,,,
SB54,Shelnutt,Regular Session 2019,04/25/2019,S,,Enrolled,,,,,
SB54,Shelnutt,Regular Session 2019,04/25/2019,H,,Signature Requested,,,,,
SB54,Shelnutt,Regular Session 2019,,S,198004-2,Banking and Insurance first Amendment Offered,,,,,
SB54,Shelnutt,Regular Session 2019,,S,,Assigned Act No. 2019-98.,,,,,
SB55,Williams,Regular Session 2019,03/05/2019,S,,Read for the first time and referred to the Senate committee on Banking and Insurance,B&I,,,,
SB55,Williams,Regular Session 2019,04/16/2019,S,,Read for the second time and placed on the calendar,,0,13,,
SB55,Williams,Regular Session 2019,,S,,Pending third reading on day 11 Favorable from Banking and Insurance,,,,,
SB56,Livingston,Regular Session 2019,03/05/2019,S,,Read for the first time and referred to the Senate committee on Local Legislation,LL1,,,,
SB56,Livingston,Regular Session 2019,04/02/2019,S,,Read for the second time and placed on the calendar,,,,,
SB56,Livingston,Regular Session 2019,04/03/2019,S,,Third Reading Passed,,,,,
SB56,Livingston,Regular Session 2019,04/03/2019,S,198660-1,Livingston  Amendment Offered,,,,,
SB56,Livingston,Regular Session 2019,04/03/2019,S,,Livingston motion to Adopt adopted Roll Call 113,,,,,Roll 113
SB56,Livingston,Regular Session 2019,04/03/2019,S,,Motion to Read a Third Time and Pass adopted Roll Call 114,,,,,Roll 114
SB56,Livingston,Regular Session 2019,04/04/2019,S,,Engrossed,,,,,
SB56,Livingston,Regular Session 2019,04/04/2019,H,,Read for the first time and referred to the House of Representatives committee on Local Legislation,LL,,,,
SB56,Livingston,Regular Session 2019,04/09/2019,H,,Read for the second time and placed on the calendar,,,,,
SB56,Livingston,Regular Session 2019,,H,,Pending third reading on day 9 Favorable from Local Legislation,,,,,
SB57,Ward,Regular Session 2019,03/05/2019,S,,Read for the first time and referred to the Senate committee on Governmental Affairs,GA,,,,
SB57,Ward,Regular Session 2019,04/09/2019,S,,Read for the second time and placed on the calendar,,0,10,0,
SB57,Ward,Regular Session 2019,04/16/2019,S,,Third Reading Passed,,,,,
SB57,Ward,Regular Session 2019,04/16/2019,S,,Motion to Read a Third Time and Pass adopted Roll Call 264,,,,,Roll 264
SB57,Ward,Regular Session 2019,04/18/2019,H,,Read for the first time and referred to the House of Representatives committee on State Government,SG,,,,
SB57,Ward,Regular Session 2019,05/07/2019,H,,Read for the second time and placed on the calendar,,,,,
SB57,Ward,Regular Session 2019,,H,,Pending third reading on day 17 Favorable from State Government,,,,,
SB58,Livingston,Regular Session 2019,03/05/2019,S,,Read for the first time and referred to the Senate committee on Local Legislation,LL1,,,,
SB58,Livingston,Regular Session 2019,04/02/2019,S,,Read for the second time and placed on the calendar,,,,,
SB58,Livingston,Regular Session 2019,04/03/2019,S,,Third Reading Passed,,,,,
SB58,Livingston,Regular Session 2019,04/03/2019,S,,Motion to Read a Third Time and Pass adopted Roll Call 116,,,,,Roll 116
SB58,Livingston,Regular Session 2019,04/03/2019,H,,Read for the first time and referred to the House of Representatives committee on Local Legislation,LL,,,,
SB58,Livingston,Regular Session 2019,04/04/2019,H,,Read for the second time and placed on the calendar,,,,,
SB58,Livingston,Regular Session 2019,04/09/2019,H,,Third Reading Passed,,,,,
SB58,Livingston,Regular Session 2019,04/09/2019,H,,Motion to Read a Third Time and Pass adopted Roll Call 140,,,,,Roll 140
SB58,Livingston,Regular Session 2019,04/09/2019,S,,Passed Second House,,,,,
SB58,Livingston,Regular Session 2019,04/09/2019,S,,Enrolled,,,,,
SB58,Livingston,Regular Session 2019,04/09/2019,H,,Signature Requested,,,,,
SB58,Livingston,Regular Session 2019,,S,,Assigned Act No. 2019-34.,,,,,
SB59,Coleman-Madison,Regular Session 2019,03/05/2019,S,,Read for the first time and referred to the Senate committee on Healthcare,HLTH,,,,
SB59,Coleman-Madison,Regular Session 2019,03/20/2019,S,,Read for the second time and placed on the calendar  1 amendment,,1,10,,
SB59,Coleman-Madison,Regular Session 2019,03/21/2019,S,,Engrossed,,,,,
SB59,Coleman-Madison,Regular Session 2019,03/21/2019,S,,Third Reading Passed,,,,,
SB59,Coleman-Madison,Regular Session 2019,03/21/2019,S,197695-2,Healthcare  Amendment Offered,,,,,
SB59,Coleman-Madison,Regular Session 2019,03/21/2019,H,,Read for the first time and referred to the House of Representatives committee on Health,HLTH,,,,
SB59,Coleman-Madison,Regular Session 2019,05/02/2019,H,,Read for the second time and placed on the calendar,,,,,
SB59,Coleman-Madison,Regular Session 2019,03/21/2019,S,,Coleman-Madison motion to Adopt adopted Roll Call 36,,,,,Roll 36
SB59,Coleman-Madison,Regular Session 2019,03/21/2019,S,,Motion to Read a Third Time and Pass adopted Roll Call 37,,,,,Roll 37
SB59,Coleman-Madison,Regular Session 2019,,H,,Pending third reading on day 16 Favorable from Health,,,,,
SB60,Ward,Regular Session 2019,03/05/2019,S,,Read for the first time and referred to the Senate committee on Education Policy,ED,,,,
SB60,Ward,Regular Session 2019,03/20/2019,S,,Read for the second time and placed on the calendar  1 amendment,,0,9,,
SB60,Ward,Regular Session 2019,04/09/2019,S,,Third Reading Passed,,,,,
SB60,Ward,Regular Session 2019,04/09/2019,S,198079-2,Education Policy  Amendment Offered,,,,,
SB60,Ward,Regular Session 2019,04/09/2019,S,,Ward motion to Adopt adopted Roll Call 191,,,,,Roll 191
SB60,Ward,Regular Session 2019,04/09/2019,S,,Motion to Read a Third Time and Pass adopted Roll Call 192,,,,,Roll 192
SB60,Ward,Regular Session 2019,04/11/2019,S,,Engrossed,,,,,
SB60,Ward,Regular Session 2019,04/11/2019,H,,Read for the first time and referred to the House of Representatives committee on Public Safety and Homeland Security,PS&HS,,,,
SB60,Ward,Regular Session 2019,04/18/2019,H,,Read for the second time and placed on the calendar,,,,,
SB60,Ward,Regular Session 2019,,H,,Pending third reading on day 12 Favorable from Public Safety and Homeland Security,,,,,
SB61,Marsh,Regular Session 2019,03/05/2019,S,,Read for the first time and referred to the Senate committee on Judiciary,JUDY,,,,
SB62,Smitherman,Regular Session 2019,03/05/2019,S,,Read for the first time and referred to the Senate committee on Banking and Insurance,B&I,,,,
SB62,Smitherman,Regular Session 2019,03/20/2019,S,,Read for the second time and placed on the calendar,,0,14,,
SB62,Smitherman,Regular Session 2019,03/21/2019,S,,Third Reading Passed,,,,,
SB62,Smitherman,Regular Session 2019,03/21/2019,S,,Motion to Read a Third Time and Pass adopted Roll Call 44,,,,,Roll 44
SB62,Smitherman,Regular Session 2019,03/21/2019,H,,Read for the first time and referred to the House of Representatives committee on Insurance,INS,,,,
SB62,Smitherman,Regular Session 2019,04/03/2019,H,,Read for the second time and placed on the calendar,,,,,
SB62,Smitherman,Regular Session 2019,04/23/2019,H,,Third Reading Passed,,,,,
SB62,Smitherman,Regular Session 2019,04/23/2019,H,,Motion to Read a Third Time and Pass adopted Roll Call 339,,,,,Roll 339
SB62,Smitherman,Regular Session 2019,04/23/2019,S,,Passed Second House,,,,,
SB62,Smitherman,Regular Session 2019,04/25/2019,S,,Enrolled,,,,,
SB62,Smitherman,Regular Session 2019,04/25/2019,H,,Signature Requested,,,,,
SB62,Smitherman,Regular Session 2019,,S,,Assigned Act No. 2019-99.,,,,,
SB63,McClendon,Regular Session 2019,03/05/2019,S,,Read for the first time and referred to the Senate committee on Governmental Affairs,GA,,,,
SB63,McClendon,Regular Session 2019,04/02/2019,S,,Read for the second time and placed on the calendar,,0,11,0,
SB63,McClendon,Regular Session 2019,04/30/2019,S,,Third Reading Passed,,,,,
SB63,McClendon,Regular Session 2019,04/30/2019,S,,Motion to Read a Third Time and Pass adopted Roll Call 446,,,,,Roll 446
SB63,McClendon,Regular Session 2019,04/30/2019,H,,Read for the first time and referred to the House of Representatives committee on State Government,SG,,,,
SB64,Holley,Regular Session 2019,03/05/2019,S,,"Read for the first time and referred to the Senate committee on Agriculture, Conservation and Forestry",AC&F,,,,
SB65,Shelnutt,Regular Session 2019,03/05/2019,S,,Read for the first time and referred to the Senate committee on Governmental Affairs,GA,,,,
SB66,Williams,Regular Session 2019,03/05/2019,S,,"Read for the first time and referred to the Senate committee on Agriculture, Conservation and Forestry",AC&F,,,,
SB66,Williams,Regular Session 2019,03/19/2019,S,,"Acted on by Agriculture, Conservation and Forestry as Favorable with 1 amendment",,1,9,,
SB66,Williams,Regular Session 2019,03/20/2019,S,,Third Reading Carried Over,,,,,
SB66,Williams,Regular Session 2019,03/20/2019,S,197990-2,"Agriculture, Conservation and Forestry  Amendment Offered",,,,,
SB66,Williams,Regular Session 2019,03/20/2019,S,,Williams motion to Carry Over adopted Voice Vote,,,,,
SB66,Williams,Regular Session 2019,04/04/2019,S,,Third Reading Passed,,,,,
SB66,Williams,Regular Session 2019,04/04/2019,S,197990-2,"Agriculture, Conservation and Forestry  Amendment Offered",,,,,
SB66,Williams,Regular Session 2019,04/04/2019,S,,Williams motion to Adopt adopted Roll Call 158,,,,,Roll 158
SB66,Williams,Regular Session 2019,04/04/2019,S,198684-1,Chambliss  Amendment Offered,,,,,
SB66,Williams,Regular Session 2019,04/04/2019,S,,Chambliss motion to Adopt lost Roll Call 159,,,,,Roll 159
SB66,Williams,Regular Session 2019,04/04/2019,S,,Motion to Read a Third Time and Pass adopted Roll Call 160,,,,,Roll 160
SB66,Williams,Regular Session 2019,04/04/2019,S,,Engrossed,,,,,
SB66,Williams,Regular Session 2019,04/04/2019,H,,Read for the first time and referred to the House of Representatives committee on Agriculture and Forestry,A&F,,,,
SB66,Williams,Regular Session 2019,04/18/2019,H,,Read for the second time and placed on the calendar,,,,,
SB66,Williams,Regular Session 2019,04/25/2019,H,,Third Reading Passed,,,,,
SB66,Williams,Regular Session 2019,04/25/2019,H,,Motion to Read a Third Time and Pass adopted Roll Call 381,,,,,Roll 381
SB66,Williams,Regular Session 2019,04/25/2019,H,,"Wingo intended to vote ""Nay""",,,,,
SB66,Williams,Regular Session 2019,04/25/2019,S,,Passed Second House,,,,,
SB66,Williams,Regular Session 2019,04/30/2019,S,,Enrolled,,,,,
SB66,Williams,Regular Session 2019,04/30/2019,H,,Signature Requested,,,,,
SB66,Williams,Regular Session 2019,,S,197990-2,,,,,,
SB66,Williams,Regular Session 2019,,S,,Assigned Act No. 2019-103.,,,,,
SB67,Livingston,Regular Session 2019,03/05/2019,S,,Read for the first time and referred to the Senate committee on Local Legislation,LL1,,,,
SB67,Livingston,Regular Session 2019,04/02/2019,S,,Read for the second time and placed on the calendar,,,,,
SB67,Livingston,Regular Session 2019,04/03/2019,S,,Third Reading Passed,,,,,
SB67,Livingston,Regular Session 2019,04/03/2019,S,,Motion to Read a Third Time and Pass adopted Roll Call 118,,,,,Roll 118
SB67,Livingston,Regular Session 2019,04/03/2019,H,,Read for the first time and referred to the House of Representatives committee on Local Legislation,LL,,,,
SB67,Livingston,Regular Session 2019,04/04/2019,H,,Read for the second time and placed on the calendar,,,,,
SB67,Livingston,Regular Session 2019,04/09/2019,H,,Third Reading Passed,,,,,
SB67,Livingston,Regular Session 2019,04/09/2019,H,,Motion to Read a Third Time and Pass adopted Roll Call 142,,,,,Roll 142
SB67,Livingston,Regular Session 2019,04/09/2019,S,,Passed Second House,,,,,
SB67,Livingston,Regular Session 2019,04/09/2019,S,,Enrolled,,,,,
SB67,Livingston,Regular Session 2019,04/09/2019,H,,Signature Requested,,,,,
SB67,Livingston,Regular Session 2019,,S,,Assigned Act No. 2019-25.,,,,,
SB68,Singleton,Regular Session 2019,03/05/2019,S,,Read for the first time and referred to the Senate committee on Local Legislation,LL1,,,,
SB68,Singleton,Regular Session 2019,04/02/2019,S,,Read for the second time and placed on the calendar,,,,,
SB68,Singleton,Regular Session 2019,04/03/2019,S,,Third Reading Passed,,,,,
SB68,Singleton,Regular Session 2019,04/03/2019,S,,Motion to Read a Third Time and Pass adopted Roll Call 111,,,,,Roll 111
SB68,Singleton,Regular Session 2019,04/03/2019,H,,Read for the first time and referred to the House of Representatives committee on Local Legislation,LL,,,,
SB68,Singleton,Regular Session 2019,04/04/2019,H,,Read for the second time and placed on the calendar,,,,,
SB68,Singleton,Regular Session 2019,04/09/2019,H,,Third Reading Passed,,,,,
SB68,Singleton,Regular Session 2019,04/09/2019,H,,Motion to Read a Third Time and Pass adopted Roll Call 144,,,,,Roll 144
SB68,Singleton,Regular Session 2019,04/09/2019,S,,Passed Second House,,,,,
SB68,Singleton,Regular Session 2019,04/09/2019,S,,Enrolled,,,,,
SB68,Singleton,Regular Session 2019,04/09/2019,H,,Signature Requested,,,,,
SB68,Singleton,Regular Session 2019,,S,,Assigned Act No. 2019-26.,,,,,
SB69,Albritton,Regular Session 2019,03/05/2019,S,,Read for the first time and referred to the Senate committee on Judiciary,JUDY,,,,
SB69,Albritton,Regular Session 2019,03/20/2019,S,,Read for the second time and placed on the calendar,,0,8,0,
SB69,Albritton,Regular Session 2019,03/21/2019,S,,Third Reading Passed,,,,,
SB69,Albritton,Regular Session 2019,03/21/2019,S,,Motion to Read a Third Time and Pass adopted Roll Call 29,,,,,Roll 29
SB69,Albritton,Regular Session 2019,03/21/2019,H,,Read for the first time and referred to the House of Representatives committee on Judiciary,JUDY,,,,
SB69,Albritton,Regular Session 2019,04/11/2019,H,,Read for the second time and placed on the calendar,,,,,
SB69,Albritton,Regular Session 2019,,H,,Pending third reading on day 10 Favorable from Judiciary,,,,,
SB70,Albritton,Regular Session 2019,03/05/2019,S,,Read for the first time and referred to the Senate committee on Judiciary,JUDY,,,,
SB70,Albritton,Regular Session 2019,03/20/2019,S,,Read for the second time and placed on the calendar,,0,8,0,
SB70,Albritton,Regular Session 2019,04/02/2019,S,,Third Reading Carried Over to Call of the Chair,,,,,
SB70,Albritton,Regular Session 2019,04/02/2019,S,,Motion to Carry Over to the Call of the Chair adopted Voice Vote,,,,,
SB70,Albritton,Regular Session 2019,,S,,Further Consideration,,,,,
SB71,Orr,Regular Session 2019,03/05/2019,S,,Read for the first time and referred to the Senate committee on Governmental Affairs,GA,,,,
SB71,Orr,Regular Session 2019,04/02/2019,S,,Read for the second time and placed on the calendar,,1,9,1,
SB71,Orr,Regular Session 2019,,S,,Pending third reading on day 6 Favorable from Governmental Affairs,,,,,
SB72,Orr,Regular Session 2019,03/05/2019,S,,Read for the first time and referred to the Senate committee on Finance and Taxation General Fund,F&TG,,,,
SB72,Orr,Regular Session 2019,04/03/2019,S,,Read for the second time and placed on the calendar  1 amendment,,0,10,0,
SB72,Orr,Regular Session 2019,05/02/2019,S,,Third Reading Passed,,,,,
SB72,Orr,Regular Session 2019,05/02/2019,S,198405-2,Finance and Taxation General Fund  Amendment Offered,,,,,
SB72,Orr,Regular Session 2019,05/02/2019,S,,Orr motion to Adopt adopted Roll Call 564,,,,,Roll 564
SB72,Orr,Regular Session 2019,05/02/2019,S,,Motion to Read a Third Time and Pass adopted Roll Call 565,,,,,Roll 565
SB72,Orr,Regular Session 2019,05/02/2019,S,,Engrossed,,,,,
SB72,Orr,Regular Session 2019,05/02/2019,H,,Read for the first time and referred to the House of Representatives committee on Ways and Means General Fund,W&MGF,,,,
SB72,Orr,Regular Session 2019,05/08/2019,H,,Read for the second time and placed on the calendar,,,,,
SB72,Orr,Regular Session 2019,,H,,Pending third reading on day 18 Favorable from Ways and Means General Fund,,,,,
SB73,Orr,Regular Session 2019,03/05/2019,S,,Read for the first time and referred to the Senate committee on Healthcare,HLTH,,,,
SB73,Orr,Regular Session 2019,05/08/2019,S,,Read for the second time and placed on the calendar  with 1 substitute and 1 amendment,,0,11,0,
SB73,Orr,Regular Session 2019,,S,200173-4,Healthcare first Substitute Offered,,,,,
SB73,Orr,Regular Session 2019,,S,200891-1,Healthcare first Amendment Offered,,,,,
SB73,Orr,Regular Session 2019,,S,,Pending third reading on day 18 Favorable from Healthcare with 1 substitute and 1 amendment,,,,,
SB74,Orr,Regular Session 2019,03/05/2019,S,,Read for the first time and referred to the Senate committee on Governmental Affairs,GA,,,,
SB74,Orr,Regular Session 2019,03/19/2019,S,,Read for the second time and placed on the calendar  1 amendment,,0,9,1,
SB74,Orr,Regular Session 2019,04/02/2019,S,,Third Reading Passed,,,,,
SB74,Orr,Regular Session 2019,04/02/2019,S,197851-2,Governmental Affairs  Amendment Offered,,,,,
SB74,Orr,Regular Session 2019,04/02/2019,S,,Orr motion to Adopt adopted Roll Call 72,,,,,Roll 72
SB74,Orr,Regular Session 2019,04/02/2019,S,,Motion to Read a Third Time and Pass adopted Roll Call 73,,,,,Roll 73
SB74,Orr,Regular Session 2019,04/03/2019,S,,Engrossed,,,,,
SB74,Orr,Regular Session 2019,04/03/2019,H,,Read for the first time and referred to the House of Representatives committee on State Government,SG,,,,
SB74,Orr,Regular Session 2019,04/11/2019,H,,Read for the second time and placed on the calendar,,,,,
SB74,Orr,Regular Session 2019,04/25/2019,H,,Third Reading Passed,,,,,
SB74,Orr,Regular Session 2019,04/25/2019,H,,Motion to Read a Third Time and Pass adopted Roll Call 369,,,,,Roll 369
SB74,Orr,Regular Session 2019,04/25/2019,S,,Passed Second House,,,,,
SB74,Orr,Regular Session 2019,04/30/2019,S,,Enrolled,,,,,
SB74,Orr,Regular Session 2019,04/30/2019,H,,Signature Requested,,,,,
SB74,Orr,Regular Session 2019,,S,,Assigned Act No. 2019-104.,,,,,
SB75,Orr,Regular Session 2019,03/05/2019,S,,Read for the first time and referred to the Senate committee on Banking and Insurance,B&I,,,,
SB76,Orr,Regular Session 2019,03/05/2019,S,,Read for the first time and referred to the Senate committee on Governmental Affairs,GA,,,,
SB76,Orr,Regular Session 2019,03/19/2019,S,,Read for the second time and placed on the calendar,,1,9,,
SB76,Orr,Regular Session 2019,04/03/2019,S,,Third Reading Carried Over to Call of the Chair,,,,,
SB76,Orr,Regular Session 2019,04/03/2019,S,198529-2,Orr  Amendment Offered,,,,,
SB76,Orr,Regular Session 2019,04/03/2019,S,,Orr motion to Adopt adopted Roll Call 133,,,,,Roll 133
SB76,Orr,Regular Session 2019,04/03/2019,S,,Orr motion to Carry Over to the Call of the Chair adopted Voice Vote,,,,,
SB76,Orr,Regular Session 2019,04/16/2019,S,,Third Reading Passed,,,,,
SB76,Orr,Regular Session 2019,04/16/2019,S,199410-1,Orr  Amendment Offered,,,,,
SB76,Orr,Regular Session 2019,04/16/2019,S,,Orr motion to Adopt adopted Roll Call 275,,,,,Roll 275
SB76,Orr,Regular Session 2019,04/16/2019,S,,Motion to Read a Third Time and Pass adopted Roll Call 276,,,,,Roll 276
SB76,Orr,Regular Session 2019,04/18/2019,S,,Engrossed,,,,,
SB76,Orr,Regular Session 2019,04/18/2019,H,,Read for the first time and referred to the House of Representatives committee on Ways and Means General Fund,W&MGF,,,,
SB77,Orr,Regular Session 2019,03/05/2019,S,,Read for the first time and referred to the Senate committee on Fiscal Responsibility and Economic Development,FRED,,,,
SB78,Orr,Regular Session 2019,03/05/2019,S,,Read for the first time and referred to the Senate committee on Finance and Taxation Education,F&TE,,,,
SB78,Orr,Regular Session 2019,04/03/2019,S,,Read for the second time and placed on the calendar,,0,12,0,
SB78,Orr,Regular Session 2019,04/09/2019,S,,Third Reading Passed,,,,,
SB78,Orr,Regular Session 2019,04/09/2019,S,198590-1,Whatley  Amendment Offered,,,,,
SB78,Orr,Regular Session 2019,04/09/2019,S,,Whatley motion to Adopt adopted Roll Call 188,,,,,Roll 188
SB78,Orr,Regular Session 2019,04/09/2019,S,,Motion to Read a Third Time and Pass adopted Roll Call 189,,,,,Roll 189
SB78,Orr,Regular Session 2019,04/11/2019,S,,Engrossed,,,,,
SB78,Orr,Regular Session 2019,04/11/2019,H,,Read for the first time and referred to the House of Representatives committee on Ways and Means Education,W&ME,,,,
SB79,Holley,Regular Session 2019,03/05/2019,S,,Read for the first time and referred to the Senate committee on Governmental Affairs,GA,,,,
SB79,Holley,Regular Session 2019,03/19/2019,S,,Read for the second time and placed on the calendar with 1 substitute and,,0,10,,
SB79,Holley,Regular Session 2019,03/20/2019,S,,Third Reading Passed,,,,,
SB79,Holley,Regular Session 2019,03/20/2019,S,197997-2,Governmental Affairs first Substitute Offered,,,,,
SB79,Holley,Regular Session 2019,03/20/2019,S,,Holley motion to Carry Over adopted Voice Vote,,,,,
SB79,Holley,Regular Session 2019,03/20/2019,S,,Holley motion to Adopt adopted Roll Call 23,,,,,Roll 23
SB79,Holley,Regular Session 2019,03/20/2019,S,,Motion to Read a Third Time and Pass adopted Roll Call 24,,,,,Roll 24
SB79,Holley,Regular Session 2019,03/21/2019,S,,Engrossed,,,,,
SB79,Holley,Regular Session 2019,03/21/2019,H,,Read for the first time and referred to the House of Representatives committee on State Government,SG,,,,
SB79,Holley,Regular Session 2019,04/03/2019,H,,Rereferred from SG to BA&C,BA&C,,,,
SB79,Holley,Regular Session 2019,04/11/2019,H,,Read for the second time and placed on the calendar,,,,,
SB79,Holley,Regular Session 2019,04/25/2019,H,,Third Reading Passed,,,,,
SB79,Holley,Regular Session 2019,04/25/2019,H,,Motion to Read a Third Time and Pass adopted Roll Call 396,,,,,Roll 396
SB79,Holley,Regular Session 2019,04/25/2019,S,,Passed Second House,,,,,
SB79,Holley,Regular Session 2019,04/30/2019,S,,Enrolled,,,,,
SB79,Holley,Regular Session 2019,04/30/2019,H,,Signature Requested,,,,,
SB79,Holley,Regular Session 2019,,S,,Assigned Act No. 2019-105.,,,,,
SB80,Orr,Regular Session 2019,03/05/2019,S,,Read for the first time and referred to the Senate committee on Governmental Affairs,GA,,,,
SB80,Orr,Regular Session 2019,03/19/2019,S,,Read for the second time and placed on the calendar,,0,10,,
SB80,Orr,Regular Session 2019,04/02/2019,S,,Third Reading Passed,,,,,
SB80,Orr,Regular Session 2019,04/02/2019,S,,Motion to Read a Third Time and Pass adopted Roll Call 77,,,,,Roll 77
SB80,Orr,Regular Session 2019,04/02/2019,H,,Read for the first time and referred to the House of Representatives committee on State Government,SG,,,,
SB80,Orr,Regular Session 2019,04/11/2019,H,,Read for the second time and placed on the calendar,,,,,
SB80,Orr,Regular Session 2019,04/18/2019,H,,Third Reading Passed,,,,,
SB80,Orr,Regular Session 2019,04/18/2019,H,,Motion to Read a Third Time and Pass adopted Roll Call 276,,,,,Roll 276
SB80,Orr,Regular Session 2019,04/18/2019,H,,"Chestnut intended to vote ""Yea""",,,,,
SB80,Orr,Regular Session 2019,04/18/2019,S,,Passed Second House,,,,,
SB80,Orr,Regular Session 2019,04/23/2019,S,,Enrolled,,,,,
SB80,Orr,Regular Session 2019,04/23/2019,H,,Signature Requested,,,,,
SB80,Orr,Regular Session 2019,,S,,Assigned Act No. 2019-82.,,,,,
SB81,Elliott,Regular Session 2019,03/05/2019,S,,Read for the first time and referred to the Senate committee on Judiciary,JUDY,,,,
SB82,Chambliss,Regular Session 2019,03/19/2019,S,,Read for the first time and referred to the Senate committee on Governmental Affairs,GA,,,,
SB82,Chambliss,Regular Session 2019,04/16/2019,S,,Reported from Governmental Affairs as Favorable,,0,11,0,
SB82,Chambliss,Regular Session 2019,,S,,Pending third reading on day 11 Favorable from Governmental Affairs,,,,,
SB83,Melson,Regular Session 2019,03/19/2019,S,,Read for the first time and referred to the Senate committee on Education Policy,ED,,,,
SB83,Melson,Regular Session 2019,03/20/2019,S,,Read for the second time and placed on the calendar,,0,10,,
SB83,Melson,Regular Session 2019,04/16/2019,S,,Third Reading Passed,,,,,
SB83,Melson,Regular Session 2019,04/16/2019,S,199301-1,Melson  Amendment Offered,,,,,
SB83,Melson,Regular Session 2019,04/16/2019,S,,Melson motion to Adopt adopted Roll Call 261,,,,,Roll 261
SB83,Melson,Regular Session 2019,04/16/2019,S,,Motion to Read a Third Time and Pass adopted Roll Call 262,,,,,Roll 262
SB83,Melson,Regular Session 2019,04/18/2019,S,,Engrossed,,,,,
SB83,Melson,Regular Session 2019,04/18/2019,H,,Read for the first time and referred to the House of Representatives committee on Education Policy,EP,,,,
SB84,Melson,Regular Session 2019,03/19/2019,S,,Read for the first time and referred to the Senate committee on Education Policy,ED,,,,
SB84,Melson,Regular Session 2019,03/20/2019,S,,Read for the second time and placed on the calendar,,0,10,,
SB84,Melson,Regular Session 2019,03/21/2019,S,,Third Reading Passed,,,,,
SB84,Melson,Regular Session 2019,03/21/2019,S,,Motion to Read a Third Time and Pass adopted Roll Call 31,,,,,Roll 31
SB84,Melson,Regular Session 2019,03/21/2019,H,,Read for the first time and referred to the House of Representatives committee on Education Policy,EP,,,,
SB84,Melson,Regular Session 2019,04/11/2019,H,,Reported from Education Policy as Favorable,,,,,
SB84,Melson,Regular Session 2019,,H,,Pending third reading on day 10 Favorable from Education Policy,,,,,
SB85,Albritton,Regular Session 2019,03/19/2019,S,,Read for the first time and referred to the Senate committee on Finance and Taxation General Fund,F&TG,,,,
SB86,Albritton,Regular Session 2019,03/19/2019,S,,Read for the first time and referred to the Senate committee on Finance and Taxation General Fund,F&TG,,,,
SB87,Albritton,Regular Session 2019,03/19/2019,S,,Read for the first time and referred to the Senate committee on Finance and Taxation General Fund,F&TG,,,,
SB88,Stutts,Regular Session 2019,03/19/2019,S,,Read for the first time and referred to the Senate committee on Healthcare,HLTH,,,,
SB89,Scofield,Regular Session 2019,03/19/2019,S,,Read for the first time and referred to the Senate committee on Finance and Taxation General Fund,F&TG,,,,
SB89,Scofield,Regular Session 2019,04/03/2019,S,,Read for the second time and placed on the calendar with 1 substitute and,,0,13,0,
SB89,Scofield,Regular Session 2019,04/18/2019,S,,Third Reading Carried Over,,,,,
SB89,Scofield,Regular Session 2019,04/18/2019,S,198465-2,Finance and Taxation General Fund first Substitute Offered,,,,,
SB89,Scofield,Regular Session 2019,04/18/2019,S,,Scofield motion to Carry Over adopted Voice Vote,,,,,
SB89,Scofield,Regular Session 2019,,S,,Further Consideration,,,,,
SB90,Scofield,Regular Session 2019,03/19/2019,S,,Read for the first time and referred to the Senate committee on Fiscal Responsibility and Economic Development,FRED,,,,
SB90,Scofield,Regular Session 2019,05/02/2019,S,,Read for the second time and placed on the calendar with 1 substitute and,,0,10,,
SB90,Scofield,Regular Session 2019,05/08/2019,S,,Third Reading Passed,,,,,
SB90,Scofield,Regular Session 2019,05/08/2019,S,200132-2,Fiscal Responsibility and Economic Development first Substitute Offered,,,,,
SB90,Scofield,Regular Session 2019,05/08/2019,S,,Scofield motion to Adopt adopted Roll Call 662,,,,,Roll 662
SB90,Scofield,Regular Session 2019,05/08/2019,S,,Motion to Read a Third Time and Pass adopted Roll Call 663,,,,,Roll 663
SB90,Scofield,Regular Session 2019,,,,,,,,,
SB90,Scofield,Regular Session 2019,,S,,Engrossed,,,,,
SB91,Livingston,Regular Session 2019,03/19/2019,S,,Read for the first time and referred to the Senate committee on Healthcare,HLTH,,,,
SB91,Livingston,Regular Session 2019,04/03/2019,S,,Read for the second time and placed on the calendar  1 amendment,,0,8,0,
SB91,Livingston,Regular Session 2019,04/09/2019,S,,Third Reading Passed,,,,,
SB91,Livingston,Regular Session 2019,04/09/2019,S,198297-2,Healthcare  Amendment Offered,,,,,
SB91,Livingston,Regular Session 2019,04/09/2019,S,,Livingston motion to Adopt adopted Roll Call 179,,,,,Roll 179
SB91,Livingston,Regular Session 2019,04/09/2019,S,,Motion to Read a Third Time and Pass adopted Roll Call 180,,,,,Roll 180
SB91,Livingston,Regular Session 2019,04/09/2019,H,,"Read for the first time and referred to the House of Representatives committee on Boards, Agencies and Commissions",BA&C,,,,
SB91,Livingston,Regular Session 2019,04/09/2019,S,,Engrossed,,,,,
SB92,Chambliss,Regular Session 2019,03/19/2019,S,,Read for the first time and referred to the Senate committee on Governmental Affairs,GA,,,,
SB92,Chambliss,Regular Session 2019,04/23/2019,S,,Read for the second time and placed on the calendar,,0,11,0,
SB92,Chambliss,Regular Session 2019,05/02/2019,S,,Third Reading Passed,,,,,
SB92,Chambliss,Regular Session 2019,05/02/2019,S,,Motion to Read a Third Time and Pass adopted Roll Call 567,,,,,Roll 567
SB92,Chambliss,Regular Session 2019,05/02/2019,H,,Read for the first time and referred to the House of Representatives committee on State Government,SG,,,,
SB93,Beasley,Regular Session 2019,03/19/2019,S,,Read for the first time and referred to the Senate committee on Local Legislation,LL1,,,,
SB93,Beasley,Regular Session 2019,04/03/2019,S,,Read for the second time and placed on the calendar,,,,,
SB93,Beasley,Regular Session 2019,04/04/2019,S,,Third Reading Passed,,,,,
SB93,Beasley,Regular Session 2019,04/04/2019,S,,Motion to Read a Third Time and Pass adopted Roll Call 149,,,,,Roll 149
SB93,Beasley,Regular Session 2019,04/04/2019,H,,Read for the first time and referred to the House of Representatives committee on Local Legislation,LL,,,,
SB93,Beasley,Regular Session 2019,04/09/2019,H,,Read for the second time and placed on the calendar,,,,,
SB93,Beasley,Regular Session 2019,,H,,Pending third reading on day 9 Favorable from Local Legislation,,,,,
SB94,Singleton,Regular Session 2019,03/19/2019,S,,Read for the first time and referred to the Senate committee on Finance and Taxation General Fund,F&TG,,,,
SB95,Jones,Regular Session 2019,03/19/2019,S,,Read for the first time and referred to the Senate committee on Judiciary,JUDY,,,,
SB96,Whatley,Regular Session 2019,03/19/2019,S,,Read for the first time and referred to the Senate committee on Governmental Affairs,GA,,,,
SB97,Sessions,Regular Session 2019,03/19/2019,S,,"Read for the first time and referred to the Senate committee on Agriculture, Conservation and Forestry",AC&F,,,,
SB97,Sessions,Regular Session 2019,04/03/2019,S,,Read for the second time and placed on the calendar,,0,12,,
SB97,Sessions,Regular Session 2019,04/09/2019,S,,Third Reading Passed,,,,,
SB97,Sessions,Regular Session 2019,04/09/2019,S,,Motion to Read a Third Time and Pass adopted Roll Call 198,,,,,Roll 198
SB97,Sessions,Regular Session 2019,04/11/2019,H,,Read for the first time and referred to the House of Representatives committee on Agriculture and Forestry,A&F,,,,
SB97,Sessions,Regular Session 2019,05/02/2019,H,,Read for the second time and placed on the calendar,,,,,
SB97,Sessions,Regular Session 2019,,H,,Pending third reading on day 16 Favorable from Agriculture and Forestry,,,,,
SB98,Singleton,Regular Session 2019,03/19/2019,S,,Read for the first time and referred to the Senate committee on Judiciary,JUDY,,,,
SB98,Singleton,Regular Session 2019,04/18/2019,S,,Read for the second time and placed on the calendar with 1 substitute and,,0,11,0,
SB98,Singleton,Regular Session 2019,,S,,Pending third reading on day 12 Favorable from Judiciary with 1 substitute,,,,,
SB98,Singleton,Regular Session 2019,,S,199433-2,Judiciary first Substitute Offered,,,,,
SB99,Albritton,Regular Session 2019,03/19/2019,S,,Read for the first time and referred to the Senate committee on Finance and Taxation General Fund,F&TG,,,,
SB100,Beasley,Regular Session 2019,03/19/2019,S,,Read for the first time and referred to the Senate committee on Healthcare,HLTH,,,,
SB101,Whatley,Regular Session 2019,03/19/2019,S,,Read for the first time and referred to the Senate committee on Veterans and Military Affairs,V&MA,,,,
SB101,Whatley,Regular Session 2019,04/16/2019,S,,Read for the second time and placed on the calendar  1 amendment,,0,6,0,
SB101,Whatley,Regular Session 2019,,S,,Pending third reading on day 11 Favorable from Veterans and Military Affairs with 1 amendment,,,,,
SB101,Whatley,Regular Session 2019,,S,198987-4,Veterans and Military Affairs first Amendment Offered,,,,,
SB102,Whatley,Regular Session 2019,03/19/2019,S,,"Read for the first time and referred to the Senate committee on Agriculture, Conservation and Forestry",AC&F,,,,
SB102,Whatley,Regular Session 2019,04/03/2019,S,,Read for the second time and placed on the calendar,,0,12,,
SB102,Whatley,Regular Session 2019,04/09/2019,S,,Third Reading Passed,,,,,
SB102,Whatley,Regular Session 2019,04/09/2019,S,,Motion to Read a Third Time and Pass adopted Roll Call 200,,,,,Roll 200
SB102,Whatley,Regular Session 2019,04/11/2019,H,,Read for the first time and referred to the House of Representatives committee on Agriculture and Forestry,A&F,,,,
SB102,Whatley,Regular Session 2019,05/02/2019,H,,Read for the second time and placed on the calendar,,,,,
SB102,Whatley,Regular Session 2019,,H,,Pending third reading on day 16 Favorable from Agriculture and Forestry,,,,,
SB103,Whatley,Regular Session 2019,03/19/2019,S,,"Read for the first time and referred to the Senate committee on Agriculture, Conservation and Forestry",AC&F,,,,
SB104,Singleton,Regular Session 2019,03/19/2019,S,,Read for the first time and referred to the Senate committee on Governmental Affairs,GA,,,,
SB105,Reed,Regular Session 2019,03/19/2019,S,,Read for the first time and referred to the Senate committee on Healthcare,HLTH,,,,
SB105,Reed,Regular Session 2019,04/03/2019,S,,Read for the second time and placed on the calendar,,0,9,0,
SB105,Reed,Regular Session 2019,04/09/2019,S,,Third Reading Passed,,,,,
SB105,Reed,Regular Session 2019,04/09/2019,S,,Motion to Read a Third Time and Pass adopted Roll Call 177,,,,,Roll 177
SB105,Reed,Regular Session 2019,04/09/2019,H,,"Read for the first time and referred to the House of Representatives committee on Boards, Agencies and Commissions",BA&C,,,,
SB105,Reed,Regular Session 2019,04/18/2019,H,,Read for the second time and placed on the calendar,,,,,
SB105,Reed,Regular Session 2019,,H,,"Pending third reading on day 12 Favorable from Boards, Agencies and Commissions",,,,,
SB106,Jones,Regular Session 2019,03/19/2019,S,,Read for the first time and referred to the Senate committee on Banking and Insurance,B&I,,,,
SB106,Jones,Regular Session 2019,04/16/2019,S,,Read for the second time and placed on the calendar,,0,13,,
SB106,Jones,Regular Session 2019,04/18/2019,S,,Third Reading Passed,,,,,
SB106,Jones,Regular Session 2019,04/18/2019,S,199008-3,Jones  Amendment Offered,,,,,
SB106,Jones,Regular Session 2019,04/18/2019,S,,Jones motion to Adopt adopted Roll Call 340,,,,,Roll 340
SB106,Jones,Regular Session 2019,04/18/2019,S,,Motion to Read a Third Time and Pass adopted Roll Call 341,,,,,Roll 341
SB106,Jones,Regular Session 2019,04/23/2019,S,,Engrossed,,,,,
SB106,Jones,Regular Session 2019,04/23/2019,H,,Read for the first time and referred to the House of Representatives committee on Financial Services,FS,,,,
SB106,Jones,Regular Session 2019,05/08/2019,H,,Read for the second time and placed on the calendar,,,,,
SB106,Jones,Regular Session 2019,,H,,Pending third reading on day 18 Favorable from Financial Services,,,,,
SB107,Butler,Regular Session 2019,03/19/2019,S,,Read for the first time and referred to the Senate committee on Healthcare,HLTH,,,,
SB108,Butler,Regular Session 2019,03/19/2019,S,,Read for the first time and referred to the Senate committee on Healthcare,HLTH,,,,
SB108,Butler,Regular Session 2019,04/16/2019,S,,Read for the second time and placed on the calendar,,0,10,0,
SB108,Butler,Regular Session 2019,04/30/2019,S,,Third Reading Passed,,,,,
SB108,Butler,Regular Session 2019,04/30/2019,S,,Motion to Read a Third Time and Pass adopted Roll Call 442,,,,,Roll 442
SB108,Butler,Regular Session 2019,04/30/2019,H,,"Read for the first time and referred to the House of Representatives committee on Boards, Agencies and Commissions",BA&C,,,,
SB109,Ward,Regular Session 2019,03/19/2019,S,,Read for the first time and referred to the Senate committee on Governmental Affairs,GA,,,,
SB109,Ward,Regular Session 2019,05/07/2019,S,,Read for the second time and placed on the calendar,,0,8,0,
SB109,Ward,Regular Session 2019,,S,,Pending third reading on day 17 Favorable from Governmental Affairs,,,,,
SB110,Ward,Regular Session 2019,03/19/2019,S,,Read for the first time and referred to the Senate committee on Fiscal Responsibility and Economic Development,FRED,,,,
SB110,Ward,Regular Session 2019,04/18/2019,S,,Read for the second time and placed on the calendar  1 amendment,,0,9,,
SB110,Ward,Regular Session 2019,04/23/2019,S,,Third Reading Passed,,,,,
SB110,Ward,Regular Session 2019,04/23/2019,S,199445-3,Fiscal Responsibility and Economic Development  Amendment Offered,,,,,
SB110,Ward,Regular Session 2019,04/23/2019,S,,Ward motion to Adopt adopted Roll Call 369,,,,,Roll 369
SB110,Ward,Regular Session 2019,04/23/2019,S,,Motion to Read a Third Time and Pass adopted Roll Call 370,,,,,Roll 370
SB110,Ward,Regular Session 2019,04/25/2019,S,,Engrossed,,,,,
SB110,Ward,Regular Session 2019,04/25/2019,H,,Read for the first time and referred to the House of Representatives committee on State Government,SG,,,,
SB110,Ward,Regular Session 2019,05/07/2019,H,,Read for the second time and placed on the calendar with 1 substitute and,,,,,
SB110,Ward,Regular Session 2019,,H,,Pending third reading on day 17 Favorable from State Government with 1 substitute,,,,,
SB110,Ward,Regular Session 2019,,H,200324-3,State Government first Substitute Offered,,,,,
SB110,Ward,Regular Session 2019,,S,199445-3,Fiscal Responsibility and Economic Development first Amendment Offered,,,,,
SB111,Ward,Regular Session 2019,03/19/2019,S,,Read for the first time and referred to the Senate committee on Judiciary,JUDY,,,,
SB112,Figures,Regular Session 2019,03/19/2019,S,,Read for the first time and referred to the Senate committee on Mobile County Legislation,LLMO,,,,
SB112,Figures,Regular Session 2019,04/16/2019,S,,Read for the second time and placed on the calendar,,0,3,,
SB112,Figures,Regular Session 2019,04/18/2019,S,,Third Reading Passed,,,,,
SB112,Figures,Regular Session 2019,04/18/2019,S,,Motion to Read a Third Time and Pass adopted Roll Call 310,,,,,Roll 310
SB112,Figures,Regular Session 2019,04/18/2019,H,,Read for the first time and referred to the House of Representatives committee on Mobile County Legislation,MOBCL,,,,
SB112,Figures,Regular Session 2019,05/02/2019,H,,Read for the second time and placed on the calendar,,,,,
SB112,Figures,Regular Session 2019,,H,,Pending third reading on day 16 Favorable from Mobile County Legislation,,,,,
SB113,Ward,Regular Session 2019,03/19/2019,S,,Read for the first time and referred to the Senate committee on Judiciary,JUDY,,,,
SB113,Ward,Regular Session 2019,04/25/2019,S,,Read for the second time and placed on the calendar  1 amendment,,0,6,0,
SB113,Ward,Regular Session 2019,,S,,Pending third reading on day 14 Favorable from Judiciary with 1 amendment,,,,,
SB113,Ward,Regular Session 2019,,S,199887-1,Judiciary first Amendment Offered,,,,,
SB114,Whatley,Regular Session 2019,03/19/2019,S,,Read for the first time and referred to the Senate committee on Healthcare,HLTH,,,,
SB115,McClendon,Regular Session 2019,03/19/2019,S,,Read for the first time and referred to the Senate committee on Healthcare,HLTH,,,,
SB116,McClendon,Regular Session 2019,03/19/2019,S,,Read for the first time and referred to the Senate committee on Tourism,TM,,,,
SB117,Ward,Regular Session 2019,03/19/2019,S,,Read for the first time and referred to the Senate committee on Judiciary,JUDY,,,,
SB117,Ward,Regular Session 2019,04/25/2019,S,,Read for the second time and placed on the calendar,,0,9,0,
SB117,Ward,Regular Session 2019,,S,,Pending third reading on day 14 Favorable from Judiciary,,,,,
SB118,Williams,Regular Session 2019,03/19/2019,S,,Read for the first time and referred to the Senate committee on Banking and Insurance,B&I,,,,
SB118,Williams,Regular Session 2019,04/16/2019,S,,Read for the second time and placed on the calendar  1 amendment,,0,13,,
SB118,Williams,Regular Session 2019,,S,,Pending third reading on day 11 Favorable from Banking and Insurance with 1 amendment,,,,,
SB118,Williams,Regular Session 2019,,S,198259-2,Banking and Insurance first Amendment Offered,,,,,
SB119,Marsh,Regular Session 2019,03/19/2019,S,,Read for the first time and referred to the Senate committee on Education Policy,ED,,,,
SB119,Marsh,Regular Session 2019,03/20/2019,S,,Read for the second time and placed on the calendar,,0,10,,
SB119,Marsh,Regular Session 2019,03/21/2019,S,,Third Reading Passed,,,,,
SB119,Marsh,Regular Session 2019,03/21/2019,S,198218-1,Gudger  Amendment Offered,,,,,
SB119,Marsh,Regular Session 2019,03/21/2019,S,,Gudger motion to Adopt adopted Roll Call 55,,,,,Roll 55
SB119,Marsh,Regular Session 2019,03/21/2019,S,,Rules Committee Petition to Cease Debate adopted Roll Call 56,,,,,Roll 56
SB119,Marsh,Regular Session 2019,03/21/2019,S,,Motion to Read a Third Time and Pass adopted Roll Call 57,,,,,Roll 57
SB119,Marsh,Regular Session 2019,03/21/2019,S,,Engrossed,,,,,
SB119,Marsh,Regular Session 2019,03/21/2019,H,,Read for the first time and referred to the House of Representatives committee on Education Policy,EP,,,,
SB120,Chambliss,Regular Session 2019,03/19/2019,S,,Read for the first time and referred to the Senate committee on Governmental Affairs,GA,,,,
SB120,Chambliss,Regular Session 2019,04/16/2019,S,,Reported from Governmental Affairs as Favorable,,1,10,0,
SB120,Chambliss,Regular Session 2019,,S,,Pending third reading on day 11 Favorable from Governmental Affairs,,,,,
SB121,Albritton,Regular Session 2019,03/19/2019,S,,Read for the first time and referred to the Senate committee on Finance and Taxation General Fund,F&TG,,,,
SB122,Waggoner,Regular Session 2019,03/19/2019,S,,Read for the first time and referred to the Senate committee on Governmental Affairs,GA,,,,
SB122,Waggoner,Regular Session 2019,04/02/2019,S,,Read for the second time and placed on the calendar,,0,10,0,
SB122,Waggoner,Regular Session 2019,04/03/2019,S,,Third Reading Passed,,,,,
SB122,Waggoner,Regular Session 2019,04/03/2019,S,198666-1,Waggoner  Amendment Offered,,,,,
SB122,Waggoner,Regular Session 2019,04/03/2019,S,,Waggoner motion to Adopt adopted Roll Call 128,,,,,Roll 128
SB122,Waggoner,Regular Session 2019,04/03/2019,S,,Motion to Read a Third Time and Pass adopted Roll Call 129,,,,,Roll 129
SB122,Waggoner,Regular Session 2019,04/04/2019,S,,Engrossed,,,,,
SB122,Waggoner,Regular Session 2019,04/04/2019,H,,Read for the first time and referred to the House of Representatives committee on Ways and Means Education,W&ME,,,,
SB123,Melson,Regular Session 2019,03/19/2019,S,,Read for the first time and referred to the Senate committee on Governmental Affairs,GA,,,,
SB123,Melson,Regular Session 2019,04/02/2019,S,,Read for the second time and placed on the calendar,,0,10,0,
SB123,Melson,Regular Session 2019,04/03/2019,S,,Third Reading Passed,,,,,
SB123,Melson,Regular Session 2019,04/03/2019,S,,Motion to Read a Third Time and Pass adopted Roll Call 135,,,,,Roll 135
SB123,Melson,Regular Session 2019,04/03/2019,H,,Read for the first time and referred to the House of Representatives committee on State Government,SG,,,,
SB123,Melson,Regular Session 2019,04/18/2019,H,,Read for the second time and placed on the calendar  1 amendment,,,,,
SB123,Melson,Regular Session 2019,05/02/2019,H,,Third Reading Passed,,,,,
SB123,Melson,Regular Session 2019,05/02/2019,H,199447-2,State Government  Amendment Offered,,,,,
SB123,Melson,Regular Session 2019,05/07/2019,H,,Concurred in Second House Amendment,,,,,
SB123,Melson,Regular Session 2019,05/02/2019,H,,Allen motion to Table adopted Roll Call 490,,,,,Roll 490
SB123,Melson,Regular Session 2019,05/08/2019,S,,Enrolled,,,,,
SB123,Melson,Regular Session 2019,05/02/2019,H,199629-1,Allen  Amendment Offered,,,,,
SB123,Melson,Regular Session 2019,05/08/2019,H,,Signature Requested,,,,,
SB123,Melson,Regular Session 2019,05/02/2019,H,,Motion to Adopt adopted Roll Call 491,,,,,Roll 491
SB123,Melson,Regular Session 2019,05/02/2019,H,,Motion to Read a Third Time and Pass adopted Roll Call 492,,,,,Roll 492
SB123,Melson,Regular Session 2019,05/07/2019,S,,Concurrence Requested,,,,,
SB123,Melson,Regular Session 2019,05/07/2019,S,,Marsh motion to Concur In and Adopt adopted Roll Call 647,,,,,Roll 647
SB123,Melson,Regular Session 2019,,S,,"Delivered to Governor at 3:06 p.m. on May 8, 2019",,,,,
SB124,Waggoner,Regular Session 2019,03/19/2019,S,,Read for the first time and referred to the Senate committee on Governmental Affairs,GA,,,,
SB124,Waggoner,Regular Session 2019,04/16/2019,S,,Reported from Governmental Affairs as Favorable with 1 amendment,,0,11,0,
SB124,Waggoner,Regular Session 2019,04/30/2019,S,,Third Reading Passed,,,,,
SB124,Waggoner,Regular Session 2019,04/30/2019,S,199308-2,Governmental Affairs  Amendment Offered,,,,,
SB124,Waggoner,Regular Session 2019,04/30/2019,S,,Waggoner motion to Adopt adopted Roll Call 435,,,,,Roll 435
SB124,Waggoner,Regular Session 2019,04/30/2019,S,,Motion to Read a Third Time and Pass adopted Roll Call 436,,,,,Roll 436
SB124,Waggoner,Regular Session 2019,04/30/2019,S,,Engrossed,,,,,
SB124,Waggoner,Regular Session 2019,04/30/2019,H,,Read for the first time and referred to the House of Representatives committee on Ways and Means Education,W&ME,,,,
SB125,Ward,Regular Session 2019,03/19/2019,S,,"Read for the first time and referred to the Senate committee on Children, Youth and Human Services",CY&HS,,,,
SB126,Chambliss,Regular Session 2019,03/19/2019,S,,Read for the first time and referred to the Senate committee on Finance and Taxation General Fund,F&TG,,,,
SB126,Chambliss,Regular Session 2019,04/03/2019,S,,Read for the second time and placed on the calendar,,0,12,1,
SB126,Chambliss,Regular Session 2019,04/23/2019,S,,Third Reading Passed,,,,,
SB126,Chambliss,Regular Session 2019,04/23/2019,S,,Motion to Read a Third Time and Pass adopted Roll Call 355,,,,,Roll 355
SB126,Chambliss,Regular Session 2019,04/23/2019,S,,Marsh motion to Reconsider adopted Voice Vote,,,,,
SB126,Chambliss,Regular Session 2019,04/23/2019,S,199633-1,Chambliss first Substitute Offered,,,,,
SB126,Chambliss,Regular Session 2019,04/23/2019,S,,Chambliss motion to Adopt adopted Roll Call 356,,,,,Roll 356
SB126,Chambliss,Regular Session 2019,04/23/2019,S,,Motion to Read a Third Time and Pass adopted Roll Call 357,,,,,Roll 357
SB126,Chambliss,Regular Session 2019,04/25/2019,S,,Engrossed,,,,,
SB126,Chambliss,Regular Session 2019,04/25/2019,H,,Read for the first time and referred to the House of Representatives committee on Ways and Means General Fund,W&MGF,,,,
SB126,Chambliss,Regular Session 2019,,,,,,,,,
SB127,Shelnutt,Regular Session 2019,03/19/2019,S,,Read for the first time and referred to the Senate committee on Fiscal Responsibility and Economic Development,FRED,,,,
SB127,Shelnutt,Regular Session 2019,04/03/2019,S,,Read for the second time and placed on the calendar with 1 substitute and,,0,9,,
SB127,Shelnutt,Regular Session 2019,,S,,Pending third reading on day 7 Favorable from Fiscal Responsibility and Economic Development with 1 substitute,,,,,
SB127,Shelnutt,Regular Session 2019,,S,198404-2,Fiscal Responsibility and Economic Development first Substitute Offered,,,,,
SB128,Elliott,Regular Session 2019,03/19/2019,S,,Read for the first time and referred to the Senate committee on Governmental Affairs,GA,,,,
SB128,Elliott,Regular Session 2019,04/09/2019,S,,Read for the second time and placed on the calendar with 1 substitute and,,0,10,0,
SB128,Elliott,Regular Session 2019,04/16/2019,S,,Third Reading Carried Over to Call of the Chair,,,,,
SB128,Elliott,Regular Session 2019,04/16/2019,S,198907-2,Governmental Affairs first Substitute Offered,,,,,
SB128,Elliott,Regular Session 2019,04/16/2019,S,,Elliott motion to Adopt adopted Roll Call 268,,,,,Roll 268
SB128,Elliott,Regular Session 2019,04/16/2019,S,,Elliott motion to Carry Over to the Call of the Chair adopted Voice Vote,,,,,
SB128,Elliott,Regular Session 2019,05/07/2019,S,,Third Reading Passed,,,,,
SB128,Elliott,Regular Session 2019,05/07/2019,S,,Motion to Read a Third Time and Pass adopted Roll Call 638,,,,,Roll 638
SB128,Elliott,Regular Session 2019,05/08/2019,S,,Engrossed,,,,,
SB128,Elliott,Regular Session 2019,05/08/2019,H,,Read for the first time,,,,,
SB129,Elliott,Regular Session 2019,03/19/2019,S,,Read for the first time and referred to the Senate committee on Governmental Affairs,GA,,,,
SB129,Elliott,Regular Session 2019,04/16/2019,S,,Reported from Governmental Affairs as Favorable with 1 amendment,,1,9,1,
SB129,Elliott,Regular Session 2019,05/08/2019,S,,Third Reading Carried Over to Call of the Chair,,,,,
SB129,Elliott,Regular Session 2019,05/08/2019,S,198433-4,Governmental Affairs  Amendment Offered,,,,,
SB129,Elliott,Regular Session 2019,05/08/2019,S,,Elliott motion to Table adopted Voice Vote,,,,,
SB129,Elliott,Regular Session 2019,05/08/2019,S,200588-3,Elliott first Substitute Offered,,,,,
SB129,Elliott,Regular Session 2019,05/08/2019,S,,Elliott motion to Adopt adopted Roll Call 670,,,,,Roll 670
SB129,Elliott,Regular Session 2019,05/08/2019,S,200910-1,Givhan  Amendment Offered,,,,,
SB129,Elliott,Regular Session 2019,05/08/2019,S,,Givhan motion to Adopt adopted Roll Call 671,,,,,Roll 671
SB129,Elliott,Regular Session 2019,05/08/2019,S,,Elliott motion to Carry Over to the Call of the Chair adopted Voice Vote,,,,,
SB129,Elliott,Regular Session 2019,,S,,Further Consideration,,,,,
SB130,McClendon,Regular Session 2019,03/19/2019,S,,Read for the first time and referred to the Senate committee on Tourism,TM,,,,
SB131,Whatley,Regular Session 2019,03/19/2019,S,,Read for the first time and referred to the Senate committee on Veterans and Military Affairs,V&MA,,,,
SB131,Whatley,Regular Session 2019,04/16/2019,S,,Read for the second time and placed on the calendar,,0,6,0,
SB131,Whatley,Regular Session 2019,,S,,Pending third reading on day 11 Favorable from Veterans and Military Affairs,,,,,
SB132,Whatley,Regular Session 2019,03/19/2019,S,,Read for the first time and referred to the Senate committee on Veterans and Military Affairs,V&MA,,,,
SB133,Whatley,Regular Session 2019,03/19/2019,S,,Read for the first time and referred to the Senate committee on Judiciary,JUDY,,,,
SB133,Whatley,Regular Session 2019,04/18/2019,S,,Read for the second time and placed on the calendar,,0,6,0,
SB133,Whatley,Regular Session 2019,,S,,Pending third reading on day 12 Favorable from Judiciary,,,,,
SB134,Whatley,Regular Session 2019,03/19/2019,S,,Read for the first time and referred to the Senate committee on Local Legislation,LL1,,,,
SB134,Whatley,Regular Session 2019,04/02/2019,S,,Read for the second time and placed on the calendar,,,,,
SB134,Whatley,Regular Session 2019,04/03/2019,S,,Third Reading Passed,,,,,
SB134,Whatley,Regular Session 2019,04/03/2019,S,,Motion to Read a Third Time and Pass adopted Roll Call 120,,,,,Roll 120
SB134,Whatley,Regular Session 2019,04/03/2019,H,,Read for the first time and referred to the House of Representatives committee on Lee County Legislation,LCL,,,,
SB134,Whatley,Regular Session 2019,04/18/2019,H,,Read for the second time and placed on the calendar,,,,,
SB134,Whatley,Regular Session 2019,,H,,Pending third reading on day 12 Favorable from Lee County Legislation,,,,,
SB135,Whatley,Regular Session 2019,03/19/2019,S,,Read for the first time and referred to the Senate committee on Judiciary,JUDY,,,,
SB135,Whatley,Regular Session 2019,04/25/2019,S,,Read for the second time and placed on the calendar,,0,11,0,
SB135,Whatley,Regular Session 2019,,S,,Pending third reading on day 14 Favorable from Judiciary,,,,,
SB136,Whatley,Regular Session 2019,03/19/2019,S,,Read for the first time and referred to the Senate committee on Veterans and Military Affairs,V&MA,,,,
SB136,Whatley,Regular Session 2019,04/16/2019,S,,Read for the second time and placed on the calendar,,0,6,0,
SB136,Whatley,Regular Session 2019,,S,,Pending third reading on day 11 Favorable from Veterans and Military Affairs,,,,,
SB137,Whatley,Regular Session 2019,03/19/2019,S,,Read for the first time and referred to the Senate committee on Judiciary,JUDY,,,,
SB138,Holley,Regular Session 2019,03/19/2019,S,,Read for the first time and referred to the Senate committee on Governmental Affairs,GA,,,,
SB138,Holley,Regular Session 2019,04/02/2019,S,,Read for the second time and placed on the calendar,,0,10,0,
SB138,Holley,Regular Session 2019,04/03/2019,S,,Third Reading Passed,,,,,
SB138,Holley,Regular Session 2019,04/03/2019,S,198623-2,Price  Amendment Offered,,,,,
SB138,Holley,Regular Session 2019,04/03/2019,S,,Price motion to Adopt adopted Roll Call 125,,,,,Roll 125
SB138,Holley,Regular Session 2019,04/03/2019,S,,Motion to Read a Third Time and Pass adopted Roll Call 126,,,,,Roll 126
SB138,Holley,Regular Session 2019,04/04/2019,S,,Engrossed,,,,,
SB138,Holley,Regular Session 2019,04/04/2019,H,,Read for the first time and referred to the House of Representatives committee on State Government,SG,,,,
SB138,Holley,Regular Session 2019,04/11/2019,H,,Read for the second time and placed on the calendar,,,,0,
SB138,Holley,Regular Session 2019,04/16/2019,H,,Third Reading Passed,,,,,
SB138,Holley,Regular Session 2019,04/16/2019,H,,Motion to Read a Third Time and Pass adopted Roll Call 188,,,,,Roll 188
SB138,Holley,Regular Session 2019,04/16/2019,S,,Passed Second House,,,,,
SB138,Holley,Regular Session 2019,04/16/2019,S,,Enrolled,,,,,
SB138,Holley,Regular Session 2019,04/16/2019,H,,Signature Requested,,,,,
SB138,Holley,Regular Session 2019,,S,,Assigned Act No. 2019-70.,,,,,
SB139,Beasley,Regular Session 2019,03/19/2019,S,,Read for the first time and referred to the Senate committee on Fiscal Responsibility and Economic Development,FRED,,,,
SB139,Beasley,Regular Session 2019,04/03/2019,S,,Read for the second time and placed on the calendar,,0,9,,
SB139,Beasley,Regular Session 2019,04/16/2019,S,,Third Reading Passed,,,,,
SB139,Beasley,Regular Session 2019,04/16/2019,S,,Motion to Read a Third Time and Pass adopted Roll Call 266,,,,,Roll 266
SB139,Beasley,Regular Session 2019,04/18/2019,H,,Read for the first time and referred to the House of Representatives committee on State Government,SG,,,,
SB140,Whatley,Regular Session 2019,03/19/2019,S,,Read for the first time and referred to the Senate committee on Judiciary,JUDY,,,,
SB140,Whatley,Regular Session 2019,04/03/2019,S,,Read for the second time and placed on the calendar,,0,11,0,
SB140,Whatley,Regular Session 2019,04/16/2019,S,,Third Reading Passed,,,,,
SB140,Whatley,Regular Session 2019,04/16/2019,S,,Motion to Read a Third Time and Pass adopted Roll Call 272,,,,,Roll 272
SB140,Whatley,Regular Session 2019,04/18/2019,H,,Read for the first time and referred to the House of Representatives committee on Education Policy,EP,,,,
SB140,Whatley,Regular Session 2019,05/02/2019,H,,Read for the second time and placed on the calendar  1 amendment,,,,,
SB140,Whatley,Regular Session 2019,,H,,Pending third reading on day 16 Favorable from Education Policy with 1 amendment,,,,,
SB140,Whatley,Regular Session 2019,,H,200220-2,Education Policy first Amendment Offered,,,,,
SB141,Waggoner,Regular Session 2019,03/19/2019,S,,Read for the first time and referred to the Senate committee on Finance and Taxation General Fund,F&TG,,,,
SB141,Waggoner,Regular Session 2019,04/03/2019,S,,Read for the second time and placed on the calendar  1 amendment,,0,13,0,
SB141,Waggoner,Regular Session 2019,04/04/2019,S,,Third Reading Passed,,,,,
SB141,Waggoner,Regular Session 2019,04/04/2019,S,198570-2,Finance and Taxation General Fund  Amendment Offered,,,,,
SB141,Waggoner,Regular Session 2019,04/04/2019,S,,Waggoner motion to Adopt adopted Roll Call 162,,,,,Roll 162
SB141,Waggoner,Regular Session 2019,04/04/2019,S,,Motion to Read a Third Time and Pass adopted Roll Call 163,,,,,Roll 163
SB141,Waggoner,Regular Session 2019,04/04/2019,S,,Engrossed,,,,,
SB141,Waggoner,Regular Session 2019,04/04/2019,H,,Read for the first time and referred to the House of Representatives committee on Ways and Means Education,W&ME,,,,
SB142,Waggoner,Regular Session 2019,03/19/2019,S,,Read for the first time and referred to the Senate committee on Finance and Taxation General Fund,F&TG,,,,
SB142,Waggoner,Regular Session 2019,04/03/2019,S,,Read for the second time and placed on the calendar  1 amendment,,0,13,0,
SB142,Waggoner,Regular Session 2019,04/16/2019,S,,Third Reading Passed,,,,,
SB142,Waggoner,Regular Session 2019,04/16/2019,S,198571-2,Finance and Taxation General Fund  Amendment Offered,,,,,
SB142,Waggoner,Regular Session 2019,04/16/2019,S,,Waggoner motion to Adopt adopted Roll Call 258,,,,,Roll 258
SB142,Waggoner,Regular Session 2019,04/16/2019,S,,Motion to Read a Third Time and Pass adopted Roll Call 259,,,,,Roll 259
SB142,Waggoner,Regular Session 2019,04/18/2019,S,,Engrossed,,,,,
SB142,Waggoner,Regular Session 2019,04/18/2019,H,,Read for the first time and referred to the House of Representatives committee on Ways and Means Education,W&ME,,,,
SB143,Roberts,Regular Session 2019,03/19/2019,S,,Read for the first time and referred to the Senate committee on Governmental Affairs,GA,,,,
SB143,Roberts,Regular Session 2019,04/02/2019,S,,Read for the second time and placed on the calendar,,0,9,0,
SB143,Roberts,Regular Session 2019,,S,,Pending third reading on day 6 Favorable from Governmental Affairs,,,,,
SB144,Gudger,Regular Session 2019,03/19/2019,S,,Read for the first time and referred to the Senate committee on Education Policy,ED,,,,
SB144,Gudger,Regular Session 2019,04/03/2019,S,,Read for the second time and placed on the calendar,,0,9,,
SB144,Gudger,Regular Session 2019,04/09/2019,S,,Third Reading Passed,,,,,
SB144,Gudger,Regular Session 2019,04/09/2019,S,,Motion to Read a Third Time and Pass adopted Roll Call 194,,,,,Roll 194
SB144,Gudger,Regular Session 2019,04/11/2019,H,,"Read for the first time and referred to the House of Representatives committee on Boards, Agencies and Commissions",BA&C,,,,
SB144,Gudger,Regular Session 2019,04/18/2019,H,,Read for the second time and placed on the calendar,,,,,
SB144,Gudger,Regular Session 2019,04/30/2019,H,,Third Reading Passed,,,,,
SB144,Gudger,Regular Session 2019,04/30/2019,H,,Motion to Read a Third Time and Pass adopted Roll Call 453,,,,,Roll 453
SB144,Gudger,Regular Session 2019,05/02/2019,S,,Passed Second House,,,,,
SB144,Gudger,Regular Session 2019,05/02/2019,H,,Signature Requested,,,,,
SB144,Gudger,Regular Session 2019,05/02/2019,S,,Enrolled,,,,,
SB144,Gudger,Regular Session 2019,,S,,"Forwarded to Governor on May 2, 2019 at 11:15 a.m. on May 2, 2019",,,,,
SB145,Waggoner,Regular Session 2019,03/20/2019,S,,Read for the first time and referred to the Senate committee on Finance and Taxation General Fund,F&TG,,,,
SB145,Waggoner,Regular Session 2019,04/03/2019,S,,Read for the second time and placed on the calendar  1 amendment,,0,13,0,
SB145,Waggoner,Regular Session 2019,04/04/2019,S,,Third Reading Passed,,,,,
SB145,Waggoner,Regular Session 2019,04/04/2019,S,198572-2,Finance and Taxation General Fund  Amendment Offered,,,,,
SB145,Waggoner,Regular Session 2019,04/04/2019,S,,Waggoner motion to Adopt adopted Roll Call 167,,,,,Roll 167
SB145,Waggoner,Regular Session 2019,04/04/2019,S,,Motion to Read a Third Time and Pass adopted Roll Call 168,,,,,Roll 168
SB145,Waggoner,Regular Session 2019,04/04/2019,S,,Engrossed,,,,,
SB145,Waggoner,Regular Session 2019,04/04/2019,H,,Read for the first time and referred to the House of Representatives committee on Ways and Means Education,W&ME,,,,
SB146,Waggoner,Regular Session 2019,03/20/2019,S,,Read for the first time and referred to the Senate committee on Jefferson County Legislation,LLJ,,,,
SB146,Waggoner,Regular Session 2019,04/16/2019,S,,Read for the second time and placed on the calendar,,0,5,0,
SB146,Waggoner,Regular Session 2019,04/18/2019,S,,Third Reading Passed,,,,,
SB146,Waggoner,Regular Session 2019,04/18/2019,S,,Motion to Read a Third Time and Pass adopted Roll Call 304,,,,,Roll 304
SB146,Waggoner,Regular Session 2019,04/18/2019,H,,Read for the first time and referred to the House of Representatives committee on Jefferson County Legislation,JCL,,,,
SB146,Waggoner,Regular Session 2019,04/25/2019,H,,Read for the second time and placed on the calendar,,,,,
SB146,Waggoner,Regular Session 2019,,H,,Pending third reading on day 14 Favorable from Jefferson County Legislation,,,,,
SB147,Waggoner,Regular Session 2019,03/20/2019,S,,Read for the first time and referred to the Senate committee on Fiscal Responsibility and Economic Development,FRED,,,,
SB147,Waggoner,Regular Session 2019,04/03/2019,S,,Read for the second time and placed on the calendar,,0,9,,
SB147,Waggoner,Regular Session 2019,04/09/2019,S,,Third Reading Carried Over to Call of the Chair,,,,,
SB147,Waggoner,Regular Session 2019,04/09/2019,S,198741-1,Waggoner  Amendment Offered,,,,,
SB147,Waggoner,Regular Session 2019,04/09/2019,S,,Waggoner motion to Adopt adopted Roll Call 184,,,,,Roll 184
SB147,Waggoner,Regular Session 2019,04/09/2019,S,198943-1,Elliott  Amendment Offered,,,,,
SB147,Waggoner,Regular Session 2019,04/09/2019,S,,Elliott motion to Adopt adopted Roll Call 185,,,,,Roll 185
SB147,Waggoner,Regular Session 2019,04/09/2019,S,198615-2,Orr  Amendment Offered,,,,,
SB147,Waggoner,Regular Session 2019,04/09/2019,S,,Waggoner motion to Table lost Roll Call 186,,,,,Roll 186
SB147,Waggoner,Regular Session 2019,04/09/2019,S,,Waggoner motion to Carry Over to the Call of the Chair adopted Voice Vote,,,,,
SB147,Waggoner,Regular Session 2019,04/16/2019,S,,Third Reading Passed,,,,,
SB147,Waggoner,Regular Session 2019,04/16/2019,S,198615-2,Orr  Amendment Offered,,,,,
SB147,Waggoner,Regular Session 2019,04/16/2019,S,,Orr motion to Table adopted Voice Vote,,,,,
SB147,Waggoner,Regular Session 2019,04/16/2019,S,199376-1,Orr  Amendment Offered,,,,,
SB147,Waggoner,Regular Session 2019,04/16/2019,S,,Orr motion to Adopt adopted Roll Call 273,,,,,Roll 273
SB147,Waggoner,Regular Session 2019,04/16/2019,S,,Motion to Read a Third Time and Pass adopted Roll Call 274,,,,,Roll 274
SB147,Waggoner,Regular Session 2019,04/18/2019,S,,Engrossed,,,,,
SB147,Waggoner,Regular Session 2019,04/18/2019,H,,Read for the first time and referred to the House of Representatives committee on State Government,SG,,,,
SB147,Waggoner,Regular Session 2019,04/25/2019,H,,Read for the second time and placed on the calendar,,,,,
SB147,Waggoner,Regular Session 2019,05/02/2019,H,,Third Reading Passed,,,,,
SB147,Waggoner,Regular Session 2019,05/02/2019,H,,Motion to Read a Third Time and Pass adopted Roll Call 462,,,,,Roll 462
SB147,Waggoner,Regular Session 2019,05/02/2019,S,,Passed Second House,,,,,
SB147,Waggoner,Regular Session 2019,05/02/2019,H,,Signature Requested,,,,,
SB147,Waggoner,Regular Session 2019,05/02/2019,S,,Enrolled,,,,,
SB147,Waggoner,Regular Session 2019,,S,,"Delivered to Governor at 12:39 p.m. on May 2, 2019",,,,,
SB148,Waggoner,Regular Session 2019,03/20/2019,S,,Read for the first time and referred to the Senate committee on Judiciary,JUDY,,,,
SB149,Shelnutt,Regular Session 2019,03/20/2019,S,,Read for the first time and referred to the Senate committee on Education Policy,ED,,,,
SB150,Allen,Regular Session 2019,03/20/2019,S,,Read for the first time and referred to the Senate committee on Healthcare,HLTH,,,,
SB151,Melson,Regular Session 2019,03/20/2019,S,,Read for the first time and referred to the Senate committee on Healthcare,HLTH,,,,
SB152,Beasley,Regular Session 2019,03/20/2019,S,,Read for the first time and referred to the Senate committee on Governmental Affairs,GA,,,,
SB152,Beasley,Regular Session 2019,04/02/2019,S,,Read for the second time and placed on the calendar,,0,9,0,
SB152,Beasley,Regular Session 2019,04/03/2019,S,,Third Reading Carried Over to Call of the Chair,,,,,
SB152,Beasley,Regular Session 2019,04/03/2019,S,,Beasley motion to Carry Over to the Call of the Chair adopted Voice Vote,,,,,
SB152,Beasley,Regular Session 2019,,S,,Further Consideration,,,,,
SB153,Melson,Regular Session 2019,03/20/2019,S,,Read for the first time and referred to the Senate committee on Governmental Affairs,GA,,,,
SB153,Melson,Regular Session 2019,04/16/2019,S,,Reported from Governmental Affairs as Favorable,,0,11,0,
SB153,Melson,Regular Session 2019,04/30/2019,S,,Third Reading Passed,,,,,
SB153,Melson,Regular Session 2019,04/30/2019,S,,Motion to Read a Third Time and Pass adopted Roll Call 438,,,,,Roll 438
SB153,Melson,Regular Session 2019,04/30/2019,H,,Read for the first time and referred to the House of Representatives committee on Ways and Means General Fund,W&MGF,,,,
SB153,Melson,Regular Session 2019,05/08/2019,H,,Read for the second time and placed on the calendar  1 amendment,,,,,
SB153,Melson,Regular Session 2019,,H,,Pending third reading on day 18 Favorable from Ways and Means General Fund with 1 amendment,,,,,
SB153,Melson,Regular Session 2019,,H,200848-1,Ways and Means General Fund first Amendment Offered,,,,,
SB154,Elliott,Regular Session 2019,03/20/2019,S,,Read for the first time and referred to the Senate committee on Transportation and Energy,T&E,,,,
SB154,Elliott,Regular Session 2019,05/02/2019,S,,Read for the second time and placed on the calendar with 1 substitute and,,0,9,,
SB154,Elliott,Regular Session 2019,,S,,Pending third reading on day 16 Favorable from Transportation and Energy with 1 substitute,,,,,
SB154,Elliott,Regular Session 2019,,S,200127-2,Transportation and Energy first Substitute Offered,,,,,
SB155,Ward,Regular Session 2019,03/20/2019,S,,Read for the first time and referred to the Senate committee on Judiciary,JUDY,,,,
SB156,McClendon,Regular Session 2019,03/20/2019,S,,Read for the first time and referred to the Senate committee on Healthcare,HLTH,,,,
SB157,Chambliss,Regular Session 2019,03/20/2019,S,,Read for the first time and referred to the Senate committee on Governmental Affairs,GA,,,,
SB157,Chambliss,Regular Session 2019,04/16/2019,S,,Reported from Governmental Affairs as Favorable with 1 amendment,,0,11,0,
SB157,Chambliss,Regular Session 2019,,S,198688-2,Governmental Affairs first Amendment Offered,,,,,
SB157,Chambliss,Regular Session 2019,,S,,Pending third reading on day 11 Favorable from Governmental Affairs with 1 amendment,,,,,
SB158,Whatley,Regular Session 2019,03/20/2019,S,,Read for the first time and referred to the Senate committee on Finance and Taxation Education,F&TE,,,,
SB159,Chesteen,Regular Session 2019,03/20/2019,S,,Read for the first time and referred to the Senate committee on Finance and Taxation Education,F&TE,,,,
SB160,Elliott,Regular Session 2019,03/20/2019,S,,Read for the first time and referred to the Senate committee on Fiscal Responsibility and Economic Development,FRED,,,,
SB161,Waggoner,Regular Session 2019,03/21/2019,S,,Read for the first time and referred to the Senate committee on Governmental Affairs,GA,,,,
SB161,Waggoner,Regular Session 2019,04/09/2019,S,,Read for the second time and placed on the calendar,,0,11,0,
SB161,Waggoner,Regular Session 2019,04/18/2019,S,,Third Reading Passed,,,,,
SB161,Waggoner,Regular Session 2019,04/18/2019,S,,Motion to Read a Third Time and Pass adopted Roll Call 321,,,,,Roll 321
SB161,Waggoner,Regular Session 2019,04/18/2019,H,,"Read for the first time and referred to the House of Representatives committee on Boards, Agencies and Commissions",BA&C,,,,
SB161,Waggoner,Regular Session 2019,04/25/2019,H,,Read for the second time and placed on the calendar,,,,,
SB161,Waggoner,Regular Session 2019,,H,,"Pending third reading on day 14 Favorable from Boards, Agencies and Commissions",,,,,
SB162,Figures,Regular Session 2019,03/21/2019,S,,Read for the first time and referred to the Senate committee on Governmental Affairs,GA,,,,
SB162,Figures,Regular Session 2019,04/09/2019,S,,Read for the second time and placed on the calendar,,0,9,0,
SB162,Figures,Regular Session 2019,04/16/2019,S,,Third Reading Passed,,,,,
SB162,Figures,Regular Session 2019,04/16/2019,S,,Motion to Read a Third Time and Pass adopted Roll Call 270,,,,,Roll 270
SB162,Figures,Regular Session 2019,04/18/2019,H,,Read for the first time and referred to the House of Representatives committee on State Government,SG,,,,
SB162,Figures,Regular Session 2019,05/02/2019,H,,Read for the second time and placed on the calendar  1 amendment,,,,,
SB162,Figures,Regular Session 2019,,H,,Pending third reading on day 16 Favorable from State Government with 1 amendment,,,,,
SB162,Figures,Regular Session 2019,,H,200393-2,State Government first Amendment Offered,,,,,
SB163,Ward,Regular Session 2019,03/21/2019,S,,Read for the first time and referred to the Senate committee on Judiciary,JUDY,,,,
SB163,Ward,Regular Session 2019,04/03/2019,S,,Read for the second time and placed on the calendar,,0,10,0,
SB163,Ward,Regular Session 2019,04/04/2019,S,,Third Reading Passed,,,,,
SB163,Ward,Regular Session 2019,04/04/2019,S,,Motion to Read a Third Time and Pass adopted Roll Call 157,,,,,Roll 157
SB163,Ward,Regular Session 2019,04/04/2019,H,,Read for the first time and referred to the House of Representatives committee on Judiciary,JUDY,,,,
SB163,Ward,Regular Session 2019,04/18/2019,H,,Read for the second time and placed on the calendar  1 amendment,,,,,
SB163,Ward,Regular Session 2019,,H,,Pending third reading on day 12 Favorable from Judiciary with 1 amendment,,,,,
SB163,Ward,Regular Session 2019,,H,199429-2,Judiciary first Amendment Offered,,,,,
SB164,,Regular Session 2019,03/21/2019,S,,Read for the first time and referred to the Senate committee on Judiciary,JUDY,,,,
SB165,Whatley,Regular Session 2019,03/21/2019,S,,Read for the first time and referred to the Senate committee on Healthcare,HLTH,,,,
SB166,Ward,Regular Session 2019,03/21/2019,S,,Read for the first time and referred to the Senate committee on Governmental Affairs,GA,,,,
SB167,Price,Regular Session 2019,03/21/2019,S,,"Read for the first time and referred to the Senate committee on Agriculture, Conservation and Forestry",AC&F,,,,
SB167,Price,Regular Session 2019,04/03/2019,S,,Read for the second time and placed on the calendar,,0,12,,
SB167,Price,Regular Session 2019,05/02/2019,S,,Third Reading Carried Over to Call of the Chair,,,,,
SB167,Price,Regular Session 2019,05/02/2019,S,,Price motion to Carry Over to the Call of the Chair adopted Voice Vote,,,,,
SB167,Price,Regular Session 2019,05/02/2019,S,,Third Reading Passed,,,,,
SB167,Price,Regular Session 2019,05/02/2019,S,200524-1,Price  Amendment Offered,,,,,
SB167,Price,Regular Session 2019,05/02/2019,S,,Price motion to Adopt adopted Roll Call 579,,,,,Roll 579
SB167,Price,Regular Session 2019,05/02/2019,S,,Motion to Read a Third Time and Pass adopted Roll Call 580,,,,,Roll 580
SB167,Price,Regular Session 2019,05/02/2019,S,,Engrossed,,,,,
SB167,Price,Regular Session 2019,05/02/2019,H,,Read for the first time and referred to the House of Representatives committee on Agriculture and Forestry,A&F,,,,
SB167,Price,Regular Session 2019,05/07/2019,H,,Read for the second time and placed on the calendar,,,,,
SB167,Price,Regular Session 2019,,H,,Pending third reading on day 17 Favorable from Agriculture and Forestry,,,,,
SB168,Livingston,Regular Session 2019,03/21/2019,S,,Read for the first time and referred to the Senate committee on Fiscal Responsibility and Economic Development,FRED,,,,
SB169,Scofield,Regular Session 2019,03/21/2019,S,,Read for the first time and referred to the Senate committee on Education Policy,ED,,,,
SB169,Scofield,Regular Session 2019,04/03/2019,S,,Read for the second time and placed on the calendar,,0,9,,
SB169,Scofield,Regular Session 2019,04/16/2019,S,,Third Reading Passed,,,,,
SB169,Scofield,Regular Session 2019,04/16/2019,S,,Motion to Read a Third Time and Pass adopted Roll Call 256,,,,,Roll 256
SB169,Scofield,Regular Session 2019,04/18/2019,H,,"Read for the first time and referred to the House of Representatives committee on Boards, Agencies and Commissions",BA&C,,,,
SB169,Scofield,Regular Session 2019,05/08/2019,H,,Read for the second time and placed on the calendar,,,,,
SB169,Scofield,Regular Session 2019,,H,,"Pending third reading on day 18 Favorable from Boards, Agencies and Commissions",,,,,
SB170,Waggoner,Regular Session 2019,03/21/2019,S,,Read for the first time and referred to the Senate committee on Governmental Affairs,GA,,,,
SB171,Gudger,Regular Session 2019,03/21/2019,S,,Read for the first time and referred to the Senate committee on Tourism,TM,,,,
SB171,Gudger,Regular Session 2019,04/04/2019,S,,Read for the second time and placed on the calendar,,0,9,1,
SB171,Gudger,Regular Session 2019,,S,,Pending third reading on day 8 Favorable from Tourism,,,,,
SB172,Gudger,Regular Session 2019,03/21/2019,S,,Read for the first time and referred to the Senate committee on Governmental Affairs,GA,,,,
SB172,Gudger,Regular Session 2019,04/16/2019,S,,Reported from Governmental Affairs as Favorable,,0,11,0,
SB172,Gudger,Regular Session 2019,,S,,Pending third reading on day 11 Favorable from Governmental Affairs,,,,,
SB173,Gudger,Regular Session 2019,03/21/2019,S,,Read for the first time and referred to the Senate committee on Governmental Affairs,GA,,,,
SB173,Gudger,Regular Session 2019,04/16/2019,S,,Reported from Governmental Affairs as Favorable,,0,11,0,
SB173,Gudger,Regular Session 2019,04/30/2019,S,,Third Reading Passed,,,,,
SB173,Gudger,Regular Session 2019,04/30/2019,S,199440-1,Gudger  Amendment Offered,,,,,
SB173,Gudger,Regular Session 2019,04/30/2019,S,,Gudger motion to Adopt adopted Roll Call 453,,,,,Roll 453
SB173,Gudger,Regular Session 2019,04/30/2019,S,,Motion to Read a Third Time and Pass adopted Roll Call 454,,,,,Roll 454
SB173,Gudger,Regular Session 2019,04/30/2019,S,,Engrossed,,,,,
SB173,Gudger,Regular Session 2019,04/30/2019,H,,"Read for the first time and referred to the House of Representatives committee on Transportation, Utilities and Infrastructure",TU&I,,,,
SB173,Gudger,Regular Session 2019,05/08/2019,H,,Read for the second time and placed on the calendar,,,,,
SB173,Gudger,Regular Session 2019,,H,,"Pending third reading on day 18 Favorable from Transportation, Utilities and Infrastructure",,,,,
SB174,Givhan,Regular Session 2019,04/02/2019,S,,Read for the first time and referred to the Senate committee on Fiscal Responsibility and Economic Development,FRED,,,,
SB174,Givhan,Regular Session 2019,04/18/2019,S,,Read for the second time and placed on the calendar,,0,9,,
SB174,Givhan,Regular Session 2019,,S,,Pending third reading on day 12 Favorable from Fiscal Responsibility and Economic Development,,,,,
SB175,Waggoner,Regular Session 2019,04/02/2019,S,,Read for the first time and referred to the Senate committee on Governmental Affairs,GA,,,,
SB175,Waggoner,Regular Session 2019,05/02/2019,S,,Read for the second time and placed on the calendar,,0,7,0,
SB175,Waggoner,Regular Session 2019,05/07/2019,S,,Third Reading Passed,,,,,
SB175,Waggoner,Regular Session 2019,05/07/2019,S,,Motion to Read a Third Time and Pass adopted Roll Call 633,,,,,Roll 633
SB175,Waggoner,Regular Session 2019,05/07/2019,H,,Read for the first time and referred to the House of Representatives committee on County and Municipal Government,C&MG,,,,
SB176,Waggoner,Regular Session 2019,04/02/2019,S,,Read for the first time and referred to the Senate committee on Jefferson County Legislation,LLJ,,,,
SB176,Waggoner,Regular Session 2019,04/16/2019,S,,Read for the second time and placed on the calendar,,0,5,0,
SB176,Waggoner,Regular Session 2019,04/18/2019,S,,Third Reading Passed,,,,,
SB176,Waggoner,Regular Session 2019,04/18/2019,S,,Motion to Read a Third Time and Pass adopted Roll Call 306,,,,,Roll 306
SB176,Waggoner,Regular Session 2019,04/18/2019,H,,Read for the first time and referred to the House of Representatives committee on Jefferson County Legislation,JCL,,,,
SB176,Waggoner,Regular Session 2019,04/25/2019,H,,Read for the second time and placed on the calendar,,,,,
SB176,Waggoner,Regular Session 2019,04/25/2019,H,,Rereferred from calendar to SCL,SCL,,,,
SB176,Waggoner,Regular Session 2019,05/02/2019,H,,Read for the second time and placed on the calendar,,,,,
SB176,Waggoner,Regular Session 2019,,H,,Pending third reading on day 16 Favorable from Shelby County Legislation,,,,,
SB177,Waggoner,Regular Session 2019,04/02/2019,S,,Read for the first time and referred to the Senate committee on Jefferson County Legislation,LLJ,,,,
SB177,Waggoner,Regular Session 2019,04/16/2019,S,,Read for the second time and placed on the calendar,,0,5,0,
SB177,Waggoner,Regular Session 2019,04/18/2019,S,,Third Reading Passed,,,,,
SB177,Waggoner,Regular Session 2019,04/18/2019,S,,Motion to Read a Third Time and Pass adopted Roll Call 308,,,,,Roll 308
SB177,Waggoner,Regular Session 2019,04/18/2019,H,,Read for the first time and referred to the House of Representatives committee on Jefferson County Legislation,JCL,,,,
SB177,Waggoner,Regular Session 2019,04/25/2019,H,,Read for the second time and placed on the calendar,,,,,
SB177,Waggoner,Regular Session 2019,,H,,Pending third reading on day 14 Favorable from Jefferson County Legislation,,,,,
SB178,Smitherman,Regular Session 2019,04/02/2019,S,,Read for the first time and referred to the Senate committee on Fiscal Responsibility and Economic Development,FRED,,,,
SB178,Smitherman,Regular Session 2019,04/16/2019,S,,Read for the second time and placed on the calendar,,0,10,,
SB178,Smitherman,Regular Session 2019,,S,,Pending third reading on day 11 Favorable from Fiscal Responsibility and Economic Development,,,,,
SB179,Smitherman,Regular Session 2019,04/02/2019,S,,Read for the first time and referred to the Senate committee on Judiciary,JUDY,,,,
SB179,Smitherman,Regular Session 2019,04/25/2019,S,,Read for the second time and placed on the calendar,,0,11,0,
SB179,Smitherman,Regular Session 2019,05/02/2019,S,,Third Reading Passed,,,,,
SB179,Smitherman,Regular Session 2019,05/02/2019,S,,Motion to Read a Third Time and Pass adopted Roll Call 570,,,,,Roll 570
SB179,Smitherman,Regular Session 2019,05/02/2019,H,,Read for the first time and referred to the House of Representatives committee on Judiciary,JUDY,,,,
SB180,Smitherman,Regular Session 2019,04/02/2019,S,,Read for the first time and referred to the Senate committee on Finance and Taxation Education,F&TE,,,,
SB181,Shelnutt,Regular Session 2019,04/02/2019,S,,Read for the first time and referred to the Senate committee on Fiscal Responsibility and Economic Development,FRED,,,,
SB181,Shelnutt,Regular Session 2019,04/16/2019,S,,Read for the second time and placed on the calendar,,0,8,,
SB181,Shelnutt,Regular Session 2019,,S,,Pending third reading on day 11 Favorable from Fiscal Responsibility and Economic Development,,,,,
SB182,Chambliss,Regular Session 2019,04/02/2019,S,,Read for the first time and referred to the Senate committee on Governmental Affairs,GA,,,,
SB182,Chambliss,Regular Session 2019,04/23/2019,S,,Read for the second time and placed on the calendar,,0,11,0,
SB182,Chambliss,Regular Session 2019,05/07/2019,S,,Third Reading Carried Over to Call of the Chair,,,,,
SB182,Chambliss,Regular Session 2019,05/07/2019,S,,Chambliss motion to Carry Over to the Call of the Chair adopted Voice Vote,,,,,
SB182,Chambliss,Regular Session 2019,05/08/2019,S,,Third Reading Passed,,,,,
SB182,Chambliss,Regular Session 2019,05/08/2019,S,,Motion to Read a Third Time and Pass adopted Roll Call 664,,,,,Roll 664
SB182,Chambliss,Regular Session 2019,,,,,,,,,
SB183,Sessions,Regular Session 2019,04/02/2019,S,,"Read for the first time and referred to the Senate committee on Agriculture, Conservation and Forestry",AC&F,,,,
SB183,Sessions,Regular Session 2019,04/03/2019,S,,Read for the second time and placed on the calendar with 1 substitute and,,0,12,,
SB183,Sessions,Regular Session 2019,,S,,"Pending third reading on day 7 Favorable from Agriculture, Conservation and Forestry with 1 substitute",,,,,
SB183,Sessions,Regular Session 2019,,S,198569-2,"Agriculture, Conservation and Forestry first Substitute Offered",,,,,
SB184,Albritton,Regular Session 2019,04/02/2019,S,,Read for the first time and referred to the Senate committee on Governmental Affairs,GA,,,,
SB184,Albritton,Regular Session 2019,04/16/2019,S,,Reported from Governmental Affairs as Favorable,,0,11,0,
SB184,Albritton,Regular Session 2019,04/23/2019,S,,Third Reading Passed,,,,,
SB184,Albritton,Regular Session 2019,04/23/2019,S,,Motion to Read a Third Time and Pass adopted Roll Call 372,,,,,Roll 372
SB184,Albritton,Regular Session 2019,04/23/2019,H,,Read for the first time and referred to the House of Representatives committee on Ways and Means General Fund,W&MGF,,,,
SB184,Albritton,Regular Session 2019,05/08/2019,H,,Read for the second time and placed on the calendar,,,,,
SB184,Albritton,Regular Session 2019,,H,,Pending third reading on day 18 Favorable from Ways and Means General Fund,,,,,
SB185,Singleton,Regular Session 2019,04/02/2019,S,,Read for the first time and referred to the Senate committee on Finance and Taxation General Fund,F&TG,,,,
SB186,Singleton,Regular Session 2019,04/02/2019,S,,Read for the first time and referred to the Senate committee on Finance and Taxation General Fund,F&TG,,,,
SB186,Singleton,Regular Session 2019,04/04/2019,S,,Rereferred to Committee on Finance and Taxation Education,F&TE,,,,
SB187,Singleton,Regular Session 2019,04/02/2019,S,,Read for the first time and referred to the Senate committee on Finance and Taxation General Fund,F&TG,,,,
SB187,Singleton,Regular Session 2019,04/04/2019,S,,Rereferred to Committee on Finance and Taxation Education,F&TE,,,,
SB188,Allen,Regular Session 2019,04/02/2019,S,,Read for the first time and referred to the Senate committee on Fiscal Responsibility and Economic Development,FRED,,,,
SB189,Coleman-Madison,Regular Session 2019,04/02/2019,S,,Read for the first time and referred to the Senate committee on Governmental Affairs,GA,,,,
SB190,Coleman-Madison,Regular Session 2019,04/02/2019,S,,Read for the first time and referred to the Senate committee on Judiciary,JUDY,,,,
SB190,Coleman-Madison,Regular Session 2019,04/11/2019,S,,Read for the second time and placed on the calendar  1 amendment,,0,12,0,
SB190,Coleman-Madison,Regular Session 2019,04/18/2019,S,,Third Reading Passed,,,,,
SB190,Coleman-Madison,Regular Session 2019,04/18/2019,S,198982-2,Judiciary  Amendment Offered,,,,,
SB190,Coleman-Madison,Regular Session 2019,04/18/2019,S,,Coleman-Madison motion to Adopt adopted Roll Call 323,,,,,Roll 323
SB190,Coleman-Madison,Regular Session 2019,04/18/2019,S,,Motion to Read a Third Time and Pass adopted Roll Call 324,,,,,Roll 324
SB190,Coleman-Madison,Regular Session 2019,04/23/2019,S,,Engrossed,,,,,
SB190,Coleman-Madison,Regular Session 2019,04/23/2019,H,,Read for the first time and referred to the House of Representatives committee on Judiciary,JUDY,,,,
SB190,Coleman-Madison,Regular Session 2019,05/02/2019,H,,Read for the second time and placed on the calendar,,,,,
SB190,Coleman-Madison,Regular Session 2019,,H,,Pending third reading on day 16 Favorable from Judiciary,,,,,
SB191,Orr,Regular Session 2019,04/02/2019,S,,Read for the first time and referred to the Senate committee on Judiciary,JUDY,,,,
SB191,Orr,Regular Session 2019,04/03/2019,S,,Read for the second time and placed on the calendar,,0,12,0,
SB191,Orr,Regular Session 2019,04/04/2019,S,,Third Reading Carried Over,,,,,
SB191,Orr,Regular Session 2019,04/04/2019,S,,Marsh motion to Carry Over adopted Voice Vote,,,,,
SB191,Orr,Regular Session 2019,,S,,Further Consideration,,,,,
SB192,Orr,Regular Session 2019,04/02/2019,S,,Read for the first time and referred to the Senate committee on Finance and Taxation Education,F&TE,,,,
SB192,Orr,Regular Session 2019,04/25/2019,S,,Read for the second time and placed on the calendar,,0,14,0,
SB192,Orr,Regular Session 2019,05/02/2019,S,,Third Reading Passed,,,,,
SB192,Orr,Regular Session 2019,05/02/2019,S,,Motion to Read a Third Time and Pass adopted Roll Call 539,,,,,Roll 539
SB192,Orr,Regular Session 2019,05/02/2019,H,,Read for the first time and referred to the House of Representatives committee on Ways and Means Education,W&ME,,,,
SB193,Orr,Regular Session 2019,04/02/2019,S,,Read for the first time and referred to the Senate committee on Fiscal Responsibility and Economic Development,FRED,,,,
SB193,Orr,Regular Session 2019,04/16/2019,S,,Read for the second time and placed on the calendar,,0,10,,
SB193,Orr,Regular Session 2019,04/23/2019,S,,Third Reading Passed,,,,,
SB193,Orr,Regular Session 2019,04/23/2019,S,,Motion to Read a Third Time and Pass adopted Roll Call 353,,,,,Roll 353
SB193,Orr,Regular Session 2019,04/23/2019,H,,Read for the first time and referred to the House of Representatives committee on Commerce and Small Business,C&SB,,,,
SB193,Orr,Regular Session 2019,05/02/2019,H,,Read for the second time and placed on the calendar,,,,,
SB193,Orr,Regular Session 2019,,H,,Pending third reading on day 16 Favorable from Commerce and Small Business,,,,,
SB194,Singleton,Regular Session 2019,04/02/2019,S,,Read for the first time and referred to the Senate committee on Healthcare,HLTH,,,,
SB194,Singleton,Regular Session 2019,05/02/2019,S,,Read for the second time and placed on the calendar,,0,11,0,
SB194,Singleton,Regular Session 2019,,S,,Pending third reading on day 16 Favorable from Healthcare,,,,,
SB195,Orr,Regular Session 2019,04/02/2019,S,,Read for the first time and referred to the Senate committee on Finance and Taxation Education,F&TE,,,,
SB195,Orr,Regular Session 2019,04/25/2019,S,,Read for the second time and placed on the calendar with 1 substitute and,,0,14,0,
SB195,Orr,Regular Session 2019,05/02/2019,S,,Third Reading Passed,,,,,
SB195,Orr,Regular Session 2019,05/02/2019,S,199625-2,Finance and Taxation Education first Substitute Offered,,,,,
SB195,Orr,Regular Session 2019,05/02/2019,S,,Orr motion to Adopt adopted Roll Call 542,,,,,Roll 542
SB195,Orr,Regular Session 2019,05/02/2019,S,200180-1,Orr  Amendment Offered,,,,,
SB195,Orr,Regular Session 2019,05/02/2019,S,,Orr motion to Adopt adopted Roll Call 543,,,,,Roll 543
SB195,Orr,Regular Session 2019,05/02/2019,S,,Motion to Read a Third Time and Pass adopted Roll Call 544,,,,,Roll 544
SB195,Orr,Regular Session 2019,05/02/2019,S,,Engrossed,,,,,
SB195,Orr,Regular Session 2019,05/02/2019,H,,Read for the first time and referred to the House of Representatives committee on Ways and Means Education,W&ME,,,,
SB196,Orr,Regular Session 2019,04/02/2019,S,,Read for the first time and referred to the Senate committee on Finance and Taxation Education,F&TE,,,,
SB196,Orr,Regular Session 2019,04/25/2019,S,,Read for the second time and placed on the calendar,,0,14,0,
SB196,Orr,Regular Session 2019,05/02/2019,S,,Third Reading Passed,,,,,
SB196,Orr,Regular Session 2019,05/02/2019,S,,Motion to Read a Third Time and Pass adopted Roll Call 546,,,,,Roll 546
SB196,Orr,Regular Session 2019,05/02/2019,H,,Read for the first time and referred to the House of Representatives committee on Ways and Means Education,W&ME,,,,
SB197,Sanders-Fortier,Regular Session 2019,04/02/2019,S,,Read for the first time and referred to the Senate committee on Finance and Taxation Education,F&TE,,,,
SB197,Sanders-Fortier,Regular Session 2019,04/25/2019,S,,Read for the second time and placed on the calendar,,0,14,0,
SB197,Sanders-Fortier,Regular Session 2019,05/02/2019,S,,Third Reading Passed,,,,,
SB197,Sanders-Fortier,Regular Session 2019,05/02/2019,S,,Motion to Read a Third Time and Pass adopted Roll Call 548,,,,,Roll 548
SB197,Sanders-Fortier,Regular Session 2019,05/02/2019,H,,Read for the first time and referred to the House of Representatives committee on Ways and Means Education,W&ME,,,,
SB198,Orr,Regular Session 2019,04/02/2019,S,,Read for the first time and referred to the Senate committee on Judiciary,JUDY,,,,
SB198,Orr,Regular Session 2019,04/18/2019,S,,Read for the second time and placed on the calendar  1 amendment,,0,11,0,
SB198,Orr,Regular Session 2019,04/30/2019,S,,Third Reading Passed,,,,,
SB198,Orr,Regular Session 2019,04/30/2019,S,199477-1,Judiciary  Amendment Offered,,,,,
SB198,Orr,Regular Session 2019,04/30/2019,S,199477-1,Judiciary  Amendment Offered,,,,,
SB198,Orr,Regular Session 2019,04/30/2019,S,,Orr motion to Adopt adopted Roll Call 427,,,,,Roll 427
SB198,Orr,Regular Session 2019,04/30/2019,S,,Orr motion to Reconsider adopted Voice Vote,,,,,
SB198,Orr,Regular Session 2019,04/30/2019,S,,Motion to Read a Third Time and Pass adopted Roll Call 428,,,,,Roll 428
SB198,Orr,Regular Session 2019,04/30/2019,S,,Orr motion to  adopted Voice Vote,,,,,
SB198,Orr,Regular Session 2019,04/30/2019,S,200234-1,Orr  Amendment Offered,,,,,
SB198,Orr,Regular Session 2019,04/30/2019,S,,Orr motion to Adopt adopted Roll Call 432,,,,,Roll 432
SB198,Orr,Regular Session 2019,04/30/2019,S,,Motion to Read a Third Time and Pass adopted Roll Call 433,,,,,Roll 433
SB198,Orr,Regular Session 2019,04/30/2019,S,,Engrossed,,,,,
SB198,Orr,Regular Session 2019,04/30/2019,H,,Read for the first time and referred to the House of Representatives committee on Judiciary,JUDY,,,,
SB198,Orr,Regular Session 2019,05/07/2019,H,,Read for the second time and placed on the calendar  1 amendment,,,,,
SB198,Orr,Regular Session 2019,,H,,Pending third reading on day 17 Favorable from Judiciary with 1 amendment,,,,,
SB198,Orr,Regular Session 2019,,H,200673-1,Judiciary first Amendment Offered,,,,,
SB199,Orr,Regular Session 2019,04/02/2019,S,,Read for the first time and referred to the Senate committee on Finance and Taxation Education,F&TE,,,,
SB199,Orr,Regular Session 2019,04/30/2019,S,,Read for the second time and placed on the calendar with 1 substitute and,,1,13,0,
SB199,Orr,Regular Session 2019,05/02/2019,S,,Third Reading Passed,,,,,
SB199,Orr,Regular Session 2019,05/02/2019,S,,Motion to Read a Third Time and Pass adopted Roll Call 540,,,,,Roll 540
SB199,Orr,Regular Session 2019,05/02/2019,S,200181-1,Finance and Taxation Education first Substitute Offered,,,,,
SB199,Orr,Regular Session 2019,05/02/2019,S,,Orr motion to Adopt adopted Roll Call 534,,,,,Roll 534
SB199,Orr,Regular Session 2019,05/02/2019,S,200467-1,Orr  Amendment Offered,,,,,
SB199,Orr,Regular Session 2019,05/02/2019,S,,Orr motion to Adopt adopted Roll Call 535,,,,,Roll 535
SB199,Orr,Regular Session 2019,05/02/2019,S,200462-2,Smitherman  Amendment Offered,,,,,
SB199,Orr,Regular Session 2019,05/02/2019,S,,Gudger motion to Adopt adopted Roll Call 536,,,,,Roll 536
SB199,Orr,Regular Session 2019,05/02/2019,S,,Motion to Read a Third Time and Pass adopted Roll Call 537,,,,,Roll 537
SB199,Orr,Regular Session 2019,05/02/2019,S,,Figures motion to Reconsider adopted Voice Vote,,,,,
SB199,Orr,Regular Session 2019,05/02/2019,H,,Read for the first time and referred to the House of Representatives committee on Ways and Means Education,W&ME,,,,
SB199,Orr,Regular Session 2019,,S,,Engrossed,,,,,
SB199,Orr,Regular Session 2019,,S,,Third Reading Received,,,,,
SB199,Orr,Regular Session 2019,,S,,Engrossed,,,,,
SB200,Beasley,Regular Session 2019,04/02/2019,S,,Read for the first time and referred to the Senate committee on Finance and Taxation Education,F&TE,,,,
SB200,Beasley,Regular Session 2019,04/25/2019,S,,Read for the second time and placed on the calendar,,0,14,0,
SB200,Beasley,Regular Session 2019,05/02/2019,S,,Third Reading Passed,,,,,
SB200,Beasley,Regular Session 2019,05/02/2019,S,,Motion to Read a Third Time and Pass adopted Roll Call 550,,,,,Roll 550
SB200,Beasley,Regular Session 2019,05/02/2019,H,,Read for the first time and referred to the House of Representatives committee on Ways and Means Education,W&ME,,,,
SB201,Beasley,Regular Session 2019,04/02/2019,S,,Read for the first time and referred to the Senate committee on Finance and Taxation Education,F&TE,,,,
SB201,Beasley,Regular Session 2019,05/08/2019,S,,Read for the second time and placed on the calendar  1 amendment,,0,10,0,
SB201,Beasley,Regular Session 2019,,S,200627-2,Finance and Taxation Education first Amendment Offered,,,,,
SB201,Beasley,Regular Session 2019,,S,,Pending third reading on day 18 Favorable from Finance and Taxation Education with 1 amendment,,,,,
SB202,Orr,Regular Session 2019,04/02/2019,S,,Read for the first time and referred to the Senate committee on Governmental Affairs,GA,,,,
SB202,Orr,Regular Session 2019,04/09/2019,S,,Read for the second time and placed on the calendar,,0,10,0,
SB202,Orr,Regular Session 2019,04/18/2019,S,,Third Reading Passed,,,,,
SB202,Orr,Regular Session 2019,04/18/2019,S,198865-1,Orr  Amendment Offered,,,,,
SB202,Orr,Regular Session 2019,04/18/2019,S,,Orr motion to Adopt adopted Roll Call 326,,,,,Roll 326
SB202,Orr,Regular Session 2019,04/18/2019,S,,Motion to Read a Third Time and Pass adopted Roll Call 327,,,,,Roll 327
SB202,Orr,Regular Session 2019,04/23/2019,S,,Engrossed,,,,,
SB202,Orr,Regular Session 2019,04/23/2019,H,,Read for the first time and referred to the House of Representatives committee on County and Municipal Government,C&MG,,,,
SB203,Whatley,Regular Session 2019,04/02/2019,S,,Read for the first time and referred to the Senate committee on Finance and Taxation Education,F&TE,,,,
SB203,Whatley,Regular Session 2019,04/25/2019,S,,Read for the second time and placed on the calendar,,0,14,0,
SB203,Whatley,Regular Session 2019,05/02/2019,S,,Third Reading Passed,,,,,
SB203,Whatley,Regular Session 2019,05/02/2019,S,,Motion to Read a Third Time and Pass adopted Roll Call 552,,,,,Roll 552
SB203,Whatley,Regular Session 2019,05/02/2019,H,,Read for the first time and referred to the House of Representatives committee on Ways and Means Education,W&ME,,,,
SB204,Albritton,Regular Session 2019,04/02/2019,S,,Read for the first time and referred to the Senate committee on Finance and Taxation Education,F&TE,,,,
SB204,Albritton,Regular Session 2019,04/18/2019,S,,Read for the second time and placed on the calendar,,1,10,0,
SB204,Albritton,Regular Session 2019,04/23/2019,S,,Third Reading Passed,,,,,
SB204,Albritton,Regular Session 2019,04/23/2019,S,,Motion to Read a Third Time and Pass adopted Roll Call 365,,,,,Roll 365
SB204,Albritton,Regular Session 2019,04/23/2019,H,,Read for the first time and referred to the House of Representatives committee on State Government,SG,,,,
SB205,Livingston,Regular Session 2019,04/02/2019,S,,Read for the first time and referred to the Senate committee on Fiscal Responsibility and Economic Development,FRED,,,,
SB205,Livingston,Regular Session 2019,04/16/2019,S,,Read for the second time and placed on the calendar,,0,8,,
SB205,Livingston,Regular Session 2019,04/30/2019,S,,Third Reading Passed,,,,,
SB205,Livingston,Regular Session 2019,04/30/2019,S,,Motion to Read a Third Time and Pass adopted Roll Call 419,,,,,Roll 419
SB205,Livingston,Regular Session 2019,04/30/2019,H,,Read for the first time and referred to the House of Representatives committee on State Government,SG,,,,
SB206,Ward,Regular Session 2019,04/02/2019,S,,Read for the first time and referred to the Senate committee on Finance and Taxation General Fund,F&TG,,,,
SB206,Ward,Regular Session 2019,04/11/2019,S,,Read for the second time and placed on the calendar,,2,8,2,
SB206,Ward,Regular Session 2019,,S,,Pending third reading on day 10 Favorable from Finance and Taxation General Fund,,,,,
SB207,Holley,Regular Session 2019,04/02/2019,S,,Read for the first time and referred to the Senate committee on Judiciary,JUDY,,,,
SB207,Holley,Regular Session 2019,04/18/2019,S,,Read for the second time and placed on the calendar,,0,12,0,
SB207,Holley,Regular Session 2019,04/23/2019,S,,Third Reading Passed,,,,,
SB207,Holley,Regular Session 2019,04/23/2019,S,,Motion to Read a Third Time and Pass adopted Roll Call 367,,,,,Roll 367
SB207,Holley,Regular Session 2019,04/23/2019,H,,Read for the first time and referred to the House of Representatives committee on Judiciary,JUDY,,,,
SB207,Holley,Regular Session 2019,05/08/2019,H,,Read for the second time and placed on the calendar,,,,,
SB207,Holley,Regular Session 2019,,H,,Pending third reading on day 18 Favorable from Judiciary,,,,,
SB208,Holley,Regular Session 2019,04/02/2019,S,,Read for the first time and referred to the Senate committee on Governmental Affairs,GA,,,,
SB208,Holley,Regular Session 2019,04/09/2019,S,,Read for the second time and placed on the calendar,,0,11,0,
SB208,Holley,Regular Session 2019,04/16/2019,S,,Third Reading Passed,,,,,
SB208,Holley,Regular Session 2019,04/16/2019,S,,Motion to Read a Third Time and Pass adopted Roll Call 251,,,,,Roll 251
SB208,Holley,Regular Session 2019,04/18/2019,H,,Read for the first time and referred to the House of Representatives committee on Ways and Means General Fund,W&MGF,,,,
SB208,Holley,Regular Session 2019,04/25/2019,H,,Read for the second time and placed on the calendar,,,,,
SB208,Holley,Regular Session 2019,05/02/2019,H,,Third Reading Passed,,,,,
SB208,Holley,Regular Session 2019,05/02/2019,H,,Motion to Read a Third Time and Pass adopted Roll Call 469,,,,,Roll 469
SB208,Holley,Regular Session 2019,05/02/2019,H,,"Hanes intended to vote ""Nay""",,,,,
SB208,Holley,Regular Session 2019,05/02/2019,S,,Passed Second House,,,,,
SB208,Holley,Regular Session 2019,05/07/2019,S,,Enrolled,,,,,
SB208,Holley,Regular Session 2019,05/07/2019,H,,Signature Requested,,,,,
SB208,Holley,Regular Session 2019,,S,,"Delivered to Governor at 4:21 p.m. on May 7, 2019",,,,,
SB209,Holley,Regular Session 2019,04/02/2019,S,,"Read for the first time and referred to the Senate committee on Agriculture, Conservation and Forestry",AC&F,,,,
SB209,Holley,Regular Session 2019,04/03/2019,S,,Read for the second time and placed on the calendar,,0,12,,
SB209,Holley,Regular Session 2019,04/09/2019,S,,Third Reading Passed,,,,,
SB209,Holley,Regular Session 2019,04/09/2019,S,,Motion to Read a Third Time and Pass adopted Roll Call 182,,,,,Roll 182
SB209,Holley,Regular Session 2019,04/09/2019,H,,Read for the first time and referred to the House of Representatives committee on Agriculture and Forestry,A&F,,,,
SB209,Holley,Regular Session 2019,04/18/2019,H,,Read for the second time and placed on the calendar,,,,,
SB209,Holley,Regular Session 2019,04/30/2019,H,,Third Reading Passed,,,,,
SB209,Holley,Regular Session 2019,04/30/2019,H,,Motion to Read a Third Time and Pass adopted Roll Call 455,,,,,Roll 455
SB209,Holley,Regular Session 2019,05/02/2019,S,,Passed Second House,,,,,
SB209,Holley,Regular Session 2019,05/02/2019,H,,Signature Requested,,,,,
SB209,Holley,Regular Session 2019,05/02/2019,S,,Enrolled,,,,,
SB209,Holley,Regular Session 2019,,S,,"Forwarded to Governor on May 2, 2019 at 11:15 a.m. on May 2, 2019",,,,,
SB210,Holley,Regular Session 2019,04/02/2019,S,,Read for the first time and referred to the Senate committee on Governmental Affairs,GA,,,,
SB210,Holley,Regular Session 2019,04/23/2019,S,,Read for the second time and placed on the calendar,,0,8,0,
SB210,Holley,Regular Session 2019,,S,,Pending third reading on day 13 Favorable from Governmental Affairs,,,,,
SB211,Albritton,Regular Session 2019,04/02/2019,S,,Read for the first time and referred to the Senate committee on Judiciary,JUDY,,,,
SB212,Burkette,Regular Session 2019,04/02/2019,S,,Read for the first time and referred to the Senate committee on Local Legislation,LL1,,,,
SB212,Burkette,Regular Session 2019,04/03/2019,S,,Read for the second time and placed on the calendar,,,,,
SB212,Burkette,Regular Session 2019,04/04/2019,S,,Third Reading Passed,,,,,
SB212,Burkette,Regular Session 2019,04/04/2019,S,,Motion to Read a Third Time and Pass adopted Roll Call 147,,,,,Roll 147
SB212,Burkette,Regular Session 2019,04/04/2019,H,,Read for the first time and referred to the House of Representatives committee on Montgomery County Legislation,MGMCL,,,,
SB212,Burkette,Regular Session 2019,04/18/2019,H,,Read for the second time and placed on the calendar,,,,,
SB212,Burkette,Regular Session 2019,04/18/2019,H,,Read for the first time,,,,,
SB212,Burkette,Regular Session 2019,,H,,Pending third reading on day 12 Favorable from Montgomery County Legislation,,,,,
SB213,Waggoner,Regular Session 2019,04/02/2019,S,,Read for the first time and referred to the Senate committee on Healthcare,HLTH,,,,
SB213,Waggoner,Regular Session 2019,04/16/2019,S,,Read for the second time and placed on the calendar  3 amendments,,0,10,0,
SB213,Waggoner,Regular Session 2019,04/23/2019,S,,Third Reading Passed,,,,,
SB213,Waggoner,Regular Session 2019,04/23/2019,S,198716-2,Healthcare  Amendment Offered,,,,,
SB213,Waggoner,Regular Session 2019,04/23/2019,S,198936-2,Healthcare  Amendment Offered,,,,,
SB213,Waggoner,Regular Session 2019,04/23/2019,S,199117-2,Healthcare  Amendment Offered,,,,,
SB213,Waggoner,Regular Session 2019,04/23/2019,S,,Waggoner motion to Adopt adopted Roll Call 374,,,,,Roll 374
SB213,Waggoner,Regular Session 2019,04/23/2019,S,,Waggoner motion to Adopt adopted Roll Call 375,,,,,Roll 375
SB213,Waggoner,Regular Session 2019,04/23/2019,S,,Waggoner motion to Adopt adopted Roll Call 376,,,,,Roll 376
SB213,Waggoner,Regular Session 2019,04/23/2019,S,199446-1,Waggoner  Amendment Offered,,,,,
SB213,Waggoner,Regular Session 2019,04/23/2019,S,,Waggoner motion to Adopt adopted Roll Call 377,,,,,Roll 377
SB213,Waggoner,Regular Session 2019,04/23/2019,S,,Motion to Read a Third Time and Pass adopted Roll Call 378,,,,,Roll 378
SB213,Waggoner,Regular Session 2019,04/25/2019,S,,Engrossed,,,,,
SB213,Waggoner,Regular Session 2019,04/25/2019,H,,Read for the first time and referred to the House of Representatives committee on Health,HLTH,,,,
SB213,Waggoner,Regular Session 2019,05/02/2019,H,,Read for the second time and placed on the calendar,,,,,
SB213,Waggoner,Regular Session 2019,,H,,Pending third reading on day 16 Favorable from Health,,,,,
SB214,Allen,Regular Session 2019,04/02/2019,S,,Read for the first time and referred to the Senate committee on Transportation and Energy,T&E,,,,
SB214,Allen,Regular Session 2019,04/16/2019,S,,Read for the second time and placed on the calendar  1 amendment,,0,12,0,
SB214,Allen,Regular Session 2019,,S,,Pending third reading on day 11 Favorable from Transportation and Energy with 1 amendment,,,,,
SB214,Allen,Regular Session 2019,,S,198701-2,Transportation and Energy first Amendment Offered,,,,,
SB215,Sessions,Regular Session 2019,04/02/2019,S,,Read for the first time and referred to the Senate committee on Transportation and Energy,T&E,,,,
SB215,Sessions,Regular Session 2019,04/18/2019,S,,Read for the second time and placed on the calendar  1 amendment,,0,11,,
SB215,Sessions,Regular Session 2019,,S,,Pending third reading on day 12 Favorable from Transportation and Energy with 1 amendment,,,,,
SB215,Sessions,Regular Session 2019,,S,199189-3,Transportation and Energy first Amendment Offered,,,,,
SB216,Orr,Regular Session 2019,04/02/2019,S,,Read for the first time and referred to the Senate committee on Judiciary,JUDY,,,,
SB216,Orr,Regular Session 2019,04/11/2019,S,,Read for the second time and placed on the calendar  1 amendment,,0,11,0,
SB216,Orr,Regular Session 2019,04/30/2019,S,,Third Reading Passed,,,,,
SB216,Orr,Regular Session 2019,04/30/2019,S,199074-1,Judiciary  Amendment Offered,,,,,
SB216,Orr,Regular Session 2019,04/30/2019,S,,Orr motion to Adopt adopted Roll Call 430,,,,,Roll 430
SB216,Orr,Regular Session 2019,04/30/2019,S,,Motion to Read a Third Time and Pass adopted Roll Call 431,,,,,Roll 431
SB216,Orr,Regular Session 2019,04/30/2019,S,,Engrossed,,,,,
SB216,Orr,Regular Session 2019,04/30/2019,H,,Read for the first time and referred to the House of Representatives committee on Judiciary,JUDY,,,,
SB216,Orr,Regular Session 2019,05/07/2019,H,,Read for the second time and placed on the calendar,,,,,
SB216,Orr,Regular Session 2019,,H,,Pending third reading on day 17 Favorable from Judiciary,,,,,
SB217,Albritton,Regular Session 2019,04/02/2019,S,,Read for the first time and referred to the Senate committee on Governmental Affairs,GA,,,,
SB218,Albritton,Regular Session 2019,04/02/2019,S,,Read for the first time and referred to the Senate committee on Finance and Taxation General Fund,F&TG,,,,
SB219,Whatley,Regular Session 2019,04/02/2019,S,,Read for the first time and referred to the Senate committee on Veterans and Military Affairs,V&MA,,,,
SB219,Whatley,Regular Session 2019,04/11/2019,S,,Rereferred to Finance and Taxation Education,F&TE,,,,
SB220,Albritton,Regular Session 2019,04/02/2019,S,,Read for the first time and referred to the Senate committee on Tourism,TM,,,,
SB220,Albritton,Regular Session 2019,04/23/2019,S,,Read for the second time and placed on the calendar  1 amendment,,5,6,,
SB220,Albritton,Regular Session 2019,04/25/2019,S,,Third Reading Passed,,,,,
SB220,Albritton,Regular Session 2019,04/25/2019,S,199705-2,Tourism  Amendment Offered,,,,,
SB220,Albritton,Regular Session 2019,04/25/2019,S,,Albritton motion to Table adopted Voice Vote,,,,,
SB220,Albritton,Regular Session 2019,04/25/2019,S,200093-1,Smitherman  Amendment Offered,,,,,
SB220,Albritton,Regular Session 2019,04/25/2019,S,,Smitherman motion to Adopt adopted Roll Call 403,,,,,Roll 403
SB220,Albritton,Regular Session 2019,04/25/2019,S,199875-1,Singleton  Amendment Offered,,,,,
SB220,Albritton,Regular Session 2019,04/25/2019,S,,Singleton motion to Adopt lost Roll Call 404,,,,,Roll 404
SB220,Albritton,Regular Session 2019,04/25/2019,S,200098-1,Coleman-Madison  Amendment Offered,,,,,
SB220,Albritton,Regular Session 2019,04/25/2019,S,,Coleman-Madison motion to Adopt adopted Roll Call 405,,,,,Roll 405
SB220,Albritton,Regular Session 2019,04/25/2019,S,200047-1,Jones  Amendment Offered,,,,,
SB220,Albritton,Regular Session 2019,04/25/2019,S,,Jones motion to Adopt adopted Roll Call 406,,,,,Roll 406
SB220,Albritton,Regular Session 2019,04/25/2019,S,200080-1,Whatley  Amendment Offered,,,,,
SB220,Albritton,Regular Session 2019,04/25/2019,S,,Albritton motion to Table adopted Voice Vote,,,,,
SB220,Albritton,Regular Session 2019,04/25/2019,S,200048-1,Chambliss  Amendment Offered,,,,,
SB220,Albritton,Regular Session 2019,04/25/2019,S,,Chambliss motion to Adopt adopted Roll Call 407,,,,,Roll 407
SB220,Albritton,Regular Session 2019,04/25/2019,S,200104-1,Beasley  Amendment Offered,,,,,
SB220,Albritton,Regular Session 2019,04/25/2019,S,,Beasley motion to Adopt lost Roll Call 408,,,,,Roll 408
SB220,Albritton,Regular Session 2019,04/25/2019,S,200099-1,McClendon  Amendment Offered,,,,,
SB220,Albritton,Regular Session 2019,04/25/2019,S,,Albritton motion to Table adopted Roll Call 409,,,,,Roll 409
SB220,Albritton,Regular Session 2019,04/25/2019,S,200107-1,Orr  Amendment Offered,,,,,
SB220,Albritton,Regular Session 2019,04/25/2019,S,,Albritton motion to Table adopted Voice Vote,,,,,
SB220,Albritton,Regular Session 2019,04/25/2019,S,,Motion to Read a Third Time and Pass adopted Roll Call 410,,,,,Roll 410
SB220,Albritton,Regular Session 2019,04/30/2019,S,,Engrossed,,,,,
SB220,Albritton,Regular Session 2019,04/30/2019,H,,Read for the first time and referred to the House of Representatives committee on Economic Development and Tourism,ED&T,,,,
SB221,Whatley,Regular Session 2019,04/02/2019,S,,Read for the first time and referred to the Senate committee on Judiciary,JUDY,,,,
SB221,Whatley,Regular Session 2019,04/11/2019,S,,Read for the second time and placed on the calendar,,3,7,0,
SB221,Whatley,Regular Session 2019,,S,,Pending third reading on day 10 Favorable from Judiciary,,,,,
SB222,Butler,Regular Session 2019,04/02/2019,S,,Read for the first time and referred to the Senate committee on Education Policy,ED,,,,
SB222,Butler,Regular Session 2019,04/03/2019,S,,Read for the second time and placed on the calendar,,0,8,,
SB222,Butler,Regular Session 2019,04/04/2019,S,,Third Reading Carried Over to Call of the Chair,,,,,
SB222,Butler,Regular Session 2019,04/04/2019,S,,Butler motion to Carry Over to the Call of the Chair adopted Voice Vote,,,,,
SB222,Butler,Regular Session 2019,04/04/2019,S,,Third Reading Carried Over to Call of the Chair,,,,,
SB222,Butler,Regular Session 2019,04/04/2019,S,,Butler motion to Carry Over to the Call of the Chair adopted Voice Vote,,,,,
SB222,Butler,Regular Session 2019,04/04/2019,S,,Third Reading Passed,,,,,
SB222,Butler,Regular Session 2019,04/04/2019,S,,Motion to Read a Third Time and Pass adopted Roll Call 170,,,,,Roll 170
SB222,Butler,Regular Session 2019,04/04/2019,H,,Read for the first time and referred to the House of Representatives committee on Education Policy,EP,,,,
SB222,Butler,Regular Session 2019,04/11/2019,H,,Reported from Education Policy as Favorable,,4,9,,
SB222,Butler,Regular Session 2019,,H,,Pending third reading on day 10 Favorable from Education Policy,,,,,
SB223,Chambliss,Regular Session 2019,04/02/2019,S,,Read for the first time and referred to the Senate committee on Local Legislation,LL1,,,,
SB223,Chambliss,Regular Session 2019,04/03/2019,S,,Read for the second time and placed on the calendar,,,,,
SB223,Chambliss,Regular Session 2019,04/04/2019,S,,Third Reading Passed,,,,,
SB223,Chambliss,Regular Session 2019,04/04/2019,S,,Motion to Read a Third Time and Pass adopted Roll Call 145,,,,,Roll 145
SB223,Chambliss,Regular Session 2019,04/04/2019,H,,Read for the first time and referred to the House of Representatives committee on Local Legislation,LL,,,,
SB223,Chambliss,Regular Session 2019,04/09/2019,H,,Read for the second time and placed on the calendar,,,,,
SB223,Chambliss,Regular Session 2019,,H,,Pending third reading on day 9 Favorable from Local Legislation,,,,,
SB224,Waggoner,Regular Session 2019,04/03/2019,S,,Read for the first time and referred to the Senate committee on Transportation and Energy,T&E,,,,
SB225,Melson,Regular Session 2019,04/03/2019,S,,"Read for the first time and referred to the Senate committee on Agriculture, Conservation and Forestry",AC&F,,,,
SB225,Melson,Regular Session 2019,04/25/2019,S,,Read for the second time and placed on the calendar,,0,9,,
SB225,Melson,Regular Session 2019,,S,,"Pending third reading on day 14 Favorable from Agriculture, Conservation and Forestry",,,,,
SB226,Melson,Regular Session 2019,04/03/2019,S,,Read for the first time and referred to the Senate committee on Finance and Taxation Education,F&TE,,,,
SB226,Melson,Regular Session 2019,05/08/2019,S,,Read for the second time and placed on the calendar  1 amendment,,0,9,0,
SB226,Melson,Regular Session 2019,,S,,Pending third reading on day 18 Favorable from Finance and Taxation Education with 1 amendment,,,,,
SB226,Melson,Regular Session 2019,,S,200625-2,Finance and Taxation Education first Amendment Offered,,,,,
SB227,Stutts,Regular Session 2019,04/03/2019,S,,Read for the first time and referred to the Senate committee on Education Policy,ED,,,,
SB228,Orr,Regular Session 2019,04/03/2019,S,,Read for the first time and referred to the Senate committee on Governmental Affairs,GA,,,,
SB228,Orr,Regular Session 2019,04/09/2019,S,,Read for the second time and placed on the calendar  1 amendment,,0,10,0,
SB228,Orr,Regular Session 2019,04/16/2019,S,,Third Reading Passed,,,,,
SB228,Orr,Regular Session 2019,04/16/2019,S,198861-2,Governmental Affairs  Amendment Offered,,,,,
SB228,Orr,Regular Session 2019,04/16/2019,S,,Orr motion to Adopt adopted Roll Call 253,,,,,Roll 253
SB228,Orr,Regular Session 2019,04/16/2019,S,,Motion to Read a Third Time and Pass adopted Roll Call 254,,,,,Roll 254
SB228,Orr,Regular Session 2019,04/18/2019,S,,Engrossed,,,,,
SB228,Orr,Regular Session 2019,04/18/2019,H,,Read for the first time and referred to the House of Representatives committee on Ways and Means General Fund,W&MGF,,,,
SB228,Orr,Regular Session 2019,04/25/2019,H,,Read for the second time and placed on the calendar  1 amendment,,,,,
SB228,Orr,Regular Session 2019,04/30/2019,H,,Third Reading Passed,,,,,
SB228,Orr,Regular Session 2019,04/30/2019,H,199711-1,Ways and Means General Fund  Amendment Offered,,,,,
SB228,Orr,Regular Session 2019,04/30/2019,H,,Motion to Adopt adopted Roll Call 445,,,,,Roll 445
SB228,Orr,Regular Session 2019,04/30/2019,H,,Motion to Read a Third Time and Pass adopted Roll Call 446,,,,,Roll 446
SB228,Orr,Regular Session 2019,05/02/2019,S,,Concurrence Requested,,,,,
SB228,Orr,Regular Session 2019,05/02/2019,S,,Orr motion to Concur In and Adopt adopted Roll Call 489,,,,,Roll 489
SB228,Orr,Regular Session 2019,05/02/2019,H,,Concurred in Second House Amendment,,,,,
SB228,Orr,Regular Session 2019,05/02/2019,S,,Enrolled,,,,,
SB228,Orr,Regular Session 2019,05/02/2019,H,,Signature Requested,,,,,
SB228,Orr,Regular Session 2019,,S,,"Delivered to Governor at 12:39 p.m. on May 2, 2019",,,,,
SB229,Price,Regular Session 2019,04/03/2019,S,,Read for the first time and referred to the Senate committee on Governmental Affairs,GA,,,,
SB229,Price,Regular Session 2019,04/09/2019,S,,Read for the second time and placed on the calendar,,0,11,0,
SB229,Price,Regular Session 2019,04/18/2019,S,,Motion to Read a Third Time and Pass adopted Roll Call 343,,,,,Roll 343
SB229,Price,Regular Session 2019,04/23/2019,H,,"Read for the first time and referred to the House of Representatives committee on Constitution, Campaigns and Elections",CC&E,,,,
SB229,Price,Regular Session 2019,05/02/2019,H,,Read for the second time and placed on the calendar,,,,,
SB229,Price,Regular Session 2019,,H,,"Pending third reading on day 16 Favorable from Constitution, Campaigns and Elections",,,,,
SB230,Albritton,Regular Session 2019,04/03/2019,S,,Read for the first time and referred to the Senate committee on Governmental Affairs,GA,,,,
SB230,Albritton,Regular Session 2019,04/04/2019,S,,Rereferred to Committee on Judiciary,JUDY,,,,
SB231,Jones,Regular Session 2019,04/04/2019,S,,Read for the first time and referred to the Senate committee on Governmental Affairs,GA,,,,
SB231,Jones,Regular Session 2019,04/09/2019,S,,Read for the second time and placed on the calendar,,0,10,0,
SB231,Jones,Regular Session 2019,,S,,Pending third reading on day 9 Favorable from Governmental Affairs,,,,,
SB232,Burkette,Regular Session 2019,04/04/2019,S,,Read for the first time and referred to the Senate committee on Governmental Affairs,GA,,,,
SB232,Burkette,Regular Session 2019,04/23/2019,S,,Read for the second time and placed on the calendar,,0,8,0,
SB232,Burkette,Regular Session 2019,,S,,Pending third reading on day 13 Favorable from Governmental Affairs,,,,,
SB233,Albritton,Regular Session 2019,04/04/2019,S,,Read for the first time and referred to the Senate committee on Governmental Affairs,GA,,,,
SB234,Whatley,Regular Session 2019,04/04/2019,S,,"Read for the first time and referred to the Senate committee on Agriculture, Conservation and Forestry",AC&F,,,,
SB234,Whatley,Regular Session 2019,04/25/2019,S,,Read for the second time and placed on the calendar,,0,8,,
SB234,Whatley,Regular Session 2019,,S,,"Pending third reading on day 14 Favorable from Agriculture, Conservation and Forestry",,,,,
SB235,Singleton,Regular Session 2019,04/04/2019,S,,Read for the first time and referred to the Senate committee on Healthcare,HLTH,,,,
SB235,Singleton,Regular Session 2019,05/08/2019,S,,Read for the second time and placed on the calendar  with 1 substitute and 1 amendment,,2,10,0,
SB235,Singleton,Regular Session 2019,,S,200840-2,Healthcare first Amendment Offered,,,,,
SB235,Singleton,Regular Session 2019,,S,200268-3,Healthcare first Substitute Offered,,,,,
SB235,Singleton,Regular Session 2019,,S,,Pending third reading on day 18 Favorable from Healthcare with 1 substitute and 1 amendment,,,,,
SB236,Melson,Regular Session 2019,04/04/2019,S,,Read for the first time and referred to the Senate committee on Judiciary,JUDY,,,,
SB236,Melson,Regular Session 2019,04/25/2019,S,,Read for the second time and placed on the calendar with 1 substitute and,,2,6,3,
SB236,Melson,Regular Session 2019,05/08/2019,S,,Third Reading Open,,,,,
SB236,Melson,Regular Session 2019,05/08/2019,S,199712-2,Judiciary first Substitute Offered,,,,,
SB236,Melson,Regular Session 2019,05/08/2019,S,,Melson motion to Table adopted Voice Vote,,,,,
SB236,Melson,Regular Session 2019,05/08/2019,S,200482-1,Melson first Substitute Offered,,,,,
SB236,Melson,Regular Session 2019,05/08/2019,S,,Melson motion to Adopt adopted Roll Call 680,,,,,Roll 680
SB237,Ward,Regular Session 2019,04/04/2019,S,,Read for the first time and referred to the Senate committee on Governmental Affairs,GA,,,,
SB238,Ward,Regular Session 2019,04/04/2019,S,,Read for the first time and referred to the Senate committee on Judiciary,JUDY,,,,
SB238,Ward,Regular Session 2019,04/18/2019,S,,Read for the second time and placed on the calendar,,1,5,0,
SB238,Ward,Regular Session 2019,05/07/2019,S,,Third Reading Carried Over to Call of the Chair,,,,,
SB238,Ward,Regular Session 2019,05/07/2019,S,200755-1,Orr  Amendment Offered,,,,,
SB238,Ward,Regular Session 2019,05/07/2019,S,,Orr motion to Table adopted Voice Vote,,,,,
SB238,Ward,Regular Session 2019,05/07/2019,S,200747-1,Butler  Amendment Offered,,,,,
SB238,Ward,Regular Session 2019,05/07/2019,S,,Butler motion to Adopt adopted Roll Call 635,,,,,Roll 635
SB238,Ward,Regular Session 2019,05/07/2019,S,,Ward motion to Carry Over to the Call of the Chair adopted Voice Vote,,,,,
SB238,Ward,Regular Session 2019,05/07/2019,S,,Third Reading Passed,,,,,
SB238,Ward,Regular Session 2019,05/07/2019,S,200755-1,Orr  Amendment Offered,,,,,
SB238,Ward,Regular Session 2019,05/07/2019,S,,Orr motion to Adopt adopted Roll Call 639,,,,,
SB238,Ward,Regular Session 2019,05/07/2019,S,,Orr motion to Adopt adopted Roll Call 639,,,,,Roll 639
SB238,Ward,Regular Session 2019,05/07/2019,S,,Motion to Read a Third Time and Pass adopted Roll Call 640,,,,,Roll 640
SB238,Ward,Regular Session 2019,05/08/2019,S,,Engrossed,,,,,
SB238,Ward,Regular Session 2019,05/08/2019,H,,Read for the first time,,,,,
SB239,Williams,Regular Session 2019,04/04/2019,S,,Read for the first time and referred to the Senate committee on Banking and Insurance,B&I,,,,
SB239,Williams,Regular Session 2019,04/16/2019,S,,Read for the second time and placed on the calendar  1 amendment,,0,13,,
SB239,Williams,Regular Session 2019,,S,,Pending third reading on day 11 Favorable from Banking and Insurance with 1 amendment,,,,,
SB239,Williams,Regular Session 2019,,S,198932-2,Banking and Insurance first Amendment Offered,,,,,
SB240,Chesteen,Regular Session 2019,04/04/2019,S,,Read for the first time and referred to the Senate committee on Governmental Affairs,GA,,,,
SB240,Chesteen,Regular Session 2019,04/16/2019,S,,Reported from Governmental Affairs as Favorable,,0,11,0,
SB240,Chesteen,Regular Session 2019,04/30/2019,S,,Third Reading Passed,,,,,
SB240,Chesteen,Regular Session 2019,04/30/2019,S,,Motion to Read a Third Time and Pass adopted Roll Call 440,,,,,Roll 440
SB240,Chesteen,Regular Session 2019,04/30/2019,H,,"Read for the first time and referred to the House of Representatives committee on Constitution, Campaigns and Elections",CC&E,,,,
SB241,Stutts,Regular Session 2019,04/04/2019,S,,Read for the first time and referred to the Senate committee on Healthcare,HLTH,,,,
SB241,Stutts,Regular Session 2019,04/16/2019,S,,Read for the second time and placed on the calendar,,0,10,0,
SB241,Stutts,Regular Session 2019,,S,,Pending third reading on day 11 Favorable from Healthcare,,,,,
SB242,Givhan,Regular Session 2019,04/04/2019,S,,Read for the first time and referred to the Senate committee on Fiscal Responsibility and Economic Development,FRED,,,,
SB242,Givhan,Regular Session 2019,05/02/2019,S,,Read for the second time and placed on the calendar with 1 substitute and,,0,10,,
SB242,Givhan,Regular Session 2019,05/07/2019,S,,Third Reading Passed,,,,,
SB242,Givhan,Regular Session 2019,05/07/2019,S,199714-2,Fiscal Responsibility and Economic Development first Substitute Offered,,,,,
SB242,Givhan,Regular Session 2019,05/07/2019,S,,Givhan motion to Adopt adopted Roll Call 642,,,,,Roll 642
SB242,Givhan,Regular Session 2019,05/07/2019,S,,Motion to Read a Third Time and Pass adopted Roll Call 643,,,,,Roll 643
SB242,Givhan,Regular Session 2019,05/08/2019,S,,Engrossed,,,,,
SB242,Givhan,Regular Session 2019,05/08/2019,H,,Read for the first time,,,,,
SB243,Price,Regular Session 2019,04/04/2019,S,,Read for the first time and referred to the Senate committee on Governmental Affairs,GA,,,,
SB243,Price,Regular Session 2019,04/23/2019,S,,Read for the second time and placed on the calendar,,0,8,0,
SB243,Price,Regular Session 2019,05/08/2019,S,,Third Reading Passed,,,,,
SB243,Price,Regular Session 2019,05/08/2019,S,,Motion to Read a Third Time and Pass adopted Roll Call 673,,,,,Roll 673
SB243,Price,Regular Session 2019,,,,,,,,,
SB244,Livingston,Regular Session 2019,04/04/2019,S,,Read for the first time and referred to the Senate committee on Governmental Affairs,GA,,,,
SB244,Livingston,Regular Session 2019,04/09/2019,S,,Read for the second time and placed on the calendar,,2,9,0,
SB244,Livingston,Regular Session 2019,,S,,Pending third reading on day 9 Favorable from Governmental Affairs,,,,,
SB245,Butler,Regular Session 2019,04/04/2019,S,,Read for the first time and referred to the Senate committee on Healthcare,HLTH,,,,
SB245,Butler,Regular Session 2019,04/16/2019,S,,Read for the second time and placed on the calendar  1 amendment,,1,8,0,
SB245,Butler,Regular Session 2019,04/23/2019,S,,Third Reading Passed,,,,,
SB245,Butler,Regular Session 2019,04/23/2019,S,199259-2,Healthcare  Amendment Offered,,,,,
SB245,Butler,Regular Session 2019,04/23/2019,S,,Butler motion to Adopt adopted Roll Call 383,,,,,Roll 383
SB245,Butler,Regular Session 2019,04/23/2019,S,199742-1,Butler  Amendment Offered,,,,,
SB245,Butler,Regular Session 2019,04/23/2019,S,,Butler motion to Adopt adopted Roll Call 384,,,,,Roll 384
SB245,Butler,Regular Session 2019,04/23/2019,S,,Motion to Read a Third Time and Pass adopted Roll Call 385,,,,,Roll 385
SB245,Butler,Regular Session 2019,04/25/2019,S,,Engrossed,,,,,
SB245,Butler,Regular Session 2019,04/25/2019,H,,Read for the first time and referred to the House of Representatives committee on Health,HLTH,,,,
SB246,Gudger,Regular Session 2019,04/04/2019,S,,Read for the first time and referred to the Senate committee on Healthcare,HLTH,,,,
SB246,Gudger,Regular Session 2019,04/16/2019,S,,Read for the second time and placed on the calendar,,0,10,0,
SB246,Gudger,Regular Session 2019,04/18/2019,S,,Third Reading Passed,,,,,
SB246,Gudger,Regular Session 2019,04/18/2019,S,199597-1,Gudger  Amendment Offered,,,,,
SB246,Gudger,Regular Session 2019,04/18/2019,S,,Gudger motion to Adopt adopted Roll Call 318,,,,,Roll 318
SB246,Gudger,Regular Session 2019,04/18/2019,S,,Motion to Read a Third Time and Pass adopted Roll Call 319,,,,,Roll 319
SB246,Gudger,Regular Session 2019,04/18/2019,S,,Engrossed,,,,,
SB246,Gudger,Regular Session 2019,04/18/2019,H,,Read for the first time and referred to the House of Representatives committee on Judiciary,JUDY,,,,
SB246,Gudger,Regular Session 2019,04/25/2019,H,,Read for the second time and placed on the calendar,,,,,
SB246,Gudger,Regular Session 2019,,H,,Pending third reading on day 14 Favorable from Judiciary,,,,,
SB247,McClendon,Regular Session 2019,04/09/2019,S,,Read for the first time and referred to the Senate committee on Governmental Affairs,GA,,,,
SB247,McClendon,Regular Session 2019,04/16/2019,S,,Reported from Governmental Affairs as Favorable,,3,8,0,
SB247,McClendon,Regular Session 2019,,S,,Pending third reading on day 11 Favorable from Governmental Affairs,,,,,
SB248,McClendon,Regular Session 2019,04/09/2019,S,,Read for the first time and referred to the Senate committee on Finance and Taxation Education,F&TE,,,,
SB248,McClendon,Regular Session 2019,05/08/2019,S,,Read for the second time and placed on the calendar,,0,9,0,
SB248,McClendon,Regular Session 2019,,S,,Pending third reading on day 18 Favorable from Finance and Taxation Education,,,,,
SB249,Singleton,Regular Session 2019,04/09/2019,S,,Read for the first time and referred to the Senate committee on Fiscal Responsibility and Economic Development,FRED,,,,
SB249,Singleton,Regular Session 2019,04/16/2019,S,,Read for the second time and placed on the calendar  1 amendment,,0,10,,
SB249,Singleton,Regular Session 2019,,S,,Pending third reading on day 11 Favorable from Fiscal Responsibility and Economic Development with 1 amendment,,,,,
SB249,Singleton,Regular Session 2019,,S,199022-2,Fiscal Responsibility and Economic Development first Amendment Offered,,,,,
SB250,Elliott,Regular Session 2019,04/09/2019,S,,Read for the first time and referred to the Senate committee on Local Legislation,LL1,,,,
SB250,Elliott,Regular Session 2019,04/16/2019,S,,Read for the second time and placed on the calendar,,,,,
SB250,Elliott,Regular Session 2019,04/18/2019,S,,Third Reading Passed,,,,,
SB250,Elliott,Regular Session 2019,04/18/2019,S,199449-1,Albritton  Amendment Offered,,,,,
SB250,Elliott,Regular Session 2019,04/18/2019,S,,Albritton motion to Adopt adopted Roll Call 301,,,,,Roll 301
SB250,Elliott,Regular Session 2019,04/18/2019,S,,Motion to Read a Third Time and Pass adopted Roll Call 302,,,,,Roll 302
SB250,Elliott,Regular Session 2019,04/18/2019,S,,Engrossed,,,,,
SB250,Elliott,Regular Session 2019,04/18/2019,H,,Read for the first time and referred to the House of Representatives committee on Baldwin County Legislation,BCL,,,,
SB251,Smitherman,Regular Session 2019,04/09/2019,S,,Read for the first time and referred to the Senate committee on Judiciary,JUDY,,,,
SB251,Smitherman,Regular Session 2019,05/02/2019,S,,Read for the second time and placed on the calendar,,4,6,0,
SB251,Smitherman,Regular Session 2019,,S,,Pending third reading on day 16 Favorable from Judiciary,,,,,
SB252,Allen,Regular Session 2019,04/09/2019,S,,Read for the first time and referred to the Senate committee on Transportation and Energy,T&E,,,,
SB252,Allen,Regular Session 2019,04/16/2019,S,,Read for the second time and placed on the calendar  2 amendments,,0,12,0,
SB252,Allen,Regular Session 2019,04/18/2019,S,,Third Reading Passed,,,,,
SB252,Allen,Regular Session 2019,04/18/2019,S,199082-2,Transportation and Energy  Amendment Offered,,,,,
SB252,Allen,Regular Session 2019,04/18/2019,S,199075-3,Transportation and Energy  Amendment Offered,,,,,
SB252,Allen,Regular Session 2019,04/18/2019,S,,Allen motion to Adopt adopted Roll Call 329,,,,,Roll 329
SB252,Allen,Regular Session 2019,04/18/2019,S,,Allen motion to Adopt adopted Roll Call 330,,,,,Roll 330
SB252,Allen,Regular Session 2019,04/18/2019,S,,Motion to Read a Third Time and Pass adopted Roll Call 331,,,,,Roll 331
SB252,Allen,Regular Session 2019,04/23/2019,S,,Engrossed,,,,,
SB252,Allen,Regular Session 2019,04/23/2019,H,,Read for the first time and referred to the House of Representatives committee on State Government,SG,,,,
SB252,Allen,Regular Session 2019,05/02/2019,H,,Read for the second time and placed on the calendar,,,,,
SB252,Allen,Regular Session 2019,,H,,Pending third reading on day 16 Favorable from State Government,,,,,
SB253,Allen,Regular Session 2019,04/09/2019,S,,Read for the first time and referred to the Senate committee on Judiciary,JUDY,,,,
SB253,Allen,Regular Session 2019,05/08/2019,S,,Read for the second time and placed on the calendar,,0,5,0,
SB253,Allen,Regular Session 2019,,S,,Pending third reading on day 18 Favorable from Judiciary,,,,,
SB254,Burkette,Regular Session 2019,04/09/2019,S,,Read for the first time and referred to the Senate committee on Transportation and Energy,T&E,,,,
SB254,Burkette,Regular Session 2019,04/18/2019,S,,Read for the second time and placed on the calendar  with 1 substitute and 1 amendment,,0,13,,
SB254,Burkette,Regular Session 2019,,S,199581-2,Transportation and Energy first Amendment Offered,,,,,
SB254,Burkette,Regular Session 2019,,S,199458-2,Transportation and Energy first Substitute Offered,,,,,
SB254,Burkette,Regular Session 2019,,S,,Pending third reading on day 12 Favorable from Transportation and Energy with 1 substitute and 1 amendment,,,,,
SB255,Melson,Regular Session 2019,04/09/2019,S,,Read for the first time and referred to the Senate committee on Education Policy,ED,,,,
SB255,Melson,Regular Session 2019,04/16/2019,S,,Read for the second time and placed on the calendar,,0,9,,
SB255,Melson,Regular Session 2019,04/18/2019,S,,Third Reading Passed,,,,,
SB255,Melson,Regular Session 2019,04/18/2019,S,,Motion to Read a Third Time and Pass adopted Roll Call 316,,,,,Roll 316
SB255,Melson,Regular Session 2019,04/18/2019,H,,Read for the first time and referred to the House of Representatives committee on Education Policy,EP,,,,
SB256,Melson,Regular Session 2019,04/09/2019,S,,Read for the first time and referred to the Senate committee on Education Policy,ED,,,,
SB256,Melson,Regular Session 2019,04/25/2019,S,,Read for the second time and placed on the calendar  2 amendments,,0,7,,
SB256,Melson,Regular Session 2019,05/07/2019,S,,Third Reading Passed,,,,,
SB256,Melson,Regular Session 2019,05/07/2019,S,199304-2,Education Policy  Amendment Offered,,,,,
SB256,Melson,Regular Session 2019,05/07/2019,S,,Melson motion to Adopt adopted Roll Call 620,,,,,Roll 620
SB256,Melson,Regular Session 2019,05/07/2019,S,199304-2,Education Policy  Amendment Offered,,,,,
SB256,Melson,Regular Session 2019,05/07/2019,S,,Melson motion to Adopt adopted Roll Call 621,,,,,Roll 621
SB256,Melson,Regular Session 2019,05/07/2019,S,,Motion to Read a Third Time and Pass adopted Roll Call 622,,,,,Roll 622
SB256,Melson,Regular Session 2019,05/07/2019,S,,Engrossed,,,,,
SB256,Melson,Regular Session 2019,05/07/2019,H,,Read for the first time and referred to the House of Representatives committee on Health,HLTH,,,,
SB256,Melson,Regular Session 2019,,S,199190-2,Education Policy second Amendment Offered,,,,,
SB257,Waggoner,Regular Session 2019,04/09/2019,S,,Read for the first time and referred to the Senate committee on Governmental Affairs,GA,,,,
SB258,Livingston,Regular Session 2019,04/09/2019,S,,Read for the first time and referred to the Senate committee on Education Policy,ED,,,,
SB258,Livingston,Regular Session 2019,04/16/2019,S,,Read for the second time and placed on the calendar,,0,9,,
SB258,Livingston,Regular Session 2019,04/18/2019,S,,Third Reading Passed,,,,,
SB258,Livingston,Regular Session 2019,04/18/2019,S,199585-1,Figures  Amendment Offered,,,,,
SB258,Livingston,Regular Session 2019,04/18/2019,S,,Figures motion to Adopt adopted Roll Call 313,,,,,Roll 313
SB258,Livingston,Regular Session 2019,04/18/2019,S,,Motion to Read a Third Time and Pass adopted Roll Call 314,,,,,Roll 314
SB258,Livingston,Regular Session 2019,04/18/2019,S,,Engrossed,,,,,
SB258,Livingston,Regular Session 2019,04/18/2019,H,,Read for the first time and referred to the House of Representatives committee on Education Policy,EP,,,,
SB258,Livingston,Regular Session 2019,05/02/2019,H,,Read for the second time and placed on the calendar,,,,,
SB258,Livingston,Regular Session 2019,,H,,Pending third reading on day 16 Favorable from Education Policy,,,,,
SB259,Livingston,Regular Session 2019,04/09/2019,S,,Read for the first time and referred to the Senate committee on Local Legislation,LL1,,,,
SB259,Livingston,Regular Session 2019,04/23/2019,S,,Read for the second time and placed on the calendar,,,,,
SB259,Livingston,Regular Session 2019,04/25/2019,S,,Third Reading Passed,,,,,
SB259,Livingston,Regular Session 2019,04/25/2019,S,,Motion to Read a Third Time and Pass adopted Roll Call 392,,,,,Roll 392
SB259,Livingston,Regular Session 2019,04/25/2019,H,,Read for the first time and referred to the House of Representatives committee on Local Legislation,LL,,,,
SB259,Livingston,Regular Session 2019,04/30/2019,H,,Read for the second time and placed on the calendar,,,,,
SB259,Livingston,Regular Session 2019,,H,,Pending third reading on day 15 Favorable from Local Legislation,,,,,
SB260,Livingston,Regular Session 2019,04/09/2019,S,,Read for the first time and referred to the Senate committee on Local Legislation,LL1,,,,
SB260,Livingston,Regular Session 2019,04/25/2019,S,,Read for the second time and placed on the calendar,,,,,
SB260,Livingston,Regular Session 2019,04/30/2019,S,,Third Reading Passed,,,,,
SB260,Livingston,Regular Session 2019,04/30/2019,S,,Motion to Read a Third Time and Pass adopted Roll Call 469,,,,,Roll 469
SB260,Livingston,Regular Session 2019,04/30/2019,H,,Read for the first time and referred to the House of Representatives committee on Local Legislation,LL,,,,
SB261,Livingston,Regular Session 2019,04/09/2019,S,,Read for the first time and referred to the Senate committee on Finance and Taxation Education,F&TE,,,,
SB262,Holley,Regular Session 2019,04/09/2019,S,,Read for the first time and referred to the Senate committee on Judiciary,JUDY,,,,
SB263,Orr,Regular Session 2019,04/09/2019,S,,Read for the first time and referred to the Senate committee on Education Policy,ED,,,,
SB264,Orr,Regular Session 2019,04/09/2019,S,,Read for the first time and referred to the Senate committee on Transportation and Energy,T&E,,,,
SB265,Coleman-Madison,Regular Session 2019,04/09/2019,S,,Read for the first time and referred to the Senate committee on Governmental Affairs,GA,,,,
SB265,Coleman-Madison,Regular Session 2019,04/16/2019,S,,Reported from Governmental Affairs as Favorable with 1 substitute,,0,11,0,
SB265,Coleman-Madison,Regular Session 2019,,S,,Pending third reading on day 11 Favorable from Governmental Affairs with 1 substitute,,,,,
SB265,Coleman-Madison,Regular Session 2019,,S,199330-3,Governmental Affairs first Substitute Offered,,,,,
SB266,Stutts,Regular Session 2019,04/09/2019,S,,"Read for the first time and referred to the Senate committee on Children, Youth and Human Services",CY&HS,,,,
SB266,Stutts,Regular Session 2019,04/18/2019,S,,Read for the second time and placed on the calendar,,0,9,,
SB266,Stutts,Regular Session 2019,04/30/2019,S,,Third Reading Carried Over to Call of the Chair,,,,,
SB266,Stutts,Regular Session 2019,04/30/2019,S,200260-1,Stutts  Amendment Offered,,,,,
SB266,Stutts,Regular Session 2019,04/30/2019,S,,Stutts motion to Adopt adopted Roll Call 461,,,,,Roll 461
SB266,Stutts,Regular Session 2019,04/30/2019,S,,Stutts motion to Carry Over to the Call of the Chair adopted Voice Vote,,,,,
SB266,Stutts,Regular Session 2019,05/02/2019,S,,Third Reading Passed,,,,,
SB266,Stutts,Regular Session 2019,05/02/2019,S,200527-1,Sanders-Fortier  Amendment Offered,,,,,
SB266,Stutts,Regular Session 2019,05/02/2019,S,,Sanders-Fortier motion to Adopt adopted Roll Call 583,,,,,Roll 583
SB266,Stutts,Regular Session 2019,05/02/2019,S,,Motion to Read a Third Time and Pass adopted Roll Call 584,,,,,Roll 584
SB266,Stutts,Regular Session 2019,05/02/2019,S,,Engrossed,,,,,
SB266,Stutts,Regular Session 2019,05/02/2019,H,,Read for the first time and referred to the House of Representatives committee on Children and Senior Advocacy,C&SA,,,,
SB267,Stutts,Regular Session 2019,04/09/2019,S,,Read for the first time and referred to the Senate committee on Transportation and Energy,T&E,,,,
SB268,Orr,Regular Session 2019,04/09/2019,S,,Read for the first time and referred to the Senate committee on Fiscal Responsibility and Economic Development,FRED,,,,
SB268,Orr,Regular Session 2019,04/18/2019,S,,Read for the second time and placed on the calendar,,0,8,1,
SB268,Orr,Regular Session 2019,05/02/2019,S,,Third Reading Carried Over to Call of the Chair,,,,,
SB268,Orr,Regular Session 2019,05/02/2019,S,200183-1,Orr  Amendment Offered,,,,,
SB268,Orr,Regular Session 2019,05/02/2019,S,,Orr motion to Adopt adopted Roll Call 572,,,,,Roll 572
SB268,Orr,Regular Session 2019,05/02/2019,S,,Marsh motion to Carry Over to the Call of the Chair adopted Voice Vote,,,,,
SB268,Orr,Regular Session 2019,05/08/2019,S,,Third Reading Passed,,,,,
SB268,Orr,Regular Session 2019,05/08/2019,S,200925-1,Orr  Amendment Offered,,,,,
SB268,Orr,Regular Session 2019,05/08/2019,S,,Orr motion to Adopt adopted Roll Call 674,,,,,Roll 674
SB268,Orr,Regular Session 2019,05/08/2019,S,200843-1,Orr  Amendment Offered,,,,,
SB268,Orr,Regular Session 2019,05/08/2019,S,,Orr motion to Adopt adopted Roll Call 675,,,,,Roll 675
SB268,Orr,Regular Session 2019,05/08/2019,S,200915-1,Marsh  Amendment Offered,,,,,
SB268,Orr,Regular Session 2019,05/08/2019,S,,Marsh motion to Adopt adopted Roll Call 676,,,,,Roll 676
SB268,Orr,Regular Session 2019,05/08/2019,S,,Motion to Read a Third Time and Pass adopted Roll Call 677,,,,,Roll 677
SB269,Jones,Regular Session 2019,04/09/2019,S,,Read for the first time and referred to the Senate committee on Governmental Affairs,GA,,,,
SB269,Jones,Regular Session 2019,04/16/2019,S,,"Rereferred to Committee on Agriculture, Conservation and Forestry",AC&F,,,,
SB269,Jones,Regular Session 2019,04/18/2019,S,,Read for the second time and placed on the calendar  1 amendment,,0,12,,
SB269,Jones,Regular Session 2019,04/23/2019,S,,Third Reading Passed,,,,,
SB269,Jones,Regular Session 2019,04/23/2019,S,199492-2,"Agriculture, Conservation and Forestry  Amendment Offered",,,,,
SB269,Jones,Regular Session 2019,04/23/2019,S,,Jones motion to Adopt adopted Roll Call 380,,,,,Roll 380
SB269,Jones,Regular Session 2019,04/23/2019,S,,Motion to Read a Third Time and Pass adopted Roll Call 381,,,,,Roll 381
SB269,Jones,Regular Session 2019,04/25/2019,S,,Engrossed,,,,,
SB269,Jones,Regular Session 2019,04/25/2019,H,,Read for the first time and referred to the House of Representatives committee on Economic Development and Tourism,ED&T,,,,
SB269,Jones,Regular Session 2019,05/02/2019,H,,Read for the second time and placed on the calendar  1 amendment,,,,,
SB269,Jones,Regular Session 2019,,H,,Pending third reading on day 16 Favorable from Economic Development and Tourism with 1 amendment,,,,,
SB269,Jones,Regular Session 2019,,H,200171-4,Economic Development and Tourism first Amendment Offered,,,,,
SB270,Jones,Regular Session 2019,04/09/2019,S,,Read for the first time and referred to the Senate committee on Local Legislation,LL1,,,,
SB270,Jones,Regular Session 2019,04/23/2019,S,,Read for the second time and placed on the calendar,,,,,
SB270,Jones,Regular Session 2019,04/25/2019,S,,Third Reading Passed,,,,,
SB270,Jones,Regular Session 2019,04/25/2019,S,,Motion to Read a Third Time and Pass adopted Roll Call 396,,,,,Roll 396
SB270,Jones,Regular Session 2019,04/25/2019,H,,Read for the first time and referred to the House of Representatives committee on Local Legislation,LL,,,,
SB270,Jones,Regular Session 2019,05/02/2019,H,,Read for the second time and placed on the calendar,,,,,
SB270,Jones,Regular Session 2019,,H,,Pending third reading on day 16 Favorable from Local Legislation,,,,,
SB271,Jones,Regular Session 2019,04/09/2019,S,,Read for the first time and referred to the Senate committee on Governmental Affairs,GA,,,,
SB271,Jones,Regular Session 2019,04/16/2019,S,,"Rereferred to Committee on Agriculture, Conservation and Forestry",AC&F,,,,
SB271,Jones,Regular Session 2019,04/18/2019,S,,Read for the second time and placed on the calendar,,0,12,,
SB271,Jones,Regular Session 2019,,S,,"Pending third reading on day 12 Favorable from Agriculture, Conservation and Forestry",,,,,
SB272,Allen,Regular Session 2019,04/11/2019,S,,Read for the first time and referred to the Senate committee on Governmental Affairs,GA,,,,
SB273,Allen,Regular Session 2019,04/11/2019,S,,Read for the first time and referred to the Senate committee on Transportation and Energy,T&E,,,,
SB274,Singleton,Regular Session 2019,04/11/2019,S,,Read for the first time and referred to the Senate committee on Tourism,TM,,,,
SB274,Singleton,Regular Session 2019,04/25/2019,S,,Read for the second time and placed on the calendar  1 amendment,,0,8,0,
SB274,Singleton,Regular Session 2019,,S,,Pending third reading on day 14 Favorable from Tourism with 1 amendment,,,,,
SB274,Singleton,Regular Session 2019,,S,199732-2,Tourism first Amendment Offered,,,,,
SB275,Smitherman,Regular Session 2019,04/11/2019,S,,Read for the first time and referred to the Senate committee on Governmental Affairs,GA,,,,
SB275,Smitherman,Regular Session 2019,04/23/2019,S,,Read for the second time and placed on the calendar,,0,8,0,
SB275,Smitherman,Regular Session 2019,,S,,Pending third reading on day 13 Favorable from Governmental Affairs,,,,,
SB276,Smitherman,Regular Session 2019,04/11/2019,S,,Read for the first time and referred to the Senate committee on Transportation and Energy,T&E,,,,
SB276,Smitherman,Regular Session 2019,04/16/2019,S,,Rereferred to Committee on Tourism,TM,,,,
SB276,Smitherman,Regular Session 2019,04/23/2019,S,,Read for the second time and placed on the calendar,,0,10,,
SB276,Smitherman,Regular Session 2019,,S,,Pending third reading on day 13 Favorable from Tourism,,,,,
SB277,Smitherman,Regular Session 2019,04/11/2019,S,,"Read for the first time and referred to the Senate committee on Children, Youth and Human Services",CY&HS,,,,
SB277,Smitherman,Regular Session 2019,04/18/2019,S,,Read for the second time and placed on the calendar,,0,9,,
SB277,Smitherman,Regular Session 2019,04/30/2019,S,,Third Reading Passed,,,,,
SB277,Smitherman,Regular Session 2019,04/30/2019,S,,Motion to Read a Third Time and Pass adopted Roll Call 417,,,,,Roll 417
SB277,Smitherman,Regular Session 2019,04/30/2019,H,,Read for the first time and referred to the House of Representatives committee on Children and Senior Advocacy,C&SA,,,,
SB277,Smitherman,Regular Session 2019,05/08/2019,H,,Read for the second time and placed on the calendar,,,,,
SB277,Smitherman,Regular Session 2019,,H,,Pending third reading on day 18 Favorable from Children and Senior Advocacy,,,,,
SB278,Gudger,Regular Session 2019,04/16/2019,S,,Read for the first time and referred to the Senate committee on Fiscal Responsibility and Economic Development,FRED,,,,
SB278,Gudger,Regular Session 2019,04/25/2019,S,,Read for the second time and placed on the calendar  1 amendment,,0,8,,
SB278,Gudger,Regular Session 2019,05/02/2019,S,,Third Reading Passed,,,,,
SB278,Gudger,Regular Session 2019,05/02/2019,S,199936-2,Fiscal Responsibility and Economic Development  Amendment Offered,,,,,
SB278,Gudger,Regular Session 2019,05/02/2019,S,,Gudger motion to Adopt adopted Roll Call 574,,,,,Roll 574
SB278,Gudger,Regular Session 2019,05/02/2019,S,,Motion to Read a Third Time and Pass adopted Roll Call 575,,,,,Roll 575
SB278,Gudger,Regular Session 2019,05/02/2019,S,,Engrossed,,,,,
SB278,Gudger,Regular Session 2019,05/02/2019,H,,Read for the first time and referred to the House of Representatives committee on Commerce and Small Business,C&SB,,,,
SB278,Gudger,Regular Session 2019,05/07/2019,H,,Read for the second time and placed on the calendar,,,,,
SB278,Gudger,Regular Session 2019,,H,,Pending third reading on day 17 Favorable from Commerce and Small Business,,,,,
SB279,Smitherman,Regular Session 2019,04/16/2019,S,,Read for the first time and referred to the Senate committee on Judiciary,JUDY,,,,
SB279,Smitherman,Regular Session 2019,04/25/2019,S,,Read for the second time and placed on the calendar,,0,11,0,
SB279,Smitherman,Regular Session 2019,05/07/2019,S,,Third Reading Passed,,,,,
SB279,Smitherman,Regular Session 2019,05/07/2019,S,,Motion to Read a Third Time and Pass adopted Roll Call 645,,,,,Roll 645
SB279,Smitherman,Regular Session 2019,05/07/2019,H,,"Read for the first time and referred to the House of Representatives committee on Constitution, Campaigns and Elections",CC&E,,,,
SB280,Singleton,Regular Session 2019,04/16/2019,S,,Read for the first time and referred to the Senate committee on Transportation and Energy,T&E,,,,
SB281,Singleton,Regular Session 2019,04/16/2019,S,,Read for the first time and referred to the Senate committee on Education Policy,ED,,,,
SB281,Singleton,Regular Session 2019,04/25/2019,S,,Read for the second time and placed on the calendar,,0,8,,
SB281,Singleton,Regular Session 2019,05/02/2019,S,,Third Reading Passed,,,,,
SB281,Singleton,Regular Session 2019,05/02/2019,S,199854-1,Singleton first Substitute Offered,,,,,
SB281,Singleton,Regular Session 2019,05/02/2019,S,,Singleton motion to Adopt adopted Roll Call 577,,,,,Roll 577
SB281,Singleton,Regular Session 2019,05/02/2019,S,,Motion to Read a Third Time and Pass adopted Roll Call 578,,,,,Roll 578
SB281,Singleton,Regular Session 2019,05/02/2019,S,,Engrossed,,,,,
SB281,Singleton,Regular Session 2019,05/02/2019,H,,Read for the first time and referred to the House of Representatives committee on Education Policy,EP,,,,
SB282,Albritton,Regular Session 2019,04/16/2019,S,,"Read for the first time and referred to the Senate committee on Agriculture, Conservation and Forestry",AC&F,,,,
SB282,Albritton,Regular Session 2019,04/18/2019,S,,Read for the second time and placed on the calendar,,0,11,,
SB282,Albritton,Regular Session 2019,,S,,"Pending third reading on day 12 Favorable from Agriculture, Conservation and Forestry",,,,,
SB283,Scofield,Regular Session 2019,04/16/2019,S,,Read for the first time and referred to the Senate committee on Judiciary,JUDY,,,,
SB283,Scofield,Regular Session 2019,05/02/2019,S,,Read for the second time and placed on the calendar  1 amendment,,0,10,0,
SB283,Scofield,Regular Session 2019,,S,200273-2,Judiciary first Amendment Offered,,,,,
SB283,Scofield,Regular Session 2019,,S,,Pending third reading on day 16 Favorable from Judiciary with 1 amendment,,,,,
SB284,Livingston,Regular Session 2019,04/16/2019,S,,Read for the first time and referred to the Senate committee on Local Legislation,LL1,,,,
SB284,Livingston,Regular Session 2019,04/23/2019,S,,Read for the second time and placed on the calendar,,,,,
SB284,Livingston,Regular Session 2019,04/25/2019,S,,Third Reading Passed,,,,,
SB284,Livingston,Regular Session 2019,04/25/2019,S,,Motion to Read a Third Time and Pass adopted Roll Call 394,,,,,Roll 394
SB284,Livingston,Regular Session 2019,04/25/2019,H,,Read for the first time and referred to the House of Representatives committee on Local Legislation,LL,,,,
SB284,Livingston,Regular Session 2019,04/30/2019,H,,Read for the second time and placed on the calendar,,,,,
SB284,Livingston,Regular Session 2019,,H,,Pending third reading on day 15 Favorable from Local Legislation,,,,,
SB285,Livingston,Regular Session 2019,04/16/2019,S,,Read for the first time and referred to the Senate committee on Fiscal Responsibility and Economic Development,FRED,,,,
SB285,Livingston,Regular Session 2019,04/25/2019,S,,Read for the second time and placed on the calendar,,0,8,,
SB285,Livingston,Regular Session 2019,,S,,Pending third reading on day 14 Favorable from Fiscal Responsibility and Economic Development,,,,,
SB286,Livingston,Regular Session 2019,04/16/2019,S,,Read for the first time and referred to the Senate committee on Fiscal Responsibility and Economic Development,FRED,,,,
SB286,Livingston,Regular Session 2019,04/25/2019,S,,Read for the second time and placed on the calendar  1 amendment,,0,8,,
SB286,Livingston,Regular Session 2019,,S,,Pending third reading on day 14 Favorable from Fiscal Responsibility and Economic Development with 1 amendment,,,,,
SB286,Livingston,Regular Session 2019,,S,199769-2,Fiscal Responsibility and Economic Development first Amendment Offered,,,,,
SB287,Chambliss,Regular Session 2019,04/16/2019,S,,Read for the first time and referred to the Senate committee on Local Legislation,LL1,,,,
SB287,Chambliss,Regular Session 2019,04/25/2019,S,,Read for the second time and placed on the calendar,,,,,
SB287,Chambliss,Regular Session 2019,04/30/2019,S,,Third Reading Passed,,,,,
SB287,Chambliss,Regular Session 2019,04/30/2019,S,,Motion to Read a Third Time and Pass adopted Roll Call 465,,,,,Roll 465
SB287,Chambliss,Regular Session 2019,04/30/2019,H,,Read for the first time and referred to the House of Representatives committee on Local Legislation,LL,,,,
SB288,Smitherman,Regular Session 2019,04/16/2019,S,,Read for the first time and referred to the Senate committee on Finance and Taxation Education,F&TE,,,,
SB289,Melson,Regular Session 2019,04/16/2019,S,,Read for the first time and referred to the Senate committee on Fiscal Responsibility and Economic Development,FRED,,,,
SB289,Melson,Regular Session 2019,05/02/2019,S,,Read for the second time and placed on the calendar with 1 substitute and,,0,9,1,
SB289,Melson,Regular Session 2019,,S,,Pending third reading on day 16 Favorable from Fiscal Responsibility and Economic Development with 1 substitute,,,,,
SB289,Melson,Regular Session 2019,,S,199809-2,Fiscal Responsibility and Economic Development first Substitute Offered,,,,,
SB290,Gudger,Regular Session 2019,04/16/2019,S,,Read for the first time and referred to the Senate committee on Finance and Taxation General Fund,F&TG,,,,
SB290,Gudger,Regular Session 2019,04/25/2019,S,,Read for the second time and placed on the calendar,,0,12,,
SB290,Gudger,Regular Session 2019,,S,,Pending third reading on day 14 Favorable from Finance and Taxation General Fund,,,,,
SB291,Singleton,Regular Session 2019,04/16/2019,S,,Read for the first time and referred to the Senate committee on Finance and Taxation Education,F&TE,,,,
SB292,Waggoner,Regular Session 2019,04/16/2019,S,,Read for the first time and referred to the Senate committee on Jefferson County Legislation,LLJ,,,,
SB292,Waggoner,Regular Session 2019,05/02/2019,S,,Read for the second time and placed on the calendar,,0,4,0,
SB292,Waggoner,Regular Session 2019,05/07/2019,S,,Third Reading Passed,,,,,
SB292,Waggoner,Regular Session 2019,05/07/2019,S,,Motion to Read a Third Time and Pass adopted Roll Call 588,,,,,Roll 588
SB292,Waggoner,Regular Session 2019,05/07/2019,H,,Read for the first time and referred to the House of Representatives committee on Jefferson County Legislation,JCL,,,,
SB293,Melson,Regular Session 2019,04/16/2019,S,,Read for the first time and referred to the Senate committee on Education Policy,ED,,,,
SB293,Melson,Regular Session 2019,04/25/2019,S,,Read for the second time and placed on the calendar  with 1 substitute and 1 amendment,,2,8,,
SB293,Melson,Regular Session 2019,,S,199804-2,Education Policy first Substitute Offered,,,,,
SB293,Melson,Regular Session 2019,,S,199866-4,Education Policy first Amendment Offered,,,,,
SB293,Melson,Regular Session 2019,,S,,Pending third reading on day 14 Favorable from Education Policy with 1 substitute and 1 amendment,,,,,
SB294,Orr,Regular Session 2019,04/16/2019,S,,Read for the first time and referred to the Senate committee on Fiscal Responsibility and Economic Development,FRED,,,,
SB294,Orr,Regular Session 2019,04/25/2019,S,,Read for the second time and placed on the calendar,,1,7,2,
SB294,Orr,Regular Session 2019,,S,,Pending third reading on day 14 Favorable from Fiscal Responsibility and Economic Development,,,,,
SB295,Orr,Regular Session 2019,04/16/2019,S,,Read for the first time and referred to the Senate committee on Finance and Taxation Education,F&TE,,,,
SB295,Orr,Regular Session 2019,04/25/2019,S,,Read for the second time and placed on the calendar with 1 substitute and,,0,14,0,
SB295,Orr,Regular Session 2019,05/02/2019,S,,Third Reading Passed,,,,,
SB295,Orr,Regular Session 2019,05/02/2019,S,199819-2,Finance and Taxation Education first Substitute Offered,,,,,
SB295,Orr,Regular Session 2019,05/02/2019,S,,Orr motion to Adopt adopted Roll Call 554,,,,,Roll 554
SB295,Orr,Regular Session 2019,05/02/2019,S,,Motion to Read a Third Time and Pass adopted Roll Call 555,,,,,Roll 555
SB295,Orr,Regular Session 2019,05/02/2019,S,,Engrossed,,,,,
SB295,Orr,Regular Session 2019,05/02/2019,H,,Read for the first time and referred to the House of Representatives committee on Ways and Means Education,W&ME,,,,
SB296,Roberts,Regular Session 2019,04/16/2019,S,,Read for the first time and referred to the Senate committee on Finance and Taxation Education,F&TE,,,,
SB296,Roberts,Regular Session 2019,05/08/2019,S,,Read for the second time and placed on the calendar  2 amendments,,0,10,0,
SB296,Roberts,Regular Session 2019,,S,200631-2,Finance and Taxation Education second Amendment Offered,,,,,
SB296,Roberts,Regular Session 2019,,S,200650-2,Finance and Taxation Education first Amendment Offered,,,,,
SB296,Roberts,Regular Session 2019,,S,,Pending third reading on day 18 Favorable from Finance and Taxation Education with 2 amendments,,,,,
SB297,Givhan,Regular Session 2019,04/16/2019,S,,Read for the first time and referred to the Senate committee on Judiciary,JUDY,,,,
SB298,Whatley,Regular Session 2019,04/16/2019,S,,Read for the first time and referred to the Senate committee on Governmental Affairs,GA,,,,
SB298,Whatley,Regular Session 2019,05/02/2019,S,,Read for the second time and placed on the calendar  1 amendment,,0,8,0,
SB298,Whatley,Regular Session 2019,,S,200176-2,Governmental Affairs first Amendment Offered,,,,,
SB298,Whatley,Regular Session 2019,,S,,Pending third reading on day 16 Favorable from Governmental Affairs with 1 amendment,,,,,
SB299,Whatley,Regular Session 2019,04/16/2019,S,,Read for the first time and referred to the Senate committee on Finance and Taxation Education,F&TE,,,,
SB300,Beasley,Regular Session 2019,04/16/2019,S,,Read for the first time and referred to the Senate committee on Governmental Affairs,GA,,,,
SB300,Beasley,Regular Session 2019,05/07/2019,S,,Read for the second time and placed on the calendar  1 amendment,,0,8,0,
SB300,Beasley,Regular Session 2019,,S,200641-2,Governmental Affairs first Amendment Offered,,,,,
SB300,Beasley,Regular Session 2019,,S,,Pending third reading on day 17 Favorable from Governmental Affairs with 1 amendment,,,,,
SB301,Smitherman,Regular Session 2019,04/16/2019,S,,Read for the first time and referred to the Senate committee on Governmental Affairs,GA,,,,
SB301,Smitherman,Regular Session 2019,04/23/2019,S,,Read for the second time and placed on the calendar,,0,7,1,
SB301,Smitherman,Regular Session 2019,,S,,Pending third reading on day 13 Favorable from Governmental Affairs,,,,,
SB302,Smitherman,Regular Session 2019,04/16/2019,S,,Read for the first time and referred to the Senate committee on Fiscal Responsibility and Economic Development,FRED,,,,
SB302,Smitherman,Regular Session 2019,04/25/2019,S,,Read for the second time and placed on the calendar,,0,8,,
SB302,Smitherman,Regular Session 2019,05/08/2019,S,,Third Reading Passed,,,,,
SB302,Smitherman,Regular Session 2019,05/08/2019,S,,Motion to Read a Third Time and Pass adopted Roll Call 668,,,,,Roll 668
SB302,Smitherman,Regular Session 2019,,,,,,,,,
SB303,Ward,Regular Session 2019,04/16/2019,S,,Read for the first time and referred to the Senate committee on Governmental Affairs,GA,,,,
SB303,Ward,Regular Session 2019,04/23/2019,S,,Read for the second time and placed on the calendar,,0,11,0,
SB303,Ward,Regular Session 2019,,S,,Pending third reading on day 13 Favorable from Governmental Affairs,,,,,
SB304,Chambliss,Regular Session 2019,04/16/2019,S,,Read for the first time and referred to the Senate committee on Education Policy,ED,,,,
SB304,Chambliss,Regular Session 2019,05/02/2019,S,,Read for the second time and placed on the calendar,,0,11,,
SB304,Chambliss,Regular Session 2019,,S,,Pending third reading on day 16 Favorable from Education Policy,,,,,
SB305,Holley,Regular Session 2019,04/16/2019,S,,Read for the first time and referred to the Senate committee on Governmental Affairs,GA,,,,
SB305,Holley,Regular Session 2019,04/23/2019,S,,Read for the second time and placed on the calendar,,1,8,0,
SB305,Holley,Regular Session 2019,,S,,Pending third reading on day 13 Favorable from Governmental Affairs,,,,,
SB306,Allen,Regular Session 2019,04/16/2019,S,,Read for the first time and referred to the Senate committee on Transportation and Energy,T&E,,,,
SB307,Allen,Regular Session 2019,04/16/2019,S,,Read for the first time and referred to the Senate committee on Transportation and Energy,T&E,,,,
SB307,Allen,Regular Session 2019,04/25/2019,S,,Read for the second time and placed on the calendar,,0,10,1,
SB307,Allen,Regular Session 2019,,S,,Pending third reading on day 14 Favorable from Transportation and Energy,,,,,
SB308,Allen,Regular Session 2019,04/16/2019,S,,Read for the first time and referred to the Senate committee on Tourism,TM,,,,
SB308,Allen,Regular Session 2019,05/02/2019,S,,Read for the second time and placed on the calendar  1 amendment,,0,9,0,
SB308,Allen,Regular Session 2019,,S,200377-3,Tourism first Amendment Offered,,,,,
SB308,Allen,Regular Session 2019,,S,,Pending third reading on day 16 Favorable from Tourism with 1 amendment,,,,,
SB309,Waggoner,Regular Session 2019,04/18/2019,S,,Read for the first time and referred to the Senate committee on Jefferson County Legislation,LLJ,,,,
SB309,Waggoner,Regular Session 2019,05/02/2019,S,,Read for the second time and placed on the calendar,,0,4,0,
SB309,Waggoner,Regular Session 2019,05/07/2019,S,,Third Reading Passed,,,,,
SB309,Waggoner,Regular Session 2019,05/07/2019,S,,Motion to Read a Third Time and Pass adopted Roll Call 590,,,,,Roll 590
SB309,Waggoner,Regular Session 2019,05/07/2019,H,,Read for the first time and referred to the House of Representatives committee on Jefferson County Legislation,JCL,,,,
SB310,Beasley,Regular Session 2019,04/18/2019,S,,Read for the first time and referred to the Senate committee on Local Legislation,LL1,,,,
SB310,Beasley,Regular Session 2019,04/30/2019,S,,Read for the second time and placed on the calendar,,,,,
SB310,Beasley,Regular Session 2019,05/02/2019,S,,Third Reading Passed,,,,,
SB310,Beasley,Regular Session 2019,05/02/2019,S,,Motion to Read a Third Time and Pass adopted Roll Call 499,,,,,Roll 499
SB310,Beasley,Regular Session 2019,05/02/2019,H,,Read for the first time and referred to the House of Representatives committee on Local Legislation,LL,,,,
SB310,Beasley,Regular Session 2019,05/07/2019,H,,Read for the second time and placed on the calendar,,,,,
SB310,Beasley,Regular Session 2019,,H,,Pending third reading on day 17 Favorable from Local Legislation,,,,,
SB311,Marsh,Regular Session 2019,04/18/2019,S,,Read for the first time and referred to the Senate committee on Education Policy,ED,,,,
SB311,Marsh,Regular Session 2019,05/02/2019,S,,Read for the second time and placed on the calendar  2 amendments,,3,8,,
SB311,Marsh,Regular Session 2019,,S,200321-2,Education Policy second Amendment Offered,,,,,
SB311,Marsh,Regular Session 2019,,S,,Pending third reading on day 16 Favorable from Education Policy with 2 amendments,,,,,
SB311,Marsh,Regular Session 2019,,S,200254-2,Education Policy first Amendment Offered,,,,,
SB312,Smitherman,Regular Session 2019,04/18/2019,S,,Read for the first time and referred to the Senate committee on Transportation and Energy,T&E,,,,
SB312,Smitherman,Regular Session 2019,04/25/2019,S,,Read for the second time and placed on the calendar  2 amendments,,0,13,0,
SB312,Smitherman,Regular Session 2019,,S,199768-2,Transportation and Energy second Amendment Offered,,,,,
SB312,Smitherman,Regular Session 2019,,S,199868-2,Transportation and Energy first Amendment Offered,,,,,
SB312,Smitherman,Regular Session 2019,,S,,Pending third reading on day 14 Favorable from Transportation and Energy with 2 amendments,,,,,
SB313,Marsh,Regular Session 2019,04/18/2019,S,,Read for the first time and referred to the Senate committee on Governmental Affairs,GA,,,,
SB313,Marsh,Regular Session 2019,05/02/2019,S,,Read for the second time and placed on the calendar,,1,9,0,
SB313,Marsh,Regular Session 2019,05/08/2019,S,,Third Reading Passed,,,,,
SB313,Marsh,Regular Session 2019,05/08/2019,S,,Motion to Read a Third Time and Pass adopted Roll Call 666,,,,,Roll 666
SB313,Marsh,Regular Session 2019,,,,,,,,,
SB314,Singleton,Regular Session 2019,04/18/2019,S,,"Read for the first time and referred to the Senate committee on Agriculture, Conservation and Forestry",AC&F,,,,
SB314,Singleton,Regular Session 2019,04/25/2019,S,,Read for the second time and placed on the calendar,,0,8,,
SB314,Singleton,Regular Session 2019,05/07/2019,S,,Third Reading Passed,,,,,
SB314,Singleton,Regular Session 2019,05/07/2019,S,,Motion to Read a Third Time and Pass adopted Roll Call 624,,,,,Roll 624
SB314,Singleton,Regular Session 2019,05/07/2019,H,,Read for the first time and referred to the House of Representatives committee on Agriculture and Forestry,A&F,,,,
SB315,Roberts,Regular Session 2019,04/18/2019,S,,Read for the first time and referred to the Senate committee on Transportation and Energy,T&E,,,,
SB315,Roberts,Regular Session 2019,04/25/2019,S,,Read for the second time and placed on the calendar  2 amendments,,0,13,0,
SB315,Roberts,Regular Session 2019,05/08/2019,S,,Engrossed,,,,,
SB315,Roberts,Regular Session 2019,05/07/2019,S,,Third Reading Passed,,,,,
SB315,Roberts,Regular Session 2019,05/08/2019,H,,Read for the first time,,,,,
SB315,Roberts,Regular Session 2019,05/07/2019,S,200032-1,Transportation and Energy  Amendment Offered,,,,,
SB315,Roberts,Regular Session 2019,05/07/2019,S,199977-2,Transportation and Energy  Amendment Offered,,,,,
SB315,Roberts,Regular Session 2019,05/07/2019,S,,Roberts motion to Adopt adopted Roll Call 627,,,,,Roll 627
SB315,Roberts,Regular Session 2019,05/07/2019,S,,Roberts motion to Adopt adopted Roll Call 628,,,,,Roll 628
SB315,Roberts,Regular Session 2019,05/07/2019,S,,Motion to Read a Third Time and Pass adopted Roll Call 629,,,,,Roll 629
SB315,Roberts,Regular Session 2019,,S,199977-2,Transportation and Energy first Amendment Offered,,,,,
SB316,Ward,Regular Session 2019,04/18/2019,S,,Read for the first time and referred to the Senate committee on Transportation and Energy,T&E,,,,
SB316,Ward,Regular Session 2019,05/02/2019,S,,Read for the second time and placed on the calendar,,0,9,,
SB316,Ward,Regular Session 2019,,S,,Pending third reading on day 16 Favorable from Transportation and Energy,,,,,
SB317,Chambliss,Regular Session 2019,04/18/2019,S,,Read for the first time and referred to the Senate committee on Governmental Affairs,GA,,,,
SB317,Chambliss,Regular Session 2019,05/07/2019,S,,Read for the second time and placed on the calendar,,0,7,0,
SB317,Chambliss,Regular Session 2019,,S,,Pending third reading on day 17 Favorable from Governmental Affairs,,,,,
SB318,Chesteen,Regular Session 2019,04/18/2019,S,,Read for the first time and referred to the Senate committee on Transportation and Energy,T&E,,,,
SB318,Chesteen,Regular Session 2019,04/25/2019,S,,Read for the second time and placed on the calendar  1 amendment,,0,13,0,
SB318,Chesteen,Regular Session 2019,,S,,Pending third reading on day 14 Favorable from Transportation and Energy with 1 amendment,,,,,
SB318,Chesteen,Regular Session 2019,,S,199831-3,Transportation and Energy first Amendment Offered,,,,,
SB319,Barfoot,Regular Session 2019,04/18/2019,S,,Read for the first time and referred to the Senate committee on Finance and Taxation General Fund,F&TG,,,,
SB320,Figures,Regular Session 2019,04/18/2019,S,,Read for the first time and referred to the Senate committee on Judiciary,JUDY,,,,
SB320,Figures,Regular Session 2019,05/02/2019,S,,Read for the second time and placed on the calendar,,0,9,0,
SB320,Figures,Regular Session 2019,,S,,Pending third reading on day 16 Favorable from Judiciary,,,,,
SB321,Singleton,Regular Session 2019,04/18/2019,S,,Read for the first time and referred to the Senate committee on Local Legislation,LL1,,,,
SB321,Singleton,Regular Session 2019,04/23/2019,S,,Read for the second time and rereferred to committee Tourism,TM,,,,
SB321,Singleton,Regular Session 2019,04/25/2019,S,,Reported from Committee,,0,8,0,
SB321,Singleton,Regular Session 2019,05/02/2019,S,,Engrossed,,,,,
SB321,Singleton,Regular Session 2019,04/30/2019,S,,Pending third reading on day 13 Favorable from Tourism with 2 amendments,,,,,
SB321,Singleton,Regular Session 2019,05/02/2019,H,,Read for the first time and referred to the House of Representatives committee on Local Legislation,LL,,,,
SB321,Singleton,Regular Session 2019,04/30/2019,S,199840-2,Tourism  Amendment Offered,,,,,
SB321,Singleton,Regular Session 2019,04/30/2019,S,199924-2,Tourism  Amendment Offered,,,,,
SB321,Singleton,Regular Session 2019,04/30/2019,S,,Chambliss motion to Carry Over to the Call of the Chair adopted Voice Vote,,,,,
SB321,Singleton,Regular Session 2019,04/30/2019,S,,Third Reading Passed,,,,,
SB321,Singleton,Regular Session 2019,04/30/2019,S,199840-2,Tourism  Amendment Offered,,,,,
SB321,Singleton,Regular Session 2019,04/30/2019,S,,Marsh motion to Adopt adopted Roll Call 471,,,,,Roll 471
SB321,Singleton,Regular Session 2019,04/30/2019,S,199924-2,Tourism  Amendment Offered,,,,,
SB321,Singleton,Regular Session 2019,04/30/2019,S,,Marsh motion to Adopt adopted Roll Call 472,,,,,Roll 472
SB321,Singleton,Regular Session 2019,04/30/2019,S,,Motion to Read a Third Time and Pass adopted Roll Call 473,,,,,Roll 473
SB322,Beasley,Regular Session 2019,04/23/2019,S,,Read for the first time and referred to the Senate committee on Local Legislation,LL1,,,,
SB322,Beasley,Regular Session 2019,04/25/2019,S,,Read for the second time and rereferred to committee Tourism,TM,,,,
SB322,Beasley,Regular Session 2019,05/02/2019,S,,Reported from Committee,,0,9,0,
SB322,Beasley,Regular Session 2019,05/07/2019,S,,Pending third reading on day 15 Favorable from Tourism with 1 amendment,,,,,
SB322,Beasley,Regular Session 2019,05/07/2019,S,,Beasley motion to Carry Over to the Call of the Chair adopted Voice Vote,,,,,
SB322,Beasley,Regular Session 2019,05/07/2019,S,,Third Reading Carried Over to Call of the Chair,,,,,
SB322,Beasley,Regular Session 2019,05/07/2019,S,,Beasley motion to Carry Over to the Call of the Chair adopted Voice Vote,,,,,
SB322,Beasley,Regular Session 2019,05/08/2019,S,,Third Reading Carried Over to Call of the Chair,,,,,
SB322,Beasley,Regular Session 2019,05/08/2019,S,,Beasley motion to Carry Over to the Call of the Chair adopted Voice Vote,,,,,
SB322,Beasley,Regular Session 2019,,S,,Further Consideration,,,,,
SB322,Beasley,Regular Session 2019,,S,200258-3,Tourism first Amendment Offered,,,,,
SB323,Chambliss,Regular Session 2019,04/23/2019,S,,Read for the first time and referred to the Senate committee on Local Legislation,LL1,,,,
SB323,Chambliss,Regular Session 2019,04/30/2019,S,,Read for the second time and placed on the calendar,,,,,
SB323,Chambliss,Regular Session 2019,05/02/2019,S,,Third Reading Passed,,,,,
SB323,Chambliss,Regular Session 2019,05/02/2019,S,,Motion to Read a Third Time and Pass adopted Roll Call 497,,,,,Roll 497
SB323,Chambliss,Regular Session 2019,05/02/2019,H,,Read for the first time and referred to the House of Representatives committee on Local Legislation,LL,,,,
SB323,Chambliss,Regular Session 2019,05/07/2019,H,,Read for the second time and placed on the calendar,,,,,
SB323,Chambliss,Regular Session 2019,,H,,Pending third reading on day 17 Favorable from Local Legislation,,,,,
SB324,Chesteen,Regular Session 2019,04/23/2019,S,,"Read for the first time and referred to the Senate committee on Agriculture, Conservation and Forestry",AC&F,,,,
SB324,Chesteen,Regular Session 2019,04/25/2019,S,,Read for the second time and placed on the calendar,,0,8,,
SB324,Chesteen,Regular Session 2019,05/02/2019,S,,Third Reading Passed,,,,,
SB324,Chesteen,Regular Session 2019,05/02/2019,S,,Motion to Read a Third Time and Pass adopted Roll Call 582,,,,,Roll 582
SB324,Chesteen,Regular Session 2019,05/02/2019,H,,Read for the first time and referred to the House of Representatives committee on Agriculture and Forestry,A&F,,,,
SB324,Chesteen,Regular Session 2019,05/07/2019,H,,Read for the second time and placed on the calendar,,,,,
SB324,Chesteen,Regular Session 2019,,H,,Pending third reading on day 17 Favorable from Agriculture and Forestry,,,,,
SB325,Singleton,Regular Session 2019,04/25/2019,S,,Read for the first time and referred to the Senate committee on Judiciary,JUDY,,,,
SB326,Chambliss,Regular Session 2019,04/25/2019,S,,Read for the first time and referred to the Senate committee on Local Legislation,LL1,,,,
SB326,Chambliss,Regular Session 2019,04/30/2019,S,,Read for the second time and placed on the calendar,,,,,
SB326,Chambliss,Regular Session 2019,05/02/2019,S,,Third Reading Passed,,,,,
SB326,Chambliss,Regular Session 2019,05/02/2019,S,,Motion to Read a Third Time and Pass adopted Roll Call 501,,,,,Roll 501
SB326,Chambliss,Regular Session 2019,05/02/2019,H,,Read for the first time and referred to the House of Representatives committee on Local Legislation,LL,,,,
SB327,Chambliss,Regular Session 2019,04/25/2019,S,,Read for the first time and referred to the Senate committee on Local Legislation,LL1,,,,
SB327,Chambliss,Regular Session 2019,04/30/2019,S,,Read for the second time and placed on the calendar,,,,,
SB327,Chambliss,Regular Session 2019,05/02/2019,S,,Third Reading Passed,,,,,
SB327,Chambliss,Regular Session 2019,05/02/2019,S,,Motion to Read a Third Time and Pass adopted Roll Call 503,,,,,Roll 503
SB327,Chambliss,Regular Session 2019,05/02/2019,H,,Read for the first time and referred to the House of Representatives committee on Local Legislation,LL,,,,
SB328,Melson,Regular Session 2019,04/25/2019,S,,Read for the first time and referred to the Senate committee on Fiscal Responsibility and Economic Development,FRED,,,,
SB328,Melson,Regular Session 2019,05/07/2019,S,,Read for the second time and placed on the calendar with 1 substitute and,,0,8,,
SB328,Melson,Regular Session 2019,,S,,Pending third reading on day 17 Favorable from Fiscal Responsibility and Economic Development with 1 substitute,,,,,
SB328,Melson,Regular Session 2019,,S,200383-3,Fiscal Responsibility and Economic Development first Substitute Offered,,,,,
SB329,Gudger,Regular Session 2019,04/25/2019,S,,Read for the first time and referred to the Senate committee on Finance and Taxation General Fund,F&TG,,,,
SB330,Albritton,Regular Session 2019,04/30/2019,S,,Read for the first time and referred to the Senate committee on Healthcare,HLTH,,,,
SB331,Albritton,Regular Session 2019,04/30/2019,S,,Read for the first time and referred to the Senate committee on Local Legislation,LL1,,,,
SB331,Albritton,Regular Session 2019,05/07/2019,S,,Read for the second time and placed on the calendar,,,,,
SB331,Albritton,Regular Session 2019,05/08/2019,S,,Third Reading Passed,,,,,
SB331,Albritton,Regular Session 2019,05/08/2019,S,,Motion to Read a Third Time and Pass adopted Roll Call 651,,,,,Roll 651
SB331,Albritton,Regular Session 2019,05/08/2019,S,,Albritton motion to adopt Local Application Resolution adopted Roll Call 652,,,,,Roll 652
SB331,Albritton,Regular Session 2019,05/08/2019,H,,Read for the first time and referred to the House of Representatives committee on Baldwin County Legislation,BCL,,,,
SB332,Albritton,Regular Session 2019,04/30/2019,S,,Read for the first time and referred to the Senate committee on Local Legislation,LL1,,,,
SB332,Albritton,Regular Session 2019,05/07/2019,S,,Read for the second time and placed on the calendar,,,,,
SB332,Albritton,Regular Session 2019,05/08/2019,S,,Third Reading Passed,,,,,
SB332,Albritton,Regular Session 2019,05/08/2019,S,,Motion to Read a Third Time and Pass adopted Roll Call 656,,,,,Roll 656
SB332,Albritton,Regular Session 2019,05/08/2019,H,,Read for the first time and referred to the House of Representatives committee on Baldwin County Legislation,BCL,,,,
SB333,Price,Regular Session 2019,04/30/2019,S,,Read for the first time and referred to the Senate committee on Governmental Affairs,GA,,,,
SB334,Jones,Regular Session 2019,04/30/2019,S,,Read for the first time and referred to the Senate committee on Local Legislation,LL1,,,,
SB334,Jones,Regular Session 2019,05/02/2019,S,,Read for the second time and placed on the calendar,,,,,
SB334,Jones,Regular Session 2019,05/07/2019,S,,Third Reading Passed,,,,,
SB334,Jones,Regular Session 2019,05/07/2019,S,,Motion to Read a Third Time and Pass adopted Roll Call 595,,,,,Roll 595
SB334,Jones,Regular Session 2019,05/07/2019,H,,Read for the first time and referred to the House of Representatives committee on Local Legislation,LL,,,,
SB334,Jones,Regular Session 2019,,H,,Acted on by Local Legislation as Favorable,,,,,
SB335,Coleman-Madison,Regular Session 2019,04/30/2019,S,,Read for the first time and referred to the Senate committee on Finance and Taxation Education,F&TE,,,,
SB336,Ward,Regular Session 2019,04/30/2019,S,,Read for the first time and referred to the Senate committee on Judiciary,JUDY,,,,
SB337,Coleman-Madison,Regular Session 2019,04/30/2019,S,,Read for the first time and referred to the Senate committee on Judiciary,JUDY,,,,
SB338,Coleman-Madison,Regular Session 2019,04/30/2019,S,,Read for the first time and referred to the Senate committee on Judiciary,JUDY,,,,
SB339,Coleman-Madison,Regular Session 2019,04/30/2019,S,,Read for the first time and referred to the Senate committee on Fiscal Responsibility and Economic Development,FRED,,,,
SB340,Coleman-Madison,Regular Session 2019,04/30/2019,S,,Read for the first time and referred to the Senate committee on Education Policy,ED,,,,
SB341,Coleman-Madison,Regular Session 2019,04/30/2019,S,,Read for the first time and referred to the Senate committee on Education Policy,ED,,,,
SB342,Coleman-Madison,Regular Session 2019,04/30/2019,S,,Read for the first time and referred to the Senate committee on Governmental Affairs,GA,,,,
SB343,Whatley,Regular Session 2019,04/30/2019,S,,Read for the first time and referred to the Senate committee on Fiscal Responsibility and Economic Development,FRED,,,,
SB344,Orr,Regular Session 2019,04/30/2019,S,,Read for the first time and referred to the Senate committee on Local Legislation,LL1,,,,
SB344,Orr,Regular Session 2019,05/02/2019,S,,Read for the second time and placed on the calendar,,,,,
SB344,Orr,Regular Session 2019,05/07/2019,S,,Third Reading Passed,,,,,
SB344,Orr,Regular Session 2019,05/07/2019,S,,Motion to Read a Third Time and Pass adopted Roll Call 593,,,,,Roll 593
SB344,Orr,Regular Session 2019,05/07/2019,H,,Read for the first time and referred to the House of Representatives committee on Local Legislation,LL,,,,
SB345,Ward,Regular Session 2019,04/30/2019,S,,Read for the first time and referred to the Senate committee on Judiciary,JUDY,,,,
SB346,Ward,Regular Session 2019,04/30/2019,S,,Read for the first time and referred to the Senate committee on Tourism,TM,,,,
SB347,Sessions,Regular Session 2019,04/30/2019,S,,Read for the first time and referred to the Senate committee on Transportation and Energy,T&E,,,,
SB348,Allen,Regular Session 2019,04/30/2019,S,,Read for the first time and referred to the Senate committee on Transportation and Energy,T&E,,,,
SB349,Chambliss,Regular Session 2019,04/30/2019,S,,Read for the first time and referred to the Senate committee on Local Legislation,LL1,,,,
SB349,Chambliss,Regular Session 2019,05/02/2019,S,,Read for the second time and placed on the calendar,,,,,
SB349,Chambliss,Regular Session 2019,05/07/2019,S,,Third Reading Passed,,,,,
SB349,Chambliss,Regular Session 2019,05/07/2019,S,,Motion to Read a Third Time and Pass adopted Roll Call 603,,,,,Roll 603
SB349,Chambliss,Regular Session 2019,05/07/2019,H,,Read for the first time and referred to the House of Representatives committee on Local Legislation,LL,,,,
SB349,Chambliss,Regular Session 2019,,H,,Acted on by Local Legislation as Favorable,,,,,
SB350,Chambliss,Regular Session 2019,04/30/2019,S,,Read for the first time and referred to the Senate committee on Local Legislation,LL1,,,,
SB350,Chambliss,Regular Session 2019,05/02/2019,S,,Read for the second time and placed on the calendar,,,,,
SB350,Chambliss,Regular Session 2019,05/07/2019,S,,Third Reading Passed,,,,,
SB350,Chambliss,Regular Session 2019,05/07/2019,S,,Motion to Read a Third Time and Pass adopted Roll Call 605,,,,,Roll 605
SB350,Chambliss,Regular Session 2019,05/07/2019,H,,Read for the first time and referred to the House of Representatives committee on Local Legislation,LL,,,,
SB350,Chambliss,Regular Session 2019,,H,,Acted on by Local Legislation as Favorable,,,,,
SB351,Chambliss,Regular Session 2019,04/30/2019,S,,Read for the first time and referred to the Senate committee on Governmental Affairs,GA,,,,
SB351,Chambliss,Regular Session 2019,05/07/2019,S,,Read for the second time and placed on the calendar with 1 substitute and,,0,6,1,
SB351,Chambliss,Regular Session 2019,,S,200599-2,Governmental Affairs first Substitute Offered,,,,,
SB351,Chambliss,Regular Session 2019,,S,,Pending third reading on day 17 Favorable from Governmental Affairs with 1 substitute,,,,,
SB352,Jones,Regular Session 2019,04/30/2019,S,,Read for the first time and referred to the Senate committee on Local Legislation,LL1,,,,
SB352,Jones,Regular Session 2019,05/02/2019,S,,Read for the second time and placed on the calendar,,,,,
SB352,Jones,Regular Session 2019,05/07/2019,S,,Third Reading Passed,,,,,
SB352,Jones,Regular Session 2019,05/07/2019,S,,Motion to Read a Third Time and Pass adopted Roll Call 597,,,,,Roll 597
SB352,Jones,Regular Session 2019,05/07/2019,H,,Read for the first time and referred to the House of Representatives committee on Local Legislation,LL,,,,
SB353,Jones,Regular Session 2019,04/30/2019,S,,Read for the first time and referred to the Senate committee on Local Legislation,LL1,,,,
SB353,Jones,Regular Session 2019,05/02/2019,S,,Read for the second time and placed on the calendar,,,,,
SB353,Jones,Regular Session 2019,05/07/2019,S,,Third Reading Passed,,,,,
SB353,Jones,Regular Session 2019,05/07/2019,S,,Motion to Read a Third Time and Pass adopted Roll Call 599,,,,,Roll 599
SB353,Jones,Regular Session 2019,05/07/2019,H,,Read for the first time and referred to the House of Representatives committee on Local Legislation,LL,,,,
SB354,Jones,Regular Session 2019,04/30/2019,S,,Read for the first time and referred to the Senate committee on Local Legislation,LL1,,,,
SB354,Jones,Regular Session 2019,05/02/2019,S,,Read for the second time and placed on the calendar,,,,,
SB354,Jones,Regular Session 2019,05/07/2019,S,,Third Reading Passed,,,,,
SB354,Jones,Regular Session 2019,05/07/2019,S,,Motion to Read a Third Time and Pass adopted Roll Call 601,,,,,Roll 601
SB354,Jones,Regular Session 2019,05/07/2019,H,,Read for the first time and referred to the House of Representatives committee on Local Legislation,LL,,,,
SB355,Singleton,Regular Session 2019,04/30/2019,S,,Read for the first time and referred to the Senate committee on Education Policy,ED,,,,
SB356,Smitherman,Regular Session 2019,04/30/2019,S,,"Read for the first time and referred to the Senate committee on Children, Youth and Human Services",CY&HS,,,,
SB356,Smitherman,Regular Session 2019,05/08/2019,S,,Read for the second time and placed on the calendar,,0,6,,
SB356,Smitherman,Regular Session 2019,,S,,"Pending third reading on day 18 Favorable from Children, Youth and Human Services",,,,,
SB357,Smitherman,Regular Session 2019,04/30/2019,S,,Read for the first time and referred to the Senate committee on Governmental Affairs,GA,,,,
SB358,Scofield,Regular Session 2019,04/30/2019,S,,Read for the first time and referred to the Senate committee on Education Policy,ED,,,,
SB358,Scofield,Regular Session 2019,05/08/2019,S,,Read for the second time and placed on the calendar,,0,6,,
SB358,Scofield,Regular Session 2019,,S,,Pending third reading on day 18 Favorable from Education Policy,,,,,
SB359,Scofield,Regular Session 2019,04/30/2019,S,,Read for the first time and referred to the Senate committee on Judiciary,JUDY,,,,
SB360,Singleton,Regular Session 2019,04/30/2019,S,,Read for the first time and referred to the Senate committee on Healthcare,HLTH,,,,
SB361,Waggoner,Regular Session 2019,05/02/2019,S,,Read for the first time and referred to the Senate committee on Governmental Affairs,GA,,,,
SB362,Singleton,Regular Session 2019,05/02/2019,S,,Read for the first time and referred to the Senate committee on Finance and Taxation Education,F&TE,,,,
SB363,Smitherman,Regular Session 2019,05/02/2019,S,,Read for the first time and referred to the Senate committee on Governmental Affairs,GA,,,,
SB364,Coleman-Madison,Regular Session 2019,05/02/2019,S,,Read for the first time and referred to the Senate committee on Finance and Taxation Education,F&TE,,,,
SB365,Whatley,Regular Session 2019,05/02/2019,S,,Read for the first time and referred to the Senate committee on Veterans and Military Affairs,V&MA,,,,
SB365,Whatley,Regular Session 2019,05/08/2019,S,,Read for the second time and placed on the calendar,,0,8,0,
SB365,Whatley,Regular Session 2019,,S,,Pending third reading on day 18 Favorable from Veterans and Military Affairs,,,,,
SB366,Elliott,Regular Session 2019,05/02/2019,S,,Read for the first time and referred to the Senate committee on Local Legislation,LL1,,,,
SB366,Elliott,Regular Session 2019,05/07/2019,S,,Read for the second time and placed on the calendar,,,,,
SB366,Elliott,Regular Session 2019,05/08/2019,S,,Third Reading Passed,,,,,
SB366,Elliott,Regular Session 2019,05/08/2019,S,,Motion to Read a Third Time and Pass adopted Roll Call 654,,,,,Roll 654
SB366,Elliott,Regular Session 2019,05/08/2019,H,,Read for the first time and referred to the House of Representatives committee on Baldwin County Legislation,BCL,,,,
SB367,Albritton,Regular Session 2019,05/02/2019,S,,Read for the first time and referred to the Senate committee on Local Legislation,LL1,,,,
SB367,Albritton,Regular Session 2019,05/07/2019,S,,Read for the second time and placed on the calendar with 1 substitute and,,,,,
SB367,Albritton,Regular Session 2019,05/08/2019,S,,Third Reading Passed,,,,,
SB367,Albritton,Regular Session 2019,05/08/2019,S,200537-3,Local Legislation first Substitute Offered,,,,,
SB367,Albritton,Regular Session 2019,05/08/2019,S,,Elliott motion to Adopt adopted Roll Call 658,,,,,Roll 658
SB367,Albritton,Regular Session 2019,05/08/2019,S,,Motion to Read a Third Time and Pass adopted Roll Call 659,,,,,Roll 659
SB367,Albritton,Regular Session 2019,05/08/2019,S,,Engrossed,,,,,
SB367,Albritton,Regular Session 2019,05/08/2019,H,,Read for the first time and referred to the House of Representatives committee on Baldwin County Legislation,BCL,,,,
SB368,Shelnutt,Regular Session 2019,05/02/2019,S,,Read for the first time and referred to the Senate committee on Fiscal Responsibility and Economic Development,FRED,,,,
SB369,Sessions,Regular Session 2019,05/02/2019,S,,"Read for the first time and referred to the Senate committee on Agriculture, Conservation and Forestry",AC&F,,,,
SB370,Chambliss,Regular Session 2019,05/02/2019,S,,Read for the first time and referred to the Senate committee on Governmental Affairs,GA,,,,
SB371,Beasley,Regular Session 2019,05/02/2019,S,,Read for the first time and referred to the Senate committee on Governmental Affairs,GA,,,,
SB372,Ward,Regular Session 2019,05/02/2019,S,,Read for the first time and referred to the Senate committee on Governmental Affairs,GA,,,,
SB373,Marsh,Regular Session 2019,05/02/2019,S,,Read for the first time and referred to the Senate committee on Transportation and Energy,T&E,,,,
SB373,Marsh,Regular Session 2019,05/07/2019,S,,Read for the second time and placed on the calendar,,0,9,0,
SB373,Marsh,Regular Session 2019,,S,,Pending third reading on day 17 Favorable from Transportation and Energy,,,,,
SB374,Livingston,Regular Session 2019,05/02/2019,S,,Read for the first time and referred to the Senate committee on Finance and Taxation Education,F&TE,,,,
SB375,Roberts,Regular Session 2019,05/02/2019,S,,Read for the first time and referred to the Senate committee on Finance and Taxation Education,F&TE,,,,
SB376,Figures,Regular Session 2019,05/02/2019,S,,Read for the first time and referred to the Senate committee on Healthcare,HLTH,,,,
SB377,Givhan,Regular Session 2019,05/02/2019,S,,Read for the first time and referred to the Senate committee on Judiciary,JUDY,,,,
SB378,Livingston,Regular Session 2019,05/07/2019,S,,Read for the first time and referred to the Senate committee on Finance and Taxation Education,F&TE,,,,
SB379,Price,Regular Session 2019,05/07/2019,S,,Read for the first time and referred to the Senate committee on Governmental Affairs,GA,,,,
SB380,Givhan,Regular Session 2019,05/07/2019,S,,Read for the first time and referred to the Senate committee on Madison County Legislation,LLMA,,,,
SB380,Givhan,Regular Session 2019,05/08/2019,S,,Rereferred to Committee on Local Legislation,LL1,,,,
SB381,Butler,Regular Session 2019,05/07/2019,S,,Read for the first time and referred to the Senate committee on Local Legislation,LL1,,,,
SB381,Butler,Regular Session 2019,05/08/2019,S,,Read for the second time and placed on the calendar,,,,,
SB381,Butler,Regular Session 2019,,S,,Pending third reading on day 18 Favorable from Local Legislation,,,,,
SB382,Ward,Regular Session 2019,05/07/2019,S,,Read for the first time and referred to the Senate committee on Judiciary,JUDY,,,,
SB383,Jones,Regular Session 2019,05/07/2019,S,,Read for the first time and referred to the Senate committee on Local Legislation,LL1,,,,
SB383,Jones,Regular Session 2019,05/08/2019,S,,Read for the second time and placed on the calendar,,,,,
SB383,Jones,Regular Session 2019,,S,,Pending third reading on day 18 Favorable from Local Legislation,,,,,
SB384,Jones,Regular Session 2019,05/07/2019,S,,Read for the first time and referred to the Senate committee on Local Legislation,LL1,,,,
SB384,Jones,Regular Session 2019,05/08/2019,S,,Read for the second time and placed on the calendar,,,,,
SB384,Jones,Regular Session 2019,,S,,Pending third reading on day 18 Favorable from Local Legislation,,,,,
SB385,Jones,Regular Session 2019,05/07/2019,S,,Read for the first time and referred to the Senate committee on Local Legislation,LL1,,,,
SB385,Jones,Regular Session 2019,05/08/2019,S,,Read for the second time and placed on the calendar,,,,,
SB385,Jones,Regular Session 2019,,S,,Pending third reading on day 18 Favorable from Local Legislation,,,,,
SB386,Smitherman,Regular Session 2019,05/07/2019,S,,Read for the first time and referred to the Senate committee on Judiciary,JUDY,,,,
SB387,,Regular Session 2019,05/07/2019,S,,Read for the first time and referred to the Senate committee on Finance and Taxation General Fund,F&TG,,,,
SB388,Williams,Regular Session 2019,03/20/2019,H,,Read for the first time and referred to the House of Representatives committee on Judiciary,JUDY,,,,
SB388,Williams,Regular Session 2019,04/03/2019,H,,Read for the second time and placed on the calendar,,,,,
SB388,Williams,Regular Session 2019,04/04/2019,H,,Third Reading Passed,,,,,
SB388,Williams,Regular Session 2019,04/04/2019,H,,Motion to Read a Third Time and Pass adopted Roll Call 124,,,,,Roll 124
SB388,Williams,Regular Session 2019,04/04/2019,S,,Read for the first time and referred to the Senate committee on Judiciary,JUDY,,,,
SB388,Williams,Regular Session 2019,04/18/2019,S,,Read for the second time and placed on the calendar,,0,11,0,
SB388,Williams,Regular Session 2019,04/23/2019,S,,Third Reading Passed,,,,,
SB388,Williams,Regular Session 2019,04/23/2019,S,,Motion to Read a Third Time and Pass adopted Roll Call 359,,,,,Roll 359
SB388,Williams,Regular Session 2019,04/23/2019,H,,Passed Second House,,,,,
SB388,Williams,Regular Session 2019,04/23/2019,H,,Enrolled,,,,,
SB388,Williams,Regular Session 2019,04/25/2019,S,,Signature Requested,,,,,
SB388,Williams,Regular Session 2019,04/25/2019,H,,Clerk of the House Certification,,,,,
SB388,Williams,Regular Session 2019,,H,,Assigned Act No. 2019-94.,,,,,
SB388,Williams,Regular Session 2019,,H,,"Delivered to Governor at 10:16 a.m. on April 25, 2019.",,,,,
SB389,Gudger,Regular Session 2019,05/07/2019,S,,Read for the first time and referred to the Senate committee on Governmental Affairs,GA,,,,
SB390,Gudger,Regular Session 2019,05/07/2019,S,,Read for the first time and referred to the Senate committee on Finance and Taxation Education,F&TE,,,,
SB391,McClendon,Regular Session 2019,05/08/2019,S,,Read for the first time and referred to the Senate committee on Healthcare,HLTH,,,,
SB392,Price,Regular Session 2019,05/08/2019,S,,Read for the first time and referred to the Senate committee on Judiciary,JUDY,,,,
SB393,Elliott,Regular Session 2019,05/08/2019,S,,Read for the first time and referred to the Senate committee on Local Legislation,LL1,,,,
SJR1,Waggoner,Regular Session 2019,03/05/2019,S,,Introduced,,,,,
SJR1,Waggoner,Regular Session 2019,03/05/2019,S,,Waggoner motion to Adopt adopted Voice Vote,,,,,
SJR1,Waggoner,Regular Session 2019,03/05/2019,H,,Received in House of Representatives and referred to the House of Representatives committee on Rules,RULES,,,,
SJR1,Waggoner,Regular Session 2019,03/21/2019,H,,Reported from Rules,,,,,
SJR1,Waggoner,Regular Session 2019,03/21/2019,H,,Jones (M) motion to Concur In and Adopt adopted Voice Vote,,,,,
SJR1,Waggoner,Regular Session 2019,03/21/2019,S,,Passed Second House,,,,,
SJR2,Waggoner,Regular Session 2019,03/05/2019,S,,Introduced,,,,,
SJR2,Waggoner,Regular Session 2019,03/05/2019,S,,Waggoner motion to Adopt adopted Voice Vote,,,,,
SJR2,Waggoner,Regular Session 2019,03/05/2019,H,,Received in House of Representatives and referred to the House of Representatives committee on Rules,RULES,,,,
SJR2,Waggoner,Regular Session 2019,03/21/2019,H,,Reported from Rules,,,,,
SJR2,Waggoner,Regular Session 2019,03/21/2019,H,,Jones (M) motion to Concur In and Adopt adopted Voice Vote,,,,,
SJR2,Waggoner,Regular Session 2019,03/21/2019,S,,Passed Second House,,,,,
SJR3,Whatley,Regular Session 2019,03/05/2019,S,,Introduced,,,,,
SJR3,Whatley,Regular Session 2019,03/05/2019,S,,Whatley motion to Adopt adopted Voice Vote,,,,,
SJR3,Whatley,Regular Session 2019,03/05/2019,H,,Received in House of Representatives and referred to the House of Representatives committee on Rules,RULES,,,,
SJR3,Whatley,Regular Session 2019,03/21/2019,H,,Reported from Rules,,,,,
SJR3,Whatley,Regular Session 2019,03/21/2019,H,,Jones (M) motion to Concur In and Adopt adopted Voice Vote,,,,,
SJR3,Whatley,Regular Session 2019,03/21/2019,S,,Passed Second House,,,,,
SJR3,Whatley,Regular Session 2019,03/21/2019,S,,Enrolled,,,,,
SJR3,Whatley,Regular Session 2019,03/21/2019,H,,Signature Requested,,,,,
SJR3,Whatley,Regular Session 2019,,S,,"Delivered to Governor at 2:01 p.m. on March 21, 2019",,,,,
SJR4,McClendon,Regular Session 2019,03/05/2019,S,,Introduced,,,,,
SJR4,McClendon,Regular Session 2019,03/05/2019,S,,McClendon motion to Adopt adopted Voice Vote,,,,,
SJR4,McClendon,Regular Session 2019,03/05/2019,H,,Received in House of Representatives and referred to the House of Representatives committee on Rules,RULES,,,,
SJR4,McClendon,Regular Session 2019,03/21/2019,H,,Reported from Rules,,,,,
SJR4,McClendon,Regular Session 2019,03/21/2019,H,,Jones (M) motion to Concur In and Adopt adopted Voice Vote,,,,,
SJR4,McClendon,Regular Session 2019,03/21/2019,S,,Passed Second House,,,,,
SJR4,McClendon,Regular Session 2019,03/21/2019,S,,Enrolled,,,,,
SJR4,McClendon,Regular Session 2019,03/21/2019,H,,Signature Requested,,,,,
SJR4,McClendon,Regular Session 2019,,S,,"Delivered to Governor at 2:01 p.m. on March 21, 2019",,,,,
SJR5,Orr,Regular Session 2019,03/05/2019,S,,Introduced,,,,,
SJR5,Orr,Regular Session 2019,03/05/2019,S,,Orr motion to Adopt adopted Voice Vote,,,,,
SJR5,Orr,Regular Session 2019,03/05/2019,H,,Received in House of Representatives and referred to the House of Representatives committee on Rules,RULES,,,,
SJR5,Orr,Regular Session 2019,03/21/2019,H,,Reported from Rules,,,,,
SJR5,Orr,Regular Session 2019,03/21/2019,H,,Jones (M) motion to Concur In and Adopt adopted Voice Vote,,,,,
SJR5,Orr,Regular Session 2019,03/21/2019,S,,Enrolled,,,,,
SJR5,Orr,Regular Session 2019,03/21/2019,S,,"Delivered to Governor at 2:01 p.m. on March 21, 2019",,,,,
SJR5,Orr,Regular Session 2019,03/21/2019,H,,Signature Requested,,,,,
SJR6,Marsh,Regular Session 2019,03/19/2019,S,,Introduced,,,,,
SJR6,Marsh,Regular Session 2019,03/19/2019,S,,Marsh motion to Adopt adopted Voice Vote,,,,,
SJR6,Marsh,Regular Session 2019,03/19/2019,H,,Received in House of Representatives and referred to the House of Representatives committee on Rules,RULES,,,,
SJR6,Marsh,Regular Session 2019,03/21/2019,H,,Reported from Rules,,,,,
SJR6,Marsh,Regular Session 2019,03/21/2019,H,,Jones (M) motion to Concur In and Adopt adopted Voice Vote,,,,,
SJR6,Marsh,Regular Session 2019,03/21/2019,S,,Passed Second House,,,,,
SJR6,Marsh,Regular Session 2019,03/21/2019,S,,Enrolled,,,,,
SJR6,Marsh,Regular Session 2019,03/21/2019,H,,Signature Requested,,,,,
SJR6,Marsh,Regular Session 2019,,S,,"Delivered to Governor at 2:01 p.m. on March 21, 2019",,,,,
SJR7,Burkette,Regular Session 2019,03/19/2019,S,,Introduced,,,,,
SJR7,Burkette,Regular Session 2019,03/19/2019,S,,Burkette motion to Adopt adopted Voice Vote,,,,,
SJR7,Burkette,Regular Session 2019,03/19/2019,H,,Received in House of Representatives and referred to the House of Representatives committee on Rules,RULES,,,,
SJR7,Burkette,Regular Session 2019,03/21/2019,H,,Reported from Rules,,,,,
SJR7,Burkette,Regular Session 2019,03/21/2019,H,,Jones (M) motion to Concur In and Adopt adopted Voice Vote,,,,,
SJR7,Burkette,Regular Session 2019,03/21/2019,S,,Passed Second House,,,,,
SJR7,Burkette,Regular Session 2019,03/21/2019,S,,Enrolled,,,,,
SJR7,Burkette,Regular Session 2019,03/21/2019,H,,Signature Requested,,,,,
SJR7,Burkette,Regular Session 2019,,S,,"Delivered to Governor at 2:01 p.m. on March 21, 2019",,,,,
SJR8,Waggoner,Regular Session 2019,03/19/2019,S,,Introduced,,,,,
SJR8,Waggoner,Regular Session 2019,03/19/2019,S,,Waggoner motion to Adopt adopted Voice Vote,,,,,
SJR8,Waggoner,Regular Session 2019,03/19/2019,H,,Received in House of Representatives and referred to the House of Representatives committee on Rules,RULES,,,,
SJR8,Waggoner,Regular Session 2019,03/21/2019,H,,Reported from Rules,,,,,
SJR8,Waggoner,Regular Session 2019,03/21/2019,H,,Jones (M) motion to Concur In and Adopt adopted Voice Vote,,,,,
SJR8,Waggoner,Regular Session 2019,03/21/2019,S,,Passed Second House,,,,,
SJR8,Waggoner,Regular Session 2019,03/21/2019,S,,Enrolled,,,,,
SJR8,Waggoner,Regular Session 2019,03/21/2019,H,,Signature Requested,,,,,
SJR8,Waggoner,Regular Session 2019,,S,,"Delivered to Governor at 2:01 p.m. on March 21, 2019",,,,,
SJR9,Sessions,Regular Session 2019,03/19/2019,S,,Introduced,,,,,
SJR9,Sessions,Regular Session 2019,03/19/2019,S,,Sessions motion to Adopt adopted Voice Vote,,,,,
SJR9,Sessions,Regular Session 2019,03/19/2019,H,,Received in House of Representatives and referred to the House of Representatives committee on Rules,RULES,,,,
SJR9,Sessions,Regular Session 2019,03/21/2019,H,,Reported from Rules,,,,,
SJR9,Sessions,Regular Session 2019,03/21/2019,H,,Jones (M) motion to Concur In and Adopt adopted Voice Vote,,,,,
SJR9,Sessions,Regular Session 2019,03/21/2019,S,,Passed Second House,,,,,
SJR9,Sessions,Regular Session 2019,03/21/2019,S,,Enrolled,,,,,
SJR9,Sessions,Regular Session 2019,03/21/2019,H,,Signature Requested,,,,,
SJR9,Sessions,Regular Session 2019,,S,,"Delivered to Governor at 2:01 p.m. on March 21, 2019",,,,,
SJR10,McClendon,Regular Session 2019,03/19/2019,S,,Introduced,,,,,
SJR10,McClendon,Regular Session 2019,03/19/2019,S,,McClendon motion to Adopt adopted Voice Vote,,,,,
SJR10,McClendon,Regular Session 2019,03/19/2019,H,,Received in House of Representatives and referred to the House of Representatives committee on Rules,RULES,,,,
SJR10,McClendon,Regular Session 2019,03/21/2019,H,,Reported from Rules,,,,,
SJR10,McClendon,Regular Session 2019,03/21/2019,H,,Jones (M) motion to Concur In and Adopt adopted Voice Vote,,,,,
SJR10,McClendon,Regular Session 2019,03/21/2019,S,,Passed Second House,,,,,
SJR10,McClendon,Regular Session 2019,03/21/2019,S,,Enrolled,,,,,
SJR10,McClendon,Regular Session 2019,03/21/2019,H,,Signature Requested,,,,,
SJR10,McClendon,Regular Session 2019,,S,,"Delivered to Governor at 2:01 p.m. on March 21, 2019",,,,,
SJR11,Allen,Regular Session 2019,03/19/2019,S,,Introduced and referred to the Senate committee on Rules,RULES,,,,
SJR11,Allen,Regular Session 2019,04/02/2019,S,,Reported from Rules,,,,,
SJR11,Allen,Regular Session 2019,04/02/2019,S,,Waggoner motion to Adopt adopted Voice Vote,,,,,
SJR11,Allen,Regular Session 2019,04/02/2019,H,,Received in House of Representatives and referred to the House of Representatives committee on Rules,RULES,,,,
SJR11,Allen,Regular Session 2019,04/30/2019,H,,Reported from Rules,,,,,
SJR11,Allen,Regular Session 2019,04/30/2019,H,,Jones (M) motion to Concur In and Adopt adopted Voice Vote,,,,,
SJR11,Allen,Regular Session 2019,04/30/2019,S,,Passed Second House,,,,,
SJR11,Allen,Regular Session 2019,05/02/2019,S,,Enrolled,,,,,
SJR11,Allen,Regular Session 2019,05/02/2019,H,,Signature Requested,,,,,
SJR11,Allen,Regular Session 2019,,S,,"Delivered to Governor at 10:18 a.m. on May 2, 2019",,,,,
SJR12,Allen,Regular Session 2019,03/19/2019,S,,Introduced,,,,,
SJR12,Allen,Regular Session 2019,03/19/2019,S,,Allen motion to Adopt adopted Voice Vote,,,,,
SJR12,Allen,Regular Session 2019,03/19/2019,H,,Received in House of Representatives and referred to the House of Representatives committee on Rules,RULES,,,,
SJR12,Allen,Regular Session 2019,03/21/2019,H,,Reported from Rules with 1 substitute and,,,,,
SJR12,Allen,Regular Session 2019,03/21/2019,H,197521-5,Rules Substitute Offered,,,,,
SJR12,Allen,Regular Session 2019,03/21/2019,H,,Motion to Adopt adopted Voice Vote,,,,,
SJR12,Allen,Regular Session 2019,03/21/2019,H,,Jones (M) motion to Concur In and Adopt adopted Voice Vote,,,,,
SJR12,Allen,Regular Session 2019,04/02/2019,S,,Concurrence Requested,,,,,
SJR12,Allen,Regular Session 2019,04/02/2019,S,,Allen motion to Concur In and Adopt adopted Voice Vote,,,,,
SJR12,Allen,Regular Session 2019,04/02/2019,H,,Concurred in Second House Amendment,,,,,
SJR12,Allen,Regular Session 2019,04/02/2019,S,,Enrolled,,,,,
SJR12,Allen,Regular Session 2019,04/02/2019,H,,Signature Requested,,,,,
SJR12,Allen,Regular Session 2019,,H,,Assigned Act No. 2019-13.,,,,,
SJR12,Allen,Regular Session 2019,,S,,"Forwarded to Governor at 3:52 p.m. on April 2, 2019",,,,,
SJR13,Allen,Regular Session 2019,03/19/2019,S,,Introduced,,,,,
SJR13,Allen,Regular Session 2019,03/19/2019,S,,Allen motion to Adopt adopted Voice Vote,,,,,
SJR13,Allen,Regular Session 2019,03/19/2019,H,,Received in House of Representatives and referred to the House of Representatives committee on Rules,RULES,,,,
SJR13,Allen,Regular Session 2019,03/21/2019,H,,Reported from Rules,,,,,
SJR13,Allen,Regular Session 2019,03/21/2019,H,,Jones (M) motion to Concur In and Adopt adopted Voice Vote,,,,,
SJR13,Allen,Regular Session 2019,03/21/2019,S,,Passed Second House,,,,,
SJR13,Allen,Regular Session 2019,03/21/2019,S,,Enrolled,,,,,
SJR13,Allen,Regular Session 2019,03/21/2019,H,,Signature Requested,,,,,
SJR13,Allen,Regular Session 2019,,S,,"Delivered to Governor at 2:01 p.m. on March 21, 2019",,,,,
SR14,Rules,Regular Session 2019,03/20/2019,S,,Introduced,,,,,
SR14,Rules,Regular Session 2019,03/20/2019,S,,Waggoner motion to Adopt adopted Roll Call 18,,,,,Roll 18
SJR15,Stutts,Regular Session 2019,03/21/2019,S,,Introduced,,,,,
SJR15,Stutts,Regular Session 2019,03/21/2019,S,,Stutts motion to Adopt adopted Voice Vote,,,,,
SJR15,Stutts,Regular Session 2019,03/21/2019,H,,Received in House of Representatives and referred to the House of Representatives committee on Rules,RULES,,,,
SJR15,Stutts,Regular Session 2019,04/04/2019,H,,Reported from Rules,,,,,
SJR15,Stutts,Regular Session 2019,04/04/2019,H,,Jones (M) motion to Concur In and Adopt adopted Voice Vote,,,,,
SJR15,Stutts,Regular Session 2019,04/04/2019,S,,Passed Second House,,,,,
SJR15,Stutts,Regular Session 2019,04/09/2019,S,,Enrolled,,,,,
SJR15,Stutts,Regular Session 2019,04/09/2019,H,,Signature Requested,,,,,
SJR15,Stutts,Regular Session 2019,,S,,"Delivered to Governor at 3:17 p.m. on April 9, 2019",,,,,
SJR15,Stutts,Regular Session 2019,,S,,Assigned Act No. 2019-27.,,,,,
SJR16,Chambliss,Regular Session 2019,03/21/2019,S,,Introduced,,,,,
SJR16,Chambliss,Regular Session 2019,03/21/2019,S,,Chambliss motion to Adopt adopted Voice Vote,,,,,
SJR16,Chambliss,Regular Session 2019,03/21/2019,H,,Received in House of Representatives and referred to the House of Representatives committee on Rules,RULES,,,,
SJR16,Chambliss,Regular Session 2019,04/04/2019,H,,Reported from Rules,,,,,
SJR16,Chambliss,Regular Session 2019,04/04/2019,H,,Jones (M) motion to Concur In and Adopt adopted Voice Vote,,,,,
SJR16,Chambliss,Regular Session 2019,04/04/2019,S,,Passed Second House,,,,,
SJR16,Chambliss,Regular Session 2019,04/09/2019,S,,Enrolled,,,,,
SJR16,Chambliss,Regular Session 2019,04/09/2019,H,,Signature Requested,,,,,
SJR16,Chambliss,Regular Session 2019,,S,,"Delivered to Governor at 3:17 p.m. on April 9, 2019",,,,,
SJR16,Chambliss,Regular Session 2019,,S,,Assigned Act No. 2019-28.,,,,,
SJR17,Chambliss,Regular Session 2019,03/21/2019,S,,Introduced,,,,,
SJR17,Chambliss,Regular Session 2019,03/21/2019,S,,Chambliss motion to Adopt adopted Voice Vote,,,,,
SJR17,Chambliss,Regular Session 2019,03/21/2019,H,,Received in House of Representatives and referred to the House of Representatives committee on Rules,RULES,,,,
SJR17,Chambliss,Regular Session 2019,04/11/2019,H,,Reported from Rules,,,,,
SJR17,Chambliss,Regular Session 2019,04/11/2019,H,,Jones (M) motion to Concur In and Adopt adopted Voice Vote,,,,,
SJR17,Chambliss,Regular Session 2019,04/11/2019,S,,Passed Second House,,,,,
SJR17,Chambliss,Regular Session 2019,04/16/2019,S,,Enrolled,,,,,
SJR17,Chambliss,Regular Session 2019,04/16/2019,H,,Signature Requested,,,,,
SJR17,Chambliss,Regular Session 2019,,S,,Assigned Act No. 2019-65.,,,,,
SJR17,Chambliss,Regular Session 2019,,S,,Forwarded to Governor,,,,,
SR18,Rules,Regular Session 2019,03/21/2019,S,,Introduced,,,,,
SR18,Rules,Regular Session 2019,03/21/2019,S,,Waggoner motion to Adopt adopted Roll Call 27,,,,,Roll 27
SR19,Rules,Regular Session 2019,03/21/2019,S,,Introduced,,,,,
SR19,Rules,Regular Session 2019,03/21/2019,S,,Waggoner motion to Adopt adopted Roll Call 50,,,,,Roll 50
SJR20,Singleton,Regular Session 2019,04/02/2019,S,,Introduced,,,,,
SJR20,Singleton,Regular Session 2019,04/02/2019,S,,Singleton motion to Adopt adopted Voice Vote,,,,,
SJR20,Singleton,Regular Session 2019,04/03/2019,H,,Received in House of Representatives and referred to the House of Representatives committee on Rules,RULES,,,,
SJR20,Singleton,Regular Session 2019,04/09/2019,H,,Reported from Rules,,,,,
SJR20,Singleton,Regular Session 2019,04/09/2019,H,,Jones (M) motion to Concur In and Adopt adopted Voice Vote,,,,,
SJR20,Singleton,Regular Session 2019,04/09/2019,S,,Passed Second House,,,,,
SJR20,Singleton,Regular Session 2019,04/09/2019,S,,Enrolled,,,,,
SJR20,Singleton,Regular Session 2019,04/09/2019,H,,Signature Requested,,,,,
SJR20,Singleton,Regular Session 2019,,S,,Assigned Act No. 2019-32.,,,,,
SJR21,Whatley,Regular Session 2019,04/02/2019,S,,Introduced,,,,,
SJR21,Whatley,Regular Session 2019,04/02/2019,S,,Whatley motion to Adopt adopted Voice Vote,,,,,
SJR21,Whatley,Regular Session 2019,04/02/2019,H,,Received in House of Representatives and referred to the House of Representatives committee on Rules,RULES,,,,
SJR21,Whatley,Regular Session 2019,04/04/2019,H,,Reported from Rules,,,,,
SJR21,Whatley,Regular Session 2019,04/04/2019,H,,Jones (M) motion to Concur In and Adopt adopted Voice Vote,,,,,
SJR21,Whatley,Regular Session 2019,04/04/2019,S,,Passed Second House,,,,,
SJR21,Whatley,Regular Session 2019,04/09/2019,S,,Enrolled,,,,,
SJR21,Whatley,Regular Session 2019,04/09/2019,H,,Signature Requested,,,,,
SJR21,Whatley,Regular Session 2019,,S,,"Delivered to Governor at 3:17 p.m. on April 9, 2019",,,,,
SJR21,Whatley,Regular Session 2019,,S,,Assigned Act No. 2019-29.,,,,,
SJR22,Orr,Regular Session 2019,04/02/2019,S,,Introduced,,,,,
SJR22,Orr,Regular Session 2019,04/02/2019,S,,Orr motion to Adopt adopted Voice Vote,,,,,
SJR22,Orr,Regular Session 2019,04/02/2019,H,,Received in House of Representatives and referred to the House of Representatives committee on Rules,RULES,,,,
SJR22,Orr,Regular Session 2019,04/04/2019,H,,Reported from Rules,,,,,
SJR22,Orr,Regular Session 2019,04/04/2019,H,,Jones (M) motion to Concur In and Adopt adopted Voice Vote,,,,,
SJR22,Orr,Regular Session 2019,04/04/2019,S,,Passed Second House,,,,,
SJR22,Orr,Regular Session 2019,04/09/2019,S,,Enrolled,,,,,
SJR22,Orr,Regular Session 2019,04/09/2019,H,,Signature Requested,,,,,
SJR22,Orr,Regular Session 2019,,S,,"Delivered to Governor at 3:17 p.m. on April 9, 2019",,,,,
SJR22,Orr,Regular Session 2019,,S,,Enrolled,,,,,
SJR23,Holley,Regular Session 2019,04/02/2019,S,,Introduced,,,,,
SJR23,Holley,Regular Session 2019,04/02/2019,S,,Holley motion to Adopt adopted Voice Vote,,,,,
SJR23,Holley,Regular Session 2019,04/02/2019,H,,Received in House of Representatives and referred to the House of Representatives committee on Rules,RULES,,,,
SJR23,Holley,Regular Session 2019,04/04/2019,H,,Reported from Rules,,,,,
SJR23,Holley,Regular Session 2019,04/04/2019,H,,Jones (M) motion to Concur In and Adopt adopted Voice Vote,,,,,
SJR23,Holley,Regular Session 2019,04/04/2019,S,,Passed Second House,,,,,
SJR23,Holley,Regular Session 2019,04/09/2019,S,,Enrolled,,,,,
SJR23,Holley,Regular Session 2019,04/09/2019,H,,Signature Requested,,,,,
SJR23,Holley,Regular Session 2019,,S,,"Delivered to Governor at 3:17 p.m. on April 9, 2019",,,,,
SJR23,Holley,Regular Session 2019,,S,,Assigned Act No. 2019-30.,,,,,
SJR24,Melson,Regular Session 2019,04/02/2019,S,,Introduced,,,,,
SJR24,Melson,Regular Session 2019,04/02/2019,S,,Melson motion to Adopt adopted Voice Vote,,,,,
SJR24,Melson,Regular Session 2019,04/02/2019,H,,Received in House of Representatives and referred to the House of Representatives committee on Rules,RULES,,,,
SJR24,Melson,Regular Session 2019,04/04/2019,H,,Reported from Rules,,,,,
SJR24,Melson,Regular Session 2019,04/04/2019,H,,Jones (M) motion to Concur In and Adopt adopted Voice Vote,,,,,
SJR24,Melson,Regular Session 2019,04/04/2019,S,,Passed Second House,,,,,
SJR24,Melson,Regular Session 2019,04/09/2019,S,,Enrolled,,,,,
SJR24,Melson,Regular Session 2019,04/09/2019,H,,Signature Requested,,,,,
SJR24,Melson,Regular Session 2019,,S,,"Delivered to Governor at 3:17 p.m. on April 9, 2019",,,,,
SJR24,Melson,Regular Session 2019,,S,,Assigned Act No. 2019-31.,,,,,
SR25,Rules,Regular Session 2019,04/02/2019,S,,Introduced,,,,,
SR25,Rules,Regular Session 2019,04/02/2019,S,,Waggoner motion to Adopt adopted Roll Call 66,,,,,Roll 66
SJR26,Livingston,Regular Session 2019,04/03/2019,S,,Introduced,,,,,
SJR26,Livingston,Regular Session 2019,04/03/2019,S,,Livingston motion to Adopt adopted Voice Vote,,,,,
SJR26,Livingston,Regular Session 2019,04/03/2019,H,,Received in House of Representatives and referred to the House of Representatives committee on Rules,RULES,,,,
SJR26,Livingston,Regular Session 2019,04/09/2019,H,,Reported from Rules,,,,,
SJR26,Livingston,Regular Session 2019,04/09/2019,H,,Jones (M) motion to Concur In and Adopt adopted Voice Vote,,,,,
SJR26,Livingston,Regular Session 2019,04/09/2019,S,,Passed Second House,,,,,
SJR26,Livingston,Regular Session 2019,04/09/2019,S,,Enrolled,,,,,
SJR26,Livingston,Regular Session 2019,04/09/2019,H,,Signature Requested,,,,,
SJR26,Livingston,Regular Session 2019,,S,,Assigned Act No. 2019-33.,,,,,
SJR27,Orr,Regular Session 2019,04/03/2019,S,,Introduced,,,,,
SJR27,Orr,Regular Session 2019,04/03/2019,S,,Orr motion to Adopt adopted Voice Vote,,,,,
SJR27,Orr,Regular Session 2019,04/03/2019,H,,Received in House of Representatives and referred to the House of Representatives committee on Rules,RULES,,,,
SJR27,Orr,Regular Session 2019,04/16/2019,H,,Reported from Rules,,,,,
SJR27,Orr,Regular Session 2019,04/16/2019,H,,Jones (M) motion to Concur In and Adopt adopted Voice Vote,,,,,
SJR27,Orr,Regular Session 2019,04/16/2019,S,,Passed Second House,,,,,
SJR27,Orr,Regular Session 2019,04/16/2019,H,,Signature Requested,,,,,
SJR27,Orr,Regular Session 2019,04/16/2019,S,,Enrolled,,,,,
SJR27,Orr,Regular Session 2019,,S,,Assigned Act No. 2019-66.,,,,,
SR28,Rules,Regular Session 2019,04/03/2019,S,,Introduced,,,,,
SR28,Rules,Regular Session 2019,04/03/2019,S,,Waggoner motion to Adopt adopted Roll Call 121,,,,,Roll 121
SJR29,Allen,Regular Session 2019,04/04/2019,S,,Introduced,,,,,
SJR29,Allen,Regular Session 2019,04/04/2019,S,,Allen motion to Adopt adopted Voice Vote,,,,,
SJR29,Allen,Regular Session 2019,04/04/2019,H,,Received in House of Representatives and referred to the House of Representatives committee on Rules,RULES,,,,
SJR29,Allen,Regular Session 2019,04/11/2019,H,,Reported from Rules,,,,,
SJR29,Allen,Regular Session 2019,04/11/2019,H,,Jones (M) motion to Concur In and Adopt adopted Voice Vote,,,,,
SJR29,Allen,Regular Session 2019,04/11/2019,S,,Passed Second House,,,,,
SJR29,Allen,Regular Session 2019,04/16/2019,S,,Enrolled,,,,,
SJR29,Allen,Regular Session 2019,04/16/2019,H,,Signature Requested,,,,,
SJR29,Allen,Regular Session 2019,,S,,Forwarded to Governor,,,,,
SJR29,Allen,Regular Session 2019,,S,,Assigned Act No. 2019-67.,,,,,
SR30,Rules,Regular Session 2019,04/04/2019,S,,Introduced,,,,,
SR30,Rules,Regular Session 2019,04/04/2019,S,,Waggoner motion to Adopt adopted Roll Call 150,,,,,Roll 150
SJR31,Scofield,Regular Session 2019,04/09/2019,S,,Introduced,,,,,
SJR31,Scofield,Regular Session 2019,04/09/2019,S,,Scofield motion to Adopt adopted Voice Vote,,,,,
SJR31,Scofield,Regular Session 2019,04/09/2019,H,,Received in House of Representatives and referred to the House of Representatives committee on Rules,RULES,,,,
SJR31,Scofield,Regular Session 2019,04/16/2019,H,,Reported from Rules,,,,,
SJR31,Scofield,Regular Session 2019,04/16/2019,H,,Jones (M) motion to Concur In and Adopt adopted Voice Vote,,,,,
SJR31,Scofield,Regular Session 2019,04/16/2019,S,,Passed Second House,,,,,
SJR31,Scofield,Regular Session 2019,04/16/2019,H,,Signature Requested,,,,,
SJR31,Scofield,Regular Session 2019,04/16/2019,S,,Enrolled,,,,,
SJR31,Scofield,Regular Session 2019,,S,,Assigned Act No. 2019-68.,,,,,
SJR32,Coleman-Madison,Regular Session 2019,04/09/2019,S,,Introduced,,,,,
SJR32,Coleman-Madison,Regular Session 2019,04/09/2019,S,,Marsh motion to Adopt adopted Voice Vote,,,,,
SJR32,Coleman-Madison,Regular Session 2019,04/09/2019,H,,Received in House of Representatives and referred to the House of Representatives committee on Rules,RULES,,,,
SJR32,Coleman-Madison,Regular Session 2019,04/16/2019,H,,Reported from Rules,,,,,
SJR32,Coleman-Madison,Regular Session 2019,04/16/2019,H,,Jones (M) motion to Concur In and Adopt adopted Voice Vote,,,,,
SJR32,Coleman-Madison,Regular Session 2019,04/16/2019,S,,Passed Second House,,,,,
SJR32,Coleman-Madison,Regular Session 2019,04/16/2019,H,,Signature Requested,,,,,
SJR32,Coleman-Madison,Regular Session 2019,04/16/2019,S,,Enrolled,,,,,
SJR32,Coleman-Madison,Regular Session 2019,,S,,Assigned Act No. 2019-69.,,,,,
SJR33,Coleman-Madison,Regular Session 2019,04/09/2019,S,,Introduced,,,,,
SJR33,Coleman-Madison,Regular Session 2019,04/09/2019,S,,Coleman-Madison motion to Adopt adopted Voice Vote,,,,,
SJR33,Coleman-Madison,Regular Session 2019,04/09/2019,H,,Received in House of Representatives and referred to the House of Representatives committee on Rules,RULES,,,,
SJR33,Coleman-Madison,Regular Session 2019,04/16/2019,H,,Reported from Rules,,,,,
SJR33,Coleman-Madison,Regular Session 2019,04/16/2019,H,,Jones (M) motion to Concur In and Adopt adopted Voice Vote,,,,,
SJR33,Coleman-Madison,Regular Session 2019,04/16/2019,S,,Passed Second House,,,,,
SJR33,Coleman-Madison,Regular Session 2019,04/16/2019,H,,Signature Requested,,,,,
SJR33,Coleman-Madison,Regular Session 2019,04/16/2019,S,,Enrolled,,,,,
SJR33,Coleman-Madison,Regular Session 2019,,S,,Assigned Act No. 2019-71.,,,,,
SJR34,Whatley,Regular Session 2019,04/09/2019,S,,Introduced,,,,,
SJR34,Whatley,Regular Session 2019,04/09/2019,H,,Received in House of Representatives and referred to the House of Representatives committee on Rules,RULES,,,,
SJR34,Whatley,Regular Session 2019,04/09/2019,S,,Whatley motion to Adopt adopted Voice Vote,,,,,
SJR34,Whatley,Regular Session 2019,04/16/2019,H,,Reported from Rules,,,,,
SJR34,Whatley,Regular Session 2019,04/16/2019,H,,Jones (M) motion to Concur In and Adopt adopted Voice Vote,,,,,
SJR34,Whatley,Regular Session 2019,04/16/2019,S,,Passed Second House,,,,,
SJR34,Whatley,Regular Session 2019,04/16/2019,H,,Signature Requested,,,,,
SJR34,Whatley,Regular Session 2019,04/16/2019,S,,Enrolled,,,,,
SJR34,Whatley,Regular Session 2019,,S,,Assigned Act No. 2019-50.,,,,,
SR35,Rules,Regular Session 2019,04/09/2019,S,,Introduced,,,,,
SR35,Rules,Regular Session 2019,04/09/2019,S,,Waggoner motion to Adopt adopted Roll Call 175,,,,,Roll 175
SJR36,Ward,Regular Session 2019,04/09/2019,S,,Introduced and referred to the Senate committee on Rules,RULES,,,,
SR37,Rules,Regular Session 2019,04/11/2019,S,,Introduced,,,,,
SR37,Rules,Regular Session 2019,04/11/2019,S,,Waggoner motion to Adopt adopted Roll Call 205,,,,,Roll 205
SJR38,Marsh,Regular Session 2019,04/16/2019,S,,Introduced,,,,,
SJR38,Marsh,Regular Session 2019,04/18/2019,H,,Received in House of Representatives and referred to the House of Representatives committee on Rules,RULES,,,,
SJR38,Marsh,Regular Session 2019,04/16/2019,S,,Marsh motion to Adopt adopted Voice Vote,,,,,
SJR38,Marsh,Regular Session 2019,04/25/2019,H,,Reported from Rules,,,,,
SJR38,Marsh,Regular Session 2019,04/25/2019,H,,Jones (M) motion to Concur In and Adopt adopted Voice Vote,,,,,
SJR38,Marsh,Regular Session 2019,04/25/2019,S,,Passed Second House,,,,,
SJR38,Marsh,Regular Session 2019,04/30/2019,S,,Enrolled,,,,,
SJR38,Marsh,Regular Session 2019,04/30/2019,H,,Signature Requested,,,,,
SJR38,Marsh,Regular Session 2019,,S,,Assigned Act No. 2019-107.,,,,,
SJR39,Gudger,Regular Session 2019,04/16/2019,S,,Introduced,,,,,
SJR39,Gudger,Regular Session 2019,04/16/2019,S,,Gudger motion to Adopt adopted Voice Vote,,,,,
SJR39,Gudger,Regular Session 2019,04/18/2019,H,,Received in House of Representatives and referred to the House of Representatives committee on Rules,RULES,,,,
SJR39,Gudger,Regular Session 2019,04/25/2019,H,,Reported from Rules,,,,,
SJR39,Gudger,Regular Session 2019,04/25/2019,H,,Jones (M) motion to Concur In and Adopt adopted Voice Vote,,,,,
SJR39,Gudger,Regular Session 2019,04/25/2019,S,,Passed Second House,,,,,
SJR39,Gudger,Regular Session 2019,04/30/2019,S,,Enrolled,,,,,
SJR39,Gudger,Regular Session 2019,04/30/2019,H,,Signature Requested,,,,,
SJR39,Gudger,Regular Session 2019,,S,,Assigned Act No. 2019-106.,,,,,
SJR40,Gudger,Regular Session 2019,04/16/2019,S,,Introduced,,,,,
SJR40,Gudger,Regular Session 2019,04/18/2019,H,,Received in House of Representatives and referred to the House of Representatives committee on Rules,RULES,,,,
SJR40,Gudger,Regular Session 2019,04/16/2019,S,,Gudger motion to Adopt adopted Voice Vote,,,,,
SJR40,Gudger,Regular Session 2019,04/25/2019,H,,Reported from Rules,,,,,
SJR40,Gudger,Regular Session 2019,04/25/2019,H,,Jones (M) motion to Concur In and Adopt adopted Voice Vote,,,,,
SJR40,Gudger,Regular Session 2019,04/25/2019,S,,Passed Second House,,,,,
SJR40,Gudger,Regular Session 2019,04/30/2019,S,,Enrolled,,,,,
SJR40,Gudger,Regular Session 2019,04/30/2019,H,,Signature Requested,,,,,
SJR40,Gudger,Regular Session 2019,,S,,Assigned Act No. 2019-108.,,,,,
SJR41,Orr,Regular Session 2019,04/16/2019,S,,Introduced,,,,,
SJR41,Orr,Regular Session 2019,04/16/2019,S,,Orr motion to Adopt adopted Voice Vote,,,,,
SJR41,Orr,Regular Session 2019,04/18/2019,H,,Received in House of Representatives and referred to the House of Representatives committee on Rules,RULES,,,,
SJR41,Orr,Regular Session 2019,04/25/2019,H,,Reported from Rules,,,,,
SJR41,Orr,Regular Session 2019,04/25/2019,H,,Jones (M) motion to Concur In and Adopt adopted Voice Vote,,,,,
SJR41,Orr,Regular Session 2019,04/25/2019,S,,Passed Second House,,,,,
SJR41,Orr,Regular Session 2019,04/30/2019,S,,Enrolled,,,,,
SJR41,Orr,Regular Session 2019,04/30/2019,H,,Signature Requested,,,,,
SJR41,Orr,Regular Session 2019,,S,,Assigned Act No. 2019-109.,,,,,
SR42,Rules,Regular Session 2019,04/16/2019,S,,Introduced,,,,,
SR42,Rules,Regular Session 2019,04/16/2019,S,,Waggoner motion to Adopt adopted Roll Call 249,,,,,Roll 249
SR43,Rules,Regular Session 2019,04/16/2019,S,,Introduced,,,,,
SR43,Rules,Regular Session 2019,04/16/2019,S,,Waggoner motion to Adopt adopted Roll Call 277,,,,,Roll 277
SJR44,Orr,Regular Session 2019,04/18/2019,S,,Introduced,,,,,
SJR44,Orr,Regular Session 2019,04/18/2019,S,,Orr motion to Adopt adopted Voice Vote,,,,,
SJR44,Orr,Regular Session 2019,04/18/2019,H,,Received in House of Representatives and referred to the House of Representatives committee on Rules,RULES,,,,
SJR44,Orr,Regular Session 2019,04/25/2019,H,,Reported from Rules,,,,,
SJR44,Orr,Regular Session 2019,04/25/2019,H,,Jones (M) motion to Concur In and Adopt adopted Voice Vote,,,,,
SJR44,Orr,Regular Session 2019,04/25/2019,S,,Passed Second House,,,,,
SJR44,Orr,Regular Session 2019,04/30/2019,S,,Enrolled,,,,,
SJR44,Orr,Regular Session 2019,04/30/2019,H,,Signature Requested,,,,,
SJR44,Orr,Regular Session 2019,,S,,Assigned Act No. 2019-110.,,,,,
SJR45,Waggoner,Regular Session 2019,04/18/2019,S,,Introduced,,,,,
SJR45,Waggoner,Regular Session 2019,04/18/2019,S,,Waggoner motion to Adopt adopted Voice Vote,,,,,
SJR45,Waggoner,Regular Session 2019,04/18/2019,H,,Received in House of Representatives and referred to the House of Representatives committee on Rules,RULES,,,,
SJR45,Waggoner,Regular Session 2019,04/25/2019,H,,Reported from Rules,,,,,
SJR45,Waggoner,Regular Session 2019,04/25/2019,H,,Jones (M) motion to Concur In and Adopt adopted Voice Vote,,,,,
SJR45,Waggoner,Regular Session 2019,04/25/2019,S,,Passed Second House,,,,,
SJR45,Waggoner,Regular Session 2019,04/30/2019,S,,Enrolled,,,,,
SJR45,Waggoner,Regular Session 2019,04/30/2019,H,,Signature Requested,,,,,
SJR45,Waggoner,Regular Session 2019,,S,,Assigned Act No. 2019-111.,,,,,
SR46,Rules,Regular Session 2019,04/18/2019,S,,Introduced,,,,,
SR46,Rules,Regular Session 2019,04/18/2019,S,,Waggoner motion to Adopt adopted Roll Call 311,,,,,Roll 311
SR47,Rules,Regular Session 2019,04/23/2019,S,,Introduced,,,,,
SR47,Rules,Regular Session 2019,04/23/2019,S,,Waggoner motion to Adopt adopted Roll Call 351,,,,,Roll 351
SR48,Rules,Regular Session 2019,04/23/2019,S,,Introduced,,,,,
SR48,Rules,Regular Session 2019,04/23/2019,S,,Waggoner motion to Adopt adopted Roll Call 363,,,,,Roll 363
SR49,Rules,Regular Session 2019,04/25/2019,S,,Introduced,,,,,
SR49,Rules,Regular Session 2019,04/25/2019,S,,Waggoner motion to Adopt adopted Roll Call 401,,,,,Roll 401
SR50,Rules,Regular Session 2019,04/30/2019,S,,Introduced,,,,,
SR50,Rules,Regular Session 2019,04/30/2019,S,,Waggoner motion to Adopt adopted Roll Call 415,,,,,Roll 415
SJR51,Waggoner,Regular Session 2019,04/30/2019,S,,Introduced,,,,,
SJR51,Waggoner,Regular Session 2019,04/30/2019,S,,Waggoner motion to Adopt adopted Voice Vote,,,,,
SJR51,Waggoner,Regular Session 2019,04/30/2019,H,,Received in House of Representatives and referred to the House of Representatives committee on Rules,RULES,,,,
SJR51,Waggoner,Regular Session 2019,05/07/2019,H,,Reported from Rules,,,,,
SJR51,Waggoner,Regular Session 2019,05/07/2019,H,,Jones (M) motion to Concur In and Adopt adopted Voice Vote,,,,,
SJR51,Waggoner,Regular Session 2019,05/07/2019,S,,Passed Second House,,,,,
SJR51,Waggoner,Regular Session 2019,05/07/2019,H,,Signature Requested,,,,,
SJR51,Waggoner,Regular Session 2019,05/07/2019,S,,Enrolled,,,,,
SJR51,Waggoner,Regular Session 2019,,S,,"Forwarded to Governor on May 7, 2019 at 4:21 p.m. on May 7, 2019",,,,,
SJR52,Ward,Regular Session 2019,04/30/2019,S,,Introduced,,,,,
SJR52,Ward,Regular Session 2019,04/30/2019,S,,Ward motion to Adopt adopted Voice Vote,,,,,
SJR52,Ward,Regular Session 2019,04/30/2019,H,,Received in House of Representatives and referred to the House of Representatives committee on Rules,RULES,,,,
SJR52,Ward,Regular Session 2019,05/07/2019,H,,Reported from Rules,,,,,
SJR52,Ward,Regular Session 2019,05/07/2019,H,,Jones (M) motion to Concur In and Adopt adopted Voice Vote,,,,,
SJR52,Ward,Regular Session 2019,05/07/2019,S,,Passed Second House,,,,,
SJR52,Ward,Regular Session 2019,05/07/2019,H,,Signature Requested,,,,,
SJR52,Ward,Regular Session 2019,05/07/2019,S,,Enrolled,,,,,
SJR52,Ward,Regular Session 2019,,S,,"Forwarded to Governor on May 7, 2019 at 4:21 p.m. on May 7, 2019",,,,,
SJR53,Allen,Regular Session 2019,04/30/2019,S,,Introduced,,,,,
SJR53,Allen,Regular Session 2019,04/30/2019,S,,Allen motion to Adopt adopted Voice Vote,,,,,
SJR53,Allen,Regular Session 2019,04/30/2019,H,,Received in House of Representatives and referred to the House of Representatives committee on Rules,RULES,,,,
SJR53,Allen,Regular Session 2019,05/07/2019,H,,Reported from Rules,,,,,
SJR53,Allen,Regular Session 2019,05/07/2019,H,,Jones (M) motion to Concur In and Adopt adopted Voice Vote,,,,,
SJR53,Allen,Regular Session 2019,05/07/2019,S,,Passed Second House,,,,,
SJR53,Allen,Regular Session 2019,05/07/2019,H,,Signature Requested,,,,,
SJR53,Allen,Regular Session 2019,05/07/2019,S,,Enrolled,,,,,
SJR53,Allen,Regular Session 2019,,S,,"Forwarded to Governor on May 7, 2019 at 4:21 p.m. on May 7, 2019",,,,,
SJR54,Waggoner,Regular Session 2019,05/02/2019,S,,Introduced,,,,,
SJR54,Waggoner,Regular Session 2019,05/02/2019,S,,Waggoner motion to Adopt adopted Voice Vote,,,,,
SJR54,Waggoner,Regular Session 2019,05/02/2019,H,,Received in House of Representatives and referred to the House of Representatives committee on Rules,RULES,,,,
SJR54,Waggoner,Regular Session 2019,05/08/2019,H,,Reported from Rules,,,,,
SJR54,Waggoner,Regular Session 2019,05/08/2019,H,,Jones (M) motion to Concur In and Adopt adopted Voice Vote,,,,,
SJR54,Waggoner,Regular Session 2019,05/08/2019,S,,Passed Second House,,,,,
SJR54,Waggoner,Regular Session 2019,,H,,,,,,,
SJR54,Waggoner,Regular Session 2019,,S,,Enrolled,,,,,
SJR55,Roberts,Regular Session 2019,05/02/2019,S,,Introduced,,,,,
SJR55,Roberts,Regular Session 2019,05/02/2019,S,,Roberts motion to Adopt adopted Voice Vote,,,,,
SJR55,Roberts,Regular Session 2019,05/02/2019,H,,Received in House of Representatives and referred to the House of Representatives committee on Rules,RULES,,,,
SJR55,Roberts,Regular Session 2019,05/08/2019,H,,Reported from Rules,,,,,
SJR55,Roberts,Regular Session 2019,05/08/2019,H,,Jones (M) motion to Concur In and Adopt adopted Voice Vote,,,,,
SJR55,Roberts,Regular Session 2019,05/08/2019,S,,Passed Second House,,,,,
SJR55,Roberts,Regular Session 2019,,H,,,,,,,
SJR55,Roberts,Regular Session 2019,,S,,Enrolled,,,,,
SJR56,Beasley,Regular Session 2019,05/02/2019,S,,Introduced,,,,,
SJR56,Beasley,Regular Session 2019,05/02/2019,S,,Beasley motion to Adopt adopted Voice Vote,,,,,
SJR56,Beasley,Regular Session 2019,05/02/2019,H,,Received in House of Representatives and referred to the House of Representatives committee on Rules,RULES,,,,
SJR56,Beasley,Regular Session 2019,05/08/2019,H,,Reported from Rules,,,,,
SJR56,Beasley,Regular Session 2019,05/08/2019,H,,Jones (M) motion to Concur In and Adopt adopted Voice Vote,,,,,
SJR56,Beasley,Regular Session 2019,05/08/2019,S,,Passed Second House,,,,,
SJR56,Beasley,Regular Session 2019,,H,,,,,,,
SJR56,Beasley,Regular Session 2019,,S,,Enrolled,,,,,
SJR57,Orr,Regular Session 2019,05/02/2019,S,,Introduced,,,,,
SJR57,Orr,Regular Session 2019,05/02/2019,S,,Orr motion to Adopt adopted Voice Vote,,,,,
SJR57,Orr,Regular Session 2019,05/02/2019,H,,Received in House of Representatives and referred to the House of Representatives committee on Rules,RULES,,,,
SJR57,Orr,Regular Session 2019,05/08/2019,H,,Reported from Rules,,,,,
SJR57,Orr,Regular Session 2019,05/08/2019,H,,Jones (M) motion to Concur In and Adopt adopted Voice Vote,,,,,
SJR57,Orr,Regular Session 2019,05/08/2019,S,,Passed Second House,,,,,
SJR57,Orr,Regular Session 2019,,H,,,,,,,
SJR57,Orr,Regular Session 2019,,S,,Enrolled,,,,,
SR58,Rules,Regular Session 2019,05/02/2019,S,,Introduced,,,,,
SR58,Rules,Regular Session 2019,05/02/2019,S,,Waggoner motion to Adopt adopted Roll Call 533,,,,,Roll 533
SR59,Rules,Regular Session 2019,05/02/2019,S,,Introduced,,,,,
SR59,Rules,Regular Session 2019,05/02/2019,S,,Waggoner motion to Adopt adopted Roll Call 556,,,,,Roll 556
SJR60,Waggoner,Regular Session 2019,05/07/2019,S,,Introduced,,,,,
SJR60,Waggoner,Regular Session 2019,05/07/2019,S,,Waggoner motion to Adopt adopted Voice Vote,,,,,
SJR60,Waggoner,Regular Session 2019,05/07/2019,H,,Received in House of Representatives and referred to the House of Representatives committee on Rules,RULES,,,,
SJR61,Orr,Regular Session 2019,05/07/2019,S,,Introduced,,,,,
SJR61,Orr,Regular Session 2019,05/07/2019,S,,Orr motion to Adopt adopted Voice Vote,,,,,
SJR61,Orr,Regular Session 2019,05/07/2019,H,,Received in House of Representatives and referred to the House of Representatives committee on Rules,RULES,,,,
SR62,Reed,Regular Session 2019,05/07/2019,S,,Introduced and referred to the Senate committee on Rules,RULES,,,,
SR62,Reed,Regular Session 2019,05/08/2019,S,,Reported from Rules,,,,,
SR62,Reed,Regular Session 2019,05/08/2019,S,,Waggoner motion to Adopt adopted Voice Vote,,,,,
SR63,Rules,Regular Session 2019,05/07/2019,S,,Introduced,,,,,
SR63,Rules,Regular Session 2019,05/07/2019,S,,Waggoner motion to Adopt adopted Roll Call 606,,,,,Roll 606
SJR64,Waggoner,Regular Session 2019,05/08/2019,S,,Introduced and referred to the Senate committee on Rules,RULES,,,,
SJR64,Waggoner,Regular Session 2019,05/08/2019,S,,Reported from Rules,,,,,
SJR64,Waggoner,Regular Session 2019,05/08/2019,S,,Waggoner motion to Adopt adopted Voice Vote,,,,,
SJR64,Waggoner,Regular Session 2019,05/08/2019,H,,Received in House of Representatives and referred to the House of Representatives committee on Rules,RULES,,,,
SJR65,Beasley,Regular Session 2019,05/08/2019,S,,Introduced,,,,,
SJR65,Beasley,Regular Session 2019,05/08/2019,S,,Beasley motion to Adopt adopted Voice Vote,,,,,
SJR65,Beasley,Regular Session 2019,05/08/2019,H,,Received in House of Representatives and referred to the House of Representatives committee on Rules,RULES,,,,
SJR66,Orr,Regular Session 2019,05/08/2019,S,,Introduced,,,,,
SJR66,Orr,Regular Session 2019,05/08/2019,S,,Orr motion to Adopt adopted Voice Vote,,,,,
SJR66,Orr,Regular Session 2019,05/08/2019,H,,Received in House of Representatives and referred to the House of Representatives committee on Rules,RULES,,,,
SR67,Rules,Regular Session 2019,05/08/2019,S,,Introduced,,,,,
SR67,Rules,Regular Session 2019,05/08/2019,S,,Waggoner motion to Adopt adopted Roll Call 660,,,,,Roll 660
HR1,Gaston,Organizational Session 2019,01/08/2019,H,,Introduced,,,,,
HR1,Gaston,Organizational Session 2019,01/08/2019,H,,Gaston motion to Adopt adopted Voice Vote,,,,,
HJR2,Gaston,Organizational Session 2019,01/08/2019,H,,Introduced,,,,,
HJR2,Gaston,Organizational Session 2019,01/08/2019,H,,Gaston motion to Adopt adopted Voice Vote,,,,,
HJR2,Gaston,Organizational Session 2019,01/08/2019,H,,"Speaker appointed as a committee on the part of the House, Representatives Clouse, Poole and Warren",,,,,
HJR2,Gaston,Organizational Session 2019,,,,,,,,,
HJR3,Gaston,Organizational Session 2019,01/08/2019,H,,Introduced,,,,,
HJR3,Gaston,Organizational Session 2019,01/08/2019,H,,Gaston motion to Adopt adopted Voice Vote,,,,,
HJR3,Gaston,Organizational Session 2019,,,,,,,,,
HJR4,Gaston,Organizational Session 2019,01/08/2019,H,,Introduced,,,,,
HJR4,Gaston,Organizational Session 2019,01/08/2019,H,,Gaston motion to Adopt adopted Voice Vote,,,,,
HJR4,Gaston,Organizational Session 2019,,,,,,,,,
HR5,Gaston,Organizational Session 2019,01/08/2019,H,,Introduced,,,,,
HR5,Gaston,Organizational Session 2019,01/08/2019,H,,Gaston motion to Adopt adopted Voice Vote,,,,,
HR6,Gaston,Organizational Session 2019,01/08/2019,H,,Introduced,,,,,
HR6,Gaston,Organizational Session 2019,01/08/2019,H,,Gaston motion to Adopt adopted Voice Vote,,,,,
HR7,Jones (M),Organizational Session 2019,01/08/2019,H,,Introduced,,,,,
HR7,Jones (M),Organizational Session 2019,01/08/2019,H,,Jones (M) motion to adopt offered,,,,,
HR7,Jones (M),Organizational Session 2019,01/08/2019,H,196593-1,Coleman  Amendment Offered,,,,,
HR7,Jones (M),Organizational Session 2019,01/08/2019,H,,Coleman motion to withdraw her amendment adopted Voice Vote,,,,,
HR7,Jones (M),Organizational Session 2019,01/08/2019,H,196563-1,Givan  Amendment Offered,,,,,
HR7,Jones (M),Organizational Session 2019,01/08/2019,H,,Motion to Adopt adopted Roll Call 3,,,,,Roll 3
HR7,Jones (M),Organizational Session 2019,01/08/2019,H,,"Rafferty intended to vote ""Yea""",,,,,
HR7,Jones (M),Organizational Session 2019,01/08/2019,H,,Moore (M) dissent filed,,,,,
HR7,Jones (M),Organizational Session 2019,01/08/2019,H,,Jones (M) motion to Adopt adopted Roll Call 4,,,,,Roll 4
HR7,Jones (M),Organizational Session 2019,,H,,Engrossed,,,,,
SB1,McClendon,Regular Session 2019,03/05/2019,S,,Read for the first time and referred to the Senate committee on Judiciary,JUDY,,,,
SB2,McClendon,Regular Session 2019,03/19/2019,S,,Read for the first time and referred to the Senate committee on Judiciary,JUDY,,,,
SB2,McClendon,Regular Session 2019,04/18/2019,S,,Read for the second time and placed on the calendar,,0,6,0,
SB2,McClendon,Regular Session 2019,,S,,Pending third reading on day 12 Favorable from Judiciary,,,,,
SB3,McClendon,Regular Session 2019,03/05/2019,S,,Read for the first time and referred to the Senate committee on Governmental Affairs,GA,,,,
SB3,McClendon,Regular Session 2019,03/19/2019,S,,Read for the second time and placed on the calendar,,1,8,1,
SB3,McClendon,Regular Session 2019,,S,,Pending third reading on day 3 Favorable from Governmental Affairs,,,,,
SB4,Allen,Regular Session 2019,03/05/2019,S,,Read for the first time and referred to the Senate committee on Judiciary,JUDY,,,,
SB4,Allen,Regular Session 2019,04/18/2019,S,,Rereferred to Committeeon Tourism,TM,,,,
SB5,Allen,Regular Session 2019,03/05/2019,S,,Read for the first time and referred to the Senate committee on Governmental Affairs,GA,,,,
SB5,Allen,Regular Session 2019,03/19/2019,S,,Read for the second time and placed on the calendar,,0,10,0,
SB5,Allen,Regular Session 2019,03/20/2019,S,,Third Reading Carried Over,,,,,
SB5,Allen,Regular Session 2019,03/20/2019,S,198064-1,Allen  Amendment Offered,,,,,
SB5,Allen,Regular Session 2019,03/20/2019,S,,Allen motion to Carry Over adopted Voice Vote,,,,,
SB5,Allen,Regular Session 2019,04/03/2019,S,,Third Reading Passed,,,,,
SB5,Allen,Regular Session 2019,04/03/2019,S,198064-1,Allen  Amendment Offered,,,,,
SB5,Allen,Regular Session 2019,04/03/2019,S,,Allen motion to Table adopted Voice Vote,,,,,
SB5,Allen,Regular Session 2019,04/03/2019,S,198476-1,Smitherman  Amendment Offered,,,,,
SB5,Allen,Regular Session 2019,04/03/2019,S,,Smitherman motion to Adopt adopted Roll Call 130,,,,,Roll 130
SB5,Allen,Regular Session 2019,04/03/2019,S,,Motion to Read a Third Time and Pass adopted Roll Call 131,,,,,Roll 131
SB5,Allen,Regular Session 2019,04/04/2019,S,,Engrossed,,,,,
SB5,Allen,Regular Session 2019,04/04/2019,H,,Read for the first time and referred to the House of Representatives committee on State Government,SG,,,,
SB5,Allen,Regular Session 2019,04/18/2019,H,,Read for the second time and placed on the calendar,,,,,
SB5,Allen,Regular Session 2019,,H,,Pending third reading on day 12 Favorable from State Government,,,,,
SB6,Allen,Regular Session 2019,03/05/2019,S,,Read for the first time and referred to the Senate committee on Judiciary,JUDY,,,,
SB6,Allen,Regular Session 2019,04/18/2019,S,,Read for the second time and placed on the calendar  1 amendment,,1,6,0,
SB6,Allen,Regular Session 2019,,S,,Pending third reading on day 12 Favorable from Judiciary with 1 amendment,,,,,
SB6,Allen,Regular Session 2019,,S,199419-2,Judiciary first Amendment Offered,,,,,
SB7,Melson,Regular Session 2019,03/05/2019,S,,Read for the first time and referred to the Senate committee on Judiciary,JUDY,,,,
SB7,Melson,Regular Session 2019,03/20/2019,S,,Read for the second time and placed on the calendar  1 amendment,,0,10,0,
SB7,Melson,Regular Session 2019,,S,198012-3,Judiciary first Amendment Offered,,,,,
SB7,Melson,Regular Session 2019,,S,,Pending third reading on day 4 Favorable from Judiciary with 1 amendment,,,,,
SB8,Coleman-Madison,Regular Session 2019,03/05/2019,S,,Read for the first time and referred to the Senate committee on Education Policy,ED,,,,
SB9,Coleman-Madison,Regular Session 2019,03/05/2019,S,,Read for the first time and referred to the Senate committee on Governmental Affairs,GA,,,,
SB10,Coleman-Madison,Regular Session 2019,03/05/2019,S,,Read for the first time and referred to the Senate committee on Judiciary,JUDY,,,,
SB10,Coleman-Madison,Regular Session 2019,04/03/2019,S,,Read for the second time and placed on the calendar with 1 substitute and,,0,9,0,
SB10,Coleman-Madison,Regular Session 2019,04/09/2019,S,,Third Reading Carried Over to Call of the Chair,,,,,
SB10,Coleman-Madison,Regular Session 2019,04/09/2019,S,198065-2,Judiciary first Substitute Offered,,,,,
SB10,Coleman-Madison,Regular Session 2019,04/09/2019,S,,Coleman-Madison motion to Adopt adopted Roll Call 196,,,,,Roll 196
SB10,Coleman-Madison,Regular Session 2019,04/09/2019,S,,Coleman-Madison motion to Carry Over to the Call of the Chair adopted Voice Vote,,,,,
SB10,Coleman-Madison,Regular Session 2019,04/16/2019,S,,Third Reading Passed,,,,,
SB10,Coleman-Madison,Regular Session 2019,04/16/2019,S,199067-1,Givhan  Amendment Offered,,,,,
SB10,Coleman-Madison,Regular Session 2019,04/16/2019,S,,Givhan motion to Adopt adopted Roll Call 247,,,,,Roll 247
SB10,Coleman-Madison,Regular Session 2019,04/16/2019,S,,Motion to Read a Third Time and Pass adopted Roll Call 248,,,,,Roll 248
SB10,Coleman-Madison,Regular Session 2019,04/18/2019,S,,Engrossed,,,,,
SB10,Coleman-Madison,Regular Session 2019,04/18/2019,H,,Read for the first time and referred to the House of Representatives committee on Judiciary,JUDY,,,,
SB11,Coleman-Madison,Regular Session 2019,03/05/2019,S,,Read for the first time and referred to the Senate committee on Judiciary,JUDY,,,,
SB11,Coleman-Madison,Regular Session 2019,03/20/2019,S,,Read for the second time and placed on the calendar  1 amendment,,2,8,0,
SB11,Coleman-Madison,Regular Session 2019,04/02/2019,S,,Third Reading Carried Over to Call of the Chair,,,,,
SB11,Coleman-Madison,Regular Session 2019,04/02/2019,S,197445-2,Judiciary  Amendment Offered,,,,,
SB11,Coleman-Madison,Regular Session 2019,04/02/2019,S,,Coleman-Madison motion to Adopt adopted Roll Call 75,,,,,Roll 75
SB11,Coleman-Madison,Regular Session 2019,04/02/2019,S,,Coleman-Madison motion to Carry Over to the Call of the Chair adopted Voice Vote,,,,,
SB11,Coleman-Madison,Regular Session 2019,04/02/2019,S,,Third Reading Passed,,,,,
SB11,Coleman-Madison,Regular Session 2019,04/02/2019,S,198536-1,Givhan  Amendment Offered,,,,,
SB11,Coleman-Madison,Regular Session 2019,04/02/2019,S,,Givhan motion to Adopt adopted Roll Call 79,,,,,Roll 79
SB11,Coleman-Madison,Regular Session 2019,04/02/2019,S,,Motion to Read a Third Time and Pass adopted Roll Call 80,,,,,Roll 80
SB11,Coleman-Madison,Regular Session 2019,04/03/2019,S,,Engrossed,,,,,
SB11,Coleman-Madison,Regular Session 2019,04/03/2019,H,,Read for the first time and referred to the House of Representatives committee on Judiciary,JUDY,,,,
SB11,Coleman-Madison,Regular Session 2019,04/25/2019,H,,Read for the second time and placed on the calendar with 1 substitute and,,,,,
SB11,Coleman-Madison,Regular Session 2019,,H,,Pending third reading on day 14 Favorable from Judiciary with 1 substitute,,,,,
SB11,Coleman-Madison,Regular Session 2019,,H,199253-3,Judiciary first Substitute Offered,,,,,
SB12,Williams,Regular Session 2019,03/05/2019,S,,"Read for the first time and referred to the Senate committee on Agriculture, Conservation and Forestry",AC&F,,,,
SB13,Melson,Regular Session 2019,03/05/2019,S,,Read for the first time and referred to the Senate committee on Judiciary,JUDY,,,,
SB13,Melson,Regular Session 2019,04/18/2019,S,,Read for the second time and placed on the calendar,,0,11,0,
SB13,Melson,Regular Session 2019,05/02/2019,S,,Third Reading Passed,,,,,
SB13,Melson,Regular Session 2019,05/02/2019,S,,Motion to Read a Third Time and Pass adopted Roll Call 558,,,,,Roll 558
SB13,Melson,Regular Session 2019,05/02/2019,H,,Read for the first time and referred to the House of Representatives committee on Judiciary,JUDY,,,,
SB14,Melson,Regular Session 2019,03/05/2019,S,,Read for the first time and referred to the Senate committee on Education Policy,ED,,,,
SB14,Melson,Regular Session 2019,03/20/2019,S,,Read for the second time and placed on the calendar  2 amendments,,0,10,,
SB14,Melson,Regular Session 2019,03/21/2019,S,,Third Reading Carried Over to Call of the Chair,,,,,
SB14,Melson,Regular Session 2019,03/21/2019,S,198119-1,Education Policy  Amendment Offered,,,,,
SB14,Melson,Regular Session 2019,03/21/2019,S,198123-1,Education Policy  Amendment Offered,,,,,
SB14,Melson,Regular Session 2019,03/21/2019,S,,Melson motion to Adopt adopted Roll Call 33,,,,,Roll 33
SB14,Melson,Regular Session 2019,03/21/2019,S,,Melson motion to Adopt adopted Roll Call 34,,,,,Roll 34
SB14,Melson,Regular Session 2019,03/21/2019,S,,Melson motion to Carry Over to the Call of the Chair adopted Voice Vote,,,,,
SB14,Melson,Regular Session 2019,04/02/2019,S,,Third Reading Passed,,,,,
SB14,Melson,Regular Session 2019,04/02/2019,S,198250-1,Smitherman  Amendment Offered,,,,,
SB14,Melson,Regular Session 2019,04/02/2019,S,,Smitherman motion to Adopt adopted Roll Call 90,,,,,Roll 90
SB14,Melson,Regular Session 2019,04/02/2019,S,,Motion to Read a Third Time and Pass adopted Roll Call 91,,,,,Roll 91
SB14,Melson,Regular Session 2019,04/03/2019,S,,Engrossed,,,,,
SB14,Melson,Regular Session 2019,04/03/2019,H,,Read for the first time and referred to the House of Representatives committee on Education Policy,EP,,,,
SB15,Whatley,Regular Session 2019,03/05/2019,S,,Read for the first time and referred to the Senate committee on Healthcare,HLTH,,,,
SB15,Whatley,Regular Session 2019,03/20/2019,S,,Read for the second time and placed on the calendar,,0,11,0,
SB15,Whatley,Regular Session 2019,04/03/2019,S,,Third Reading Passed,,,,,
SB15,Whatley,Regular Session 2019,04/03/2019,S,,Motion to Read a Third Time and Pass adopted Roll Call 123,,,,,Roll 123
SB15,Whatley,Regular Session 2019,04/03/2019,H,,Read for the first time and referred to the House of Representatives committee on Education Policy,EP,,,,
SB16,Ward,Regular Session 2019,03/05/2019,S,,Read for the first time and referred to the Senate committee on Judiciary,JUDY,,,,
SB17,Ward,Regular Session 2019,03/05/2019,S,,Read for the first time and referred to the Senate committee on Judiciary,JUDY,,,,
SB17,Ward,Regular Session 2019,03/20/2019,S,,Read for the second time and placed on the calendar  2 amendments,,1,9,0,
SB17,Ward,Regular Session 2019,05/02/2019,S,,Third Reading Passed,,,,,
SB17,Ward,Regular Session 2019,05/02/2019,S,197323-2,Judiciary  Amendment Offered,,,,,
SB17,Ward,Regular Session 2019,05/02/2019,S,198039-1,Judiciary  Amendment Offered,,,,,
SB17,Ward,Regular Session 2019,05/02/2019,S,,Ward motion to Adopt adopted Roll Call 560,,,,,Roll 560
SB17,Ward,Regular Session 2019,05/02/2019,S,,Ward motion to Adopt adopted Roll Call 561,,,,,Roll 561
SB17,Ward,Regular Session 2019,05/02/2019,S,,Motion to Read a Third Time and Pass adopted Roll Call 562,,,,,Roll 562
SB17,Ward,Regular Session 2019,05/02/2019,S,,Engrossed,,,,,
SB17,Ward,Regular Session 2019,05/02/2019,H,,Read for the first time and referred to the House of Representatives committee on Judiciary,JUDY,,,,
SB18,Allen,Regular Session 2019,03/05/2019,S,,Read for the first time and referred to the Senate committee on Local Legislation,LL1,,,,
SB19,Allen,Regular Session 2019,03/05/2019,S,,Read for the first time and referred to the Senate committee on Finance and Taxation General Fund,F&TG,,,,
SB20,Smitherman,Regular Session 2019,03/05/2019,S,,Read for the first time and referred to the Senate committee on Finance and Taxation Education,F&TE,,,,
SB21,Smitherman,Regular Session 2019,03/05/2019,S,,Read for the first time and referred to the Senate committee on Judiciary,JUDY,,,,
SB21,Smitherman,Regular Session 2019,04/11/2019,S,,Read for the second time and placed on the calendar,,0,11,0,
SB21,Smitherman,Regular Session 2019,,S,,Pending third reading on day 10 Favorable from Judiciary,,,,,
SB22,Marsh,Regular Session 2019,03/05/2019,S,,Read for the first time and referred to the Senate committee on Governmental Affairs,GA,,,,
SB22,Marsh,Regular Session 2019,03/19/2019,S,,Read for the second time and placed on the calendar,,2,8,,
SB22,Marsh,Regular Session 2019,03/20/2019,S,,Third Reading Carried Over,,,,,
SB22,Marsh,Regular Session 2019,03/20/2019,S,,Marsh motion to Carry Over adopted Voice Vote,,,,,
SB22,Marsh,Regular Session 2019,03/21/2019,S,,Third Reading Passed,,,,,
SB22,Marsh,Regular Session 2019,03/21/2019,S,198040-1,Marsh  Amendment Offered,,,,,
SB22,Marsh,Regular Session 2019,03/21/2019,S,,Rules Committee Petition to Cease Debate adopted Roll Call 51,,,,,Roll 51
SB22,Marsh,Regular Session 2019,03/21/2019,S,,Marsh motion to Adopt adopted Roll Call 52,,,,,Roll 52
SB22,Marsh,Regular Session 2019,03/21/2019,S,,Motion to Read a Third Time and Pass adopted Roll Call 53,,,,,Roll 53
SB22,Marsh,Regular Session 2019,03/21/2019,S,,Engrossed,,,,,
SB22,Marsh,Regular Session 2019,03/21/2019,H,,Read for the first time and referred to the House of Representatives committee on State Government,SG,,,,
SB22,Marsh,Regular Session 2019,04/11/2019,H,,Read for the second time and placed on the calendar,,4,8,0,
SB22,Marsh,Regular Session 2019,,H,,Pending third reading on day 10 Favorable from State Government,,,,,
SB23,Elliott,Regular Session 2019,03/05/2019,S,,Read for the first time and referred to the Senate committee on Governmental Affairs,GA,,,,
SB23,Elliott,Regular Session 2019,04/16/2019,S,,Reported from Governmental Affairs as Favorable with 1 substitute,,1,10,0,
SB23,Elliott,Regular Session 2019,04/18/2019,S,,Third Reading Passed,,,,,
SB23,Elliott,Regular Session 2019,04/18/2019,S,199288-2,Governmental Affairs first Substitute Offered,,,,,
SB23,Elliott,Regular Session 2019,04/18/2019,S,,Elliott motion to Adopt adopted Roll Call 334,,,,,Roll 334
SB23,Elliott,Regular Session 2019,04/18/2019,S,199329-2,Singleton  Amendment Offered,,,,,
SB23,Elliott,Regular Session 2019,04/18/2019,S,,Singleton motion to Adopt adopted Roll Call 335,,,,,Roll 335
SB23,Elliott,Regular Session 2019,04/18/2019,S,199599-1,Jones  Amendment Offered,,,,,
SB23,Elliott,Regular Session 2019,04/18/2019,S,,Jones motion to Adopt adopted Roll Call 336,,,,,Roll 336
SB23,Elliott,Regular Session 2019,04/18/2019,S,199584-1,Chambliss  Amendment Offered,,,,,
SB23,Elliott,Regular Session 2019,04/18/2019,S,,Chambliss motion to Adopt adopted Roll Call 337,,,,,Roll 337
SB23,Elliott,Regular Session 2019,04/18/2019,S,,Motion to Read a Third Time and Pass adopted Roll Call 338,,,,,Roll 338
SB23,Elliott,Regular Session 2019,04/23/2019,S,,Engrossed,,,,,
SB23,Elliott,Regular Session 2019,04/23/2019,H,,Read for the first time and referred to the House of Representatives committee on County and Municipal Government,C&MG,,,,
SB24,Scofield,Regular Session 2019,03/05/2019,S,,Read for the first time and referred to the Senate committee on Governmental Affairs,GA,,,,
SB24,Scofield,Regular Session 2019,04/02/2019,S,,Read for the second time and placed on the calendar,,0,10,0,
SB24,Scofield,Regular Session 2019,04/30/2019,S,,Third Reading Carried Over,,,,,
SB24,Scofield,Regular Session 2019,04/30/2019,S,,Scofield motion to Carry Over adopted Voice Vote,,,,,
SB24,Scofield,Regular Session 2019,,S,,Further Consideration,,,,,
SB25,McClendon,Regular Session 2019,03/05/2019,S,,Read for the first time and referred to the Senate committee on Healthcare,HLTH,,,,
SB26,Chambliss,Regular Session 2019,03/05/2019,S,,Read for the first time and referred to the Senate committee on Judiciary,JUDY,,,,
SB26,Chambliss,Regular Session 2019,04/03/2019,S,,Read for the second time and placed on the calendar  2 amendments,,0,12,0,
SB26,Chambliss,Regular Session 2019,04/04/2019,S,,Third Reading Passed,,,,,
SB26,Chambliss,Regular Session 2019,04/04/2019,S,198560-1,Judiciary  Amendment Offered,,,,,
SB26,Chambliss,Regular Session 2019,04/04/2019,S,198589-1,Judiciary  Amendment Offered,,,,,
SB26,Chambliss,Regular Session 2019,04/04/2019,S,,Chambliss motion to Adopt adopted Roll Call 152,,,,,Roll 152
SB26,Chambliss,Regular Session 2019,04/04/2019,S,,Chambliss motion to Adopt adopted Roll Call 153,,,,,Roll 153
SB26,Chambliss,Regular Session 2019,04/04/2019,S,,Motion to Read a Third Time and Pass adopted Roll Call 154,,,,,Roll 154
SB26,Chambliss,Regular Session 2019,04/04/2019,S,,Engrossed,,,,,
SB26,Chambliss,Regular Session 2019,04/04/2019,H,,Read for the first time and referred to the House of Representatives committee on Judiciary,JUDY,,,,
SB26,Chambliss,Regular Session 2019,05/02/2019,H,,Read for the second time and placed on the calendar  1 amendment,,,,,
SB26,Chambliss,Regular Session 2019,,H,,Pending third reading on day 16 Favorable from Judiciary with 1 amendment,,,,,
SB26,Chambliss,Regular Session 2019,,H,200405-1,Judiciary first Amendment Offered,,,,,
SB27,Price,Regular Session 2019,03/05/2019,S,,Read for the first time and referred to the Senate committee on Governmental Affairs,GA,,,,
SB27,Price,Regular Session 2019,04/02/2019,S,,Read for the second time and placed on the calendar,,2,9,0,
SB27,Price,Regular Session 2019,,S,,Pending third reading on day 6 Favorable from Governmental Affairs,,,,,
SB28,Ward,Regular Session 2019,03/05/2019,S,,Read for the first time and referred to the Senate committee on Judiciary,JUDY,,,,
SB29,Ward,Regular Session 2019,03/05/2019,S,,Read for the first time and referred to the Senate committee on Governmental Affairs,GA,,,,
SB29,Ward,Regular Session 2019,04/09/2019,S,,Read for the second time and placed on the calendar  1 amendment,,0,10,0,
SB29,Ward,Regular Session 2019,04/30/2019,S,,Third Reading Passed,,,,,
SB29,Ward,Regular Session 2019,04/30/2019,S,198927-2,Governmental Affairs  Amendment Offered,,,,,
SB29,Ward,Regular Session 2019,04/30/2019,S,,Ward motion to Adopt adopted Roll Call 456,,,,,Roll 456
SB29,Ward,Regular Session 2019,04/30/2019,S,,Motion to Read a Third Time and Pass adopted Roll Call 457,,,,,Roll 457
SB29,Ward,Regular Session 2019,04/30/2019,S,,Engrossed,,,,,
SB29,Ward,Regular Session 2019,04/30/2019,H,,Read for the first time and referred to the House of Representatives committee on County and Municipal Government,C&MG,,,,
SB30,Ward,Regular Session 2019,03/05/2019,S,,Read for the first time and referred to the Senate committee on Judiciary,JUDY,,,,
SB30,Ward,Regular Session 2019,03/20/2019,S,,Read for the second time and placed on the calendar  2 amendments,,0,10,0,
SB30,Ward,Regular Session 2019,03/21/2019,S,,Third Reading Passed,,,,,
SB30,Ward,Regular Session 2019,03/21/2019,S,197524-2,Judiciary  Amendment Offered,,,,,
SB30,Ward,Regular Session 2019,03/21/2019,S,197988-1,Judiciary  Amendment Offered,,,,,
SB30,Ward,Regular Session 2019,03/21/2019,S,,Ward motion to Adopt adopted Roll Call 46,,,,,Roll 46
SB30,Ward,Regular Session 2019,03/21/2019,S,,Ward motion to Adopt adopted Roll Call 47,,,,,Roll 47
SB30,Ward,Regular Session 2019,03/21/2019,S,198093-1,Whatley  Amendment Offered,,,,,
SB30,Ward,Regular Session 2019,03/21/2019,S,198093-1,Whatley  Amendment Offered,,,,,
SB30,Ward,Regular Session 2019,03/21/2019,S,198093-1,Whatley  Amendment Offered,,,,,
SB30,Ward,Regular Session 2019,03/21/2019,S,198093-1,Whatley  Amendment Offered,,,,,
SB30,Ward,Regular Session 2019,03/21/2019,S,,Whatley motion to Adopt adopted Roll Call 48,,,,,Roll 48
SB30,Ward,Regular Session 2019,03/21/2019,S,,Motion to Read a Third Time and Pass adopted Roll Call 49,,,,,Roll 49
SB30,Ward,Regular Session 2019,04/02/2019,S,,Third Reading Passed,,,,,
SB30,Ward,Regular Session 2019,04/02/2019,S,,Whatley motion to Reconsider adopted Voice Vote,,,,,
SB30,Ward,Regular Session 2019,04/02/2019,S,,Ward motion to,,,,,
SB30,Ward,Regular Session 2019,04/02/2019,S,,Ward motion to Table adopted Voice Vote,,,,,
SB30,Ward,Regular Session 2019,04/02/2019,S,198366-1,Whatley  Amendment Offered,,,,,
SB30,Ward,Regular Session 2019,04/02/2019,S,,Ward motion to Adopt adopted Roll Call 64,,,,,Roll 64
SB30,Ward,Regular Session 2019,04/02/2019,S,,Motion to Read a Third Time and Pass adopted Roll Call 65,,,,,Roll 65
SB30,Ward,Regular Session 2019,04/02/2019,H,,Read for the first time and referred to the House of Representatives committee on Judiciary,JUDY,,,,
SB30,Ward,Regular Session 2019,04/02/2019,S,,Engrossed,,,,,
SB30,Ward,Regular Session 2019,05/02/2019,H,,Read for the second time and placed on the calendar  1 amendment,,,,,
SB30,Ward,Regular Session 2019,,H,,Pending third reading on day 16 Favorable from Judiciary with 1 amendment,,,,,
SB30,Ward,Regular Session 2019,,H,199041-2,Judiciary first Amendment Offered,,,,,
SB31,Ward,Regular Session 2019,03/05/2019,S,,Read for the first time and referred to the Senate committee on Judiciary,JUDY,,,,
SB31,Ward,Regular Session 2019,03/20/2019,S,,Read for the second time and placed on the calendar  1 amendment,,0,10,0,
SB31,Ward,Regular Session 2019,,S,198007-1,Judiciary first Amendment Offered,,,,,
SB31,Ward,Regular Session 2019,,S,,Pending third reading on day 4 Favorable from Judiciary with 1 amendment,,,,,
SB32,Ward,Regular Session 2019,03/05/2019,S,,Read for the first time and referred to the Senate committee on Judiciary,JUDY,,,,
SB32,Ward,Regular Session 2019,04/18/2019,S,,Read for the second time and placed on the calendar  2 amendments,,0,12,0,
SB32,Ward,Regular Session 2019,,S,199472-1,Judiciary second Amendment Offered,,,,,
SB32,Ward,Regular Session 2019,,S,198243-1,Judiciary first Amendment Offered,,,,,
SB32,Ward,Regular Session 2019,,S,,Pending third reading on day 12 Favorable from Judiciary with 2 amendments,,,,,
SB33,Shelnutt,Regular Session 2019,03/05/2019,S,,Read for the first time and referred to the Senate committee on Banking and Insurance,B&I,,,,
SB33,Shelnutt,Regular Session 2019,03/20/2019,S,,Read for the second time and placed on the calendar  1 amendment,,0,9,,
SB33,Shelnutt,Regular Session 2019,04/02/2019,S,,Third Reading Passed,,,,,
SB33,Shelnutt,Regular Session 2019,04/02/2019,S,198146-1,Banking and Insurance  Amendment Offered,,,,,
SB33,Shelnutt,Regular Session 2019,04/02/2019,S,,Waggoner motion to Adopt adopted Roll Call 82,,,,,Roll 82
SB33,Shelnutt,Regular Session 2019,04/02/2019,S,,Motion to Read a Third Time and Pass adopted Roll Call 83,,,,,Roll 83
SB33,Shelnutt,Regular Session 2019,04/03/2019,S,,Engrossed,,,,,
SB33,Shelnutt,Regular Session 2019,04/03/2019,H,,Read for the first time and referred to the House of Representatives committee on Financial Services,FS,,,,
SB33,Shelnutt,Regular Session 2019,04/11/2019,H,,Read for the second time and placed on the calendar,,,,,
SB33,Shelnutt,Regular Session 2019,05/02/2019,H,,Third Reading Passed,,,,,
SB33,Shelnutt,Regular Session 2019,05/02/2019,H,,Motion to Read a Third Time and Pass adopted Roll Call 467,,,,,Roll 467
SB33,Shelnutt,Regular Session 2019,05/02/2019,S,,Passed Second House,,,,,
SB33,Shelnutt,Regular Session 2019,05/02/2019,H,,Signature Requested,,,,,
SB33,Shelnutt,Regular Session 2019,05/02/2019,S,,Enrolled,,,,,
SB33,Shelnutt,Regular Session 2019,,S,,"Delivered to Governor at 12:39 p.m. on May 2, 2019",,,,,
SB34,Chambliss,Regular Session 2019,03/05/2019,S,,Read for the first time and referred to the Senate committee on Judiciary,JUDY,,,,
SB34,Chambliss,Regular Session 2019,04/11/2019,S,,Read for the second time and placed on the calendar,,0,9,0,
SB34,Chambliss,Regular Session 2019,04/18/2019,S,,Third Reading Carried Over to Call of the Chair,,,,,
SB34,Chambliss,Regular Session 2019,04/18/2019,S,,Chambliss motion to Carry Over to the Call of the Chair adopted Voice Vote,,,,,
SB34,Chambliss,Regular Session 2019,04/25/2019,S,,Third Reading Passed,,,,,
SB34,Chambliss,Regular Session 2019,04/25/2019,S,200102-1,Chambliss first Substitute Offered,,,,,
SB34,Chambliss,Regular Session 2019,04/25/2019,S,,Chambliss motion to Adopt adopted Roll Call 411,,,,,Roll 411
SB34,Chambliss,Regular Session 2019,04/25/2019,S,,Motion to Read a Third Time and Pass adopted Roll Call 412,,,,,Roll 412
SB34,Chambliss,Regular Session 2019,04/30/2019,S,,Engrossed,,,,,
SB34,Chambliss,Regular Session 2019,04/30/2019,H,,Read for the first time and referred to the House of Representatives committee on Children and Senior Advocacy,C&SA,,,,
SB34,Chambliss,Regular Session 2019,05/08/2019,H,,Read for the second time and placed on the calendar,,,,,
SB34,Chambliss,Regular Session 2019,,H,,Pending third reading on day 18 Favorable from Children and Senior Advocacy,,,,,
SB35,Chambliss,Regular Session 2019,03/05/2019,S,,Read for the first time and referred to the Senate committee on Transportation and Energy,T&E,,,,
SB36,Elliott,Regular Session 2019,03/05/2019,S,,Read for the first time and referred to the Senate committee on Judiciary,JUDY,,,,
SB36,Elliott,Regular Session 2019,05/02/2019,S,,Read for the second time and placed on the calendar  1 amendment,,2,7,0,
SB36,Elliott,Regular Session 2019,,S,,Pending third reading on day 16 Favorable from Judiciary with 1 amendment,,,,,
SB36,Elliott,Regular Session 2019,,S,200353-1,Judiciary first Amendment Offered,,,,,
SB37,Reed,Regular Session 2019,03/05/2019,S,,Read for the first time and referred to the Senate committee on Healthcare,HLTH,,,,
SB37,Reed,Regular Session 2019,03/20/2019,S,,Read for the second time and placed on the calendar,,0,11,0,
SB37,Reed,Regular Session 2019,03/21/2019,S,,Third Reading Adopted,,,,,
SB37,Reed,Regular Session 2019,03/21/2019,S,,Motion to Adopt adopted Roll Call 42,,,,,Roll 42
SB37,Reed,Regular Session 2019,03/21/2019,H,,Read for the first time and referred to the House of Representatives committee on Health,HLTH,,,,
SB37,Reed,Regular Session 2019,04/11/2019,H,,Read for the second time and placed on the calendar,,,,,
SB37,Reed,Regular Session 2019,,H,,Pending third reading on day 10 Favorable from Health,,,,,
SB38,Reed,Regular Session 2019,03/05/2019,S,,Read for the first time and referred to the Senate committee on Healthcare,HLTH,,,,
SB38,Reed,Regular Session 2019,03/20/2019,S,,Read for the second time and placed on the calendar  2 amendments,,0,11,,
SB38,Reed,Regular Session 2019,04/02/2019,S,,Third Reading Passed,,,,,
SB38,Reed,Regular Session 2019,04/02/2019,S,198041-2,Healthcare  Amendment Offered,,,,,
SB38,Reed,Regular Session 2019,04/02/2019,S,197945-2,Healthcare  Amendment Offered,,,,,
SB38,Reed,Regular Session 2019,04/02/2019,S,,Reed motion to Adopt adopted Roll Call 68,,,,,Roll 68
SB38,Reed,Regular Session 2019,04/02/2019,S,,Reed motion to Adopt adopted Roll Call 69,,,,,Roll 69
SB38,Reed,Regular Session 2019,04/02/2019,S,,Motion to Read a Third Time and Pass adopted Roll Call 70,,,,,Roll 70
SB38,Reed,Regular Session 2019,04/03/2019,S,,Engrossed,,,,,
SB38,Reed,Regular Session 2019,04/03/2019,H,,Read for the first time and referred to the House of Representatives committee on Health,HLTH,,,,
SB38,Reed,Regular Session 2019,04/11/2019,H,,Read for the second time and placed on the calendar,,,,,
SB38,Reed,Regular Session 2019,04/25/2019,H,,Third Reading Passed,,,,,
SB38,Reed,Regular Session 2019,04/25/2019,H,,Motion to Read a Third Time and Pass adopted Roll Call 379,,,,,Roll 379
SB38,Reed,Regular Session 2019,04/25/2019,H,,"Rafferty intended to vote ""Yea""",,,,,
SB38,Reed,Regular Session 2019,04/25/2019,S,,Passed Second House,,,,,
SB38,Reed,Regular Session 2019,04/30/2019,S,,Enrolled,,,,,
SB38,Reed,Regular Session 2019,04/30/2019,H,,Signature Requested,,,,,
SB38,Reed,Regular Session 2019,,S,,Assigned Act No. 2019-102.,,,,,
SB39,Beasley,Regular Session 2019,03/05/2019,S,,Read for the first time and referred to the Senate committee on Healthcare,HLTH,,,,
SB40,Jones,Regular Session 2019,03/05/2019,S,,Read for the first time and referred to the Senate committee on Local Legislation,LL1,,,,
SB40,Jones,Regular Session 2019,04/02/2019,S,,Read for the second time and placed on the calendar,,,,,
SB40,Jones,Regular Session 2019,04/03/2019,S,,Third Reading Passed,,,,,
SB40,Jones,Regular Session 2019,04/03/2019,S,,Motion to Read a Third Time and Pass adopted Roll Call 109,,,,,Roll 109
SB40,Jones,Regular Session 2019,04/03/2019,H,,Read for the first time and referred to the House of Representatives committee on Local Legislation,LL,,,,
SB40,Jones,Regular Session 2019,04/09/2019,H,,Read for the second time and placed on the calendar,,,,,
SB40,Jones,Regular Session 2019,,H,,Pending third reading on day 9 Favorable from Local Legislation,,,,,
SB41,Ward,Regular Session 2019,03/05/2019,S,,Read for the first time and referred to the Senate committee on Judiciary,JUDY,,,,
SB41,Ward,Regular Session 2019,03/20/2019,S,,Read for the second time and placed on the calendar  1 amendment,,0,8,0,
SB41,Ward,Regular Session 2019,03/21/2019,S,,Engrossed,,,,,
SB41,Ward,Regular Session 2019,03/21/2019,S,,Third Reading Passed,,,,,
SB41,Ward,Regular Session 2019,03/21/2019,S,198071-1,Judiciary  Amendment Offered,,,,,
SB41,Ward,Regular Session 2019,03/21/2019,H,,Read for the first time and referred to the House of Representatives committee on Judiciary,JUDY,,,,
SB41,Ward,Regular Session 2019,04/18/2019,H,,Read for the second time and placed on the calendar  2 amendments,,,,,
SB41,Ward,Regular Session 2019,03/21/2019,S,,Ward motion to Adopt adopted Roll Call 39,,,,,Roll 39
SB41,Ward,Regular Session 2019,03/21/2019,S,,Motion to Read a Third Time and Pass adopted Roll Call 40,,,,,Roll 40
SB41,Ward,Regular Session 2019,,H,,Pending third reading on day 12 Favorable from Judiciary with 2 amendments,,,,,
SB41,Ward,Regular Session 2019,,H,199351-3,Judiciary second Amendment Offered,,,,,
SB41,Ward,Regular Session 2019,,H,198885-1,Judiciary first Amendment Offered,,,,,
SB42,Ward,Regular Session 2019,03/05/2019,S,,Read for the first time and referred to the Senate committee on Judiciary,JUDY,,,,
SB42,Ward,Regular Session 2019,04/11/2019,S,,Read for the second time and placed on the calendar  with 1 substitute and 1 amendment,,3,8,0,
SB42,Ward,Regular Session 2019,,S,,Pending third reading on day 10 Favorable from Judiciary with 1 substitute and 1 amendment,,,,,
SB42,Ward,Regular Session 2019,,S,198769-2,Judiciary first Substitute Offered,,,,,
SB42,Ward,Regular Session 2019,,S,199059-1,Judiciary first Amendment Offered,,,,,
SB43,Chambliss,Regular Session 2019,03/05/2019,S,,Read for the first time and referred to the Senate committee on Local Legislation,LL1,,,,
SB43,Chambliss,Regular Session 2019,04/02/2019,S,,Read for the second time and placed on the calendar,,,,,
SB43,Chambliss,Regular Session 2019,04/03/2019,S,,Third Reading Passed,,,,,
SB43,Chambliss,Regular Session 2019,04/03/2019,S,,Motion to Read a Third Time and Pass adopted Roll Call 107,,,,,Roll 107
SB43,Chambliss,Regular Session 2019,04/03/2019,H,,Read for the first time and referred to the House of Representatives committee on Local Legislation,LL,,,,
SB43,Chambliss,Regular Session 2019,05/08/2019,H,,Read for the second time and placed on the calendar,,,,,
SB43,Chambliss,Regular Session 2019,,H,,Pending third reading on day 18 Favorable from Local Legislation,,,,,
SB44,Chambliss,Regular Session 2019,03/05/2019,S,,Read for the first time and referred to the Senate committee on Governmental Affairs,GA,,,,
SB44,Chambliss,Regular Session 2019,04/02/2019,S,,Read for the second time and placed on the calendar,,0,10,1,
SB44,Chambliss,Regular Session 2019,,S,,Pending third reading on day 6 Favorable from Governmental Affairs,,,,,
SB45,Roberts,Regular Session 2019,03/05/2019,S,,Read for the first time and referred to the Senate committee on Judiciary,JUDY,,,,
SB45,Roberts,Regular Session 2019,04/18/2019,S,,Read for the second time and placed on the calendar with 1 substitute and,,0,7,0,
SB45,Roberts,Regular Session 2019,04/30/2019,S,,Third Reading Passed,,,,,
SB45,Roberts,Regular Session 2019,04/30/2019,S,199427-5,Judiciary first Substitute Offered,,,,,
SB45,Roberts,Regular Session 2019,04/30/2019,S,,Roberts motion to Adopt adopted Roll Call 423,,,,,Roll 423
SB45,Roberts,Regular Session 2019,04/30/2019,S,199572-1,Roberts  Amendment Offered,,,,,
SB45,Roberts,Regular Session 2019,04/30/2019,S,,Roberts motion to Adopt adopted Roll Call 424,,,,,Roll 424
SB45,Roberts,Regular Session 2019,04/30/2019,S,,Motion to Read a Third Time and Pass adopted Roll Call 425,,,,,Roll 425
SB45,Roberts,Regular Session 2019,04/30/2019,S,,Engrossed,,,,,
SB45,Roberts,Regular Session 2019,04/30/2019,H,,Read for the first time and referred to the House of Representatives committee on Commerce and Small Business,C&SB,,,,
SB45,Roberts,Regular Session 2019,05/07/2019,H,,Read for the second time and placed on the calendar,,,,,
SB45,Roberts,Regular Session 2019,,H,,Pending third reading on day 17 Favorable from Commerce and Small Business,,,,,
SB46,Holley,Regular Session 2019,03/05/2019,S,,"Read for the first time and referred to the Senate committee on Agriculture, Conservation and Forestry",AC&F,,,,
SB47,Allen,Regular Session 2019,03/05/2019,S,,Read for the first time and referred to the Senate committee on Transportation and Energy,T&E,,,,
SB47,Allen,Regular Session 2019,05/07/2019,S,,Read for the second time and placed on the calendar  with 1 substitute and 3 amendments,,0,10,0,
SB47,Allen,Regular Session 2019,,S,,Pending third reading on day 17 Favorable from Transportation and Energy with 1 substitute and 3 amendments,,,,,
SB47,Allen,Regular Session 2019,,S,200655-3,Transportation and Energy third Amendment Offered,,,,,
SB47,Allen,Regular Session 2019,,S,200574-3,Transportation and Energy first Substitute Offered,,,,,
SB47,Allen,Regular Session 2019,,S,200632-4,Transportation and Energy first Amendment Offered,,,,,
SB47,Allen,Regular Session 2019,,S,200664-2,Transportation and Energy second Amendment Offered,,,,,
SB48,Jones,Regular Session 2019,03/05/2019,S,,Read for the first time and referred to the Senate committee on Healthcare,HLTH,,,,
SB48,Jones,Regular Session 2019,05/08/2019,S,,Read for the second time and placed on the calendar with 1 substitute and,,5,6,1,
SB48,Jones,Regular Session 2019,,S,,Pending third reading on day 18 Favorable from Healthcare with 1 substitute,,,,,
SB48,Jones,Regular Session 2019,,S,200534-2,Healthcare first Substitute Offered,,,,,
SB49,Beasley,Regular Session 2019,03/05/2019,S,,Read for the first time and referred to the Senate committee on Local Legislation,LL1,,,,
SB49,Beasley,Regular Session 2019,04/03/2019,S,,Read for the second time and placed on the calendar,,,,,
SB49,Beasley,Regular Session 2019,04/04/2019,S,,Third Reading Passed,,,,,
SB49,Beasley,Regular Session 2019,04/04/2019,S,,Motion to Read a Third Time and Pass adopted Roll Call 143,,,,,Roll 143
SB49,Beasley,Regular Session 2019,04/04/2019,H,,Read for the first time and referred to the House of Representatives committee on Local Legislation,LL,,,,
SB49,Beasley,Regular Session 2019,04/09/2019,H,,Read for the second time and placed on the calendar,,,,,
SB49,Beasley,Regular Session 2019,,H,,Pending third reading on day 9 Favorable from Local Legislation,,,,,
SB50,Beasley,Regular Session 2019,03/05/2019,S,,Read for the first time and referred to the Senate committee on Local Legislation,LL1,,,,
SB50,Beasley,Regular Session 2019,04/03/2019,S,,Read for the second time and placed on the calendar,,,,,
SB50,Beasley,Regular Session 2019,04/04/2019,S,,Third Reading Passed,,,,,
SB50,Beasley,Regular Session 2019,04/04/2019,S,,Motion to Read a Third Time and Pass adopted Roll Call 139,,,,,Roll 139
SB50,Beasley,Regular Session 2019,04/04/2019,H,,Read for the first time and referred to the House of Representatives committee on Local Legislation,LL,,,,
SB50,Beasley,Regular Session 2019,04/09/2019,H,,Read for the second time and placed on the calendar,,,,,
SB50,Beasley,Regular Session 2019,,H,,Pending third reading on day 9 Favorable from Local Legislation,,,,,
SB51,Beasley,Regular Session 2019,03/05/2019,S,,Read for the first time and referred to the Senate committee on Local Legislation,LL1,,,,
SB51,Beasley,Regular Session 2019,04/03/2019,S,,Read for the second time and placed on the calendar,,,,,
SB51,Beasley,Regular Session 2019,04/04/2019,S,,Third Reading Passed,,,,,
SB51,Beasley,Regular Session 2019,04/04/2019,S,,Motion to Read a Third Time and Pass adopted Roll Call 141,,,,,Roll 141
SB51,Beasley,Regular Session 2019,04/04/2019,H,,Read for the first time and referred to the House of Representatives committee on Local Legislation,LL,,,,
SB51,Beasley,Regular Session 2019,04/09/2019,H,,Read for the second time and placed on the calendar,,,,,
SB51,Beasley,Regular Session 2019,,H,,Pending third reading on day 9 Favorable from Local Legislation,,,,,
SB52,Shelnutt,Regular Session 2019,03/05/2019,S,,Read for the first time and referred to the Senate committee on Banking and Insurance,B&I,,,,
SB52,Shelnutt,Regular Session 2019,03/20/2019,S,,Read for the second time and placed on the calendar,,0,14,,
SB52,Shelnutt,Regular Session 2019,04/02/2019,S,,Third Reading Passed,,,,,
SB52,Shelnutt,Regular Session 2019,04/02/2019,S,,Motion to Read a Third Time and Pass adopted Roll Call 89,,,,,Roll 89
SB52,Shelnutt,Regular Session 2019,04/02/2019,H,,Read for the first time and referred to the House of Representatives committee on Insurance,INS,,,,
SB52,Shelnutt,Regular Session 2019,04/11/2019,H,,Read for the second time and placed on the calendar,,,,,
SB52,Shelnutt,Regular Session 2019,04/23/2019,H,,Third Reading Passed,,,,,
SB52,Shelnutt,Regular Session 2019,04/23/2019,H,,Motion to Read a Third Time and Pass adopted Roll Call 335,,,,,Roll 335
SB52,Shelnutt,Regular Session 2019,04/23/2019,S,,Passed Second House,,,,,
SB52,Shelnutt,Regular Session 2019,04/25/2019,S,,Enrolled,,,,,
SB52,Shelnutt,Regular Session 2019,04/25/2019,H,,Signature Requested,,,,,
SB52,Shelnutt,Regular Session 2019,,S,,Assigned Act No. 2019-97.,,,,,
SB53,Ward,Regular Session 2019,03/05/2019,S,,Read for the first time and referred to the Senate committee on Fiscal Responsibility and Economic Development,FRED,,,,
SB54,Shelnutt,Regular Session 2019,03/05/2019,S,,Read for the first time and referred to the Senate committee on Banking and Insurance,B&I,,,,
SB54,Shelnutt,Regular Session 2019,03/20/2019,S,,Read for the second time and placed on the calendar  1 amendment,,0,14,,
SB54,Shelnutt,Regular Session 2019,04/02/2019,S,,Third Reading Passed,,,,,
SB54,Shelnutt,Regular Session 2019,04/02/2019,S,198004-2,Banking and Insurance  Amendment Offered,,,,,
SB54,Shelnutt,Regular Session 2019,04/02/2019,S,,Waggoner motion to Adopt adopted Roll Call 85,,,,,Roll 85
SB54,Shelnutt,Regular Session 2019,04/02/2019,S,198256-1,Waggoner  Amendment Offered,,,,,
SB54,Shelnutt,Regular Session 2019,04/02/2019,S,,Waggoner motion to Adopt adopted Roll Call 86,,,,,Roll 86
SB54,Shelnutt,Regular Session 2019,04/02/2019,S,,Motion to Read a Third Time and Pass adopted Roll Call 87,,,,,Roll 87
SB54,Shelnutt,Regular Session 2019,04/03/2019,S,,Engrossed,,,,,
SB54,Shelnutt,Regular Session 2019,04/03/2019,H,,Read for the first time and referred to the House of Representatives committee on Technology and Research,T&R,,,,
SB54,Shelnutt,Regular Session 2019,04/18/2019,H,,Read for the second time and placed on the calendar,,,,,
SB54,Shelnutt,Regular Session 2019,04/23/2019,H,,Third Reading Passed,,,,,
SB54,Shelnutt,Regular Session 2019,04/23/2019,H,,Motion to Read a Third Time and Pass adopted Roll Call 337,,,,,Roll 337
SB54,Shelnutt,Regular Session 2019,04/23/2019,S,,Passed Second House,,,,,
SB54,Shelnutt,Regular Session 2019,04/25/2019,S,,Enrolled,,,,,
SB54,Shelnutt,Regular Session 2019,04/25/2019,H,,Signature Requested,,,,,
SB54,Shelnutt,Regular Session 2019,,S,198004-2,Banking and Insurance first Amendment Offered,,,,,
SB54,Shelnutt,Regular Session 2019,,S,,Assigned Act No. 2019-98.,,,,,
SB55,Williams,Regular Session 2019,03/05/2019,S,,Read for the first time and referred to the Senate committee on Banking and Insurance,B&I,,,,
SB55,Williams,Regular Session 2019,04/16/2019,S,,Read for the second time and placed on the calendar,,0,13,,
SB55,Williams,Regular Session 2019,,S,,Pending third reading on day 11 Favorable from Banking and Insurance,,,,,
SB56,Livingston,Regular Session 2019,03/05/2019,S,,Read for the first time and referred to the Senate committee on Local Legislation,LL1,,,,
SB56,Livingston,Regular Session 2019,04/02/2019,S,,Read for the second time and placed on the calendar,,,,,
SB56,Livingston,Regular Session 2019,04/03/2019,S,,Third Reading Passed,,,,,
SB56,Livingston,Regular Session 2019,04/03/2019,S,198660-1,Livingston  Amendment Offered,,,,,
SB56,Livingston,Regular Session 2019,04/03/2019,S,,Livingston motion to Adopt adopted Roll Call 113,,,,,Roll 113
SB56,Livingston,Regular Session 2019,04/03/2019,S,,Motion to Read a Third Time and Pass adopted Roll Call 114,,,,,Roll 114
SB56,Livingston,Regular Session 2019,04/04/2019,S,,Engrossed,,,,,
SB56,Livingston,Regular Session 2019,04/04/2019,H,,Read for the first time and referred to the House of Representatives committee on Local Legislation,LL,,,,
SB56,Livingston,Regular Session 2019,04/09/2019,H,,Read for the second time and placed on the calendar,,,,,
SB56,Livingston,Regular Session 2019,,H,,Pending third reading on day 9 Favorable from Local Legislation,,,,,
SB57,Ward,Regular Session 2019,03/05/2019,S,,Read for the first time and referred to the Senate committee on Governmental Affairs,GA,,,,
SB57,Ward,Regular Session 2019,04/09/2019,S,,Read for the second time and placed on the calendar,,0,10,0,
SB57,Ward,Regular Session 2019,04/16/2019,S,,Third Reading Passed,,,,,
SB57,Ward,Regular Session 2019,04/16/2019,S,,Motion to Read a Third Time and Pass adopted Roll Call 264,,,,,Roll 264
SB57,Ward,Regular Session 2019,04/18/2019,H,,Read for the first time and referred to the House of Representatives committee on State Government,SG,,,,
SB57,Ward,Regular Session 2019,05/07/2019,H,,Read for the second time and placed on the calendar,,,,,
SB57,Ward,Regular Session 2019,,H,,Pending third reading on day 17 Favorable from State Government,,,,,
SB58,Livingston,Regular Session 2019,03/05/2019,S,,Read for the first time and referred to the Senate committee on Local Legislation,LL1,,,,
SB58,Livingston,Regular Session 2019,04/02/2019,S,,Read for the second time and placed on the calendar,,,,,
SB58,Livingston,Regular Session 2019,04/03/2019,S,,Third Reading Passed,,,,,
SB58,Livingston,Regular Session 2019,04/03/2019,S,,Motion to Read a Third Time and Pass adopted Roll Call 116,,,,,Roll 116
SB58,Livingston,Regular Session 2019,04/03/2019,H,,Read for the first time and referred to the House of Representatives committee on Local Legislation,LL,,,,
SB58,Livingston,Regular Session 2019,04/04/2019,H,,Read for the second time and placed on the calendar,,,,,
SB58,Livingston,Regular Session 2019,04/09/2019,H,,Third Reading Passed,,,,,
SB58,Livingston,Regular Session 2019,04/09/2019,H,,Motion to Read a Third Time and Pass adopted Roll Call 140,,,,,Roll 140
SB58,Livingston,Regular Session 2019,04/09/2019,S,,Passed Second House,,,,,
SB58,Livingston,Regular Session 2019,04/09/2019,S,,Enrolled,,,,,
SB58,Livingston,Regular Session 2019,04/09/2019,H,,Signature Requested,,,,,
SB58,Livingston,Regular Session 2019,,S,,Assigned Act No. 2019-34.,,,,,
SB59,Coleman-Madison,Regular Session 2019,03/05/2019,S,,Read for the first time and referred to the Senate committee on Healthcare,HLTH,,,,
SB59,Coleman-Madison,Regular Session 2019,03/20/2019,S,,Read for the second time and placed on the calendar  1 amendment,,1,10,,
SB59,Coleman-Madison,Regular Session 2019,03/21/2019,S,,Engrossed,,,,,
SB59,Coleman-Madison,Regular Session 2019,03/21/2019,S,,Third Reading Passed,,,,,
SB59,Coleman-Madison,Regular Session 2019,03/21/2019,S,197695-2,Healthcare  Amendment Offered,,,,,
SB59,Coleman-Madison,Regular Session 2019,03/21/2019,H,,Read for the first time and referred to the House of Representatives committee on Health,HLTH,,,,
SB59,Coleman-Madison,Regular Session 2019,05/02/2019,H,,Read for the second time and placed on the calendar,,,,,
SB59,Coleman-Madison,Regular Session 2019,03/21/2019,S,,Coleman-Madison motion to Adopt adopted Roll Call 36,,,,,Roll 36
SB59,Coleman-Madison,Regular Session 2019,03/21/2019,S,,Motion to Read a Third Time and Pass adopted Roll Call 37,,,,,Roll 37
SB59,Coleman-Madison,Regular Session 2019,,H,,Pending third reading on day 16 Favorable from Health,,,,,
SB60,Ward,Regular Session 2019,03/05/2019,S,,Read for the first time and referred to the Senate committee on Education Policy,ED,,,,
SB60,Ward,Regular Session 2019,03/20/2019,S,,Read for the second time and placed on the calendar  1 amendment,,0,9,,
SB60,Ward,Regular Session 2019,04/09/2019,S,,Third Reading Passed,,,,,
SB60,Ward,Regular Session 2019,04/09/2019,S,198079-2,Education Policy  Amendment Offered,,,,,
SB60,Ward,Regular Session 2019,04/09/2019,S,,Ward motion to Adopt adopted Roll Call 191,,,,,Roll 191
SB60,Ward,Regular Session 2019,04/09/2019,S,,Motion to Read a Third Time and Pass adopted Roll Call 192,,,,,Roll 192
SB60,Ward,Regular Session 2019,04/11/2019,S,,Engrossed,,,,,
SB60,Ward,Regular Session 2019,04/11/2019,H,,Read for the first time and referred to the House of Representatives committee on Public Safety and Homeland Security,PS&HS,,,,
SB60,Ward,Regular Session 2019,04/18/2019,H,,Read for the second time and placed on the calendar,,,,,
SB60,Ward,Regular Session 2019,,H,,Pending third reading on day 12 Favorable from Public Safety and Homeland Security,,,,,
SB61,Marsh,Regular Session 2019,03/05/2019,S,,Read for the first time and referred to the Senate committee on Judiciary,JUDY,,,,
SB62,Smitherman,Regular Session 2019,03/05/2019,S,,Read for the first time and referred to the Senate committee on Banking and Insurance,B&I,,,,
SB62,Smitherman,Regular Session 2019,03/20/2019,S,,Read for the second time and placed on the calendar,,0,14,,
SB62,Smitherman,Regular Session 2019,03/21/2019,S,,Third Reading Passed,,,,,
SB62,Smitherman,Regular Session 2019,03/21/2019,S,,Motion to Read a Third Time and Pass adopted Roll Call 44,,,,,Roll 44
SB62,Smitherman,Regular Session 2019,03/21/2019,H,,Read for the first time and referred to the House of Representatives committee on Insurance,INS,,,,
SB62,Smitherman,Regular Session 2019,04/03/2019,H,,Read for the second time and placed on the calendar,,,,,
SB62,Smitherman,Regular Session 2019,04/23/2019,H,,Third Reading Passed,,,,,
SB62,Smitherman,Regular Session 2019,04/23/2019,H,,Motion to Read a Third Time and Pass adopted Roll Call 339,,,,,Roll 339
SB62,Smitherman,Regular Session 2019,04/23/2019,S,,Passed Second House,,,,,
SB62,Smitherman,Regular Session 2019,04/25/2019,S,,Enrolled,,,,,
SB62,Smitherman,Regular Session 2019,04/25/2019,H,,Signature Requested,,,,,
SB62,Smitherman,Regular Session 2019,,S,,Assigned Act No. 2019-99.,,,,,
SB63,McClendon,Regular Session 2019,03/05/2019,S,,Read for the first time and referred to the Senate committee on Governmental Affairs,GA,,,,
SB63,McClendon,Regular Session 2019,04/02/2019,S,,Read for the second time and placed on the calendar,,0,11,0,
SB63,McClendon,Regular Session 2019,04/30/2019,S,,Third Reading Passed,,,,,
SB63,McClendon,Regular Session 2019,04/30/2019,S,,Motion to Read a Third Time and Pass adopted Roll Call 446,,,,,Roll 446
SB63,McClendon,Regular Session 2019,04/30/2019,H,,Read for the first time and referred to the House of Representatives committee on State Government,SG,,,,
SB64,Holley,Regular Session 2019,03/05/2019,S,,"Read for the first time and referred to the Senate committee on Agriculture, Conservation and Forestry",AC&F,,,,
SB65,Shelnutt,Regular Session 2019,03/05/2019,S,,Read for the first time and referred to the Senate committee on Governmental Affairs,GA,,,,
SB66,Williams,Regular Session 2019,03/05/2019,S,,"Read for the first time and referred to the Senate committee on Agriculture, Conservation and Forestry",AC&F,,,,
SB66,Williams,Regular Session 2019,03/19/2019,S,,"Acted on by Agriculture, Conservation and Forestry as Favorable with 1 amendment",,1,9,,
SB66,Williams,Regular Session 2019,03/20/2019,S,,Third Reading Carried Over,,,,,
SB66,Williams,Regular Session 2019,03/20/2019,S,197990-2,"Agriculture, Conservation and Forestry  Amendment Offered",,,,,
SB66,Williams,Regular Session 2019,03/20/2019,S,,Williams motion to Carry Over adopted Voice Vote,,,,,
SB66,Williams,Regular Session 2019,04/04/2019,S,,Third Reading Passed,,,,,
SB66,Williams,Regular Session 2019,04/04/2019,S,197990-2,"Agriculture, Conservation and Forestry  Amendment Offered",,,,,
SB66,Williams,Regular Session 2019,04/04/2019,S,,Williams motion to Adopt adopted Roll Call 158,,,,,Roll 158
SB66,Williams,Regular Session 2019,04/04/2019,S,198684-1,Chambliss  Amendment Offered,,,,,
SB66,Williams,Regular Session 2019,04/04/2019,S,,Chambliss motion to Adopt lost Roll Call 159,,,,,Roll 159
SB66,Williams,Regular Session 2019,04/04/2019,S,,Motion to Read a Third Time and Pass adopted Roll Call 160,,,,,Roll 160
SB66,Williams,Regular Session 2019,04/04/2019,S,,Engrossed,,,,,
SB66,Williams,Regular Session 2019,04/04/2019,H,,Read for the first time and referred to the House of Representatives committee on Agriculture and Forestry,A&F,,,,
SB66,Williams,Regular Session 2019,04/18/2019,H,,Read for the second time and placed on the calendar,,,,,
SB66,Williams,Regular Session 2019,04/25/2019,H,,Third Reading Passed,,,,,
SB66,Williams,Regular Session 2019,04/25/2019,H,,Motion to Read a Third Time and Pass adopted Roll Call 381,,,,,Roll 381
SB66,Williams,Regular Session 2019,04/25/2019,H,,"Wingo intended to vote ""Nay""",,,,,
SB66,Williams,Regular Session 2019,04/25/2019,S,,Passed Second House,,,,,
SB66,Williams,Regular Session 2019,04/30/2019,S,,Enrolled,,,,,
SB66,Williams,Regular Session 2019,04/30/2019,H,,Signature Requested,,,,,
SB66,Williams,Regular Session 2019,,S,197990-2,,,,,,
SB66,Williams,Regular Session 2019,,S,,Assigned Act No. 2019-103.,,,,,
SB67,Livingston,Regular Session 2019,03/05/2019,S,,Read for the first time and referred to the Senate committee on Local Legislation,LL1,,,,
SB67,Livingston,Regular Session 2019,04/02/2019,S,,Read for the second time and placed on the calendar,,,,,
SB67,Livingston,Regular Session 2019,04/03/2019,S,,Third Reading Passed,,,,,
SB67,Livingston,Regular Session 2019,04/03/2019,S,,Motion to Read a Third Time and Pass adopted Roll Call 118,,,,,Roll 118
SB67,Livingston,Regular Session 2019,04/03/2019,H,,Read for the first time and referred to the House of Representatives committee on Local Legislation,LL,,,,
SB67,Livingston,Regular Session 2019,04/04/2019,H,,Read for the second time and placed on the calendar,,,,,
SB67,Livingston,Regular Session 2019,04/09/2019,H,,Third Reading Passed,,,,,
SB67,Livingston,Regular Session 2019,04/09/2019,H,,Motion to Read a Third Time and Pass adopted Roll Call 142,,,,,Roll 142
SB67,Livingston,Regular Session 2019,04/09/2019,S,,Passed Second House,,,,,
SB67,Livingston,Regular Session 2019,04/09/2019,S,,Enrolled,,,,,
SB67,Livingston,Regular Session 2019,04/09/2019,H,,Signature Requested,,,,,
SB67,Livingston,Regular Session 2019,,S,,Assigned Act No. 2019-25.,,,,,
SB68,Singleton,Regular Session 2019,03/05/2019,S,,Read for the first time and referred to the Senate committee on Local Legislation,LL1,,,,
SB68,Singleton,Regular Session 2019,04/02/2019,S,,Read for the second time and placed on the calendar,,,,,
SB68,Singleton,Regular Session 2019,04/03/2019,S,,Third Reading Passed,,,,,
SB68,Singleton,Regular Session 2019,04/03/2019,S,,Motion to Read a Third Time and Pass adopted Roll Call 111,,,,,Roll 111
SB68,Singleton,Regular Session 2019,04/03/2019,H,,Read for the first time and referred to the House of Representatives committee on Local Legislation,LL,,,,
SB68,Singleton,Regular Session 2019,04/04/2019,H,,Read for the second time and placed on the calendar,,,,,
SB68,Singleton,Regular Session 2019,04/09/2019,H,,Third Reading Passed,,,,,
SB68,Singleton,Regular Session 2019,04/09/2019,H,,Motion to Read a Third Time and Pass adopted Roll Call 144,,,,,Roll 144
SB68,Singleton,Regular Session 2019,04/09/2019,S,,Passed Second House,,,,,
SB68,Singleton,Regular Session 2019,04/09/2019,S,,Enrolled,,,,,
SB68,Singleton,Regular Session 2019,04/09/2019,H,,Signature Requested,,,,,
SB68,Singleton,Regular Session 2019,,S,,Assigned Act No. 2019-26.,,,,,
SB69,Albritton,Regular Session 2019,03/05/2019,S,,Read for the first time and referred to the Senate committee on Judiciary,JUDY,,,,
SB69,Albritton,Regular Session 2019,03/20/2019,S,,Read for the second time and placed on the calendar,,0,8,0,
SB69,Albritton,Regular Session 2019,03/21/2019,S,,Third Reading Passed,,,,,
SB69,Albritton,Regular Session 2019,03/21/2019,S,,Motion to Read a Third Time and Pass adopted Roll Call 29,,,,,Roll 29
SB69,Albritton,Regular Session 2019,03/21/2019,H,,Read for the first time and referred to the House of Representatives committee on Judiciary,JUDY,,,,
SB69,Albritton,Regular Session 2019,04/11/2019,H,,Read for the second time and placed on the calendar,,,,,
SB69,Albritton,Regular Session 2019,,H,,Pending third reading on day 10 Favorable from Judiciary,,,,,
SB70,Albritton,Regular Session 2019,03/05/2019,S,,Read for the first time and referred to the Senate committee on Judiciary,JUDY,,,,
SB70,Albritton,Regular Session 2019,03/20/2019,S,,Read for the second time and placed on the calendar,,0,8,0,
SB70,Albritton,Regular Session 2019,04/02/2019,S,,Third Reading Carried Over to Call of the Chair,,,,,
SB70,Albritton,Regular Session 2019,04/02/2019,S,,Motion to Carry Over to the Call of the Chair adopted Voice Vote,,,,,
SB70,Albritton,Regular Session 2019,,S,,Further Consideration,,,,,
SB71,Orr,Regular Session 2019,03/05/2019,S,,Read for the first time and referred to the Senate committee on Governmental Affairs,GA,,,,
SB71,Orr,Regular Session 2019,04/02/2019,S,,Read for the second time and placed on the calendar,,1,9,1,
SB71,Orr,Regular Session 2019,,S,,Pending third reading on day 6 Favorable from Governmental Affairs,,,,,
SB72,Orr,Regular Session 2019,03/05/2019,S,,Read for the first time and referred to the Senate committee on Finance and Taxation General Fund,F&TG,,,,
SB72,Orr,Regular Session 2019,04/03/2019,S,,Read for the second time and placed on the calendar  1 amendment,,0,10,0,
SB72,Orr,Regular Session 2019,05/02/2019,S,,Third Reading Passed,,,,,
SB72,Orr,Regular Session 2019,05/02/2019,S,198405-2,Finance and Taxation General Fund  Amendment Offered,,,,,
SB72,Orr,Regular Session 2019,05/02/2019,S,,Orr motion to Adopt adopted Roll Call 564,,,,,Roll 564
SB72,Orr,Regular Session 2019,05/02/2019,S,,Motion to Read a Third Time and Pass adopted Roll Call 565,,,,,Roll 565
SB72,Orr,Regular Session 2019,05/02/2019,S,,Engrossed,,,,,
SB72,Orr,Regular Session 2019,05/02/2019,H,,Read for the first time and referred to the House of Representatives committee on Ways and Means General Fund,W&MGF,,,,
SB72,Orr,Regular Session 2019,05/08/2019,H,,Read for the second time and placed on the calendar,,,,,
SB72,Orr,Regular Session 2019,,H,,Pending third reading on day 18 Favorable from Ways and Means General Fund,,,,,
SB73,Orr,Regular Session 2019,03/05/2019,S,,Read for the first time and referred to the Senate committee on Healthcare,HLTH,,,,
SB73,Orr,Regular Session 2019,05/08/2019,S,,Read for the second time and placed on the calendar  with 1 substitute and 1 amendment,,0,11,0,
SB73,Orr,Regular Session 2019,,S,200173-4,Healthcare first Substitute Offered,,,,,
SB73,Orr,Regular Session 2019,,S,200891-1,Healthcare first Amendment Offered,,,,,
SB73,Orr,Regular Session 2019,,S,,Pending third reading on day 18 Favorable from Healthcare with 1 substitute and 1 amendment,,,,,
SB74,Orr,Regular Session 2019,03/05/2019,S,,Read for the first time and referred to the Senate committee on Governmental Affairs,GA,,,,
SB74,Orr,Regular Session 2019,03/19/2019,S,,Read for the second time and placed on the calendar  1 amendment,,0,9,1,
SB74,Orr,Regular Session 2019,04/02/2019,S,,Third Reading Passed,,,,,
SB74,Orr,Regular Session 2019,04/02/2019,S,197851-2,Governmental Affairs  Amendment Offered,,,,,
SB74,Orr,Regular Session 2019,04/02/2019,S,,Orr motion to Adopt adopted Roll Call 72,,,,,Roll 72
SB74,Orr,Regular Session 2019,04/02/2019,S,,Motion to Read a Third Time and Pass adopted Roll Call 73,,,,,Roll 73
SB74,Orr,Regular Session 2019,04/03/2019,S,,Engrossed,,,,,
SB74,Orr,Regular Session 2019,04/03/2019,H,,Read for the first time and referred to the House of Representatives committee on State Government,SG,,,,
SB74,Orr,Regular Session 2019,04/11/2019,H,,Read for the second time and placed on the calendar,,,,,
SB74,Orr,Regular Session 2019,04/25/2019,H,,Third Reading Passed,,,,,
SB74,Orr,Regular Session 2019,04/25/2019,H,,Motion to Read a Third Time and Pass adopted Roll Call 369,,,,,Roll 369
SB74,Orr,Regular Session 2019,04/25/2019,S,,Passed Second House,,,,,
SB74,Orr,Regular Session 2019,04/30/2019,S,,Enrolled,,,,,
SB74,Orr,Regular Session 2019,04/30/2019,H,,Signature Requested,,,,,
SB74,Orr,Regular Session 2019,,S,,Assigned Act No. 2019-104.,,,,,
SB75,Orr,Regular Session 2019,03/05/2019,S,,Read for the first time and referred to the Senate committee on Banking and Insurance,B&I,,,,
SB76,Orr,Regular Session 2019,03/05/2019,S,,Read for the first time and referred to the Senate committee on Governmental Affairs,GA,,,,
SB76,Orr,Regular Session 2019,03/19/2019,S,,Read for the second time and placed on the calendar,,1,9,,
SB76,Orr,Regular Session 2019,04/03/2019,S,,Third Reading Carried Over to Call of the Chair,,,,,
SB76,Orr,Regular Session 2019,04/03/2019,S,198529-2,Orr  Amendment Offered,,,,,
SB76,Orr,Regular Session 2019,04/03/2019,S,,Orr motion to Adopt adopted Roll Call 133,,,,,Roll 133
SB76,Orr,Regular Session 2019,04/03/2019,S,,Orr motion to Carry Over to the Call of the Chair adopted Voice Vote,,,,,
SB76,Orr,Regular Session 2019,04/16/2019,S,,Third Reading Passed,,,,,
SB76,Orr,Regular Session 2019,04/16/2019,S,199410-1,Orr  Amendment Offered,,,,,
SB76,Orr,Regular Session 2019,04/16/2019,S,,Orr motion to Adopt adopted Roll Call 275,,,,,Roll 275
SB76,Orr,Regular Session 2019,04/16/2019,S,,Motion to Read a Third Time and Pass adopted Roll Call 276,,,,,Roll 276
SB76,Orr,Regular Session 2019,04/18/2019,S,,Engrossed,,,,,
SB76,Orr,Regular Session 2019,04/18/2019,H,,Read for the first time and referred to the House of Representatives committee on Ways and Means General Fund,W&MGF,,,,
SB77,Orr,Regular Session 2019,03/05/2019,S,,Read for the first time and referred to the Senate committee on Fiscal Responsibility and Economic Development,FRED,,,,
SB78,Orr,Regular Session 2019,03/05/2019,S,,Read for the first time and referred to the Senate committee on Finance and Taxation Education,F&TE,,,,
SB78,Orr,Regular Session 2019,04/03/2019,S,,Read for the second time and placed on the calendar,,0,12,0,
SB78,Orr,Regular Session 2019,04/09/2019,S,,Third Reading Passed,,,,,
SB78,Orr,Regular Session 2019,04/09/2019,S,198590-1,Whatley  Amendment Offered,,,,,
SB78,Orr,Regular Session 2019,04/09/2019,S,,Whatley motion to Adopt adopted Roll Call 188,,,,,Roll 188
SB78,Orr,Regular Session 2019,04/09/2019,S,,Motion to Read a Third Time and Pass adopted Roll Call 189,,,,,Roll 189
SB78,Orr,Regular Session 2019,04/11/2019,S,,Engrossed,,,,,
SB78,Orr,Regular Session 2019,04/11/2019,H,,Read for the first time and referred to the House of Representatives committee on Ways and Means Education,W&ME,,,,
SB79,Holley,Regular Session 2019,03/05/2019,S,,Read for the first time and referred to the Senate committee on Governmental Affairs,GA,,,,
SB79,Holley,Regular Session 2019,03/19/2019,S,,Read for the second time and placed on the calendar with 1 substitute and,,0,10,,
SB79,Holley,Regular Session 2019,03/20/2019,S,,Third Reading Passed,,,,,
SB79,Holley,Regular Session 2019,03/20/2019,S,197997-2,Governmental Affairs first Substitute Offered,,,,,
SB79,Holley,Regular Session 2019,03/20/2019,S,,Holley motion to Carry Over adopted Voice Vote,,,,,
SB79,Holley,Regular Session 2019,03/20/2019,S,,Holley motion to Adopt adopted Roll Call 23,,,,,Roll 23
SB79,Holley,Regular Session 2019,03/20/2019,S,,Motion to Read a Third Time and Pass adopted Roll Call 24,,,,,Roll 24
SB79,Holley,Regular Session 2019,03/21/2019,S,,Engrossed,,,,,
SB79,Holley,Regular Session 2019,03/21/2019,H,,Read for the first time and referred to the House of Representatives committee on State Government,SG,,,,
SB79,Holley,Regular Session 2019,04/03/2019,H,,Rereferred from SG to BA&C,BA&C,,,,
SB79,Holley,Regular Session 2019,04/11/2019,H,,Read for the second time and placed on the calendar,,,,,
SB79,Holley,Regular Session 2019,04/25/2019,H,,Third Reading Passed,,,,,
SB79,Holley,Regular Session 2019,04/25/2019,H,,Motion to Read a Third Time and Pass adopted Roll Call 396,,,,,Roll 396
SB79,Holley,Regular Session 2019,04/25/2019,S,,Passed Second House,,,,,
SB79,Holley,Regular Session 2019,04/30/2019,S,,Enrolled,,,,,
SB79,Holley,Regular Session 2019,04/30/2019,H,,Signature Requested,,,,,
SB79,Holley,Regular Session 2019,,S,,Assigned Act No. 2019-105.,,,,,
SB80,Orr,Regular Session 2019,03/05/2019,S,,Read for the first time and referred to the Senate committee on Governmental Affairs,GA,,,,
SB80,Orr,Regular Session 2019,03/19/2019,S,,Read for the second time and placed on the calendar,,0,10,,
SB80,Orr,Regular Session 2019,04/02/2019,S,,Third Reading Passed,,,,,
SB80,Orr,Regular Session 2019,04/02/2019,S,,Motion to Read a Third Time and Pass adopted Roll Call 77,,,,,Roll 77
SB80,Orr,Regular Session 2019,04/02/2019,H,,Read for the first time and referred to the House of Representatives committee on State Government,SG,,,,
SB80,Orr,Regular Session 2019,04/11/2019,H,,Read for the second time and placed on the calendar,,,,,
SB80,Orr,Regular Session 2019,04/18/2019,H,,Third Reading Passed,,,,,
SB80,Orr,Regular Session 2019,04/18/2019,H,,Motion to Read a Third Time and Pass adopted Roll Call 276,,,,,Roll 276
SB80,Orr,Regular Session 2019,04/18/2019,H,,"Chestnut intended to vote ""Yea""",,,,,
SB80,Orr,Regular Session 2019,04/18/2019,S,,Passed Second House,,,,,
SB80,Orr,Regular Session 2019,04/23/2019,S,,Enrolled,,,,,
SB80,Orr,Regular Session 2019,04/23/2019,H,,Signature Requested,,,,,
SB80,Orr,Regular Session 2019,,S,,Assigned Act No. 2019-82.,,,,,
SB81,Elliott,Regular Session 2019,03/05/2019,S,,Read for the first time and referred to the Senate committee on Judiciary,JUDY,,,,
SB82,Chambliss,Regular Session 2019,03/19/2019,S,,Read for the first time and referred to the Senate committee on Governmental Affairs,GA,,,,
SB82,Chambliss,Regular Session 2019,04/16/2019,S,,Reported from Governmental Affairs as Favorable,,0,11,0,
SB82,Chambliss,Regular Session 2019,,S,,Pending third reading on day 11 Favorable from Governmental Affairs,,,,,
SB83,Melson,Regular Session 2019,03/19/2019,S,,Read for the first time and referred to the Senate committee on Education Policy,ED,,,,
SB83,Melson,Regular Session 2019,03/20/2019,S,,Read for the second time and placed on the calendar,,0,10,,
SB83,Melson,Regular Session 2019,04/16/2019,S,,Third Reading Passed,,,,,
SB83,Melson,Regular Session 2019,04/16/2019,S,199301-1,Melson  Amendment Offered,,,,,
SB83,Melson,Regular Session 2019,04/16/2019,S,,Melson motion to Adopt adopted Roll Call 261,,,,,Roll 261
SB83,Melson,Regular Session 2019,04/16/2019,S,,Motion to Read a Third Time and Pass adopted Roll Call 262,,,,,Roll 262
SB83,Melson,Regular Session 2019,04/18/2019,S,,Engrossed,,,,,
SB83,Melson,Regular Session 2019,04/18/2019,H,,Read for the first time and referred to the House of Representatives committee on Education Policy,EP,,,,
SB84,Melson,Regular Session 2019,03/19/2019,S,,Read for the first time and referred to the Senate committee on Education Policy,ED,,,,
SB84,Melson,Regular Session 2019,03/20/2019,S,,Read for the second time and placed on the calendar,,0,10,,
SB84,Melson,Regular Session 2019,03/21/2019,S,,Third Reading Passed,,,,,
SB84,Melson,Regular Session 2019,03/21/2019,S,,Motion to Read a Third Time and Pass adopted Roll Call 31,,,,,Roll 31
SB84,Melson,Regular Session 2019,03/21/2019,H,,Read for the first time and referred to the House of Representatives committee on Education Policy,EP,,,,
SB84,Melson,Regular Session 2019,04/11/2019,H,,Reported from Education Policy as Favorable,,,,,
SB84,Melson,Regular Session 2019,,H,,Pending third reading on day 10 Favorable from Education Policy,,,,,
SB85,Albritton,Regular Session 2019,03/19/2019,S,,Read for the first time and referred to the Senate committee on Finance and Taxation General Fund,F&TG,,,,
SB86,Albritton,Regular Session 2019,03/19/2019,S,,Read for the first time and referred to the Senate committee on Finance and Taxation General Fund,F&TG,,,,
SB87,Albritton,Regular Session 2019,03/19/2019,S,,Read for the first time and referred to the Senate committee on Finance and Taxation General Fund,F&TG,,,,
SB88,Stutts,Regular Session 2019,03/19/2019,S,,Read for the first time and referred to the Senate committee on Healthcare,HLTH,,,,
SB89,Scofield,Regular Session 2019,03/19/2019,S,,Read for the first time and referred to the Senate committee on Finance and Taxation General Fund,F&TG,,,,
SB89,Scofield,Regular Session 2019,04/03/2019,S,,Read for the second time and placed on the calendar with 1 substitute and,,0,13,0,
SB89,Scofield,Regular Session 2019,04/18/2019,S,,Third Reading Carried Over,,,,,
SB89,Scofield,Regular Session 2019,04/18/2019,S,198465-2,Finance and Taxation General Fund first Substitute Offered,,,,,
SB89,Scofield,Regular Session 2019,04/18/2019,S,,Scofield motion to Carry Over adopted Voice Vote,,,,,
SB89,Scofield,Regular Session 2019,,S,,Further Consideration,,,,,
SB90,Scofield,Regular Session 2019,03/19/2019,S,,Read for the first time and referred to the Senate committee on Fiscal Responsibility and Economic Development,FRED,,,,
SB90,Scofield,Regular Session 2019,05/02/2019,S,,Read for the second time and placed on the calendar with 1 substitute and,,0,10,,
SB90,Scofield,Regular Session 2019,05/08/2019,S,,Third Reading Passed,,,,,
SB90,Scofield,Regular Session 2019,05/08/2019,S,200132-2,Fiscal Responsibility and Economic Development first Substitute Offered,,,,,
SB90,Scofield,Regular Session 2019,05/08/2019,S,,Scofield motion to Adopt adopted Roll Call 662,,,,,Roll 662
SB90,Scofield,Regular Session 2019,05/08/2019,S,,Motion to Read a Third Time and Pass adopted Roll Call 663,,,,,Roll 663
SB90,Scofield,Regular Session 2019,,,,,,,,,
SB90,Scofield,Regular Session 2019,,S,,Engrossed,,,,,
SB91,Livingston,Regular Session 2019,03/19/2019,S,,Read for the first time and referred to the Senate committee on Healthcare,HLTH,,,,
SB91,Livingston,Regular Session 2019,04/03/2019,S,,Read for the second time and placed on the calendar  1 amendment,,0,8,0,
SB91,Livingston,Regular Session 2019,04/09/2019,S,,Third Reading Passed,,,,,
SB91,Livingston,Regular Session 2019,04/09/2019,S,198297-2,Healthcare  Amendment Offered,,,,,
SB91,Livingston,Regular Session 2019,04/09/2019,S,,Livingston motion to Adopt adopted Roll Call 179,,,,,Roll 179
SB91,Livingston,Regular Session 2019,04/09/2019,S,,Motion to Read a Third Time and Pass adopted Roll Call 180,,,,,Roll 180
SB91,Livingston,Regular Session 2019,04/09/2019,H,,"Read for the first time and referred to the House of Representatives committee on Boards, Agencies and Commissions",BA&C,,,,
SB91,Livingston,Regular Session 2019,04/09/2019,S,,Engrossed,,,,,
SB92,Chambliss,Regular Session 2019,03/19/2019,S,,Read for the first time and referred to the Senate committee on Governmental Affairs,GA,,,,
SB92,Chambliss,Regular Session 2019,04/23/2019,S,,Read for the second time and placed on the calendar,,0,11,0,
SB92,Chambliss,Regular Session 2019,05/02/2019,S,,Third Reading Passed,,,,,
SB92,Chambliss,Regular Session 2019,05/02/2019,S,,Motion to Read a Third Time and Pass adopted Roll Call 567,,,,,Roll 567
SB92,Chambliss,Regular Session 2019,05/02/2019,H,,Read for the first time and referred to the House of Representatives committee on State Government,SG,,,,
SB93,Beasley,Regular Session 2019,03/19/2019,S,,Read for the first time and referred to the Senate committee on Local Legislation,LL1,,,,
SB93,Beasley,Regular Session 2019,04/03/2019,S,,Read for the second time and placed on the calendar,,,,,
SB93,Beasley,Regular Session 2019,04/04/2019,S,,Third Reading Passed,,,,,
SB93,Beasley,Regular Session 2019,04/04/2019,S,,Motion to Read a Third Time and Pass adopted Roll Call 149,,,,,Roll 149
SB93,Beasley,Regular Session 2019,04/04/2019,H,,Read for the first time and referred to the House of Representatives committee on Local Legislation,LL,,,,
SB93,Beasley,Regular Session 2019,04/09/2019,H,,Read for the second time and placed on the calendar,,,,,
SB93,Beasley,Regular Session 2019,,H,,Pending third reading on day 9 Favorable from Local Legislation,,,,,
SB94,Singleton,Regular Session 2019,03/19/2019,S,,Read for the first time and referred to the Senate committee on Finance and Taxation General Fund,F&TG,,,,
SB95,Jones,Regular Session 2019,03/19/2019,S,,Read for the first time and referred to the Senate committee on Judiciary,JUDY,,,,
SB96,Whatley,Regular Session 2019,03/19/2019,S,,Read for the first time and referred to the Senate committee on Governmental Affairs,GA,,,,
SB97,Sessions,Regular Session 2019,03/19/2019,S,,"Read for the first time and referred to the Senate committee on Agriculture, Conservation and Forestry",AC&F,,,,
SB97,Sessions,Regular Session 2019,04/03/2019,S,,Read for the second time and placed on the calendar,,0,12,,
SB97,Sessions,Regular Session 2019,04/09/2019,S,,Third Reading Passed,,,,,
SB97,Sessions,Regular Session 2019,04/09/2019,S,,Motion to Read a Third Time and Pass adopted Roll Call 198,,,,,Roll 198
SB97,Sessions,Regular Session 2019,04/11/2019,H,,Read for the first time and referred to the House of Representatives committee on Agriculture and Forestry,A&F,,,,
SB97,Sessions,Regular Session 2019,05/02/2019,H,,Read for the second time and placed on the calendar,,,,,
SB97,Sessions,Regular Session 2019,,H,,Pending third reading on day 16 Favorable from Agriculture and Forestry,,,,,
SB98,Singleton,Regular Session 2019,03/19/2019,S,,Read for the first time and referred to the Senate committee on Judiciary,JUDY,,,,
SB98,Singleton,Regular Session 2019,04/18/2019,S,,Read for the second time and placed on the calendar with 1 substitute and,,0,11,0,
SB98,Singleton,Regular Session 2019,,S,,Pending third reading on day 12 Favorable from Judiciary with 1 substitute,,,,,
SB98,Singleton,Regular Session 2019,,S,199433-2,Judiciary first Substitute Offered,,,,,
SB99,Albritton,Regular Session 2019,03/19/2019,S,,Read for the first time and referred to the Senate committee on Finance and Taxation General Fund,F&TG,,,,
SB100,Beasley,Regular Session 2019,03/19/2019,S,,Read for the first time and referred to the Senate committee on Healthcare,HLTH,,,,
SB101,Whatley,Regular Session 2019,03/19/2019,S,,Read for the first time and referred to the Senate committee on Veterans and Military Affairs,V&MA,,,,
SB101,Whatley,Regular Session 2019,04/16/2019,S,,Read for the second time and placed on the calendar  1 amendment,,0,6,0,
SB101,Whatley,Regular Session 2019,,S,,Pending third reading on day 11 Favorable from Veterans and Military Affairs with 1 amendment,,,,,
SB101,Whatley,Regular Session 2019,,S,198987-4,Veterans and Military Affairs first Amendment Offered,,,,,
SB102,Whatley,Regular Session 2019,03/19/2019,S,,"Read for the first time and referred to the Senate committee on Agriculture, Conservation and Forestry",AC&F,,,,
SB102,Whatley,Regular Session 2019,04/03/2019,S,,Read for the second time and placed on the calendar,,0,12,,
SB102,Whatley,Regular Session 2019,04/09/2019,S,,Third Reading Passed,,,,,
SB102,Whatley,Regular Session 2019,04/09/2019,S,,Motion to Read a Third Time and Pass adopted Roll Call 200,,,,,Roll 200
SB102,Whatley,Regular Session 2019,04/11/2019,H,,Read for the first time and referred to the House of Representatives committee on Agriculture and Forestry,A&F,,,,
SB102,Whatley,Regular Session 2019,05/02/2019,H,,Read for the second time and placed on the calendar,,,,,
SB102,Whatley,Regular Session 2019,,H,,Pending third reading on day 16 Favorable from Agriculture and Forestry,,,,,
SB103,Whatley,Regular Session 2019,03/19/2019,S,,"Read for the first time and referred to the Senate committee on Agriculture, Conservation and Forestry",AC&F,,,,
SB104,Singleton,Regular Session 2019,03/19/2019,S,,Read for the first time and referred to the Senate committee on Governmental Affairs,GA,,,,
SB105,Reed,Regular Session 2019,03/19/2019,S,,Read for the first time and referred to the Senate committee on Healthcare,HLTH,,,,
SB105,Reed,Regular Session 2019,04/03/2019,S,,Read for the second time and placed on the calendar,,0,9,0,
SB105,Reed,Regular Session 2019,04/09/2019,S,,Third Reading Passed,,,,,
SB105,Reed,Regular Session 2019,04/09/2019,S,,Motion to Read a Third Time and Pass adopted Roll Call 177,,,,,Roll 177
SB105,Reed,Regular Session 2019,04/09/2019,H,,"Read for the first time and referred to the House of Representatives committee on Boards, Agencies and Commissions",BA&C,,,,
SB105,Reed,Regular Session 2019,04/18/2019,H,,Read for the second time and placed on the calendar,,,,,
SB105,Reed,Regular Session 2019,,H,,"Pending third reading on day 12 Favorable from Boards, Agencies and Commissions",,,,,
SB106,Jones,Regular Session 2019,03/19/2019,S,,Read for the first time and referred to the Senate committee on Banking and Insurance,B&I,,,,
SB106,Jones,Regular Session 2019,04/16/2019,S,,Read for the second time and placed on the calendar,,0,13,,
SB106,Jones,Regular Session 2019,04/18/2019,S,,Third Reading Passed,,,,,
SB106,Jones,Regular Session 2019,04/18/2019,S,199008-3,Jones  Amendment Offered,,,,,
SB106,Jones,Regular Session 2019,04/18/2019,S,,Jones motion to Adopt adopted Roll Call 340,,,,,Roll 340
SB106,Jones,Regular Session 2019,04/18/2019,S,,Motion to Read a Third Time and Pass adopted Roll Call 341,,,,,Roll 341
SB106,Jones,Regular Session 2019,04/23/2019,S,,Engrossed,,,,,
SB106,Jones,Regular Session 2019,04/23/2019,H,,Read for the first time and referred to the House of Representatives committee on Financial Services,FS,,,,
SB106,Jones,Regular Session 2019,05/08/2019,H,,Read for the second time and placed on the calendar,,,,,
SB106,Jones,Regular Session 2019,,H,,Pending third reading on day 18 Favorable from Financial Services,,,,,
SB107,Butler,Regular Session 2019,03/19/2019,S,,Read for the first time and referred to the Senate committee on Healthcare,HLTH,,,,
SB108,Butler,Regular Session 2019,03/19/2019,S,,Read for the first time and referred to the Senate committee on Healthcare,HLTH,,,,
SB108,Butler,Regular Session 2019,04/16/2019,S,,Read for the second time and placed on the calendar,,0,10,0,
SB108,Butler,Regular Session 2019,04/30/2019,S,,Third Reading Passed,,,,,
SB108,Butler,Regular Session 2019,04/30/2019,S,,Motion to Read a Third Time and Pass adopted Roll Call 442,,,,,Roll 442
SB108,Butler,Regular Session 2019,04/30/2019,H,,"Read for the first time and referred to the House of Representatives committee on Boards, Agencies and Commissions",BA&C,,,,
SB109,Ward,Regular Session 2019,03/19/2019,S,,Read for the first time and referred to the Senate committee on Governmental Affairs,GA,,,,
SB109,Ward,Regular Session 2019,05/07/2019,S,,Read for the second time and placed on the calendar,,0,8,0,
SB109,Ward,Regular Session 2019,,S,,Pending third reading on day 17 Favorable from Governmental Affairs,,,,,
SB110,Ward,Regular Session 2019,03/19/2019,S,,Read for the first time and referred to the Senate committee on Fiscal Responsibility and Economic Development,FRED,,,,
SB110,Ward,Regular Session 2019,04/18/2019,S,,Read for the second time and placed on the calendar  1 amendment,,0,9,,
SB110,Ward,Regular Session 2019,04/23/2019,S,,Third Reading Passed,,,,,
SB110,Ward,Regular Session 2019,04/23/2019,S,199445-3,Fiscal Responsibility and Economic Development  Amendment Offered,,,,,
SB110,Ward,Regular Session 2019,04/23/2019,S,,Ward motion to Adopt adopted Roll Call 369,,,,,Roll 369
SB110,Ward,Regular Session 2019,04/23/2019,S,,Motion to Read a Third Time and Pass adopted Roll Call 370,,,,,Roll 370
SB110,Ward,Regular Session 2019,04/25/2019,S,,Engrossed,,,,,
SB110,Ward,Regular Session 2019,04/25/2019,H,,Read for the first time and referred to the House of Representatives committee on State Government,SG,,,,
SB110,Ward,Regular Session 2019,05/07/2019,H,,Read for the second time and placed on the calendar with 1 substitute and,,,,,
SB110,Ward,Regular Session 2019,,H,,Pending third reading on day 17 Favorable from State Government with 1 substitute,,,,,
SB110,Ward,Regular Session 2019,,H,200324-3,State Government first Substitute Offered,,,,,
SB110,Ward,Regular Session 2019,,S,199445-3,Fiscal Responsibility and Economic Development first Amendment Offered,,,,,
SB111,Ward,Regular Session 2019,03/19/2019,S,,Read for the first time and referred to the Senate committee on Judiciary,JUDY,,,,
SB112,Figures,Regular Session 2019,03/19/2019,S,,Read for the first time and referred to the Senate committee on Mobile County Legislation,LLMO,,,,
SB112,Figures,Regular Session 2019,04/16/2019,S,,Read for the second time and placed on the calendar,,0,3,,
SB112,Figures,Regular Session 2019,04/18/2019,S,,Third Reading Passed,,,,,
SB112,Figures,Regular Session 2019,04/18/2019,S,,Motion to Read a Third Time and Pass adopted Roll Call 310,,,,,Roll 310
SB112,Figures,Regular Session 2019,04/18/2019,H,,Read for the first time and referred to the House of Representatives committee on Mobile County Legislation,MOBCL,,,,
SB112,Figures,Regular Session 2019,05/02/2019,H,,Read for the second time and placed on the calendar,,,,,
SB112,Figures,Regular Session 2019,,H,,Pending third reading on day 16 Favorable from Mobile County Legislation,,,,,
SB113,Ward,Regular Session 2019,03/19/2019,S,,Read for the first time and referred to the Senate committee on Judiciary,JUDY,,,,
SB113,Ward,Regular Session 2019,04/25/2019,S,,Read for the second time and placed on the calendar  1 amendment,,0,6,0,
SB113,Ward,Regular Session 2019,,S,,Pending third reading on day 14 Favorable from Judiciary with 1 amendment,,,,,
SB113,Ward,Regular Session 2019,,S,199887-1,Judiciary first Amendment Offered,,,,,
SB114,Whatley,Regular Session 2019,03/19/2019,S,,Read for the first time and referred to the Senate committee on Healthcare,HLTH,,,,
SB115,McClendon,Regular Session 2019,03/19/2019,S,,Read for the first time and referred to the Senate committee on Healthcare,HLTH,,,,
SB116,McClendon,Regular Session 2019,03/19/2019,S,,Read for the first time and referred to the Senate committee on Tourism,TM,,,,
SB117,Ward,Regular Session 2019,03/19/2019,S,,Read for the first time and referred to the Senate committee on Judiciary,JUDY,,,,
SB117,Ward,Regular Session 2019,04/25/2019,S,,Read for the second time and placed on the calendar,,0,9,0,
SB117,Ward,Regular Session 2019,,S,,Pending third reading on day 14 Favorable from Judiciary,,,,,
SB118,Williams,Regular Session 2019,03/19/2019,S,,Read for the first time and referred to the Senate committee on Banking and Insurance,B&I,,,,
SB118,Williams,Regular Session 2019,04/16/2019,S,,Read for the second time and placed on the calendar  1 amendment,,0,13,,
SB118,Williams,Regular Session 2019,,S,,Pending third reading on day 11 Favorable from Banking and Insurance with 1 amendment,,,,,
SB118,Williams,Regular Session 2019,,S,198259-2,Banking and Insurance first Amendment Offered,,,,,
SB119,Marsh,Regular Session 2019,03/19/2019,S,,Read for the first time and referred to the Senate committee on Education Policy,ED,,,,
SB119,Marsh,Regular Session 2019,03/20/2019,S,,Read for the second time and placed on the calendar,,0,10,,
SB119,Marsh,Regular Session 2019,03/21/2019,S,,Third Reading Passed,,,,,
SB119,Marsh,Regular Session 2019,03/21/2019,S,198218-1,Gudger  Amendment Offered,,,,,
SB119,Marsh,Regular Session 2019,03/21/2019,S,,Gudger motion to Adopt adopted Roll Call 55,,,,,Roll 55
SB119,Marsh,Regular Session 2019,03/21/2019,S,,Rules Committee Petition to Cease Debate adopted Roll Call 56,,,,,Roll 56
SB119,Marsh,Regular Session 2019,03/21/2019,S,,Motion to Read a Third Time and Pass adopted Roll Call 57,,,,,Roll 57
SB119,Marsh,Regular Session 2019,03/21/2019,S,,Engrossed,,,,,
SB119,Marsh,Regular Session 2019,03/21/2019,H,,Read for the first time and referred to the House of Representatives committee on Education Policy,EP,,,,
SB120,Chambliss,Regular Session 2019,03/19/2019,S,,Read for the first time and referred to the Senate committee on Governmental Affairs,GA,,,,
SB120,Chambliss,Regular Session 2019,04/16/2019,S,,Reported from Governmental Affairs as Favorable,,1,10,0,
SB120,Chambliss,Regular Session 2019,,S,,Pending third reading on day 11 Favorable from Governmental Affairs,,,,,
SB121,Albritton,Regular Session 2019,03/19/2019,S,,Read for the first time and referred to the Senate committee on Finance and Taxation General Fund,F&TG,,,,
SB122,Waggoner,Regular Session 2019,03/19/2019,S,,Read for the first time and referred to the Senate committee on Governmental Affairs,GA,,,,
SB122,Waggoner,Regular Session 2019,04/02/2019,S,,Read for the second time and placed on the calendar,,0,10,0,
SB122,Waggoner,Regular Session 2019,04/03/2019,S,,Third Reading Passed,,,,,
SB122,Waggoner,Regular Session 2019,04/03/2019,S,198666-1,Waggoner  Amendment Offered,,,,,
SB122,Waggoner,Regular Session 2019,04/03/2019,S,,Waggoner motion to Adopt adopted Roll Call 128,,,,,Roll 128
SB122,Waggoner,Regular Session 2019,04/03/2019,S,,Motion to Read a Third Time and Pass adopted Roll Call 129,,,,,Roll 129
SB122,Waggoner,Regular Session 2019,04/04/2019,S,,Engrossed,,,,,
SB122,Waggoner,Regular Session 2019,04/04/2019,H,,Read for the first time and referred to the House of Representatives committee on Ways and Means Education,W&ME,,,,
SB123,Melson,Regular Session 2019,03/19/2019,S,,Read for the first time and referred to the Senate committee on Governmental Affairs,GA,,,,
SB123,Melson,Regular Session 2019,04/02/2019,S,,Read for the second time and placed on the calendar,,0,10,0,
SB123,Melson,Regular Session 2019,04/03/2019,S,,Third Reading Passed,,,,,
SB123,Melson,Regular Session 2019,04/03/2019,S,,Motion to Read a Third Time and Pass adopted Roll Call 135,,,,,Roll 135
SB123,Melson,Regular Session 2019,04/03/2019,H,,Read for the first time and referred to the House of Representatives committee on State Government,SG,,,,
SB123,Melson,Regular Session 2019,04/18/2019,H,,Read for the second time and placed on the calendar  1 amendment,,,,,
SB123,Melson,Regular Session 2019,05/02/2019,H,,Third Reading Passed,,,,,
SB123,Melson,Regular Session 2019,05/02/2019,H,199447-2,State Government  Amendment Offered,,,,,
SB123,Melson,Regular Session 2019,05/07/2019,H,,Concurred in Second House Amendment,,,,,
SB123,Melson,Regular Session 2019,05/02/2019,H,,Allen motion to Table adopted Roll Call 490,,,,,Roll 490
SB123,Melson,Regular Session 2019,05/08/2019,S,,Enrolled,,,,,
SB123,Melson,Regular Session 2019,05/02/2019,H,199629-1,Allen  Amendment Offered,,,,,
SB123,Melson,Regular Session 2019,05/08/2019,H,,Signature Requested,,,,,
SB123,Melson,Regular Session 2019,05/02/2019,H,,Motion to Adopt adopted Roll Call 491,,,,,Roll 491
SB123,Melson,Regular Session 2019,05/02/2019,H,,Motion to Read a Third Time and Pass adopted Roll Call 492,,,,,Roll 492
SB123,Melson,Regular Session 2019,05/07/2019,S,,Concurrence Requested,,,,,
SB123,Melson,Regular Session 2019,05/07/2019,S,,Marsh motion to Concur In and Adopt adopted Roll Call 647,,,,,Roll 647
SB123,Melson,Regular Session 2019,,S,,"Delivered to Governor at 3:06 p.m. on May 8, 2019",,,,,
SB124,Waggoner,Regular Session 2019,03/19/2019,S,,Read for the first time and referred to the Senate committee on Governmental Affairs,GA,,,,
SB124,Waggoner,Regular Session 2019,04/16/2019,S,,Reported from Governmental Affairs as Favorable with 1 amendment,,0,11,0,
SB124,Waggoner,Regular Session 2019,04/30/2019,S,,Third Reading Passed,,,,,
SB124,Waggoner,Regular Session 2019,04/30/2019,S,199308-2,Governmental Affairs  Amendment Offered,,,,,
SB124,Waggoner,Regular Session 2019,04/30/2019,S,,Waggoner motion to Adopt adopted Roll Call 435,,,,,Roll 435
SB124,Waggoner,Regular Session 2019,04/30/2019,S,,Motion to Read a Third Time and Pass adopted Roll Call 436,,,,,Roll 436
SB124,Waggoner,Regular Session 2019,04/30/2019,S,,Engrossed,,,,,
SB124,Waggoner,Regular Session 2019,04/30/2019,H,,Read for the first time and referred to the House of Representatives committee on Ways and Means Education,W&ME,,,,
SB125,Ward,Regular Session 2019,03/19/2019,S,,"Read for the first time and referred to the Senate committee on Children, Youth and Human Services",CY&HS,,,,
SB126,Chambliss,Regular Session 2019,03/19/2019,S,,Read for the first time and referred to the Senate committee on Finance and Taxation General Fund,F&TG,,,,
SB126,Chambliss,Regular Session 2019,04/03/2019,S,,Read for the second time and placed on the calendar,,0,12,1,
SB126,Chambliss,Regular Session 2019,04/23/2019,S,,Third Reading Passed,,,,,
SB126,Chambliss,Regular Session 2019,04/23/2019,S,,Motion to Read a Third Time and Pass adopted Roll Call 355,,,,,Roll 355
SB126,Chambliss,Regular Session 2019,04/23/2019,S,,Marsh motion to Reconsider adopted Voice Vote,,,,,
SB126,Chambliss,Regular Session 2019,04/23/2019,S,199633-1,Chambliss first Substitute Offered,,,,,
SB126,Chambliss,Regular Session 2019,04/23/2019,S,,Chambliss motion to Adopt adopted Roll Call 356,,,,,Roll 356
SB126,Chambliss,Regular Session 2019,04/23/2019,S,,Motion to Read a Third Time and Pass adopted Roll Call 357,,,,,Roll 357
SB126,Chambliss,Regular Session 2019,04/25/2019,S,,Engrossed,,,,,
SB126,Chambliss,Regular Session 2019,04/25/2019,H,,Read for the first time and referred to the House of Representatives committee on Ways and Means General Fund,W&MGF,,,,
SB126,Chambliss,Regular Session 2019,,,,,,,,,
SB127,Shelnutt,Regular Session 2019,03/19/2019,S,,Read for the first time and referred to the Senate committee on Fiscal Responsibility and Economic Development,FRED,,,,
SB127,Shelnutt,Regular Session 2019,04/03/2019,S,,Read for the second time and placed on the calendar with 1 substitute and,,0,9,,
SB127,Shelnutt,Regular Session 2019,,S,,Pending third reading on day 7 Favorable from Fiscal Responsibility and Economic Development with 1 substitute,,,,,
SB127,Shelnutt,Regular Session 2019,,S,198404-2,Fiscal Responsibility and Economic Development first Substitute Offered,,,,,
SB128,Elliott,Regular Session 2019,03/19/2019,S,,Read for the first time and referred to the Senate committee on Governmental Affairs,GA,,,,
SB128,Elliott,Regular Session 2019,04/09/2019,S,,Read for the second time and placed on the calendar with 1 substitute and,,0,10,0,
SB128,Elliott,Regular Session 2019,04/16/2019,S,,Third Reading Carried Over to Call of the Chair,,,,,
SB128,Elliott,Regular Session 2019,04/16/2019,S,198907-2,Governmental Affairs first Substitute Offered,,,,,
SB128,Elliott,Regular Session 2019,04/16/2019,S,,Elliott motion to Adopt adopted Roll Call 268,,,,,Roll 268
SB128,Elliott,Regular Session 2019,04/16/2019,S,,Elliott motion to Carry Over to the Call of the Chair adopted Voice Vote,,,,,
SB128,Elliott,Regular Session 2019,05/07/2019,S,,Third Reading Passed,,,,,
SB128,Elliott,Regular Session 2019,05/07/2019,S,,Motion to Read a Third Time and Pass adopted Roll Call 638,,,,,Roll 638
SB128,Elliott,Regular Session 2019,05/08/2019,S,,Engrossed,,,,,
SB128,Elliott,Regular Session 2019,05/08/2019,H,,Read for the first time,,,,,
SB129,Elliott,Regular Session 2019,03/19/2019,S,,Read for the first time and referred to the Senate committee on Governmental Affairs,GA,,,,
SB129,Elliott,Regular Session 2019,04/16/2019,S,,Reported from Governmental Affairs as Favorable with 1 amendment,,1,9,1,
SB129,Elliott,Regular Session 2019,05/08/2019,S,,Third Reading Carried Over to Call of the Chair,,,,,
SB129,Elliott,Regular Session 2019,05/08/2019,S,198433-4,Governmental Affairs  Amendment Offered,,,,,
SB129,Elliott,Regular Session 2019,05/08/2019,S,,Elliott motion to Table adopted Voice Vote,,,,,
SB129,Elliott,Regular Session 2019,05/08/2019,S,200588-3,Elliott first Substitute Offered,,,,,
SB129,Elliott,Regular Session 2019,05/08/2019,S,,Elliott motion to Adopt adopted Roll Call 670,,,,,Roll 670
SB129,Elliott,Regular Session 2019,05/08/2019,S,200910-1,Givhan  Amendment Offered,,,,,
SB129,Elliott,Regular Session 2019,05/08/2019,S,,Givhan motion to Adopt adopted Roll Call 671,,,,,Roll 671
SB129,Elliott,Regular Session 2019,05/08/2019,S,,Elliott motion to Carry Over to the Call of the Chair adopted Voice Vote,,,,,
SB129,Elliott,Regular Session 2019,,S,,Further Consideration,,,,,
SB130,McClendon,Regular Session 2019,03/19/2019,S,,Read for the first time and referred to the Senate committee on Tourism,TM,,,,
SB131,Whatley,Regular Session 2019,03/19/2019,S,,Read for the first time and referred to the Senate committee on Veterans and Military Affairs,V&MA,,,,
SB131,Whatley,Regular Session 2019,04/16/2019,S,,Read for the second time and placed on the calendar,,0,6,0,
SB131,Whatley,Regular Session 2019,,S,,Pending third reading on day 11 Favorable from Veterans and Military Affairs,,,,,
SB132,Whatley,Regular Session 2019,03/19/2019,S,,Read for the first time and referred to the Senate committee on Veterans and Military Affairs,V&MA,,,,
SB133,Whatley,Regular Session 2019,03/19/2019,S,,Read for the first time and referred to the Senate committee on Judiciary,JUDY,,,,
SB133,Whatley,Regular Session 2019,04/18/2019,S,,Read for the second time and placed on the calendar,,0,6,0,
SB133,Whatley,Regular Session 2019,,S,,Pending third reading on day 12 Favorable from Judiciary,,,,,
SB134,Whatley,Regular Session 2019,03/19/2019,S,,Read for the first time and referred to the Senate committee on Local Legislation,LL1,,,,
SB134,Whatley,Regular Session 2019,04/02/2019,S,,Read for the second time and placed on the calendar,,,,,
SB134,Whatley,Regular Session 2019,04/03/2019,S,,Third Reading Passed,,,,,
SB134,Whatley,Regular Session 2019,04/03/2019,S,,Motion to Read a Third Time and Pass adopted Roll Call 120,,,,,Roll 120
SB134,Whatley,Regular Session 2019,04/03/2019,H,,Read for the first time and referred to the House of Representatives committee on Lee County Legislation,LCL,,,,
SB134,Whatley,Regular Session 2019,04/18/2019,H,,Read for the second time and placed on the calendar,,,,,
SB134,Whatley,Regular Session 2019,,H,,Pending third reading on day 12 Favorable from Lee County Legislation,,,,,
SB135,Whatley,Regular Session 2019,03/19/2019,S,,Read for the first time and referred to the Senate committee on Judiciary,JUDY,,,,
SB135,Whatley,Regular Session 2019,04/25/2019,S,,Read for the second time and placed on the calendar,,0,11,0,
SB135,Whatley,Regular Session 2019,,S,,Pending third reading on day 14 Favorable from Judiciary,,,,,
SB136,Whatley,Regular Session 2019,03/19/2019,S,,Read for the first time and referred to the Senate committee on Veterans and Military Affairs,V&MA,,,,
SB136,Whatley,Regular Session 2019,04/16/2019,S,,Read for the second time and placed on the calendar,,0,6,0,
SB136,Whatley,Regular Session 2019,,S,,Pending third reading on day 11 Favorable from Veterans and Military Affairs,,,,,
SB137,Whatley,Regular Session 2019,03/19/2019,S,,Read for the first time and referred to the Senate committee on Judiciary,JUDY,,,,
SB138,Holley,Regular Session 2019,03/19/2019,S,,Read for the first time and referred to the Senate committee on Governmental Affairs,GA,,,,
SB138,Holley,Regular Session 2019,04/02/2019,S,,Read for the second time and placed on the calendar,,0,10,0,
SB138,Holley,Regular Session 2019,04/03/2019,S,,Third Reading Passed,,,,,
SB138,Holley,Regular Session 2019,04/03/2019,S,198623-2,Price  Amendment Offered,,,,,
SB138,Holley,Regular Session 2019,04/03/2019,S,,Price motion to Adopt adopted Roll Call 125,,,,,Roll 125
SB138,Holley,Regular Session 2019,04/03/2019,S,,Motion to Read a Third Time and Pass adopted Roll Call 126,,,,,Roll 126
SB138,Holley,Regular Session 2019,04/04/2019,S,,Engrossed,,,,,
SB138,Holley,Regular Session 2019,04/04/2019,H,,Read for the first time and referred to the House of Representatives committee on State Government,SG,,,,
SB138,Holley,Regular Session 2019,04/11/2019,H,,Read for the second time and placed on the calendar,,,,0,
SB138,Holley,Regular Session 2019,04/16/2019,H,,Third Reading Passed,,,,,
SB138,Holley,Regular Session 2019,04/16/2019,H,,Motion to Read a Third Time and Pass adopted Roll Call 188,,,,,Roll 188
SB138,Holley,Regular Session 2019,04/16/2019,S,,Passed Second House,,,,,
SB138,Holley,Regular Session 2019,04/16/2019,S,,Enrolled,,,,,
SB138,Holley,Regular Session 2019,04/16/2019,H,,Signature Requested,,,,,
SB138,Holley,Regular Session 2019,,S,,Assigned Act No. 2019-70.,,,,,
SB139,Beasley,Regular Session 2019,03/19/2019,S,,Read for the first time and referred to the Senate committee on Fiscal Responsibility and Economic Development,FRED,,,,
SB139,Beasley,Regular Session 2019,04/03/2019,S,,Read for the second time and placed on the calendar,,0,9,,
SB139,Beasley,Regular Session 2019,04/16/2019,S,,Third Reading Passed,,,,,
SB139,Beasley,Regular Session 2019,04/16/2019,S,,Motion to Read a Third Time and Pass adopted Roll Call 266,,,,,Roll 266
SB139,Beasley,Regular Session 2019,04/18/2019,H,,Read for the first time and referred to the House of Representatives committee on State Government,SG,,,,
SB140,Whatley,Regular Session 2019,03/19/2019,S,,Read for the first time and referred to the Senate committee on Judiciary,JUDY,,,,
SB140,Whatley,Regular Session 2019,04/03/2019,S,,Read for the second time and placed on the calendar,,0,11,0,
SB140,Whatley,Regular Session 2019,04/16/2019,S,,Third Reading Passed,,,,,
SB140,Whatley,Regular Session 2019,04/16/2019,S,,Motion to Read a Third Time and Pass adopted Roll Call 272,,,,,Roll 272
SB140,Whatley,Regular Session 2019,04/18/2019,H,,Read for the first time and referred to the House of Representatives committee on Education Policy,EP,,,,
SB140,Whatley,Regular Session 2019,05/02/2019,H,,Read for the second time and placed on the calendar  1 amendment,,,,,
SB140,Whatley,Regular Session 2019,,H,,Pending third reading on day 16 Favorable from Education Policy with 1 amendment,,,,,
SB140,Whatley,Regular Session 2019,,H,200220-2,Education Policy first Amendment Offered,,,,,
SB141,Waggoner,Regular Session 2019,03/19/2019,S,,Read for the first time and referred to the Senate committee on Finance and Taxation General Fund,F&TG,,,,
SB141,Waggoner,Regular Session 2019,04/03/2019,S,,Read for the second time and placed on the calendar  1 amendment,,0,13,0,
SB141,Waggoner,Regular Session 2019,04/04/2019,S,,Third Reading Passed,,,,,
SB141,Waggoner,Regular Session 2019,04/04/2019,S,198570-2,Finance and Taxation General Fund  Amendment Offered,,,,,
SB141,Waggoner,Regular Session 2019,04/04/2019,S,,Waggoner motion to Adopt adopted Roll Call 162,,,,,Roll 162
SB141,Waggoner,Regular Session 2019,04/04/2019,S,,Motion to Read a Third Time and Pass adopted Roll Call 163,,,,,Roll 163
SB141,Waggoner,Regular Session 2019,04/04/2019,S,,Engrossed,,,,,
SB141,Waggoner,Regular Session 2019,04/04/2019,H,,Read for the first time and referred to the House of Representatives committee on Ways and Means Education,W&ME,,,,
SB142,Waggoner,Regular Session 2019,03/19/2019,S,,Read for the first time and referred to the Senate committee on Finance and Taxation General Fund,F&TG,,,,
SB142,Waggoner,Regular Session 2019,04/03/2019,S,,Read for the second time and placed on the calendar  1 amendment,,0,13,0,
SB142,Waggoner,Regular Session 2019,04/16/2019,S,,Third Reading Passed,,,,,
SB142,Waggoner,Regular Session 2019,04/16/2019,S,198571-2,Finance and Taxation General Fund  Amendment Offered,,,,,
SB142,Waggoner,Regular Session 2019,04/16/2019,S,,Waggoner motion to Adopt adopted Roll Call 258,,,,,Roll 258
SB142,Waggoner,Regular Session 2019,04/16/2019,S,,Motion to Read a Third Time and Pass adopted Roll Call 259,,,,,Roll 259
SB142,Waggoner,Regular Session 2019,04/18/2019,S,,Engrossed,,,,,
SB142,Waggoner,Regular Session 2019,04/18/2019,H,,Read for the first time and referred to the House of Representatives committee on Ways and Means Education,W&ME,,,,
SB143,Roberts,Regular Session 2019,03/19/2019,S,,Read for the first time and referred to the Senate committee on Governmental Affairs,GA,,,,
SB143,Roberts,Regular Session 2019,04/02/2019,S,,Read for the second time and placed on the calendar,,0,9,0,
SB143,Roberts,Regular Session 2019,,S,,Pending third reading on day 6 Favorable from Governmental Affairs,,,,,
SB144,Gudger,Regular Session 2019,03/19/2019,S,,Read for the first time and referred to the Senate committee on Education Policy,ED,,,,
SB144,Gudger,Regular Session 2019,04/03/2019,S,,Read for the second time and placed on the calendar,,0,9,,
SB144,Gudger,Regular Session 2019,04/09/2019,S,,Third Reading Passed,,,,,
SB144,Gudger,Regular Session 2019,04/09/2019,S,,Motion to Read a Third Time and Pass adopted Roll Call 194,,,,,Roll 194
SB144,Gudger,Regular Session 2019,04/11/2019,H,,"Read for the first time and referred to the House of Representatives committee on Boards, Agencies and Commissions",BA&C,,,,
SB144,Gudger,Regular Session 2019,04/18/2019,H,,Read for the second time and placed on the calendar,,,,,
SB144,Gudger,Regular Session 2019,04/30/2019,H,,Third Reading Passed,,,,,
SB144,Gudger,Regular Session 2019,04/30/2019,H,,Motion to Read a Third Time and Pass adopted Roll Call 453,,,,,Roll 453
SB144,Gudger,Regular Session 2019,05/02/2019,S,,Passed Second House,,,,,
SB144,Gudger,Regular Session 2019,05/02/2019,H,,Signature Requested,,,,,
SB144,Gudger,Regular Session 2019,05/02/2019,S,,Enrolled,,,,,
SB144,Gudger,Regular Session 2019,,S,,"Forwarded to Governor on May 2, 2019 at 11:15 a.m. on May 2, 2019",,,,,
SB145,Waggoner,Regular Session 2019,03/20/2019,S,,Read for the first time and referred to the Senate committee on Finance and Taxation General Fund,F&TG,,,,
SB145,Waggoner,Regular Session 2019,04/03/2019,S,,Read for the second time and placed on the calendar  1 amendment,,0,13,0,
SB145,Waggoner,Regular Session 2019,04/04/2019,S,,Third Reading Passed,,,,,
SB145,Waggoner,Regular Session 2019,04/04/2019,S,198572-2,Finance and Taxation General Fund  Amendment Offered,,,,,
SB145,Waggoner,Regular Session 2019,04/04/2019,S,,Waggoner motion to Adopt adopted Roll Call 167,,,,,Roll 167
SB145,Waggoner,Regular Session 2019,04/04/2019,S,,Motion to Read a Third Time and Pass adopted Roll Call 168,,,,,Roll 168
SB145,Waggoner,Regular Session 2019,04/04/2019,S,,Engrossed,,,,,
SB145,Waggoner,Regular Session 2019,04/04/2019,H,,Read for the first time and referred to the House of Representatives committee on Ways and Means Education,W&ME,,,,
SB146,Waggoner,Regular Session 2019,03/20/2019,S,,Read for the first time and referred to the Senate committee on Jefferson County Legislation,LLJ,,,,
SB146,Waggoner,Regular Session 2019,04/16/2019,S,,Read for the second time and placed on the calendar,,0,5,0,
SB146,Waggoner,Regular Session 2019,04/18/2019,S,,Third Reading Passed,,,,,
SB146,Waggoner,Regular Session 2019,04/18/2019,S,,Motion to Read a Third Time and Pass adopted Roll Call 304,,,,,Roll 304
SB146,Waggoner,Regular Session 2019,04/18/2019,H,,Read for the first time and referred to the House of Representatives committee on Jefferson County Legislation,JCL,,,,
SB146,Waggoner,Regular Session 2019,04/25/2019,H,,Read for the second time and placed on the calendar,,,,,
SB146,Waggoner,Regular Session 2019,,H,,Pending third reading on day 14 Favorable from Jefferson County Legislation,,,,,
SB147,Waggoner,Regular Session 2019,03/20/2019,S,,Read for the first time and referred to the Senate committee on Fiscal Responsibility and Economic Development,FRED,,,,
SB147,Waggoner,Regular Session 2019,04/03/2019,S,,Read for the second time and placed on the calendar,,0,9,,
SB147,Waggoner,Regular Session 2019,04/09/2019,S,,Third Reading Carried Over to Call of the Chair,,,,,
SB147,Waggoner,Regular Session 2019,04/09/2019,S,198741-1,Waggoner  Amendment Offered,,,,,
SB147,Waggoner,Regular Session 2019,04/09/2019,S,,Waggoner motion to Adopt adopted Roll Call 184,,,,,Roll 184
SB147,Waggoner,Regular Session 2019,04/09/2019,S,198943-1,Elliott  Amendment Offered,,,,,
SB147,Waggoner,Regular Session 2019,04/09/2019,S,,Elliott motion to Adopt adopted Roll Call 185,,,,,Roll 185
SB147,Waggoner,Regular Session 2019,04/09/2019,S,198615-2,Orr  Amendment Offered,,,,,
SB147,Waggoner,Regular Session 2019,04/09/2019,S,,Waggoner motion to Table lost Roll Call 186,,,,,Roll 186
SB147,Waggoner,Regular Session 2019,04/09/2019,S,,Waggoner motion to Carry Over to the Call of the Chair adopted Voice Vote,,,,,
SB147,Waggoner,Regular Session 2019,04/16/2019,S,,Third Reading Passed,,,,,
SB147,Waggoner,Regular Session 2019,04/16/2019,S,198615-2,Orr  Amendment Offered,,,,,
SB147,Waggoner,Regular Session 2019,04/16/2019,S,,Orr motion to Table adopted Voice Vote,,,,,
SB147,Waggoner,Regular Session 2019,04/16/2019,S,199376-1,Orr  Amendment Offered,,,,,
SB147,Waggoner,Regular Session 2019,04/16/2019,S,,Orr motion to Adopt adopted Roll Call 273,,,,,Roll 273
SB147,Waggoner,Regular Session 2019,04/16/2019,S,,Motion to Read a Third Time and Pass adopted Roll Call 274,,,,,Roll 274
SB147,Waggoner,Regular Session 2019,04/18/2019,S,,Engrossed,,,,,
SB147,Waggoner,Regular Session 2019,04/18/2019,H,,Read for the first time and referred to the House of Representatives committee on State Government,SG,,,,
SB147,Waggoner,Regular Session 2019,04/25/2019,H,,Read for the second time and placed on the calendar,,,,,
SB147,Waggoner,Regular Session 2019,05/02/2019,H,,Third Reading Passed,,,,,
SB147,Waggoner,Regular Session 2019,05/02/2019,H,,Motion to Read a Third Time and Pass adopted Roll Call 462,,,,,Roll 462
SB147,Waggoner,Regular Session 2019,05/02/2019,S,,Passed Second House,,,,,
SB147,Waggoner,Regular Session 2019,05/02/2019,H,,Signature Requested,,,,,
SB147,Waggoner,Regular Session 2019,05/02/2019,S,,Enrolled,,,,,
SB147,Waggoner,Regular Session 2019,,S,,"Delivered to Governor at 12:39 p.m. on May 2, 2019",,,,,
SB148,Waggoner,Regular Session 2019,03/20/2019,S,,Read for the first time and referred to the Senate committee on Judiciary,JUDY,,,,
SB149,Shelnutt,Regular Session 2019,03/20/2019,S,,Read for the first time and referred to the Senate committee on Education Policy,ED,,,,
SB150,Allen,Regular Session 2019,03/20/2019,S,,Read for the first time and referred to the Senate committee on Healthcare,HLTH,,,,
SB151,Melson,Regular Session 2019,03/20/2019,S,,Read for the first time and referred to the Senate committee on Healthcare,HLTH,,,,
SB152,Beasley,Regular Session 2019,03/20/2019,S,,Read for the first time and referred to the Senate committee on Governmental Affairs,GA,,,,
SB152,Beasley,Regular Session 2019,04/02/2019,S,,Read for the second time and placed on the calendar,,0,9,0,
SB152,Beasley,Regular Session 2019,04/03/2019,S,,Third Reading Carried Over to Call of the Chair,,,,,
SB152,Beasley,Regular Session 2019,04/03/2019,S,,Beasley motion to Carry Over to the Call of the Chair adopted Voice Vote,,,,,
SB152,Beasley,Regular Session 2019,,S,,Further Consideration,,,,,
SB153,Melson,Regular Session 2019,03/20/2019,S,,Read for the first time and referred to the Senate committee on Governmental Affairs,GA,,,,
SB153,Melson,Regular Session 2019,04/16/2019,S,,Reported from Governmental Affairs as Favorable,,0,11,0,
SB153,Melson,Regular Session 2019,04/30/2019,S,,Third Reading Passed,,,,,
SB153,Melson,Regular Session 2019,04/30/2019,S,,Motion to Read a Third Time and Pass adopted Roll Call 438,,,,,Roll 438
SB153,Melson,Regular Session 2019,04/30/2019,H,,Read for the first time and referred to the House of Representatives committee on Ways and Means General Fund,W&MGF,,,,
SB153,Melson,Regular Session 2019,05/08/2019,H,,Read for the second time and placed on the calendar  1 amendment,,,,,
SB153,Melson,Regular Session 2019,,H,,Pending third reading on day 18 Favorable from Ways and Means General Fund with 1 amendment,,,,,
SB153,Melson,Regular Session 2019,,H,200848-1,Ways and Means General Fund first Amendment Offered,,,,,
SB154,Elliott,Regular Session 2019,03/20/2019,S,,Read for the first time and referred to the Senate committee on Transportation and Energy,T&E,,,,
SB154,Elliott,Regular Session 2019,05/02/2019,S,,Read for the second time and placed on the calendar with 1 substitute and,,0,9,,
SB154,Elliott,Regular Session 2019,,S,,Pending third reading on day 16 Favorable from Transportation and Energy with 1 substitute,,,,,
SB154,Elliott,Regular Session 2019,,S,200127-2,Transportation and Energy first Substitute Offered,,,,,
SB155,Ward,Regular Session 2019,03/20/2019,S,,Read for the first time and referred to the Senate committee on Judiciary,JUDY,,,,
SB156,McClendon,Regular Session 2019,03/20/2019,S,,Read for the first time and referred to the Senate committee on Healthcare,HLTH,,,,
SB157,Chambliss,Regular Session 2019,03/20/2019,S,,Read for the first time and referred to the Senate committee on Governmental Affairs,GA,,,,
SB157,Chambliss,Regular Session 2019,04/16/2019,S,,Reported from Governmental Affairs as Favorable with 1 amendment,,0,11,0,
SB157,Chambliss,Regular Session 2019,,S,198688-2,Governmental Affairs first Amendment Offered,,,,,
SB157,Chambliss,Regular Session 2019,,S,,Pending third reading on day 11 Favorable from Governmental Affairs with 1 amendment,,,,,
SB158,Whatley,Regular Session 2019,03/20/2019,S,,Read for the first time and referred to the Senate committee on Finance and Taxation Education,F&TE,,,,
SB159,Chesteen,Regular Session 2019,03/20/2019,S,,Read for the first time and referred to the Senate committee on Finance and Taxation Education,F&TE,,,,
SB160,Elliott,Regular Session 2019,03/20/2019,S,,Read for the first time and referred to the Senate committee on Fiscal Responsibility and Economic Development,FRED,,,,
SB161,Waggoner,Regular Session 2019,03/21/2019,S,,Read for the first time and referred to the Senate committee on Governmental Affairs,GA,,,,
SB161,Waggoner,Regular Session 2019,04/09/2019,S,,Read for the second time and placed on the calendar,,0,11,0,
SB161,Waggoner,Regular Session 2019,04/18/2019,S,,Third Reading Passed,,,,,
SB161,Waggoner,Regular Session 2019,04/18/2019,S,,Motion to Read a Third Time and Pass adopted Roll Call 321,,,,,Roll 321
SB161,Waggoner,Regular Session 2019,04/18/2019,H,,"Read for the first time and referred to the House of Representatives committee on Boards, Agencies and Commissions",BA&C,,,,
SB161,Waggoner,Regular Session 2019,04/25/2019,H,,Read for the second time and placed on the calendar,,,,,
SB161,Waggoner,Regular Session 2019,,H,,"Pending third reading on day 14 Favorable from Boards, Agencies and Commissions",,,,,
SB162,Figures,Regular Session 2019,03/21/2019,S,,Read for the first time and referred to the Senate committee on Governmental Affairs,GA,,,,
SB162,Figures,Regular Session 2019,04/09/2019,S,,Read for the second time and placed on the calendar,,0,9,0,
SB162,Figures,Regular Session 2019,04/16/2019,S,,Third Reading Passed,,,,,
SB162,Figures,Regular Session 2019,04/16/2019,S,,Motion to Read a Third Time and Pass adopted Roll Call 270,,,,,Roll 270
SB162,Figures,Regular Session 2019,04/18/2019,H,,Read for the first time and referred to the House of Representatives committee on State Government,SG,,,,
SB162,Figures,Regular Session 2019,05/02/2019,H,,Read for the second time and placed on the calendar  1 amendment,,,,,
SB162,Figures,Regular Session 2019,,H,,Pending third reading on day 16 Favorable from State Government with 1 amendment,,,,,
SB162,Figures,Regular Session 2019,,H,200393-2,State Government first Amendment Offered,,,,,
SB163,Ward,Regular Session 2019,03/21/2019,S,,Read for the first time and referred to the Senate committee on Judiciary,JUDY,,,,
SB163,Ward,Regular Session 2019,04/03/2019,S,,Read for the second time and placed on the calendar,,0,10,0,
SB163,Ward,Regular Session 2019,04/04/2019,S,,Third Reading Passed,,,,,
SB163,Ward,Regular Session 2019,04/04/2019,S,,Motion to Read a Third Time and Pass adopted Roll Call 157,,,,,Roll 157
SB163,Ward,Regular Session 2019,04/04/2019,H,,Read for the first time and referred to the House of Representatives committee on Judiciary,JUDY,,,,
SB163,Ward,Regular Session 2019,04/18/2019,H,,Read for the second time and placed on the calendar  1 amendment,,,,,
SB163,Ward,Regular Session 2019,,H,,Pending third reading on day 12 Favorable from Judiciary with 1 amendment,,,,,
SB163,Ward,Regular Session 2019,,H,199429-2,Judiciary first Amendment Offered,,,,,
SB164,,Regular Session 2019,03/21/2019,S,,Read for the first time and referred to the Senate committee on Judiciary,JUDY,,,,
SB165,Whatley,Regular Session 2019,03/21/2019,S,,Read for the first time and referred to the Senate committee on Healthcare,HLTH,,,,
SB166,Ward,Regular Session 2019,03/21/2019,S,,Read for the first time and referred to the Senate committee on Governmental Affairs,GA,,,,
SB167,Price,Regular Session 2019,03/21/2019,S,,"Read for the first time and referred to the Senate committee on Agriculture, Conservation and Forestry",AC&F,,,,
SB167,Price,Regular Session 2019,04/03/2019,S,,Read for the second time and placed on the calendar,,0,12,,
SB167,Price,Regular Session 2019,05/02/2019,S,,Third Reading Carried Over to Call of the Chair,,,,,
SB167,Price,Regular Session 2019,05/02/2019,S,,Price motion to Carry Over to the Call of the Chair adopted Voice Vote,,,,,
SB167,Price,Regular Session 2019,05/02/2019,S,,Third Reading Passed,,,,,
SB167,Price,Regular Session 2019,05/02/2019,S,200524-1,Price  Amendment Offered,,,,,
SB167,Price,Regular Session 2019,05/02/2019,S,,Price motion to Adopt adopted Roll Call 579,,,,,Roll 579
SB167,Price,Regular Session 2019,05/02/2019,S,,Motion to Read a Third Time and Pass adopted Roll Call 580,,,,,Roll 580
SB167,Price,Regular Session 2019,05/02/2019,S,,Engrossed,,,,,
SB167,Price,Regular Session 2019,05/02/2019,H,,Read for the first time and referred to the House of Representatives committee on Agriculture and Forestry,A&F,,,,
SB167,Price,Regular Session 2019,05/07/2019,H,,Read for the second time and placed on the calendar,,,,,
SB167,Price,Regular Session 2019,,H,,Pending third reading on day 17 Favorable from Agriculture and Forestry,,,,,
SB168,Livingston,Regular Session 2019,03/21/2019,S,,Read for the first time and referred to the Senate committee on Fiscal Responsibility and Economic Development,FRED,,,,
SB169,Scofield,Regular Session 2019,03/21/2019,S,,Read for the first time and referred to the Senate committee on Education Policy,ED,,,,
SB169,Scofield,Regular Session 2019,04/03/2019,S,,Read for the second time and placed on the calendar,,0,9,,
SB169,Scofield,Regular Session 2019,04/16/2019,S,,Third Reading Passed,,,,,
SB169,Scofield,Regular Session 2019,04/16/2019,S,,Motion to Read a Third Time and Pass adopted Roll Call 256,,,,,Roll 256
SB169,Scofield,Regular Session 2019,04/18/2019,H,,"Read for the first time and referred to the House of Representatives committee on Boards, Agencies and Commissions",BA&C,,,,
SB169,Scofield,Regular Session 2019,05/08/2019,H,,Read for the second time and placed on the calendar,,,,,
SB169,Scofield,Regular Session 2019,,H,,"Pending third reading on day 18 Favorable from Boards, Agencies and Commissions",,,,,
SB170,Waggoner,Regular Session 2019,03/21/2019,S,,Read for the first time and referred to the Senate committee on Governmental Affairs,GA,,,,
SB171,Gudger,Regular Session 2019,03/21/2019,S,,Read for the first time and referred to the Senate committee on Tourism,TM,,,,
SB171,Gudger,Regular Session 2019,04/04/2019,S,,Read for the second time and placed on the calendar,,0,9,1,
SB171,Gudger,Regular Session 2019,,S,,Pending third reading on day 8 Favorable from Tourism,,,,,
SB172,Gudger,Regular Session 2019,03/21/2019,S,,Read for the first time and referred to the Senate committee on Governmental Affairs,GA,,,,
SB172,Gudger,Regular Session 2019,04/16/2019,S,,Reported from Governmental Affairs as Favorable,,0,11,0,
SB172,Gudger,Regular Session 2019,,S,,Pending third reading on day 11 Favorable from Governmental Affairs,,,,,
SB173,Gudger,Regular Session 2019,03/21/2019,S,,Read for the first time and referred to the Senate committee on Governmental Affairs,GA,,,,
SB173,Gudger,Regular Session 2019,04/16/2019,S,,Reported from Governmental Affairs as Favorable,,0,11,0,
SB173,Gudger,Regular Session 2019,04/30/2019,S,,Third Reading Passed,,,,,
SB173,Gudger,Regular Session 2019,04/30/2019,S,199440-1,Gudger  Amendment Offered,,,,,
SB173,Gudger,Regular Session 2019,04/30/2019,S,,Gudger motion to Adopt adopted Roll Call 453,,,,,Roll 453
SB173,Gudger,Regular Session 2019,04/30/2019,S,,Motion to Read a Third Time and Pass adopted Roll Call 454,,,,,Roll 454
SB173,Gudger,Regular Session 2019,04/30/2019,S,,Engrossed,,,,,
SB173,Gudger,Regular Session 2019,04/30/2019,H,,"Read for the first time and referred to the House of Representatives committee on Transportation, Utilities and Infrastructure",TU&I,,,,
SB173,Gudger,Regular Session 2019,05/08/2019,H,,Read for the second time and placed on the calendar,,,,,
SB173,Gudger,Regular Session 2019,,H,,"Pending third reading on day 18 Favorable from Transportation, Utilities and Infrastructure",,,,,
SB174,Givhan,Regular Session 2019,04/02/2019,S,,Read for the first time and referred to the Senate committee on Fiscal Responsibility and Economic Development,FRED,,,,
SB174,Givhan,Regular Session 2019,04/18/2019,S,,Read for the second time and placed on the calendar,,0,9,,
SB174,Givhan,Regular Session 2019,,S,,Pending third reading on day 12 Favorable from Fiscal Responsibility and Economic Development,,,,,
SB175,Waggoner,Regular Session 2019,04/02/2019,S,,Read for the first time and referred to the Senate committee on Governmental Affairs,GA,,,,
SB175,Waggoner,Regular Session 2019,05/02/2019,S,,Read for the second time and placed on the calendar,,0,7,0,
SB175,Waggoner,Regular Session 2019,05/07/2019,S,,Third Reading Passed,,,,,
SB175,Waggoner,Regular Session 2019,05/07/2019,S,,Motion to Read a Third Time and Pass adopted Roll Call 633,,,,,Roll 633
SB175,Waggoner,Regular Session 2019,05/07/2019,H,,Read for the first time and referred to the House of Representatives committee on County and Municipal Government,C&MG,,,,
SB176,Waggoner,Regular Session 2019,04/02/2019,S,,Read for the first time and referred to the Senate committee on Jefferson County Legislation,LLJ,,,,
SB176,Waggoner,Regular Session 2019,04/16/2019,S,,Read for the second time and placed on the calendar,,0,5,0,
SB176,Waggoner,Regular Session 2019,04/18/2019,S,,Third Reading Passed,,,,,
SB176,Waggoner,Regular Session 2019,04/18/2019,S,,Motion to Read a Third Time and Pass adopted Roll Call 306,,,,,Roll 306
SB176,Waggoner,Regular Session 2019,04/18/2019,H,,Read for the first time and referred to the House of Representatives committee on Jefferson County Legislation,JCL,,,,
SB176,Waggoner,Regular Session 2019,04/25/2019,H,,Read for the second time and placed on the calendar,,,,,
SB176,Waggoner,Regular Session 2019,04/25/2019,H,,Rereferred from calendar to SCL,SCL,,,,
SB176,Waggoner,Regular Session 2019,05/02/2019,H,,Read for the second time and placed on the calendar,,,,,
SB176,Waggoner,Regular Session 2019,,H,,Pending third reading on day 16 Favorable from Shelby County Legislation,,,,,
SB177,Waggoner,Regular Session 2019,04/02/2019,S,,Read for the first time and referred to the Senate committee on Jefferson County Legislation,LLJ,,,,
SB177,Waggoner,Regular Session 2019,04/16/2019,S,,Read for the second time and placed on the calendar,,0,5,0,
SB177,Waggoner,Regular Session 2019,04/18/2019,S,,Third Reading Passed,,,,,
SB177,Waggoner,Regular Session 2019,04/18/2019,S,,Motion to Read a Third Time and Pass adopted Roll Call 308,,,,,Roll 308
SB177,Waggoner,Regular Session 2019,04/18/2019,H,,Read for the first time and referred to the House of Representatives committee on Jefferson County Legislation,JCL,,,,
SB177,Waggoner,Regular Session 2019,04/25/2019,H,,Read for the second time and placed on the calendar,,,,,
SB177,Waggoner,Regular Session 2019,,H,,Pending third reading on day 14 Favorable from Jefferson County Legislation,,,,,
SB178,Smitherman,Regular Session 2019,04/02/2019,S,,Read for the first time and referred to the Senate committee on Fiscal Responsibility and Economic Development,FRED,,,,
SB178,Smitherman,Regular Session 2019,04/16/2019,S,,Read for the second time and placed on the calendar,,0,10,,
SB178,Smitherman,Regular Session 2019,,S,,Pending third reading on day 11 Favorable from Fiscal Responsibility and Economic Development,,,,,
SB179,Smitherman,Regular Session 2019,04/02/2019,S,,Read for the first time and referred to the Senate committee on Judiciary,JUDY,,,,
SB179,Smitherman,Regular Session 2019,04/25/2019,S,,Read for the second time and placed on the calendar,,0,11,0,
SB179,Smitherman,Regular Session 2019,05/02/2019,S,,Third Reading Passed,,,,,
SB179,Smitherman,Regular Session 2019,05/02/2019,S,,Motion to Read a Third Time and Pass adopted Roll Call 570,,,,,Roll 570
SB179,Smitherman,Regular Session 2019,05/02/2019,H,,Read for the first time and referred to the House of Representatives committee on Judiciary,JUDY,,,,
SB180,Smitherman,Regular Session 2019,04/02/2019,S,,Read for the first time and referred to the Senate committee on Finance and Taxation Education,F&TE,,,,
SB181,Shelnutt,Regular Session 2019,04/02/2019,S,,Read for the first time and referred to the Senate committee on Fiscal Responsibility and Economic Development,FRED,,,,
SB181,Shelnutt,Regular Session 2019,04/16/2019,S,,Read for the second time and placed on the calendar,,0,8,,
SB181,Shelnutt,Regular Session 2019,,S,,Pending third reading on day 11 Favorable from Fiscal Responsibility and Economic Development,,,,,
SB182,Chambliss,Regular Session 2019,04/02/2019,S,,Read for the first time and referred to the Senate committee on Governmental Affairs,GA,,,,
SB182,Chambliss,Regular Session 2019,04/23/2019,S,,Read for the second time and placed on the calendar,,0,11,0,
SB182,Chambliss,Regular Session 2019,05/07/2019,S,,Third Reading Carried Over to Call of the Chair,,,,,
SB182,Chambliss,Regular Session 2019,05/07/2019,S,,Chambliss motion to Carry Over to the Call of the Chair adopted Voice Vote,,,,,
SB182,Chambliss,Regular Session 2019,05/08/2019,S,,Third Reading Passed,,,,,
SB182,Chambliss,Regular Session 2019,05/08/2019,S,,Motion to Read a Third Time and Pass adopted Roll Call 664,,,,,Roll 664
SB182,Chambliss,Regular Session 2019,,,,,,,,,
SB183,Sessions,Regular Session 2019,04/02/2019,S,,"Read for the first time and referred to the Senate committee on Agriculture, Conservation and Forestry",AC&F,,,,
SB183,Sessions,Regular Session 2019,04/03/2019,S,,Read for the second time and placed on the calendar with 1 substitute and,,0,12,,
SB183,Sessions,Regular Session 2019,,S,,"Pending third reading on day 7 Favorable from Agriculture, Conservation and Forestry with 1 substitute",,,,,
SB183,Sessions,Regular Session 2019,,S,198569-2,"Agriculture, Conservation and Forestry first Substitute Offered",,,,,
SB184,Albritton,Regular Session 2019,04/02/2019,S,,Read for the first time and referred to the Senate committee on Governmental Affairs,GA,,,,
SB184,Albritton,Regular Session 2019,04/16/2019,S,,Reported from Governmental Affairs as Favorable,,0,11,0,
SB184,Albritton,Regular Session 2019,04/23/2019,S,,Third Reading Passed,,,,,
SB184,Albritton,Regular Session 2019,04/23/2019,S,,Motion to Read a Third Time and Pass adopted Roll Call 372,,,,,Roll 372
SB184,Albritton,Regular Session 2019,04/23/2019,H,,Read for the first time and referred to the House of Representatives committee on Ways and Means General Fund,W&MGF,,,,
SB184,Albritton,Regular Session 2019,05/08/2019,H,,Read for the second time and placed on the calendar,,,,,
SB184,Albritton,Regular Session 2019,,H,,Pending third reading on day 18 Favorable from Ways and Means General Fund,,,,,
SB185,Singleton,Regular Session 2019,04/02/2019,S,,Read for the first time and referred to the Senate committee on Finance and Taxation General Fund,F&TG,,,,
SB186,Singleton,Regular Session 2019,04/02/2019,S,,Read for the first time and referred to the Senate committee on Finance and Taxation General Fund,F&TG,,,,
SB186,Singleton,Regular Session 2019,04/04/2019,S,,Rereferred to Committee on Finance and Taxation Education,F&TE,,,,
SB187,Singleton,Regular Session 2019,04/02/2019,S,,Read for the first time and referred to the Senate committee on Finance and Taxation General Fund,F&TG,,,,
SB187,Singleton,Regular Session 2019,04/04/2019,S,,Rereferred to Committee on Finance and Taxation Education,F&TE,,,,
SB188,Allen,Regular Session 2019,04/02/2019,S,,Read for the first time and referred to the Senate committee on Fiscal Responsibility and Economic Development,FRED,,,,
SB189,Coleman-Madison,Regular Session 2019,04/02/2019,S,,Read for the first time and referred to the Senate committee on Governmental Affairs,GA,,,,
SB190,Coleman-Madison,Regular Session 2019,04/02/2019,S,,Read for the first time and referred to the Senate committee on Judiciary,JUDY,,,,
SB190,Coleman-Madison,Regular Session 2019,04/11/2019,S,,Read for the second time and placed on the calendar  1 amendment,,0,12,0,
SB190,Coleman-Madison,Regular Session 2019,04/18/2019,S,,Third Reading Passed,,,,,
SB190,Coleman-Madison,Regular Session 2019,04/18/2019,S,198982-2,Judiciary  Amendment Offered,,,,,
SB190,Coleman-Madison,Regular Session 2019,04/18/2019,S,,Coleman-Madison motion to Adopt adopted Roll Call 323,,,,,Roll 323
SB190,Coleman-Madison,Regular Session 2019,04/18/2019,S,,Motion to Read a Third Time and Pass adopted Roll Call 324,,,,,Roll 324
SB190,Coleman-Madison,Regular Session 2019,04/23/2019,S,,Engrossed,,,,,
SB190,Coleman-Madison,Regular Session 2019,04/23/2019,H,,Read for the first time and referred to the House of Representatives committee on Judiciary,JUDY,,,,
SB190,Coleman-Madison,Regular Session 2019,05/02/2019,H,,Read for the second time and placed on the calendar,,,,,
SB190,Coleman-Madison,Regular Session 2019,,H,,Pending third reading on day 16 Favorable from Judiciary,,,,,
SB191,Orr,Regular Session 2019,04/02/2019,S,,Read for the first time and referred to the Senate committee on Judiciary,JUDY,,,,
SB191,Orr,Regular Session 2019,04/03/2019,S,,Read for the second time and placed on the calendar,,0,12,0,
SB191,Orr,Regular Session 2019,04/04/2019,S,,Third Reading Carried Over,,,,,
SB191,Orr,Regular Session 2019,04/04/2019,S,,Marsh motion to Carry Over adopted Voice Vote,,,,,
SB191,Orr,Regular Session 2019,,S,,Further Consideration,,,,,
SB192,Orr,Regular Session 2019,04/02/2019,S,,Read for the first time and referred to the Senate committee on Finance and Taxation Education,F&TE,,,,
SB192,Orr,Regular Session 2019,04/25/2019,S,,Read for the second time and placed on the calendar,,0,14,0,
SB192,Orr,Regular Session 2019,05/02/2019,S,,Third Reading Passed,,,,,
SB192,Orr,Regular Session 2019,05/02/2019,S,,Motion to Read a Third Time and Pass adopted Roll Call 539,,,,,Roll 539
SB192,Orr,Regular Session 2019,05/02/2019,H,,Read for the first time and referred to the House of Representatives committee on Ways and Means Education,W&ME,,,,
SB193,Orr,Regular Session 2019,04/02/2019,S,,Read for the first time and referred to the Senate committee on Fiscal Responsibility and Economic Development,FRED,,,,
SB193,Orr,Regular Session 2019,04/16/2019,S,,Read for the second time and placed on the calendar,,0,10,,
SB193,Orr,Regular Session 2019,04/23/2019,S,,Third Reading Passed,,,,,
SB193,Orr,Regular Session 2019,04/23/2019,S,,Motion to Read a Third Time and Pass adopted Roll Call 353,,,,,Roll 353
SB193,Orr,Regular Session 2019,04/23/2019,H,,Read for the first time and referred to the House of Representatives committee on Commerce and Small Business,C&SB,,,,
SB193,Orr,Regular Session 2019,05/02/2019,H,,Read for the second time and placed on the calendar,,,,,
SB193,Orr,Regular Session 2019,,H,,Pending third reading on day 16 Favorable from Commerce and Small Business,,,,,
SB194,Singleton,Regular Session 2019,04/02/2019,S,,Read for the first time and referred to the Senate committee on Healthcare,HLTH,,,,
SB194,Singleton,Regular Session 2019,05/02/2019,S,,Read for the second time and placed on the calendar,,0,11,0,
SB194,Singleton,Regular Session 2019,,S,,Pending third reading on day 16 Favorable from Healthcare,,,,,
SB195,Orr,Regular Session 2019,04/02/2019,S,,Read for the first time and referred to the Senate committee on Finance and Taxation Education,F&TE,,,,
SB195,Orr,Regular Session 2019,04/25/2019,S,,Read for the second time and placed on the calendar with 1 substitute and,,0,14,0,
SB195,Orr,Regular Session 2019,05/02/2019,S,,Third Reading Passed,,,,,
SB195,Orr,Regular Session 2019,05/02/2019,S,199625-2,Finance and Taxation Education first Substitute Offered,,,,,
SB195,Orr,Regular Session 2019,05/02/2019,S,,Orr motion to Adopt adopted Roll Call 542,,,,,Roll 542
SB195,Orr,Regular Session 2019,05/02/2019,S,200180-1,Orr  Amendment Offered,,,,,
SB195,Orr,Regular Session 2019,05/02/2019,S,,Orr motion to Adopt adopted Roll Call 543,,,,,Roll 543
SB195,Orr,Regular Session 2019,05/02/2019,S,,Motion to Read a Third Time and Pass adopted Roll Call 544,,,,,Roll 544
SB195,Orr,Regular Session 2019,05/02/2019,S,,Engrossed,,,,,
SB195,Orr,Regular Session 2019,05/02/2019,H,,Read for the first time and referred to the House of Representatives committee on Ways and Means Education,W&ME,,,,
SB196,Orr,Regular Session 2019,04/02/2019,S,,Read for the first time and referred to the Senate committee on Finance and Taxation Education,F&TE,,,,
SB196,Orr,Regular Session 2019,04/25/2019,S,,Read for the second time and placed on the calendar,,0,14,0,
SB196,Orr,Regular Session 2019,05/02/2019,S,,Third Reading Passed,,,,,
SB196,Orr,Regular Session 2019,05/02/2019,S,,Motion to Read a Third Time and Pass adopted Roll Call 546,,,,,Roll 546
SB196,Orr,Regular Session 2019,05/02/2019,H,,Read for the first time and referred to the House of Representatives committee on Ways and Means Education,W&ME,,,,
SB197,Sanders-Fortier,Regular Session 2019,04/02/2019,S,,Read for the first time and referred to the Senate committee on Finance and Taxation Education,F&TE,,,,
SB197,Sanders-Fortier,Regular Session 2019,04/25/2019,S,,Read for the second time and placed on the calendar,,0,14,0,
SB197,Sanders-Fortier,Regular Session 2019,05/02/2019,S,,Third Reading Passed,,,,,
SB197,Sanders-Fortier,Regular Session 2019,05/02/2019,S,,Motion to Read a Third Time and Pass adopted Roll Call 548,,,,,Roll 548
SB197,Sanders-Fortier,Regular Session 2019,05/02/2019,H,,Read for the first time and referred to the House of Representatives committee on Ways and Means Education,W&ME,,,,
SB198,Orr,Regular Session 2019,04/02/2019,S,,Read for the first time and referred to the Senate committee on Judiciary,JUDY,,,,
SB198,Orr,Regular Session 2019,04/18/2019,S,,Read for the second time and placed on the calendar  1 amendment,,0,11,0,
SB198,Orr,Regular Session 2019,04/30/2019,S,,Third Reading Passed,,,,,
SB198,Orr,Regular Session 2019,04/30/2019,S,199477-1,Judiciary  Amendment Offered,,,,,
SB198,Orr,Regular Session 2019,04/30/2019,S,199477-1,Judiciary  Amendment Offered,,,,,
SB198,Orr,Regular Session 2019,04/30/2019,S,,Orr motion to Adopt adopted Roll Call 427,,,,,Roll 427
SB198,Orr,Regular Session 2019,04/30/2019,S,,Orr motion to Reconsider adopted Voice Vote,,,,,
SB198,Orr,Regular Session 2019,04/30/2019,S,,Motion to Read a Third Time and Pass adopted Roll Call 428,,,,,Roll 428
SB198,Orr,Regular Session 2019,04/30/2019,S,,Orr motion to  adopted Voice Vote,,,,,
SB198,Orr,Regular Session 2019,04/30/2019,S,200234-1,Orr  Amendment Offered,,,,,
SB198,Orr,Regular Session 2019,04/30/2019,S,,Orr motion to Adopt adopted Roll Call 432,,,,,Roll 432
SB198,Orr,Regular Session 2019,04/30/2019,S,,Motion to Read a Third Time and Pass adopted Roll Call 433,,,,,Roll 433
SB198,Orr,Regular Session 2019,04/30/2019,S,,Engrossed,,,,,
SB198,Orr,Regular Session 2019,04/30/2019,H,,Read for the first time and referred to the House of Representatives committee on Judiciary,JUDY,,,,
SB198,Orr,Regular Session 2019,05/07/2019,H,,Read for the second time and placed on the calendar  1 amendment,,,,,
SB198,Orr,Regular Session 2019,,H,,Pending third reading on day 17 Favorable from Judiciary with 1 amendment,,,,,
SB198,Orr,Regular Session 2019,,H,200673-1,Judiciary first Amendment Offered,,,,,
SB199,Orr,Regular Session 2019,04/02/2019,S,,Read for the first time and referred to the Senate committee on Finance and Taxation Education,F&TE,,,,
SB199,Orr,Regular Session 2019,04/30/2019,S,,Read for the second time and placed on the calendar with 1 substitute and,,1,13,0,
SB199,Orr,Regular Session 2019,05/02/2019,S,,Third Reading Passed,,,,,
SB199,Orr,Regular Session 2019,05/02/2019,S,,Motion to Read a Third Time and Pass adopted Roll Call 540,,,,,Roll 540
SB199,Orr,Regular Session 2019,05/02/2019,S,200181-1,Finance and Taxation Education first Substitute Offered,,,,,
SB199,Orr,Regular Session 2019,05/02/2019,S,,Orr motion to Adopt adopted Roll Call 534,,,,,Roll 534
SB199,Orr,Regular Session 2019,05/02/2019,S,200467-1,Orr  Amendment Offered,,,,,
SB199,Orr,Regular Session 2019,05/02/2019,S,,Orr motion to Adopt adopted Roll Call 535,,,,,Roll 535
SB199,Orr,Regular Session 2019,05/02/2019,S,200462-2,Smitherman  Amendment Offered,,,,,
SB199,Orr,Regular Session 2019,05/02/2019,S,,Gudger motion to Adopt adopted Roll Call 536,,,,,Roll 536
SB199,Orr,Regular Session 2019,05/02/2019,S,,Motion to Read a Third Time and Pass adopted Roll Call 537,,,,,Roll 537
SB199,Orr,Regular Session 2019,05/02/2019,S,,Figures motion to Reconsider adopted Voice Vote,,,,,
SB199,Orr,Regular Session 2019,05/02/2019,H,,Read for the first time and referred to the House of Representatives committee on Ways and Means Education,W&ME,,,,
SB199,Orr,Regular Session 2019,,S,,Engrossed,,,,,
SB199,Orr,Regular Session 2019,,S,,Third Reading Received,,,,,
SB199,Orr,Regular Session 2019,,S,,Engrossed,,,,,
SB200,Beasley,Regular Session 2019,04/02/2019,S,,Read for the first time and referred to the Senate committee on Finance and Taxation Education,F&TE,,,,
SB200,Beasley,Regular Session 2019,04/25/2019,S,,Read for the second time and placed on the calendar,,0,14,0,
SB200,Beasley,Regular Session 2019,05/02/2019,S,,Third Reading Passed,,,,,
SB200,Beasley,Regular Session 2019,05/02/2019,S,,Motion to Read a Third Time and Pass adopted Roll Call 550,,,,,Roll 550
SB200,Beasley,Regular Session 2019,05/02/2019,H,,Read for the first time and referred to the House of Representatives committee on Ways and Means Education,W&ME,,,,
SB201,Beasley,Regular Session 2019,04/02/2019,S,,Read for the first time and referred to the Senate committee on Finance and Taxation Education,F&TE,,,,
SB201,Beasley,Regular Session 2019,05/08/2019,S,,Read for the second time and placed on the calendar  1 amendment,,0,10,0,
SB201,Beasley,Regular Session 2019,,S,200627-2,Finance and Taxation Education first Amendment Offered,,,,,
SB201,Beasley,Regular Session 2019,,S,,Pending third reading on day 18 Favorable from Finance and Taxation Education with 1 amendment,,,,,
SB202,Orr,Regular Session 2019,04/02/2019,S,,Read for the first time and referred to the Senate committee on Governmental Affairs,GA,,,,
SB202,Orr,Regular Session 2019,04/09/2019,S,,Read for the second time and placed on the calendar,,0,10,0,
SB202,Orr,Regular Session 2019,04/18/2019,S,,Third Reading Passed,,,,,
SB202,Orr,Regular Session 2019,04/18/2019,S,198865-1,Orr  Amendment Offered,,,,,
SB202,Orr,Regular Session 2019,04/18/2019,S,,Orr motion to Adopt adopted Roll Call 326,,,,,Roll 326
SB202,Orr,Regular Session 2019,04/18/2019,S,,Motion to Read a Third Time and Pass adopted Roll Call 327,,,,,Roll 327
SB202,Orr,Regular Session 2019,04/23/2019,S,,Engrossed,,,,,
SB202,Orr,Regular Session 2019,04/23/2019,H,,Read for the first time and referred to the House of Representatives committee on County and Municipal Government,C&MG,,,,
SB203,Whatley,Regular Session 2019,04/02/2019,S,,Read for the first time and referred to the Senate committee on Finance and Taxation Education,F&TE,,,,
SB203,Whatley,Regular Session 2019,04/25/2019,S,,Read for the second time and placed on the calendar,,0,14,0,
SB203,Whatley,Regular Session 2019,05/02/2019,S,,Third Reading Passed,,,,,
SB203,Whatley,Regular Session 2019,05/02/2019,S,,Motion to Read a Third Time and Pass adopted Roll Call 552,,,,,Roll 552
SB203,Whatley,Regular Session 2019,05/02/2019,H,,Read for the first time and referred to the House of Representatives committee on Ways and Means Education,W&ME,,,,
SB204,Albritton,Regular Session 2019,04/02/2019,S,,Read for the first time and referred to the Senate committee on Finance and Taxation Education,F&TE,,,,
SB204,Albritton,Regular Session 2019,04/18/2019,S,,Read for the second time and placed on the calendar,,1,10,0,
SB204,Albritton,Regular Session 2019,04/23/2019,S,,Third Reading Passed,,,,,
SB204,Albritton,Regular Session 2019,04/23/2019,S,,Motion to Read a Third Time and Pass adopted Roll Call 365,,,,,Roll 365
SB204,Albritton,Regular Session 2019,04/23/2019,H,,Read for the first time and referred to the House of Representatives committee on State Government,SG,,,,
SB205,Livingston,Regular Session 2019,04/02/2019,S,,Read for the first time and referred to the Senate committee on Fiscal Responsibility and Economic Development,FRED,,,,
SB205,Livingston,Regular Session 2019,04/16/2019,S,,Read for the second time and placed on the calendar,,0,8,,
SB205,Livingston,Regular Session 2019,04/30/2019,S,,Third Reading Passed,,,,,
SB205,Livingston,Regular Session 2019,04/30/2019,S,,Motion to Read a Third Time and Pass adopted Roll Call 419,,,,,Roll 419
SB205,Livingston,Regular Session 2019,04/30/2019,H,,Read for the first time and referred to the House of Representatives committee on State Government,SG,,,,
SB206,Ward,Regular Session 2019,04/02/2019,S,,Read for the first time and referred to the Senate committee on Finance and Taxation General Fund,F&TG,,,,
SB206,Ward,Regular Session 2019,04/11/2019,S,,Read for the second time and placed on the calendar,,2,8,2,
SB206,Ward,Regular Session 2019,,S,,Pending third reading on day 10 Favorable from Finance and Taxation General Fund,,,,,
SB207,Holley,Regular Session 2019,04/02/2019,S,,Read for the first time and referred to the Senate committee on Judiciary,JUDY,,,,
SB207,Holley,Regular Session 2019,04/18/2019,S,,Read for the second time and placed on the calendar,,0,12,0,
SB207,Holley,Regular Session 2019,04/23/2019,S,,Third Reading Passed,,,,,
SB207,Holley,Regular Session 2019,04/23/2019,S,,Motion to Read a Third Time and Pass adopted Roll Call 367,,,,,Roll 367
SB207,Holley,Regular Session 2019,04/23/2019,H,,Read for the first time and referred to the House of Representatives committee on Judiciary,JUDY,,,,
SB207,Holley,Regular Session 2019,05/08/2019,H,,Read for the second time and placed on the calendar,,,,,
SB207,Holley,Regular Session 2019,,H,,Pending third reading on day 18 Favorable from Judiciary,,,,,
SB208,Holley,Regular Session 2019,04/02/2019,S,,Read for the first time and referred to the Senate committee on Governmental Affairs,GA,,,,
SB208,Holley,Regular Session 2019,04/09/2019,S,,Read for the second time and placed on the calendar,,0,11,0,
SB208,Holley,Regular Session 2019,04/16/2019,S,,Third Reading Passed,,,,,
SB208,Holley,Regular Session 2019,04/16/2019,S,,Motion to Read a Third Time and Pass adopted Roll Call 251,,,,,Roll 251
SB208,Holley,Regular Session 2019,04/18/2019,H,,Read for the first time and referred to the House of Representatives committee on Ways and Means General Fund,W&MGF,,,,
SB208,Holley,Regular Session 2019,04/25/2019,H,,Read for the second time and placed on the calendar,,,,,
SB208,Holley,Regular Session 2019,05/02/2019,H,,Third Reading Passed,,,,,
SB208,Holley,Regular Session 2019,05/02/2019,H,,Motion to Read a Third Time and Pass adopted Roll Call 469,,,,,Roll 469
SB208,Holley,Regular Session 2019,05/02/2019,H,,"Hanes intended to vote ""Nay""",,,,,
SB208,Holley,Regular Session 2019,05/02/2019,S,,Passed Second House,,,,,
SB208,Holley,Regular Session 2019,05/07/2019,S,,Enrolled,,,,,
SB208,Holley,Regular Session 2019,05/07/2019,H,,Signature Requested,,,,,
SB208,Holley,Regular Session 2019,,S,,"Delivered to Governor at 4:21 p.m. on May 7, 2019",,,,,
SB209,Holley,Regular Session 2019,04/02/2019,S,,"Read for the first time and referred to the Senate committee on Agriculture, Conservation and Forestry",AC&F,,,,
SB209,Holley,Regular Session 2019,04/03/2019,S,,Read for the second time and placed on the calendar,,0,12,,
SB209,Holley,Regular Session 2019,04/09/2019,S,,Third Reading Passed,,,,,
SB209,Holley,Regular Session 2019,04/09/2019,S,,Motion to Read a Third Time and Pass adopted Roll Call 182,,,,,Roll 182
SB209,Holley,Regular Session 2019,04/09/2019,H,,Read for the first time and referred to the House of Representatives committee on Agriculture and Forestry,A&F,,,,
SB209,Holley,Regular Session 2019,04/18/2019,H,,Read for the second time and placed on the calendar,,,,,
SB209,Holley,Regular Session 2019,04/30/2019,H,,Third Reading Passed,,,,,
SB209,Holley,Regular Session 2019,04/30/2019,H,,Motion to Read a Third Time and Pass adopted Roll Call 455,,,,,Roll 455
SB209,Holley,Regular Session 2019,05/02/2019,S,,Passed Second House,,,,,
SB209,Holley,Regular Session 2019,05/02/2019,H,,Signature Requested,,,,,
SB209,Holley,Regular Session 2019,05/02/2019,S,,Enrolled,,,,,
SB209,Holley,Regular Session 2019,,S,,"Forwarded to Governor on May 2, 2019 at 11:15 a.m. on May 2, 2019",,,,,
SB210,Holley,Regular Session 2019,04/02/2019,S,,Read for the first time and referred to the Senate committee on Governmental Affairs,GA,,,,
SB210,Holley,Regular Session 2019,04/23/2019,S,,Read for the second time and placed on the calendar,,0,8,0,
SB210,Holley,Regular Session 2019,,S,,Pending third reading on day 13 Favorable from Governmental Affairs,,,,,
SB211,Albritton,Regular Session 2019,04/02/2019,S,,Read for the first time and referred to the Senate committee on Judiciary,JUDY,,,,
SB212,Burkette,Regular Session 2019,04/02/2019,S,,Read for the first time and referred to the Senate committee on Local Legislation,LL1,,,,
SB212,Burkette,Regular Session 2019,04/03/2019,S,,Read for the second time and placed on the calendar,,,,,
SB212,Burkette,Regular Session 2019,04/04/2019,S,,Third Reading Passed,,,,,
SB212,Burkette,Regular Session 2019,04/04/2019,S,,Motion to Read a Third Time and Pass adopted Roll Call 147,,,,,Roll 147
SB212,Burkette,Regular Session 2019,04/04/2019,H,,Read for the first time and referred to the House of Representatives committee on Montgomery County Legislation,MGMCL,,,,
SB212,Burkette,Regular Session 2019,04/18/2019,H,,Read for the second time and placed on the calendar,,,,,
SB212,Burkette,Regular Session 2019,04/18/2019,H,,Read for the first time,,,,,
SB212,Burkette,Regular Session 2019,,H,,Pending third reading on day 12 Favorable from Montgomery County Legislation,,,,,
SB213,Waggoner,Regular Session 2019,04/02/2019,S,,Read for the first time and referred to the Senate committee on Healthcare,HLTH,,,,
SB213,Waggoner,Regular Session 2019,04/16/2019,S,,Read for the second time and placed on the calendar  3 amendments,,0,10,0,
SB213,Waggoner,Regular Session 2019,04/23/2019,S,,Third Reading Passed,,,,,
SB213,Waggoner,Regular Session 2019,04/23/2019,S,198716-2,Healthcare  Amendment Offered,,,,,
SB213,Waggoner,Regular Session 2019,04/23/2019,S,198936-2,Healthcare  Amendment Offered,,,,,
SB213,Waggoner,Regular Session 2019,04/23/2019,S,199117-2,Healthcare  Amendment Offered,,,,,
SB213,Waggoner,Regular Session 2019,04/23/2019,S,,Waggoner motion to Adopt adopted Roll Call 374,,,,,Roll 374
SB213,Waggoner,Regular Session 2019,04/23/2019,S,,Waggoner motion to Adopt adopted Roll Call 375,,,,,Roll 375
SB213,Waggoner,Regular Session 2019,04/23/2019,S,,Waggoner motion to Adopt adopted Roll Call 376,,,,,Roll 376
SB213,Waggoner,Regular Session 2019,04/23/2019,S,199446-1,Waggoner  Amendment Offered,,,,,
SB213,Waggoner,Regular Session 2019,04/23/2019,S,,Waggoner motion to Adopt adopted Roll Call 377,,,,,Roll 377
SB213,Waggoner,Regular Session 2019,04/23/2019,S,,Motion to Read a Third Time and Pass adopted Roll Call 378,,,,,Roll 378
SB213,Waggoner,Regular Session 2019,04/25/2019,S,,Engrossed,,,,,
SB213,Waggoner,Regular Session 2019,04/25/2019,H,,Read for the first time and referred to the House of Representatives committee on Health,HLTH,,,,
SB213,Waggoner,Regular Session 2019,05/02/2019,H,,Read for the second time and placed on the calendar,,,,,
SB213,Waggoner,Regular Session 2019,,H,,Pending third reading on day 16 Favorable from Health,,,,,
SB214,Allen,Regular Session 2019,04/02/2019,S,,Read for the first time and referred to the Senate committee on Transportation and Energy,T&E,,,,
SB214,Allen,Regular Session 2019,04/16/2019,S,,Read for the second time and placed on the calendar  1 amendment,,0,12,0,
SB214,Allen,Regular Session 2019,,S,,Pending third reading on day 11 Favorable from Transportation and Energy with 1 amendment,,,,,
SB214,Allen,Regular Session 2019,,S,198701-2,Transportation and Energy first Amendment Offered,,,,,
SB215,Sessions,Regular Session 2019,04/02/2019,S,,Read for the first time and referred to the Senate committee on Transportation and Energy,T&E,,,,
SB215,Sessions,Regular Session 2019,04/18/2019,S,,Read for the second time and placed on the calendar  1 amendment,,0,11,,
SB215,Sessions,Regular Session 2019,,S,,Pending third reading on day 12 Favorable from Transportation and Energy with 1 amendment,,,,,
SB215,Sessions,Regular Session 2019,,S,199189-3,Transportation and Energy first Amendment Offered,,,,,
SB216,Orr,Regular Session 2019,04/02/2019,S,,Read for the first time and referred to the Senate committee on Judiciary,JUDY,,,,
SB216,Orr,Regular Session 2019,04/11/2019,S,,Read for the second time and placed on the calendar  1 amendment,,0,11,0,
SB216,Orr,Regular Session 2019,04/30/2019,S,,Third Reading Passed,,,,,
SB216,Orr,Regular Session 2019,04/30/2019,S,199074-1,Judiciary  Amendment Offered,,,,,
SB216,Orr,Regular Session 2019,04/30/2019,S,,Orr motion to Adopt adopted Roll Call 430,,,,,Roll 430
SB216,Orr,Regular Session 2019,04/30/2019,S,,Motion to Read a Third Time and Pass adopted Roll Call 431,,,,,Roll 431
SB216,Orr,Regular Session 2019,04/30/2019,S,,Engrossed,,,,,
SB216,Orr,Regular Session 2019,04/30/2019,H,,Read for the first time and referred to the House of Representatives committee on Judiciary,JUDY,,,,
SB216,Orr,Regular Session 2019,05/07/2019,H,,Read for the second time and placed on the calendar,,,,,
SB216,Orr,Regular Session 2019,,H,,Pending third reading on day 17 Favorable from Judiciary,,,,,
SB217,Albritton,Regular Session 2019,04/02/2019,S,,Read for the first time and referred to the Senate committee on Governmental Affairs,GA,,,,
SB218,Albritton,Regular Session 2019,04/02/2019,S,,Read for the first time and referred to the Senate committee on Finance and Taxation General Fund,F&TG,,,,
SB219,Whatley,Regular Session 2019,04/02/2019,S,,Read for the first time and referred to the Senate committee on Veterans and Military Affairs,V&MA,,,,
SB219,Whatley,Regular Session 2019,04/11/2019,S,,Rereferred to Finance and Taxation Education,F&TE,,,,
SB220,Albritton,Regular Session 2019,04/02/2019,S,,Read for the first time and referred to the Senate committee on Tourism,TM,,,,
SB220,Albritton,Regular Session 2019,04/23/2019,S,,Read for the second time and placed on the calendar  1 amendment,,5,6,,
SB220,Albritton,Regular Session 2019,04/25/2019,S,,Third Reading Passed,,,,,
SB220,Albritton,Regular Session 2019,04/25/2019,S,199705-2,Tourism  Amendment Offered,,,,,
SB220,Albritton,Regular Session 2019,04/25/2019,S,,Albritton motion to Table adopted Voice Vote,,,,,
SB220,Albritton,Regular Session 2019,04/25/2019,S,200093-1,Smitherman  Amendment Offered,,,,,
SB220,Albritton,Regular Session 2019,04/25/2019,S,,Smitherman motion to Adopt adopted Roll Call 403,,,,,Roll 403
SB220,Albritton,Regular Session 2019,04/25/2019,S,199875-1,Singleton  Amendment Offered,,,,,
SB220,Albritton,Regular Session 2019,04/25/2019,S,,Singleton motion to Adopt lost Roll Call 404,,,,,Roll 404
SB220,Albritton,Regular Session 2019,04/25/2019,S,200098-1,Coleman-Madison  Amendment Offered,,,,,
SB220,Albritton,Regular Session 2019,04/25/2019,S,,Coleman-Madison motion to Adopt adopted Roll Call 405,,,,,Roll 405
SB220,Albritton,Regular Session 2019,04/25/2019,S,200047-1,Jones  Amendment Offered,,,,,
SB220,Albritton,Regular Session 2019,04/25/2019,S,,Jones motion to Adopt adopted Roll Call 406,,,,,Roll 406
SB220,Albritton,Regular Session 2019,04/25/2019,S,200080-1,Whatley  Amendment Offered,,,,,
SB220,Albritton,Regular Session 2019,04/25/2019,S,,Albritton motion to Table adopted Voice Vote,,,,,
SB220,Albritton,Regular Session 2019,04/25/2019,S,200048-1,Chambliss  Amendment Offered,,,,,
SB220,Albritton,Regular Session 2019,04/25/2019,S,,Chambliss motion to Adopt adopted Roll Call 407,,,,,Roll 407
SB220,Albritton,Regular Session 2019,04/25/2019,S,200104-1,Beasley  Amendment Offered,,,,,
SB220,Albritton,Regular Session 2019,04/25/2019,S,,Beasley motion to Adopt lost Roll Call 408,,,,,Roll 408
SB220,Albritton,Regular Session 2019,04/25/2019,S,200099-1,McClendon  Amendment Offered,,,,,
SB220,Albritton,Regular Session 2019,04/25/2019,S,,Albritton motion to Table adopted Roll Call 409,,,,,Roll 409
SB220,Albritton,Regular Session 2019,04/25/2019,S,200107-1,Orr  Amendment Offered,,,,,
SB220,Albritton,Regular Session 2019,04/25/2019,S,,Albritton motion to Table adopted Voice Vote,,,,,
SB220,Albritton,Regular Session 2019,04/25/2019,S,,Motion to Read a Third Time and Pass adopted Roll Call 410,,,,,Roll 410
SB220,Albritton,Regular Session 2019,04/30/2019,S,,Engrossed,,,,,
SB220,Albritton,Regular Session 2019,04/30/2019,H,,Read for the first time and referred to the House of Representatives committee on Economic Development and Tourism,ED&T,,,,
SB221,Whatley,Regular Session 2019,04/02/2019,S,,Read for the first time and referred to the Senate committee on Judiciary,JUDY,,,,
SB221,Whatley,Regular Session 2019,04/11/2019,S,,Read for the second time and placed on the calendar,,3,7,0,
SB221,Whatley,Regular Session 2019,,S,,Pending third reading on day 10 Favorable from Judiciary,,,,,
SB222,Butler,Regular Session 2019,04/02/2019,S,,Read for the first time and referred to the Senate committee on Education Policy,ED,,,,
SB222,Butler,Regular Session 2019,04/03/2019,S,,Read for the second time and placed on the calendar,,0,8,,
SB222,Butler,Regular Session 2019,04/04/2019,S,,Third Reading Carried Over to Call of the Chair,,,,,
SB222,Butler,Regular Session 2019,04/04/2019,S,,Butler motion to Carry Over to the Call of the Chair adopted Voice Vote,,,,,
SB222,Butler,Regular Session 2019,04/04/2019,S,,Third Reading Carried Over to Call of the Chair,,,,,
SB222,Butler,Regular Session 2019,04/04/2019,S,,Butler motion to Carry Over to the Call of the Chair adopted Voice Vote,,,,,
SB222,Butler,Regular Session 2019,04/04/2019,S,,Third Reading Passed,,,,,
SB222,Butler,Regular Session 2019,04/04/2019,S,,Motion to Read a Third Time and Pass adopted Roll Call 170,,,,,Roll 170
SB222,Butler,Regular Session 2019,04/04/2019,H,,Read for the first time and referred to the House of Representatives committee on Education Policy,EP,,,,
SB222,Butler,Regular Session 2019,04/11/2019,H,,Reported from Education Policy as Favorable,,4,9,,
SB222,Butler,Regular Session 2019,,H,,Pending third reading on day 10 Favorable from Education Policy,,,,,
SB223,Chambliss,Regular Session 2019,04/02/2019,S,,Read for the first time and referred to the Senate committee on Local Legislation,LL1,,,,
SB223,Chambliss,Regular Session 2019,04/03/2019,S,,Read for the second time and placed on the calendar,,,,,
SB223,Chambliss,Regular Session 2019,04/04/2019,S,,Third Reading Passed,,,,,
SB223,Chambliss,Regular Session 2019,04/04/2019,S,,Motion to Read a Third Time and Pass adopted Roll Call 145,,,,,Roll 145
SB223,Chambliss,Regular Session 2019,04/04/2019,H,,Read for the first time and referred to the House of Representatives committee on Local Legislation,LL,,,,
SB223,Chambliss,Regular Session 2019,04/09/2019,H,,Read for the second time and placed on the calendar,,,,,
SB223,Chambliss,Regular Session 2019,,H,,Pending third reading on day 9 Favorable from Local Legislation,,,,,
SB224,Waggoner,Regular Session 2019,04/03/2019,S,,Read for the first time and referred to the Senate committee on Transportation and Energy,T&E,,,,
SB225,Melson,Regular Session 2019,04/03/2019,S,,"Read for the first time and referred to the Senate committee on Agriculture, Conservation and Forestry",AC&F,,,,
SB225,Melson,Regular Session 2019,04/25/2019,S,,Read for the second time and placed on the calendar,,0,9,,
SB225,Melson,Regular Session 2019,,S,,"Pending third reading on day 14 Favorable from Agriculture, Conservation and Forestry",,,,,
SB226,Melson,Regular Session 2019,04/03/2019,S,,Read for the first time and referred to the Senate committee on Finance and Taxation Education,F&TE,,,,
SB226,Melson,Regular Session 2019,05/08/2019,S,,Read for the second time and placed on the calendar  1 amendment,,0,9,0,
SB226,Melson,Regular Session 2019,,S,,Pending third reading on day 18 Favorable from Finance and Taxation Education with 1 amendment,,,,,
SB226,Melson,Regular Session 2019,,S,200625-2,Finance and Taxation Education first Amendment Offered,,,,,
SB227,Stutts,Regular Session 2019,04/03/2019,S,,Read for the first time and referred to the Senate committee on Education Policy,ED,,,,
SB228,Orr,Regular Session 2019,04/03/2019,S,,Read for the first time and referred to the Senate committee on Governmental Affairs,GA,,,,
SB228,Orr,Regular Session 2019,04/09/2019,S,,Read for the second time and placed on the calendar  1 amendment,,0,10,0,
SB228,Orr,Regular Session 2019,04/16/2019,S,,Third Reading Passed,,,,,
SB228,Orr,Regular Session 2019,04/16/2019,S,198861-2,Governmental Affairs  Amendment Offered,,,,,
SB228,Orr,Regular Session 2019,04/16/2019,S,,Orr motion to Adopt adopted Roll Call 253,,,,,Roll 253
SB228,Orr,Regular Session 2019,04/16/2019,S,,Motion to Read a Third Time and Pass adopted Roll Call 254,,,,,Roll 254
SB228,Orr,Regular Session 2019,04/18/2019,S,,Engrossed,,,,,
SB228,Orr,Regular Session 2019,04/18/2019,H,,Read for the first time and referred to the House of Representatives committee on Ways and Means General Fund,W&MGF,,,,
SB228,Orr,Regular Session 2019,04/25/2019,H,,Read for the second time and placed on the calendar  1 amendment,,,,,
SB228,Orr,Regular Session 2019,04/30/2019,H,,Third Reading Passed,,,,,
SB228,Orr,Regular Session 2019,04/30/2019,H,199711-1,Ways and Means General Fund  Amendment Offered,,,,,
SB228,Orr,Regular Session 2019,04/30/2019,H,,Motion to Adopt adopted Roll Call 445,,,,,Roll 445
SB228,Orr,Regular Session 2019,04/30/2019,H,,Motion to Read a Third Time and Pass adopted Roll Call 446,,,,,Roll 446
SB228,Orr,Regular Session 2019,05/02/2019,S,,Concurrence Requested,,,,,
SB228,Orr,Regular Session 2019,05/02/2019,S,,Orr motion to Concur In and Adopt adopted Roll Call 489,,,,,Roll 489
SB228,Orr,Regular Session 2019,05/02/2019,H,,Concurred in Second House Amendment,,,,,
SB228,Orr,Regular Session 2019,05/02/2019,S,,Enrolled,,,,,
SB228,Orr,Regular Session 2019,05/02/2019,H,,Signature Requested,,,,,
SB228,Orr,Regular Session 2019,,S,,"Delivered to Governor at 12:39 p.m. on May 2, 2019",,,,,
SB229,Price,Regular Session 2019,04/03/2019,S,,Read for the first time and referred to the Senate committee on Governmental Affairs,GA,,,,
SB229,Price,Regular Session 2019,04/09/2019,S,,Read for the second time and placed on the calendar,,0,11,0,
SB229,Price,Regular Session 2019,04/18/2019,S,,Motion to Read a Third Time and Pass adopted Roll Call 343,,,,,Roll 343
SB229,Price,Regular Session 2019,04/23/2019,H,,"Read for the first time and referred to the House of Representatives committee on Constitution, Campaigns and Elections",CC&E,,,,
SB229,Price,Regular Session 2019,05/02/2019,H,,Read for the second time and placed on the calendar,,,,,
SB229,Price,Regular Session 2019,,H,,"Pending third reading on day 16 Favorable from Constitution, Campaigns and Elections",,,,,
SB230,Albritton,Regular Session 2019,04/03/2019,S,,Read for the first time and referred to the Senate committee on Governmental Affairs,GA,,,,
SB230,Albritton,Regular Session 2019,04/04/2019,S,,Rereferred to Committee on Judiciary,JUDY,,,,
SB231,Jones,Regular Session 2019,04/04/2019,S,,Read for the first time and referred to the Senate committee on Governmental Affairs,GA,,,,
SB231,Jones,Regular Session 2019,04/09/2019,S,,Read for the second time and placed on the calendar,,0,10,0,
SB231,Jones,Regular Session 2019,,S,,Pending third reading on day 9 Favorable from Governmental Affairs,,,,,
SB232,Burkette,Regular Session 2019,04/04/2019,S,,Read for the first time and referred to the Senate committee on Governmental Affairs,GA,,,,
SB232,Burkette,Regular Session 2019,04/23/2019,S,,Read for the second time and placed on the calendar,,0,8,0,
SB232,Burkette,Regular Session 2019,,S,,Pending third reading on day 13 Favorable from Governmental Affairs,,,,,
SB233,Albritton,Regular Session 2019,04/04/2019,S,,Read for the first time and referred to the Senate committee on Governmental Affairs,GA,,,,
SB234,Whatley,Regular Session 2019,04/04/2019,S,,"Read for the first time and referred to the Senate committee on Agriculture, Conservation and Forestry",AC&F,,,,
SB234,Whatley,Regular Session 2019,04/25/2019,S,,Read for the second time and placed on the calendar,,0,8,,
SB234,Whatley,Regular Session 2019,,S,,"Pending third reading on day 14 Favorable from Agriculture, Conservation and Forestry",,,,,
SB235,Singleton,Regular Session 2019,04/04/2019,S,,Read for the first time and referred to the Senate committee on Healthcare,HLTH,,,,
SB235,Singleton,Regular Session 2019,05/08/2019,S,,Read for the second time and placed on the calendar  with 1 substitute and 1 amendment,,2,10,0,
SB235,Singleton,Regular Session 2019,,S,200840-2,Healthcare first Amendment Offered,,,,,
SB235,Singleton,Regular Session 2019,,S,200268-3,Healthcare first Substitute Offered,,,,,
SB235,Singleton,Regular Session 2019,,S,,Pending third reading on day 18 Favorable from Healthcare with 1 substitute and 1 amendment,,,,,
SB236,Melson,Regular Session 2019,04/04/2019,S,,Read for the first time and referred to the Senate committee on Judiciary,JUDY,,,,
SB236,Melson,Regular Session 2019,04/25/2019,S,,Read for the second time and placed on the calendar with 1 substitute and,,2,6,3,
SB236,Melson,Regular Session 2019,05/08/2019,S,,Third Reading Open,,,,,
SB236,Melson,Regular Session 2019,05/08/2019,S,199712-2,Judiciary first Substitute Offered,,,,,
SB236,Melson,Regular Session 2019,05/08/2019,S,,Melson motion to Table adopted Voice Vote,,,,,
SB236,Melson,Regular Session 2019,05/08/2019,S,200482-1,Melson first Substitute Offered,,,,,
SB236,Melson,Regular Session 2019,05/08/2019,S,,Melson motion to Adopt adopted Roll Call 680,,,,,Roll 680
SB237,Ward,Regular Session 2019,04/04/2019,S,,Read for the first time and referred to the Senate committee on Governmental Affairs,GA,,,,
SB238,Ward,Regular Session 2019,04/04/2019,S,,Read for the first time and referred to the Senate committee on Judiciary,JUDY,,,,
SB238,Ward,Regular Session 2019,04/18/2019,S,,Read for the second time and placed on the calendar,,1,5,0,
SB238,Ward,Regular Session 2019,05/07/2019,S,,Third Reading Carried Over to Call of the Chair,,,,,
SB238,Ward,Regular Session 2019,05/07/2019,S,200755-1,Orr  Amendment Offered,,,,,
SB238,Ward,Regular Session 2019,05/07/2019,S,,Orr motion to Table adopted Voice Vote,,,,,
SB238,Ward,Regular Session 2019,05/07/2019,S,200747-1,Butler  Amendment Offered,,,,,
SB238,Ward,Regular Session 2019,05/07/2019,S,,Butler motion to Adopt adopted Roll Call 635,,,,,Roll 635
SB238,Ward,Regular Session 2019,05/07/2019,S,,Ward motion to Carry Over to the Call of the Chair adopted Voice Vote,,,,,
SB238,Ward,Regular Session 2019,05/07/2019,S,,Third Reading Passed,,,,,
SB238,Ward,Regular Session 2019,05/07/2019,S,200755-1,Orr  Amendment Offered,,,,,
SB238,Ward,Regular Session 2019,05/07/2019,S,,Orr motion to Adopt adopted Roll Call 639,,,,,
SB238,Ward,Regular Session 2019,05/07/2019,S,,Orr motion to Adopt adopted Roll Call 639,,,,,Roll 639
SB238,Ward,Regular Session 2019,05/07/2019,S,,Motion to Read a Third Time and Pass adopted Roll Call 640,,,,,Roll 640
SB238,Ward,Regular Session 2019,05/08/2019,S,,Engrossed,,,,,
SB238,Ward,Regular Session 2019,05/08/2019,H,,Read for the first time,,,,,
SB239,Williams,Regular Session 2019,04/04/2019,S,,Read for the first time and referred to the Senate committee on Banking and Insurance,B&I,,,,
SB239,Williams,Regular Session 2019,04/16/2019,S,,Read for the second time and placed on the calendar  1 amendment,,0,13,,
SB239,Williams,Regular Session 2019,,S,,Pending third reading on day 11 Favorable from Banking and Insurance with 1 amendment,,,,,
SB239,Williams,Regular Session 2019,,S,198932-2,Banking and Insurance first Amendment Offered,,,,,
SB240,Chesteen,Regular Session 2019,04/04/2019,S,,Read for the first time and referred to the Senate committee on Governmental Affairs,GA,,,,
SB240,Chesteen,Regular Session 2019,04/16/2019,S,,Reported from Governmental Affairs as Favorable,,0,11,0,
SB240,Chesteen,Regular Session 2019,04/30/2019,S,,Third Reading Passed,,,,,
SB240,Chesteen,Regular Session 2019,04/30/2019,S,,Motion to Read a Third Time and Pass adopted Roll Call 440,,,,,Roll 440
SB240,Chesteen,Regular Session 2019,04/30/2019,H,,"Read for the first time and referred to the House of Representatives committee on Constitution, Campaigns and Elections",CC&E,,,,
SB241,Stutts,Regular Session 2019,04/04/2019,S,,Read for the first time and referred to the Senate committee on Healthcare,HLTH,,,,
SB241,Stutts,Regular Session 2019,04/16/2019,S,,Read for the second time and placed on the calendar,,0,10,0,
SB241,Stutts,Regular Session 2019,,S,,Pending third reading on day 11 Favorable from Healthcare,,,,,
SB242,Givhan,Regular Session 2019,04/04/2019,S,,Read for the first time and referred to the Senate committee on Fiscal Responsibility and Economic Development,FRED,,,,
SB242,Givhan,Regular Session 2019,05/02/2019,S,,Read for the second time and placed on the calendar with 1 substitute and,,0,10,,
SB242,Givhan,Regular Session 2019,05/07/2019,S,,Third Reading Passed,,,,,
SB242,Givhan,Regular Session 2019,05/07/2019,S,199714-2,Fiscal Responsibility and Economic Development first Substitute Offered,,,,,
SB242,Givhan,Regular Session 2019,05/07/2019,S,,Givhan motion to Adopt adopted Roll Call 642,,,,,Roll 642
SB242,Givhan,Regular Session 2019,05/07/2019,S,,Motion to Read a Third Time and Pass adopted Roll Call 643,,,,,Roll 643
SB242,Givhan,Regular Session 2019,05/08/2019,S,,Engrossed,,,,,
SB242,Givhan,Regular Session 2019,05/08/2019,H,,Read for the first time,,,,,
SB243,Price,Regular Session 2019,04/04/2019,S,,Read for the first time and referred to the Senate committee on Governmental Affairs,GA,,,,
SB243,Price,Regular Session 2019,04/23/2019,S,,Read for the second time and placed on the calendar,,0,8,0,
SB243,Price,Regular Session 2019,05/08/2019,S,,Third Reading Passed,,,,,
SB243,Price,Regular Session 2019,05/08/2019,S,,Motion to Read a Third Time and Pass adopted Roll Call 673,,,,,Roll 673
SB243,Price,Regular Session 2019,,,,,,,,,
SB244,Livingston,Regular Session 2019,04/04/2019,S,,Read for the first time and referred to the Senate committee on Governmental Affairs,GA,,,,
SB244,Livingston,Regular Session 2019,04/09/2019,S,,Read for the second time and placed on the calendar,,2,9,0,
SB244,Livingston,Regular Session 2019,,S,,Pending third reading on day 9 Favorable from Governmental Affairs,,,,,
SB245,Butler,Regular Session 2019,04/04/2019,S,,Read for the first time and referred to the Senate committee on Healthcare,HLTH,,,,
SB245,Butler,Regular Session 2019,04/16/2019,S,,Read for the second time and placed on the calendar  1 amendment,,1,8,0,
SB245,Butler,Regular Session 2019,04/23/2019,S,,Third Reading Passed,,,,,
SB245,Butler,Regular Session 2019,04/23/2019,S,199259-2,Healthcare  Amendment Offered,,,,,
SB245,Butler,Regular Session 2019,04/23/2019,S,,Butler motion to Adopt adopted Roll Call 383,,,,,Roll 383
SB245,Butler,Regular Session 2019,04/23/2019,S,199742-1,Butler  Amendment Offered,,,,,
SB245,Butler,Regular Session 2019,04/23/2019,S,,Butler motion to Adopt adopted Roll Call 384,,,,,Roll 384
SB245,Butler,Regular Session 2019,04/23/2019,S,,Motion to Read a Third Time and Pass adopted Roll Call 385,,,,,Roll 385
SB245,Butler,Regular Session 2019,04/25/2019,S,,Engrossed,,,,,
SB245,Butler,Regular Session 2019,04/25/2019,H,,Read for the first time and referred to the House of Representatives committee on Health,HLTH,,,,
SB246,Gudger,Regular Session 2019,04/04/2019,S,,Read for the first time and referred to the Senate committee on Healthcare,HLTH,,,,
SB246,Gudger,Regular Session 2019,04/16/2019,S,,Read for the second time and placed on the calendar,,0,10,0,
SB246,Gudger,Regular Session 2019,04/18/2019,S,,Third Reading Passed,,,,,
SB246,Gudger,Regular Session 2019,04/18/2019,S,199597-1,Gudger  Amendment Offered,,,,,
SB246,Gudger,Regular Session 2019,04/18/2019,S,,Gudger motion to Adopt adopted Roll Call 318,,,,,Roll 318
SB246,Gudger,Regular Session 2019,04/18/2019,S,,Motion to Read a Third Time and Pass adopted Roll Call 319,,,,,Roll 319
SB246,Gudger,Regular Session 2019,04/18/2019,S,,Engrossed,,,,,
SB246,Gudger,Regular Session 2019,04/18/2019,H,,Read for the first time and referred to the House of Representatives committee on Judiciary,JUDY,,,,
SB246,Gudger,Regular Session 2019,04/25/2019,H,,Read for the second time and placed on the calendar,,,,,
SB246,Gudger,Regular Session 2019,,H,,Pending third reading on day 14 Favorable from Judiciary,,,,,
SB247,McClendon,Regular Session 2019,04/09/2019,S,,Read for the first time and referred to the Senate committee on Governmental Affairs,GA,,,,
SB247,McClendon,Regular Session 2019,04/16/2019,S,,Reported from Governmental Affairs as Favorable,,3,8,0,
SB247,McClendon,Regular Session 2019,,S,,Pending third reading on day 11 Favorable from Governmental Affairs,,,,,
SB248,McClendon,Regular Session 2019,04/09/2019,S,,Read for the first time and referred to the Senate committee on Finance and Taxation Education,F&TE,,,,
SB248,McClendon,Regular Session 2019,05/08/2019,S,,Read for the second time and placed on the calendar,,0,9,0,
SB248,McClendon,Regular Session 2019,,S,,Pending third reading on day 18 Favorable from Finance and Taxation Education,,,,,
SB249,Singleton,Regular Session 2019,04/09/2019,S,,Read for the first time and referred to the Senate committee on Fiscal Responsibility and Economic Development,FRED,,,,
SB249,Singleton,Regular Session 2019,04/16/2019,S,,Read for the second time and placed on the calendar  1 amendment,,0,10,,
SB249,Singleton,Regular Session 2019,,S,,Pending third reading on day 11 Favorable from Fiscal Responsibility and Economic Development with 1 amendment,,,,,
SB249,Singleton,Regular Session 2019,,S,199022-2,Fiscal Responsibility and Economic Development first Amendment Offered,,,,,
SB250,Elliott,Regular Session 2019,04/09/2019,S,,Read for the first time and referred to the Senate committee on Local Legislation,LL1,,,,
SB250,Elliott,Regular Session 2019,04/16/2019,S,,Read for the second time and placed on the calendar,,,,,
SB250,Elliott,Regular Session 2019,04/18/2019,S,,Third Reading Passed,,,,,
SB250,Elliott,Regular Session 2019,04/18/2019,S,199449-1,Albritton  Amendment Offered,,,,,
SB250,Elliott,Regular Session 2019,04/18/2019,S,,Albritton motion to Adopt adopted Roll Call 301,,,,,Roll 301
SB250,Elliott,Regular Session 2019,04/18/2019,S,,Motion to Read a Third Time and Pass adopted Roll Call 302,,,,,Roll 302
SB250,Elliott,Regular Session 2019,04/18/2019,S,,Engrossed,,,,,
SB250,Elliott,Regular Session 2019,04/18/2019,H,,Read for the first time and referred to the House of Representatives committee on Baldwin County Legislation,BCL,,,,
SB251,Smitherman,Regular Session 2019,04/09/2019,S,,Read for the first time and referred to the Senate committee on Judiciary,JUDY,,,,
SB251,Smitherman,Regular Session 2019,05/02/2019,S,,Read for the second time and placed on the calendar,,4,6,0,
SB251,Smitherman,Regular Session 2019,,S,,Pending third reading on day 16 Favorable from Judiciary,,,,,
SB252,Allen,Regular Session 2019,04/09/2019,S,,Read for the first time and referred to the Senate committee on Transportation and Energy,T&E,,,,
SB252,Allen,Regular Session 2019,04/16/2019,S,,Read for the second time and placed on the calendar  2 amendments,,0,12,0,
SB252,Allen,Regular Session 2019,04/18/2019,S,,Third Reading Passed,,,,,
SB252,Allen,Regular Session 2019,04/18/2019,S,199082-2,Transportation and Energy  Amendment Offered,,,,,
SB252,Allen,Regular Session 2019,04/18/2019,S,199075-3,Transportation and Energy  Amendment Offered,,,,,
SB252,Allen,Regular Session 2019,04/18/2019,S,,Allen motion to Adopt adopted Roll Call 329,,,,,Roll 329
SB252,Allen,Regular Session 2019,04/18/2019,S,,Allen motion to Adopt adopted Roll Call 330,,,,,Roll 330
SB252,Allen,Regular Session 2019,04/18/2019,S,,Motion to Read a Third Time and Pass adopted Roll Call 331,,,,,Roll 331
SB252,Allen,Regular Session 2019,04/23/2019,S,,Engrossed,,,,,
SB252,Allen,Regular Session 2019,04/23/2019,H,,Read for the first time and referred to the House of Representatives committee on State Government,SG,,,,
SB252,Allen,Regular Session 2019,05/02/2019,H,,Read for the second time and placed on the calendar,,,,,
SB252,Allen,Regular Session 2019,,H,,Pending third reading on day 16 Favorable from State Government,,,,,
SB253,Allen,Regular Session 2019,04/09/2019,S,,Read for the first time and referred to the Senate committee on Judiciary,JUDY,,,,
SB253,Allen,Regular Session 2019,05/08/2019,S,,Read for the second time and placed on the calendar,,0,5,0,
SB253,Allen,Regular Session 2019,,S,,Pending third reading on day 18 Favorable from Judiciary,,,,,
SB254,Burkette,Regular Session 2019,04/09/2019,S,,Read for the first time and referred to the Senate committee on Transportation and Energy,T&E,,,,
SB254,Burkette,Regular Session 2019,04/18/2019,S,,Read for the second time and placed on the calendar  with 1 substitute and 1 amendment,,0,13,,
SB254,Burkette,Regular Session 2019,,S,199581-2,Transportation and Energy first Amendment Offered,,,,,
SB254,Burkette,Regular Session 2019,,S,199458-2,Transportation and Energy first Substitute Offered,,,,,
SB254,Burkette,Regular Session 2019,,S,,Pending third reading on day 12 Favorable from Transportation and Energy with 1 substitute and 1 amendment,,,,,
SB255,Melson,Regular Session 2019,04/09/2019,S,,Read for the first time and referred to the Senate committee on Education Policy,ED,,,,
SB255,Melson,Regular Session 2019,04/16/2019,S,,Read for the second time and placed on the calendar,,0,9,,
SB255,Melson,Regular Session 2019,04/18/2019,S,,Third Reading Passed,,,,,
SB255,Melson,Regular Session 2019,04/18/2019,S,,Motion to Read a Third Time and Pass adopted Roll Call 316,,,,,Roll 316
SB255,Melson,Regular Session 2019,04/18/2019,H,,Read for the first time and referred to the House of Representatives committee on Education Policy,EP,,,,
SB256,Melson,Regular Session 2019,04/09/2019,S,,Read for the first time and referred to the Senate committee on Education Policy,ED,,,,
SB256,Melson,Regular Session 2019,04/25/2019,S,,Read for the second time and placed on the calendar  2 amendments,,0,7,,
SB256,Melson,Regular Session 2019,05/07/2019,S,,Third Reading Passed,,,,,
SB256,Melson,Regular Session 2019,05/07/2019,S,199304-2,Education Policy  Amendment Offered,,,,,
SB256,Melson,Regular Session 2019,05/07/2019,S,,Melson motion to Adopt adopted Roll Call 620,,,,,Roll 620
SB256,Melson,Regular Session 2019,05/07/2019,S,199304-2,Education Policy  Amendment Offered,,,,,
SB256,Melson,Regular Session 2019,05/07/2019,S,,Melson motion to Adopt adopted Roll Call 621,,,,,Roll 621
SB256,Melson,Regular Session 2019,05/07/2019,S,,Motion to Read a Third Time and Pass adopted Roll Call 622,,,,,Roll 622
SB256,Melson,Regular Session 2019,05/07/2019,S,,Engrossed,,,,,
SB256,Melson,Regular Session 2019,05/07/2019,H,,Read for the first time and referred to the House of Representatives committee on Health,HLTH,,,,
SB256,Melson,Regular Session 2019,,S,199190-2,Education Policy second Amendment Offered,,,,,
SB257,Waggoner,Regular Session 2019,04/09/2019,S,,Read for the first time and referred to the Senate committee on Governmental Affairs,GA,,,,
SB258,Livingston,Regular Session 2019,04/09/2019,S,,Read for the first time and referred to the Senate committee on Education Policy,ED,,,,
SB258,Livingston,Regular Session 2019,04/16/2019,S,,Read for the second time and placed on the calendar,,0,9,,
SB258,Livingston,Regular Session 2019,04/18/2019,S,,Third Reading Passed,,,,,
SB258,Livingston,Regular Session 2019,04/18/2019,S,199585-1,Figures  Amendment Offered,,,,,
SB258,Livingston,Regular Session 2019,04/18/2019,S,,Figures motion to Adopt adopted Roll Call 313,,,,,Roll 313
SB258,Livingston,Regular Session 2019,04/18/2019,S,,Motion to Read a Third Time and Pass adopted Roll Call 314,,,,,Roll 314
SB258,Livingston,Regular Session 2019,04/18/2019,S,,Engrossed,,,,,
SB258,Livingston,Regular Session 2019,04/18/2019,H,,Read for the first time and referred to the House of Representatives committee on Education Policy,EP,,,,
SB258,Livingston,Regular Session 2019,05/02/2019,H,,Read for the second time and placed on the calendar,,,,,
SB258,Livingston,Regular Session 2019,,H,,Pending third reading on day 16 Favorable from Education Policy,,,,,
SB259,Livingston,Regular Session 2019,04/09/2019,S,,Read for the first time and referred to the Senate committee on Local Legislation,LL1,,,,
SB259,Livingston,Regular Session 2019,04/23/2019,S,,Read for the second time and placed on the calendar,,,,,
SB259,Livingston,Regular Session 2019,04/25/2019,S,,Third Reading Passed,,,,,
SB259,Livingston,Regular Session 2019,04/25/2019,S,,Motion to Read a Third Time and Pass adopted Roll Call 392,,,,,Roll 392
SB259,Livingston,Regular Session 2019,04/25/2019,H,,Read for the first time and referred to the House of Representatives committee on Local Legislation,LL,,,,
SB259,Livingston,Regular Session 2019,04/30/2019,H,,Read for the second time and placed on the calendar,,,,,
SB259,Livingston,Regular Session 2019,,H,,Pending third reading on day 15 Favorable from Local Legislation,,,,,
SB260,Livingston,Regular Session 2019,04/09/2019,S,,Read for the first time and referred to the Senate committee on Local Legislation,LL1,,,,
SB260,Livingston,Regular Session 2019,04/25/2019,S,,Read for the second time and placed on the calendar,,,,,
SB260,Livingston,Regular Session 2019,04/30/2019,S,,Third Reading Passed,,,,,
SB260,Livingston,Regular Session 2019,04/30/2019,S,,Motion to Read a Third Time and Pass adopted Roll Call 469,,,,,Roll 469
SB260,Livingston,Regular Session 2019,04/30/2019,H,,Read for the first time and referred to the House of Representatives committee on Local Legislation,LL,,,,
SB261,Livingston,Regular Session 2019,04/09/2019,S,,Read for the first time and referred to the Senate committee on Finance and Taxation Education,F&TE,,,,
SB262,Holley,Regular Session 2019,04/09/2019,S,,Read for the first time and referred to the Senate committee on Judiciary,JUDY,,,,
SB263,Orr,Regular Session 2019,04/09/2019,S,,Read for the first time and referred to the Senate committee on Education Policy,ED,,,,
SB264,Orr,Regular Session 2019,04/09/2019,S,,Read for the first time and referred to the Senate committee on Transportation and Energy,T&E,,,,
SB265,Coleman-Madison,Regular Session 2019,04/09/2019,S,,Read for the first time and referred to the Senate committee on Governmental Affairs,GA,,,,
SB265,Coleman-Madison,Regular Session 2019,04/16/2019,S,,Reported from Governmental Affairs as Favorable with 1 substitute,,0,11,0,
SB265,Coleman-Madison,Regular Session 2019,,S,,Pending third reading on day 11 Favorable from Governmental Affairs with 1 substitute,,,,,
SB265,Coleman-Madison,Regular Session 2019,,S,199330-3,Governmental Affairs first Substitute Offered,,,,,
SB266,Stutts,Regular Session 2019,04/09/2019,S,,"Read for the first time and referred to the Senate committee on Children, Youth and Human Services",CY&HS,,,,
SB266,Stutts,Regular Session 2019,04/18/2019,S,,Read for the second time and placed on the calendar,,0,9,,
SB266,Stutts,Regular Session 2019,04/30/2019,S,,Third Reading Carried Over to Call of the Chair,,,,,
SB266,Stutts,Regular Session 2019,04/30/2019,S,200260-1,Stutts  Amendment Offered,,,,,
SB266,Stutts,Regular Session 2019,04/30/2019,S,,Stutts motion to Adopt adopted Roll Call 461,,,,,Roll 461
SB266,Stutts,Regular Session 2019,04/30/2019,S,,Stutts motion to Carry Over to the Call of the Chair adopted Voice Vote,,,,,
SB266,Stutts,Regular Session 2019,05/02/2019,S,,Third Reading Passed,,,,,
SB266,Stutts,Regular Session 2019,05/02/2019,S,200527-1,Sanders-Fortier  Amendment Offered,,,,,
SB266,Stutts,Regular Session 2019,05/02/2019,S,,Sanders-Fortier motion to Adopt adopted Roll Call 583,,,,,Roll 583
SB266,Stutts,Regular Session 2019,05/02/2019,S,,Motion to Read a Third Time and Pass adopted Roll Call 584,,,,,Roll 584
SB266,Stutts,Regular Session 2019,05/02/2019,S,,Engrossed,,,,,
SB266,Stutts,Regular Session 2019,05/02/2019,H,,Read for the first time and referred to the House of Representatives committee on Children and Senior Advocacy,C&SA,,,,
SB267,Stutts,Regular Session 2019,04/09/2019,S,,Read for the first time and referred to the Senate committee on Transportation and Energy,T&E,,,,
SB268,Orr,Regular Session 2019,04/09/2019,S,,Read for the first time and referred to the Senate committee on Fiscal Responsibility and Economic Development,FRED,,,,
SB268,Orr,Regular Session 2019,04/18/2019,S,,Read for the second time and placed on the calendar,,0,8,1,
SB268,Orr,Regular Session 2019,05/02/2019,S,,Third Reading Carried Over to Call of the Chair,,,,,
SB268,Orr,Regular Session 2019,05/02/2019,S,200183-1,Orr  Amendment Offered,,,,,
SB268,Orr,Regular Session 2019,05/02/2019,S,,Orr motion to Adopt adopted Roll Call 572,,,,,Roll 572
SB268,Orr,Regular Session 2019,05/02/2019,S,,Marsh motion to Carry Over to the Call of the Chair adopted Voice Vote,,,,,
SB268,Orr,Regular Session 2019,05/08/2019,S,,Third Reading Passed,,,,,
SB268,Orr,Regular Session 2019,05/08/2019,S,200925-1,Orr  Amendment Offered,,,,,
SB268,Orr,Regular Session 2019,05/08/2019,S,,Orr motion to Adopt adopted Roll Call 674,,,,,Roll 674
SB268,Orr,Regular Session 2019,05/08/2019,S,200843-1,Orr  Amendment Offered,,,,,
SB268,Orr,Regular Session 2019,05/08/2019,S,,Orr motion to Adopt adopted Roll Call 675,,,,,Roll 675
SB268,Orr,Regular Session 2019,05/08/2019,S,200915-1,Marsh  Amendment Offered,,,,,
SB268,Orr,Regular Session 2019,05/08/2019,S,,Marsh motion to Adopt adopted Roll Call 676,,,,,Roll 676
SB268,Orr,Regular Session 2019,05/08/2019,S,,Motion to Read a Third Time and Pass adopted Roll Call 677,,,,,Roll 677
SB269,Jones,Regular Session 2019,04/09/2019,S,,Read for the first time and referred to the Senate committee on Governmental Affairs,GA,,,,
SB269,Jones,Regular Session 2019,04/16/2019,S,,"Rereferred to Committee on Agriculture, Conservation and Forestry",AC&F,,,,
SB269,Jones,Regular Session 2019,04/18/2019,S,,Read for the second time and placed on the calendar  1 amendment,,0,12,,
SB269,Jones,Regular Session 2019,04/23/2019,S,,Third Reading Passed,,,,,
SB269,Jones,Regular Session 2019,04/23/2019,S,199492-2,"Agriculture, Conservation and Forestry  Amendment Offered",,,,,
SB269,Jones,Regular Session 2019,04/23/2019,S,,Jones motion to Adopt adopted Roll Call 380,,,,,Roll 380
SB269,Jones,Regular Session 2019,04/23/2019,S,,Motion to Read a Third Time and Pass adopted Roll Call 381,,,,,Roll 381
SB269,Jones,Regular Session 2019,04/25/2019,S,,Engrossed,,,,,
SB269,Jones,Regular Session 2019,04/25/2019,H,,Read for the first time and referred to the House of Representatives committee on Economic Development and Tourism,ED&T,,,,
SB269,Jones,Regular Session 2019,05/02/2019,H,,Read for the second time and placed on the calendar  1 amendment,,,,,
SB269,Jones,Regular Session 2019,,H,,Pending third reading on day 16 Favorable from Economic Development and Tourism with 1 amendment,,,,,
SB269,Jones,Regular Session 2019,,H,200171-4,Economic Development and Tourism first Amendment Offered,,,,,
SB270,Jones,Regular Session 2019,04/09/2019,S,,Read for the first time and referred to the Senate committee on Local Legislation,LL1,,,,
SB270,Jones,Regular Session 2019,04/23/2019,S,,Read for the second time and placed on the calendar,,,,,
SB270,Jones,Regular Session 2019,04/25/2019,S,,Third Reading Passed,,,,,
SB270,Jones,Regular Session 2019,04/25/2019,S,,Motion to Read a Third Time and Pass adopted Roll Call 396,,,,,Roll 396
SB270,Jones,Regular Session 2019,04/25/2019,H,,Read for the first time and referred to the House of Representatives committee on Local Legislation,LL,,,,
SB270,Jones,Regular Session 2019,05/02/2019,H,,Read for the second time and placed on the calendar,,,,,
SB270,Jones,Regular Session 2019,,H,,Pending third reading on day 16 Favorable from Local Legislation,,,,,
SB271,Jones,Regular Session 2019,04/09/2019,S,,Read for the first time and referred to the Senate committee on Governmental Affairs,GA,,,,
SB271,Jones,Regular Session 2019,04/16/2019,S,,"Rereferred to Committee on Agriculture, Conservation and Forestry",AC&F,,,,
SB271,Jones,Regular Session 2019,04/18/2019,S,,Read for the second time and placed on the calendar,,0,12,,
SB271,Jones,Regular Session 2019,,S,,"Pending third reading on day 12 Favorable from Agriculture, Conservation and Forestry",,,,,
SB272,Allen,Regular Session 2019,04/11/2019,S,,Read for the first time and referred to the Senate committee on Governmental Affairs,GA,,,,
SB273,Allen,Regular Session 2019,04/11/2019,S,,Read for the first time and referred to the Senate committee on Transportation and Energy,T&E,,,,
SB274,Singleton,Regular Session 2019,04/11/2019,S,,Read for the first time and referred to the Senate committee on Tourism,TM,,,,
SB274,Singleton,Regular Session 2019,04/25/2019,S,,Read for the second time and placed on the calendar  1 amendment,,0,8,0,
SB274,Singleton,Regular Session 2019,,S,,Pending third reading on day 14 Favorable from Tourism with 1 amendment,,,,,
SB274,Singleton,Regular Session 2019,,S,199732-2,Tourism first Amendment Offered,,,,,
SB275,Smitherman,Regular Session 2019,04/11/2019,S,,Read for the first time and referred to the Senate committee on Governmental Affairs,GA,,,,
SB275,Smitherman,Regular Session 2019,04/23/2019,S,,Read for the second time and placed on the calendar,,0,8,0,
SB275,Smitherman,Regular Session 2019,,S,,Pending third reading on day 13 Favorable from Governmental Affairs,,,,,
SB276,Smitherman,Regular Session 2019,04/11/2019,S,,Read for the first time and referred to the Senate committee on Transportation and Energy,T&E,,,,
SB276,Smitherman,Regular Session 2019,04/16/2019,S,,Rereferred to Committee on Tourism,TM,,,,
SB276,Smitherman,Regular Session 2019,04/23/2019,S,,Read for the second time and placed on the calendar,,0,10,,
SB276,Smitherman,Regular Session 2019,,S,,Pending third reading on day 13 Favorable from Tourism,,,,,
SB277,Smitherman,Regular Session 2019,04/11/2019,S,,"Read for the first time and referred to the Senate committee on Children, Youth and Human Services",CY&HS,,,,
SB277,Smitherman,Regular Session 2019,04/18/2019,S,,Read for the second time and placed on the calendar,,0,9,,
SB277,Smitherman,Regular Session 2019,04/30/2019,S,,Third Reading Passed,,,,,
SB277,Smitherman,Regular Session 2019,04/30/2019,S,,Motion to Read a Third Time and Pass adopted Roll Call 417,,,,,Roll 417
SB277,Smitherman,Regular Session 2019,04/30/2019,H,,Read for the first time and referred to the House of Representatives committee on Children and Senior Advocacy,C&SA,,,,
SB277,Smitherman,Regular Session 2019,05/08/2019,H,,Read for the second time and placed on the calendar,,,,,
SB277,Smitherman,Regular Session 2019,,H,,Pending third reading on day 18 Favorable from Children and Senior Advocacy,,,,,
SB278,Gudger,Regular Session 2019,04/16/2019,S,,Read for the first time and referred to the Senate committee on Fiscal Responsibility and Economic Development,FRED,,,,
SB278,Gudger,Regular Session 2019,04/25/2019,S,,Read for the second time and placed on the calendar  1 amendment,,0,8,,
SB278,Gudger,Regular Session 2019,05/02/2019,S,,Third Reading Passed,,,,,
SB278,Gudger,Regular Session 2019,05/02/2019,S,199936-2,Fiscal Responsibility and Economic Development  Amendment Offered,,,,,
SB278,Gudger,Regular Session 2019,05/02/2019,S,,Gudger motion to Adopt adopted Roll Call 574,,,,,Roll 574
SB278,Gudger,Regular Session 2019,05/02/2019,S,,Motion to Read a Third Time and Pass adopted Roll Call 575,,,,,Roll 575
SB278,Gudger,Regular Session 2019,05/02/2019,S,,Engrossed,,,,,
SB278,Gudger,Regular Session 2019,05/02/2019,H,,Read for the first time and referred to the House of Representatives committee on Commerce and Small Business,C&SB,,,,
SB278,Gudger,Regular Session 2019,05/07/2019,H,,Read for the second time and placed on the calendar,,,,,
SB278,Gudger,Regular Session 2019,,H,,Pending third reading on day 17 Favorable from Commerce and Small Business,,,,,
SB279,Smitherman,Regular Session 2019,04/16/2019,S,,Read for the first time and referred to the Senate committee on Judiciary,JUDY,,,,
SB279,Smitherman,Regular Session 2019,04/25/2019,S,,Read for the second time and placed on the calendar,,0,11,0,
SB279,Smitherman,Regular Session 2019,05/07/2019,S,,Third Reading Passed,,,,,
SB279,Smitherman,Regular Session 2019,05/07/2019,S,,Motion to Read a Third Time and Pass adopted Roll Call 645,,,,,Roll 645
SB279,Smitherman,Regular Session 2019,05/07/2019,H,,"Read for the first time and referred to the House of Representatives committee on Constitution, Campaigns and Elections",CC&E,,,,
SB280,Singleton,Regular Session 2019,04/16/2019,S,,Read for the first time and referred to the Senate committee on Transportation and Energy,T&E,,,,
SB281,Singleton,Regular Session 2019,04/16/2019,S,,Read for the first time and referred to the Senate committee on Education Policy,ED,,,,
SB281,Singleton,Regular Session 2019,04/25/2019,S,,Read for the second time and placed on the calendar,,0,8,,
SB281,Singleton,Regular Session 2019,05/02/2019,S,,Third Reading Passed,,,,,
SB281,Singleton,Regular Session 2019,05/02/2019,S,199854-1,Singleton first Substitute Offered,,,,,
SB281,Singleton,Regular Session 2019,05/02/2019,S,,Singleton motion to Adopt adopted Roll Call 577,,,,,Roll 577
SB281,Singleton,Regular Session 2019,05/02/2019,S,,Motion to Read a Third Time and Pass adopted Roll Call 578,,,,,Roll 578
SB281,Singleton,Regular Session 2019,05/02/2019,S,,Engrossed,,,,,
SB281,Singleton,Regular Session 2019,05/02/2019,H,,Read for the first time and referred to the House of Representatives committee on Education Policy,EP,,,,
SB282,Albritton,Regular Session 2019,04/16/2019,S,,"Read for the first time and referred to the Senate committee on Agriculture, Conservation and Forestry",AC&F,,,,
SB282,Albritton,Regular Session 2019,04/18/2019,S,,Read for the second time and placed on the calendar,,0,11,,
SB282,Albritton,Regular Session 2019,,S,,"Pending third reading on day 12 Favorable from Agriculture, Conservation and Forestry",,,,,
SB283,Scofield,Regular Session 2019,04/16/2019,S,,Read for the first time and referred to the Senate committee on Judiciary,JUDY,,,,
SB283,Scofield,Regular Session 2019,05/02/2019,S,,Read for the second time and placed on the calendar  1 amendment,,0,10,0,
SB283,Scofield,Regular Session 2019,,S,200273-2,Judiciary first Amendment Offered,,,,,
SB283,Scofield,Regular Session 2019,,S,,Pending third reading on day 16 Favorable from Judiciary with 1 amendment,,,,,
SB284,Livingston,Regular Session 2019,04/16/2019,S,,Read for the first time and referred to the Senate committee on Local Legislation,LL1,,,,
SB284,Livingston,Regular Session 2019,04/23/2019,S,,Read for the second time and placed on the calendar,,,,,
SB284,Livingston,Regular Session 2019,04/25/2019,S,,Third Reading Passed,,,,,
SB284,Livingston,Regular Session 2019,04/25/2019,S,,Motion to Read a Third Time and Pass adopted Roll Call 394,,,,,Roll 394
SB284,Livingston,Regular Session 2019,04/25/2019,H,,Read for the first time and referred to the House of Representatives committee on Local Legislation,LL,,,,
SB284,Livingston,Regular Session 2019,04/30/2019,H,,Read for the second time and placed on the calendar,,,,,
SB284,Livingston,Regular Session 2019,,H,,Pending third reading on day 15 Favorable from Local Legislation,,,,,
SB285,Livingston,Regular Session 2019,04/16/2019,S,,Read for the first time and referred to the Senate committee on Fiscal Responsibility and Economic Development,FRED,,,,
SB285,Livingston,Regular Session 2019,04/25/2019,S,,Read for the second time and placed on the calendar,,0,8,,
SB285,Livingston,Regular Session 2019,,S,,Pending third reading on day 14 Favorable from Fiscal Responsibility and Economic Development,,,,,
SB286,Livingston,Regular Session 2019,04/16/2019,S,,Read for the first time and referred to the Senate committee on Fiscal Responsibility and Economic Development,FRED,,,,
SB286,Livingston,Regular Session 2019,04/25/2019,S,,Read for the second time and placed on the calendar  1 amendment,,0,8,,
SB286,Livingston,Regular Session 2019,,S,,Pending third reading on day 14 Favorable from Fiscal Responsibility and Economic Development with 1 amendment,,,,,
SB286,Livingston,Regular Session 2019,,S,199769-2,Fiscal Responsibility and Economic Development first Amendment Offered,,,,,
SB287,Chambliss,Regular Session 2019,04/16/2019,S,,Read for the first time and referred to the Senate committee on Local Legislation,LL1,,,,
SB287,Chambliss,Regular Session 2019,04/25/2019,S,,Read for the second time and placed on the calendar,,,,,
SB287,Chambliss,Regular Session 2019,04/30/2019,S,,Third Reading Passed,,,,,
SB287,Chambliss,Regular Session 2019,04/30/2019,S,,Motion to Read a Third Time and Pass adopted Roll Call 465,,,,,Roll 465
SB287,Chambliss,Regular Session 2019,04/30/2019,H,,Read for the first time and referred to the House of Representatives committee on Local Legislation,LL,,,,
SB288,Smitherman,Regular Session 2019,04/16/2019,S,,Read for the first time and referred to the Senate committee on Finance and Taxation Education,F&TE,,,,
SB289,Melson,Regular Session 2019,04/16/2019,S,,Read for the first time and referred to the Senate committee on Fiscal Responsibility and Economic Development,FRED,,,,
SB289,Melson,Regular Session 2019,05/02/2019,S,,Read for the second time and placed on the calendar with 1 substitute and,,0,9,1,
SB289,Melson,Regular Session 2019,,S,,Pending third reading on day 16 Favorable from Fiscal Responsibility and Economic Development with 1 substitute,,,,,
SB289,Melson,Regular Session 2019,,S,199809-2,Fiscal Responsibility and Economic Development first Substitute Offered,,,,,
SB290,Gudger,Regular Session 2019,04/16/2019,S,,Read for the first time and referred to the Senate committee on Finance and Taxation General Fund,F&TG,,,,
SB290,Gudger,Regular Session 2019,04/25/2019,S,,Read for the second time and placed on the calendar,,0,12,,
SB290,Gudger,Regular Session 2019,,S,,Pending third reading on day 14 Favorable from Finance and Taxation General Fund,,,,,
SB291,Singleton,Regular Session 2019,04/16/2019,S,,Read for the first time and referred to the Senate committee on Finance and Taxation Education,F&TE,,,,
SB292,Waggoner,Regular Session 2019,04/16/2019,S,,Read for the first time and referred to the Senate committee on Jefferson County Legislation,LLJ,,,,
SB292,Waggoner,Regular Session 2019,05/02/2019,S,,Read for the second time and placed on the calendar,,0,4,0,
SB292,Waggoner,Regular Session 2019,05/07/2019,S,,Third Reading Passed,,,,,
SB292,Waggoner,Regular Session 2019,05/07/2019,S,,Motion to Read a Third Time and Pass adopted Roll Call 588,,,,,Roll 588
SB292,Waggoner,Regular Session 2019,05/07/2019,H,,Read for the first time and referred to the House of Representatives committee on Jefferson County Legislation,JCL,,,,
SB293,Melson,Regular Session 2019,04/16/2019,S,,Read for the first time and referred to the Senate committee on Education Policy,ED,,,,
SB293,Melson,Regular Session 2019,04/25/2019,S,,Read for the second time and placed on the calendar  with 1 substitute and 1 amendment,,2,8,,
SB293,Melson,Regular Session 2019,,S,199804-2,Education Policy first Substitute Offered,,,,,
SB293,Melson,Regular Session 2019,,S,199866-4,Education Policy first Amendment Offered,,,,,
SB293,Melson,Regular Session 2019,,S,,Pending third reading on day 14 Favorable from Education Policy with 1 substitute and 1 amendment,,,,,
SB294,Orr,Regular Session 2019,04/16/2019,S,,Read for the first time and referred to the Senate committee on Fiscal Responsibility and Economic Development,FRED,,,,
SB294,Orr,Regular Session 2019,04/25/2019,S,,Read for the second time and placed on the calendar,,1,7,2,
SB294,Orr,Regular Session 2019,,S,,Pending third reading on day 14 Favorable from Fiscal Responsibility and Economic Development,,,,,
SB295,Orr,Regular Session 2019,04/16/2019,S,,Read for the first time and referred to the Senate committee on Finance and Taxation Education,F&TE,,,,
SB295,Orr,Regular Session 2019,04/25/2019,S,,Read for the second time and placed on the calendar with 1 substitute and,,0,14,0,
SB295,Orr,Regular Session 2019,05/02/2019,S,,Third Reading Passed,,,,,
SB295,Orr,Regular Session 2019,05/02/2019,S,199819-2,Finance and Taxation Education first Substitute Offered,,,,,
SB295,Orr,Regular Session 2019,05/02/2019,S,,Orr motion to Adopt adopted Roll Call 554,,,,,Roll 554
SB295,Orr,Regular Session 2019,05/02/2019,S,,Motion to Read a Third Time and Pass adopted Roll Call 555,,,,,Roll 555
SB295,Orr,Regular Session 2019,05/02/2019,S,,Engrossed,,,,,
SB295,Orr,Regular Session 2019,05/02/2019,H,,Read for the first time and referred to the House of Representatives committee on Ways and Means Education,W&ME,,,,
SB296,Roberts,Regular Session 2019,04/16/2019,S,,Read for the first time and referred to the Senate committee on Finance and Taxation Education,F&TE,,,,
SB296,Roberts,Regular Session 2019,05/08/2019,S,,Read for the second time and placed on the calendar  2 amendments,,0,10,0,
SB296,Roberts,Regular Session 2019,,S,200631-2,Finance and Taxation Education second Amendment Offered,,,,,
SB296,Roberts,Regular Session 2019,,S,200650-2,Finance and Taxation Education first Amendment Offered,,,,,
SB296,Roberts,Regular Session 2019,,S,,Pending third reading on day 18 Favorable from Finance and Taxation Education with 2 amendments,,,,,
SB297,Givhan,Regular Session 2019,04/16/2019,S,,Read for the first time and referred to the Senate committee on Judiciary,JUDY,,,,
SB298,Whatley,Regular Session 2019,04/16/2019,S,,Read for the first time and referred to the Senate committee on Governmental Affairs,GA,,,,
SB298,Whatley,Regular Session 2019,05/02/2019,S,,Read for the second time and placed on the calendar  1 amendment,,0,8,0,
SB298,Whatley,Regular Session 2019,,S,200176-2,Governmental Affairs first Amendment Offered,,,,,
SB298,Whatley,Regular Session 2019,,S,,Pending third reading on day 16 Favorable from Governmental Affairs with 1 amendment,,,,,
SB299,Whatley,Regular Session 2019,04/16/2019,S,,Read for the first time and referred to the Senate committee on Finance and Taxation Education,F&TE,,,,
SB300,Beasley,Regular Session 2019,04/16/2019,S,,Read for the first time and referred to the Senate committee on Governmental Affairs,GA,,,,
SB300,Beasley,Regular Session 2019,05/07/2019,S,,Read for the second time and placed on the calendar  1 amendment,,0,8,0,
SB300,Beasley,Regular Session 2019,,S,200641-2,Governmental Affairs first Amendment Offered,,,,,
SB300,Beasley,Regular Session 2019,,S,,Pending third reading on day 17 Favorable from Governmental Affairs with 1 amendment,,,,,
SB301,Smitherman,Regular Session 2019,04/16/2019,S,,Read for the first time and referred to the Senate committee on Governmental Affairs,GA,,,,
SB301,Smitherman,Regular Session 2019,04/23/2019,S,,Read for the second time and placed on the calendar,,0,7,1,
SB301,Smitherman,Regular Session 2019,,S,,Pending third reading on day 13 Favorable from Governmental Affairs,,,,,
SB302,Smitherman,Regular Session 2019,04/16/2019,S,,Read for the first time and referred to the Senate committee on Fiscal Responsibility and Economic Development,FRED,,,,
SB302,Smitherman,Regular Session 2019,04/25/2019,S,,Read for the second time and placed on the calendar,,0,8,,
SB302,Smitherman,Regular Session 2019,05/08/2019,S,,Third Reading Passed,,,,,
SB302,Smitherman,Regular Session 2019,05/08/2019,S,,Motion to Read a Third Time and Pass adopted Roll Call 668,,,,,Roll 668
SB302,Smitherman,Regular Session 2019,,,,,,,,,
SB303,Ward,Regular Session 2019,04/16/2019,S,,Read for the first time and referred to the Senate committee on Governmental Affairs,GA,,,,
SB303,Ward,Regular Session 2019,04/23/2019,S,,Read for the second time and placed on the calendar,,0,11,0,
SB303,Ward,Regular Session 2019,,S,,Pending third reading on day 13 Favorable from Governmental Affairs,,,,,
SB304,Chambliss,Regular Session 2019,04/16/2019,S,,Read for the first time and referred to the Senate committee on Education Policy,ED,,,,
SB304,Chambliss,Regular Session 2019,05/02/2019,S,,Read for the second time and placed on the calendar,,0,11,,
SB304,Chambliss,Regular Session 2019,,S,,Pending third reading on day 16 Favorable from Education Policy,,,,,
SB305,Holley,Regular Session 2019,04/16/2019,S,,Read for the first time and referred to the Senate committee on Governmental Affairs,GA,,,,
SB305,Holley,Regular Session 2019,04/23/2019,S,,Read for the second time and placed on the calendar,,1,8,0,
SB305,Holley,Regular Session 2019,,S,,Pending third reading on day 13 Favorable from Governmental Affairs,,,,,
SB306,Allen,Regular Session 2019,04/16/2019,S,,Read for the first time and referred to the Senate committee on Transportation and Energy,T&E,,,,
SB307,Allen,Regular Session 2019,04/16/2019,S,,Read for the first time and referred to the Senate committee on Transportation and Energy,T&E,,,,
SB307,Allen,Regular Session 2019,04/25/2019,S,,Read for the second time and placed on the calendar,,0,10,1,
SB307,Allen,Regular Session 2019,,S,,Pending third reading on day 14 Favorable from Transportation and Energy,,,,,
SB308,Allen,Regular Session 2019,04/16/2019,S,,Read for the first time and referred to the Senate committee on Tourism,TM,,,,
SB308,Allen,Regular Session 2019,05/02/2019,S,,Read for the second time and placed on the calendar  1 amendment,,0,9,0,
SB308,Allen,Regular Session 2019,,S,200377-3,Tourism first Amendment Offered,,,,,
SB308,Allen,Regular Session 2019,,S,,Pending third reading on day 16 Favorable from Tourism with 1 amendment,,,,,
SB309,Waggoner,Regular Session 2019,04/18/2019,S,,Read for the first time and referred to the Senate committee on Jefferson County Legislation,LLJ,,,,
SB309,Waggoner,Regular Session 2019,05/02/2019,S,,Read for the second time and placed on the calendar,,0,4,0,
SB309,Waggoner,Regular Session 2019,05/07/2019,S,,Third Reading Passed,,,,,
SB309,Waggoner,Regular Session 2019,05/07/2019,S,,Motion to Read a Third Time and Pass adopted Roll Call 590,,,,,Roll 590
SB309,Waggoner,Regular Session 2019,05/07/2019,H,,Read for the first time and referred to the House of Representatives committee on Jefferson County Legislation,JCL,,,,
SB310,Beasley,Regular Session 2019,04/18/2019,S,,Read for the first time and referred to the Senate committee on Local Legislation,LL1,,,,
SB310,Beasley,Regular Session 2019,04/30/2019,S,,Read for the second time and placed on the calendar,,,,,
SB310,Beasley,Regular Session 2019,05/02/2019,S,,Third Reading Passed,,,,,
SB310,Beasley,Regular Session 2019,05/02/2019,S,,Motion to Read a Third Time and Pass adopted Roll Call 499,,,,,Roll 499
SB310,Beasley,Regular Session 2019,05/02/2019,H,,Read for the first time and referred to the House of Representatives committee on Local Legislation,LL,,,,
SB310,Beasley,Regular Session 2019,05/07/2019,H,,Read for the second time and placed on the calendar,,,,,
SB310,Beasley,Regular Session 2019,,H,,Pending third reading on day 17 Favorable from Local Legislation,,,,,
SB311,Marsh,Regular Session 2019,04/18/2019,S,,Read for the first time and referred to the Senate committee on Education Policy,ED,,,,
SB311,Marsh,Regular Session 2019,05/02/2019,S,,Read for the second time and placed on the calendar  2 amendments,,3,8,,
SB311,Marsh,Regular Session 2019,,S,200321-2,Education Policy second Amendment Offered,,,,,
SB311,Marsh,Regular Session 2019,,S,,Pending third reading on day 16 Favorable from Education Policy with 2 amendments,,,,,
SB311,Marsh,Regular Session 2019,,S,200254-2,Education Policy first Amendment Offered,,,,,
SB312,Smitherman,Regular Session 2019,04/18/2019,S,,Read for the first time and referred to the Senate committee on Transportation and Energy,T&E,,,,
SB312,Smitherman,Regular Session 2019,04/25/2019,S,,Read for the second time and placed on the calendar  2 amendments,,0,13,0,
SB312,Smitherman,Regular Session 2019,,S,199768-2,Transportation and Energy second Amendment Offered,,,,,
SB312,Smitherman,Regular Session 2019,,S,199868-2,Transportation and Energy first Amendment Offered,,,,,
SB312,Smitherman,Regular Session 2019,,S,,Pending third reading on day 14 Favorable from Transportation and Energy with 2 amendments,,,,,
SB313,Marsh,Regular Session 2019,04/18/2019,S,,Read for the first time and referred to the Senate committee on Governmental Affairs,GA,,,,
SB313,Marsh,Regular Session 2019,05/02/2019,S,,Read for the second time and placed on the calendar,,1,9,0,
SB313,Marsh,Regular Session 2019,05/08/2019,S,,Third Reading Passed,,,,,
SB313,Marsh,Regular Session 2019,05/08/2019,S,,Motion to Read a Third Time and Pass adopted Roll Call 666,,,,,Roll 666
SB313,Marsh,Regular Session 2019,,,,,,,,,
SB314,Singleton,Regular Session 2019,04/18/2019,S,,"Read for the first time and referred to the Senate committee on Agriculture, Conservation and Forestry",AC&F,,,,
SB314,Singleton,Regular Session 2019,04/25/2019,S,,Read for the second time and placed on the calendar,,0,8,,
SB314,Singleton,Regular Session 2019,05/07/2019,S,,Third Reading Passed,,,,,
SB314,Singleton,Regular Session 2019,05/07/2019,S,,Motion to Read a Third Time and Pass adopted Roll Call 624,,,,,Roll 624
SB314,Singleton,Regular Session 2019,05/07/2019,H,,Read for the first time and referred to the House of Representatives committee on Agriculture and Forestry,A&F,,,,
SB315,Roberts,Regular Session 2019,04/18/2019,S,,Read for the first time and referred to the Senate committee on Transportation and Energy,T&E,,,,
SB315,Roberts,Regular Session 2019,04/25/2019,S,,Read for the second time and placed on the calendar  2 amendments,,0,13,0,
SB315,Roberts,Regular Session 2019,05/08/2019,S,,Engrossed,,,,,
SB315,Roberts,Regular Session 2019,05/07/2019,S,,Third Reading Passed,,,,,
SB315,Roberts,Regular Session 2019,05/08/2019,H,,Read for the first time,,,,,
SB315,Roberts,Regular Session 2019,05/07/2019,S,200032-1,Transportation and Energy  Amendment Offered,,,,,
SB315,Roberts,Regular Session 2019,05/07/2019,S,199977-2,Transportation and Energy  Amendment Offered,,,,,
SB315,Roberts,Regular Session 2019,05/07/2019,S,,Roberts motion to Adopt adopted Roll Call 627,,,,,Roll 627
SB315,Roberts,Regular Session 2019,05/07/2019,S,,Roberts motion to Adopt adopted Roll Call 628,,,,,Roll 628
SB315,Roberts,Regular Session 2019,05/07/2019,S,,Motion to Read a Third Time and Pass adopted Roll Call 629,,,,,Roll 629
SB315,Roberts,Regular Session 2019,,S,199977-2,Transportation and Energy first Amendment Offered,,,,,
SB316,Ward,Regular Session 2019,04/18/2019,S,,Read for the first time and referred to the Senate committee on Transportation and Energy,T&E,,,,
SB316,Ward,Regular Session 2019,05/02/2019,S,,Read for the second time and placed on the calendar,,0,9,,
SB316,Ward,Regular Session 2019,,S,,Pending third reading on day 16 Favorable from Transportation and Energy,,,,,
SB317,Chambliss,Regular Session 2019,04/18/2019,S,,Read for the first time and referred to the Senate committee on Governmental Affairs,GA,,,,
SB317,Chambliss,Regular Session 2019,05/07/2019,S,,Read for the second time and placed on the calendar,,0,7,0,
SB317,Chambliss,Regular Session 2019,,S,,Pending third reading on day 17 Favorable from Governmental Affairs,,,,,
SB318,Chesteen,Regular Session 2019,04/18/2019,S,,Read for the first time and referred to the Senate committee on Transportation and Energy,T&E,,,,
SB318,Chesteen,Regular Session 2019,04/25/2019,S,,Read for the second time and placed on the calendar  1 amendment,,0,13,0,
SB318,Chesteen,Regular Session 2019,,S,,Pending third reading on day 14 Favorable from Transportation and Energy with 1 amendment,,,,,
SB318,Chesteen,Regular Session 2019,,S,199831-3,Transportation and Energy first Amendment Offered,,,,,
SB319,Barfoot,Regular Session 2019,04/18/2019,S,,Read for the first time and referred to the Senate committee on Finance and Taxation General Fund,F&TG,,,,
SB320,Figures,Regular Session 2019,04/18/2019,S,,Read for the first time and referred to the Senate committee on Judiciary,JUDY,,,,
SB320,Figures,Regular Session 2019,05/02/2019,S,,Read for the second time and placed on the calendar,,0,9,0,
SB320,Figures,Regular Session 2019,,S,,Pending third reading on day 16 Favorable from Judiciary,,,,,
SB321,Singleton,Regular Session 2019,04/18/2019,S,,Read for the first time and referred to the Senate committee on Local Legislation,LL1,,,,
SB321,Singleton,Regular Session 2019,04/23/2019,S,,Read for the second time and rereferred to committee Tourism,TM,,,,
SB321,Singleton,Regular Session 2019,04/25/2019,S,,Reported from Committee,,0,8,0,
SB321,Singleton,Regular Session 2019,05/02/2019,S,,Engrossed,,,,,
SB321,Singleton,Regular Session 2019,04/30/2019,S,,Pending third reading on day 13 Favorable from Tourism with 2 amendments,,,,,
SB321,Singleton,Regular Session 2019,05/02/2019,H,,Read for the first time and referred to the House of Representatives committee on Local Legislation,LL,,,,
SB321,Singleton,Regular Session 2019,04/30/2019,S,199840-2,Tourism  Amendment Offered,,,,,
SB321,Singleton,Regular Session 2019,04/30/2019,S,199924-2,Tourism  Amendment Offered,,,,,
SB321,Singleton,Regular Session 2019,04/30/2019,S,,Chambliss motion to Carry Over to the Call of the Chair adopted Voice Vote,,,,,
SB321,Singleton,Regular Session 2019,04/30/2019,S,,Third Reading Passed,,,,,
SB321,Singleton,Regular Session 2019,04/30/2019,S,199840-2,Tourism  Amendment Offered,,,,,
SB321,Singleton,Regular Session 2019,04/30/2019,S,,Marsh motion to Adopt adopted Roll Call 471,,,,,Roll 471
SB321,Singleton,Regular Session 2019,04/30/2019,S,199924-2,Tourism  Amendment Offered,,,,,
SB321,Singleton,Regular Session 2019,04/30/2019,S,,Marsh motion to Adopt adopted Roll Call 472,,,,,Roll 472
SB321,Singleton,Regular Session 2019,04/30/2019,S,,Motion to Read a Third Time and Pass adopted Roll Call 473,,,,,Roll 473
SB322,Beasley,Regular Session 2019,04/23/2019,S,,Read for the first time and referred to the Senate committee on Local Legislation,LL1,,,,
SB322,Beasley,Regular Session 2019,04/25/2019,S,,Read for the second time and rereferred to committee Tourism,TM,,,,
SB322,Beasley,Regular Session 2019,05/02/2019,S,,Reported from Committee,,0,9,0,
SB322,Beasley,Regular Session 2019,05/07/2019,S,,Pending third reading on day 15 Favorable from Tourism with 1 amendment,,,,,
SB322,Beasley,Regular Session 2019,05/07/2019,S,,Beasley motion to Carry Over to the Call of the Chair adopted Voice Vote,,,,,
SB322,Beasley,Regular Session 2019,05/07/2019,S,,Third Reading Carried Over to Call of the Chair,,,,,
SB322,Beasley,Regular Session 2019,05/07/2019,S,,Beasley motion to Carry Over to the Call of the Chair adopted Voice Vote,,,,,
SB322,Beasley,Regular Session 2019,05/08/2019,S,,Third Reading Carried Over to Call of the Chair,,,,,
SB322,Beasley,Regular Session 2019,05/08/2019,S,,Beasley motion to Carry Over to the Call of the Chair adopted Voice Vote,,,,,
SB322,Beasley,Regular Session 2019,,S,,Further Consideration,,,,,
SB322,Beasley,Regular Session 2019,,S,200258-3,Tourism first Amendment Offered,,,,,
SB323,Chambliss,Regular Session 2019,04/23/2019,S,,Read for the first time and referred to the Senate committee on Local Legislation,LL1,,,,
SB323,Chambliss,Regular Session 2019,04/30/2019,S,,Read for the second time and placed on the calendar,,,,,
SB323,Chambliss,Regular Session 2019,05/02/2019,S,,Third Reading Passed,,,,,
SB323,Chambliss,Regular Session 2019,05/02/2019,S,,Motion to Read a Third Time and Pass adopted Roll Call 497,,,,,Roll 497
SB323,Chambliss,Regular Session 2019,05/02/2019,H,,Read for the first time and referred to the House of Representatives committee on Local Legislation,LL,,,,
SB323,Chambliss,Regular Session 2019,05/07/2019,H,,Read for the second time and placed on the calendar,,,,,
SB323,Chambliss,Regular Session 2019,,H,,Pending third reading on day 17 Favorable from Local Legislation,,,,,
SB324,Chesteen,Regular Session 2019,04/23/2019,S,,"Read for the first time and referred to the Senate committee on Agriculture, Conservation and Forestry",AC&F,,,,
SB324,Chesteen,Regular Session 2019,04/25/2019,S,,Read for the second time and placed on the calendar,,0,8,,
SB324,Chesteen,Regular Session 2019,05/02/2019,S,,Third Reading Passed,,,,,
SB324,Chesteen,Regular Session 2019,05/02/2019,S,,Motion to Read a Third Time and Pass adopted Roll Call 582,,,,,Roll 582
SB324,Chesteen,Regular Session 2019,05/02/2019,H,,Read for the first time and referred to the House of Representatives committee on Agriculture and Forestry,A&F,,,,
SB324,Chesteen,Regular Session 2019,05/07/2019,H,,Read for the second time and placed on the calendar,,,,,
SB324,Chesteen,Regular Session 2019,,H,,Pending third reading on day 17 Favorable from Agriculture and Forestry,,,,,
SB325,Singleton,Regular Session 2019,04/25/2019,S,,Read for the first time and referred to the Senate committee on Judiciary,JUDY,,,,
SB326,Chambliss,Regular Session 2019,04/25/2019,S,,Read for the first time and referred to the Senate committee on Local Legislation,LL1,,,,
SB326,Chambliss,Regular Session 2019,04/30/2019,S,,Read for the second time and placed on the calendar,,,,,
SB326,Chambliss,Regular Session 2019,05/02/2019,S,,Third Reading Passed,,,,,
SB326,Chambliss,Regular Session 2019,05/02/2019,S,,Motion to Read a Third Time and Pass adopted Roll Call 501,,,,,Roll 501
SB326,Chambliss,Regular Session 2019,05/02/2019,H,,Read for the first time and referred to the House of Representatives committee on Local Legislation,LL,,,,
SB327,Chambliss,Regular Session 2019,04/25/2019,S,,Read for the first time and referred to the Senate committee on Local Legislation,LL1,,,,
SB327,Chambliss,Regular Session 2019,04/30/2019,S,,Read for the second time and placed on the calendar,,,,,
SB327,Chambliss,Regular Session 2019,05/02/2019,S,,Third Reading Passed,,,,,
SB327,Chambliss,Regular Session 2019,05/02/2019,S,,Motion to Read a Third Time and Pass adopted Roll Call 503,,,,,Roll 503
SB327,Chambliss,Regular Session 2019,05/02/2019,H,,Read for the first time and referred to the House of Representatives committee on Local Legislation,LL,,,,
SB328,Melson,Regular Session 2019,04/25/2019,S,,Read for the first time and referred to the Senate committee on Fiscal Responsibility and Economic Development,FRED,,,,
SB328,Melson,Regular Session 2019,05/07/2019,S,,Read for the second time and placed on the calendar with 1 substitute and,,0,8,,
SB328,Melson,Regular Session 2019,,S,,Pending third reading on day 17 Favorable from Fiscal Responsibility and Economic Development with 1 substitute,,,,,
SB328,Melson,Regular Session 2019,,S,200383-3,Fiscal Responsibility and Economic Development first Substitute Offered,,,,,
SB329,Gudger,Regular Session 2019,04/25/2019,S,,Read for the first time and referred to the Senate committee on Finance and Taxation General Fund,F&TG,,,,
SB330,Albritton,Regular Session 2019,04/30/2019,S,,Read for the first time and referred to the Senate committee on Healthcare,HLTH,,,,
SB331,Albritton,Regular Session 2019,04/30/2019,S,,Read for the first time and referred to the Senate committee on Local Legislation,LL1,,,,
SB331,Albritton,Regular Session 2019,05/07/2019,S,,Read for the second time and placed on the calendar,,,,,
SB331,Albritton,Regular Session 2019,05/08/2019,S,,Third Reading Passed,,,,,
SB331,Albritton,Regular Session 2019,05/08/2019,S,,Motion to Read a Third Time and Pass adopted Roll Call 651,,,,,Roll 651
SB331,Albritton,Regular Session 2019,05/08/2019,S,,Albritton motion to adopt Local Application Resolution adopted Roll Call 652,,,,,Roll 652
SB331,Albritton,Regular Session 2019,05/08/2019,H,,Read for the first time and referred to the House of Representatives committee on Baldwin County Legislation,BCL,,,,
SB332,Albritton,Regular Session 2019,04/30/2019,S,,Read for the first time and referred to the Senate committee on Local Legislation,LL1,,,,
SB332,Albritton,Regular Session 2019,05/07/2019,S,,Read for the second time and placed on the calendar,,,,,
SB332,Albritton,Regular Session 2019,05/08/2019,S,,Third Reading Passed,,,,,
SB332,Albritton,Regular Session 2019,05/08/2019,S,,Motion to Read a Third Time and Pass adopted Roll Call 656,,,,,Roll 656
SB332,Albritton,Regular Session 2019,05/08/2019,H,,Read for the first time and referred to the House of Representatives committee on Baldwin County Legislation,BCL,,,,
SB333,Price,Regular Session 2019,04/30/2019,S,,Read for the first time and referred to the Senate committee on Governmental Affairs,GA,,,,
SB334,Jones,Regular Session 2019,04/30/2019,S,,Read for the first time and referred to the Senate committee on Local Legislation,LL1,,,,
SB334,Jones,Regular Session 2019,05/02/2019,S,,Read for the second time and placed on the calendar,,,,,
SB334,Jones,Regular Session 2019,05/07/2019,S,,Third Reading Passed,,,,,
SB334,Jones,Regular Session 2019,05/07/2019,S,,Motion to Read a Third Time and Pass adopted Roll Call 595,,,,,Roll 595
SB334,Jones,Regular Session 2019,05/07/2019,H,,Read for the first time and referred to the House of Representatives committee on Local Legislation,LL,,,,
SB334,Jones,Regular Session 2019,,H,,Acted on by Local Legislation as Favorable,,,,,
SB335,Coleman-Madison,Regular Session 2019,04/30/2019,S,,Read for the first time and referred to the Senate committee on Finance and Taxation Education,F&TE,,,,
SB336,Ward,Regular Session 2019,04/30/2019,S,,Read for the first time and referred to the Senate committee on Judiciary,JUDY,,,,
SB337,Coleman-Madison,Regular Session 2019,04/30/2019,S,,Read for the first time and referred to the Senate committee on Judiciary,JUDY,,,,
SB338,Coleman-Madison,Regular Session 2019,04/30/2019,S,,Read for the first time and referred to the Senate committee on Judiciary,JUDY,,,,
SB339,Coleman-Madison,Regular Session 2019,04/30/2019,S,,Read for the first time and referred to the Senate committee on Fiscal Responsibility and Economic Development,FRED,,,,
SB340,Coleman-Madison,Regular Session 2019,04/30/2019,S,,Read for the first time and referred to the Senate committee on Education Policy,ED,,,,
SB341,Coleman-Madison,Regular Session 2019,04/30/2019,S,,Read for the first time and referred to the Senate committee on Education Policy,ED,,,,
SB342,Coleman-Madison,Regular Session 2019,04/30/2019,S,,Read for the first time and referred to the Senate committee on Governmental Affairs,GA,,,,
SB343,Whatley,Regular Session 2019,04/30/2019,S,,Read for the first time and referred to the Senate committee on Fiscal Responsibility and Economic Development,FRED,,,,
SB344,Orr,Regular Session 2019,04/30/2019,S,,Read for the first time and referred to the Senate committee on Local Legislation,LL1,,,,
SB344,Orr,Regular Session 2019,05/02/2019,S,,Read for the second time and placed on the calendar,,,,,
SB344,Orr,Regular Session 2019,05/07/2019,S,,Third Reading Passed,,,,,
SB344,Orr,Regular Session 2019,05/07/2019,S,,Motion to Read a Third Time and Pass adopted Roll Call 593,,,,,Roll 593
SB344,Orr,Regular Session 2019,05/07/2019,H,,Read for the first time and referred to the House of Representatives committee on Local Legislation,LL,,,,
SB345,Ward,Regular Session 2019,04/30/2019,S,,Read for the first time and referred to the Senate committee on Judiciary,JUDY,,,,
SB346,Ward,Regular Session 2019,04/30/2019,S,,Read for the first time and referred to the Senate committee on Tourism,TM,,,,
SB347,Sessions,Regular Session 2019,04/30/2019,S,,Read for the first time and referred to the Senate committee on Transportation and Energy,T&E,,,,
SB348,Allen,Regular Session 2019,04/30/2019,S,,Read for the first time and referred to the Senate committee on Transportation and Energy,T&E,,,,
SB349,Chambliss,Regular Session 2019,04/30/2019,S,,Read for the first time and referred to the Senate committee on Local Legislation,LL1,,,,
SB349,Chambliss,Regular Session 2019,05/02/2019,S,,Read for the second time and placed on the calendar,,,,,
SB349,Chambliss,Regular Session 2019,05/07/2019,S,,Third Reading Passed,,,,,
SB349,Chambliss,Regular Session 2019,05/07/2019,S,,Motion to Read a Third Time and Pass adopted Roll Call 603,,,,,Roll 603
SB349,Chambliss,Regular Session 2019,05/07/2019,H,,Read for the first time and referred to the House of Representatives committee on Local Legislation,LL,,,,
SB349,Chambliss,Regular Session 2019,,H,,Acted on by Local Legislation as Favorable,,,,,
SB350,Chambliss,Regular Session 2019,04/30/2019,S,,Read for the first time and referred to the Senate committee on Local Legislation,LL1,,,,
SB350,Chambliss,Regular Session 2019,05/02/2019,S,,Read for the second time and placed on the calendar,,,,,
SB350,Chambliss,Regular Session 2019,05/07/2019,S,,Third Reading Passed,,,,,
SB350,Chambliss,Regular Session 2019,05/07/2019,S,,Motion to Read a Third Time and Pass adopted Roll Call 605,,,,,Roll 605
SB350,Chambliss,Regular Session 2019,05/07/2019,H,,Read for the first time and referred to the House of Representatives committee on Local Legislation,LL,,,,
SB350,Chambliss,Regular Session 2019,,H,,Acted on by Local Legislation as Favorable,,,,,
SB351,Chambliss,Regular Session 2019,04/30/2019,S,,Read for the first time and referred to the Senate committee on Governmental Affairs,GA,,,,
SB351,Chambliss,Regular Session 2019,05/07/2019,S,,Read for the second time and placed on the calendar with 1 substitute and,,0,6,1,
SB351,Chambliss,Regular Session 2019,,S,200599-2,Governmental Affairs first Substitute Offered,,,,,
SB351,Chambliss,Regular Session 2019,,S,,Pending third reading on day 17 Favorable from Governmental Affairs with 1 substitute,,,,,
SB352,Jones,Regular Session 2019,04/30/2019,S,,Read for the first time and referred to the Senate committee on Local Legislation,LL1,,,,
SB352,Jones,Regular Session 2019,05/02/2019,S,,Read for the second time and placed on the calendar,,,,,
SB352,Jones,Regular Session 2019,05/07/2019,S,,Third Reading Passed,,,,,
SB352,Jones,Regular Session 2019,05/07/2019,S,,Motion to Read a Third Time and Pass adopted Roll Call 597,,,,,Roll 597
SB352,Jones,Regular Session 2019,05/07/2019,H,,Read for the first time and referred to the House of Representatives committee on Local Legislation,LL,,,,
SB353,Jones,Regular Session 2019,04/30/2019,S,,Read for the first time and referred to the Senate committee on Local Legislation,LL1,,,,
SB353,Jones,Regular Session 2019,05/02/2019,S,,Read for the second time and placed on the calendar,,,,,
SB353,Jones,Regular Session 2019,05/07/2019,S,,Third Reading Passed,,,,,
SB353,Jones,Regular Session 2019,05/07/2019,S,,Motion to Read a Third Time and Pass adopted Roll Call 599,,,,,Roll 599
SB353,Jones,Regular Session 2019,05/07/2019,H,,Read for the first time and referred to the House of Representatives committee on Local Legislation,LL,,,,
SB354,Jones,Regular Session 2019,04/30/2019,S,,Read for the first time and referred to the Senate committee on Local Legislation,LL1,,,,
SB354,Jones,Regular Session 2019,05/02/2019,S,,Read for the second time and placed on the calendar,,,,,
SB354,Jones,Regular Session 2019,05/07/2019,S,,Third Reading Passed,,,,,
SB354,Jones,Regular Session 2019,05/07/2019,S,,Motion to Read a Third Time and Pass adopted Roll Call 601,,,,,Roll 601
SB354,Jones,Regular Session 2019,05/07/2019,H,,Read for the first time and referred to the House of Representatives committee on Local Legislation,LL,,,,
SB355,Singleton,Regular Session 2019,04/30/2019,S,,Read for the first time and referred to the Senate committee on Education Policy,ED,,,,
SB356,Smitherman,Regular Session 2019,04/30/2019,S,,"Read for the first time and referred to the Senate committee on Children, Youth and Human Services",CY&HS,,,,
SB356,Smitherman,Regular Session 2019,05/08/2019,S,,Read for the second time and placed on the calendar,,0,6,,
SB356,Smitherman,Regular Session 2019,,S,,"Pending third reading on day 18 Favorable from Children, Youth and Human Services",,,,,
SB357,Smitherman,Regular Session 2019,04/30/2019,S,,Read for the first time and referred to the Senate committee on Governmental Affairs,GA,,,,
SB358,Scofield,Regular Session 2019,04/30/2019,S,,Read for the first time and referred to the Senate committee on Education Policy,ED,,,,
SB358,Scofield,Regular Session 2019,05/08/2019,S,,Read for the second time and placed on the calendar,,0,6,,
SB358,Scofield,Regular Session 2019,,S,,Pending third reading on day 18 Favorable from Education Policy,,,,,
SB359,Scofield,Regular Session 2019,04/30/2019,S,,Read for the first time and referred to the Senate committee on Judiciary,JUDY,,,,
SB360,Singleton,Regular Session 2019,04/30/2019,S,,Read for the first time and referred to the Senate committee on Healthcare,HLTH,,,,
SB361,Waggoner,Regular Session 2019,05/02/2019,S,,Read for the first time and referred to the Senate committee on Governmental Affairs,GA,,,,
SB362,Singleton,Regular Session 2019,05/02/2019,S,,Read for the first time and referred to the Senate committee on Finance and Taxation Education,F&TE,,,,
SB363,Smitherman,Regular Session 2019,05/02/2019,S,,Read for the first time and referred to the Senate committee on Governmental Affairs,GA,,,,
SB364,Coleman-Madison,Regular Session 2019,05/02/2019,S,,Read for the first time and referred to the Senate committee on Finance and Taxation Education,F&TE,,,,
SB365,Whatley,Regular Session 2019,05/02/2019,S,,Read for the first time and referred to the Senate committee on Veterans and Military Affairs,V&MA,,,,
SB365,Whatley,Regular Session 2019,05/08/2019,S,,Read for the second time and placed on the calendar,,0,8,0,
SB365,Whatley,Regular Session 2019,,S,,Pending third reading on day 18 Favorable from Veterans and Military Affairs,,,,,
SB366,Elliott,Regular Session 2019,05/02/2019,S,,Read for the first time and referred to the Senate committee on Local Legislation,LL1,,,,
SB366,Elliott,Regular Session 2019,05/07/2019,S,,Read for the second time and placed on the calendar,,,,,
SB366,Elliott,Regular Session 2019,05/08/2019,S,,Third Reading Passed,,,,,
SB366,Elliott,Regular Session 2019,05/08/2019,S,,Motion to Read a Third Time and Pass adopted Roll Call 654,,,,,Roll 654
SB366,Elliott,Regular Session 2019,05/08/2019,H,,Read for the first time and referred to the House of Representatives committee on Baldwin County Legislation,BCL,,,,
SB367,Albritton,Regular Session 2019,05/02/2019,S,,Read for the first time and referred to the Senate committee on Local Legislation,LL1,,,,
SB367,Albritton,Regular Session 2019,05/07/2019,S,,Read for the second time and placed on the calendar with 1 substitute and,,,,,
SB367,Albritton,Regular Session 2019,05/08/2019,S,,Third Reading Passed,,,,,
SB367,Albritton,Regular Session 2019,05/08/2019,S,200537-3,Local Legislation first Substitute Offered,,,,,
SB367,Albritton,Regular Session 2019,05/08/2019,S,,Elliott motion to Adopt adopted Roll Call 658,,,,,Roll 658
SB367,Albritton,Regular Session 2019,05/08/2019,S,,Motion to Read a Third Time and Pass adopted Roll Call 659,,,,,Roll 659
SB367,Albritton,Regular Session 2019,05/08/2019,S,,Engrossed,,,,,
SB367,Albritton,Regular Session 2019,05/08/2019,H,,Read for the first time and referred to the House of Representatives committee on Baldwin County Legislation,BCL,,,,
SB368,Shelnutt,Regular Session 2019,05/02/2019,S,,Read for the first time and referred to the Senate committee on Fiscal Responsibility and Economic Development,FRED,,,,
SB369,Sessions,Regular Session 2019,05/02/2019,S,,"Read for the first time and referred to the Senate committee on Agriculture, Conservation and Forestry",AC&F,,,,
SB370,Chambliss,Regular Session 2019,05/02/2019,S,,Read for the first time and referred to the Senate committee on Governmental Affairs,GA,,,,
SB371,Beasley,Regular Session 2019,05/02/2019,S,,Read for the first time and referred to the Senate committee on Governmental Affairs,GA,,,,
SB372,Ward,Regular Session 2019,05/02/2019,S,,Read for the first time and referred to the Senate committee on Governmental Affairs,GA,,,,
SB373,Marsh,Regular Session 2019,05/02/2019,S,,Read for the first time and referred to the Senate committee on Transportation and Energy,T&E,,,,
SB373,Marsh,Regular Session 2019,05/07/2019,S,,Read for the second time and placed on the calendar,,0,9,0,
SB373,Marsh,Regular Session 2019,,S,,Pending third reading on day 17 Favorable from Transportation and Energy,,,,,
SB374,Livingston,Regular Session 2019,05/02/2019,S,,Read for the first time and referred to the Senate committee on Finance and Taxation Education,F&TE,,,,
SB375,Roberts,Regular Session 2019,05/02/2019,S,,Read for the first time and referred to the Senate committee on Finance and Taxation Education,F&TE,,,,
SB376,Figures,Regular Session 2019,05/02/2019,S,,Read for the first time and referred to the Senate committee on Healthcare,HLTH,,,,
SB377,Givhan,Regular Session 2019,05/02/2019,S,,Read for the first time and referred to the Senate committee on Judiciary,JUDY,,,,
SB378,Livingston,Regular Session 2019,05/07/2019,S,,Read for the first time and referred to the Senate committee on Finance and Taxation Education,F&TE,,,,
SB379,Price,Regular Session 2019,05/07/2019,S,,Read for the first time and referred to the Senate committee on Governmental Affairs,GA,,,,
SB380,Givhan,Regular Session 2019,05/07/2019,S,,Read for the first time and referred to the Senate committee on Madison County Legislation,LLMA,,,,
SB380,Givhan,Regular Session 2019,05/08/2019,S,,Rereferred to Committee on Local Legislation,LL1,,,,
SB381,Butler,Regular Session 2019,05/07/2019,S,,Read for the first time and referred to the Senate committee on Local Legislation,LL1,,,,
SB381,Butler,Regular Session 2019,05/08/2019,S,,Read for the second time and placed on the calendar,,,,,
SB381,Butler,Regular Session 2019,,S,,Pending third reading on day 18 Favorable from Local Legislation,,,,,
SB382,Ward,Regular Session 2019,05/07/2019,S,,Read for the first time and referred to the Senate committee on Judiciary,JUDY,,,,
SB383,Jones,Regular Session 2019,05/07/2019,S,,Read for the first time and referred to the Senate committee on Local Legislation,LL1,,,,
SB383,Jones,Regular Session 2019,05/08/2019,S,,Read for the second time and placed on the calendar,,,,,
SB383,Jones,Regular Session 2019,,S,,Pending third reading on day 18 Favorable from Local Legislation,,,,,
SB384,Jones,Regular Session 2019,05/07/2019,S,,Read for the first time and referred to the Senate committee on Local Legislation,LL1,,,,
SB384,Jones,Regular Session 2019,05/08/2019,S,,Read for the second time and placed on the calendar,,,,,
SB384,Jones,Regular Session 2019,,S,,Pending third reading on day 18 Favorable from Local Legislation,,,,,
SB385,Jones,Regular Session 2019,05/07/2019,S,,Read for the first time and referred to the Senate committee on Local Legislation,LL1,,,,
SB385,Jones,Regular Session 2019,05/08/2019,S,,Read for the second time and placed on the calendar,,,,,
SB385,Jones,Regular Session 2019,,S,,Pending third reading on day 18 Favorable from Local Legislation,,,,,
SB386,Smitherman,Regular Session 2019,05/07/2019,S,,Read for the first time and referred to the Senate committee on Judiciary,JUDY,,,,
SB387,,Regular Session 2019,05/07/2019,S,,Read for the first time and referred to the Senate committee on Finance and Taxation General Fund,F&TG,,,,
SB388,Williams,Regular Session 2019,03/20/2019,H,,Read for the first time and referred to the House of Representatives committee on Judiciary,JUDY,,,,
SB388,Williams,Regular Session 2019,04/03/2019,H,,Read for the second time and placed on the calendar,,,,,
SB388,Williams,Regular Session 2019,04/04/2019,H,,Third Reading Passed,,,,,
SB388,Williams,Regular Session 2019,04/04/2019,H,,Motion to Read a Third Time and Pass adopted Roll Call 124,,,,,Roll 124
SB388,Williams,Regular Session 2019,04/04/2019,S,,Read for the first time and referred to the Senate committee on Judiciary,JUDY,,,,
SB388,Williams,Regular Session 2019,04/18/2019,S,,Read for the second time and placed on the calendar,,0,11,0,
SB388,Williams,Regular Session 2019,04/23/2019,S,,Third Reading Passed,,,,,
SB388,Williams,Regular Session 2019,04/23/2019,S,,Motion to Read a Third Time and Pass adopted Roll Call 359,,,,,Roll 359
SB388,Williams,Regular Session 2019,04/23/2019,H,,Passed Second House,,,,,
SB388,Williams,Regular Session 2019,04/23/2019,H,,Enrolled,,,,,
SB388,Williams,Regular Session 2019,04/25/2019,S,,Signature Requested,,,,,
SB388,Williams,Regular Session 2019,04/25/2019,H,,Clerk of the House Certification,,,,,
SB388,Williams,Regular Session 2019,,H,,Assigned Act No. 2019-94.,,,,,
SB388,Williams,Regular Session 2019,,H,,"Delivered to Governor at 10:16 a.m. on April 25, 2019.",,,,,
SB389,Gudger,Regular Session 2019,05/07/2019,S,,Read for the first time and referred to the Senate committee on Governmental Affairs,GA,,,,
SB390,Gudger,Regular Session 2019,05/07/2019,S,,Read for the first time and referred to the Senate committee on Finance and Taxation Education,F&TE,,,,
SB391,McClendon,Regular Session 2019,05/08/2019,S,,Read for the first time and referred to the Senate committee on Healthcare,HLTH,,,,
SB392,Price,Regular Session 2019,05/08/2019,S,,Read for the first time and referred to the Senate committee on Judiciary,JUDY,,,,
SB393,Elliott,Regular Session 2019,05/08/2019,S,,Read for the first time and referred to the Senate committee on Local Legislation,LL1,,,,
SJR1,Waggoner,Regular Session 2019,03/05/2019,S,,Introduced,,,,,
SJR1,Waggoner,Regular Session 2019,03/05/2019,S,,Waggoner motion to Adopt adopted Voice Vote,,,,,
SJR1,Waggoner,Regular Session 2019,03/05/2019,H,,Received in House of Representatives and referred to the House of Representatives committee on Rules,RULES,,,,
SJR1,Waggoner,Regular Session 2019,03/21/2019,H,,Reported from Rules,,,,,
SJR1,Waggoner,Regular Session 2019,03/21/2019,H,,Jones (M) motion to Concur In and Adopt adopted Voice Vote,,,,,
SJR1,Waggoner,Regular Session 2019,03/21/2019,S,,Passed Second House,,,,,
SJR2,Waggoner,Regular Session 2019,03/05/2019,S,,Introduced,,,,,
SJR2,Waggoner,Regular Session 2019,03/05/2019,S,,Waggoner motion to Adopt adopted Voice Vote,,,,,
SJR2,Waggoner,Regular Session 2019,03/05/2019,H,,Received in House of Representatives and referred to the House of Representatives committee on Rules,RULES,,,,
SJR2,Waggoner,Regular Session 2019,03/21/2019,H,,Reported from Rules,,,,,
SJR2,Waggoner,Regular Session 2019,03/21/2019,H,,Jones (M) motion to Concur In and Adopt adopted Voice Vote,,,,,
SJR2,Waggoner,Regular Session 2019,03/21/2019,S,,Passed Second House,,,,,
SJR3,Whatley,Regular Session 2019,03/05/2019,S,,Introduced,,,,,
SJR3,Whatley,Regular Session 2019,03/05/2019,S,,Whatley motion to Adopt adopted Voice Vote,,,,,
SJR3,Whatley,Regular Session 2019,03/05/2019,H,,Received in House of Representatives and referred to the House of Representatives committee on Rules,RULES,,,,
SJR3,Whatley,Regular Session 2019,03/21/2019,H,,Reported from Rules,,,,,
SJR3,Whatley,Regular Session 2019,03/21/2019,H,,Jones (M) motion to Concur In and Adopt adopted Voice Vote,,,,,
SJR3,Whatley,Regular Session 2019,03/21/2019,S,,Passed Second House,,,,,
SJR3,Whatley,Regular Session 2019,03/21/2019,S,,Enrolled,,,,,
SJR3,Whatley,Regular Session 2019,03/21/2019,H,,Signature Requested,,,,,
SJR3,Whatley,Regular Session 2019,,S,,"Delivered to Governor at 2:01 p.m. on March 21, 2019",,,,,
SJR4,McClendon,Regular Session 2019,03/05/2019,S,,Introduced,,,,,
SJR4,McClendon,Regular Session 2019,03/05/2019,S,,McClendon motion to Adopt adopted Voice Vote,,,,,
SJR4,McClendon,Regular Session 2019,03/05/2019,H,,Received in House of Representatives and referred to the House of Representatives committee on Rules,RULES,,,,
SJR4,McClendon,Regular Session 2019,03/21/2019,H,,Reported from Rules,,,,,
SJR4,McClendon,Regular Session 2019,03/21/2019,H,,Jones (M) motion to Concur In and Adopt adopted Voice Vote,,,,,
SJR4,McClendon,Regular Session 2019,03/21/2019,S,,Passed Second House,,,,,
SJR4,McClendon,Regular Session 2019,03/21/2019,S,,Enrolled,,,,,
SJR4,McClendon,Regular Session 2019,03/21/2019,H,,Signature Requested,,,,,
SJR4,McClendon,Regular Session 2019,,S,,"Delivered to Governor at 2:01 p.m. on March 21, 2019",,,,,
SJR5,Orr,Regular Session 2019,03/05/2019,S,,Introduced,,,,,
SJR5,Orr,Regular Session 2019,03/05/2019,S,,Orr motion to Adopt adopted Voice Vote,,,,,
SJR5,Orr,Regular Session 2019,03/05/2019,H,,Received in House of Representatives and referred to the House of Representatives committee on Rules,RULES,,,,
SJR5,Orr,Regular Session 2019,03/21/2019,H,,Reported from Rules,,,,,
SJR5,Orr,Regular Session 2019,03/21/2019,H,,Jones (M) motion to Concur In and Adopt adopted Voice Vote,,,,,
SJR5,Orr,Regular Session 2019,03/21/2019,S,,Enrolled,,,,,
SJR5,Orr,Regular Session 2019,03/21/2019,S,,"Delivered to Governor at 2:01 p.m. on March 21, 2019",,,,,
SJR5,Orr,Regular Session 2019,03/21/2019,H,,Signature Requested,,,,,
SJR6,Marsh,Regular Session 2019,03/19/2019,S,,Introduced,,,,,
SJR6,Marsh,Regular Session 2019,03/19/2019,S,,Marsh motion to Adopt adopted Voice Vote,,,,,
SJR6,Marsh,Regular Session 2019,03/19/2019,H,,Received in House of Representatives and referred to the House of Representatives committee on Rules,RULES,,,,
SJR6,Marsh,Regular Session 2019,03/21/2019,H,,Reported from Rules,,,,,
SJR6,Marsh,Regular Session 2019,03/21/2019,H,,Jones (M) motion to Concur In and Adopt adopted Voice Vote,,,,,
SJR6,Marsh,Regular Session 2019,03/21/2019,S,,Passed Second House,,,,,
SJR6,Marsh,Regular Session 2019,03/21/2019,S,,Enrolled,,,,,
SJR6,Marsh,Regular Session 2019,03/21/2019,H,,Signature Requested,,,,,
SJR6,Marsh,Regular Session 2019,,S,,"Delivered to Governor at 2:01 p.m. on March 21, 2019",,,,,
SJR7,Burkette,Regular Session 2019,03/19/2019,S,,Introduced,,,,,
SJR7,Burkette,Regular Session 2019,03/19/2019,S,,Burkette motion to Adopt adopted Voice Vote,,,,,
SJR7,Burkette,Regular Session 2019,03/19/2019,H,,Received in House of Representatives and referred to the House of Representatives committee on Rules,RULES,,,,
SJR7,Burkette,Regular Session 2019,03/21/2019,H,,Reported from Rules,,,,,
SJR7,Burkette,Regular Session 2019,03/21/2019,H,,Jones (M) motion to Concur In and Adopt adopted Voice Vote,,,,,
SJR7,Burkette,Regular Session 2019,03/21/2019,S,,Passed Second House,,,,,
SJR7,Burkette,Regular Session 2019,03/21/2019,S,,Enrolled,,,,,
SJR7,Burkette,Regular Session 2019,03/21/2019,H,,Signature Requested,,,,,
SJR7,Burkette,Regular Session 2019,,S,,"Delivered to Governor at 2:01 p.m. on March 21, 2019",,,,,
SJR8,Waggoner,Regular Session 2019,03/19/2019,S,,Introduced,,,,,
SJR8,Waggoner,Regular Session 2019,03/19/2019,S,,Waggoner motion to Adopt adopted Voice Vote,,,,,
SJR8,Waggoner,Regular Session 2019,03/19/2019,H,,Received in House of Representatives and referred to the House of Representatives committee on Rules,RULES,,,,
SJR8,Waggoner,Regular Session 2019,03/21/2019,H,,Reported from Rules,,,,,
SJR8,Waggoner,Regular Session 2019,03/21/2019,H,,Jones (M) motion to Concur In and Adopt adopted Voice Vote,,,,,
SJR8,Waggoner,Regular Session 2019,03/21/2019,S,,Passed Second House,,,,,
SJR8,Waggoner,Regular Session 2019,03/21/2019,S,,Enrolled,,,,,
SJR8,Waggoner,Regular Session 2019,03/21/2019,H,,Signature Requested,,,,,
SJR8,Waggoner,Regular Session 2019,,S,,"Delivered to Governor at 2:01 p.m. on March 21, 2019",,,,,
SJR9,Sessions,Regular Session 2019,03/19/2019,S,,Introduced,,,,,
SJR9,Sessions,Regular Session 2019,03/19/2019,S,,Sessions motion to Adopt adopted Voice Vote,,,,,
SJR9,Sessions,Regular Session 2019,03/19/2019,H,,Received in House of Representatives and referred to the House of Representatives committee on Rules,RULES,,,,
SJR9,Sessions,Regular Session 2019,03/21/2019,H,,Reported from Rules,,,,,
SJR9,Sessions,Regular Session 2019,03/21/2019,H,,Jones (M) motion to Concur In and Adopt adopted Voice Vote,,,,,
SJR9,Sessions,Regular Session 2019,03/21/2019,S,,Passed Second House,,,,,
SJR9,Sessions,Regular Session 2019,03/21/2019,S,,Enrolled,,,,,
SJR9,Sessions,Regular Session 2019,03/21/2019,H,,Signature Requested,,,,,
SJR9,Sessions,Regular Session 2019,,S,,"Delivered to Governor at 2:01 p.m. on March 21, 2019",,,,,
SJR10,McClendon,Regular Session 2019,03/19/2019,S,,Introduced,,,,,
SJR10,McClendon,Regular Session 2019,03/19/2019,S,,McClendon motion to Adopt adopted Voice Vote,,,,,
SJR10,McClendon,Regular Session 2019,03/19/2019,H,,Received in House of Representatives and referred to the House of Representatives committee on Rules,RULES,,,,
SJR10,McClendon,Regular Session 2019,03/21/2019,H,,Reported from Rules,,,,,
SJR10,McClendon,Regular Session 2019,03/21/2019,H,,Jones (M) motion to Concur In and Adopt adopted Voice Vote,,,,,
SJR10,McClendon,Regular Session 2019,03/21/2019,S,,Passed Second House,,,,,
SJR10,McClendon,Regular Session 2019,03/21/2019,S,,Enrolled,,,,,
SJR10,McClendon,Regular Session 2019,03/21/2019,H,,Signature Requested,,,,,
SJR10,McClendon,Regular Session 2019,,S,,"Delivered to Governor at 2:01 p.m. on March 21, 2019",,,,,
SJR11,Allen,Regular Session 2019,03/19/2019,S,,Introduced and referred to the Senate committee on Rules,RULES,,,,
SJR11,Allen,Regular Session 2019,04/02/2019,S,,Reported from Rules,,,,,
SJR11,Allen,Regular Session 2019,04/02/2019,S,,Waggoner motion to Adopt adopted Voice Vote,,,,,
SJR11,Allen,Regular Session 2019,04/02/2019,H,,Received in House of Representatives and referred to the House of Representatives committee on Rules,RULES,,,,
SJR11,Allen,Regular Session 2019,04/30/2019,H,,Reported from Rules,,,,,
SJR11,Allen,Regular Session 2019,04/30/2019,H,,Jones (M) motion to Concur In and Adopt adopted Voice Vote,,,,,
SJR11,Allen,Regular Session 2019,04/30/2019,S,,Passed Second House,,,,,
SJR11,Allen,Regular Session 2019,05/02/2019,S,,Enrolled,,,,,
SJR11,Allen,Regular Session 2019,05/02/2019,H,,Signature Requested,,,,,
SJR11,Allen,Regular Session 2019,,S,,"Delivered to Governor at 10:18 a.m. on May 2, 2019",,,,,
SJR12,Allen,Regular Session 2019,03/19/2019,S,,Introduced,,,,,
SJR12,Allen,Regular Session 2019,03/19/2019,S,,Allen motion to Adopt adopted Voice Vote,,,,,
SJR12,Allen,Regular Session 2019,03/19/2019,H,,Received in House of Representatives and referred to the House of Representatives committee on Rules,RULES,,,,
SJR12,Allen,Regular Session 2019,03/21/2019,H,,Reported from Rules with 1 substitute and,,,,,
SJR12,Allen,Regular Session 2019,03/21/2019,H,197521-5,Rules Substitute Offered,,,,,
SJR12,Allen,Regular Session 2019,03/21/2019,H,,Motion to Adopt adopted Voice Vote,,,,,
SJR12,Allen,Regular Session 2019,03/21/2019,H,,Jones (M) motion to Concur In and Adopt adopted Voice Vote,,,,,
SJR12,Allen,Regular Session 2019,04/02/2019,S,,Concurrence Requested,,,,,
SJR12,Allen,Regular Session 2019,04/02/2019,S,,Allen motion to Concur In and Adopt adopted Voice Vote,,,,,
SJR12,Allen,Regular Session 2019,04/02/2019,H,,Concurred in Second House Amendment,,,,,
SJR12,Allen,Regular Session 2019,04/02/2019,S,,Enrolled,,,,,
SJR12,Allen,Regular Session 2019,04/02/2019,H,,Signature Requested,,,,,
SJR12,Allen,Regular Session 2019,,H,,Assigned Act No. 2019-13.,,,,,
SJR12,Allen,Regular Session 2019,,S,,"Forwarded to Governor at 3:52 p.m. on April 2, 2019",,,,,
SJR13,Allen,Regular Session 2019,03/19/2019,S,,Introduced,,,,,
SJR13,Allen,Regular Session 2019,03/19/2019,S,,Allen motion to Adopt adopted Voice Vote,,,,,
SJR13,Allen,Regular Session 2019,03/19/2019,H,,Received in House of Representatives and referred to the House of Representatives committee on Rules,RULES,,,,
SJR13,Allen,Regular Session 2019,03/21/2019,H,,Reported from Rules,,,,,
SJR13,Allen,Regular Session 2019,03/21/2019,H,,Jones (M) motion to Concur In and Adopt adopted Voice Vote,,,,,
SJR13,Allen,Regular Session 2019,03/21/2019,S,,Passed Second House,,,,,
SJR13,Allen,Regular Session 2019,03/21/2019,S,,Enrolled,,,,,
SJR13,Allen,Regular Session 2019,03/21/2019,H,,Signature Requested,,,,,
SJR13,Allen,Regular Session 2019,,S,,"Delivered to Governor at 2:01 p.m. on March 21, 2019",,,,,
SR14,Rules,Regular Session 2019,03/20/2019,S,,Introduced,,,,,
SR14,Rules,Regular Session 2019,03/20/2019,S,,Waggoner motion to Adopt adopted Roll Call 18,,,,,Roll 18
SJR15,Stutts,Regular Session 2019,03/21/2019,S,,Introduced,,,,,
SJR15,Stutts,Regular Session 2019,03/21/2019,S,,Stutts motion to Adopt adopted Voice Vote,,,,,
SJR15,Stutts,Regular Session 2019,03/21/2019,H,,Received in House of Representatives and referred to the House of Representatives committee on Rules,RULES,,,,
SJR15,Stutts,Regular Session 2019,04/04/2019,H,,Reported from Rules,,,,,
SJR15,Stutts,Regular Session 2019,04/04/2019,H,,Jones (M) motion to Concur In and Adopt adopted Voice Vote,,,,,
SJR15,Stutts,Regular Session 2019,04/04/2019,S,,Passed Second House,,,,,
SJR15,Stutts,Regular Session 2019,04/09/2019,S,,Enrolled,,,,,
SJR15,Stutts,Regular Session 2019,04/09/2019,H,,Signature Requested,,,,,
SJR15,Stutts,Regular Session 2019,,S,,"Delivered to Governor at 3:17 p.m. on April 9, 2019",,,,,
SJR15,Stutts,Regular Session 2019,,S,,Assigned Act No. 2019-27.,,,,,
SJR16,Chambliss,Regular Session 2019,03/21/2019,S,,Introduced,,,,,
SJR16,Chambliss,Regular Session 2019,03/21/2019,S,,Chambliss motion to Adopt adopted Voice Vote,,,,,
SJR16,Chambliss,Regular Session 2019,03/21/2019,H,,Received in House of Representatives and referred to the House of Representatives committee on Rules,RULES,,,,
SJR16,Chambliss,Regular Session 2019,04/04/2019,H,,Reported from Rules,,,,,
SJR16,Chambliss,Regular Session 2019,04/04/2019,H,,Jones (M) motion to Concur In and Adopt adopted Voice Vote,,,,,
SJR16,Chambliss,Regular Session 2019,04/04/2019,S,,Passed Second House,,,,,
SJR16,Chambliss,Regular Session 2019,04/09/2019,S,,Enrolled,,,,,
SJR16,Chambliss,Regular Session 2019,04/09/2019,H,,Signature Requested,,,,,
SJR16,Chambliss,Regular Session 2019,,S,,"Delivered to Governor at 3:17 p.m. on April 9, 2019",,,,,
SJR16,Chambliss,Regular Session 2019,,S,,Assigned Act No. 2019-28.,,,,,
SJR17,Chambliss,Regular Session 2019,03/21/2019,S,,Introduced,,,,,
SJR17,Chambliss,Regular Session 2019,03/21/2019,S,,Chambliss motion to Adopt adopted Voice Vote,,,,,
SJR17,Chambliss,Regular Session 2019,03/21/2019,H,,Received in House of Representatives and referred to the House of Representatives committee on Rules,RULES,,,,
SJR17,Chambliss,Regular Session 2019,04/11/2019,H,,Reported from Rules,,,,,
SJR17,Chambliss,Regular Session 2019,04/11/2019,H,,Jones (M) motion to Concur In and Adopt adopted Voice Vote,,,,,
SJR17,Chambliss,Regular Session 2019,04/11/2019,S,,Passed Second House,,,,,
SJR17,Chambliss,Regular Session 2019,04/16/2019,S,,Enrolled,,,,,
SJR17,Chambliss,Regular Session 2019,04/16/2019,H,,Signature Requested,,,,,
SJR17,Chambliss,Regular Session 2019,,S,,Assigned Act No. 2019-65.,,,,,
SJR17,Chambliss,Regular Session 2019,,S,,Forwarded to Governor,,,,,
SR18,Rules,Regular Session 2019,03/21/2019,S,,Introduced,,,,,
SR18,Rules,Regular Session 2019,03/21/2019,S,,Waggoner motion to Adopt adopted Roll Call 27,,,,,Roll 27
SR19,Rules,Regular Session 2019,03/21/2019,S,,Introduced,,,,,
SR19,Rules,Regular Session 2019,03/21/2019,S,,Waggoner motion to Adopt adopted Roll Call 50,,,,,Roll 50
SJR20,Singleton,Regular Session 2019,04/02/2019,S,,Introduced,,,,,
SJR20,Singleton,Regular Session 2019,04/02/2019,S,,Singleton motion to Adopt adopted Voice Vote,,,,,
SJR20,Singleton,Regular Session 2019,04/03/2019,H,,Received in House of Representatives and referred to the House of Representatives committee on Rules,RULES,,,,
SJR20,Singleton,Regular Session 2019,04/09/2019,H,,Reported from Rules,,,,,
SJR20,Singleton,Regular Session 2019,04/09/2019,H,,Jones (M) motion to Concur In and Adopt adopted Voice Vote,,,,,
SJR20,Singleton,Regular Session 2019,04/09/2019,S,,Passed Second House,,,,,
SJR20,Singleton,Regular Session 2019,04/09/2019,S,,Enrolled,,,,,
SJR20,Singleton,Regular Session 2019,04/09/2019,H,,Signature Requested,,,,,
SJR20,Singleton,Regular Session 2019,,S,,Assigned Act No. 2019-32.,,,,,
SJR21,Whatley,Regular Session 2019,04/02/2019,S,,Introduced,,,,,
SJR21,Whatley,Regular Session 2019,04/02/2019,S,,Whatley motion to Adopt adopted Voice Vote,,,,,
SJR21,Whatley,Regular Session 2019,04/02/2019,H,,Received in House of Representatives and referred to the House of Representatives committee on Rules,RULES,,,,
SJR21,Whatley,Regular Session 2019,04/04/2019,H,,Reported from Rules,,,,,
SJR21,Whatley,Regular Session 2019,04/04/2019,H,,Jones (M) motion to Concur In and Adopt adopted Voice Vote,,,,,
SJR21,Whatley,Regular Session 2019,04/04/2019,S,,Passed Second House,,,,,
SJR21,Whatley,Regular Session 2019,04/09/2019,S,,Enrolled,,,,,
SJR21,Whatley,Regular Session 2019,04/09/2019,H,,Signature Requested,,,,,
SJR21,Whatley,Regular Session 2019,,S,,"Delivered to Governor at 3:17 p.m. on April 9, 2019",,,,,
SJR21,Whatley,Regular Session 2019,,S,,Assigned Act No. 2019-29.,,,,,
SJR22,Orr,Regular Session 2019,04/02/2019,S,,Introduced,,,,,
SJR22,Orr,Regular Session 2019,04/02/2019,S,,Orr motion to Adopt adopted Voice Vote,,,,,
SJR22,Orr,Regular Session 2019,04/02/2019,H,,Received in House of Representatives and referred to the House of Representatives committee on Rules,RULES,,,,
SJR22,Orr,Regular Session 2019,04/04/2019,H,,Reported from Rules,,,,,
SJR22,Orr,Regular Session 2019,04/04/2019,H,,Jones (M) motion to Concur In and Adopt adopted Voice Vote,,,,,
SJR22,Orr,Regular Session 2019,04/04/2019,S,,Passed Second House,,,,,
SJR22,Orr,Regular Session 2019,04/09/2019,S,,Enrolled,,,,,
SJR22,Orr,Regular Session 2019,04/09/2019,H,,Signature Requested,,,,,
SJR22,Orr,Regular Session 2019,,S,,"Delivered to Governor at 3:17 p.m. on April 9, 2019",,,,,
SJR22,Orr,Regular Session 2019,,S,,Enrolled,,,,,
SJR23,Holley,Regular Session 2019,04/02/2019,S,,Introduced,,,,,
SJR23,Holley,Regular Session 2019,04/02/2019,S,,Holley motion to Adopt adopted Voice Vote,,,,,
SJR23,Holley,Regular Session 2019,04/02/2019,H,,Received in House of Representatives and referred to the House of Representatives committee on Rules,RULES,,,,
SJR23,Holley,Regular Session 2019,04/04/2019,H,,Reported from Rules,,,,,
SJR23,Holley,Regular Session 2019,04/04/2019,H,,Jones (M) motion to Concur In and Adopt adopted Voice Vote,,,,,
SJR23,Holley,Regular Session 2019,04/04/2019,S,,Passed Second House,,,,,
SJR23,Holley,Regular Session 2019,04/09/2019,S,,Enrolled,,,,,
SJR23,Holley,Regular Session 2019,04/09/2019,H,,Signature Requested,,,,,
SJR23,Holley,Regular Session 2019,,S,,"Delivered to Governor at 3:17 p.m. on April 9, 2019",,,,,
SJR23,Holley,Regular Session 2019,,S,,Assigned Act No. 2019-30.,,,,,
SJR24,Melson,Regular Session 2019,04/02/2019,S,,Introduced,,,,,
SJR24,Melson,Regular Session 2019,04/02/2019,S,,Melson motion to Adopt adopted Voice Vote,,,,,
SJR24,Melson,Regular Session 2019,04/02/2019,H,,Received in House of Representatives and referred to the House of Representatives committee on Rules,RULES,,,,
SJR24,Melson,Regular Session 2019,04/04/2019,H,,Reported from Rules,,,,,
SJR24,Melson,Regular Session 2019,04/04/2019,H,,Jones (M) motion to Concur In and Adopt adopted Voice Vote,,,,,
SJR24,Melson,Regular Session 2019,04/04/2019,S,,Passed Second House,,,,,
SJR24,Melson,Regular Session 2019,04/09/2019,S,,Enrolled,,,,,
SJR24,Melson,Regular Session 2019,04/09/2019,H,,Signature Requested,,,,,
SJR24,Melson,Regular Session 2019,,S,,"Delivered to Governor at 3:17 p.m. on April 9, 2019",,,,,
SJR24,Melson,Regular Session 2019,,S,,Assigned Act No. 2019-31.,,,,,
SR25,Rules,Regular Session 2019,04/02/2019,S,,Introduced,,,,,
SR25,Rules,Regular Session 2019,04/02/2019,S,,Waggoner motion to Adopt adopted Roll Call 66,,,,,Roll 66
SJR26,Livingston,Regular Session 2019,04/03/2019,S,,Introduced,,,,,
SJR26,Livingston,Regular Session 2019,04/03/2019,S,,Livingston motion to Adopt adopted Voice Vote,,,,,
SJR26,Livingston,Regular Session 2019,04/03/2019,H,,Received in House of Representatives and referred to the House of Representatives committee on Rules,RULES,,,,
SJR26,Livingston,Regular Session 2019,04/09/2019,H,,Reported from Rules,,,,,
SJR26,Livingston,Regular Session 2019,04/09/2019,H,,Jones (M) motion to Concur In and Adopt adopted Voice Vote,,,,,
SJR26,Livingston,Regular Session 2019,04/09/2019,S,,Passed Second House,,,,,
SJR26,Livingston,Regular Session 2019,04/09/2019,S,,Enrolled,,,,,
SJR26,Livingston,Regular Session 2019,04/09/2019,H,,Signature Requested,,,,,
SJR26,Livingston,Regular Session 2019,,S,,Assigned Act No. 2019-33.,,,,,
SJR27,Orr,Regular Session 2019,04/03/2019,S,,Introduced,,,,,
SJR27,Orr,Regular Session 2019,04/03/2019,S,,Orr motion to Adopt adopted Voice Vote,,,,,
SJR27,Orr,Regular Session 2019,04/03/2019,H,,Received in House of Representatives and referred to the House of Representatives committee on Rules,RULES,,,,
SJR27,Orr,Regular Session 2019,04/16/2019,H,,Reported from Rules,,,,,
SJR27,Orr,Regular Session 2019,04/16/2019,H,,Jones (M) motion to Concur In and Adopt adopted Voice Vote,,,,,
SJR27,Orr,Regular Session 2019,04/16/2019,S,,Passed Second House,,,,,
SJR27,Orr,Regular Session 2019,04/16/2019,H,,Signature Requested,,,,,
SJR27,Orr,Regular Session 2019,04/16/2019,S,,Enrolled,,,,,
SJR27,Orr,Regular Session 2019,,S,,Assigned Act No. 2019-66.,,,,,
SR28,Rules,Regular Session 2019,04/03/2019,S,,Introduced,,,,,
SR28,Rules,Regular Session 2019,04/03/2019,S,,Waggoner motion to Adopt adopted Roll Call 121,,,,,Roll 121
SJR29,Allen,Regular Session 2019,04/04/2019,S,,Introduced,,,,,
SJR29,Allen,Regular Session 2019,04/04/2019,S,,Allen motion to Adopt adopted Voice Vote,,,,,
SJR29,Allen,Regular Session 2019,04/04/2019,H,,Received in House of Representatives and referred to the House of Representatives committee on Rules,RULES,,,,
SJR29,Allen,Regular Session 2019,04/11/2019,H,,Reported from Rules,,,,,
SJR29,Allen,Regular Session 2019,04/11/2019,H,,Jones (M) motion to Concur In and Adopt adopted Voice Vote,,,,,
SJR29,Allen,Regular Session 2019,04/11/2019,S,,Passed Second House,,,,,
SJR29,Allen,Regular Session 2019,04/16/2019,S,,Enrolled,,,,,
SJR29,Allen,Regular Session 2019,04/16/2019,H,,Signature Requested,,,,,
SJR29,Allen,Regular Session 2019,,S,,Forwarded to Governor,,,,,
SJR29,Allen,Regular Session 2019,,S,,Assigned Act No. 2019-67.,,,,,
SR30,Rules,Regular Session 2019,04/04/2019,S,,Introduced,,,,,
SR30,Rules,Regular Session 2019,04/04/2019,S,,Waggoner motion to Adopt adopted Roll Call 150,,,,,Roll 150
SJR31,Scofield,Regular Session 2019,04/09/2019,S,,Introduced,,,,,
SJR31,Scofield,Regular Session 2019,04/09/2019,S,,Scofield motion to Adopt adopted Voice Vote,,,,,
SJR31,Scofield,Regular Session 2019,04/09/2019,H,,Received in House of Representatives and referred to the House of Representatives committee on Rules,RULES,,,,
SJR31,Scofield,Regular Session 2019,04/16/2019,H,,Reported from Rules,,,,,
SJR31,Scofield,Regular Session 2019,04/16/2019,H,,Jones (M) motion to Concur In and Adopt adopted Voice Vote,,,,,
SJR31,Scofield,Regular Session 2019,04/16/2019,S,,Passed Second House,,,,,
SJR31,Scofield,Regular Session 2019,04/16/2019,H,,Signature Requested,,,,,
SJR31,Scofield,Regular Session 2019,04/16/2019,S,,Enrolled,,,,,
SJR31,Scofield,Regular Session 2019,,S,,Assigned Act No. 2019-68.,,,,,
SJR32,Coleman-Madison,Regular Session 2019,04/09/2019,S,,Introduced,,,,,
SJR32,Coleman-Madison,Regular Session 2019,04/09/2019,S,,Marsh motion to Adopt adopted Voice Vote,,,,,
SJR32,Coleman-Madison,Regular Session 2019,04/09/2019,H,,Received in House of Representatives and referred to the House of Representatives committee on Rules,RULES,,,,
SJR32,Coleman-Madison,Regular Session 2019,04/16/2019,H,,Reported from Rules,,,,,
SJR32,Coleman-Madison,Regular Session 2019,04/16/2019,H,,Jones (M) motion to Concur In and Adopt adopted Voice Vote,,,,,
SJR32,Coleman-Madison,Regular Session 2019,04/16/2019,S,,Passed Second House,,,,,
SJR32,Coleman-Madison,Regular Session 2019,04/16/2019,H,,Signature Requested,,,,,
SJR32,Coleman-Madison,Regular Session 2019,04/16/2019,S,,Enrolled,,,,,
SJR32,Coleman-Madison,Regular Session 2019,,S,,Assigned Act No. 2019-69.,,,,,
SJR33,Coleman-Madison,Regular Session 2019,04/09/2019,S,,Introduced,,,,,
SJR33,Coleman-Madison,Regular Session 2019,04/09/2019,S,,Coleman-Madison motion to Adopt adopted Voice Vote,,,,,
SJR33,Coleman-Madison,Regular Session 2019,04/09/2019,H,,Received in House of Representatives and referred to the House of Representatives committee on Rules,RULES,,,,
SJR33,Coleman-Madison,Regular Session 2019,04/16/2019,H,,Reported from Rules,,,,,
SJR33,Coleman-Madison,Regular Session 2019,04/16/2019,H,,Jones (M) motion to Concur In and Adopt adopted Voice Vote,,,,,
SJR33,Coleman-Madison,Regular Session 2019,04/16/2019,S,,Passed Second House,,,,,
SJR33,Coleman-Madison,Regular Session 2019,04/16/2019,H,,Signature Requested,,,,,
SJR33,Coleman-Madison,Regular Session 2019,04/16/2019,S,,Enrolled,,,,,
SJR33,Coleman-Madison,Regular Session 2019,,S,,Assigned Act No. 2019-71.,,,,,
SJR34,Whatley,Regular Session 2019,04/09/2019,S,,Introduced,,,,,
SJR34,Whatley,Regular Session 2019,04/09/2019,H,,Received in House of Representatives and referred to the House of Representatives committee on Rules,RULES,,,,
SJR34,Whatley,Regular Session 2019,04/09/2019,S,,Whatley motion to Adopt adopted Voice Vote,,,,,
SJR34,Whatley,Regular Session 2019,04/16/2019,H,,Reported from Rules,,,,,
SJR34,Whatley,Regular Session 2019,04/16/2019,H,,Jones (M) motion to Concur In and Adopt adopted Voice Vote,,,,,
SJR34,Whatley,Regular Session 2019,04/16/2019,S,,Passed Second House,,,,,
SJR34,Whatley,Regular Session 2019,04/16/2019,H,,Signature Requested,,,,,
SJR34,Whatley,Regular Session 2019,04/16/2019,S,,Enrolled,,,,,
SJR34,Whatley,Regular Session 2019,,S,,Assigned Act No. 2019-50.,,,,,
SR35,Rules,Regular Session 2019,04/09/2019,S,,Introduced,,,,,
SR35,Rules,Regular Session 2019,04/09/2019,S,,Waggoner motion to Adopt adopted Roll Call 175,,,,,Roll 175
SJR36,Ward,Regular Session 2019,04/09/2019,S,,Introduced and referred to the Senate committee on Rules,RULES,,,,
SR37,Rules,Regular Session 2019,04/11/2019,S,,Introduced,,,,,
SR37,Rules,Regular Session 2019,04/11/2019,S,,Waggoner motion to Adopt adopted Roll Call 205,,,,,Roll 205
SJR38,Marsh,Regular Session 2019,04/16/2019,S,,Introduced,,,,,
SJR38,Marsh,Regular Session 2019,04/18/2019,H,,Received in House of Representatives and referred to the House of Representatives committee on Rules,RULES,,,,
SJR38,Marsh,Regular Session 2019,04/16/2019,S,,Marsh motion to Adopt adopted Voice Vote,,,,,
SJR38,Marsh,Regular Session 2019,04/25/2019,H,,Reported from Rules,,,,,
SJR38,Marsh,Regular Session 2019,04/25/2019,H,,Jones (M) motion to Concur In and Adopt adopted Voice Vote,,,,,
SJR38,Marsh,Regular Session 2019,04/25/2019,S,,Passed Second House,,,,,
SJR38,Marsh,Regular Session 2019,04/30/2019,S,,Enrolled,,,,,
SJR38,Marsh,Regular Session 2019,04/30/2019,H,,Signature Requested,,,,,
SJR38,Marsh,Regular Session 2019,,S,,Assigned Act No. 2019-107.,,,,,
SJR39,Gudger,Regular Session 2019,04/16/2019,S,,Introduced,,,,,
SJR39,Gudger,Regular Session 2019,04/16/2019,S,,Gudger motion to Adopt adopted Voice Vote,,,,,
SJR39,Gudger,Regular Session 2019,04/18/2019,H,,Received in House of Representatives and referred to the House of Representatives committee on Rules,RULES,,,,
SJR39,Gudger,Regular Session 2019,04/25/2019,H,,Reported from Rules,,,,,
SJR39,Gudger,Regular Session 2019,04/25/2019,H,,Jones (M) motion to Concur In and Adopt adopted Voice Vote,,,,,
SJR39,Gudger,Regular Session 2019,04/25/2019,S,,Passed Second House,,,,,
SJR39,Gudger,Regular Session 2019,04/30/2019,S,,Enrolled,,,,,
SJR39,Gudger,Regular Session 2019,04/30/2019,H,,Signature Requested,,,,,
SJR39,Gudger,Regular Session 2019,,S,,Assigned Act No. 2019-106.,,,,,
SJR40,Gudger,Regular Session 2019,04/16/2019,S,,Introduced,,,,,
SJR40,Gudger,Regular Session 2019,04/18/2019,H,,Received in House of Representatives and referred to the House of Representatives committee on Rules,RULES,,,,
SJR40,Gudger,Regular Session 2019,04/16/2019,S,,Gudger motion to Adopt adopted Voice Vote,,,,,
SJR40,Gudger,Regular Session 2019,04/25/2019,H,,Reported from Rules,,,,,
SJR40,Gudger,Regular Session 2019,04/25/2019,H,,Jones (M) motion to Concur In and Adopt adopted Voice Vote,,,,,
SJR40,Gudger,Regular Session 2019,04/25/2019,S,,Passed Second House,,,,,
SJR40,Gudger,Regular Session 2019,04/30/2019,S,,Enrolled,,,,,
SJR40,Gudger,Regular Session 2019,04/30/2019,H,,Signature Requested,,,,,
SJR40,Gudger,Regular Session 2019,,S,,Assigned Act No. 2019-108.,,,,,
SJR41,Orr,Regular Session 2019,04/16/2019,S,,Introduced,,,,,
SJR41,Orr,Regular Session 2019,04/16/2019,S,,Orr motion to Adopt adopted Voice Vote,,,,,
SJR41,Orr,Regular Session 2019,04/18/2019,H,,Received in House of Representatives and referred to the House of Representatives committee on Rules,RULES,,,,
SJR41,Orr,Regular Session 2019,04/25/2019,H,,Reported from Rules,,,,,
SJR41,Orr,Regular Session 2019,04/25/2019,H,,Jones (M) motion to Concur In and Adopt adopted Voice Vote,,,,,
SJR41,Orr,Regular Session 2019,04/25/2019,S,,Passed Second House,,,,,
SJR41,Orr,Regular Session 2019,04/30/2019,S,,Enrolled,,,,,
SJR41,Orr,Regular Session 2019,04/30/2019,H,,Signature Requested,,,,,
SJR41,Orr,Regular Session 2019,,S,,Assigned Act No. 2019-109.,,,,,
SR42,Rules,Regular Session 2019,04/16/2019,S,,Introduced,,,,,
SR42,Rules,Regular Session 2019,04/16/2019,S,,Waggoner motion to Adopt adopted Roll Call 249,,,,,Roll 249
SR43,Rules,Regular Session 2019,04/16/2019,S,,Introduced,,,,,
SR43,Rules,Regular Session 2019,04/16/2019,S,,Waggoner motion to Adopt adopted Roll Call 277,,,,,Roll 277
SJR44,Orr,Regular Session 2019,04/18/2019,S,,Introduced,,,,,
SJR44,Orr,Regular Session 2019,04/18/2019,S,,Orr motion to Adopt adopted Voice Vote,,,,,
SJR44,Orr,Regular Session 2019,04/18/2019,H,,Received in House of Representatives and referred to the House of Representatives committee on Rules,RULES,,,,
SJR44,Orr,Regular Session 2019,04/25/2019,H,,Reported from Rules,,,,,
SJR44,Orr,Regular Session 2019,04/25/2019,H,,Jones (M) motion to Concur In and Adopt adopted Voice Vote,,,,,
SJR44,Orr,Regular Session 2019,04/25/2019,S,,Passed Second House,,,,,
SJR44,Orr,Regular Session 2019,04/30/2019,S,,Enrolled,,,,,
SJR44,Orr,Regular Session 2019,04/30/2019,H,,Signature Requested,,,,,
SJR44,Orr,Regular Session 2019,,S,,Assigned Act No. 2019-110.,,,,,
SJR45,Waggoner,Regular Session 2019,04/18/2019,S,,Introduced,,,,,
SJR45,Waggoner,Regular Session 2019,04/18/2019,S,,Waggoner motion to Adopt adopted Voice Vote,,,,,
SJR45,Waggoner,Regular Session 2019,04/18/2019,H,,Received in House of Representatives and referred to the House of Representatives committee on Rules,RULES,,,,
SJR45,Waggoner,Regular Session 2019,04/25/2019,H,,Reported from Rules,,,,,
SJR45,Waggoner,Regular Session 2019,04/25/2019,H,,Jones (M) motion to Concur In and Adopt adopted Voice Vote,,,,,
SJR45,Waggoner,Regular Session 2019,04/25/2019,S,,Passed Second House,,,,,
SJR45,Waggoner,Regular Session 2019,04/30/2019,S,,Enrolled,,,,,
SJR45,Waggoner,Regular Session 2019,04/30/2019,H,,Signature Requested,,,,,
SJR45,Waggoner,Regular Session 2019,,S,,Assigned Act No. 2019-111.,,,,,
SR46,Rules,Regular Session 2019,04/18/2019,S,,Introduced,,,,,
SR46,Rules,Regular Session 2019,04/18/2019,S,,Waggoner motion to Adopt adopted Roll Call 311,,,,,Roll 311
SR47,Rules,Regular Session 2019,04/23/2019,S,,Introduced,,,,,
SR47,Rules,Regular Session 2019,04/23/2019,S,,Waggoner motion to Adopt adopted Roll Call 351,,,,,Roll 351
SR48,Rules,Regular Session 2019,04/23/2019,S,,Introduced,,,,,
SR48,Rules,Regular Session 2019,04/23/2019,S,,Waggoner motion to Adopt adopted Roll Call 363,,,,,Roll 363
SR49,Rules,Regular Session 2019,04/25/2019,S,,Introduced,,,,,
SR49,Rules,Regular Session 2019,04/25/2019,S,,Waggoner motion to Adopt adopted Roll Call 401,,,,,Roll 401
SR50,Rules,Regular Session 2019,04/30/2019,S,,Introduced,,,,,
SR50,Rules,Regular Session 2019,04/30/2019,S,,Waggoner motion to Adopt adopted Roll Call 415,,,,,Roll 415
SJR51,Waggoner,Regular Session 2019,04/30/2019,S,,Introduced,,,,,
SJR51,Waggoner,Regular Session 2019,04/30/2019,S,,Waggoner motion to Adopt adopted Voice Vote,,,,,
SJR51,Waggoner,Regular Session 2019,04/30/2019,H,,Received in House of Representatives and referred to the House of Representatives committee on Rules,RULES,,,,
SJR51,Waggoner,Regular Session 2019,05/07/2019,H,,Reported from Rules,,,,,
SJR51,Waggoner,Regular Session 2019,05/07/2019,H,,Jones (M) motion to Concur In and Adopt adopted Voice Vote,,,,,
SJR51,Waggoner,Regular Session 2019,05/07/2019,S,,Passed Second House,,,,,
SJR51,Waggoner,Regular Session 2019,05/07/2019,H,,Signature Requested,,,,,
SJR51,Waggoner,Regular Session 2019,05/07/2019,S,,Enrolled,,,,,
SJR51,Waggoner,Regular Session 2019,,S,,"Forwarded to Governor on May 7, 2019 at 4:21 p.m. on May 7, 2019",,,,,
SJR52,Ward,Regular Session 2019,04/30/2019,S,,Introduced,,,,,
SJR52,Ward,Regular Session 2019,04/30/2019,S,,Ward motion to Adopt adopted Voice Vote,,,,,
SJR52,Ward,Regular Session 2019,04/30/2019,H,,Received in House of Representatives and referred to the House of Representatives committee on Rules,RULES,,,,
SJR52,Ward,Regular Session 2019,05/07/2019,H,,Reported from Rules,,,,,
SJR52,Ward,Regular Session 2019,05/07/2019,H,,Jones (M) motion to Concur In and Adopt adopted Voice Vote,,,,,
SJR52,Ward,Regular Session 2019,05/07/2019,S,,Passed Second House,,,,,
SJR52,Ward,Regular Session 2019,05/07/2019,H,,Signature Requested,,,,,
SJR52,Ward,Regular Session 2019,05/07/2019,S,,Enrolled,,,,,
SJR52,Ward,Regular Session 2019,,S,,"Forwarded to Governor on May 7, 2019 at 4:21 p.m. on May 7, 2019",,,,,
SJR53,Allen,Regular Session 2019,04/30/2019,S,,Introduced,,,,,
SJR53,Allen,Regular Session 2019,04/30/2019,S,,Allen motion to Adopt adopted Voice Vote,,,,,
SJR53,Allen,Regular Session 2019,04/30/2019,H,,Received in House of Representatives and referred to the House of Representatives committee on Rules,RULES,,,,
SJR53,Allen,Regular Session 2019,05/07/2019,H,,Reported from Rules,,,,,
SJR53,Allen,Regular Session 2019,05/07/2019,H,,Jones (M) motion to Concur In and Adopt adopted Voice Vote,,,,,
SJR53,Allen,Regular Session 2019,05/07/2019,S,,Passed Second House,,,,,
SJR53,Allen,Regular Session 2019,05/07/2019,H,,Signature Requested,,,,,
SJR53,Allen,Regular Session 2019,05/07/2019,S,,Enrolled,,,,,
SJR53,Allen,Regular Session 2019,,S,,"Forwarded to Governor on May 7, 2019 at 4:21 p.m. on May 7, 2019",,,,,
SJR54,Waggoner,Regular Session 2019,05/02/2019,S,,Introduced,,,,,
SJR54,Waggoner,Regular Session 2019,05/02/2019,S,,Waggoner motion to Adopt adopted Voice Vote,,,,,
SJR54,Waggoner,Regular Session 2019,05/02/2019,H,,Received in House of Representatives and referred to the House of Representatives committee on Rules,RULES,,,,
SJR54,Waggoner,Regular Session 2019,05/08/2019,H,,Reported from Rules,,,,,
SJR54,Waggoner,Regular Session 2019,05/08/2019,H,,Jones (M) motion to Concur In and Adopt adopted Voice Vote,,,,,
SJR54,Waggoner,Regular Session 2019,05/08/2019,S,,Passed Second House,,,,,
SJR54,Waggoner,Regular Session 2019,,H,,,,,,,
SJR54,Waggoner,Regular Session 2019,,S,,Enrolled,,,,,
SJR55,Roberts,Regular Session 2019,05/02/2019,S,,Introduced,,,,,
SJR55,Roberts,Regular Session 2019,05/02/2019,S,,Roberts motion to Adopt adopted Voice Vote,,,,,
SJR55,Roberts,Regular Session 2019,05/02/2019,H,,Received in House of Representatives and referred to the House of Representatives committee on Rules,RULES,,,,
SJR55,Roberts,Regular Session 2019,05/08/2019,H,,Reported from Rules,,,,,
SJR55,Roberts,Regular Session 2019,05/08/2019,H,,Jones (M) motion to Concur In and Adopt adopted Voice Vote,,,,,
SJR55,Roberts,Regular Session 2019,05/08/2019,S,,Passed Second House,,,,,
SJR55,Roberts,Regular Session 2019,,H,,,,,,,
SJR55,Roberts,Regular Session 2019,,S,,Enrolled,,,,,
SJR56,Beasley,Regular Session 2019,05/02/2019,S,,Introduced,,,,,
SJR56,Beasley,Regular Session 2019,05/02/2019,S,,Beasley motion to Adopt adopted Voice Vote,,,,,
SJR56,Beasley,Regular Session 2019,05/02/2019,H,,Received in House of Representatives and referred to the House of Representatives committee on Rules,RULES,,,,
SJR56,Beasley,Regular Session 2019,05/08/2019,H,,Reported from Rules,,,,,
SJR56,Beasley,Regular Session 2019,05/08/2019,H,,Jones (M) motion to Concur In and Adopt adopted Voice Vote,,,,,
SJR56,Beasley,Regular Session 2019,05/08/2019,S,,Passed Second House,,,,,
SJR56,Beasley,Regular Session 2019,,H,,,,,,,
SJR56,Beasley,Regular Session 2019,,S,,Enrolled,,,,,
SJR57,Orr,Regular Session 2019,05/02/2019,S,,Introduced,,,,,
SJR57,Orr,Regular Session 2019,05/02/2019,S,,Orr motion to Adopt adopted Voice Vote,,,,,
SJR57,Orr,Regular Session 2019,05/02/2019,H,,Received in House of Representatives and referred to the House of Representatives committee on Rules,RULES,,,,
SJR57,Orr,Regular Session 2019,05/08/2019,H,,Reported from Rules,,,,,
SJR57,Orr,Regular Session 2019,05/08/2019,H,,Jones (M) motion to Concur In and Adopt adopted Voice Vote,,,,,
SJR57,Orr,Regular Session 2019,05/08/2019,S,,Passed Second House,,,,,
SJR57,Orr,Regular Session 2019,,H,,,,,,,
SJR57,Orr,Regular Session 2019,,S,,Enrolled,,,,,
SR58,Rules,Regular Session 2019,05/02/2019,S,,Introduced,,,,,
SR58,Rules,Regular Session 2019,05/02/2019,S,,Waggoner motion to Adopt adopted Roll Call 533,,,,,Roll 533
SR59,Rules,Regular Session 2019,05/02/2019,S,,Introduced,,,,,
SR59,Rules,Regular Session 2019,05/02/2019,S,,Waggoner motion to Adopt adopted Roll Call 556,,,,,Roll 556
SJR60,Waggoner,Regular Session 2019,05/07/2019,S,,Introduced,,,,,
SJR60,Waggoner,Regular Session 2019,05/07/2019,S,,Waggoner motion to Adopt adopted Voice Vote,,,,,
SJR60,Waggoner,Regular Session 2019,05/07/2019,H,,Received in House of Representatives and referred to the House of Representatives committee on Rules,RULES,,,,
SJR61,Orr,Regular Session 2019,05/07/2019,S,,Introduced,,,,,
SJR61,Orr,Regular Session 2019,05/07/2019,S,,Orr motion to Adopt adopted Voice Vote,,,,,
SJR61,Orr,Regular Session 2019,05/07/2019,H,,Received in House of Representatives and referred to the House of Representatives committee on Rules,RULES,,,,
SR62,Reed,Regular Session 2019,05/07/2019,S,,Introduced and referred to the Senate committee on Rules,RULES,,,,
SR62,Reed,Regular Session 2019,05/08/2019,S,,Reported from Rules,,,,,
SR62,Reed,Regular Session 2019,05/08/2019,S,,Waggoner motion to Adopt adopted Voice Vote,,,,,
SR63,Rules,Regular Session 2019,05/07/2019,S,,Introduced,,,,,
SR63,Rules,Regular Session 2019,05/07/2019,S,,Waggoner motion to Adopt adopted Roll Call 606,,,,,Roll 606
SJR64,Waggoner,Regular Session 2019,05/08/2019,S,,Introduced and referred to the Senate committee on Rules,RULES,,,,
SJR64,Waggoner,Regular Session 2019,05/08/2019,S,,Reported from Rules,,,,,
SJR64,Waggoner,Regular Session 2019,05/08/2019,S,,Waggoner motion to Adopt adopted Voice Vote,,,,,
SJR64,Waggoner,Regular Session 2019,05/08/2019,H,,Received in House of Representatives and referred to the House of Representatives committee on Rules,RULES,,,,
SJR65,Beasley,Regular Session 2019,05/08/2019,S,,Introduced,,,,,
SJR65,Beasley,Regular Session 2019,05/08/2019,S,,Beasley motion to Adopt adopted Voice Vote,,,,,
SJR65,Beasley,Regular Session 2019,05/08/2019,H,,Received in House of Representatives and referred to the House of Representatives committee on Rules,RULES,,,,
SJR66,Orr,Regular Session 2019,05/08/2019,S,,Introduced,,,,,
SJR66,Orr,Regular Session 2019,05/08/2019,S,,Orr motion to Adopt adopted Voice Vote,,,,,
SJR66,Orr,Regular Session 2019,05/08/2019,H,,Received in House of Representatives and referred to the House of Representatives committee on Rules,RULES,,,,
SR67,Rules,Regular Session 2019,05/08/2019,S,,Introduced,,,,,
SR67,Rules,Regular Session 2019,05/08/2019,S,,Waggoner motion to Adopt adopted Roll Call 660,,,,,Roll 660
HR1,Gaston,Organizational Session 2019,01/08/2019,H,,Introduced,,,,,
HR1,Gaston,Organizational Session 2019,01/08/2019,H,,Gaston motion to Adopt adopted Voice Vote,,,,,
HJR2,Gaston,Organizational Session 2019,01/08/2019,H,,Introduced,,,,,
HJR2,Gaston,Organizational Session 2019,01/08/2019,H,,Gaston motion to Adopt adopted Voice Vote,,,,,
HJR2,Gaston,Organizational Session 2019,01/08/2019,H,,"Speaker appointed as a committee on the part of the House, Representatives Clouse, Poole and Warren",,,,,
HJR2,Gaston,Organizational Session 2019,,,,,,,,,
HJR3,Gaston,Organizational Session 2019,01/08/2019,H,,Introduced,,,,,
HJR3,Gaston,Organizational Session 2019,01/08/2019,H,,Gaston motion to Adopt adopted Voice Vote,,,,,
HJR3,Gaston,Organizational Session 2019,,,,,,,,,
HJR4,Gaston,Organizational Session 2019,01/08/2019,H,,Introduced,,,,,
HJR4,Gaston,Organizational Session 2019,01/08/2019,H,,Gaston motion to Adopt adopted Voice Vote,,,,,
HJR4,Gaston,Organizational Session 2019,,,,,,,,,
HR5,Gaston,Organizational Session 2019,01/08/2019,H,,Introduced,,,,,
HR5,Gaston,Organizational Session 2019,01/08/2019,H,,Gaston motion to Adopt adopted Voice Vote,,,,,
HR6,Gaston,Organizational Session 2019,01/08/2019,H,,Introduced,,,,,
HR6,Gaston,Organizational Session 2019,01/08/2019,H,,Gaston motion to Adopt adopted Voice Vote,,,,,
HR7,Jones (M),Organizational Session 2019,01/08/2019,H,,Introduced,,,,,
HR7,Jones (M),Organizational Session 2019,01/08/2019,H,,Jones (M) motion to adopt offered,,,,,
HR7,Jones (M),Organizational Session 2019,01/08/2019,H,196593-1,Coleman  Amendment Offered,,,,,
HR7,Jones (M),Organizational Session 2019,01/08/2019,H,,Coleman motion to withdraw her amendment adopted Voice Vote,,,,,
HR7,Jones (M),Organizational Session 2019,01/08/2019,H,196563-1,Givan  Amendment Offered,,,,,
HR7,Jones (M),Organizational Session 2019,01/08/2019,H,,Motion to Adopt adopted Roll Call 3,,,,,Roll 3
HR7,Jones (M),Organizational Session 2019,01/08/2019,H,,"Rafferty intended to vote ""Yea""",,,,,
HR7,Jones (M),Organizational Session 2019,01/08/2019,H,,Moore (M) dissent filed,,,,,
HR7,Jones (M),Organizational Session 2019,01/08/2019,H,,Jones (M) motion to Adopt adopted Roll Call 4,,,,,Roll 4
HR7,Jones (M),Organizational Session 2019,,H,,Engrossed,,,,,
SR1,Orr,Organizational Session 2019,01/08/2019,S,,Introduced,,,,,
SR1,Orr,Organizational Session 2019,01/08/2019,S,,Orr motion to Adopt adopted Voice Vote,,,,,
SJR2,Orr,Organizational Session 2019,01/08/2019,S,,Introduced,,,,,
SJR2,Orr,Organizational Session 2019,01/08/2019,S,,Orr motion to Adopt adopted Voice Vote,,,,,
SJR2,Orr,Organizational Session 2019,01/09/2019,H,,Received in House of Representatives,,,,,
SJR2,Orr,Organizational Session 2019,01/09/2019,H,,Jones (M) motion to Concur In and Adopt adopted Voice Vote,,,,,
SJR2,Orr,Organizational Session 2019,01/09/2019,S,,Passed Second House,,,,,
SJR3,Orr,Organizational Session 2019,01/08/2019,S,,Introduced,,,,,
SJR3,Orr,Organizational Session 2019,01/08/2019,S,,Orr motion to Adopt adopted Voice Vote,,,,,
SJR3,Orr,Organizational Session 2019,01/08/2019,H,,Jones (M) motion to Concur In and Adopt adopted Roll Call 2,,,,,Roll 2
SJR3,Orr,Organizational Session 2019,01/08/2019,H,,Received in House of Representatives,,,,,
SJR3,Orr,Organizational Session 2019,01/09/2019,S,,Passed Second House,,,,,
SJR3,Orr,Organizational Session 2019,,,,,,,,,
SR4,Orr,Organizational Session 2019,01/08/2019,S,,Introduced,,,,,
SR4,Orr,Organizational Session 2019,01/08/2019,S,,Orr motion to Adopt adopted Voice Vote,,,,,
SJR5,Orr,Organizational Session 2019,01/08/2019,S,,Introduced,,,,,
SJR5,Orr,Organizational Session 2019,01/08/2019,S,,Orr motion to Adopt adopted Voice Vote,,,,,
SJR5,Orr,Organizational Session 2019,01/09/2019,H,,Received in House of Representatives,,,,,
SJR5,Orr,Organizational Session 2019,01/09/2019,H,,Jones (M) motion to Concur In and Adopt adopted Voice Vote,,,,,
SJR5,Orr,Organizational Session 2019,01/09/2019,S,,Passed Second House,,,,,
SJR5,Orr,Organizational Session 2019,,,,,,,,,
SR6,Orr,Organizational Session 2019,01/08/2019,S,,Introduced,,,,,
SR6,Orr,Organizational Session 2019,01/08/2019,S,,Orr motion to Adopt adopted Voice Vote,,,,,
SJR7,Orr,Organizational Session 2019,01/08/2019,S,,Introduced,,,,,
SJR7,Orr,Organizational Session 2019,01/08/2019,S,,Orr motion to Adopt adopted Voice Vote,,,,,
SJR7,Orr,Organizational Session 2019,01/08/2019,H,,Received in House of Representatives,,,,,
SJR7,Orr,Organizational Session 2019,01/08/2019,H,,Jones (M) motion to Concur In and Adopt adopted Roll Call 1,,,,,Roll 1
SJR7,Orr,Organizational Session 2019,01/09/2019,S,,Passed Second House,,,,,
SR8,Orr,Organizational Session 2019,01/08/2019,S,,Introduced,,,,,
SR8,Orr,Organizational Session 2019,01/08/2019,S,,Marsh motion to Carry Over adopted Voice Vote,,,,,
SR8,Orr,Organizational Session 2019,01/09/2019,S,,,,,,,
SR8,Orr,Organizational Session 2019,01/09/2019,S,196643-1,Figures  Amendment Offered,,,,,
SR8,Orr,Organizational Session 2019,01/09/2019,S,,Figures motion to Adopt adopted Voice Vote,,,,,
SR8,Orr,Organizational Session 2019,01/09/2019,S,,Orr motion to Adopt adopted Roll Call 26,,,,,Roll 26
