bill_id,term,session,data_name,title,introduced,action_in_comm,action_beyond_comm,passed_chamber,law,chamber_code,SS,commem
HB23-1001,2023_2024,2023-RS,c. kipp,Expanding Assistance For Educator Programs,1,1,1,1,1,H,0,0
HB23-1002,2023_2024,2023-RS,j. mabrey,Epinephrine Auto-injectors,1,1,1,1,1,H,1,0
HB23-1003,2023_2024,2023-RS,d. michaelson jenet,School Mental Health Assessment,1,1,1,1,1,H,0,0
HB23-1004,2023_2024,2023-RS,e. velasco,Language Access In Insurance Documents,1,1,1,1,1,H,0,0
HB23-1005,2023_2024,2023-RS,j. willford,New Energy Improvement Program Changes,1,1,1,1,1,H,0,0
HB23-1006,2023_2024,2023-RS,m. young,Employer Notice Of Income Tax Credits,1,1,1,1,1,H,1,0
HB23-1007,2023_2024,2023-RS,m. catlin,Higher Education Crisis And Suicide Prevention,1,1,1,1,1,H,0,0
HB23-1008,2023_2024,2023-RS,m. weissman,Food Accessibility,1,1,1,1,1,H,0,0
HB23-1009,2023_2024,2023-RS,m. lindsay,Secondary School Student Substance Use,1,1,1,1,1,H,0,0
HB23-1010,2023_2024,2023-RS,b. mclachlan,Task Force On High-altitude Water Storage,1,1,0,0,0,H,0,0
HB23-1011,2023_2024,2023-RS,b. titone,Consumer Right To Repair Agricultural Equipment,1,1,1,1,1,H,1,0
HB23-1012,2023_2024,2023-RS,j. amabile,Juvenile Competency To Proceed,1,1,1,1,1,H,0,0
HB23-1013,2023_2024,2023-RS,j. amabile,Use Of Restrictive Practices In Prisons,1,1,1,1,1,H,0,0
HB23-1014,2023_2024,2023-RS,a. boesenecker,Yield To Larger Vehicles In Roundabouts,1,1,1,1,1,H,0,0
HB23-1015,2023_2024,2023-RS,s. bird,Taxation Tobacco Products Remote Retail Sellers,1,1,1,1,1,H,0,0
HB23-1016,2023_2024,2023-RS,s. bird,Temp Tax Credit For Public Service Retirees,1,1,0,0,0,H,0,0
HB23-1017,2023_2024,2023-RS,c. kipp,Electronic Sales And Use Tax Simplification System,1,1,1,1,1,H,0,0
HB23-1018,2023_2024,2023-RS,m. lynch,Timber Industry Incentives,1,1,0,0,0,H,0,0
HB23-1019,2023_2024,2023-RS,m. weissman,Judicial Discipline Procedures And Reporting,1,1,1,1,1,H,0,0
HB23-1020,2023_2024,2023-RS,n. ricks,Social Equity Licenses In Regulated Marijuana,1,1,1,1,0,H,0,0
HB23-1021,2023_2024,2023-RS,m. snyder,Embargo And Destroy Marijuana,1,1,1,1,1,H,0,0
HB23-1022,2023_2024,2023-RS,m. froelich,Registration Of Vehicles In Rental Fleets,1,1,1,1,1,H,0,0
HB23-1023,2023_2024,2023-RS,w. lindstedt,Special District Construction Contracts,1,1,1,1,1,H,0,0
HB23-1024,2023_2024,2023-RS,s. gonzales-gutierrez,Relative And Kin Placement Of A Child,1,1,1,1,1,H,0,0
HB23-1025,2023_2024,2023-RS,r. taggart,Charter School Application Timelines,1,1,1,1,1,H,0,0
HB23-1026,2023_2024,2023-RS,r. english,Family Time For Grandparents,1,1,1,1,1,H,0,0
HB23-1027,2023_2024,2023-RS,j. joseph,Parent And Child Family Time,1,1,1,1,1,H,0,0
HB23-1028,2023_2024,2023-RS,m. bradfield,Name Badge For Former Member Of General Assembly,1,1,1,1,0,H,0,0
HB23-1029,2023_2024,2023-RS,b. bradley,Prohibit COVID-19 Vaccine To Minor Without Consent,1,1,0,0,0,H,0,0
HB23-1030,2023_2024,2023-RS,e. sirota,Prohibit Direct-hire Fee Health-care Staff Agency,1,1,1,1,1,H,0,0
HB23-1031,2023_2024,2023-RS,t. story,Mental Health Professionals Reporting Exemption,1,1,1,1,1,H,0,0
HB23-1032,2023_2024,2023-RS,d. ortiz,Remedies Persons With Disabilities,1,1,1,1,1,H,0,0
HB23-1033,2023_2024,2023-RS,s. sharbini,Alternate Defense Counsel Contracts,1,1,1,1,1,H,0,0
HB23-1034,2023_2024,2023-RS,l. daugherty,Measures To Expand Postconviction DNA Testing,1,1,1,1,1,H,0,0
HB23-1035,2023_2024,2023-RS,m. soper,Statute Of Limitations Minimum Wage Violations,1,1,0,0,0,H,0,0
HB23-1036,2023_2024,2023-RS,b. mclachlan,Nontoxic Bullet Replacement Hunting Program,1,1,1,1,1,H,0,0
HB23-1037,2023_2024,2023-RS,m. martinez,Department Of Corrections Earned Time For College Program Completion,1,1,1,1,1,H,0,0
HB23-1038,2023_2024,2023-RS,r. bockenfeld,Stolen Catalytic Converter Replacement Exemption,1,1,0,0,0,H,0,0
HB23-1039,2023_2024,2023-RS,s. bird,Electric Resource Adequacy Reporting,1,1,1,1,1,H,0,0
HB23-1040,2023_2024,2023-RS,s. lieder,Prader-Willi Syndrome,1,1,1,1,1,H,0,0
HB23-1041,2023_2024,2023-RS,m. duran,Prohibit Wagering On Simulcast Greyhound Races,1,1,1,1,1,H,0,0
HB23-1042,2023_2024,2023-RS,j. bacon,Admissibility Standards For Juvenile Statements,1,1,1,1,1,H,0,0
HB23-1043,2023_2024,2023-RS,m. lindsay,Emergency And Continued Placement With Relative Or Kin,1,1,1,1,1,H,0,0
HB23-1044,2023_2024,2023-RS,k. degraaf,Second Amendment Preservation Act,1,1,0,0,0,H,0,0
HB23-1045,2023_2024,2023-RS,g. evans,Employee Leave For Colorado National Guard Service,1,1,1,1,1,H,0,0
HB23-1046,2023_2024,2023-RS,r. armagost,Tax Credit Pre-adoption Leave,1,1,0,0,0,H,0,0
HB23-1047,2023_2024,2023-RS,d. wilson,Joint Filing Deduction Qualified Tuition Program,1,1,0,0,0,H,0,0
HB23-1048,2023_2024,2023-RS,s. luck,Two-lane State Highway Staggered Delineator Posts,1,1,1,1,1,H,0,0
HB23-1049,2023_2024,2023-RS,m. soper,Enactment Of CRS 2022,1,1,1,1,1,H,0,0
HB23-1050,2023_2024,2023-RS,t. winter,Protection Of Business From Unlawful Entry,1,1,0,0,0,H,0,0
HB23-1051,2023_2024,2023-RS,m. lukens,Support For Rural Telecommunications Providers,1,1,1,1,1,H,0,0
HB23-1052,2023_2024,2023-RS,b. marshall,Mod Prop Tax Exemption For Veterans With Disab,1,1,1,1,1,H,0,0
HB23-1053,2023_2024,2023-RS,a. hartsook,Veterans' Cemetery Department of Public Safety Gifts Grants Donations,1,1,1,1,1,H,0,0
HB23-1054,2023_2024,2023-RS,l. frizell,Property Valuation,1,1,0,0,0,H,0,0
HB23-1055,2023_2024,2023-RS,r. bockenfeld,Prohibit Wireless Networking Voting Systems,1,1,0,0,0,H,0,0
HB23-1056,2023_2024,2023-RS,e. hamrick,Efficiency At The State Archives,1,1,1,1,1,H,0,0
HB23-1057,2023_2024,2023-RS,k. mccormick,Amenities For All Genders In Public Buildings,1,1,1,1,1,H,1,0
HB23-1058,2023_2024,2023-RS,r. dickson,Child-occupied Facility Lead-based Paint Abatement,1,1,1,1,1,H,1,0
HB23-1059,2023_2024,2023-RS,r. weinberg,Motorcycle Lane Splitting Study,1,1,0,0,0,H,0,0
HB23-1060,2023_2024,2023-RS,t. story,Updates To State Forest Service Tree Nursery,1,1,1,1,1,H,0,0
HB23-1061,2023_2024,2023-RS,l. daugherty,Alcohol Beverage Retail Establishment Permit,1,1,1,1,1,H,0,0
HB23-1062,2023_2024,2023-RS,t. mauro,Metropolitan District Tax For Parks And Recreation,1,1,1,1,1,H,0,0
HB23-1063,2023_2024,2023-RS,s. bottoms,Reduction Of State Income Tax Rate,1,1,0,0,0,H,0,0
HB23-1064,2023_2024,2023-RS,m. lukens,Interstate Teacher Mobility Compact,1,1,1,1,1,H,1,0
HB23-1065,2023_2024,2023-RS,t. story,Local Government Independent Ethics Commission,1,1,1,1,0,H,0,0
HB23-1066,2023_2024,2023-RS,b. bradley,Public Access Landlocked Publicly Owned Land,1,1,1,1,0,H,0,0
HB23-1067,2023_2024,2023-RS,m. young,Family Intervener Program Deafblind Children,1,1,1,1,1,H,0,0
HB23-1068,2023_2024,2023-RS,a. valdez,Pet Animal Ownership In Housing,1,1,1,1,1,H,0,0
HB23-1069,2023_2024,2023-RS,k. mccormick,Study Biochar In Plugging Of Oil And Gas Wells,1,1,1,1,1,H,0,0
HB23-1070,2023_2024,2023-RS,n. ricks,Mental Health Professionals Practice Requirements,1,1,0,0,0,H,0,0
HB23-1071,2023_2024,2023-RS,j. amabile,Licensed Psychologist Prescriptive Authority,1,1,1,1,1,H,0,0
HB23-1072,2023_2024,2023-RS,e. velasco,Civil Defense Worker Compensation,1,1,1,1,1,H,0,0
HB23-1073,2023_2024,2023-RS,a. hartsook,State Of Disaster Emergency Length,1,1,0,0,0,H,0,0
HB23-1074,2023_2024,2023-RS,r. dickson,Study Workforce Transitions To Other Industries,1,1,1,1,1,H,0,0
HB23-1075,2023_2024,2023-RS,m. snyder,Wildfire Evacuation And Clearance Time Modeling,1,1,1,1,1,H,0,0
HB23-1076,2023_2024,2023-RS,l. daugherty,Workers' Compensation,1,1,1,1,1,H,1,0
HB23-1077,2023_2024,2023-RS,j. willford,Informed Consent To Intimate Patient Examinations,1,1,1,1,1,H,0,0
HB23-1078,2023_2024,2023-RS,j. willford,Unemployment Compensation Dependent Allowance,1,1,1,1,0,H,0,0
HB23-1079,2023_2024,2023-RS,k. degraaf,Income Tax Credits For Nonpublic Education,1,1,0,0,0,H,0,0
HB23-1080,2023_2024,2023-RS,t. winter,Reliable Alternative Energy Sources,1,1,0,0,0,H,0,0
HB23-1081,2023_2024,2023-RS,w. lindstedt,Employee Ownership Tax Credit Expansion,1,1,1,1,1,H,0,0
HB23-1082,2023_2024,2023-RS,d. wilson,Reserved Parking Privileges Military License Plate,1,1,0,0,0,H,0,0
HB23-1083,2023_2024,2023-RS,b. titone,Qualified Higher Education Expenses Aviation Training,1,1,0,0,0,H,0,0
HB23-1084,2023_2024,2023-RS,m. bradfield,Continuation Of Military Retirement Benefit Deduction,1,1,1,1,1,H,0,0
HB23-1085,2023_2024,2023-RS,m. martinez,Rural County and Municipality Energy Efficient Building Codes,1,1,0,0,0,H,0,0
HB23-1086,2023_2024,2023-RS,k. degraaf,Due Process Asset Forfeiture Act,1,1,1,1,1,H,1,0
HB23-1087,2023_2024,2023-RS,m. catlin,Fiscal Rule Advance Payment Charitable Food Grants,1,1,1,1,1,H,0,0
HB23-1088,2023_2024,2023-RS,m. martinez,Veterans Mental Health Session Reimbursement Program,1,1,1,1,1,H,0,0
HB23-1089,2023_2024,2023-RS,m. young,Special Education Services For Students In Foster Care,1,1,1,1,1,H,0,0
HB23-1090,2023_2024,2023-RS,m. weissman,Limit Metropolitan District Director Conflicts,1,1,1,1,0,H,0,0
HB23-1091,2023_2024,2023-RS,r. pugliese,Continuation Of Child Care Contribution Tax Credit,1,1,1,1,1,H,0,0
HB23-1092,2023_2024,2023-RS,r. bockenfeld,Limitating Use Of State Money,1,1,0,0,0,H,0,0
HB23-1093,2023_2024,2023-RS,b. mclachlan,Higher Education Staff Sabbaticals,1,1,1,1,1,H,0,0
HB23-1094,2023_2024,2023-RS,m. lukens,Extend Agricultural Workforce Development Program,1,1,1,1,1,H,0,0
HB23-1095,2023_2024,2023-RS,s. woodrow,Prohibited Provisions In Rental Agreements,1,1,1,1,1,H,1,0
HB23-1096,2023_2024,2023-RS,m. snyder,Wildfire Resilient Homes,1,1,0,0,0,H,0,0
HB23-1097,2023_2024,2023-RS,s. luck,Painkiller Administration Prior To Abortion,1,1,0,0,0,H,0,0
HB23-1098,2023_2024,2023-RS,l. frizell,Women's Rights In Athletics,1,1,0,0,0,H,0,0
HB23-1099,2023_2024,2023-RS,s. vigil,Portable Screening Report For Residential Leases,1,1,1,1,1,H,0,0
HB23-1100,2023_2024,2023-RS,n. ricks,Restrict Government Involvement In Immigration Detention,1,1,1,1,1,H,1,0
HB23-1101,2023_2024,2023-RS,s. vigil,Ozone Season Transit Grant Program Flexibility,1,1,1,1,1,H,0,0
HB23-1102,2023_2024,2023-RS,g. evans,Alcohol And Drug Impaired Driving Enforcement,1,1,1,1,1,H,0,0
HB23-1103,2023_2024,2023-RS,t. winter,Severance Tax Revenue Distribution,1,1,0,0,0,H,0,0
HB23-1104,2023_2024,2023-RS,l. frizell,Delay Implementation Paid Family Medical Leave,1,1,0,0,0,H,0,0
HB23-1105,2023_2024,2023-RS,j. parenti,Homeowners' Association And Metropolitan District Homeowners' Rights Task Forces,1,1,1,1,1,H,0,0
HB23-1106,2023_2024,2023-RS,g. evans,Fire And Police Pension Association Board's Noncompounding Authorization,1,1,1,1,1,H,0,0
HB23-1107,2023_2024,2023-RS,m. duran,Crime Victim Services Funding,1,1,1,1,1,H,0,0
HB23-1108,2023_2024,2023-RS,m. duran,Victim And Survivor Training For Judicial Personnel,1,1,1,1,1,H,0,0
HB23-1109,2023_2024,2023-RS,s. gonzales-gutierrez,School Policies And Student Conduct,1,1,0,0,0,H,0,0
HB23-1110,2023_2024,2023-RS,d. michaelson jenet,Health-care Coverage For Biomarker Testing,1,1,0,0,0,H,0,0
HB23-1111,2023_2024,2023-RS,s. bird,Unauthorized Insurance Premium Tax Rate,1,1,1,1,1,H,0,0
HB23-1112,2023_2024,2023-RS,s. bird,Earned Income And Child Tax Credits,1,1,1,1,1,H,0,0
HB23-1113,2023_2024,2023-RS,e. hamrick,County Impact Notes By Legislative Council,1,1,0,0,0,H,0,0
HB23-1114,2023_2024,2023-RS,r. taggart,First-generation-serving Higher Education Institutions,1,1,1,0,0,H,0,0
HB23-1115,2023_2024,2023-RS,j. mabrey,Repeal Prohibition Local Residential Rent Control,1,1,1,1,0,H,0,0
HB23-1116,2023_2024,2023-RS,a. hartsook,Contracts Between Carriers And Providers,1,1,1,1,1,H,0,0
HB23-1117,2023_2024,2023-RS,i. jodeh,Affidavit Support Eligibility Public Benefits,1,1,1,1,1,H,0,0
HB23-1118,2023_2024,2023-RS,e. sirota,Fair Workweek Employment Standards,1,1,0,0,0,H,0,0
HB23-1119,2023_2024,2023-RS,s. bottoms,Abolishing Abortion In Colorado,1,1,0,0,0,H,0,0
HB23-1120,2023_2024,2023-RS,j. joseph,Eviction Protections For Residential Tenants,1,1,1,1,1,H,1,0
HB23-1121,2023_2024,2023-RS,s. bird,Repeal Of Infrequently Used Tax Expenditures,1,1,1,1,1,H,0,0
HB23-1122,2023_2024,2023-RS,s. bird,Tax Credit For Purchase Long-term Care Insurance,1,1,0,0,0,H,0,0
HB23-1123,2023_2024,2023-RS,m. lindsay,Move Over or Slow Down Stationary Vehicle,1,1,1,1,1,H,0,0
HB23-1124,2023_2024,2023-RS,m. lindsay,Funding For Services For Colorado Employment First Participants,1,1,0,0,0,H,0,0
HB23-1125,2023_2024,2023-RS,m. lukens,Modernize Process To Obtain Water Well Information,1,1,1,1,1,H,0,0
HB23-1126,2023_2024,2023-RS,n. ricks,Consumer Reports Not Include Medical Debt Information,1,1,1,1,1,H,0,0
HB23-1127,2023_2024,2023-RS,t. winter,Customer's Right To Use Energy,1,1,0,0,0,H,0,0
HB23-1128,2023_2024,2023-RS,r. weinberg,Income Tax Credits And Deductions Married Taxpayers,1,1,0,0,0,H,0,0
HB23-1129,2023_2024,2023-RS,b. bradley,Tax Credit Lifebuoy Apparatus,1,1,0,0,0,H,0,0
HB23-1130,2023_2024,2023-RS,d. michaelson jenet,Drug Coverage For Serious Mental Illness,1,1,1,1,1,H,0,0
HB23-1131,2023_2024,2023-RS,r. weinberg,Majority Of Unit Owners Required For Home Owners' Association Budgets,1,1,0,0,0,H,0,0
HB23-1132,2023_2024,2023-RS,m. snyder,The Court Data-sharing Task Force,1,1,1,1,1,H,1,0
HB23-1133,2023_2024,2023-RS,m. lindsay,Cost Of Phone Calls For Persons In Custody,1,1,1,1,1,H,0,0
HB23-1134,2023_2024,2023-RS,j. joseph,Require Electric Options In Home Warranties,1,1,1,1,1,H,0,0
HB23-1135,2023_2024,2023-RS,d. michaelson jenet,Penalty For Indecent Exposure In View Of Minors,1,1,1,1,1,H,1,0
HB23-1136,2023_2024,2023-RS,d. ortiz,Prosthetic Devices For Recreational Activity,1,1,1,1,1,H,0,0
HB23-1137,2023_2024,2023-RS,m. lukens,Solar Garden Net Metering Credits Stabilization,1,1,1,1,1,H,0,0
HB23-1138,2023_2024,2023-RS,j. amabile,Procedures Related To Adult Competency,1,1,1,1,1,H,0,0
HB23-1139,2023_2024,2023-RS,m. martinez,Modification Of Rural Counties Officer Salary Categories,1,1,1,1,1,H,0,0
HB23-1140,2023_2024,2023-RS,m. snyder,Powersports Vehicle Dealer Business Place,1,1,1,1,1,H,0,0
HB23-1141,2023_2024,2023-RS,m. lindsay,History Colorado Authority To Sell Property,1,1,1,1,1,H,0,0
HB23-1142,2023_2024,2023-RS,r. pugliese,Information Of Person Reporting Child Abuse,1,1,1,0,0,H,0,0
HB23-1143,2023_2024,2023-RS,c. kipp,Federal Authorize Firearms For DACA Peace Officers,1,1,1,1,1,H,0,0
HB23-1144,2023_2024,2023-RS,r. english,Public Employees' Retirement Association Defined Benefit Plan Payments To Ex-spouse,1,1,0,0,0,H,0,0
HB23-1145,2023_2024,2023-RS,s. sharbini,Hearing Timelines Juveniles In Adult Facilities,1,1,1,1,1,H,0,0
HB23-1146,2023_2024,2023-RS,a. valdez,Employees May Accept Cash Tips,1,1,1,1,0,H,0,0
HB23-1147,2023_2024,2023-RS,c. kipp,Driver's License Examination Reimbursement,1,1,1,1,0,H,0,0
HB23-1148,2023_2024,2023-RS,g. evans,Temporary Prohibition On Rule-making After Rule Adopted,1,1,0,0,0,H,0,0
HB23-1149,2023_2024,2023-RS,r. holtorf,Modify Conduct Of Elections In Small Counties,1,1,0,0,0,H,0,0
HB23-1150,2023_2024,2023-RS,s. bottoms,Provide Information On Abortion Pill Reversal,1,1,0,0,0,H,0,0
HB23-1151,2023_2024,2023-RS,s. woodrow,Clarifications To 48-hour Bond Hearing Requirement,1,1,1,1,1,H,0,0
HB23-1152,2023_2024,2023-RS,b. bradley,Prohibit Foreign Ownership Agricultural and Natural Resources,1,1,0,0,0,H,0,0
HB23-1153,2023_2024,2023-RS,r. armagost,Pathways To Behavioral Health Care,1,1,1,1,1,H,0,0
HB23-1154,2023_2024,2023-RS,a. valdez,Ballot Issue Greenhouse Gas Emissions Report,1,1,0,0,0,H,0,0
HB23-1155,2023_2024,2023-RS,m. weissman,Advisement During Custodial Interrogation,1,1,1,1,1,H,0,0
HB23-1156,2023_2024,2023-RS,r. taggart,Public Airport Authority Act Modernization,1,1,1,1,1,H,0,0
HB23-1157,2023_2024,2023-RS,j. joseph,Uniform Unregulated Child Custody Transfer Act,1,1,1,1,1,H,0,0
HB23-1158,2023_2024,2023-RS,j. willford,Colorado Commodity Supplemental Food Grant Program,1,1,1,1,1,H,1,0
HB23-1159,2023_2024,2023-RS,s. luck,Family Courts Study Commission,1,1,1,0,0,H,0,0
HB23-1160,2023_2024,2023-RS,g. evans,Colorado TRAILS System Requirements,1,1,0,0,0,H,0,0
HB23-1161,2023_2024,2023-RS,c. kipp,Environmental Standards For Appliances,1,1,1,1,1,H,0,0
HB23-1162,2023_2024,2023-RS,s. woodrow,Consumer Legal Funding Transactions,1,1,1,1,1,H,0,0
HB23-1163,2023_2024,2023-RS,k. degraaf,Revoke Carbon Dioxide Status As A Pollutant,1,1,0,0,0,H,0,0
HB23-1164,2023_2024,2023-RS,m. lynch,Opioid Harm Reduction,1,1,0,0,0,H,0,0
HB23-1165,2023_2024,2023-RS,j. amabile,County Authority To Prohibit Firearms Discharge,1,1,1,1,0,H,0,0
HB23-1166,2023_2024,2023-RS,r. pugliese,Repeal Retail Delivery Fees,1,1,0,0,0,H,0,0
HB23-1167,2023_2024,2023-RS,c. degruy kennedy,Reporting Of Emergency Overdose Events,1,1,1,1,1,H,0,0
HB23-1168,2023_2024,2023-RS,s. sharbini,Legal Representation And Students With Disabilities,1,1,1,1,1,H,0,0
HB23-1169,2023_2024,2023-RS,j. bacon,Limit Arrest For Low-level Offenses,1,1,0,0,0,H,0,0
HB23-1170,2023_2024,2023-RS,k. degraaf,Distributed Ledgers Voting,1,1,0,0,0,H,0,0
HB23-1171,2023_2024,2023-RS,j. mabrey,Just Cause Requirement Eviction Of Residential Tenant,1,1,1,1,0,H,0,0
HB23-1172,2023_2024,2023-RS,j. parenti,Child Welfare And Juvenile Court Jurisdiction,1,1,1,1,1,H,0,0
HB23-1173,2023_2024,2023-RS,r. bockenfeld,Modify Department Of Transportation Governance,1,1,0,0,0,H,0,0
HB23-1174,2023_2024,2023-RS,j. amabile,Homeowner's Insurance Underinsurance,1,1,1,1,1,H,0,0
HB23-1175,2023_2024,2023-RS,r. bockenfeld,Transportation Budget Requirements,1,1,0,0,0,H,0,0
HB23-1176,2023_2024,2023-RS,d. wilson,PERA Defined Contribution Plan School Personnel,1,1,0,0,0,H,0,0
HB23-1177,2023_2024,2023-RS,b. mclachlan,Cameras On School Buses For Student Safety,1,1,0,0,0,H,0,0
HB23-1178,2023_2024,2023-RS,m. froelich,Court Personnel And Domestic Violence Awareness,1,1,1,1,1,H,0,0
HB23-1179,2023_2024,2023-RS,t. mauro,Agricultural Products Inspection Cash Fund Reserve,1,1,1,1,1,H,0,0
HB23-1180,2023_2024,2023-RS,b. marshall,County Commissioner Elections,1,1,0,0,0,H,0,0
HB23-1181,2023_2024,2023-RS,t. mauro,Guaranteed Asset Protection Agreements,1,1,1,1,1,H,1,0
HB23-1182,2023_2024,2023-RS,e. epps,Remote Public Access To Criminal Court Proceedings,1,1,1,1,1,H,1,0
HB23-1183,2023_2024,2023-RS,i. jodeh,Prior Authorization For Step-therapy Exception,1,1,1,1,1,H,0,0
HB23-1184,2023_2024,2023-RS,w. lindstedt,Low-income Housing Property Tax Exemptions,1,1,1,1,1,H,0,0
HB23-1185,2023_2024,2023-RS,l. daugherty,Requirements For Recall Elections And Vacancies,1,1,1,1,1,H,1,0
HB23-1186,2023_2024,2023-RS,m. lindsay,Remote Participation In Residential Evictions,1,1,1,1,1,H,1,0
HB23-1187,2023_2024,2023-RS,j. bacon,Alternatives In Criminal Justice System And Pregnant Persons,1,1,1,1,1,H,0,0
HB23-1188,2023_2024,2023-RS,m. soper,Individualized Learning Schools And Programs,1,1,0,0,0,H,0,0
HB23-1189,2023_2024,2023-RS,s. bird,Employer Assistance For Home Purchase Tax Credit,1,1,1,1,1,H,1,0
HB23-1190,2023_2024,2023-RS,a. boesenecker,Affordable Housing Right Of First Refusal,1,1,1,1,0,H,1,0
HB23-1191,2023_2024,2023-RS,r. english,Prohibit Corporal Punishment Of Children,1,1,1,1,1,H,0,0
HB23-1192,2023_2024,2023-RS,m. weissman,Additional Protections In Consumer Code,1,1,1,1,1,H,0,0
HB23-1193,2023_2024,2023-RS,r. holtorf,Voluntary American Citizenship Notation On State IDs,1,1,0,0,0,H,0,0
HB23-1194,2023_2024,2023-RS,b. mclachlan,Closed Landfills Remediation Local Governments Grants,1,1,1,1,1,H,0,0
HB23-1195,2023_2024,2023-RS,d. michaelson jenet,Automated Pharmacy Dispensing System,1,1,1,1,1,H,0,0
HB23-1196,2023_2024,2023-RS,s. lieder,Remedies At Law For Violating Colorado Youth Act,1,1,1,1,1,H,1,0
HB23-1197,2023_2024,2023-RS,m. young,Stakeholder Process For Oversight Of Host Home Providers,1,1,1,1,1,H,0,0
HB23-1198,2023_2024,2023-RS,b. titone,Teacher Externship Program For Science Technology Engineering And Math Disciplines,1,1,1,1,1,H,0,0
HB23-1199,2023_2024,2023-RS,m. froelich,Forensic Medical Evidence Process Improvements,1,1,1,1,1,H,0,0
HB23-1200,2023_2024,2023-RS,n. ricks,Improved Outcomes Persons Behavioral Health,1,1,1,1,1,H,1,0
HB23-1201,2023_2024,2023-RS,l. daugherty,Prescription Drug Benefits Contract Term Requirements,1,1,1,1,1,H,0,0
HB23-1202,2023_2024,2023-RS,e. epps,Overdose Prevention Center Authorization,1,1,1,1,0,H,0,0
HB23-1203,2023_2024,2023-RS,l. garcia,Authorized Representatives for Pediatric Clients,1,1,0,0,0,H,0,0
HB23-1204,2023_2024,2023-RS,w. lindstedt,Recovery Residence Discharge Policy,1,1,1,1,1,H,0,0
HB23-1205,2023_2024,2023-RS,m. lynch,Office Of Judicial Ombudsman,1,1,1,1,1,H,0,0
HB23-1206,2023_2024,2023-RS,b. marshall,County Sheriffs And District Attorneys,1,1,1,1,0,H,0,0
HB23-1207,2023_2024,2023-RS,r. weinberg,Stipends For National Board-certified Educators,1,1,0,0,0,H,0,0
HB23-1208,2023_2024,2023-RS,b. marshall,Income Tax Credit For Eligible Teachers,1,1,0,0,0,H,0,0
HB23-1209,2023_2024,2023-RS,a. boesenecker,Analyze Statewide Publicly Financed Health-care,1,1,1,1,0,H,0,0
HB23-1210,2023_2024,2023-RS,r. dickson,Carbon Management,1,1,1,1,1,H,0,0
HB23-1211,2023_2024,2023-RS,l. garcia,Collect Data Language Translation Services Special Education,1,1,0,0,0,H,0,0
HB23-1212,2023_2024,2023-RS,e. hamrick,Promotion Of Apprenticeships,1,1,1,1,1,H,0,0
HB23-1213,2023_2024,2023-RS,m. young,Stop The Bleed School Training And Kits,1,1,1,1,1,H,0,0
HB23-1214,2023_2024,2023-RS,e. epps,Procedure To Apply For Commutation Of Sentence,1,1,1,1,0,H,0,0
HB23-1215,2023_2024,2023-RS,e. sirota,Limits On Hospital Facility Fees,1,1,1,1,1,H,1,0
HB23-1216,2023_2024,2023-RS,t. story,Natural Gas Pipeline Safety,1,1,1,1,1,H,0,0
HB23-1217,2023_2024,2023-RS,m. froelich,Motor Vehicles Tows And Crime Victims,1,1,1,1,1,H,0,0
HB23-1218,2023_2024,2023-RS,k. brown,Health Facility Patient Information Denied Service,1,1,1,1,1,H,0,0
HB23-1219,2023_2024,2023-RS,m. froelich,Waiting Period To Deliver A Firearm,1,1,1,1,1,H,1,0
HB23-1220,2023_2024,2023-RS,r. holtorf,Study Republican River Groundwater Economic Impact,1,1,1,1,1,H,0,0
HB23-1221,2023_2024,2023-RS,m. soper,Water Quality Data Standards,1,1,0,0,0,H,0,0
HB23-1222,2023_2024,2023-RS,m. duran,Cases Of Domestic Violence In Municipal Court,1,1,1,1,1,H,0,0
HB23-1223,2023_2024,2023-RS,j. bacon,Task Force To Prioritize Grants Target Population,1,1,1,1,1,H,1,0
HB23-1224,2023_2024,2023-RS,k. brown,Standardized Health Benefit Plan,1,1,1,1,1,H,0,0
HB23-1225,2023_2024,2023-RS,c. degruy kennedy,Extend And Modify Prescription Drug Affordability Board,1,1,1,1,1,H,0,0
HB23-1226,2023_2024,2023-RS,m. soper,Hospital Transparency And Reporting Requirements,1,1,1,1,1,H,0,0
HB23-1227,2023_2024,2023-RS,i. jodeh,Enforce Laws Against Pharmacy Benefit Managers,1,1,1,1,1,H,0,0
HB23-1228,2023_2024,2023-RS,j. mccluskie,Nursing Facility Reimbursement Rate Setting,1,1,1,1,1,H,0,0
HB23-1229,2023_2024,2023-RS,m. weissman,Amending Terms Consumer Lending Laws,1,1,1,1,1,H,0,0
HB23-1230,2023_2024,2023-RS,e. epps,Prohibit Assault Weapons In Colorado,1,1,0,0,0,H,0,0
HB23-1231,2023_2024,2023-RS,b. mclachlan,Math In Pre-kindergarten Through Twelfth Grade,1,1,1,1,1,H,0,0
HB23-1232,2023_2024,2023-RS,j. mccluskie,Extend Housing Toolkit Time Frame,1,1,1,1,1,H,0,0
HB23-1233,2023_2024,2023-RS,t. mauro,Electric Vehicle Charging And Parking Requirements,1,1,1,1,1,H,1,0
HB23-1234,2023_2024,2023-RS,k. brown,Streamlined Solar Permitting And Inspection Grants,1,1,1,1,1,H,0,0
HB23-1235,2023_2024,2023-RS,e. sirota,Technical Modification To Department Of Early Childhood,1,1,1,1,1,H,0,0
HB23-1236,2023_2024,2023-RS,m. young,Implementation Updates To Behavioral Health Administration,1,1,1,1,1,H,0,0
HB23-1237,2023_2024,2023-RS,e. velasco,Inclusive Language Emergency Situations,1,1,1,1,1,H,0,0
HB23-1238,2023_2024,2023-RS,r. taggart,Protection For Helicopter Search And Rescue,1,1,0,0,0,H,0,0
HB23-1239,2023_2024,2023-RS,e. hamrick,Local Innovation For Education Assessments,1,1,0,0,0,H,0,0
HB23-1240,2023_2024,2023-RS,k. brown,Sales Use Tax Exemption Wildfire Disaster Construction,1,1,1,1,1,H,0,0
HB23-1241,2023_2024,2023-RS,s. bird,Task Force To Study K-12 Accountability System,1,1,1,1,1,H,0,0
HB23-1242,2023_2024,2023-RS,a. boesenecker,Water Conservation In Oil And Gas Operations,1,1,1,1,1,H,1,0
HB23-1243,2023_2024,2023-RS,j. amabile,Hospital Community Benefit,1,1,1,1,1,H,0,0
HB23-1244,2023_2024,2023-RS,c. degruy kennedy,Regional Health Connector Program,1,1,1,1,1,H,0,0
HB23-1245,2023_2024,2023-RS,j. parenti,Campaign Practices For Municipal Elections,1,1,1,1,1,H,1,0
HB23-1246,2023_2024,2023-RS,j. mccluskie,Support In-demand Career Workforce,1,1,1,1,1,H,0,0
HB23-1247,2023_2024,2023-RS,m. lukens,Assess Advanced Energy Solutions In Rural Colorado,1,1,1,1,1,H,0,0
HB23-1248,2023_2024,2023-RS,l. garcia,Executive Committee's Investigatory Authority,1,1,0,0,0,H,0,0
HB23-1249,2023_2024,2023-RS,r. armagost,Reduce Justice-involvement For Young Children,1,1,1,1,1,H,0,0
HB23-1250,2023_2024,2023-RS,r. pugliese,Attorney General Jurisdiction Regulate Architects,1,1,1,1,1,H,0,0
HB23-1251,2023_2024,2023-RS,e. epps,Repeal Of Obsolete Provisions In Title 39,1,1,1,1,1,H,0,0
HB23-1252,2023_2024,2023-RS,s. lieder,Thermal Energy,1,1,1,1,1,H,0,0
HB23-1253,2023_2024,2023-RS,s. sharbini,Task Force To Study Corporate Housing Ownership,1,1,1,1,1,H,1,0
HB23-1254,2023_2024,2023-RS,k. brown,Habitability of Residential Premises,1,1,1,1,1,H,0,0
HB23-1255,2023_2024,2023-RS,w. lindstedt,Regulating Local Housing Growth Restrictions,1,1,1,1,1,H,1,0
HB23-1256,2023_2024,2023-RS,d. michaelson jenet,Health-care Professional Telehealth Out-of-state Patient,1,1,0,0,0,H,0,0
HB23-1257,2023_2024,2023-RS,e. velasco,Mobile Home Park Water Quality,1,1,1,1,1,H,0,0
HB23-1258,2023_2024,2023-RS,s. sharbini,Drug Crime Cost Task Force,1,1,1,1,0,H,0,0
HB23-1259,2023_2024,2023-RS,l. daugherty,Open Meetings Law Executive Session Violations,1,1,1,1,0,H,0,0
HB23-1260,2023_2024,2023-RS,m. soper,Advanced Industry and Semiconductor Manufacturing Incentives,1,1,1,1,1,H,0,0
HB23-1261,2023_2024,2023-RS,b. mclachlan,No Requirement For Selective Service Higher Education,1,1,1,1,1,H,0,0
HB23-1262,2023_2024,2023-RS,n. ricks,Colorado Re-engaged Iniative Modifications,1,1,1,1,1,H,0,0
HB23-1263,2023_2024,2023-RS,l. garcia,Translating Individualized Education Programs,1,1,1,1,1,H,0,0
HB23-1264,2023_2024,2023-RS,k. mccormick,Update Livestock Health Act,1,1,1,1,1,H,0,0
HB23-1265,2023_2024,2023-RS,m. lukens,Born To Be Wild Special License Plate,1,1,1,1,1,H,0,0
HB23-1266,2023_2024,2023-RS,k. brown,Reverse Mortgage Repayment When Home Uninhabitable,1,1,1,1,1,H,1,0
HB23-1267,2023_2024,2023-RS,j. mccluskie,Double Fines Speeding Trucks On Steep Grades,1,1,1,1,1,H,0,0
HB23-1268,2023_2024,2023-RS,m. lukens,Private Treatment for Out-of-state Defendant,1,1,1,1,1,H,0,0
HB23-1269,2023_2024,2023-RS,d. michaelson jenet,Extended Stay And Boarding Patients,1,1,1,1,1,H,0,0
HB23-1270,2023_2024,2023-RS,l. garcia,Creation Of Urgent Incident Response Fund,1,1,1,1,1,H,0,0
HB23-1271,2023_2024,2023-RS,s. gonzales-gutierrez,Lunar New Year Day As An Observed State Holiday,1,1,1,1,1,H,0,1
HB23-1272,2023_2024,2023-RS,m. weissman,Tax Policy That Advances Decarbonization,1,1,1,1,1,H,0,0
HB23-1273,2023_2024,2023-RS,m. snyder,Creation Of Wildfire Resilient Homes Grant Program,1,1,1,1,1,H,0,0
HB23-1274,2023_2024,2023-RS,k. mccormick,Species Conservation Trust Fund Projects,1,1,1,1,1,H,0,0
HB23-1275,2023_2024,2023-RS,w. lindstedt,Modification Of The Film Production Incentive,1,1,1,1,1,H,0,0
HB23-1276,2023_2024,2023-RS,w. lindstedt,Scope Of Bridge And Tunnel Enterprise,1,1,1,1,1,H,0,0
HB23-1277,2023_2024,2023-RS,b. marshall,Reporting Adjustments To Taxable Income,1,1,1,1,1,H,0,0
HB23-1278,2023_2024,2023-RS,k. brown,Virtual Marriage Or Civil Union License Procedures,1,1,1,1,1,H,0,0
HB23-1279,2023_2024,2023-RS,w. lindstedt,Allow Retail Marijuana Online Sales,1,1,1,1,1,H,0,0
HB23-1280,2023_2024,2023-RS,j. joseph,Colorado Access To Justice Commission,1,1,1,1,1,H,0,0
HB23-1281,2023_2024,2023-RS,b. titone,Advance The Use Of Clean Hydrogen,1,1,1,1,1,H,0,0
HB23-1282,2023_2024,2023-RS,c. kipp,Protect Consumers From Additional Entities,1,1,1,0,0,H,0,0
HB23-1283,2023_2024,2023-RS,i. jodeh,Transfer Refugee Services To New Americans Office,1,1,1,1,1,H,0,0
HB23-1284,2023_2024,2023-RS,c. degruy kennedy,Modifications To The Property Tax Deferral Program,1,1,1,1,1,H,0,0
HB23-1285,2023_2024,2023-RS,a. valdez,Store Use Of Carryout Bags And Sustainable Products,1,1,1,1,1,H,0,0
HB23-1286,2023_2024,2023-RS,r. armagost,Increase Penalty Cruelty Police And Service Animals,1,1,1,1,1,H,0,0
HB23-1287,2023_2024,2023-RS,j. mccluskie,County Regulation Related To Short-term Rentals,1,1,1,1,1,H,0,0
HB23-1288,2023_2024,2023-RS,j. mccluskie,Fair Access To Insurance Requirements Plan,1,1,1,1,1,H,0,0
HB23-1289,2023_2024,2023-RS,r. pugliese,Sustainable Advancements In Aviation Tax Credits,1,1,0,0,0,H,0,0
HB23-1290,2023_2024,2023-RS,j. mccluskie,Proposition EE Funding Retention Rate Reduction,1,1,1,1,1,H,0,0
HB23-1291,2023_2024,2023-RS,j. joseph,Procedures For Expulsion Hearing Officers,1,1,1,1,1,H,0,0
HB23-1292,2023_2024,2023-RS,m. weissman,Enhanced Sentencing Colorado Commission On Criminal And Juvenile Justice Recommendations,1,1,1,1,1,H,0,0
HB23-1293,2023_2024,2023-RS,m. weissman,Felony Sentencing Commission Recommendations,1,1,1,1,1,H,0,0
HB23-1294,2023_2024,2023-RS,j. bacon,Pollution Protection Measures,1,1,1,1,1,H,1,0
HB23-1295,2023_2024,2023-RS,s. bird,Audits Of Department Of Health Care Policy And Financing Payments To Providers,1,1,1,1,1,H,0,0
HB23-1296,2023_2024,2023-RS,d. ortiz,Create Task Force Study Rights Persons Disabilities,1,1,1,1,1,H,0,0
HB23-1297,2023_2024,2023-RS,e. epps,Prohibit Corporation Issuing Scrip In Bearer Form,1,1,1,1,1,H,0,0
HB23-1298,2023_2024,2023-RS,e. sirota,Earlier Funding For Middle School Lead Testing,1,1,1,1,1,H,0,0
HB23-1299,2023_2024,2023-RS,s. bird,Justice Reinvestment Crime Prevention Initiative.,1,1,1,1,1,H,0,0
HB23-1300,2023_2024,2023-RS,s. bird,Continuous Eligibility Medical Coverage,1,1,1,1,1,H,0,0
HB23-1301,2023_2024,2023-RS,m. soper,Revisor's Bill,1,1,1,1,1,H,0,0
HB23-1302,2023_2024,2023-RS,d. ortiz,Housing Accessibility,1,1,0,0,0,H,0,0
HB23-1303,2023_2024,2023-RS,k. brown,Protect Against Insurers' Impairment And Insolvency,1,1,1,1,1,H,0,0
HB23-1304,2023_2024,2023-RS,j. mccluskie,Proposition 123 Affordable Housing Programs,1,1,1,1,1,H,1,0
HB23-1305,2023_2024,2023-RS,s. bird,Continue Health Benefits In Work-related Death,1,1,1,1,1,H,0,0
HB23-1306,2023_2024,2023-RS,l. herod,Public Use of Elected Officials' Social Media,1,1,1,1,1,H,1,0
HB23-1307,2023_2024,2023-RS,l. daugherty,Juvenile Detention Services And Funding,1,1,1,1,1,H,1,0
HB23-1308,2023_2024,2023-RS,d. ortiz,Access To Government By Persons With Disabilities,1,1,0,0,0,H,0,0
HB23-1309,2023_2024,2023-RS,l. herod,Film Incentive Tax Credit,1,1,1,1,1,H,0,0
HB23-1310,2023_2024,2023-RS,c. degruy kennedy,Misuse Of Public Safety Answering Point,1,1,0,0,0,H,0,0
HB23-1311,2023_2024,2023-RS,c. degruy kennedy,Identical Temporary TABOR Refund,1,1,1,1,1,H,1,0
HB23B-1001,2023_2024,2023-SS1,m. lindsay,Emergency Rental Assistance Grant Program,1,1,1,1,1,H,1,0
HB23B-1002,2023_2024,2023-SS1,j. willford,Increased Earned Income Tax Credit 2023,1,1,1,1,1,H,1,0
HB23B-1003,2023_2024,2023-SS1,m. snyder,Property Tax Task Force,1,1,1,1,1,H,1,0
HB23B-1004,2023_2024,2023-SS1,b. marshall,2023 Property Tax Reduction Policy Study,1,1,0,0,0,H,0,0
HB23B-1005,2023_2024,2023-SS1,m. lynch,Matters Related To Tax Relief For Tax Year 2023,1,1,0,0,0,H,0,0
HB23B-1006,2023_2024,2023-SS1,s. luck,Creation Of Tax Code Task Force,1,1,0,0,0,H,0,0
HB23B-1007,2023_2024,2023-SS1,d. ortiz,Increase 2023 Homestead Property Tax  Exemptions,1,1,0,0,0,H,0,0
HB23B-1008,2023_2024,2023-SS1,s. lieder,Appropriation For Department Of Treasury,1,1,1,1,1,H,0,0
SB23-0001,2023_2024,2023-RS,d. roberts,Authority Of Public-private Collaboration Unit For Housing,1,1,1,1,1,S,0,0
SB23-0002,2023_2024,2023-RS,k. mullica,Medicaid Reimbursement For Community Health Services,1,1,1,1,1,S,0,0
SB23-0003,2023_2024,2023-RS,j. buckner,Colorado Adult High School Program,1,1,1,1,1,S,0,0
SB23-0004,2023_2024,2023-RS,j. marchman,Employment Of School Mental Health Professionals,1,1,1,1,1,S,0,0
SB23-0005,2023_2024,2023-RS,s. jaquez lewis,Forestry And Wildfire Mitigation Workforce,1,1,1,1,1,S,0,0
SB23-0006,2023_2024,2023-RS,d. roberts,Creation Of The Rural Opportunity Office,1,1,1,1,1,S,0,0
SB23-0007,2023_2024,2023-RS,r. zenzinger,Adult Education,1,1,1,1,1,S,0,0
SB23-0008,2023_2024,2023-RS,d. moreno,Youth Involvement Education Standards Review,1,1,1,1,1,S,0,0
SB23-0009,2023_2024,2023-RS,j. ginal,Limit Opioid Prescription And Exception For Intractable Pain,1,1,0,0,0,S,0,0
SB23-0010,2023_2024,2023-RS,j. bridges,Water Resources And Agriculture Review Committee,1,1,1,1,1,S,0,0
SB23-0011,2023_2024,2023-RS,f. winter,Minor Driver's Education Requirements,1,1,0,0,0,S,0,0
SB23-0012,2023_2024,2023-RS,f. winter,Commercial Motor Carrier Enforcement Safety Laws,1,1,1,1,1,S,0,0
SB23-0013,2023_2024,2023-RS,j. ginal,Fire Investigations,1,1,1,1,1,S,0,0
SB23-0014,2023_2024,2023-RS,d. moreno,Disordered Eating Prevention,1,1,1,1,1,S,0,0
SB23-0015,2023_2024,2023-RS,r. rodriguez,Vehicle Value Protection Agreement,1,1,1,1,1,S,0,0
SB23-0016,2023_2024,2023-RS,c. hansen,Greenhouse Gas Emission Reduction Measures,1,1,1,1,1,S,0,0
SB23-0017,2023_2024,2023-RS,f. winter,Additional Uses Paid Sick Leave,1,1,1,1,1,S,1,0
SB23-0018,2023_2024,2023-RS,r. fields,Ongoing Funding For 911 Resource Center,1,1,1,1,0,S,0,0
SB23-0019,2023_2024,2023-RS,c. kolker,Out-of-state Online Retail Vehicle Purchases,1,1,1,1,1,S,0,0
SB23-0020,2023_2024,2023-RS,j. coleman,Timely Certified Death Certificates,1,1,1,1,1,S,0,0
SB23-0021,2023_2024,2023-RS,l. liston,Name Ordering On Primary Election Ballot,1,1,0,0,0,S,0,0
SB23-0022,2023_2024,2023-RS,n. hinrichsen,Possession Of Weapon By Previous Offender Crimes,1,1,1,1,0,S,0,0
SB23-0023,2023_2024,2023-RS,j. rich,CPR Training In High Schools,1,1,1,1,1,S,0,0
SB23-0024,2023_2024,2023-RS,b. kirkmeyer,First Amendment Collateral Challenge Court Order,1,1,1,1,0,S,0,0
SB23-0025,2023_2024,2023-RS,m. baisley,In God We Trust Special License Plate,1,1,1,1,1,S,0,0
SB23-0026,2023_2024,2023-RS,r. pelton,Financial Institution Discrimination Environmental Criteria,1,1,0,0,0,S,0,0
SB23-0027,2023_2024,2023-RS,l. cutter,Food Pantry Assistance Grant Program,1,1,1,1,0,S,0,0
SB23-0028,2023_2024,2023-RS,j. gonzales,Penalty For Commercial Vehicle Offenses,1,1,1,1,1,S,0,0
SB23-0029,2023_2024,2023-RS,d. moreno,Disproportionate Discipline In Public Schools,1,1,1,1,1,S,0,0
SB23-0030,2023_2024,2023-RS,j. rich,Eligible Educator Classroom Expenses Tax Credit,1,1,0,0,0,S,0,0
SB23-0031,2023_2024,2023-RS,j. danielson,Improve Health-care Access For Older Coloradans,1,1,1,1,1,S,0,0
SB23-0032,2023_2024,2023-RS,c. simpson,Wildfire Detection Technology Pilot Program,1,1,1,1,0,S,0,0
SB23-0033,2023_2024,2023-RS,r. rodriguez,Medicaid Preauthorization Exemption,1,1,0,0,0,S,0,0
SB23-0034,2023_2024,2023-RS,r. fields,Definition Of Serious Bodily Injury,1,1,1,1,1,S,0,0
SB23-0035,2023_2024,2023-RS,j. bridges,Middle-income Housing Authority Act,1,1,1,1,1,S,0,0
SB23-0036,2023_2024,2023-RS,b. pelton,Veterans With Disab Prop Tax Exemption Reqmnts,1,1,1,1,1,S,0,0
SB23-0037,2023_2024,2023-RS,l. cutter,Solicitations Related To Secretary Of State Documents,1,1,1,1,1,S,0,0
SB23-0038,2023_2024,2023-RS,s. jaquez lewis,Prohibit Equine Slaughter For Human Consumption,1,1,1,0,0,S,0,0
SB23-0039,2023_2024,2023-RS,j. buckner,Reduce Child And Incarcerated Parent Separation,1,1,1,1,1,S,0,0
SB23-0040,2023_2024,2023-RS,r. fields,Staffing Agency CAPS Checks,1,1,1,1,1,S,0,0
SB23-0041,2023_2024,2023-RS,j. ginal,Prescription Drugs For Off-label Use,1,1,1,1,0,S,0,0
SB23-0042,2023_2024,2023-RS,j. rich,Tax Lien Sales County Employees,1,1,0,0,0,S,0,0
SB23-0043,2023_2024,2023-RS,k. van winkle,Continue School Access For Emergency Response Grant Program,1,1,0,0,0,S,0,0
SB23-0044,2023_2024,2023-RS,j. ginal,Veterinary Education Loan Repayment Program,1,1,1,1,1,S,0,0
SB23-0045,2023_2024,2023-RS,r. rodriguez,Marijuana Financial Responsibility Requirements,1,1,0,0,0,S,0,0
SB23-0046,2023_2024,2023-RS,f. winter,Average Weekly Wage Paid Leave Benefits,1,1,1,1,1,S,0,0
SB23-0047,2023_2024,2023-RS,k. van winkle,Confirmed Funds For Closing And Settlement Process,1,1,0,0,0,S,0,0
SB23-0048,2023_2024,2023-RS,m. baisley,Non-tenured Track Faculty,1,1,1,1,1,S,0,0
SB23-0049,2023_2024,2023-RS,r. zenzinger,Special Mobile Machinery Registration Exemption,1,1,1,1,1,S,0,0
SB23-0050,2023_2024,2023-RS,c. simpson,Eligibility For Agricultural Future Loan Program,1,1,1,1,1,S,0,0
SB23-0051,2023_2024,2023-RS,n. hinrichsen,Conforming Workforce Development Statutes,1,1,1,1,1,S,0,0
SB23-0052,2023_2024,2023-RS,n. hinrichsen,Municipal Priority Lien Surviving Treasurer's Deed,1,1,1,1,1,S,0,0
SB23-0053,2023_2024,2023-RS,b. kirkmeyer,Restrict Governmental Nondisclosure Agreements,1,1,1,1,1,S,0,0
SB23-0054,2023_2024,2023-RS,j. danielson,Missing And Murdered Indigenous Relatives Office,1,1,1,1,1,S,0,0
SB23-0055,2023_2024,2023-RS,b. gardner,Car Sharing Program Sales Use And Ownership Tax,1,1,0,0,0,S,0,0
SB23-0056,2023_2024,2023-RS,c. kolker,Compensatory Direct Distribution To PERA,1,1,1,1,1,S,0,0
SB23-0057,2023_2024,2023-RS,j. rich,County Treasurer No Longer Ex Officio District Treasurer,1,1,1,1,1,S,0,0
SB23-0058,2023_2024,2023-RS,j. danielson,Job Application Fairness Act,1,1,1,1,1,S,1,0
SB23-0059,2023_2024,2023-RS,m. baisley,State Parks And Wildlife Area Local Access Funding,1,1,1,1,1,S,0,0
SB23-0060,2023_2024,2023-RS,r. rodriguez,Consumer Protection In Event Ticketing Sales,1,1,1,1,0,S,0,0
SB23-0061,2023_2024,2023-RS,j. marchman,Eliminate State Assessment In Social Studies,1,1,1,1,0,S,0,0
SB23-0062,2023_2024,2023-RS,r. fields,Utility Vendors Report Best Value Metrics,1,1,0,0,0,S,0,0
SB23-0063,2023_2024,2023-RS,k. mullica,Assisted Living Residences Referrals,1,1,0,0,0,S,0,0
SB23-0064,2023_2024,2023-RS,b. gardner,Continue Office Of Public Guardianship,1,1,1,1,1,S,0,0
SB23-0065,2023_2024,2023-RS,p. lundeen,Career Development Success Program,1,1,1,1,1,S,0,0
SB23-0066,2023_2024,2023-RS,c. simpson,Advanced Industry Acceleration Programs,1,1,1,1,1,S,0,0
SB23-0067,2023_2024,2023-RS,j. coleman,Participant Facilitated Recidivism Reduction Program,1,1,1,1,1,S,0,0
SB23-0068,2023_2024,2023-RS,r. pelton,Operations Of County Public Hospitals,1,1,1,1,1,S,0,0
SB23-0069,2023_2024,2023-RS,n. hinrichsen,Requirements To Operate A Motorboat,1,1,1,1,1,S,0,0
SB23-0070,2023_2024,2023-RS,c. kolker,Mandatory School Resource Officer Training,1,1,1,1,1,S,0,0
SB23-0071,2023_2024,2023-RS,j. danielson,Education Accountability Act,1,1,0,0,0,S,0,0
SB23-0072,2023_2024,2023-RS,r. rodriguez,Sunset Defense Counsel First Appearance Program,1,1,1,1,1,S,0,0
SB23-0073,2023_2024,2023-RS,k. van winkle,Sunset EPIC Advisory Board,1,1,1,1,1,S,0,0
SB23-0074,2023_2024,2023-RS,k. van winkle,Sunset Modify Human Trafficking Prevention Training,1,1,1,1,1,S,0,0
SB23-0075,2023_2024,2023-RS,r. fields,Deletion Of Child's Name From Criminal Justice Records,1,1,1,1,1,S,0,0
SB23-0076,2023_2024,2023-RS,j. coleman,Sunset Continue CO Youth Advisory Council,1,1,1,1,1,S,0,0
SB23-0077,2023_2024,2023-RS,n. hinrichsen,Restrictions On Broker Engagement Contracts,1,1,1,1,1,S,0,0
SB23-0078,2023_2024,2023-RS,r. fields,Manufacturer Pay Dealer Motor Vehicle Warranty,1,1,1,1,1,S,0,0
SB23-0079,2023_2024,2023-RS,l. liston,Nuclear Energy As A Clean Energy Resource,1,1,0,0,0,S,0,0
SB23-0080,2023_2024,2023-RS,p. lundeen,Tax Credit Parental Engagement In Schools,1,1,0,0,0,S,0,0
SB23-0081,2023_2024,2023-RS,k. van winkle,Access To Medical Marijuana,1,1,0,0,0,S,0,0
SB23-0082,2023_2024,2023-RS,r. zenzinger,Colorado Fostering Success Voucher Program,1,1,1,1,1,S,0,0
SB23-0083,2023_2024,2023-RS,f. winter,Physician Assistant Collaboration Requirements,1,1,1,1,1,S,0,0
SB23-0084,2023_2024,2023-RS,j. marchman,Full-time Employment For Higher Education Faculty,1,1,1,1,1,S,1,0
SB23-0085,2023_2024,2023-RS,f. winter,Sunset Continue Sexual Misconduct Advisory Committee,1,1,1,1,1,S,0,0
SB23-0086,2023_2024,2023-RS,c. hansen,Student Leaders Institute,1,1,1,1,1,S,0,0
SB23-0087,2023_2024,2023-RS,j. marchman,Teacher Degree Apprenticeship Program,1,1,1,1,1,S,0,0
SB23-0088,2023_2024,2023-RS,b. pelton,Sentence Served Before Parole And Notify Victim,1,1,1,1,1,S,0,0
SB23-0089,2023_2024,2023-RS,b. gardner,Uniform Family Law Arbitration Act,1,1,0,0,0,S,0,0
SB23-0090,2023_2024,2023-RS,b. gardner,Uniform Commercial Code 2022 Amendments,1,1,1,1,1,S,0,0
SB23-0091,2023_2024,2023-RS,c. kolker,Access To Behavioral Health Services,1,1,0,0,0,S,0,0
SB23-0092,2023_2024,2023-RS,c. simpson,Agricultural Producers Use Of Agrivoltaics,1,1,1,1,1,S,0,0
SB23-0093,2023_2024,2023-RS,l. cutter,Increase Consumer Protections Medical Transactions,1,1,1,1,1,S,1,0
SB23-0094,2023_2024,2023-RS,p. lundeen,School Transportation Task Force,1,1,1,1,1,S,0,0
SB23-0095,2023_2024,2023-RS,j. ginal,Unlawfully Aiming Laser Device At Aircraft,1,1,1,1,1,S,0,0
SB23-0096,2023_2024,2023-RS,d. roberts,In-State Tuition Classification Institution Of Higher Education,1,1,1,1,1,S,0,0
SB23-0097,2023_2024,2023-RS,r. zenzinger,Motor Vehicle Theft And Unauthorized Use,1,1,1,1,1,S,0,0
SB23-0098,2023_2024,2023-RS,r. rodriguez,Gig Work Transparency,1,1,0,0,0,S,0,0
SB23-0099,2023_2024,2023-RS,r. zenzinger,Special Education Funding,1,1,1,1,1,S,0,0
SB23-0100,2023_2024,2023-RS,b. gardner,Uniform Community Property Disposition At Death Act,1,1,1,1,1,S,0,0
SB23-0101,2023_2024,2023-RS,b. kirkmeyer,Candidate Ballot Access For Primary Elections,1,1,0,0,0,S,0,0
SB23-0102,2023_2024,2023-RS,b. gardner,Rule Review Bill,1,1,1,1,1,S,0,0
SB23-0103,2023_2024,2023-RS,m. baisley,Update Colorado Recreational Use Statute,1,1,0,0,0,S,0,0
SB23-0104,2023_2024,2023-RS,j. coleman,Public Employees' Retirement Association True-up Of Denver Public Schools Division Employer Contribution,1,1,0,0,0,S,0,0
SB23-0105,2023_2024,2023-RS,j. danielson,Ensure Equal Pay For Equal Work,1,1,1,1,1,S,1,0
SB23-0106,2023_2024,2023-RS,b. gardner,Income Tax Deduction For Military Retirement Benefits,1,1,0,0,0,S,0,0
SB23-0107,2023_2024,2023-RS,l. liston,Senior And Veterans With Disabilities Property Tax Exemption,1,1,0,0,0,S,0,0
SB23-0108,2023_2024,2023-RS,m. baisley,Allowing Temporary Reductions In Property Tax Due,1,1,1,1,1,S,0,0
SB23-0109,2023_2024,2023-RS,b. pelton,Criminal Penalty Controlled Substance Supplier,1,1,1,1,0,S,0,0
SB23-0110,2023_2024,2023-RS,j. marchman,Transparency For Metropolitan Districts,1,1,1,1,1,S,0,0
SB23-0111,2023_2024,2023-RS,r. rodriguez,Public Employees' Workplace Protection,1,1,1,1,1,S,1,0
SB23-0112,2023_2024,2023-RS,r. zenzinger,Department of Agriculture Supplemental,1,1,1,1,1,S,0,0
SB23-0113,2023_2024,2023-RS,r. zenzinger,Department of Corrections Supplemental,1,1,1,1,1,S,0,0
SB23-0114,2023_2024,2023-RS,r. zenzinger,Department of Early Childhood Supplemental,1,1,1,1,1,S,0,0
SB23-0115,2023_2024,2023-RS,r. zenzinger,Department of Education Supplemental,1,1,1,1,1,S,0,0
SB23-0116,2023_2024,2023-RS,r. zenzinger,"Department of Governor, Lt. Governor, & OSPB Supplemental",1,1,1,1,1,S,0,0
SB23-0117,2023_2024,2023-RS,r. zenzinger,Department of Health Care Policy & Financing Supplemental,1,1,1,1,1,S,0,0
SB23-0118,2023_2024,2023-RS,r. zenzinger,Department of Higher Education Supplemental,1,1,1,1,1,S,0,0
SB23-0119,2023_2024,2023-RS,r. zenzinger,Department of Human Services Supplemental,1,1,1,1,1,S,0,0
SB23-0120,2023_2024,2023-RS,r. zenzinger,Judicial Department Supplemental,1,1,1,1,1,S,0,0
SB23-0121,2023_2024,2023-RS,r. zenzinger,Department of Labor & Employment Supplemental,1,1,1,1,1,S,0,0
SB23-0122,2023_2024,2023-RS,r. zenzinger,Department of Law Supplemental,1,1,1,1,1,S,0,0
SB23-0123,2023_2024,2023-RS,r. zenzinger,Legislative Department Supplemental,1,1,1,1,1,S,0,0
SB23-0124,2023_2024,2023-RS,r. zenzinger,Department of Local Affairs Supplemental,1,1,1,1,1,S,0,0
SB23-0125,2023_2024,2023-RS,r. zenzinger,Department of Military Affairs Supplemental,1,1,1,1,1,S,0,0
SB23-0126,2023_2024,2023-RS,r. zenzinger,Department of Natural Resources Supplemental,1,1,1,1,1,S,0,0
SB23-0127,2023_2024,2023-RS,r. zenzinger,Department Of Personnel Supplemental,1,1,1,1,1,S,0,0
SB23-0128,2023_2024,2023-RS,r. zenzinger,Department of Public Health & Environment Supplemental,1,1,1,1,1,S,1,0
SB23-0129,2023_2024,2023-RS,r. zenzinger,Department of Public Safety Supplemental,1,1,1,1,1,S,0,0
SB23-0130,2023_2024,2023-RS,r. zenzinger,Department of Regulatory Agencies Supplemental,1,1,1,1,1,S,0,0
SB23-0131,2023_2024,2023-RS,r. zenzinger,Department of Revenue Supplemental,1,1,1,1,1,S,0,0
SB23-0132,2023_2024,2023-RS,r. zenzinger,Department of State Supplemental,1,1,1,1,1,S,0,0
SB23-0133,2023_2024,2023-RS,r. zenzinger,Department of Transportation Supplemental,1,1,1,1,1,S,0,0
SB23-0134,2023_2024,2023-RS,r. zenzinger,Department of Treasury Supplemental,1,1,1,1,1,S,0,0
SB23-0135,2023_2024,2023-RS,r. zenzinger,Capital Construction Supplemental,1,1,1,1,1,S,0,0
SB23-0136,2023_2024,2023-RS,r. zenzinger,Adjustments To School Funding Fiscal Year 2022-23,1,1,1,1,1,S,0,0
SB23-0137,2023_2024,2023-RS,j. bridges,Transfer to Colorado Economic Development Fund,1,1,1,1,1,S,0,0
SB23-0138,2023_2024,2023-RS,r. zenzinger,Appropriation To Department of Health Care Policy And Financing For Denver Health,1,1,1,1,1,S,0,0
SB23-0139,2023_2024,2023-RS,r. zenzinger,State Severance Tax Trust Fund Allocation,1,1,1,1,1,S,0,0
SB23-0140,2023_2024,2023-RS,r. zenzinger,Fentanyl Study Deadline And Appropriation,1,1,1,1,1,S,0,0
SB23-0141,2023_2024,2023-RS,j. bridges,General Fund Transfers For Capital Construction,1,1,1,1,1,S,0,0
SB23-0142,2023_2024,2023-RS,j. bridges,Information Technology Project Appropriation Process,1,1,1,1,1,S,0,0
SB23-0143,2023_2024,2023-RS,s. fenberg,Retail Delivery Fees,1,1,1,1,1,S,0,0
SB23-0144,2023_2024,2023-RS,j. ginal,Prescription Drugs For Chronic Pain,1,1,1,1,1,S,0,0
SB23-0145,2023_2024,2023-RS,j. danielson,Stegosaurus State Fossil License Plate,1,1,1,1,1,S,0,0
SB23-0146,2023_2024,2023-RS,j. danielson,Colorado Apprenticeship Directory Information,1,1,1,1,1,S,0,0
SB23-0147,2023_2024,2023-RS,t. sullivan,Regulation Of Kratom,1,1,0,0,0,S,0,0
SB23-0148,2023_2024,2023-RS,l. cutter,Illegal Drug Laboratory Property And Certification,1,1,1,1,1,S,0,0
SB23-0149,2023_2024,2023-RS,j. coleman,Higher Education Student Financial Aid For Youth Mentors,1,1,1,1,1,S,1,0
SB23-0150,2023_2024,2023-RS,d. roberts,Require Labeling Disposable Wipes,1,1,1,1,1,S,1,0
SB23-0151,2023_2024,2023-RS,r. fields,Sunset Health Equity Commission,1,1,1,1,1,S,0,0
SB23-0152,2023_2024,2023-RS,d. roberts,Sunset Continue Custom Processing Meat Animals,1,1,1,1,1,S,0,0
SB23-0153,2023_2024,2023-RS,r. rodriguez,Sunset Revised Uniform Law On Notarial Acts,1,1,1,1,1,S,0,0
SB23-0154,2023_2024,2023-RS,t. sullivan,Sunset Continue Veterans One-stop Center,1,1,1,1,1,S,0,0
SB23-0155,2023_2024,2023-RS,r. zenzinger,Sunset Continue Nursing Home Administrators,1,1,1,1,1,S,0,0
SB23-0156,2023_2024,2023-RS,c. kolker,Sunset Private Letter Ruling And Information Letter,1,1,1,1,1,S,0,0
SB23-0157,2023_2024,2023-RS,j. coleman,Sunset Offender Reentry And Education Programs,1,1,1,1,1,S,0,0
SB23-0158,2023_2024,2023-RS,b. gardner,Sunset Colorado Commission On Criminal And Juvenile Justice,1,1,1,1,0,S,0,0
SB23-0159,2023_2024,2023-RS,n. hinrichsen,Sunset Colorado Food Systems Advisory Council,1,1,1,1,1,S,0,0
SB23-0160,2023_2024,2023-RS,r. fields,Sunset Continue Community Crime Victims Grant Program,1,1,1,1,1,S,0,0
SB23-0161,2023_2024,2023-RS,s. fenberg,Financing To Purchase Firefighting Aircraft,1,1,1,1,1,S,0,0
SB23-0162,2023_2024,2023-RS,p. will,Increase Access To Pharmacy Services,1,1,1,1,1,S,0,0
SB23-0163,2023_2024,2023-RS,p. will,Colorado Parks and Wildlife Officers Classified As State Troopers,1,1,1,1,1,S,1,0
SB23-0164,2023_2024,2023-RS,j. gonzales,Sunset Process Sex Offender Management Board,1,1,1,1,1,S,0,0
SB23-0165,2023_2024,2023-RS,t. sullivan,Sunset Division Of Racing And Racing Commission,1,1,1,1,1,S,0,0
SB23-0166,2023_2024,2023-RS,l. cutter,Establishment Of A Wildfire Resiliency Code Board,1,1,1,1,1,S,0,0
SB23-0167,2023_2024,2023-RS,f. winter,Board Of Nursing Regulate Certified Midwives,1,1,1,1,1,S,0,0
SB23-0168,2023_2024,2023-RS,s. jaquez lewis,Gun Violence Victims' Access To Judicial System,1,1,1,1,1,S,1,0
SB23-0169,2023_2024,2023-RS,k. mullica,Increasing Minimum Age To Purchase Firearms,1,1,1,1,1,S,1,0
SB23-0170,2023_2024,2023-RS,t. sullivan,Extreme Risk Protection Order Petitions,1,1,1,1,1,S,1,0
SB23-0171,2023_2024,2023-RS,k. priola,Large Entertainment Facility Substance-free Seating Requirement,1,1,0,0,0,S,0,0
SB23-0172,2023_2024,2023-RS,f. winter,Protecting Opportunities And Workers' Rights Act,1,1,1,1,1,S,1,0
SB23-0173,2023_2024,2023-RS,r. fields,Colorado Child Support Commission Recommendations,1,1,1,1,1,S,0,0
SB23-0174,2023_2024,2023-RS,c. kolker,Access to Certain Behavioral Health Services,1,1,1,1,1,S,0,0
SB23-0175,2023_2024,2023-RS,s. jaquez lewis,Financing Of Downtown Development Authority Projects,1,1,1,1,1,S,0,0
SB23-0176,2023_2024,2023-RS,d. moreno,Protections For People With An Eating Disorder,1,1,1,1,1,S,0,0
SB23-0177,2023_2024,2023-RS,d. roberts,2023 Colorado Water Conservation Board Water Projects Appropriations,1,1,1,1,1,S,0,0
SB23-0178,2023_2024,2023-RS,s. jaquez lewis,Water-wise Landscaping In Homeowners' Association Communities,1,1,1,1,1,S,0,0
SB23-0179,2023_2024,2023-RS,d. moreno,Dental Plans Medical Loss Ratio,1,1,1,1,1,S,0,0
SB23-0180,2023_2024,2023-RS,l. cutter,Restore Current Pay Periods For State Employees,1,1,1,1,1,S,0,0
SB23-0181,2023_2024,2023-RS,f. winter,Dyslexia Screening In Schools,1,1,0,0,0,S,0,0
SB23-0182,2023_2024,2023-RS,r. zenzinger,Temporary Suspension Of Medicaid Requirements,1,1,1,1,1,S,0,0
SB23-0183,2023_2024,2023-RS,k. priola,Local Government Provision Of Communications Services,1,1,1,1,1,S,0,0
SB23-0184,2023_2024,2023-RS,f. winter,Protections For Residential Tenants,1,1,1,1,1,S,1,0
SB23-0185,2023_2024,2023-RS,j. marchman,Sunset Noxious Weed Advisory Committee,1,1,1,1,1,S,0,0
SB23-0186,2023_2024,2023-RS,r. pelton,Oil And Gas Commission Study Methane Seepage Raton Basin,1,1,1,1,1,S,0,0
SB23-0187,2023_2024,2023-RS,f. winter,Public Utilities Commission Administrative Fee Setting Transportation Services,1,1,1,1,1,S,0,0
SB23-0188,2023_2024,2023-RS,j. gonzales,Protections For Accessing Reproductive Health Care,1,1,1,1,1,S,1,0
SB23-0189,2023_2024,2023-RS,d. moreno,Increasing Access To Reproductive Health Care,1,1,1,1,1,S,1,0
SB23-0190,2023_2024,2023-RS,f. winter,Deceptive Trade Practice Pregnancy-related Service,1,1,1,1,1,S,1,0
SB23-0191,2023_2024,2023-RS,l. cutter,Colorado Department Of Public Health And Environment Organics Diversion Study,1,1,1,1,1,S,0,0
SB23-0192,2023_2024,2023-RS,k. priola,Sunset Pesticide Applicators' Act,1,1,1,1,1,S,0,0
SB23-0193,2023_2024,2023-RS,r. fields,Victim Notification Of Proceedings,1,1,1,1,1,S,0,0
SB23-0194,2023_2024,2023-RS,c. hansen,Improve Domestic Relations Judicial Proceedings,1,1,0,0,0,S,0,0
SB23-0195,2023_2024,2023-RS,f. winter,Calculation Of Contributions To Meet Cost Sharing,1,1,1,1,1,S,0,0
SB23-0196,2023_2024,2023-RS,f. winter,Income Tax Credit For Retrofitting A Home For Health Reasons,1,1,1,1,1,S,0,0
SB23-0197,2023_2024,2023-RS,d. moreno,Fiscal Year 2023-24 Legislative Appropriation Bill,1,1,1,1,1,S,0,0
SB23-0198,2023_2024,2023-RS,f. winter,Clean Energy Plans,1,1,1,1,1,S,0,0
SB23-0199,2023_2024,2023-RS,n. hinrichsen,Marijuana License Applications and Renewals,1,1,1,1,1,S,0,0
SB23-0200,2023_2024,2023-RS,f. winter,Automated Vehicle Identification Systems,1,1,1,1,1,S,0,0
SB23-0201,2023_2024,2023-RS,s. jaquez lewis,Mineral Resources Property Owners' Rights,1,1,0,0,0,S,0,0
SB23-0202,2023_2024,2023-RS,j. danielson,Wearing Of Native American Traditional Regalia,1,1,1,1,1,S,0,0
SB23-0203,2023_2024,2023-RS,r. fields,Authorize Department Of Corrections Inspector General To Apprehend Fugitives,1,1,1,1,1,S,0,0
SB23-0204,2023_2024,2023-RS,b. pelton,Correct Erroneous Property Tax Exemption End Date,1,1,1,1,1,S,0,0
SB23-0205,2023_2024,2023-RS,j. bridges,Universal High School Scholarship Program,1,1,1,1,1,S,0,0
SB23-0206,2023_2024,2023-RS,f. winter,Disclose Radon Information Residential Property,1,1,1,1,1,S,0,0
SB23-0207,2023_2024,2023-RS,j. buckner,Sales And Use Tax Refund For Data Center Purchases,1,1,0,0,0,S,0,0
SB23-0208,2023_2024,2023-RS,j. ginal,Correction Of Certain Tax Statute Cross References,1,1,1,1,1,S,0,0
SB23-0209,2023_2024,2023-RS,j. ginal,Remove Erroneous Date From CLIMBER Act,1,1,1,1,1,S,0,0
SB23-0210,2023_2024,2023-RS,t. exum,Update Administration Of Certain Human Services,1,1,1,1,1,S,0,0
SB23-0211,2023_2024,2023-RS,j. danielson,Federal Indian Child Welfare Act Of 1978,1,1,1,1,1,S,0,0
SB23-0212,2023_2024,2023-RS,j. danielson,United States Navy Seabees License Plate,1,1,1,1,1,S,0,0
SB23-0213,2023_2024,2023-RS,d. moreno,Land Use,1,1,1,1,0,S,0,0
SB23-0214,2023_2024,2023-RS,r. zenzinger,2023-24 Long Bill,1,1,1,1,1,S,0,0
SB23-0215,2023_2024,2023-RS,r. zenzinger,State Employee Reserve Fund General Fund Transfer,1,1,1,1,1,S,0,0
SB23-0216,2023_2024,2023-RS,j. bridges,Colorado Universal Preschool Program Funding,1,1,1,1,1,S,0,0
SB23-0217,2023_2024,2023-RS,j. bridges,Separating Fees In Records And Reports Cash Fund,1,1,1,1,1,S,0,0
SB23-0218,2023_2024,2023-RS,r. zenzinger,Repeal School Transformation Grant Program Administration Cap,1,1,1,1,1,S,0,0
SB23-0219,2023_2024,2023-RS,r. zenzinger,Supports To Students And Facility Schools,1,1,1,1,1,S,0,0
SB23-0220,2023_2024,2023-RS,r. zenzinger,Public School Capital Construction Assistance Grants,1,1,1,1,1,S,0,0
SB23-0221,2023_2024,2023-RS,j. bridges,Healthy School Meals For All Program Fund,1,1,1,1,1,S,0,0
SB23-0222,2023_2024,2023-RS,j. bridges,Medicaid Pharmacy And Outpatient Services Copayment,1,1,1,1,1,S,0,0
SB23-0223,2023_2024,2023-RS,r. zenzinger,Medicaid Provider Rate Review Process,1,1,1,1,1,S,0,0
SB23-0224,2023_2024,2023-RS,r. zenzinger,Colorado Commission Policies Postgraduate Student Exchange Program,1,1,1,1,1,S,0,0
SB23-0225,2023_2024,2023-RS,r. zenzinger,Specialty Education Colorado State University Medical School Partnership,1,1,1,1,1,S,0,0
SB23-0226,2023_2024,2023-RS,j. bridges,Extending Transitional Jobs Program,1,1,1,1,1,S,0,0
SB23-0227,2023_2024,2023-RS,r. zenzinger,State Agency Attorney Hourly Rate,1,1,1,1,1,S,0,0
SB23-0228,2023_2024,2023-RS,j. bridges,Office Of Administrative Services For Independent Agencies,1,1,1,1,1,S,0,0
SB23-0229,2023_2024,2023-RS,j. bridges,Statewide Behavioral Health Court Liaison Office,1,1,1,1,1,S,0,0
SB23-0230,2023_2024,2023-RS,j. bridges,County Assistance For 23rd Judicial District,1,1,1,1,1,S,0,0
SB23-0231,2023_2024,2023-RS,j. bridges,Amend Fund To Allow Payment Overdue Wage Claims,1,1,1,1,1,S,0,0
SB23-0232,2023_2024,2023-RS,r. zenzinger,Unemployment Insurance Premiums Allocation Federal Law Compliance,1,1,1,1,1,S,0,0
SB23-0233,2023_2024,2023-RS,r. zenzinger,Employment Services Funded By Wagner-Peyser Act,1,1,1,1,1,S,0,0
SB23-0234,2023_2024,2023-RS,j. bridges,State Employee Insurance Premiums,1,1,1,1,1,S,0,0
SB23-0235,2023_2024,2023-RS,r. zenzinger,Department Of Law Funds For Unanticipated State Legal Needs,1,1,1,1,1,S,0,0
SB23-0236,2023_2024,2023-RS,j. bridges,Electric Vehicle Service Equipment Fund,1,1,1,1,1,S,0,0
SB23-0237,2023_2024,2023-RS,b. kirkmeyer,Transfer To Water Plan Implementation Cash Fund,1,1,1,1,1,S,0,0
SB23-0238,2023_2024,2023-RS,r. zenzinger,Small Communities Water and Wastewater Grant Fund,1,1,1,1,1,S,0,0
SB23-0239,2023_2024,2023-RS,r. zenzinger,Hazardous Site Response Fund Transfer,1,1,1,1,1,S,0,0
SB23-0240,2023_2024,2023-RS,j. bridges,Colorado Department of Public Health and Environment Dairy Plant Fees,1,1,1,1,1,S,0,0
SB23-0241,2023_2024,2023-RS,j. bridges,Creation Of Office Of School Safety,1,1,1,1,1,S,0,0
SB23-0242,2023_2024,2023-RS,r. zenzinger,Community Corrections Financial Audit,1,1,1,1,1,S,0,0
SB23-0243,2023_2024,2023-RS,r. zenzinger,General Fund Transfers To Capital Construction Fund,1,1,1,1,1,S,0,0
SB23-0244,2023_2024,2023-RS,j. bridges,Technology Accessibility Cleanup,1,1,1,1,1,S,0,0
SB23-0245,2023_2024,2023-RS,j. bridges,Transfer To Revenue Loss Restoration Cash Fund,1,1,1,1,1,S,0,0
SB23-0246,2023_2024,2023-RS,r. zenzinger,State Emergency Reserve,1,1,1,1,1,S,0,0
SB23-0247,2023_2024,2023-RS,j. gonzales,Division Of Civil Protections And Rights In Department Of Law,1,1,1,1,1,S,0,0
SB23-0248,2023_2024,2023-RS,r. rodriguez,Attorney General Regulated Consumer Credit Transactions,1,1,1,1,1,S,0,0
SB23-0249,2023_2024,2023-RS,j. bridges,False Reporting Of Emergency,1,1,1,1,1,S,1,0
SB23-0250,2023_2024,2023-RS,k. mullica,Transfer From Severance Tax Operations Cash Fund,1,1,1,1,1,S,0,0
SB23-0251,2023_2024,2023-RS,d. roberts,Revoke Driver's License Appeal Attorney General,1,1,1,1,1,S,0,0
SB23-0252,2023_2024,2023-RS,k. van winkle,Medical Price Transparency,1,1,1,1,1,S,0,0
SB23-0253,2023_2024,2023-RS,l. cutter,Standards For Products Represented As Compostable,1,1,1,1,1,S,0,0
SB23-0254,2023_2024,2023-RS,r. fields,Search Warrant Procedures,1,1,1,1,1,S,1,0
SB23-0255,2023_2024,2023-RS,d. roberts,Wolf Depredation Compensation Fund,1,1,1,1,1,S,0,0
SB23-0256,2023_2024,2023-RS,p. will,Management Of Gray Wolves Reintroduction,1,1,1,1,0,S,0,0
SB23-0257,2023_2024,2023-RS,j. bridges,Auto Theft Prevention Cash Fund,1,1,1,1,1,S,0,0
SB23-0258,2023_2024,2023-RS,j. buckner,Consolidate Colorado Educator Programs In Colorado Department of Education,1,1,1,1,1,S,0,0
SB23-0259,2023_2024,2023-RS,d. roberts,Extension Of Credit For Limited Gaming,1,1,1,1,0,S,1,0
SB23-0260,2023_2024,2023-RS,k. mullica,Individual Access To Publicly Funded Vaccines,1,1,1,1,1,S,0,0
SB23-0261,2023_2024,2023-RS,j. danielson,Direct Care Workforce Stabilization Board,1,1,1,1,1,S,0,0
SB23-0262,2023_2024,2023-RS,k. priola,Water Desalination Study And Report,1,1,1,1,0,S,0,0
SB23-0263,2023_2024,2023-RS,k. priola,General Fund Loan Natural Disaster Mitigation Enterprise,1,1,1,1,1,S,0,0
SB23-0264,2023_2024,2023-RS,r. rodriguez,Alcohol Beverage Festival Participation,1,1,1,1,1,S,0,0
SB23-0265,2023_2024,2023-RS,k. van winkle,Prohibit Professional Discipline For Marijuana,1,1,1,1,1,S,0,0
SB23-0266,2023_2024,2023-RS,k. priola,Neonic Pesticides As Limited-use Pesticides,1,1,1,1,1,S,0,0
SB23-0267,2023_2024,2023-RS,k. van winkle,Chatfield State Park Water Quality Fee,1,1,1,1,1,S,0,0
SB23-0268,2023_2024,2023-RS,k. mullica,Ten-year Transportation Plan Information,1,1,1,1,1,S,0,0
SB23-0269,2023_2024,2023-RS,j. buckner,Colorado Preschool Program Provider Bonus Payments,1,1,1,1,1,S,0,0
SB23-0270,2023_2024,2023-RS,d. roberts,Projects To Restore Natural Stream Systems,1,1,1,1,1,S,0,0
SB23-0271,2023_2024,2023-RS,d. roberts,Intoxicating Cannabinoid Hemp And Marijuana,1,1,1,1,1,S,0,0
SB23-0272,2023_2024,2023-RS,d. moreno,Joint Legislative Committee Meeting Disaster Declaration,1,1,1,1,1,S,0,0
SB23-0273,2023_2024,2023-RS,j. marchman,Agricultural Land In Urban Renewal Areas,1,1,1,1,0,S,0,0
SB23-0274,2023_2024,2023-RS,f. winter,Water Quality Control Fee-setting By Rule,1,1,1,1,1,S,0,0
SB23-0275,2023_2024,2023-RS,j. ginal,Colorado Wild Horse Project,1,1,1,1,1,S,0,0
SB23-0276,2023_2024,2023-RS,s. fenberg,Modifications To Laws Regarding Elections,1,1,1,1,1,S,1,0
SB23-0277,2023_2024,2023-RS,j. buckner,Public Safety Programs Extended Uses,1,1,1,1,1,S,1,0
SB23-0278,2023_2024,2023-RS,c. simpson,Allocation For Art In Public Places For 2022-23 Fiscal Year,1,1,1,1,1,S,0,0
SB23-0279,2023_2024,2023-RS,r. fields,Unserialized Firearms And Firearm Components,1,1,1,1,1,S,1,0
SB23-0280,2023_2024,2023-RS,k. mullica,Hazardous Material Mitigation,1,1,1,1,1,S,0,0
SB23-0281,2023_2024,2023-RS,r. zenzinger,Limited Transferability Of College Credits Notice,1,1,1,1,1,S,1,0
SB23-0282,2023_2024,2023-RS,b. gardner,Jury Appreciation Day,1,1,1,1,1,S,0,1
SB23-0283,2023_2024,2023-RS,r. zenzinger,Mechanisms For Federal Infrastructure Funding,1,1,1,1,1,S,0,0
SB23-0284,2023_2024,2023-RS,j. bridges,Ensure 12-month Contraception Coverage,1,1,1,1,1,S,0,0
SB23-0285,2023_2024,2023-RS,k. priola,Energy And Carbon Management Regulation In Colorado,1,1,1,1,1,S,0,0
SB23-0286,2023_2024,2023-RS,c. hansen,Access To Government Records,1,1,1,1,1,S,0,0
SB23-0287,2023_2024,2023-RS,r. zenzinger,Public School Finance,1,1,1,1,1,S,0,0
SB23-0288,2023_2024,2023-RS,r. fields,Coverage For Doula Services,1,1,1,1,1,S,0,0
SB23-0289,2023_2024,2023-RS,j. bridges,Community First Choice Medicaid Benefit,1,1,1,1,1,S,0,0
SB23-0290,2023_2024,2023-RS,s. fenberg,Natural Medicine Regulation And Legalization,1,1,1,1,1,S,0,0
SB23-0291,2023_2024,2023-RS,s. fenberg,Utility Regulation,1,1,1,1,1,S,1,0
SB23-0292,2023_2024,2023-RS,c. hansen,Labor Requirements For Energy Sector Construction,1,1,1,1,1,S,0,0
SB23-0293,2023_2024,2023-RS,j. coleman,Use Of Student Athlete's Name Image Or Likeness,1,1,1,1,1,S,0,0
SB23-0294,2023_2024,2023-RS,r. zenzinger,Increase General Fund Transfers To Capital Construction Fund,1,1,1,1,1,S,0,0
SB23-0295,2023_2024,2023-RS,d. roberts,Colorado River Drought Task Force,1,1,1,1,1,S,0,0
SB23-0296,2023_2024,2023-RS,f. winter,Prevent Harassment And Discrimination In Schools,1,1,1,1,1,S,0,0
SB23-0297,2023_2024,2023-RS,r. zenzinger,America 250 Colorado 150 Commission,1,1,1,1,1,S,0,0
SB23-0298,2023_2024,2023-RS,b. gardner,Allow Public Hospital Collaboration Agreements,1,1,1,1,1,S,0,0
SB23-0299,2023_2024,2023-RS,l. cutter,Epinephrine Auto-injectors At Institutions Of Higher Education,1,1,1,1,1,S,0,0
SB23-0300,2023_2024,2023-RS,b. pelton,Update Fire And Police Pension Law Cross References,1,1,0,0,0,S,0,0
SB23-0301,2023_2024,2023-RS,j. bridges,Voting In Presidential Primary Elections,1,1,0,0,0,S,0,0
SB23-0302,2023_2024,2023-RS,b. pelton,Colorado Veterans' Service-to-career Program,1,1,1,1,1,S,0,0
SB23-0303,2023_2024,2023-RS,s. fenberg,Reduce Property Taxes And Voter-approved Revenue Change,1,1,1,1,1,S,1,0
SB23-0304,2023_2024,2023-RS,c. hansen,Property Tax Valuation,1,1,1,1,1,S,0,0
SB23-0305,2023_2024,2023-RS,b. pelton,Property Tax Task Force,1,1,0,0,0,S,0,0
SB23-0306,2023_2024,2023-RS,d. moreno,Buildings In The Capitol Complex,1,1,1,1,1,S,0,0
SB23B-0001,2023_2024,2023-SS1,s. fenberg,2023 Property Tax Relief,1,1,1,1,1,S,1,0
SB23B-0002,2023_2024,2023-SS1,r. zenzinger,Summer Electronic BenefitsTransfer Program,1,1,1,1,1,S,1,0
SB23B-0003,2023_2024,2023-SS1,n. hinrichsen,Identical TABOR Refund,1,1,1,1,1,S,1,0
SB23B-0004,2023_2024,2023-SS1,b. kirkmeyer,Property Tax Relief,1,1,0,0,0,S,0,0
SB23B-0005,2023_2024,2023-SS1,l. liston,Expanding 2023 Property Tax Exemptions,1,1,0,0,0,S,0,0
SB23B-0006,2023_2024,2023-SS1,k. van winkle,Real Property Valuation Cap,1,1,0,0,0,S,0,0
HB24-1001,2023_2024,2024-RS,m. lukens,Reauthorization of Rural Jump-Start Program,1,1,1,1,1,H,1,0
HB24-1002,2023_2024,2024-RS,e. sirota,Social Work Licensure Compact,1,1,1,1,1,H,0,0
HB24-1003,2023_2024,2024-RS,b. mclachlan,Opiate Antagonists and Detection Products in Schools,1,1,1,1,1,H,0,0
HB24-1004,2023_2024,2024-RS,j. bacon,Ex-Offenders Practice in Regulated Occupations,1,1,1,1,1,H,1,0
HB24-1005,2023_2024,2024-RS,c. degruy kennedy,Health Insurers Contract with Qualified Providers,1,1,1,1,0,H,0,0
HB24-1006,2023_2024,2024-RS,e. velasco,Assist Rural Community Wildfire-Related Grant Application,1,1,1,1,1,H,0,0
HB24-1007,2023_2024,2024-RS,m. rutinel,Prohibit Residential Occupancy Limits,1,1,1,1,1,H,1,0
HB24-1008,2023_2024,2024-RS,m. duran,Wage Claims Construction Industry Contractors,1,1,1,1,0,H,1,0
HB24-1009,2023_2024,2024-RS,j. joseph,Bilingual Child Care Licensing Resources,1,1,1,1,1,H,0,0
HB24-1010,2023_2024,2024-RS,i. jodeh,Insurance Coverage for Provider-Administered Drugs,1,1,1,1,0,H,1,0
HB24-1011,2023_2024,2024-RS,k. brown,Mortgage Servicers Disburse Insurance Proceeds,1,1,1,1,1,H,1,0
HB24-1012,2023_2024,2024-RS,t. mauro,Front Range Passenger Rail District Efficiency,1,1,1,1,1,H,0,0
HB24-1013,2023_2024,2024-RS,a. hartsook,Victim Programs in New Twenty-Third Judicial District,1,1,1,1,1,H,0,0
HB24-1014,2023_2024,2024-RS,m. weissman,Deceptive Trade Practice Significant Impact Standard,1,1,1,1,0,H,0,0
HB24-1015,2023_2024,2024-RS,s. vigil,Workplace Suicide Prevention Education,1,1,0,0,0,H,0,0
HB24-1016,2023_2024,2024-RS,s. lieder,Defined Personnel for Emergency Telephone Services,1,1,1,1,1,H,0,0
HB24-1017,2023_2024,2024-RS,l. daugherty,Bill of Rights for Foster Youth,1,1,1,1,1,H,1,0
HB24-1018,2023_2024,2024-RS,a. boesenecker,College Textbook Sales Use Tax Exemption,1,1,0,0,0,H,0,0
HB24-1019,2023_2024,2024-RS,m. bradfield,Crisis Resolution Team Program,1,1,0,0,0,H,0,0
HB24-1020,2023_2024,2024-RS,m. soper,Enactment of CRS 2023,1,1,1,1,1,H,0,0
HB24-1021,2023_2024,2024-RS,m. lindsay,Motor Vehicle Minor Driver Education Standards,1,1,1,1,1,H,0,0
HB24-1022,2023_2024,2024-RS,s. luck,Publish Bill Drafts Online before Session,1,1,1,1,0,H,0,0
HB24-1023,2023_2024,2024-RS,k. degraaf,Civil Forfeiture Reform,1,1,0,0,0,H,0,0
HB24-1024,2023_2024,2024-RS,t. story,Extend Outreach Campaigns Wildfire Risk Mitigation,1,1,1,1,1,H,0,0
HB24-1025,2023_2024,2024-RS,m. froelich,Implement Fertility Coverage for Health Plans,1,1,0,0,0,H,0,0
HB24-1027,2023_2024,2024-RS,t. winter,Exemption for Children's Products,1,1,0,0,0,H,0,0
HB24-1028,2023_2024,2024-RS,e. epps,Overdose Prevention Centers,1,1,1,1,0,H,0,0
HB24-1029,2023_2024,2024-RS,b. bradley,Prohibit Foreign Ownership Agriculture & Natural Resources,1,1,0,0,0,H,0,0
HB24-1030,2023_2024,2024-RS,j. mabrey,Railroad Safety Requirements,1,1,1,1,1,H,0,0
HB24-1031,2023_2024,2024-RS,b. bradley,Accessibility for Persons in Child Welfare Matters,1,1,1,1,1,H,0,0
HB24-1032,2023_2024,2024-RS,m. lynch,Extend Wild Horse Population Management Timeline,1,1,1,1,1,H,0,0
HB24-1033,2023_2024,2024-RS,m. snyder,Emergency Management Plan Individuals with Animals,1,1,1,1,1,H,0,0
HB24-1034,2023_2024,2024-RS,j. amabile,Adult Competency to Stand Trial,1,1,1,1,1,H,0,0
HB24-1035,2023_2024,2024-RS,a. boesenecker,Modernize Health Benefit Exchange Governance,1,1,1,1,1,H,0,0
HB24-1036,2023_2024,2024-RS,m. weissman,Adjusting Certain Tax Expenditures,1,1,1,1,1,H,0,0
HB24-1037,2023_2024,2024-RS,e. epps,Substance Use Disorders Harm Reduction,1,1,1,1,1,H,0,0
HB24-1038,2023_2024,2024-RS,m. young,High-Acuity Crisis for Children & Youth,1,1,1,1,1,H,0,0
HB24-1039,2023_2024,2024-RS,s. vigil,Non-Legal Name Changes,1,1,1,1,1,H,0,0
HB24-1040,2023_2024,2024-RS,s. vigil,Gender-Affirming Health-Care Provider Study,1,1,0,0,0,H,0,0
HB24-1041,2023_2024,2024-RS,c. kipp,Streamline Filing Sales & Use Tax Returns,1,1,1,1,1,H,0,0
HB24-1042,2023_2024,2024-RS,m. snyder,Fire & Police Pension Law Technical Corrections,1,1,1,1,1,H,0,0
HB24-1043,2023_2024,2024-RS,r. taggart,State Contribution to Fire & Police Pension Association Death & Disability Fund,1,1,1,1,1,H,0,0
HB24-1044,2023_2024,2024-RS,e. hamrick,Additional PERA Service Retirees for Schools,1,1,1,1,1,H,0,0
HB24-1045,2023_2024,2024-RS,r. armagost,Treatment for Substance Use Disorders,1,1,1,1,1,H,0,0
HB24-1046,2023_2024,2024-RS,m. duran,Child Welfare System Tools,1,1,1,1,1,H,0,0
HB24-1047,2023_2024,2024-RS,k. mccormick,Veterinary Technician Scope of Practice,1,1,1,1,1,H,0,0
HB24-1048,2023_2024,2024-RS,k. mccormick,Providing Veterinary Services Through Telehealth,1,1,1,1,1,H,0,0
HB24-1049,2023_2024,2024-RS,r. weinberg,School Mental Health Professional Loan Repayment Program,1,1,0,0,0,H,0,0
HB24-1050,2023_2024,2024-RS,r. taggart,Simplify Processes Regarding Certain Local Government Taxes,1,1,1,1,1,H,0,0
HB24-1051,2023_2024,2024-RS,a. boesenecker,Towing Carrier Regulation,1,1,1,1,1,H,0,0
HB24-1052,2023_2024,2024-RS,m. weissman,Senior Housing Income Tax Credit,1,1,1,1,1,H,0,0
HB24-1053,2023_2024,2024-RS,m. weissman,Tax Policy Analysis by the Legislative Branch,1,1,1,1,1,H,0,0
HB24-1054,2023_2024,2024-RS,j. amabile,Jail Standards Commission Recommendations,1,1,1,1,1,H,0,0
HB24-1055,2023_2024,2024-RS,m. froelich,Child Passenger Safety & Education,1,1,1,1,1,H,0,0
HB24-1056,2023_2024,2024-RS,l. frizell,Issuance of Treasurer's Deeds,1,1,1,1,1,H,0,0
HB24-1057,2023_2024,2024-RS,s. woodrow,Prohibit Algorithmic Devices Used for Rent Setting,1,1,1,1,0,H,0,0
HB24-1058,2023_2024,2024-RS,c. kipp,Protect Privacy of Biological Data,1,1,1,1,1,H,1,0
HB24-1059,2023_2024,2024-RS,r. english,Compensation for State Elected Officials,1,1,1,1,1,H,0,0
HB24-1060,2023_2024,2024-RS,m. snyder,Travel Insurance Consumer Protections,1,1,1,1,1,H,0,0
HB24-1061,2023_2024,2024-RS,n. ricks,Marijuana Industry & Social Equity,1,1,0,0,0,H,0,0
HB24-1062,2023_2024,2024-RS,g. evans,Warrants for Metro Sewage Disposal Districts,1,1,1,1,1,H,0,0
HB24-1063,2023_2024,2024-RS,m. young,Addressing Abbreviated School Days,1,1,1,1,1,H,0,0
HB24-1064,2023_2024,2024-RS,d. wilson,Gadsden Flag Don’t Tread on Me License Plate,1,1,0,0,0,H,0,0
HB24-1065,2023_2024,2024-RS,s. bottoms,Reduction of State Income Tax Rate,1,1,0,0,0,H,0,0
HB24-1066,2023_2024,2024-RS,e. hamrick,Prevent Workplace Violence in Health-Care Settings,1,1,0,0,0,H,0,0
HB24-1067,2023_2024,2024-RS,d. ortiz,Ballot Access for Candidates with Disabilities,1,1,1,1,1,H,0,0
HB24-1068,2023_2024,2024-RS,r. weinberg,Air Conditioning in Schools & School Buses,1,1,0,0,0,H,0,0
HB24-1069,2023_2024,2024-RS,a. valdez,Recycling of Single-Use Electronic Smoking Devices,1,1,0,0,0,H,0,0
HB24-1070,2023_2024,2024-RS,e. velasco,Allowing Certain Items at School Graduation,1,1,0,0,0,H,0,0
HB24-1071,2023_2024,2024-RS,l. garcia,Name Change to Conform with Gender Identity,1,1,1,1,1,H,0,0
HB24-1072,2023_2024,2024-RS,s. bird,Protection of Victims of Sexual Offenses,1,1,1,1,1,H,1,0
HB24-1073,2023_2024,2024-RS,t. story,Independent Ethics Commission Jurisdiction,1,1,0,0,0,H,0,0
HB24-1074,2023_2024,2024-RS,r. armagost,Aggravated Cruelty to Law Enforcement Animals,1,1,1,1,1,H,0,0
HB24-1075,2023_2024,2024-RS,k. mccormick,Analysis of Universal Health-Care Payment System,1,1,1,1,0,H,0,0
HB24-1076,2023_2024,2024-RS,b. marshall,Purple Star School Program,1,1,1,1,1,H,0,0
HB24-1077,2023_2024,2024-RS,m. soper,Lodged Wills,1,1,0,0,0,H,0,0
HB24-1078,2023_2024,2024-RS,b. titone,Regulation of Community Association Managers,1,1,0,0,0,H,0,0
HB24-1079,2023_2024,2024-RS,j. amabile,Persons Detained in Jail on Emergency Commitment,1,1,1,1,1,H,0,0
HB24-1080,2023_2024,2024-RS,j. parenti,Youth Sports Personnel Requirements,1,1,1,1,0,H,1,0
HB24-1081,2023_2024,2024-RS,j. amabile,Regulate Sale Transfer Sodium Nitrite,1,1,1,1,1,H,1,0
HB24-1082,2023_2024,2024-RS,r. taggart,First-Generation-Serving Higher Education Institutions,1,1,1,1,1,H,0,0
HB24-1083,2023_2024,2024-RS,j. willford,Construction Professional Insurance Coverage Transparency,1,1,0,0,0,H,0,0
HB24-1084,2023_2024,2024-RS,j. willford,Repeal & Reenact Earned Income Tax Credit Increase,1,1,1,1,1,H,0,0
HB24-1085,2023_2024,2024-RS,l. frizell,Limitation on Actions against Appraisers,1,1,1,1,0,H,0,0
HB24-1086,2023_2024,2024-RS,r. holtorf,Operation of Denver Health & Hospital Authority,1,1,1,1,1,H,0,0
HB24-1087,2023_2024,2024-RS,k. mccormick,Professional Endorsement Special Education Teaching,1,1,1,1,1,H,0,0
HB24-1088,2023_2024,2024-RS,t. winter,Modifications to the Child Fatality Prevention Act,1,1,0,0,0,H,0,0
HB24-1089,2023_2024,2024-RS,e. hamrick,Vehicle Electronic Notifications,1,1,1,1,1,H,0,0
HB24-1090,2023_2024,2024-RS,b. titone,Privacy Protections Criminal Justice Records,1,1,1,1,1,H,0,0
HB24-1091,2023_2024,2024-RS,k. brown,Fire-Hardened Building Materials in Real Property,1,1,1,1,1,H,1,0
HB24-1092,2023_2024,2024-RS,b. bradley,Minimum Sentence Crimes against Prostituted Children,1,1,0,0,0,H,0,0
HB24-1093,2023_2024,2024-RS,r. armagost,Peace Officer Provisional Certification Requirements,1,1,1,1,1,H,1,0
HB24-1094,2023_2024,2024-RS,m. lukens,Developer Subdivision Reservation Deposits,1,1,1,1,1,H,0,0
HB24-1095,2023_2024,2024-RS,s. lieder,Increasing Protections for Minor Workers,1,1,1,1,1,H,0,0
HB24-1096,2023_2024,2024-RS,m. young,School Psychologist Licensure Interstate Compact,1,1,1,1,1,H,0,0
HB24-1097,2023_2024,2024-RS,r. taggart,Military Family Occupational Credentialing,1,1,1,1,1,H,0,0
HB24-1098,2023_2024,2024-RS,j. mabrey,Cause Required for Eviction of Residential Tenant,1,1,1,1,1,H,1,0
HB24-1099,2023_2024,2024-RS,m. lindsay,Defendant Filing Fees in Evictions,1,1,1,1,1,H,0,0
HB24-1100,2023_2024,2024-RS,s. vigil,Coroner Qualifications,1,1,1,1,1,H,1,0
HB24-1101,2023_2024,2024-RS,j. mabrey,Empower Victims through Access Restorative Justice,1,1,0,0,0,H,0,0
HB24-1102,2023_2024,2024-RS,c. degruy kennedy,Independent Agency Appointment Requirements,1,1,1,1,1,H,0,0
HB24-1103,2023_2024,2024-RS,j. amabile,Prohibiting Term Excited Delirium,1,1,1,1,1,H,0,0
HB24-1104,2023_2024,2024-RS,m. snyder,Prohibiting Firefighter Personal Information on Internet,1,1,1,1,1,H,0,0
HB24-1105,2023_2024,2024-RS,t. hernandez,Creating the Chicano Special License Plate,1,1,1,1,1,H,0,0
HB24-1106,2023_2024,2024-RS,s. bottoms,Require Information about Abortion Pill Reversal,1,1,0,0,0,H,0,0
HB24-1107,2023_2024,2024-RS,w. lindstedt,Judicial Review of Local Land Use Decision,1,1,1,1,1,H,0,0
HB24-1108,2023_2024,2024-RS,j. mccluskie,Insurance Commissioner Study Insurance Market,1,1,1,1,1,H,0,0
HB24-1109,2023_2024,2024-RS,r. bockenfeld,Detention of Parolee Arrested for Violent Crime,1,1,0,0,0,H,0,0
HB24-1110,2023_2024,2024-RS,m. martinez,Employer to Post Veterans' Benefits Availability,1,1,0,0,0,H,0,0
HB24-1111,2023_2024,2024-RS,m. martinez,Adopt Cosmetology Licensure Compact,1,1,1,1,1,H,0,0
HB24-1112,2023_2024,2024-RS,g. evans,First Responder with Disability License Plate,1,1,0,0,0,H,0,0
HB24-1113,2023_2024,2024-RS,k. brown,Credit for Paid Health Insurance Deductible,1,1,0,0,0,H,0,0
HB24-1114,2023_2024,2024-RS,m. lindsay,Pet Animal Facility Requirements Before Euthanasia,1,1,0,0,0,H,0,0
HB24-1115,2023_2024,2024-RS,m. young,Prescription Drug Label Accessibility,1,1,1,1,1,H,0,0
HB24-1116,2023_2024,2024-RS,s. bird,Extend Contaminated Land Income Tax Credit,1,1,1,1,1,H,0,0
HB24-1117,2023_2024,2024-RS,k. mccormick,Invertebrates & Rare Plants Parks & Wildlife Commission,1,1,1,1,1,H,0,0
HB24-1118,2023_2024,2024-RS,b. marshall,Authority of Attorney General to Operate District Attorney's Office,1,1,1,1,1,H,0,0
HB24-1119,2023_2024,2024-RS,t. mauro,Multi-State Tax Filing System for Insurance Taxes,1,1,1,1,1,H,0,0
HB24-1120,2023_2024,2024-RS,g. evans,Resources for Persons in Child Welfare System,1,1,0,0,0,H,0,0
HB24-1121,2023_2024,2024-RS,b. titone,Consumer Right to Repair Digital Electronic Equipment,1,1,1,1,1,H,0,0
HB24-1122,2023_2024,2024-RS,m. duran,Protection Orders for Victims of Crimes,1,1,1,1,1,H,0,0
HB24-1123,2023_2024,2024-RS,b. bradley,Funding for School Safety Firearm Detection Systems,1,1,0,0,0,H,0,0
HB24-1124,2023_2024,2024-RS,m. soper,Discrimination in Places of Public Accomodation,1,1,1,1,1,H,0,0
HB24-1125,2023_2024,2024-RS,a. valdez,Tax Credit Commercial Building Conversion,1,1,0,0,0,H,0,0
HB24-1126,2023_2024,2024-RS,m. lynch,Substance Use Disorder Treatment as Bond Condition,1,1,0,0,0,H,0,0
HB24-1127,2023_2024,2024-RS,m. lynch,Truth in Sentencing Parole Violent Offenses,1,1,0,0,0,H,0,0
HB24-1128,2023_2024,2024-RS,r. holtorf,Enforcement of Federal Immigration Law,1,1,0,0,0,H,0,0
HB24-1129,2023_2024,2024-RS,s. vigil,Protections for Delivery Network Company Drivers,1,1,1,1,1,H,0,0
HB24-1130,2023_2024,2024-RS,l. daugherty,Privacy of Biometric Identifiers & Data,1,1,1,1,1,H,0,0
HB24-1131,2023_2024,2024-RS,m. lukens,Local College Districts,1,1,1,1,1,H,1,0
HB24-1132,2023_2024,2024-RS,m. rutinel,Support for Living Organ Donors,1,1,1,1,1,H,0,0
HB24-1133,2023_2024,2024-RS,j. mabrey,Criminal Record Sealing & Expungement Changes,1,1,1,1,1,H,0,0
HB24-1134,2023_2024,2024-RS,m. weissman,Adjustments to Tax Expenditures to Reduce Burden,1,1,1,1,1,H,0,0
HB24-1135,2023_2024,2024-RS,m. soper,Offenses Related to Operating a Vehicle,1,1,1,1,1,H,0,0
HB24-1136,2023_2024,2024-RS,r. pugliese,Healthier Social Media Use by Youth,1,1,1,1,1,H,1,0
HB24-1137,2023_2024,2024-RS,t. mauro,Implement Fraudulent Filings Group Recommendations,1,1,1,1,1,H,0,0
HB24-1138,2023_2024,2024-RS,m. catlin,Tax Credit for Transfer of Agricultural Asset,1,1,0,0,0,H,0,0
HB24-1139,2023_2024,2024-RS,s. lieder,Death Benefit for State Employee Surviving Spouse,1,1,1,1,1,H,1,0
HB24-1140,2023_2024,2024-RS,r. weinberg,Workers' Comp for Complex Trauma,1,1,0,0,0,H,0,0
HB24-1141,2023_2024,2024-RS,t. winter,Local Government Control over Burn Barrel Regulation,1,1,0,0,0,H,0,0
HB24-1142,2023_2024,2024-RS,r. holtorf,Reduce Income Tax Social Security Benefits,1,1,1,1,1,H,0,0
HB24-1143,2023_2024,2024-RS,m. catlin,Construction Bidding Cost Thresholds for Department of Transportation Projects,1,1,1,1,1,H,0,0
HB24-1144,2023_2024,2024-RS,r. bockenfeld,Income Tax Credit for Mortgage Rate Buy Downs,1,1,0,0,0,H,0,0
HB24-1145,2023_2024,2024-RS,k. degraaf,Modify Voter Registration Page on Secretary of State Website,1,1,0,0,0,H,0,0
HB24-1146,2023_2024,2024-RS,s. bird,Medicaid Provider Suspension for Organized Fraud,1,1,1,1,1,H,0,0
HB24-1147,2023_2024,2024-RS,j. joseph,Candidate Election Deepfake Disclosures,1,1,1,1,1,H,1,0
HB24-1148,2023_2024,2024-RS,m. weissman,Amending Terms of Consumer Lending Laws,1,1,1,1,0,H,0,0
HB24-1149,2023_2024,2024-RS,s. bird,Prior Authorization Requirements Alternatives,1,1,1,1,1,H,0,0
HB24-1150,2023_2024,2024-RS,l. garcia,False Slates of Electors,1,1,1,1,1,H,0,0
HB24-1151,2023_2024,2024-RS,n. ricks,Disclose Mandatory Fees in Advertisements,1,1,1,1,0,H,0,0
HB24-1152,2023_2024,2024-RS,j. amabile,Accessory Dwelling Units,1,1,1,1,1,H,1,0
HB24-1153,2023_2024,2024-RS,l. garcia,Physician Continuing Education,1,1,1,1,1,H,0,0
HB24-1154,2023_2024,2024-RS,r. weinberg,Institute Charter Schools & Bond Indebtedness,1,1,1,1,1,H,0,0
HB24-1155,2023_2024,2024-RS,e. velasco,Management of Certain Public Safety Emergencies,1,1,1,1,1,H,0,0
HB24-1156,2023_2024,2024-RS,a. hartsook,Chamber of Commerce Alcohol Special Event Permit,1,1,1,1,1,H,0,0
HB24-1157,2023_2024,2024-RS,w. lindstedt,Employee-Owned Business Office & Income Tax Credit,1,1,1,1,1,H,0,0
HB24-1158,2023_2024,2024-RS,n. ricks,Homeowners' Association Foreclosure Sales Requirements,1,1,1,0,0,H,0,0
HB24-1159,2023_2024,2024-RS,d. wilson,Contracted Private Employee Exclusion from Public Employees' Retirement Association,1,1,0,0,0,H,0,0
HB24-1160,2023_2024,2024-RS,b. mclachlan,Economic Development Organization Action Grant Program,1,1,0,0,0,H,0,0
HB24-1161,2023_2024,2024-RS,d. ortiz,Motor Vehicle Access Individuals with Disabilities,1,1,1,1,1,H,0,0
HB24-1162,2023_2024,2024-RS,r. armagost,Penalty for Theft of Firearms,1,1,0,0,0,H,0,0
HB24-1163,2023_2024,2024-RS,r. english,Pet Animal Registration System,1,1,0,0,0,H,0,0
HB24-1164,2023_2024,2024-RS,b. titone,Free Menstrual Products to Students,1,1,1,1,1,H,0,0
HB24-1165,2023_2024,2024-RS,d. ortiz,Denver Airport Accessibility,1,1,0,0,0,H,0,0
HB24-1166,2023_2024,2024-RS,k. degraaf,Expand Homestead Exemptions,1,1,0,0,0,H,0,0
HB24-1167,2023_2024,2024-RS,r. english,Prohibit Student Seclusion,1,1,0,0,0,H,0,0
HB24-1168,2023_2024,2024-RS,m. froelich,Equal Access to Public Meetings,1,1,0,0,0,H,0,0
HB24-1169,2023_2024,2024-RS,e. epps,Repeal Divest from Companies with Israel Prohibitions Law,1,1,0,0,0,H,0,0
HB24-1170,2023_2024,2024-RS,j. joseph,Rights for Youth Division of Youth Services Facilities,1,1,1,1,1,H,0,0
HB24-1171,2023_2024,2024-RS,a. boesenecker,Naturopathic Doctor Formulary,1,1,1,1,0,H,0,0
HB24-1172,2023_2024,2024-RS,r. taggart,County Revitalization Authorities,1,1,1,1,1,H,0,0
HB24-1173,2023_2024,2024-RS,a. valdez,Electric Vehicle Charging System Permits,1,1,1,1,1,H,0,0
HB24-1174,2023_2024,2024-RS,m. duran,Concealed Carry Permits & Training,1,1,1,1,1,H,1,0
HB24-1175,2023_2024,2024-RS,a. boesenecker,Local Goverments Rights to Property for Affordable Housing,1,1,1,1,1,H,0,0
HB24-1176,2023_2024,2024-RS,e. hamrick,Behavioral Health Grant for Capital Project,1,1,1,1,1,H,0,0
HB24-1177,2023_2024,2024-RS,b. marshall,County Commissioner Elections,1,1,1,0,0,H,0,0
HB24-1178,2023_2024,2024-RS,c. kipp,Local Government Authority to Regulate Pesticides,1,1,1,0,0,H,0,0
HB24-1179,2023_2024,2024-RS,c. degruy kennedy,2023 Property Tax Year Updated Abstract,1,1,1,1,1,H,0,0
HB24-1180,2023_2024,2024-RS,s. bird,Department of Agriculture Supplemental,1,1,1,1,1,H,0,0
HB24-1181,2023_2024,2024-RS,s. bird,Department of Corrections Supplemental,1,1,1,1,1,H,0,0
HB24-1182,2023_2024,2024-RS,s. bird,Department of Early Childhood Supplemental,1,1,1,1,1,H,0,0
HB24-1183,2023_2024,2024-RS,s. bird,Department of Education Supplemental,1,1,1,1,1,H,0,0
HB24-1184,2023_2024,2024-RS,s. bird,"Department of Governor, Lieutenant Governor, & Office of State Planning and Budgeting Supplemental",1,1,1,1,1,H,0,0
HB24-1185,2023_2024,2024-RS,s. bird,Department of Health Care Policy & Financing Supplemental,1,1,1,1,1,H,0,0
HB24-1186,2023_2024,2024-RS,s. bird,Department of Higher Education Supplemental,1,1,1,1,1,H,0,0
HB24-1187,2023_2024,2024-RS,s. bird,Department of Human Services Supplemental,1,1,1,1,1,H,0,0
HB24-1188,2023_2024,2024-RS,s. bird,Judicial Department Supplemental,1,1,1,1,1,H,0,0
HB24-1189,2023_2024,2024-RS,s. bird,Department of Labor & Employment Supplemental,1,1,1,1,1,H,0,0
HB24-1190,2023_2024,2024-RS,s. bird,Department of Law Supplemental,1,1,1,1,1,H,0,0
HB24-1191,2023_2024,2024-RS,s. bird,Legislative Department Supplemental,1,1,1,1,1,H,0,0
HB24-1192,2023_2024,2024-RS,s. bird,Department of Local Affairs Supplemental,1,1,1,1,1,H,0,0
HB24-1193,2023_2024,2024-RS,s. bird,Department of Military Affairs Supplemental,1,1,1,1,1,H,0,0
HB24-1194,2023_2024,2024-RS,s. bird,Department of Natural Resources Supplemental,1,1,1,1,1,H,0,0
HB24-1195,2023_2024,2024-RS,s. bird,Department of Personnel Supplemental,1,1,1,1,1,H,0,0
HB24-1196,2023_2024,2024-RS,s. bird,Department of Public Health & Environment Supplemental,1,1,1,1,1,H,0,0
HB24-1197,2023_2024,2024-RS,s. bird,Department of Public Safety Supplemental,1,1,1,1,1,H,0,0
HB24-1198,2023_2024,2024-RS,s. bird,Department of Regulatory Agencies Supplemental,1,1,1,1,1,H,0,0
HB24-1199,2023_2024,2024-RS,s. bird,Department of Revenue Supplemental,1,1,1,1,1,H,0,0
HB24-1200,2023_2024,2024-RS,s. bird,Department of State Supplemental,1,1,1,1,1,H,0,0
HB24-1201,2023_2024,2024-RS,s. bird,Department of Transportation Supplemental,1,1,1,1,1,H,0,0
HB24-1202,2023_2024,2024-RS,s. bird,Department of Treasury Supplemental,1,1,1,1,1,H,0,0
HB24-1203,2023_2024,2024-RS,s. bird,Capital Construction Supplemental,1,1,1,1,1,H,0,0
HB24-1204,2023_2024,2024-RS,s. bird,Capital Construction Information Technology,1,1,1,1,1,H,0,0
HB24-1205,2023_2024,2024-RS,e. sirota,Colorado Imagination Library Program,1,1,1,1,1,H,0,0
HB24-1206,2023_2024,2024-RS,s. bird,School Food Authorities,1,1,1,1,1,H,0,0
HB24-1207,2023_2024,2024-RS,s. bird,Adjustments to School Funding Budget Year 2023-24,1,1,1,1,1,H,0,0
HB24-1208,2023_2024,2024-RS,s. bird,Autism Treatment Fund,1,1,1,1,1,H,0,0
HB24-1209,2023_2024,2024-RS,e. sirota,America 250 - Colorado 150 Cash Fund,1,1,1,1,1,H,0,0
HB24-1210,2023_2024,2024-RS,s. bird,Higher Education Longitudinal Data System Report Deadline,1,1,1,1,1,H,0,0
HB24-1211,2023_2024,2024-RS,r. taggart,State Funding for Senior Services Contingency Fund,1,1,1,1,1,H,0,0
HB24-1212,2023_2024,2024-RS,e. sirota,Board & Committee of 23rd Judicial District,1,1,1,1,1,H,0,0
HB24-1213,2023_2024,2024-RS,s. bird,General Fund Transfer Judicial Collection Enhancement,1,1,1,1,1,H,0,0
HB24-1214,2023_2024,2024-RS,s. bird,Community Crime Victims Funding,1,1,1,1,1,H,0,0
HB24-1215,2023_2024,2024-RS,s. bird,Transfers to the Capital Construction Fund,1,1,1,1,1,H,0,0
HB24-1216,2023_2024,2024-RS,j. bacon,Supports for Youth in Juvenile Justice System,1,1,1,1,1,H,1,0
HB24-1217,2023_2024,2024-RS,j. amabile,Sharing of Patient Health-Care Information,1,1,1,1,1,H,0,0
HB24-1218,2023_2024,2024-RS,k. mccormick,Ground Ambulance Service Rates & Billing,1,1,0,0,0,H,0,0
HB24-1219,2023_2024,2024-RS,j. mccluskie,First Responder Employer Health Benefit Trusts,1,1,1,1,1,H,1,0
HB24-1220,2023_2024,2024-RS,l. daugherty,Workers'Compensation Disability Benefits,1,1,1,1,1,H,0,0
HB24-1221,2023_2024,2024-RS,b. marshall,Income Tax Credit for Eligible Teachers,1,1,0,0,0,H,0,0
HB24-1222,2023_2024,2024-RS,r. pugliese,Update Department of Human Services Terminology,1,1,1,1,1,H,0,0
HB24-1223,2023_2024,2024-RS,j. willford,Improved Access to the Child Care Assistance Program,1,1,1,1,1,H,0,0
HB24-1224,2023_2024,2024-RS,s. bottoms,Personhood of Living Unborn Human Child,1,1,0,0,0,H,0,0
HB24-1225,2023_2024,2024-RS,m. duran,First Degree Murder Bail & Jury Selection Statute,1,1,1,1,1,H,0,0
HB24-1226,2023_2024,2024-RS,a. hartsook,Tuition Assistance for Colorado National Guard & Dependents,1,1,0,0,0,H,0,0
HB24-1227,2023_2024,2024-RS,m. weissman,Annual Rule Review Bill,1,1,1,1,1,H,0,0
HB24-1228,2023_2024,2024-RS,t. mauro,Corrections Officers Flexible Schedules,1,1,1,1,1,H,0,0
HB24-1229,2023_2024,2024-RS,r. english,Presumptive Eligibility for Long-Term Care,1,1,1,1,1,H,0,0
HB24-1230,2023_2024,2024-RS,j. parenti,Protections for Real Property Owners,1,1,1,1,0,H,0,0
HB24-1231,2023_2024,2024-RS,m. young,State Funding for Higher Education Projects,1,1,1,1,1,H,0,0
HB24-1232,2023_2024,2024-RS,m. snyder,Uniform Special Deposits Act,1,1,1,1,1,H,0,0
HB24-1233,2023_2024,2024-RS,d. wilson,Homeowners' Association Delinquency Payments Enforcement Procedures,1,1,1,1,1,H,1,0
HB24-1234,2023_2024,2024-RS,t. mauro,Sunset Review of High Cost Support Mechanism,1,1,1,1,1,H,0,0
HB24-1235,2023_2024,2024-RS,k. brown,Reduce Aviation Impacts on Communities,1,1,1,1,1,H,0,0
HB24-1236,2023_2024,2024-RS,r. holtorf,Women Veterans Appreciation Day,1,1,1,1,1,H,0,1
HB24-1237,2023_2024,2024-RS,m. bradfield,Programs for the Development of Child Care Facilities,1,1,1,1,1,H,1,0
HB24-1238,2023_2024,2024-RS,r. weinberg,Foreign Government Ownership of Real Property,1,1,0,0,0,H,0,0
HB24-1239,2023_2024,2024-RS,a. valdez,Single-Exit Stairway Multifamily Structure,1,1,0,0,0,H,0,0
HB24-1240,2023_2024,2024-RS,j. joseph,AmeriCorps Education Award Tax Subtraction,1,1,1,1,1,H,0,0
HB24-1241,2023_2024,2024-RS,e. epps,Alignment of Petty Property Crime Threshold,1,1,1,1,1,H,0,0
HB24-1242,2023_2024,2024-RS,m. lynch,Colorado Department of Transportation Outdoor Advertising Rules,1,1,0,0,0,H,0,0
HB24-1243,2023_2024,2024-RS,s. woodrow,Income Tax Owed by Minors on Earned Income,1,1,0,0,0,H,0,0
HB24-1244,2023_2024,2024-RS,t. winter,Minor Autopsy Report Release Requirements,1,1,1,1,1,H,0,0
HB24-1245,2023_2024,2024-RS,t. story,Fair Labor Practice Requirements for Broadband Projects,1,1,1,1,0,H,0,0
HB24-1246,2023_2024,2024-RS,k. degraaf,Electric Grid Resilience Temporary Carbon Dioxide Regulation,1,1,0,0,0,H,0,0
HB24-1247,2023_2024,2024-RS,b. bradley,Digital Education Materials,1,1,1,1,0,H,0,0
HB24-1248,2023_2024,2024-RS,m. snyder,Non-Testamentary Electronic Estate Planning Docs,1,1,1,1,1,H,0,0
HB24-1249,2023_2024,2024-RS,t. winter,Tax Credit Agricultural Stewardship Practices,1,1,1,1,1,H,0,0
HB24-1250,2023_2024,2024-RS,r. armagost,Driving Improvement Course Driver's License Points,1,1,1,1,1,H,0,0
HB24-1251,2023_2024,2024-RS,m. snyder,Sunset Debt-Management Service Providers,1,1,1,1,1,H,0,0
HB24-1252,2023_2024,2024-RS,s. vigil,Sunset Suicide Prevention Commission,1,1,1,1,1,H,0,0
HB24-1253,2023_2024,2024-RS,r. english,Sunset Regulation of Respiratory Therapy,1,1,1,1,1,H,0,0
HB24-1254,2023_2024,2024-RS,e. hamrick,Sunset Regulation of Nontransplant Tissue Banks,1,1,1,1,1,H,1,0
HB24-1255,2023_2024,2024-RS,m. bradfield,Sunset Advisory Council Parent Involvement in Education,1,1,1,1,1,H,0,0
HB24-1256,2023_2024,2024-RS,m. duran,Sunset Senior Dental Advisory Committee,1,1,1,1,1,H,0,0
HB24-1257,2023_2024,2024-RS,m. catlin,Sunset Natural Areas Council,1,1,1,1,1,H,0,0
HB24-1258,2023_2024,2024-RS,k. brown,Credit Covered Person Expenses Insurer Insolvency,1,1,1,1,1,H,0,0
HB24-1259,2023_2024,2024-RS,k. brown,Price Gouging in Rent Declared Disaster,1,1,1,1,1,H,0,0
HB24-1260,2023_2024,2024-RS,m. duran,Prohibition Against Employee Discipline,1,1,1,1,0,H,1,0
HB24-1261,2023_2024,2024-RS,s. bottoms,Civil Remedies to Prevent Human Trafficking,1,1,0,0,0,H,0,0
HB24-1262,2023_2024,2024-RS,l. garcia,Maternal Health Midwives,1,1,1,1,1,H,1,0
HB24-1263,2023_2024,2024-RS,d. wilson,Licensure of Electricians,1,1,0,0,0,H,0,0
HB24-1264,2023_2024,2024-RS,b. mclachlan,Supporting the Educator Workforce,1,1,0,0,0,H,0,0
HB24-1265,2023_2024,2024-RS,m. soper,Interim Committee Cell Phone Connectivity,1,1,0,0,0,H,0,0
HB24-1266,2023_2024,2024-RS,e. hamrick,Local Government Utility Relocation in Right-of-Way,1,1,1,1,1,H,0,0
HB24-1267,2023_2024,2024-RS,i. jodeh,Metropolitan District Covenant Enforcement Policy,1,1,1,1,1,H,0,0
HB24-1268,2023_2024,2024-RS,m. weissman,Financial Assistance for Certain Low-Income Individuals,1,1,1,1,1,H,0,0
HB24-1269,2023_2024,2024-RS,t. mauro,Modification of Recording Fees,1,1,1,1,1,H,0,0
HB24-1270,2023_2024,2024-RS,s. woodrow,Firearm Liability Insurance Requirement,1,1,1,1,0,H,1,0
HB24-1271,2023_2024,2024-RS,k. mccormick,State Income Tax Credit for Veterinary Professional,1,1,0,0,0,H,0,0
HB24-1272,2023_2024,2024-RS,e. velasco,Sunset Colorado Fire Commission,1,1,1,1,1,H,0,0
HB24-1273,2023_2024,2024-RS,j. parenti,Sunset Continue Veterans Assistance Grant Program,1,1,1,1,1,H,0,0
HB24-1274,2023_2024,2024-RS,m. snyder,Uniform Consumer Debt Default Judgments Act,1,1,1,0,0,H,0,0
HB24-1275,2023_2024,2024-RS,m. catlin,Sunset Continue Underfunded Courthouse Commission,1,1,1,1,1,H,0,0
HB24-1276,2023_2024,2024-RS,m. young,Sunset Process Commission Deaf Hard of Hearing Deafblind,1,1,1,1,1,H,0,0
HB24-1277,2023_2024,2024-RS,l. daugherty,Sunset Youth Restraint & Seclusion Working Group,1,1,1,1,1,H,0,0
HB24-1278,2023_2024,2024-RS,m. martinez,Sunset Concurrent Enrollment Advisory Board,1,1,1,1,1,H,0,0
HB24-1279,2023_2024,2024-RS,k. degraaf,Vote Tracking Number Elections,1,1,0,0,0,H,0,0
HB24-1280,2023_2024,2024-RS,e. velasco,"Welcome, Reception, & Integration Grant Program",1,1,1,1,1,H,1,0
HB24-1281,2023_2024,2024-RS,m. martinez,Frontier Communities Regional Tourism Projects,1,1,0,0,0,H,0,0
HB24-1282,2023_2024,2024-RS,m. martinez,Ninth-Grade Success Grant & Performance Reporting,1,1,1,1,1,H,1,0
HB24-1283,2023_2024,2024-RS,j. willford,Secretary of State Review of Municipal Campaign Finance Complaints,1,1,1,1,1,H,0,0
HB24-1284,2023_2024,2024-RS,g. evans,Pretrial Release for Repeat Violent Offenses,1,1,0,0,0,H,0,0
HB24-1285,2023_2024,2024-RS,e. hamrick,Student Weight-Based Bullying Prevention,1,1,1,1,1,H,0,0
HB24-1286,2023_2024,2024-RS,j. joseph,Equal Justice Fund Authority,1,1,1,1,1,H,0,0
HB24-1287,2023_2024,2024-RS,b. marshall,Access to State Grant Opportunities,1,1,0,0,0,H,0,0
HB24-1288,2023_2024,2024-RS,m. rutinel,Earned Income Tax Credit Data Sharing,1,1,1,1,1,H,0,0
HB24-1289,2023_2024,2024-RS,s. vigil,Workload Standards for Office of State Public Defender,1,1,0,0,0,H,0,0
HB24-1290,2023_2024,2024-RS,m. bradfield,Student Educator Stipend Program,1,1,1,1,1,H,0,0
HB24-1291,2023_2024,2024-RS,r. english,Licensed Legal Paraprofessionals,1,1,1,1,1,H,0,0
HB24-1292,2023_2024,2024-RS,t. hernandez,Prohibit Certain Weapons Used in Mass Shootings,1,1,1,1,0,H,0,0
HB24-1293,2023_2024,2024-RS,c. clifford,Voluntary Payroll Deductions for State Employees,1,1,1,1,1,H,0,0
HB24-1294,2023_2024,2024-RS,a. boesenecker,Mobile Homes in Mobile Home Parks,1,1,1,1,1,H,0,0
HB24-1295,2023_2024,2024-RS,b. titone,Creative Industry Community Revitalization Incentives,1,1,1,1,1,H,0,0
HB24-1296,2023_2024,2024-RS,c. kipp,Modifications to the Colorado Open Records Act,1,1,1,1,0,H,0,0
HB24-1297,2023_2024,2024-RS,j. willford,Baby Bonds Program Study,1,1,0,0,0,H,0,0
HB24-1298,2023_2024,2024-RS,b. bradley,Labor Union for School Employees Due Restriction,1,1,0,0,0,H,0,0
HB24-1299,2023_2024,2024-RS,s. bird,Short-Term Rental Unit Property Tax Classification,1,1,0,0,0,H,0,0
HB24-1300,2023_2024,2024-RS,t. story,Home Sale Wildfire Mitigation Requirements,1,1,1,1,0,H,0,0
HB24-1301,2023_2024,2024-RS,j. willford,Noncurricular Time Programs,1,1,0,0,0,H,0,0
HB24-1302,2023_2024,2024-RS,j. parenti,Tax Rate Information to Real Property Owners,1,1,1,1,1,H,0,0
HB24-1303,2023_2024,2024-RS,e. epps,Colorado Open Meetings Law for the General Assembly,1,1,0,0,0,H,0,0
HB24-1304,2023_2024,2024-RS,s. vigil,Minimum Parking Requirements,1,1,1,1,1,H,1,0
HB24-1305,2023_2024,2024-RS,w. lindstedt,Changes for Concurrent Enrollment Students,1,1,1,1,1,H,0,0
HB24-1306,2023_2024,2024-RS,m. lynch,Increase Penalty Possession of Synthetic Opiates,1,1,0,0,0,H,0,0
HB24-1307,2023_2024,2024-RS,s. lieder,HVAC Improvements for Public Schools,1,1,1,1,0,H,1,0
HB24-1308,2023_2024,2024-RS,l. frizell,Effective Implementation of Affordable Housing Programs,1,1,1,1,1,H,0,0
HB24-1309,2023_2024,2024-RS,r. taggart,Use of Aircraft in Search and Rescue Operations,1,1,1,1,1,H,0,0
HB24-1310,2023_2024,2024-RS,j. parenti,School Safety Measures,1,1,0,0,0,H,0,0
HB24-1311,2023_2024,2024-RS,c. degruy kennedy,Family Affordability Tax Credit,1,1,1,1,1,H,0,0
HB24-1312,2023_2024,2024-RS,e. sirota,State Income Tax Credit for Careworkers,1,1,1,1,1,H,0,0
HB24-1313,2023_2024,2024-RS,s. woodrow,Housing in Transit-Oriented Communities,1,1,1,1,1,H,1,0
HB24-1314,2023_2024,2024-RS,m. lukens,Modification Tax Credit Preservation Historic Structures,1,1,1,1,1,H,0,0
HB24-1315,2023_2024,2024-RS,k. brown,Study on Remediation of Property Damaged by Fire,1,1,1,1,1,H,0,0
HB24-1316,2023_2024,2024-RS,w. lindstedt,Middle-Income Housing Tax Credit,1,1,1,1,1,H,0,0
HB24-1317,2023_2024,2024-RS,m. young,Workforce Data Collection,1,1,0,0,0,H,0,0
HB24-1318,2023_2024,2024-RS,d. ortiz,Modify Rental Premises Person with Disability,1,1,1,1,1,H,0,0
HB24-1319,2023_2024,2024-RS,m. duran,Fire Fighters License Plate Expiration on Transfer,1,1,1,1,1,H,0,0
HB24-1320,2023_2024,2024-RS,m. lukens,Educator Safety Task Force,1,1,1,1,1,H,0,0
HB24-1321,2023_2024,2024-RS,k. brown,Insurance Holding Company Model Regulation,1,1,1,1,1,H,0,0
HB24-1322,2023_2024,2024-RS,k. brown,Medicaid Coverage Housing & Nutrition Services,1,1,1,1,1,H,0,0
HB24-1323,2023_2024,2024-RS,e. velasco,School Graduation Attire,1,1,1,1,1,H,0,0
HB24-1324,2023_2024,2024-RS,c. clifford,Attorney General Restrictive Employment Agreements,1,1,1,1,1,H,0,0
HB24-1325,2023_2024,2024-RS,a. valdez,Tax Credits for Quantum Industry Support,1,1,1,1,1,H,0,0
HB24-1326,2023_2024,2024-RS,n. ricks,Bingo-Raffle Licensing Sunset Review,1,1,1,1,1,H,0,0
HB24-1327,2023_2024,2024-RS,b. bradley,Sunset Physical Therapists,1,1,1,1,1,H,0,0
HB24-1328,2023_2024,2024-RS,r. english,Sunset Continue Money Transmitter Regulation,1,1,1,1,1,H,0,0
HB24-1329,2023_2024,2024-RS,s. bird,Sunset Architects Engineers & Land Surveyors,1,1,1,1,1,H,0,0
HB24-1330,2023_2024,2024-RS,j. bacon,Air Quality Permitting,1,1,0,0,0,H,0,0
HB24-1331,2023_2024,2024-RS,r. taggart,Out-of-School Time Grant Program,1,1,1,1,1,H,0,0
HB24-1332,2023_2024,2024-RS,m. young,Sunset Continue Colorado Department of Early Childhood Executive Director Rule-Making,1,1,1,1,1,H,0,0
HB24-1333,2023_2024,2024-RS,e. hamrick,Sunset Continue Private Occupational Schools,1,1,1,1,1,H,0,0
HB24-1334,2023_2024,2024-RS,a. boesenecker,Broadband Service for Multiunit Buildings,1,1,1,1,1,H,0,0
HB24-1335,2023_2024,2024-RS,m. soper,Sunset Continue Mortuary Science Code Regulation,1,1,1,1,1,H,0,0
HB24-1336,2023_2024,2024-RS,j. parenti,Sunset Broadband Deployment,1,1,1,1,1,H,0,0
HB24-1337,2023_2024,2024-RS,i. jodeh,Real Property Owner Unit Association Collections,1,1,1,1,1,H,1,0
HB24-1338,2023_2024,2024-RS,m. rutinel,Cumulative Impacts & Environmental Justice,1,1,1,1,1,H,0,0
HB24-1339,2023_2024,2024-RS,m. weissman,Disproportionately Impact Community Air Pollution,1,1,0,0,0,H,0,0
HB24-1340,2023_2024,2024-RS,s. bird,Incentives for Post-Secondary Education,1,1,1,1,1,H,0,0
HB24-1341,2023_2024,2024-RS,j. marvin,State Vehicle Idling Standard,1,1,1,1,1,H,0,0
HB24-1342,2023_2024,2024-RS,m. soper,Test Accommodations for Persons with Disabilities,1,1,1,1,1,H,0,0
HB24-1343,2023_2024,2024-RS,m. snyder,Wildfire Evacuation Modeling Grant Program,1,1,0,0,0,H,0,0
HB24-1344,2023_2024,2024-RS,s. lieder,Sunset Plumbing Board,1,1,1,1,1,H,0,0
HB24-1345,2023_2024,2024-RS,m. weissman,Sunset Human Trafficking Council,1,1,1,1,1,H,0,0
HB24-1346,2023_2024,2024-RS,b. titone,Energy & Carbon Management Regulation,1,1,1,1,1,H,0,0
HB24-1347,2023_2024,2024-RS,m. duran,FY 2024-25 Legislative Appropriation Bill,1,1,1,1,1,H,0,0
HB24-1348,2023_2024,2024-RS,e. velasco,Secure Firearm Storage in a Vehicle,1,1,1,1,1,H,1,0
HB24-1349,2023_2024,2024-RS,m. duran,Firearms & Ammunition Excise Tax,1,1,1,1,1,H,1,0
HB24-1350,2023_2024,2024-RS,m. froelich,Parental Responsibilities Proceedings Child Safety,1,1,1,1,1,H,0,0
HB24-1351,2023_2024,2024-RS,j. amabile,Sunset Division Banking & Board,1,1,1,1,1,H,0,0
HB24-1352,2023_2024,2024-RS,m. froelich,Appliance Requirements & Incentives,1,1,0,0,0,H,0,0
HB24-1353,2023_2024,2024-RS,e. sirota,Firearms Dealer Requirements & Permit,1,1,1,1,1,H,1,0
HB24-1354,2023_2024,2024-RS,l. herod,Require Notification of Disease Pet Care Facility,1,1,1,1,1,H,0,0
HB24-1355,2023_2024,2024-RS,j. mabrey,Measures to Reduce the Competency Wait List,1,1,1,1,1,H,0,0
HB24-1356,2023_2024,2024-RS,l. herod,Sale of Unauthorized Electronic Smoking Devices,1,1,1,1,1,H,0,0
HB24-1357,2023_2024,2024-RS,t. story,Pipeline Safety,1,1,0,0,0,H,0,0
HB24-1358,2023_2024,2024-RS,l. herod,Film Incentive Tax Credit,1,1,1,1,1,H,0,0
HB24-1359,2023_2024,2024-RS,e. hamrick,Public Notification of Hazardous Chemical Releases,1,1,0,0,0,H,0,0
HB24-1360,2023_2024,2024-RS,d. ortiz,Colorado Disability Opportunity Office,1,1,1,1,1,H,0,0
HB24-1361,2023_2024,2024-RS,l. frizell,School District Open Enrollment Transparency,1,1,0,0,0,H,0,0
HB24-1362,2023_2024,2024-RS,m. lukens,Measures to Incentivize Graywater Use,1,1,1,1,1,H,1,0
HB24-1363,2023_2024,2024-RS,l. garcia,Charter Schools Accountability,1,1,0,0,0,H,0,0
HB24-1364,2023_2024,2024-RS,j. mccluskie,Education-Based Workforce Readiness,1,1,1,1,1,H,0,0
HB24-1365,2023_2024,2024-RS,m. lukens,Opportunity Now Grants & Tax Credit,1,1,1,1,1,H,0,0
HB24-1366,2023_2024,2024-RS,m. froelich,Sustainable Local Government Community Planning,1,1,0,0,0,H,0,0
HB24-1367,2023_2024,2024-RS,c. kipp,Repeal Severance Tax Exemption for Stripper Wells,1,1,0,0,0,H,0,0
HB24-1368,2023_2024,2024-RS,m. lindsay,Language Access Advisory Board,1,1,1,1,1,H,0,0
HB24-1369,2023_2024,2024-RS,r. holtorf,Colorado Agriculture Special License Plate,1,1,1,1,1,H,0,0
HB24-1370,2023_2024,2024-RS,c. kipp,Reduce Cost of Use of Natural Gas,1,1,1,1,1,H,0,0
HB24-1371,2023_2024,2024-RS,a. hartsook,More Uniform Local Massage Facilities Regulation,1,1,1,1,1,H,0,0
HB24-1372,2023_2024,2024-RS,s. woodrow,Regulating Law Enforcement Use of Prone Restraint,1,1,1,1,1,H,0,0
HB24-1373,2023_2024,2024-RS,j. amabile,Alcohol Beverage Retail Licensees,1,1,1,1,0,H,0,0
HB24-1374,2023_2024,2024-RS,j. marvin,Judicial Contractor Loan Forgiveness Eligibility,1,1,1,1,1,H,0,0
HB24-1375,2023_2024,2024-RS,t. story,Wild Carnivores & Livestock Nonlethal Coexistence,1,1,0,0,0,H,0,0
HB24-1376,2023_2024,2024-RS,j. marvin,Expand Teacher Mentorships,1,1,1,1,1,H,0,0
HB24-1377,2023_2024,2024-RS,j. marvin,Court-Appointed Special Advocate Volunteers Working with Foster Youth,1,1,1,1,1,H,0,0
HB24-1378,2023_2024,2024-RS,w. lindstedt,Consumer Protection in Event Ticket Sales,1,1,1,1,1,H,1,0
HB24-1379,2023_2024,2024-RS,j. mccluskie,Regulate Dredge & Fill Activities in State Waters,1,1,1,1,1,H,1,0
HB24-1380,2023_2024,2024-RS,j. mabrey,Regulation of Debt-Related Services,1,1,1,1,1,H,0,0
HB24-1381,2023_2024,2024-RS,c. kipp,Sunset Division of Financial Services,1,1,1,1,1,H,0,0
HB24-1382,2023_2024,2024-RS,j. amabile,Insurance Coverage Pediatric Neuropsychiatric Syndrome,1,1,1,1,1,H,0,0
HB24-1383,2023_2024,2024-RS,w. lindstedt,Common Interest Community Declarations,1,1,1,1,1,H,0,0
HB24-1384,2023_2024,2024-RS,s. bird,Certified Community Behavioral Health Clinics,1,1,1,1,1,H,0,0
HB24-1385,2023_2024,2024-RS,s. bird,Department of Corrections Caseload Supplemental Appropriation Request Deadline,1,1,1,1,1,H,0,0
HB24-1386,2023_2024,2024-RS,s. bird,Broadband Infrastructure Cash Fund for Department of Corrections,1,1,1,1,1,H,0,0
HB24-1387,2023_2024,2024-RS,e. sirota,Preschool Programs Cash Fund,1,1,1,1,1,H,0,0
HB24-1388,2023_2024,2024-RS,e. sirota,Transfers to the Nurse Home Visitor Program Fund,1,1,1,1,1,H,0,0
HB24-1389,2023_2024,2024-RS,e. sirota,School Funding 2023-24 for New Arrival Students,1,1,1,1,1,H,0,0
HB24-1390,2023_2024,2024-RS,s. bird,School Food Programs,1,1,1,1,1,H,0,0
HB24-1391,2023_2024,2024-RS,s. bird,Appropriation Authority Educator Licensure Cash Fund,1,1,1,1,1,H,0,0
HB24-1392,2023_2024,2024-RS,s. bird,Cap Schools in Early High School Graduation Pilot,1,1,1,1,1,H,0,0
HB24-1393,2023_2024,2024-RS,s. bird,Accelerating Concurrent Enrollment Program Modifications,1,1,1,1,1,H,0,0
HB24-1394,2023_2024,2024-RS,s. bird,Mill Levy Equalization,1,1,1,1,1,H,0,0
HB24-1395,2023_2024,2024-RS,s. bird,Public School Capital Construction Assistance Fund Transfer Date,1,1,1,1,1,H,0,0
HB24-1396,2023_2024,2024-RS,s. bird,General Fund Transfer to Advanced Industries Programs,1,1,1,1,1,H,0,0
HB24-1397,2023_2024,2024-RS,e. sirota,Creative Industries Cash Fund Transfer,1,1,1,1,1,H,0,0
HB24-1398,2023_2024,2024-RS,s. bird,Transfers to Procurement Technical Assistance Fund,1,1,1,1,1,H,0,0
HB24-1399,2023_2024,2024-RS,e. sirota,Discounted Care for Indigent Patients,1,1,1,1,1,H,0,0
HB24-1400,2023_2024,2024-RS,s. bird,Medicaid Eligibility Procedures,1,1,1,1,1,H,0,0
HB24-1401,2023_2024,2024-RS,s. bird,Appropriation to the Department of Health Care Policy and Financing for Denver Health,1,1,1,1,1,H,0,0
HB24-1402,2023_2024,2024-RS,s. bird,Evaluation of Colorado Department of Higher Education Information Technology,1,1,1,1,1,H,0,0
HB24-1403,2023_2024,2024-RS,s. bird,Higher Education Support Homeless Youth,1,1,1,1,1,H,0,0
HB24-1404,2023_2024,2024-RS,e. sirota,Financial Aid Appropriation Alignment,1,1,1,1,1,H,0,0
HB24-1405,2023_2024,2024-RS,s. bird,Higher Education Special Education Services Funding Medicaid Match,1,1,1,1,1,H,0,0
HB24-1406,2023_2024,2024-RS,s. bird,School-Based Mental Health Support Program,1,1,1,1,1,H,0,0
HB24-1407,2023_2024,2024-RS,e. sirota,Community Food Assistance Provider Grant Program,1,1,1,1,1,H,0,0
HB24-1408,2023_2024,2024-RS,e. sirota,Expenditures for Care Assistance Programs,1,1,1,1,1,H,0,0
HB24-1409,2023_2024,2024-RS,s. bird,Employment-Related Funding & Workforce Enterprise,1,1,1,1,1,H,0,0
HB24-1410,2023_2024,2024-RS,s. bird,Changes to Just Transition Office,1,1,1,1,1,H,0,0
HB24-1411,2023_2024,2024-RS,e. sirota,Increase in Property Tax Exemption Filing Fees,1,1,1,1,1,H,0,0
HB24-1412,2023_2024,2024-RS,s. bird,Clarifications to Adjutant General's Powers,1,1,1,1,1,H,0,0
HB24-1413,2023_2024,2024-RS,s. bird,Severance Tax Transfers,1,1,1,1,1,H,0,0
HB24-1414,2023_2024,2024-RS,s. bird,Repeal COVID Heroes Collaboration Fund,1,1,1,1,1,H,0,0
HB24-1415,2023_2024,2024-RS,s. bird,State Employee Reserve Fund,1,1,1,1,1,H,0,0
HB24-1416,2023_2024,2024-RS,e. sirota,Create the Healthy Food Incentives Program,1,1,1,1,1,H,0,0
HB24-1417,2023_2024,2024-RS,s. bird,Fee Changes Health-Care Cash Funds,1,1,1,1,1,H,0,0
HB24-1418,2023_2024,2024-RS,e. sirota,Hazardous Substance Site Response Fund Transfer,1,1,1,1,1,H,0,0
HB24-1419,2023_2024,2024-RS,s. bird,Transfer to Stationary Sources Control Fund,1,1,1,1,1,H,0,0
HB24-1420,2023_2024,2024-RS,s. bird,Transfer to Colorado Crime Victim Services Fund,1,1,1,1,1,H,0,0
HB24-1421,2023_2024,2024-RS,s. bird,Modifying Public Safety Program Funding,1,1,1,1,1,H,0,0
HB24-1422,2023_2024,2024-RS,s. bird,Capital Renewal Project Cost Threshold,1,1,1,1,1,H,0,0
HB24-1423,2023_2024,2024-RS,s. bird,Parks & Wildlife Cash Funds,1,1,1,1,1,H,0,0
HB24-1424,2023_2024,2024-RS,s. bird,College Opportunity Fund Transfer to General Fund,1,1,1,1,1,H,0,0
HB24-1425,2023_2024,2024-RS,s. bird,Transfers for Capital Construction,1,1,1,1,1,H,0,0
HB24-1426,2023_2024,2024-RS,s. bird,Controlled Maintenance Trust Fund Transfer,1,1,1,1,1,H,0,0
HB24-1427,2023_2024,2024-RS,s. bird,Public Employees' Retirement Association Study Conducted by an Actuarial Firm,1,1,1,1,1,H,0,0
HB24-1428,2023_2024,2024-RS,s. bird,Evidence-Based Designations for Budget,1,1,1,1,1,H,0,0
HB24-1429,2023_2024,2024-RS,s. bird,Transfer from Unused State-Owned Real Property Fund,1,1,1,1,0,H,0,0
HB24-1430,2023_2024,2024-RS,s. bird,2024-25 Long Appropriations Bill,1,1,1,1,1,H,0,0
HB24-1431,2023_2024,2024-RS,m. lukens,Stable Housing for Survivors of Abuse Program,1,1,1,1,1,H,0,0
HB24-1432,2023_2024,2024-RS,c. clifford,Repeal CBI Criminal Justice Record Sealing Fee,1,1,1,1,1,H,0,0
HB24-1433,2023_2024,2024-RS,c. clifford,Remove Governor Approval Parole Juvenile Offender,1,1,1,1,0,H,0,0
HB24-1434,2023_2024,2024-RS,s. bird,Expand Affordable Housing Tax Credit,1,1,1,1,1,H,0,0
HB24-1435,2023_2024,2024-RS,k. mccormick,Colorado Water Conservation Board Projects,1,1,1,1,1,H,1,0
HB24-1436,2023_2024,2024-RS,j. mccluskie,Sports Betting Tax Revenue Voter Approval,1,1,1,1,1,H,0,0
HB24-1437,2023_2024,2024-RS,m. weissman,Prohibit Flat Fees for Defending Indigent Clients,1,1,1,1,1,H,0,0
HB24-1438,2023_2024,2024-RS,j. mabrey,Implement Prescription Drug Affordability Programs,1,1,1,1,1,H,0,0
HB24-1439,2023_2024,2024-RS,j. willford,Financial Incentives Expand Apprenticeship Programs,1,1,1,1,1,H,0,0
HB24-1440,2023_2024,2024-RS,e. velasco,Property & Casualty Insurance Documents & Forms,1,1,1,1,1,H,0,0
HB24-1441,2023_2024,2024-RS,e. epps,State Board of Nursing Size Fix,1,1,1,1,1,H,0,0
HB24-1442,2023_2024,2024-RS,w. lindstedt,Capital Building Advisory Committee Modifications,1,1,1,1,1,H,0,0
HB24-1443,2023_2024,2024-RS,c. kipp,Public Trustee Fees,1,1,1,1,1,H,0,0
HB24-1444,2023_2024,2024-RS,b. mclachlan,Federal Indian Boarding School Research Program,1,1,1,1,1,H,0,0
HB24-1445,2023_2024,2024-RS,j. bacon,Probation & Parole Reporting & Fee Conditions,1,1,1,1,1,H,0,0
HB24-1446,2023_2024,2024-RS,b. mclachlan,Professional Development for Science Teachers,1,1,1,1,1,H,0,0
HB24-1447,2023_2024,2024-RS,w. lindstedt,Transit Reform,1,1,1,1,0,H,0,0
HB24-1448,2023_2024,2024-RS,j. mccluskie,New Public School Finance Formula,1,1,1,1,1,H,0,0
HB24-1449,2023_2024,2024-RS,j. joseph,Environmental Sustainability Circular Economy,1,1,1,1,1,H,0,0
HB24-1450,2023_2024,2024-RS,m. soper,Revisor's Bill,1,1,1,1,1,H,0,0
HB24-1451,2023_2024,2024-RS,l. herod,Include Hair Length in CROWN Act,1,1,1,1,1,H,0,0
HB24-1452,2023_2024,2024-RS,d. ortiz,Airport Accessibility Requirements,1,1,1,1,1,H,0,0
HB24-1453,2023_2024,2024-RS,n. ricks,Relocate Title 24 CLIMBER Act,1,1,1,1,1,H,0,0
HB24-1454,2023_2024,2024-RS,d. ortiz,Grace Period Noncompliance Digital Accessibility,1,1,1,1,1,H,0,0
HB24-1455,2023_2024,2024-RS,m. weissman,Effective Date 23rd Judicial District,1,1,1,1,1,H,0,0
HB24-1456,2023_2024,2024-RS,j. marvin,Increase Syphilis Testing During Pregnancy,1,1,1,1,1,H,0,0
HB24-1457,2023_2024,2024-RS,k. brown,Asbestos & Lead Paint Abatement Grant Program,1,1,1,1,1,H,0,0
HB24-1458,2023_2024,2024-RS,m. duran,Create Division of Animal Welfare in Department of Agriculture,1,1,1,1,1,H,0,0
HB24-1459,2023_2024,2024-RS,l. herod,Birth Equity,1,1,1,1,1,H,0,0
HB24-1460,2023_2024,2024-RS,l. herod,Law Enforcement Misconduct,1,1,1,0,0,H,1,0
HB24-1461,2023_2024,2024-RS,m. martinez,Exemption for College Program Completion Earned Time,1,1,1,1,1,H,0,0
HB24-1462,2023_2024,2024-RS,s. bird,Third-Party Audit Department of Corrections,1,1,1,1,1,H,0,0
HB24-1463,2023_2024,2024-RS,c. degruy kennedy,Restrictions on Tap Fees,1,1,1,1,1,H,0,0
HB24-1464,2023_2024,2024-RS,r. weinberg,Designation of Highway Zones,1,1,1,1,1,H,0,0
HB24-1465,2023_2024,2024-RS,s. bird,Program Changes Refinance Coronavirus Recovery Funds,1,1,1,1,1,H,0,0
HB24-1466,2023_2024,2024-RS,s. bird,Refinance Federal Coronavirus Recovery Funds,1,1,1,1,1,H,0,0
HB24-1467,2023_2024,2024-RS,s. bird,Modifications to the State Personnel Total Compensation,1,1,1,1,1,H,0,0
HB24-1468,2023_2024,2024-RS,b. titone,Artificial Intelligence & Biometric Technologies,1,1,1,1,1,H,0,0
HB24-1469,2023_2024,2024-RS,s. bird,Collections for Another Government,1,1,1,1,1,H,0,0
HB24-1470,2023_2024,2024-RS,s. bird,Eliminate Premium Tax to Health Insurance Affordability Fund,1,1,1,1,1,H,0,0
HB24-1471,2023_2024,2024-RS,m. young,Electroconvulsive Treatment for Minors,1,1,1,1,1,H,0,0
HB24-1472,2023_2024,2024-RS,k. brown,Raise Damage Limit Tort Actions,1,1,1,1,1,H,0,0
HB24B-1001,2023_2024,2024-SS1,j. mccluskie,Property Tax,1,1,1,1,1,H,0,0
HB24B-1002,2023_2024,2024-SS1,s. woodrow,Primary Residence Real Property Valuation,1,1,0,0,0,H,0,0
HB24B-1003,2023_2024,2024-SS1,m. soper,Business Personal Property Tax Exemptions,1,1,1,1,1,H,0,0
HB24B-1004,2023_2024,2024-SS1,c. clifford,Additional Property Tax Relief for Homeowners,1,1,0,0,0,H,0,0
HB24B-1005,2023_2024,2024-SS1,l. garcia,Valuation Assessment Reduction Residential Property,1,1,0,0,0,H,0,0
HB24B-1006,2023_2024,2024-SS1,k. degraaf,Expand Property Tax Exemptions,1,1,0,0,0,H,0,0
HB24B-1007,2023_2024,2024-SS1,d. ortiz,Accessible Housing Property Taxes,1,1,0,0,0,H,0,0
HB24B-1008,2023_2024,2024-SS1,s. luck,Tax Code Legislative Task Force,1,1,0,0,0,H,0,0
HB24B-1009,2023_2024,2024-SS1,s. vigil,Special District Property Tax Limit Waiver,1,1,0,0,0,H,0,0
SB24-0001,2023_2024,2024-RS,d. michaelson jenet,Continue Youth Mental Health Services Program,1,1,1,1,1,S,0,0
SB24-0002,2023_2024,2024-RS,d. roberts,Local Government Property Tax Credits Rebates,1,1,1,1,1,S,0,0
SB24-0003,2023_2024,2024-RS,t. sullivan,Colorado Bureau of Investigation Authority to Investigate Firearms Crimes,1,1,1,1,1,S,0,0
SB24-0004,2023_2024,2024-RS,r. pelton,County Veterans Service Offices Administration,1,1,1,1,1,S,0,0
SB24-0005,2023_2024,2024-RS,d. roberts,Prohibit Landscaping Practices for Water Conservation,1,1,1,1,1,S,1,0
SB24-0006,2023_2024,2024-RS,r. rodriguez,Pretrial Diversion Programs,1,1,1,1,1,S,0,0
SB24-0007,2023_2024,2024-RS,r. fields,Behavioral Health First Aid Training Program,1,1,1,1,1,S,0,0
SB24-0008,2023_2024,2024-RS,r. zenzinger,Kinship Foster Care Homes,1,1,1,1,1,S,0,0
SB24-0009,2023_2024,2024-RS,l. cutter,Local Government Disaster-Related Programs,1,1,1,1,0,S,0,0
SB24-0010,2023_2024,2024-RS,j. ginal,Dentist & Dental Hygienist Compact,1,1,1,1,1,S,0,0
SB24-0011,2023_2024,2024-RS,f. winter,Online-Facilitated Misconduct & Remote Tracking,1,1,1,1,1,S,0,0
SB24-0012,2023_2024,2024-RS,j. gonzales,Reentry Workforce Development Cash Assistance Pilot Program,1,1,0,0,0,S,0,0
SB24-0013,2023_2024,2024-RS,b. gardner,District Attorneys' Salaries,1,1,1,1,1,S,0,0
SB24-0014,2023_2024,2024-RS,c. hansen,Seal of Climate Literacy Diploma Endorsement,1,1,1,1,1,S,0,0
SB24-0015,2023_2024,2024-RS,c. kolker,Licensed Professional Counselors in Communities,1,1,0,0,0,S,0,0
SB24-0016,2023_2024,2024-RS,r. zenzinger,Tax Credits for Contributions via Intermediaries,1,1,1,1,1,S,0,0
SB24-0017,2023_2024,2024-RS,p. lundeen,Distribution of State Share of District Total Program,1,1,1,1,1,S,0,0
SB24-0018,2023_2024,2024-RS,c. simpson,Physician Assistant Licensure Compact,1,1,1,1,1,S,0,0
SB24-0019,2023_2024,2024-RS,j. smallwood,Remuneration-Exempt Identifying Placards,1,1,1,1,1,S,0,0
SB24-0020,2023_2024,2024-RS,d. roberts,Alcohol Beverage Delivery & Takeout,1,1,1,1,1,S,1,0
SB24-0021,2023_2024,2024-RS,j. rich,Exempt Small Communities from HOA Requirements,1,1,1,1,1,S,0,0
SB24-0022,2023_2024,2024-RS,k. mullica,Regulate Flavored Tobacco Products,1,1,1,1,0,S,0,0
SB24-0023,2023_2024,2024-RS,k. van winkle,Hold Harmless for Error in GIS Database Data,1,1,1,1,1,S,0,0
SB24-0024,2023_2024,2024-RS,j. bridges,Local Lodging Tax Reporting on Sales Return,1,1,1,1,1,S,0,0
SB24-0025,2023_2024,2024-RS,j. bridges,Update Local Government Sales & UseTax Collection,1,1,1,1,1,S,0,0
SB24-0026,2023_2024,2024-RS,d. roberts,Agriculture & Natural Resources Public Engagement Requirement,1,1,1,1,1,S,0,0
SB24-0027,2023_2024,2024-RS,j. gonzales,Criminal and Juvenile Justice System Process Study,1,1,0,0,0,S,0,0
SB24-0028,2023_2024,2024-RS,l. cutter,Study Biochar in Wildfire Mitigation Efforts,1,1,0,0,0,S,0,0
SB24-0029,2023_2024,2024-RS,j. gonzales,Study Metrics to Measure Criminal Justice System Success,1,1,1,1,1,S,0,0
SB24-0030,2023_2024,2024-RS,r. rodriguez,Recidivism Definition Working Group,1,1,1,1,1,S,0,0
SB24-0031,2023_2024,2024-RS,d. roberts,Local Authority Enforce Violation of Noxious Weed Act,1,1,1,1,1,S,0,0
SB24-0032,2023_2024,2024-RS,k. priola,Methods to Increase the Use of Transit,1,1,1,1,1,S,0,0
SB24-0033,2023_2024,2024-RS,c. hansen,Lodging Property Tax Treatment,1,1,0,0,0,S,0,0
SB24-0034,2023_2024,2024-RS,j. marchman,Increase Access to School-Based Health Care,1,1,1,1,1,S,0,0
SB24-0035,2023_2024,2024-RS,b. pelton,Strengthening Enforcement of Human Trafficking,1,1,1,1,1,S,1,0
SB24-0036,2023_2024,2024-RS,f. winter,Vulnerable Road User Protection Enterprise,1,1,0,0,0,S,0,0
SB24-0037,2023_2024,2024-RS,c. simpson,Study Green Infrastructure for Water Quality Management,1,1,1,1,1,S,0,0
SB24-0038,2023_2024,2024-RS,j. bridges,Authorize Conservancy District Water Management,1,1,0,0,0,S,0,0
SB24-0039,2023_2024,2024-RS,l. liston,Nuclear Energy as a Clean Energy Resource,1,1,0,0,0,S,0,0
SB24-0040,2023_2024,2024-RS,j. danielson,State Funding for Senior Services,1,1,1,1,1,S,0,0
SB24-0041,2023_2024,2024-RS,r. rodriguez,Privacy Protections for Children's Online Data,1,1,1,1,1,S,0,0
SB24-0042,2023_2024,2024-RS,j. buckner,Sickle Cell Disease Community Outreach & Services,1,1,1,1,1,S,0,0
SB24-0043,2023_2024,2024-RS,d. roberts,Authorizing Direct-to-Consumer Sales of Raw Milk,1,1,1,0,0,S,0,0
SB24-0044,2023_2024,2024-RS,c. kolker,Public Employees' Retirement Association Retiree Refundable Income Tax Credit,1,1,1,1,0,S,0,0
SB24-0045,2023_2024,2024-RS,l. liston,Modifications to Sterilization Requirements for Cats & Dogs,1,1,1,1,1,S,0,0
SB24-0046,2023_2024,2024-RS,j. coleman,Restrict Sales of Certain Lighters,1,1,1,1,0,S,0,0
SB24-0047,2023_2024,2024-RS,s. jaquez lewis,Prevention of Substance Use Disorders,1,1,1,1,1,S,0,0
SB24-0048,2023_2024,2024-RS,k. priola,Substance Use Disorders Recovery,1,1,1,1,1,S,0,0
SB24-0049,2023_2024,2024-RS,l. cutter,Content of Material in Libraries,1,1,0,0,0,S,0,0
SB24-0050,2023_2024,2024-RS,t. exum,Colorado Workforce Demonstration Grants Pilot Program,1,1,0,0,0,S,0,0
SB24-0051,2023_2024,2024-RS,r. zenzinger,Adult Education,1,1,1,1,1,S,0,0
SB24-0052,2023_2024,2024-RS,r. fields,Ongoing Funding for 911 Resource Center,1,1,0,0,0,S,0,0
SB24-0053,2023_2024,2024-RS,j. coleman,Racial Equity Study,1,1,1,1,1,S,1,0
SB24-0054,2023_2024,2024-RS,d. michaelson jenet,Diabetes Prevention & Obesity Treatment Act,1,1,1,1,0,S,0,0
SB24-0055,2023_2024,2024-RS,j. marchman,Agricultural & Rural Behavioral Health Care,1,1,1,1,1,S,1,0
SB24-0056,2023_2024,2024-RS,n. hinrichsen,Out-of-State Snowmobile Permit & Search Rescue Fee,1,1,1,1,1,S,0,0
SB24-0057,2023_2024,2024-RS,t. sullivan,Agricultural Workforce & Suicide Prevention,1,1,0,0,0,S,0,0
SB24-0058,2023_2024,2024-RS,m. baisley,Landowner Liability Recreational Use Warning Signs,1,1,1,1,1,S,1,0
SB24-0059,2023_2024,2024-RS,b. kirkmeyer,Children's Behavioral Health Statewide System of Care,1,1,1,1,0,S,0,0
SB24-0060,2023_2024,2024-RS,b. kirkmeyer,Prescription Drug Affordability Board Exempt Orphan Drugs,1,1,1,0,0,S,0,0
SB24-0061,2023_2024,2024-RS,r. rodriguez,Creating a Drug Donation Program,1,1,0,0,0,S,0,0
SB24-0062,2023_2024,2024-RS,b. gardner,Prohibit Attorney Fees on Personal Injury Interest,1,1,0,0,0,S,0,0
SB24-0063,2023_2024,2024-RS,j. rich,Confidentiality of Group Peer Support Services,1,1,1,1,1,S,0,0
SB24-0064,2023_2024,2024-RS,k. mullica,Monthly Residential Eviction Data & Report,1,1,1,1,1,S,0,0
SB24-0065,2023_2024,2024-RS,c. hansen,Mobile Electronic Devices & Motor Vehicle Driving,1,1,1,1,1,S,1,0
SB24-0066,2023_2024,2024-RS,t. sullivan,Firearms Merchant Category Code,1,1,1,1,1,S,1,0
SB24-0067,2023_2024,2024-RS,s. jaquez lewis,Health-Related Research Test Subjects,1,1,0,0,0,S,0,0
SB24-0068,2023_2024,2024-RS,j. ginal,Medical Aid-in-Dying,1,1,1,1,1,S,0,0
SB24-0069,2023_2024,2024-RS,c. kolker,Clarify Individualized Education Program Information,1,1,1,1,1,S,0,0
SB24-0070,2023_2024,2024-RS,p. lundeen,Remote Testing & Online Education Programs,1,1,1,1,1,S,0,0
SB24-0071,2023_2024,2024-RS,s. fenberg,Seasonal Outdoor Adventure Day Camp Program,1,1,1,1,1,S,0,0
SB24-0072,2023_2024,2024-RS,j. gonzales,Voting for Confined Eligible Electors,1,1,1,1,1,S,0,0
SB24-0073,2023_2024,2024-RS,j. smallwood,Maximum Number of Employees to Qualify as Small Employer,1,1,1,1,1,S,0,0
SB24-0074,2023_2024,2024-RS,b. gardner,Jurisdiction over United States Military Property,1,1,1,1,1,S,0,0
SB24-0075,2023_2024,2024-RS,k. priola,Transportation Network Company Transparency,1,1,1,1,1,S,0,0
SB24-0076,2023_2024,2024-RS,k. van winkle,Streamline Marijuana Regulation,1,1,1,1,1,S,0,0
SB24-0077,2023_2024,2024-RS,s. jaquez lewis,Prescription Drug Manufacturer Requirements,1,1,0,0,0,S,0,0
SB24-0078,2023_2024,2024-RS,j. marchman,Outdoor Nature-Based Preschool Programs,1,1,1,1,1,S,1,0
SB24-0079,2023_2024,2024-RS,n. hinrichsen,Motorcycle Lane Filtering & Passing,1,1,1,1,1,S,1,0
SB24-0080,2023_2024,2024-RS,r. fields,Transparency in Health-Care Coverage,1,1,1,1,1,S,0,0
SB24-0081,2023_2024,2024-RS,l. cutter,Perfluoroalkyl & Polyfluoroalkyl Chemicals,1,1,1,1,1,S,0,0
SB24-0082,2023_2024,2024-RS,l. liston,Patient's Right to Provider Identification,1,1,0,0,0,S,0,0
SB24-0083,2023_2024,2024-RS,j. smallwood,Relinquishment of Child in Newborn Safety Device,1,1,1,0,0,S,0,0
SB24-0084,2023_2024,2024-RS,l. cutter,Attorney General Duties to Prevent Mis- & Dis-information,1,1,1,1,1,S,0,0
SB24-0085,2023_2024,2024-RS,k. priola,Sales & Use Tax Rebate for Digital Asset Purchases,1,1,0,0,0,S,0,0
SB24-0086,2023_2024,2024-RS,j. rich,Breast Cancer Screening Fund Transfer,1,1,1,1,1,S,0,0
SB24-0087,2023_2024,2024-RS,k. mullica,Health Facility Topical Medication Continued Care,1,1,1,1,1,S,0,0
SB24-0088,2023_2024,2024-RS,p. lundeen,Entity Authorizes Charter Schools Transparency,1,1,0,0,0,S,0,0
SB24-0089,2023_2024,2024-RS,r. rodriguez,Firefighter Heart Benefits Trust,1,1,1,1,1,S,0,0
SB24-0090,2023_2024,2024-RS,p. will,Possess Identification While Driving,1,1,1,1,0,S,0,0
SB24-0091,2023_2024,2024-RS,b. pelton,Rights-of-Way Permits for Broadband Deployment,1,1,0,0,0,S,0,0
SB24-0092,2023_2024,2024-RS,b. pelton,Cost Effective Energy Codes,1,1,0,0,0,S,0,0
SB24-0093,2023_2024,2024-RS,d. michaelson jenet,Continuity of Health-Care Coverage Change,1,1,1,1,1,S,0,0
SB24-0094,2023_2024,2024-RS,j. gonzales,Safe Housing for Residential Tenants,1,1,1,1,1,S,0,0
SB24-0095,2023_2024,2024-RS,b. kirkmeyer,Air Quality Ozone Levels,1,1,1,1,0,S,0,0
SB24-0096,2023_2024,2024-RS,k. van winkle,Limit Fenced Perimeter Security Alarm System Regulations,1,1,0,0,0,S,0,0
SB24-0097,2023_2024,2024-RS,c. simpson,Property Tax Distraint Sale Mobile Home,1,1,0,0,0,S,0,0
SB24-0098,2023_2024,2024-RS,m. baisley,Safety Clause Use Review,1,1,0,0,0,S,0,0
SB24-0099,2023_2024,2024-RS,r. pelton,Public Employees' Retirement Association Employment after Retirement for Rural Schools,1,1,1,1,1,S,0,0
SB24-0100,2023_2024,2024-RS,d. roberts,Commercial Vehicle Highway Safety Measures,1,1,1,1,1,S,1,0
SB24-0101,2023_2024,2024-RS,m. baisley,Children's Resident Camp Rental & Visiting Group,1,1,0,0,0,S,0,0
SB24-0102,2023_2024,2024-RS,t. sullivan,Taxation Premium Cigars,1,1,0,0,0,S,0,0
SB24-0103,2023_2024,2024-RS,b. pelton,Labor & Employment Statutes Technical Changes,1,1,1,1,1,S,0,0
SB24-0104,2023_2024,2024-RS,j. danielson,Career & Technical Education & Apprenticeships,1,1,1,1,1,S,0,0
SB24-0105,2023_2024,2024-RS,n. hinrichsen,Clarifying Environmental Response Surcharge,1,1,1,1,1,S,0,0
SB24-0106,2023_2024,2024-RS,r. zenzinger,Right to Remedy Construction Defects,1,1,1,1,0,S,1,0
SB24-0107,2023_2024,2024-RS,b. gardner,Weapons Possession Previous Offender Add Crimes,1,1,1,0,0,S,0,0
SB24-0108,2023_2024,2024-RS,k. priola,Prohibit Unauthorized Use Public Safety Radio,1,1,1,1,1,S,0,0
SB24-0109,2023_2024,2024-RS,n. hinrichsen,Continue Colorado Veterans' Service-to-Career Program,1,1,1,1,1,S,0,0
SB24-0110,2023_2024,2024-RS,r. rodriguez,Medicaid Prior Authorization Prohibition,1,1,1,1,1,S,0,0
SB24-0111,2023_2024,2024-RS,c. kolker,Senior Primary Residence Prop Tax Reduction,1,1,1,1,1,S,0,0
SB24-0112,2023_2024,2024-RS,p. lundeen,Construction Defect Action Procedures,1,1,0,0,0,S,0,0
SB24-0113,2023_2024,2024-RS,j. coleman,Safer Youth Sports,1,1,1,1,1,S,1,0
SB24-0114,2023_2024,2024-RS,j. rich,Income Tax Credit for Parental School Engagement,1,1,0,0,0,S,0,0
SB24-0115,2023_2024,2024-RS,d. michaelson jenet,Mental Health Professionals Practice Requirements,1,1,1,1,1,S,0,0
SB24-0116,2023_2024,2024-RS,j. buckner,Discounted Care for Indigent Patients,1,1,1,1,1,S,0,0
SB24-0117,2023_2024,2024-RS,l. cutter,Eating Disorder Treatment & Recovery Programs,1,1,1,1,1,S,0,0
SB24-0118,2023_2024,2024-RS,j. gonzales,Indeterminate Sex Offender Sentencing,1,1,0,0,0,S,0,0
SB24-0119,2023_2024,2024-RS,t. exum,Term Abandonment for Federal Classification Juvenile,1,1,1,1,1,S,0,0
SB24-0120,2023_2024,2024-RS,r. fields,Updates to the Crime Victim Compensation Act,1,1,1,1,1,S,0,0
SB24-0121,2023_2024,2024-RS,r. pelton,Licensure of Critical Access Hospitals,1,1,1,1,1,S,0,0
SB24-0122,2023_2024,2024-RS,b. kirkmeyer,Empowerment Scholarship Accounts,1,1,0,0,0,S,0,0
SB24-0123,2023_2024,2024-RS,k. priola,Waste Tire Management Enterprise,1,1,1,1,1,S,0,0
SB24-0124,2023_2024,2024-RS,d. michaelson jenet,Health-Care Coverage for Biomarker Testing,1,1,1,1,1,S,0,0
SB24-0125,2023_2024,2024-RS,b. pelton,Interstate Compact for the Placement of Children,1,1,1,1,1,S,0,0
SB24-0126,2023_2024,2024-RS,p. will,Conservation Easement Income Tax Credit,1,1,1,1,1,S,0,0
SB24-0127,2023_2024,2024-RS,b. kirkmeyer,Regulate Dredged & Fill Material State Waters,1,1,0,0,0,S,0,0
SB24-0128,2023_2024,2024-RS,n. hinrichsen,Repeal Colorado Department of Transportation 2011 Recommendation Requirement,1,1,1,1,1,S,0,0
SB24-0129,2023_2024,2024-RS,b. pelton,Nonprofit Member Data Privacy & Public Agencies,1,1,1,1,1,S,0,0
SB24-0130,2023_2024,2024-RS,k. mullica,Noneconomic Damages Cap Medical Malpractice Actions,1,1,1,0,0,S,0,0
SB24-0131,2023_2024,2024-RS,s. jaquez lewis,Prohibiting Carrying Firearms in Sensitive Spaces,1,1,1,1,1,S,1,0
SB24-0132,2023_2024,2024-RS,j. rich,Evaluation Protections & Educators,1,1,1,1,1,S,0,0
SB24-0133,2023_2024,2024-RS,m. baisley,Motor Vehicle Insurance & Registration Enforcement,1,1,0,0,0,S,0,0
SB24-0134,2023_2024,2024-RS,j. smallwood,Operation of Home-Based Businesses,1,1,1,1,1,S,0,0
SB24-0135,2023_2024,2024-RS,j. buckner,Modification of State Agency & Department Reporting Requirements,1,1,1,1,1,S,0,0
SB24-0136,2023_2024,2024-RS,b. gardner,Uniform Guardianship & Conservatorship Act,1,1,1,1,0,S,0,0
SB24-0137,2023_2024,2024-RS,c. simpson,Planting of Uncertified Potatoes,1,1,1,1,1,S,0,0
SB24-0138,2023_2024,2024-RS,c. simpson,Modification of County Elected Officer Salary Categories,1,1,1,1,1,S,0,0
SB24-0139,2023_2024,2024-RS,j. gonzales,Creation of 911 Services Enterprise,1,1,1,1,1,S,0,0
SB24-0140,2023_2024,2024-RS,b. gardner,Small Business Research Matching Program,1,1,0,0,0,S,0,0
SB24-0141,2023_2024,2024-RS,k. van winkle,Out-of-State Telehealth Providers,1,1,1,1,1,S,0,0
SB24-0142,2023_2024,2024-RS,j. marchman,Oral Health Screening in Schools Pilot Program,1,1,1,1,1,S,0,0
SB24-0143,2023_2024,2024-RS,j. coleman,Credential Quality Apprenticeship Classification,1,1,1,1,1,S,0,0
SB24-0144,2023_2024,2024-RS,m. baisley,Real Property Valuation,1,1,0,0,0,S,0,0
SB24-0145,2023_2024,2024-RS,b. gardner,Uniform Unlawful Restrictions in Land Records,1,1,1,1,1,S,0,0
SB24-0146,2023_2024,2024-RS,c. kolker,Tax Credit for Qualified Renters,1,1,1,1,0,S,0,0
SB24-0147,2023_2024,2024-RS,k. van winkle,Streamlining the Updating of Telecom Equipment,1,1,0,0,0,S,0,0
SB24-0148,2023_2024,2024-RS,k. van winkle,Precipitation Harvesting Storm Water Detention,1,1,1,1,1,S,0,0
SB24-0149,2023_2024,2024-RS,n. hinrichsen,Workers' Compensation State Employees,1,1,1,1,1,S,1,0
SB24-0150,2023_2024,2024-RS,l. cutter,Processing of Municipal Solid Waste,1,1,1,1,0,S,1,0
SB24-0151,2023_2024,2024-RS,p. lundeen,Telecommunications Security,1,1,1,1,1,S,1,0
SB24-0152,2023_2024,2024-RS,c. simpson,Regenerative Agriculture Tax Credit,1,1,1,1,0,S,0,0
SB24-0153,2023_2024,2024-RS,j. danielson,News Access  for Consumers Who Are Print-Disabled,1,1,1,1,1,S,0,0
SB24-0154,2023_2024,2024-RS,s. jaquez lewis,Accessory Dwelling Units,1,1,0,0,0,S,0,0
SB24-0155,2023_2024,2024-RS,f. winter,Payment of Family & Medical Leave Benefits,1,1,1,1,1,S,0,0
SB24-0156,2023_2024,2024-RS,j. buckner,College Preparation & Enrichment Program,1,1,0,0,0,S,0,0
SB24-0157,2023_2024,2024-RS,s. fenberg,Colorado Open Meetings Law for the General Assembly,1,1,1,1,1,S,0,0
SB24-0158,2023_2024,2024-RS,c. hansen,Social Media Protect Juveniles Disclosures Reports,1,1,1,1,0,S,0,0
SB24-0159,2023_2024,2024-RS,s. jaquez lewis,Mod to Energy & Carbon Management Processes,1,1,0,0,0,S,0,0
SB24-0160,2023_2024,2024-RS,s. fenberg,Records of Workplace Discrimination Complaints,1,1,1,1,1,S,0,0
SB24-0161,2023_2024,2024-RS,r. pelton,Parks & Wildlife Licenses & Passes,1,1,1,1,1,S,0,0
SB24-0162,2023_2024,2024-RS,j. marchman,Best Practices to Prevent Discrimination in Schools,1,1,1,1,1,S,0,0
SB24-0163,2023_2024,2024-RS,d. roberts,Arbitration of Health Insurance Claims,1,1,0,0,0,S,0,0
SB24-0164,2023_2024,2024-RS,j. buckner,Institution of Higher Education Transparency Requirements,1,1,1,1,1,S,0,0
SB24-0165,2023_2024,2024-RS,k. priola,Air Quality Improvements,1,1,0,0,0,S,0,0
SB24-0166,2023_2024,2024-RS,f. winter,Air Quality Enforcement,1,1,0,0,0,S,0,0
SB24-0167,2023_2024,2024-RS,j. ginal,Training for Entry-Level Health-Care Workers,1,1,1,1,1,S,0,0
SB24-0168,2023_2024,2024-RS,d. roberts,Remote Monitoring Services for Medicaid Members,1,1,1,1,1,S,1,0
SB24-0169,2023_2024,2024-RS,t. exum,State Firefighter Public Employees' Retirement Association Job Classification,1,1,1,1,1,S,0,0
SB24-0170,2023_2024,2024-RS,r. zenzinger,America 250 - Colorado 150 Commission,1,1,1,1,1,S,0,0
SB24-0171,2023_2024,2024-RS,p. will,Restoration of Wolverines,1,1,1,1,1,S,1,0
SB24-0172,2023_2024,2024-RS,b. pelton,Hemp Product Definition Marijuana Regulation,1,1,1,1,1,S,0,0
SB24-0173,2023_2024,2024-RS,d. roberts,Regulate Mortuary Science Occupations,1,1,1,1,1,S,0,0
SB24-0174,2023_2024,2024-RS,b. kirkmeyer,Sustainable Affordable Housing Assistance,1,1,1,1,1,S,0,0
SB24-0175,2023_2024,2024-RS,r. fields,Improving Perinatal Health Outcomes,1,1,1,1,1,S,0,0
SB24-0176,2023_2024,2024-RS,j. ginal,Update Medicaid Member Terminology,1,1,1,1,1,S,0,0
SB24-0177,2023_2024,2024-RS,k. mullica,History Colorado to Dispose of Storage Facility,1,1,1,1,1,S,0,0
SB24-0178,2023_2024,2024-RS,n. hinrichsen,Duplicative Inventory of State-Owned Real Property,1,1,1,1,1,S,0,0
SB24-0179,2023_2024,2024-RS,c. simpson,Floodplain Management Program,1,1,1,1,1,S,0,0
SB24-0180,2023_2024,2024-RS,s. fenberg,Repeal Colorado Digital Token Act,1,1,1,1,1,S,0,0
SB24-0181,2023_2024,2024-RS,k. priola,Alcohol Impact & Recovery Enterprise,1,1,1,1,0,S,0,0
SB24-0182,2023_2024,2024-RS,j. gonzales,Immigrant Identification Document Issuance,1,1,1,1,1,S,1,0
SB24-0183,2023_2024,2024-RS,c. simpson,Mobile Home Taxation Task Force,1,1,1,1,1,S,0,0
SB24-0184,2023_2024,2024-RS,s. fenberg,Support Surface Transportation Infrastructure Development,1,1,1,1,1,S,0,0
SB24-0185,2023_2024,2024-RS,s. fenberg,Protections Mineral Interest Owners Forced Pooling,1,1,1,1,1,S,0,0
SB24-0186,2023_2024,2024-RS,j. marchman,County Coroner & Deputy Coroner Public Employees' Retirement Association Eligibility,1,1,1,1,1,S,0,0
SB24-0187,2023_2024,2024-RS,d. roberts,CSP Authority for Judicial Center & Judges,1,1,1,1,1,S,0,0
SB24-0188,2023_2024,2024-RS,r. zenzinger,Public School Finance,1,1,1,1,1,S,0,0
SB24-0189,2023_2024,2024-RS,r. fields,Gender-Related Bias-Motivated Crimes,1,1,1,1,1,S,0,0
SB24-0190,2023_2024,2024-RS,d. roberts,Rail & Coal Transition Community Economic Measures,1,1,1,1,1,S,1,0
SB24-0191,2023_2024,2024-RS,r. zenzinger,Host Homes for Youth,1,1,1,1,1,S,0,0
SB24-0192,2023_2024,2024-RS,d. michaelson jenet,Motor Vehicle Lemon Law,1,1,1,1,1,S,0,0
SB24-0193,2023_2024,2024-RS,j. danielson,Protect Tribal Lands from Unauthorized Annexation,1,1,1,1,1,S,0,0
SB24-0194,2023_2024,2024-RS,d. roberts,Special District Emergency Services Funding,1,1,1,1,1,S,0,0
SB24-0195,2023_2024,2024-RS,f. winter,Protect Vulnerable Road Users,1,1,1,1,1,S,0,0
SB24-0196,2023_2024,2024-RS,c. hansen,Procurement Source Selection Methods,1,1,0,0,0,S,0,0
SB24-0197,2023_2024,2024-RS,d. roberts,Water Conservation Measures,1,1,1,1,1,S,0,0
SB24-0198,2023_2024,2024-RS,s. fenberg,Regulated Natural Medicine Implementation,1,1,1,1,1,S,0,0
SB24-0199,2023_2024,2024-RS,d. roberts,Annual Species Conservation Trust Fund Projects,1,1,1,1,1,S,0,0
SB24-0200,2023_2024,2024-RS,d. michaelson jenet,"Equity, Diversity, & Inclusion in Child Welfare",1,1,1,1,1,S,0,0
SB24-0201,2023_2024,2024-RS,d. michaelson jenet,Increase Massage Therapy Education Program Hours,1,1,1,1,1,S,0,0
SB24-0202,2023_2024,2024-RS,r. fields,Assignment of Child Support Foster Youth,1,1,1,1,1,S,0,0
SB24-0203,2023_2024,2024-RS,j. ginal,Prescription Drug Board Consider Rare Disease Advisory Council,1,1,1,1,1,S,0,0
SB24-0204,2023_2024,2024-RS,j. ginal,Technical Revisions to Procurement Code,1,1,1,1,1,S,0,0
SB24-0205,2023_2024,2024-RS,r. rodriguez,Consumer Protections for Artificial Intelligence,1,1,1,1,1,S,1,0
SB24-0206,2023_2024,2024-RS,s. fenberg,Capitol Complex Renovation Fund,1,1,1,1,1,S,0,0
SB24-0207,2023_2024,2024-RS,s. fenberg,Access to Distributed Generation,1,1,1,1,1,S,0,0
SB24-0208,2023_2024,2024-RS,k. priola,Colorado Department of Labor and Employment Regulate Electricity for Electric Vehicles,1,1,1,0,0,S,0,0
SB24-0209,2023_2024,2024-RS,r. rodriguez,Pharmacy Practice Act,1,1,1,1,1,S,0,0
SB24-0210,2023_2024,2024-RS,s. fenberg,Modifications to Laws Regarding Elections,1,1,1,1,1,S,1,0
SB24-0211,2023_2024,2024-RS,n. hinrichsen,Adjustments to the Necessary Document Program,1,1,0,0,0,S,0,0
SB24-0212,2023_2024,2024-RS,c. hansen,Local Govs Renewable Energy Projects,1,1,1,1,1,S,0,0
SB24-0213,2023_2024,2024-RS,s. fenberg,Exempt Certain Structures from County Regulation,1,1,1,1,0,S,0,0
SB24-0214,2023_2024,2024-RS,c. hansen,Implement State Climate Goals,1,1,1,1,1,S,0,0
SB24-0215,2023_2024,2024-RS,r. zenzinger,Modify Effective Date of House Bill 24-1421,1,1,1,1,1,S,0,0
SB24-0216,2023_2024,2024-RS,l. cutter,Standards for Decisions Regarding Library Resources,1,1,1,1,1,S,0,0
SB24-0217,2023_2024,2024-RS,r. zenzinger,Office of Administrative Services for Independent Agencies,1,1,1,1,1,S,0,0
SB24-0218,2023_2024,2024-RS,c. hansen,Modernize Energy Distribution Systems,1,1,1,1,1,S,0,0
SB24-0219,2023_2024,2024-RS,b. kirkmeyer,Colorado Roadside & Outdoor Recreation Industry Enterprise,1,0,0,0,0,S,0,0
SB24-0220,2023_2024,2024-RS,r. pelton,Overweight & Oversize Motor Vehicle Permits,1,1,1,1,1,S,0,0
SB24-0221,2023_2024,2024-RS,d. roberts,Funding for Rural Health Care,1,1,1,1,1,S,0,0
SB24-0222,2023_2024,2024-RS,j. bridges,State Funding to Relocate Two State Entities,1,1,1,1,1,S,0,0
SB24-0223,2023_2024,2024-RS,s. fenberg,Licensing for Clinics That Provide Fertility Services,1,1,1,1,1,S,0,0
SB24-0224,2023_2024,2024-RS,j. bridges,Mitigate Future State Technology Debt,1,1,1,1,1,S,0,0
SB24-0225,2023_2024,2024-RS,j. marchman,Trauma-informed School Safety Drills,1,1,0,0,0,S,0,0
SB24-0226,2023_2024,2024-RS,s. fenberg,Modifications to College Kickstarter Account Program,1,1,1,1,1,S,0,0
SB24-0227,2023_2024,2024-RS,j. bridges,Automated External Defibrillators in Public School,1,1,1,1,1,S,0,0
SB24-0228,2023_2024,2024-RS,k. mullica,TABOR Refund Mechanisms,1,1,1,1,1,S,0,0
SB24-0229,2023_2024,2024-RS,f. winter,Ozone Mitigation Measures,1,1,1,1,1,S,1,0
SB24-0230,2023_2024,2024-RS,s. fenberg,Oil & Gas Production Fees,1,1,1,1,1,S,1,0
SB24-0231,2023_2024,2024-RS,r. rodriguez,Alcohol Beverage Liquor Advisory Group Recommendations,1,1,1,1,1,S,1,0
SB24-0232,2023_2024,2024-RS,r. rodriguez,Public Employees' Workplace Protections,1,1,1,1,1,S,0,0
SB24-0233,2023_2024,2024-RS,c. hansen,Property Tax,1,1,1,1,1,S,1,0
