bill_num,session,bill_type,primary_sponsors,title,purpose,cosponsors,introduced_by,bill_url,proposed_bill_pdf_url
HB-5001.HTM,2024,Raised Bill,Aging Committee,AN ACT SUPPORTING CONNECTICUT SENIORS AND THE IMPROVEMENT OF NURSING AND HOME-BASED CARE.,To support Connecticut seniors and the improvement of nursing and home-based care.,"Rep. Aimee Berger-Girvalo, 111th Dist.; Rep. Christine Palm, 36th Dist.; Rep. Jane M. Garibay, 60th Dist.; Rep. Mitch Bolinsky, 106th Dist.; Rep. Matthew Ritter, 1st Dist.; Rep. Dominique Johnson, 143rd Dist.; Rep. Julio A. Concepcion, 4th Dist.; Rep. Jeff Currey, 11th Dist.; Rep. Michael D'Agostino, 91st Dist.; Rep. Christopher Rosario, 128th Dist.; Rep. Gary A. Turco, 27th Dist.; Rep. Eleni Kavros DeGraw, 17th Dist.; Rep. Jason Rojas, 9th Dist.; Rep. Geraldo C. Reyes, 75th Dist.; Rep. Bobby G. Gibson, 15th Dist.; Rep. Bob Godfrey, 110th Dist.; Rep. Josh Elliott, 88th Dist.; Rep. Michelle L. Cook, 65th Dist.; Rep. Anne M. Hughes, 135th Dist.; Rep. Gregory Haddad, 54th Dist.; Rep. Mike Demicco, 21st Dist.; Rep. Travis Simms, 140th Dist.; Rep. Lucy Dathan, 142nd Dist.; Rep. Kate Farrar, 20th Dist.; Rep. Rachel Khanna, 149th Dist.; Rep. Kevin Brown, 56th Dist.; Rep. Corey P. Paris, 145th Dist.; Rep. Mary Welander, 114th Dist.; Rep. Amy Morrin Bello, 28th Dist.; Sen. Jan Hochadel, 13th Dist.; Rep. David Michel, 146th Dist.; Rep. Kadeem Roberts, 137th Dist.; Rep. Juan R. Candelaria, 95th Dist.; Rep. Geoff Luxenberg, 12th Dist.; Rep. James Sanchez, 6th Dist.; Rep. Hector Arzeno, 151st Dist.; Rep. Matt Blumenthal, 147th Dist.; Rep. Sarah Keitt, 134th Dist.; Rep. Anthony L. Nolan, 39th Dist.; Rep. Fred Gee, 126th Dist.; Rep. Jason Doucette, 13th Dist.; Rep. Christopher Poulos, 81st Dist.; Rep. Brandon Chafee, 33rd Dist.; Rep. John-Michael Parker, 101st Dist.; Rep. Hubert D. Delany, 144th Dist.; Rep. Farley Santos, 109th Dist.; Rep. Jaime S. Foster, 57th Dist.; Rep. Kara Rochelle, 104th Dist.; Rep. Patricia A. Dillon, 92nd Dist.; Rep. Frank Smith, 118th Dist.; Rep. Emmanuel Sanchez, 24th Dist.; Rep. Aundre Bumgardner, 41st Dist.; Rep. Tom Delnicki, 14th Dist.; Rep. Anabel D. Figueroa, 148th Dist.; Sen. Julie Kushner, 24th Dist.; Sen. Tony Hwang, 28th Dist.; Rep. Robin E. Comey, 102nd Dist.; Rep. Jonathan Steinberg, 136th Dist.; Rep. Christie M. Carpino, 32nd Dist.; Rep. Andre F. Baker, 124th Dist.; Rep. Hilda E. Santiago, 84th Dist.; Rep. Henry J. Genga, 10th Dist.; Rep. Ben McGorty, 122nd Dist.; Rep. Tammy Nuccio, 53rd Dist.; Rep. Tami Zawistowski, 61st Dist.; Rep. Jonathan Fazzino, 83rd Dist.; Rep. Derell Wilson, 46th Dist.; Sen. Kevin C. Kelly, 21st Dist.; Rep. Chris Aniskovich, 35th Dist.; Rep. Irene M. Haines, 34th Dist.; Rep. Donna Veach, 30th Dist.; Rep. Devin R. Carney, 23rd Dist.; Sen. Patricia Billie Miller, 27th Dist.; Rep. Martin Foncello, 107th Dist.; Rep. Joseph H. Zullo, 99th Dist.; Rep. Tracy Marra, 141st Dist.; Sen. Paul Cicarella, 34th Dist.; Sen. Lisa Seminara, 8th Dist.; Rep. Kathleen M. McCarty, 38th Dist.; Sen. Jeff Gordon, 35th Dist.",(AGE),ftp://ftp.cga.ct.gov/2024/cbs/h/HB-5001.HTM,https://www.cga.ct.gov/2024/TOB/h/pdf/2024HB-05001-R00-HB.pdf
HB-5002.HTM,2024,Raised Bill,"Finance, Revenue and Bonding Committee",AN ACT CONCERNING EARLY CHILDHOOD CARE AND EDUCATION.,"To establish (1) the Early Childhood Care and Education Fund and advisory commission and specify funding for said fund, (2) a Tri-Share Child Care Matching Program in New London County, and (3) for the fiscal year ending June 30, 2025, a wage supplement and child care program enhancement grant program.","Rep. Jason Doucette, 13th Dist.; Rep. Brandon Chafee, 33rd Dist.; Rep. John-Michael Parker, 101st Dist.; Rep. Hubert D. Delany, 144th Dist.; Rep. Geraldo C. Reyes, 75th Dist.; Rep. Farley Santos, 109th Dist.; Rep. Kate Farrar, 20th Dist.; Rep. Julio A. Concepcion, 4th Dist.; Rep. Fred Gee, 126th Dist.; Rep. Marcus Brown, 127th Dist.; Rep. Mary M. Mushinsky, 85th Dist.; Rep. Aundre Bumgardner, 41st Dist.; Rep. Travis Simms, 140th Dist.; Rep. Roland J. Lemar, 96th Dist.; Rep. James Sanchez, 6th Dist.; Rep. Rachel Khanna, 149th Dist.; Rep. Amy Morrin Bello, 28th Dist.; Rep. David Michel, 146th Dist.; Rep. Susan M. Johnson, 49th Dist.; Rep. Dominique Johnson, 143rd Dist.; Rep. Kara Rochelle, 104th Dist.; Rep. Robin E. Comey, 102nd Dist.; Rep. Aimee Berger-Girvalo, 111th Dist.; Rep. Eleni Kavros DeGraw, 17th Dist.; Rep. Hector Arzeno, 151st Dist.; Rep. Emmanuel Sanchez, 24th Dist.; Rep. Bobby G. Gibson, 15th Dist.; Sen. Julie Kushner, 24th Dist.; Sen. Jorge Cabrera, 17th Dist.; Rep. Kevin Brown, 56th Dist.; Rep. Patricia A. Dillon, 92nd Dist.; Rep. Mary Welander, 114th Dist.; Rep. Dave W. Yaccarino, 87th Dist.; Rep. Christine Conley, 40th Dist.; Rep. Bob Godfrey, 110th Dist.; Rep. Peter A. Tercyak, 26th Dist.; Rep. Kai J. Belton, 100th Dist.; Rep. Irene M. Haines, 34th Dist.; Rep. Tom Delnicki, 14th Dist.; Rep. Anabel D. Figueroa, 148th Dist.; Rep. Hilda E. Santiago, 84th Dist.; Rep. Rachel Chaleski, 138th Dist.; Rep. Kathleen M. McCarty, 38th Dist.; Rep. Corey P. Paris, 145th Dist.; Sen. Christine Cohen, 12th Dist.; Sen. Saud Anwar, 3rd Dist.; Rep. Jonathan Fazzino, 83rd Dist.; Rep. Derell Wilson, 46th Dist.; Rep. Kevin Ryan, 139th Dist.; Sen. James J. Maroney, 14th Dist.; Rep. Henry J. Genga, 10th Dist.; Sen. Martha Marx, 20th Dist.; Sen. Heather S. Somers, 18th Dist.; Rep. Devin R. Carney, 23rd Dist.; Sen. Patricia Billie Miller, 27th Dist.; Sen. Kevin C. Kelly, 21st Dist.; Rep. Martin Foncello, 107th Dist.; Rep. Donna Veach, 30th Dist.; Rep. Tracy Marra, 141st Dist.; Sen. John A. Kissel, 7th Dist.; Sen. Paul Cicarella, 34th Dist.; Rep. Matt Blumenthal, 147th Dist.; Rep. Holly H. Cheeseman, 37th Dist.; Sen. Lisa Seminara, 8th Dist.; Sen. Eric C. Berthel, 32nd Dist.; Sen. Jeff Gordon, 35th Dist.",(FIN),ftp://ftp.cga.ct.gov/2024/cbs/h/HB-5002.HTM,https://www.cga.ct.gov/2024/TOB/h/pdf/2024HB-05002-R00-HB.pdf
HB-5003.HTM,2024,Raised Bill,Public Health Committee,AN ACT CONCERNING CHILD AND FAMILY NUTRITION.,To ensure that children and families have increased access to all available nutrition programs in the state.,"Rep. Jaime S. Foster, 57th Dist.; Sen. Saud Anwar, 3rd Dist.; Rep. Christine Palm, 36th Dist.; Rep. Kathy Kennedy, 119th Dist.; Rep. Rachel Khanna, 149th Dist.; Rep. Gary A. Turco, 27th Dist.; Rep. Kevin Ryan, 139th Dist.; Rep. Christopher Rosario, 128th Dist.; Rep. Dominique Johnson, 143rd Dist.; Rep. Brandon Chafee, 33rd Dist.; Rep. John-Michael Parker, 101st Dist.; Rep. Hubert D. Delany, 144th Dist.; Rep. Geraldo C. Reyes, 75th Dist.; Rep. Farley Santos, 109th Dist.; Rep. James Sanchez, 6th Dist.; Rep. Amy Morrin Bello, 28th Dist.; Rep. Kara Rochelle, 104th Dist.; Rep. Patricia A. Dillon, 92nd Dist.; Rep. Aimee Berger-Girvalo, 111th Dist.; Rep. Aundre Bumgardner, 41st Dist.; Rep. Julio A. Concepcion, 4th Dist.; Rep. Hector Arzeno, 151st Dist.; Rep. Devin R. Carney, 23rd Dist.; Rep. Anthony L. Nolan, 39th Dist.; Rep. Lucy Dathan, 142nd Dist.; Rep. Bobby G. Gibson, 15th Dist.; Rep. Christine Conley, 40th Dist.; Rep. William Pizzuto, 71st Dist.; Rep. Holly H. Cheeseman, 37th Dist.; Rep. Hilda E. Santiago, 84th Dist.; Rep. Bob Godfrey, 110th Dist.; Rep. Rachel Chaleski, 138th Dist.; Rep. Tammy R. Exum, 19th Dist.; Rep. Tammy Nuccio, 53rd Dist.; Rep. Kai J. Belton, 100th Dist.; Rep. Roland J. Lemar, 96th Dist.; Rep. Anabel D. Figueroa, 148th Dist.; Rep. David Michel, 146th Dist.; Rep. Kate Farrar, 20th Dist.; Sen. Heather S. Somers, 18th Dist.; Rep. Martin Foncello, 107th Dist.; Rep. Tom Delnicki, 14th Dist.; Rep. Donna Veach, 30th Dist.; Rep. Robin E. Comey, 102nd Dist.; Sen. Matthew L. Lesser, 9th Dist.; Sen. Patricia Billie Miller, 27th Dist.; Sen. John A. Kissel, 7th Dist.; Rep. Kathleen M. McCarty, 38th Dist.; Sen. Lisa Seminara, 8th Dist.; Sen. Paul Cicarella, 34th Dist.; Sen. Eric C. Berthel, 32nd Dist.; ",(PH),ftp://ftp.cga.ct.gov/2024/cbs/h/HB-5003.HTM,https://www.cga.ct.gov/2024/TOB/h/pdf/2024HB-05003-R00-HB.pdf
HB-5004.HTM,2024,Raised Bill,Environment Committee,AN ACT CONCERNING THE IMPLEMENTATION OF CERTAIN CLIMATE CHANGE MEASURES.,"To implement certain measures relating to climate change including advancing and implementing the state's goals for the reduction of greenhouse gas emissions, the phasing out of the use of natural gas, investment in renewable energy and green economy startup businesses, incentivizing sustainable purchasing by local governments and the enhancement of nature-based solutions to mitigate climate change.","Rep. Aundre Bumgardner, 41st Dist.; Rep. Brandon Chafee, 33rd Dist.; Rep. Anne M. Hughes, 135th Dist.; Rep. David Michel, 146th Dist.; Rep. Jennifer Leeper, 132nd Dist.; Rep. Eleni Kavros DeGraw, 17th Dist.; Rep. Aimee Berger-Girvalo, 111th Dist.; Rep. Lucy Dathan, 142nd Dist.; Rep. Sarah Keitt, 134th Dist.; Sen. Julie Kushner, 24th Dist.; Rep. Mary M. Mushinsky, 85th Dist.; Rep. Christine Palm, 36th Dist.; Rep. Jane M. Garibay, 60th Dist.; Rep. Jillian Gilchrest, 18th Dist.; Rep. Josh Elliott, 88th Dist.; Rep. Frank Smith, 118th Dist.; Rep. Joseph P. Gresko, 121st Dist.; Rep. Geraldo C. Reyes, 75th Dist.; Rep. Mike Demicco, 21st Dist.; Rep. Gary A. Turco, 27th Dist.; Rep. Keith Denning, 42nd Dist.; Rep. Kate Farrar, 20th Dist.; Rep. Rachel Khanna, 149th Dist.; Rep. Kerry S. Wood, 29th Dist.; Sen. Christine Cohen, 12th Dist.; Sen. Ceci Maher, 26th Dist.; Rep. Dominique Johnson, 143rd Dist.; Rep. Corey P. Paris, 145th Dist.; Rep. Amy Morrin Bello, 28th Dist.; Sen. Saud Anwar, 3rd Dist.; Sen. Jan Hochadel, 13th Dist.; Rep. Moira Rader, 98th Dist.; Rep. Jason Doucette, 13th Dist.; Rep. Maria P. Horn, 64th Dist.; Rep. Susan M. Johnson, 49th Dist.; Rep. Robyn A. Porter, 94th Dist.; Sen. MD Rahman, 4th Dist.; Sen. Martha Marx, 20th Dist.; Sen. Derek Slap, 5th Dist.; Rep. Hector Arzeno, 151st Dist.; Rep. Cristin McCarthy Vahey, 133rd Dist.; Rep. Anthony L. Nolan, 39th Dist.; Rep. Julio A. Concepcion, 4th Dist.; Rep. Kevin Ryan, 139th Dist.; Rep. Kadeem Roberts, 137th Dist.; Rep. Christopher Rosario, 128th Dist.; Rep. Gregory Haddad, 54th Dist.; Rep. John-Michael Parker, 101st Dist.; Rep. Hubert D. Delany, 144th Dist.; Rep. Larry B. Butler, 72nd Dist.; Rep. Bobby G. Gibson, 15th Dist.; Sen. Patricia Billie Miller, 27th Dist.; Rep. James Sanchez, 6th Dist.; Rep. Christine Conley, 40th Dist.; Rep. Roland J. Lemar, 96th Dist.; Sen. Jorge Cabrera, 17th Dist.; Rep. Raghib Allie-Brennan, 2nd Dist.; Rep. Robin E. Comey, 102nd Dist.; Rep. Jonathan Steinberg, 136th Dist.; Rep. Emmanuel Sanchez, 24th Dist.; Sen. Matthew L. Lesser, 9th Dist.; Sen. Gary A. Winfield, 10th Dist.; Rep. Derell Wilson, 46th Dist.; Rep. Patricia A. Dillon, 92nd Dist.; Rep. Hilda E. Santiago, 84th Dist.; Rep. Mary Fortier, 79th Dist.; Rep. Juan R. Candelaria, 95th Dist.; Rep. Geoff Luxenberg, 12th Dist.; Rep. Tammy R. Exum, 19th Dist.; Rep. Anabel D. Figueroa, 148th Dist.; Sen. Douglas McCrory, 2nd Dist.; ",(ENV),ftp://ftp.cga.ct.gov/2024/cbs/h/HB-5004.HTM,https://www.cga.ct.gov/2024/TOB/h/pdf/2024HB-05004-R00-HB.pdf
HB-5005.HTM,2024,Raised Bill,Labor and Public Employees Committee,AN ACT EXPANDING PAID SICK DAYS IN THE STATE.,To require the Labor Commissioner to study the state's paid sick day statutes.,"Rep. Aimee Berger-Girvalo, 111th Dist.; Rep. Christine Palm, 36th Dist.; Rep. Brandon Chafee, 33rd Dist.; Rep. Hubert D. Delany, 144th Dist.; Rep. Farley Santos, 109th Dist.; Rep. James Sanchez, 6th Dist.; Rep. Antonio Felipe, 130th Dist.; Rep. Anthony L. Nolan, 39th Dist.; Rep. Josh Elliott, 88th Dist.; Rep. Larry B. Butler, 72nd Dist.; Rep. Mary M. Mushinsky, 85th Dist.; Rep. Eleni Kavros DeGraw, 17th Dist.; Sen. Patricia Billie Miller, 27th Dist.; Rep. Kadeem Roberts, 137th Dist.; Rep. Corey P. Paris, 145th Dist.; Rep. Kate Farrar, 20th Dist.; Rep. Christopher Rosario, 128th Dist.; Rep. Robert Sanchez, 25th Dist.; Rep. Joshua M. Hall, 7th Dist.; Rep. Emmanuel Sanchez, 24th Dist.; Rep. Anabel D. Figueroa, 148th Dist.; Rep. Trenee McGee, 116th Dist.; Rep. Aundre Bumgardner, 41st Dist.; Rep. Kevin Brown, 56th Dist.; Rep. Minnie Gonzalez, 3rd Dist.; Rep. Geraldo C. Reyes, 75th Dist.; Rep. Bob Godfrey, 110th Dist.; Rep. Hilda E. Santiago, 84th Dist.; Sen. Julie Kushner, 24th Dist.; Rep. Roland J. Lemar, 96th Dist.; Sen. Jorge Cabrera, 17th Dist.; Rep. Matt Blumenthal, 147th Dist.; Rep. Maryam Khan, 5th Dist.; Sen. Matthew L. Lesser, 9th Dist.; Rep. David Michel, 146th Dist.; ",(LAB),ftp://ftp.cga.ct.gov/2024/cbs/h/HB-5005.HTM,https://www.cga.ct.gov/2024/TOB/h/pdf/2024HB-05005-R00-HB.pdf
HB-5006.HTM,2024,Proposed Bill,"REP. CHRISTINE CONLEY, 40th DIST.SEN. CATHERINE A. OSTEN, 19th DIST.REP. ANTHONY L. NOLAN, 39th DIST.REP. DERELL WILSON, 46th DIST.REP. AUNDRE BUMGARDNER, 41st DIST.",AN ACT RESTORING FUNDING TO THE SHORE LINE EAST RAIL LINE.,To restore funding to the Shore Line East rail line.,"Sen. Martha Marx, 20th Dist.; Rep. Kathleen M. McCarty, 38th Dist.; Sen. Heather S. Somers, 18th Dist.; Rep. Moira Rader, 98th Dist.; Sen. Christine Cohen, 12th Dist.; Rep. Christine Palm, 36th Dist.; Rep. Greg S. Howard, 43rd Dist.; Rep. Robin E. Comey, 102nd Dist.; Rep. Devin R. Carney, 23rd Dist.; Sen. Herron Gaston, 23rd Dist.","REP. CONLEY, 40th Dist. ; SEN. OSTEN, 19th Dist. ; REP. NOLAN, 39th Dist. ; REP. WILSON, 46th Dist. ; REP. BUMGARDNER, 41st Dist.",ftp://ftp.cga.ct.gov/2024/cbs/h/HB-5006.HTM,https://www.cga.ct.gov/2024/TOB/h/pdf/2024HB-05006-R00-HB.pdf
HB-5007.HTM,2024,Proposed Bill,"REP. HOLLY H. CHEESEMAN, 37th DIST.",AN ACT CONCERNING THE TRANSPORTATION ALLOWANCE FOR MEMBERS AND MEMBERS-ELECT OF THE GENERAL ASSEMBLY.,To restrict mileage reimbursement to legislators who drive to work and prohibit legislators who are passengers from collecting the reimbursement.,"Rep. Craig C. Fishbein, 90th Dist.; ","REP. CHEESEMAN, 37th Dist.",ftp://ftp.cga.ct.gov/2024/cbs/h/HB-5007.HTM,https://www.cga.ct.gov/2024/TOB/h/pdf/2024HB-05007-R00-HB.pdf
HB-5008.HTM,2024,Proposed Bill,"REP. GARY A. TURCO, 27th DIST.REP. MOIRA RADER, 98th DIST.REP. AMY MORRIN BELLO, 28th DIST.REP. ANABEL D. FIGUEROA, 148th DIST.REP. ANNE M. HUGHES, 135th DIST.REP. ANTHONY L. NOLAN, 39th DIST.REP. AUNDRE BUMGARDNER, 41st DIST.REP. BOB GODFREY, 110th DIST.REP. BOBBY G. GIBSON, 15th DIST.REP. ROBERT SANCHEZ, 25th DIST.REP. BRANDON CHAFEE, 33rd DIST.REP. CAROL HALL, 59th DIST.REP. CHRIS ANISKOVICH, 35th DIST.REP. CHRISTINE CONLEY, 40th DIST.REP. DOMINIQUE JOHNSON, 143rd DIST.REP. ELENI KAVROS DEGRAW, 17th DIST.REP. FARLEY SANTOS, 109th DIST.REP. FRED GEE, 126th DIST.REP. GERALDO C. REYES, 75th DIST.REP. HECTOR ARZENO, 151st DIST.REP. JAMES SANCHEZ, 6th DIST.REP. JAIME S. FOSTER, 57th DIST.REP. JANE M. GARIBAY, 60th DIST.REP. JASON DOUCETTE, 13th DIST.REP. JILLIAN GILCHREST, 18th DIST.REP. JOHN-MICHAEL PARKER, 101st DIST.REP. JOSH ELLIOTT, 88th DIST.REP. JUAN R. CANDELARIA, 95th DIST.REP. KATE FARRAR, 20th DIST.REP. KEITH DENNING, 42nd DIST.REP. KEVIN BROWN, 56th DIST.REP. MARY WELANDER, 114th DIST.REP. MATT BLUMENTHAL, 147th DIST.REP. DAVID MICHEL, 146th DIST.REP. MIKE DEMICCO, 21st DIST.REP. MINNIE GONZALEZ, 3rd DIST.REP. RACHEL KHANNA, 149th DIST.REP. ROBIN E. COMEY, 102nd DIST.REP. SARAH KEITT, 134th DIST.REP. SUSAN M. JOHNSON, 49th DIST.REP. TOM ARNONE, 58th DIST.SEN. CECI MAHER, 26th DIST.SEN. CHRISTINE COHEN, 12th DIST.SEN. DEREK SLAP, 5th DIST.SEN. JULIE KUSHNER, 24th DIST.SEN. MATTHEW L. LESSER, 9th DIST.SEN. NORMAN NEEDLEMAN, 33rd DIST.SEN. SAUD ANWAR, 3rd DIST.",AN ACT CONCERNING FUNDING FOR SCHOOL BREAKFAST AND LUNCH.,To provide funds to reimburse the school food authorities for the difference between the federal reimbursement rate for reduced-price and fully-paid school breakfast and lunch program meals.,"Sen. Gary A. Winfield, 10th Dist.; Rep. Hubert D. Delany, 144th Dist.; Rep. Trenee McGee, 116th Dist.; Rep. Christine Palm, 36th Dist.; Sen. Herron Gaston, 23rd Dist.; Rep. Travis Simms, 140th Dist.; Rep. Roland J. Lemar, 96th Dist.; ","REP. TURCO, 27th Dist. ; REP. RADER, 98th Dist. ; REP. MORRIN BELLO, 28th Dist. ; REP. FIGUEROA, 148th Dist. ; REP. HUGHES, 135th Dist. ; REP. NOLAN, 39th Dist. ; REP. BUMGARDNER, 41st Dist. ; REP. GODFREY, 110th Dist. ; REP. GIBSON, 15th Dist. ; REP. SANCHEZ R., 25th Dist. ; REP. CHAFEE, 33rd Dist. ; REP. HALL C., 59th Dist. ; REP. ANISKOVICH, 35th Dist. ; REP. CONLEY, 40th Dist. ; REP. JOHNSON, 143rd Dist. ; REP. KAVROS DEGRAW, 17th Dist. ; REP. SANTOS, 109th Dist. ; REP. GEE, 126th Dist. ; REP. REYES, 75th Dist. ; REP. ARZENO, 151st Dist. ; REP. SANCHEZ, 6th Dist. ; REP. FOSTER, 57th Dist. ; REP. GARIBAY, 60th Dist. ; REP. DOUCETTE, 13th Dist. ; REP. GILCHREST, 18th Dist. ; REP. PARKER, 101st Dist. ; REP. ELLIOTT, 88th Dist. ; REP. CANDELARIA J., 95th Dist. ; REP. FARRAR K., 20th Dist. ; REP. DENNING, 42nd Dist. ; REP. BROWN, 56th Dist. ; REP. WELANDER, 114th Dist. ; REP. BLUMENTHAL, 147th Dist. ; REP. MICHEL, 146th Dist. ; REP. DEMICCO, 21st Dist. ; REP. GONZALEZ, 3rd Dist. ; REP. KHANNA, 149th Dist. ; REP. COMEY, 102nd Dist. ; REP. KEITT, 134th Dist. ; REP. JOHNSON, 49th Dist. ; REP. ARNONE, 58th Dist. ; SEN. MAHER, 26th Dist. ; SEN. COHEN, 12th Dist. ; SEN. SLAP, 5th Dist. ; SEN. KUSH NER, 24th Dist. ; SEN. LESSER, 9th Dist. ; SEN. NEEDLEMAN, 33rd Dist. ; SEN. ANWAR, 3rd Dist.",ftp://ftp.cga.ct.gov/2024/cbs/h/HB-5008.HTM,https://www.cga.ct.gov/2024/TOB/h/pdf/2024HB-05008-R00-HB.pdf
HB-5009.HTM,2024,Proposed Bill,"REP. PATRICIA A. DILLON, 92nd DIST.REP. JUAN R. CANDELARIA, 95th DIST.REP. ALPHONSE PAOLILLO, 97th DIST.",AN ACT CONCERNING FUNDING FOR JUNTA FOR PROGRESSIVE ACTION IN NEW HAVEN.,To provide a grant-in-aid to Junta for Progressive Action to support students at public institutions of higher education in completing financial aid applications and preventing dropouts.,"Sen. Gary A. Winfield, 10th Dist.; Rep. Roland J. Lemar, 96th Dist.","REP. DILLON, 92nd Dist. ; REP. CANDELARIA J., 95th Dist. ; REP. PAOLILLO A., 97th Dist.",ftp://ftp.cga.ct.gov/2024/cbs/h/HB-5009.HTM,https://www.cga.ct.gov/2024/TOB/h/pdf/2024HB-05009-R00-HB.pdf
HB-5010.HTM,2024,Proposed Bill,"REP. ELENI KAVROS DEGRAW, 17th DIST.REP. DAVID RUTIGLIANO, 123rd DIST.REP. GARY A. TURCO, 27th DIST.SEN. DEREK SLAP, 5th DIST.SEN. MARILYN V. MOORE, 22nd DIST.REP. MIKE DEMICCO, 21st DIST.REP. JAIME S. FOSTER, 57th DIST.REP. AMY MORRIN BELLO, 28th DIST.",AN ACT CONCERNING A STATE SUBSIDY FOR RETIRED TEACHERS' HEALTH INSURANCE BENEFITS.,To restore the one-third state subsidy to retired teachers enrolled in the Teachers' Retirement Board Medicare supplement health insurance package.,"Sen. Saud Anwar, 3rd Dist.; Rep. Tami Zawistowski, 61st Dist.; Rep. Tom Delnicki, 14th Dist.; Rep. Jason Doucette, 13th Dist.; Rep. Anne M. Hughes, 135th Dist.; Rep. Ronald A. Napoli, 73rd Dist.; Rep. Travis Simms, 140th Dist.; Rep. Mary M. Mushinsky, 85th Dist.; Rep. Bobby G. Gibson, 15th Dist.; Rep. Kara Rochelle, 104th Dist.; Rep. Anthony L. Nolan, 39th Dist.; Rep. Michael DiGiovancarlo, 74th Dist.; Rep. Josh Elliott, 88th Dist.; Rep. Susan M. Johnson, 49th Dist.; Sen. Paul Cicarella, 34th Dist.; Sen. MD Rahman, 4th Dist.; Rep. Melissa Osborne, 16th Dist.; Sen. Julie Kushner, 24th Dist.; Rep. Christine Palm, 36th Dist.; Sen. Matthew L. Lesser, 9th Dist.; Rep. Jill Barry, 31st Dist.; Sen. Martha Marx, 20th Dist.; Sen. Jan Hochadel, 13th Dist.; Rep. Lucy Dathan, 142nd Dist.; Rep. Aimee Berger-Girvalo, 111th Dist.; Rep. Robyn A. Porter, 94th Dist.; Rep. Kate Farrar, 20th Dist.; Rep. Michael D'Agostino, 91st Dist.; Sen. Herron Gaston, 23rd Dist.; Rep. Hubert D. Delany, 144th Dist.; Rep. David Michel, 146th Dist.; Rep. Jane M. Garibay, 60th Dist.","REP. KAVROS DEGRAW, 17th Dist. ; REP. RUTIGLIANO, 123rd Dist. ; REP. TURCO, 27th Dist. ; SEN. SLAP, 5th Dist. SEN. MOORE, 22nd Dist. ; REP. DEMICCO, 21st Dist. ; REP. FOSTER, 57th Dist. ; REP. MORRIN BELLO, 28th Dist.",ftp://ftp.cga.ct.gov/2024/cbs/h/HB-5010.HTM,https://www.cga.ct.gov/2024/TOB/h/pdf/2024HB-05010-R00-HB.pdf
HB-5011.HTM,2024,Proposed Bill,"REP. ELENI KAVROS DEGRAW, 17th DIST.SEN. HENRI MARTIN, 31st DIST.",AN ACT CONCERNING FUNDING FOR NUTRITION ASSISTANCE.,To provide funding for the Connecticut Nutrition Assistance Program.,"Rep. Jason Doucette, 13th Dist.; Rep. Julio A. Concepcion, 4th Dist.; Rep. Gary A. Turco, 27th Dist.; Sen. Norman Needleman, 33rd Dist.; Rep. Jonathan Fazzino, 83rd Dist.; Rep. Aimee Berger-Girvalo, 111th Dist.; Rep. Emmanuel Sanchez, 24th Dist.; Rep. Mary Welander, 114th Dist.; Rep. Geraldo C. Reyes, 75th Dist.; Sen. Paul Cicarella, 34th Dist.; Rep. Mike Demicco, 21st Dist.; Sen. Derek Slap, 5th Dist.; Rep. Joseph P. Gresko, 121st Dist.; Sen. Saud Anwar, 3rd Dist.; Rep. Corey P. Paris, 145th Dist.; Rep. Anne M. Hughes, 135th Dist.; Rep. Geoff Luxenberg, 12th Dist.; Sen. Gary A. Winfield, 10th Dist.; Rep. Peter A. Tercyak, 26th Dist.; Rep. Derell Wilson, 46th Dist.; Rep. Sarah Keitt, 134th Dist.; Sen. MD Rahman, 4th Dist.; Rep. Amy Morrin Bello, 28th Dist.; Sen. Jeff Gordon, 35th Dist.; Rep. Kevin Brown, 56th Dist.; Sen. Rick Lopes, 6th Dist.; Rep. Anthony L. Nolan, 39th Dist.; Rep. Dominique Johnson, 143rd Dist.; Rep. Aundre Bumgardner, 41st Dist.; Sen. John A. Kissel, 7th Dist.; Rep. Kevin Ryan, 139th Dist.; Rep. James Sanchez, 6th Dist.; Rep. Michelle L. Cook, 65th Dist.; Rep. Christine Conley, 40th Dist.; Sen. Julie Kushner, 24th Dist.; Rep. Christine Palm, 36th Dist.; Rep. Kerry S. Wood, 29th Dist.; Rep. Lucy Dathan, 142nd Dist.; Sen. Ceci Maher, 26th Dist.; Rep. Devin R. Carney, 23rd Dist.; Rep. David Michel, 146th Dist.; Rep. Tom Delnicki, 14th Dist.; Rep. Josh Elliott, 88th Dist.; Sen. Lisa Seminara, 8th Dist.; Rep. Jane M. Garibay, 60th Dist.; Rep. Moira Rader, 98th Dist.; Rep. Robin E. Comey, 102nd Dist.; Rep. Melissa Osborne, 16th Dist.; Rep. Farley Santos, 109th Dist.; Rep. Joe Hoxha, 78th Dist.; Rep. Alphonse Paolillo, 97th Dist.; Rep. Christopher Poulos, 81st Dist.; Rep. Hector Arzeno, 151st Dist.; Rep. Rachel Khanna, 149th Dist.; Rep. William Heffernan, 115th Dist.; Rep. Travis Simms, 140th Dist.","REP. KAVROS DEGRAW, 17th Dist. ; SEN. MARTIN, 31st Dist.",ftp://ftp.cga.ct.gov/2024/cbs/h/HB-5011.HTM,https://www.cga.ct.gov/2024/TOB/h/pdf/2024HB-05011-R00-HB.pdf
HB-5012.HTM,2024,Proposed Bill,"REP. GARY A. TURCO, 27th DIST.REP. EMMANUEL SANCHEZ, 24th DIST.REP. ROBERT SANCHEZ, 25th DIST.REP. PETER A. TERCYAK, 26th DIST.SEN. RICK LOPES, 6th DIST.REP. KAI J. BELTON, 100th DIST.REP. MIKE DEMICCO, 21st DIST.REP. MINNIE GONZALEZ, 3rd DIST.",AN ACT CONCERNING FUNDING FOR IN-PATIENT ADDICTION TREATMENT PROVIDERS THAT COVERS ROOM AND BOARD COSTS.,To include room and board payments to in-patient substance abuse health care providers.,"Rep. David Michel, 146th Dist.; Sen. Saud Anwar, 3rd Dist.; Rep. Anthony L. Nolan, 39th Dist.; Sen. Herron Gaston, 23rd Dist.","REP. TURCO, 27th Dist. ; REP. SANCHEZ E., 24th Dist. ; REP. SANCHEZ R., 25th Dist. ; REP. TERCYAK, 26th Dist. SEN. LOPES, 6th Dist. ; REP. BELTON, 100th Dist. ; REP. DEMICCO, 21st Dist. ; REP. GONZALEZ, 3rd Dist.",ftp://ftp.cga.ct.gov/2024/cbs/h/HB-5012.HTM,https://www.cga.ct.gov/2024/TOB/h/pdf/2024HB-05012-R00-HB.pdf
HB-5013.HTM,2024,Proposed Bill,"REP. PATRICIA A. DILLON, 92nd DIST.REP. JUAN R. CANDELARIA, 95th DIST.REP. ALPHONSE PAOLILLO, 97th DIST.",AN ACT CONCERNING A GRANT-IN-AID TO NEW HAVEN SCHOLARSHIP FUND.,To support access to higher education.,"Sen. Gary A. Winfield, 10th Dist.; Rep. Roland J. Lemar, 96th Dist.","REP. DILLON, 92nd Dist. ; REP. CANDELARIA J., 95th Dist. ; REP. PAOLILLO A., 97th Dist.",ftp://ftp.cga.ct.gov/2024/cbs/h/HB-5013.HTM,https://www.cga.ct.gov/2024/TOB/h/pdf/2024HB-05013-R00-HB.pdf
HB-5014.HTM,2024,Proposed Bill,"REP. PATRICIA A. DILLON, 92nd DIST.SEN. GARY A. WINFIELD, 10th DIST.",AN ACT CONCERNING A GRANT-IN-AID TO WESTVILLE VILLAGE RENAISSANCE ALLIANCE IN NEW HAVEN.,To provide economic development and job retention in New Haven.,,"REP. DILLON, 92nd Dist. ; SEN. WINFIELD, 10th Dist.",ftp://ftp.cga.ct.gov/2024/cbs/h/HB-5014.HTM,https://www.cga.ct.gov/2024/TOB/h/pdf/2024HB-05014-R00-HB.pdf
HB-5015.HTM,2024,Proposed Bill,"REP. CHRISTINE CONLEY, 40th DIST.REP. ANTHONY L. NOLAN, 39th DIST.SEN. MARTHA MARX, 20th DIST.",AN ACT AUTHORIZING BONDS OF THE STATE FOR EXPANDING A CERTAIN PARKING GARAGE IN NEW LONDON.,To provide funding for the expansion of the Water Street Parking Garage in the city of New London.,,"REP. CONLEY, 40th Dist. ; REP. NOLAN, 39th Dist. ; SEN. MARX, 20th Dist.",ftp://ftp.cga.ct.gov/2024/cbs/h/HB-5015.HTM,https://www.cga.ct.gov/2024/TOB/h/pdf/2024HB-05015-R00-HB.pdf
HB-5016.HTM,2024,Proposed Bill,"REP. GARY A. TURCO, 27th DIST.",AN ACT CONCERNING A CREDIT AGAINST THE PERSONAL INCOME TAX FOR LICENSING FEES PAID BY CONNECTICUT-LICENSED SOCIAL WORKERS.,To establish a credit against the personal income tax for Connecticut-licensed social workers in an amount equal to the amount of any licensing fee paid to the state.,"Rep. David Michel, 146th Dist.; ","REP. TURCO, 27th Dist.",ftp://ftp.cga.ct.gov/2024/cbs/h/HB-5016.HTM,https://www.cga.ct.gov/2024/TOB/h/pdf/2024HB-05016-R00-HB.pdf
HB-5017.HTM,2024,Proposed Bill,"REP. GARY A. TURCO, 27th DIST.",AN ACT CONCERNING A CREDIT AGAINST THE PERSONAL INCOME TAX FOR MUNICIPAL VOLUNTEER FIREFIGHTERS AND MUNICIPAL VOLUNTEER EMERGENCY MEDICAL TECHNICIANS.,To establish a credit against the personal income tax for taxpayers who serve as municipal volunteer firefighters or municipal volunteer emergency medical technicians.,,"REP. TURCO, 27th Dist.",ftp://ftp.cga.ct.gov/2024/cbs/h/HB-5017.HTM,https://www.cga.ct.gov/2024/TOB/h/pdf/2024HB-05017-R00-HB.pdf
HB-5018.HTM,2024,Proposed Bill,"REP. GARY A. TURCO, 27th DIST.",AN ACT CONCERNING THE PROPERTY TAX CREDIT FOR MOTOR VEHICLES.,To adjust the property tax credit under section 12-704c of the general statutes to authorize a credit against the personal income tax for half the amount of property taxes paid on motor vehicles.,,"REP. TURCO, 27th Dist.",ftp://ftp.cga.ct.gov/2024/cbs/h/HB-5018.HTM,https://www.cga.ct.gov/2024/TOB/h/pdf/2024HB-05018-R00-HB.pdf
HB-5019.HTM,2024,Proposed Bill,"REP. GARY A. TURCO, 27th DIST.",AN ACT DEDICATING THE ADDITIONAL SALES TAX ON MEALS TO MUNICIPALITIES.,To dedicate the revenue generated from the additional one per cent of sales tax on meals to municipalities.,,"REP. TURCO, 27th Dist.",ftp://ftp.cga.ct.gov/2024/cbs/h/HB-5019.HTM,https://www.cga.ct.gov/2024/TOB/h/pdf/2024HB-05019-R00-HB.pdf
HB-5020.HTM,2024,Proposed Bill,"REP. GARY A. TURCO, 27th DIST.REP. ELENI KAVROS DEGRAW, 17th DIST.",AN ACT CONCERNING A CREDIT AGAINST THE PERSONAL INCOME TAX FOR CERTAIN TEACHERS.,To establish a credit against the personal income tax for certain teachers for classroom supplies purchased by the teacher with such teacher's personal funds.,"Rep. David Michel, 146th Dist.; ","REP. TURCO, 27th Dist. ; REP. KAVROS DEGRAW, 17th Dist.",ftp://ftp.cga.ct.gov/2024/cbs/h/HB-5020.HTM,https://www.cga.ct.gov/2024/TOB/h/pdf/2024HB-05020-R00-HB.pdf
HB-5021.HTM,2024,Proposed Bill,"REP. HOLLY H. CHEESEMAN, 37th DIST.",AN ACT CONCERNING THE CAP ON RESEARCH AND DEVELOPMENT TAX CREDITS.,To increase the amount of research and development tax credits a biotechnology company may utilize for an income year.,,"REP. CHEESEMAN, 37th Dist.",ftp://ftp.cga.ct.gov/2024/cbs/h/HB-5021.HTM,https://www.cga.ct.gov/2024/TOB/h/pdf/2024HB-05021-R00-HB.pdf
HB-5022.HTM,2024,Proposed Bill,"REP. HOLLY H. CHEESEMAN, 37th DIST.",AN ACT REQUIRING INDEXING OF INCOME THRESHOLDS FOR THE PERSONAL INCOME TAX AND THE QUALIFYING INCOME THRESHOLDS FOR PERSONAL INCOME TAX DEDUCTIONS.,"To require that income thresholds for the personal income tax and qualifying income thresholds for personal income tax deductions be indexed to reflect the rate of inflation, using the consumer price index.",,"REP. CHEESEMAN, 37th Dist.",ftp://ftp.cga.ct.gov/2024/cbs/h/HB-5022.HTM,https://www.cga.ct.gov/2024/TOB/h/pdf/2024HB-05022-R00-HB.pdf
HB-5023.HTM,2024,Proposed Bill,"REP. CHRISTINE CONLEY, 40th DIST.SEN. CATHERINE A. OSTEN, 19th DIST.REP. DERELL WILSON, 46th DIST.REP. ANTHONY L. NOLAN, 39th DIST.REP. AUNDRE BUMGARDNER, 41st DIST.REP. KEVIN RYAN, 139th DIST.REP. GREG S. HOWARD, 43rd DIST.SEN. MARTHA MARX, 20th DIST.REP. KATHLEEN M. MCCARTY, 38th DIST.REP. HOLLY H. CHEESEMAN, 37th DIST.SEN. HEATHER S. SOMERS, 18th DIST.REP. BRIAN LANOUE, 45th DIST.",AN ACT AUTHORIZING BONDS OF THE STATE FOR THE CONSTRUCTION OF A CHILD CARE CENTER IN GROTON.,To provide funding to Thames Valley Council for Community Action to construct a child care center in Groton.,,"REP. CONLEY, 40th Dist. ; SEN. OSTEN, 19th Dist. ; REP. WILSON, 46th Dist. ; REP. NOLAN, 39th Dist. ; REP. BUMGARDNER, 41st Dist. ; REP. RYAN, 139th Dist. REP. HOWARD, 43rd Dist. ; SEN. MARX, 20th Dist. ; REP. MCCARTY K., 38th Dist. ; REP. CHEESEMAN, 37th Dist. ; SEN. SOMERS, 18th Dist. ; REP. LANOUE, 45th Dist.",ftp://ftp.cga.ct.gov/2024/cbs/h/HB-5023.HTM,https://www.cga.ct.gov/2024/TOB/h/pdf/2024HB-05023-R00-HB.pdf
HB-5024.HTM,2024,Proposed Bill,"REP. CHRISTINE CONLEY, 40th DIST.REP. ANTHONY L. NOLAN, 39th DIST.SEN. MARTHA MARX, 20th DIST.",AN ACT AUTHORIZING BONDS OF THE STATE FOR THE DIGITIZATION OF CERTAIN RECORDS IN NEW LONDON.,To provide funding for the digitization of county records and historical records in New London.,,"REP. CONLEY, 40th Dist. ; REP. NOLAN, 39th Dist. ; SEN. MARX, 20th Dist.",ftp://ftp.cga.ct.gov/2024/cbs/h/HB-5024.HTM,https://www.cga.ct.gov/2024/TOB/h/pdf/2024HB-05024-R00-HB.pdf
HB-5025.HTM,2024,Proposed Bill,"REP. JEFF CURREY, 11th DIST.","AN ACT CONCERNING THE SALES AND USE TAXES IMPOSED ON MEALS SOLD BY AN EATING ESTABLISHMENT, CATERER OR GROCERY STORE.","To eliminate the additional one per cent sales and use taxes imposed on meals sold by an eating establishment, caterer or grocery store.","Rep. David Michel, 146th Dist.; Rep. Craig C. Fishbein, 90th Dist.; Rep. Mitch Bolinsky, 106th Dist.; ","REP. CURREY, 11th Dist. ; (By Request)",ftp://ftp.cga.ct.gov/2024/cbs/h/HB-5025.HTM,https://www.cga.ct.gov/2024/TOB/h/pdf/2024HB-05025-R00-HB.pdf
HB-5026.HTM,2024,Proposed Bill,"REP. JOHN E. PISCOPO, 76th DIST.",AN ACT CONCERNING THE PERSONAL INCOME TAX DEDUCTION FOR SOCIAL SECURITY BENEFITS.,"To eliminate the personal income tax on Social Security benefits, regardless of income.","Rep. Devin R. Carney, 23rd Dist.; Rep. Craig C. Fishbein, 90th Dist.; Rep. Mitch Bolinsky, 106th Dist.; Rep. Tom Delnicki, 14th Dist.","REP. PISCOPO, 76th Dist.",ftp://ftp.cga.ct.gov/2024/cbs/h/HB-5026.HTM,https://www.cga.ct.gov/2024/TOB/h/pdf/2024HB-05026-R00-HB.pdf
HB-5027.HTM,2024,Proposed Bill,"REP. TAMI ZAWISTOWSKI, 61st DIST.",AN ACT ELIMINATING THE HIGHWAY USE TAX.,To eliminate the highway use tax.,"Rep. Craig C. Fishbein, 90th Dist.; Rep. Mitch Bolinsky, 106th Dist.; Sen. Rob Sampson, 16th Dist.; ","REP. ZAWISTOWSKI, 61st Dist.",ftp://ftp.cga.ct.gov/2024/cbs/h/HB-5027.HTM,https://www.cga.ct.gov/2024/TOB/h/pdf/2024HB-05027-R00-HB.pdf
HB-5028.HTM,2024,Proposed Bill,"REP. TAMI ZAWISTOWSKI, 61st DIST.",AN ACT ESTABLISHING A PERSONAL INCOME TAX DEDUCTION FOR STIPENDS PAID TO VOLUNTEER FIREFIGHTERS AND VOLUNTEER AMBULANCE MEMBERS.,"To establish a personal income tax deduction for any stipend paid by a municipality, a volunteer fire department of a municipality or a volunteer ambulance association of a municipality, to a volunteer firefighter or volunteer ambulance member.","Rep. Craig C. Fishbein, 90th Dist.; Sen. Rob Sampson, 16th Dist.","REP. ZAWISTOWSKI, 61st Dist.",ftp://ftp.cga.ct.gov/2024/cbs/h/HB-5028.HTM,https://www.cga.ct.gov/2024/TOB/h/pdf/2024HB-05028-R00-HB.pdf
HB-5029.HTM,2024,Proposed Bill,"REP. TAMI ZAWISTOWSKI, 61st DIST.",AN ACT ESTABLISHING A PERSONAL INCOME TAX DEDUCTION FOR FULL-TIME HOME HEALTH CARE COSTS.,"To establish a personal income tax deduction of up to sixty thousand dollars for the cost of full-time home health care, including, but not limited to, the cost of medical supplies and in-home services.","Rep. Craig C. Fishbein, 90th Dist.; Sen. Rob Sampson, 16th Dist.","REP. ZAWISTOWSKI, 61st Dist.",ftp://ftp.cga.ct.gov/2024/cbs/h/HB-5029.HTM,https://www.cga.ct.gov/2024/TOB/h/pdf/2024HB-05029-R00-HB.pdf
HB-5030.HTM,2024,Proposed Bill,"REP. DEVIN R. CARNEY, 23rd DIST.REP. HOLLY H. CHEESEMAN, 37th DIST.",AN ACT ESTABLISHING A CREDIT AGAINST THE PERSONAL INCOME TAX FOR INTEREST PAID ON STUDENT LOANS.,To establish a credit against the personal income tax for interest paid on student loans by the taxpayer.,,"REP. CARNEY, 23rd Dist. ; REP. CHEESEMAN, 37th Dist.",ftp://ftp.cga.ct.gov/2024/cbs/h/HB-5030.HTM,https://www.cga.ct.gov/2024/TOB/h/pdf/2024HB-05030-R00-HB.pdf
HB-5031.HTM,2024,Proposed Bill,"REP. DEVIN R. CARNEY, 23rd DIST.",AN ACT REDUCING THE RATES OF THE ROOM OCCUPANCY TAX.,To reduce the rates of the room occupancy tax.,"Rep. Craig C. Fishbein, 90th Dist.; Sen. Rob Sampson, 16th Dist.","REP. CARNEY, 23rd Dist.",ftp://ftp.cga.ct.gov/2024/cbs/h/HB-5031.HTM,https://www.cga.ct.gov/2024/TOB/h/pdf/2024HB-05031-R00-HB.pdf
HB-5032.HTM,2024,Proposed Bill,"REP. DEVIN R. CARNEY, 23rd DIST.",AN ACT EXEMPTING HEALTH AND ATHLETIC CLUB SERVICES AND FEES FROM THE SALES AND USE TAXES.,To exempt health and athletic club services and fees from the sales and use taxes.,"Rep. Craig C. Fishbein, 90th Dist.; ","REP. CARNEY, 23rd Dist.",ftp://ftp.cga.ct.gov/2024/cbs/h/HB-5032.HTM,https://www.cga.ct.gov/2024/TOB/h/pdf/2024HB-05032-R00-HB.pdf
HB-5033.HTM,2024,Proposed Bill,"REP. LEZLYE ZUPKUS, 89th DIST.",AN ACT ELIMINATING THE HIGHWAY USE TAX.,To eliminate the highway use tax.,"Rep. Craig C. Fishbein, 90th Dist.; ","REP. ZUPKUS, 89th Dist.",ftp://ftp.cga.ct.gov/2024/cbs/h/HB-5033.HTM,https://www.cga.ct.gov/2024/TOB/h/pdf/2024HB-05033-R00-HB.pdf
HB-5034.HTM,2024,Proposed Bill,"REP. KATHLEEN M. MCCARTY, 38th DIST.",AN ACT ESTABLISHING A CHILD TAX CREDIT AGAINST THE PERSONAL INCOME TAX.,To establish a child tax credit against the personal income tax of six hundred dollars per dependent child.,,"REP. MCCARTY K., 38th Dist.",ftp://ftp.cga.ct.gov/2024/cbs/h/HB-5034.HTM,https://www.cga.ct.gov/2024/TOB/h/pdf/2024HB-05034-R00-HB.pdf
HB-5035.HTM,2024,Proposed Bill,"REP. PATRICIA A. DILLON, 92nd DIST.",AN ACT CONCERNING THE SALES AND USE TAXES IMPOSED ON MEALS SOLD BY CERTAIN EATING ESTABLISHMENTS.,To eliminate the additional one per cent sales and use taxes imposed on meals sold by an eating establishment located in municipalities with a population of more than one hundred thousand.,,"REP. DILLON, 92nd Dist.",ftp://ftp.cga.ct.gov/2024/cbs/h/HB-5035.HTM,https://www.cga.ct.gov/2024/TOB/h/pdf/2024HB-05035-R00-HB.pdf
HB-5036.HTM,2024,Proposed Bill,"REP. STEVE WEIR, 55th DIST.",AN ACT EXEMPTING HOSPITAL BEDS FOR HOME HEALTH CARE USE FROM THE SALES AND USE TAXES.,"To exempt from the sales and use taxes the sale of and the storage, use or other consumption in this state of hospital beds for home health care use.","Rep. Craig C. Fishbein, 90th Dist.; ","REP. WEIR, 55th Dist.",ftp://ftp.cga.ct.gov/2024/cbs/h/HB-5036.HTM,https://www.cga.ct.gov/2024/TOB/h/pdf/2024HB-05036-R00-HB.pdf
HB-5037.HTM,2024,Proposed Bill,"REP. MARTIN FONCELLO, 107th DIST.",AN ACT ELIMINATING THE PERSONAL INCOME TAX ON SOCIAL SECURITY BENEFITS AND PENSION OR ANNUITY INCOME AND THE ESTATE AND GIFT TAXES.,"To eliminate (1) the personal income tax on Social Security benefits and pension or annuity income, regardless of income, and (2) the estate and gift taxes.","Rep. Craig C. Fishbein, 90th Dist.; ","REP. FONCELLO, 107th Dist.",ftp://ftp.cga.ct.gov/2024/cbs/h/HB-5037.HTM,https://www.cga.ct.gov/2024/TOB/h/pdf/2024HB-05037-R00-HB.pdf
HB-5038.HTM,2024,Proposed Bill,"REP. MARTIN FONCELLO, 107th DIST.",AN ACT ELIMINATING THE HIGHWAY USE TAX AND THE TAX ON FUELS AND GASOHOL.,To eliminate the highway use tax and the tax on fuels and gasohol.,"Rep. Craig C. Fishbein, 90th Dist.; ","REP. FONCELLO, 107th Dist.",ftp://ftp.cga.ct.gov/2024/cbs/h/HB-5038.HTM,https://www.cga.ct.gov/2024/TOB/h/pdf/2024HB-05038-R00-HB.pdf
HB-5039.HTM,2024,Proposed Bill,"REP. MARK DECAPRIO, 48th DIST.",AN ACT EXEMPTING CLOTHING PURCHASED AT CONSIGNMENT STORES FROM THE SALES AND USE TAXES.,To exempt clothing purchased at consignment stores from the sales and use taxes.,"Rep. Craig C. Fishbein, 90th Dist.; ","REP. DECAPRIO B., 48th Dist.",ftp://ftp.cga.ct.gov/2024/cbs/h/HB-5039.HTM,https://www.cga.ct.gov/2024/TOB/h/pdf/2024HB-05039-R00-HB.pdf
HB-5040.HTM,2024,Proposed Bill,"REP. MARK DECAPRIO, 48th DIST.",AN ACT ESTABLISHING A CHILD TAX CREDIT AGAINST THE PERSONAL INCOME TAX.,To establish a child tax credit against the personal income tax of two thousand dollars per dependent child.,,"REP. DECAPRIO B., 48th Dist.",ftp://ftp.cga.ct.gov/2024/cbs/h/HB-5040.HTM,https://www.cga.ct.gov/2024/TOB/h/pdf/2024HB-05040-R00-HB.pdf
HB-5041.HTM,2024,Proposed Bill,"REP. VINCENT J. CANDELORA, 86th DIST.REP. TOM O'DEA, 125th DIST.REP. DAVID RUTIGLIANO, 123rd DIST.REP. TIM ACKERT, 8th DIST.REP. JASON PERILLO, 113th DIST.REP. LEZLYE ZUPKUS, 89th DIST.REP. TAMI ZAWISTOWSKI, 61st DIST.REP. DEVIN R. CARNEY, 23rd DIST.",AN ACT EXEMPTING CERTAIN ARTICLES OF CHILDREN'S CLOTHING FROM THE SALES AND USE TAXES.,To exempt articles of children's clothing costing under one hundred dollars from the sales and use taxes.,"Rep. Craig C. Fishbein, 90th Dist.; Rep. Tom Delnicki, 14th Dist.; Rep. Mark W Anderson, 62nd Dist.; Rep. Nicole Klarides-Ditria, 105th Dist.; Rep. Fred Gee, 126th Dist.; Rep. Greg S. Howard, 43rd Dist.; Rep. Francis Cooley, 22nd Dist.; ","REP. CANDELORA V., 86th Dist. ; REP. O'DEA, 125th Dist. ; REP. RUTIGLIANO, 123rd Dist. ; REP. ACKERT, 8th Dist. REP. PERILLO J., 113th Dist. ; REP. ZUPKUS, 89th Dist. ; REP. ZAWISTOWSKI, 61st Dist. ; REP. CARNEY, 23rd Dist.",ftp://ftp.cga.ct.gov/2024/cbs/h/HB-5041.HTM,https://www.cga.ct.gov/2024/TOB/h/pdf/2024HB-05041-R00-HB.pdf
HB-5042.HTM,2024,Proposed Bill,"REP. VINCENT J. CANDELORA, 86th DIST.REP. TOM O'DEA, 125th DIST.REP. DAVID RUTIGLIANO, 123rd DIST.REP. TIM ACKERT, 8th DIST.REP. JASON PERILLO, 113th DIST.REP. LEZLYE ZUPKUS, 89th DIST.REP. TAMI ZAWISTOWSKI, 61st DIST.REP. DEVIN R. CARNEY, 23rd DIST.",AN ACT CONCERNING THE SALES PRICE THRESHOLD OF MOTOR VEHICLES SUBJECT TO A HIGHER SALES AND USE TAXES RATE.,To increase to more than seventy-five thousand dollars the sales price threshold for a motor vehicle subject to the seven and three-fourths per cent sales and use taxes rate.,"Rep. Craig C. Fishbein, 90th Dist.; Rep. Tom Delnicki, 14th Dist.; Rep. Mark W Anderson, 62nd Dist.; Rep. Greg S. Howard, 43rd Dist.; Rep. Francis Cooley, 22nd Dist.; ","REP. CANDELORA V., 86th Dist. ; REP. O'DEA, 125th Dist. ; REP. RUTIGLIANO, 123rd Dist. ; REP. ACKERT, 8th Dist. REP. PERILLO J., 113th Dist. ; REP. ZUPKUS, 89th Dist. ; REP. ZAWISTOWSKI, 61st Dist. ; REP. CARNEY, 23rd Dist.",ftp://ftp.cga.ct.gov/2024/cbs/h/HB-5042.HTM,https://www.cga.ct.gov/2024/TOB/h/pdf/2024HB-05042-R00-HB.pdf
HB-5043.HTM,2024,Proposed Bill,"REP. VINCENT J. CANDELORA, 86th DIST.REP. TOM O'DEA, 125th DIST.REP. DAVID RUTIGLIANO, 123rd DIST.REP. TIM ACKERT, 8th DIST.REP. JASON PERILLO, 113th DIST.REP. LEZLYE ZUPKUS, 89th DIST.REP. TAMI ZAWISTOWSKI, 61st DIST.REP. DEVIN R. CARNEY, 23rd DIST.",AN ACT REDUCING FEES FOR SMALL BUSINESS FILINGS WITH THE SECRETARY OF THE STATE.,To reduce fees for small business filings with the Secretary of the State.,"Rep. Craig C. Fishbein, 90th Dist.; Rep. Mark W Anderson, 62nd Dist.; Rep. Greg S. Howard, 43rd Dist.; Rep. Francis Cooley, 22nd Dist.","REP. CANDELORA V., 86th Dist. ; REP. O'DEA, 125th Dist. ; REP. RUTIGLIANO, 123rd Dist. ; REP. ACKERT, 8th Dist. REP. PERILLO J., 113th Dist. ; REP. ZUPKUS, 89th Dist. ; REP. ZAWISTOWSKI, 61st Dist. ; REP. CARNEY, 23rd Dist.",ftp://ftp.cga.ct.gov/2024/cbs/h/HB-5043.HTM,https://www.cga.ct.gov/2024/TOB/h/pdf/2024HB-05043-R00-HB.pdf
HB-5044.HTM,2024,Proposed Bill,"REP. VINCENT J. CANDELORA, 86th DIST.REP. TOM O'DEA, 125th DIST.REP. DAVID RUTIGLIANO, 123rd DIST.REP. TIM ACKERT, 8th DIST.REP. JASON PERILLO, 113th DIST.REP. LEZLYE ZUPKUS, 89th DIST.REP. TAMI ZAWISTOWSKI, 61st DIST.REP. DEVIN R. CARNEY, 23rd DIST.",AN ACT ESTABLISHING A CHILD TAX CREDIT AGAINST THE PERSONAL INCOME TAX.,To establish a child tax credit against the personal income tax of two thousand dollars per dependent child.,"Rep. Tom Delnicki, 14th Dist.; Rep. Greg S. Howard, 43rd Dist.; Rep. Francis Cooley, 22nd Dist.; ","REP. CANDELORA V., 86th Dist. ; REP. O'DEA, 125th Dist. ; REP. RUTIGLIANO, 123rd Dist. ; REP. ACKERT, 8th Dist. REP. PERILLO J., 113th Dist. ; REP. ZUPKUS, 89th Dist. ; REP. ZAWISTOWSKI, 61st Dist. ; REP. CARNEY, 23rd Dist.",ftp://ftp.cga.ct.gov/2024/cbs/h/HB-5044.HTM,https://www.cga.ct.gov/2024/TOB/h/pdf/2024HB-05044-R00-HB.pdf
HB-5045.HTM,2024,Proposed Bill,"REP. MARK W ANDERSON, 62nd DIST.",AN ACT ELIMINATING THE FEE FOR CERTAIN VEHICLES EXEMPT FROM EMISSION INSPECTIONS.,To make registering a new motor vehicle more affordable.,,"REP. ANDERSON, 62nd Dist.",ftp://ftp.cga.ct.gov/2024/cbs/h/HB-5045.HTM,https://www.cga.ct.gov/2024/TOB/h/pdf/2024HB-05045-R00-HB.pdf
HB-5046.HTM,2024,Unknown,REQUEST OF THE GOVERNOR PURSUANT TO JOINT RULE 9,AN ACT PROMOTING NURSING HOME RESIDENT QUALITY OF LIFE.,To implement the Governor's budget recommendations.,"Sen. Saud Anwar, 3rd Dist.; Rep. Mitch Bolinsky, 106th Dist.; Sen. Jan Hochadel, 13th Dist.; Rep. Jane M. Garibay, 60th Dist.; Rep. Christopher Poulos, 81st Dist.; Rep. Geraldo C. Reyes, 75th Dist.; Rep. Josh Elliott, 88th Dist.; Rep. Tom Delnicki, 14th Dist.; Rep. Kevin Brown, 56th Dist.; Rep. David Michel, 146th Dist.; Rep. Corey P. Paris, 145th Dist.; Sen. Lisa Seminara, 8th Dist.; Rep. Keith Denning, 42nd Dist.; Rep. Martin Foncello, 107th Dist.; Rep. Bob Godfrey, 110th Dist.; Rep. Hilda E. Santiago, 84th Dist.; Rep. Anabel D. Figueroa, 148th Dist.; Rep. James Sanchez, 6th Dist.; Rep. Kevin Ryan, 139th Dist.; Rep. Kathleen M. McCarty, 38th Dist.; Rep. Henry J. Genga, 10th Dist.; Rep. Julio A. Concepcion, 4th Dist.; Rep. Hubert D. Delany, 144th Dist.; Rep. Larry B. Butler, 72nd Dist.; Sen. Patricia Billie Miller, 27th Dist.; Rep. Robert Sanchez, 25th Dist.; Rep. Anne M. Hughes, 135th Dist.; Rep. Dominique Johnson, 143rd Dist.; Rep. Rachel Khanna, 149th Dist.; Rep. Kate Farrar, 20th Dist.; Rep. Jillian Gilchrest, 18th Dist.; Rep. Frank Smith, 118th Dist.; Rep. Lucy Dathan, 142nd Dist.; Rep. Mary Welander, 114th Dist.; Rep. Bobby G. Gibson, 15th Dist.; Rep. Michael DiGiovancarlo, 74th Dist.; Rep. Jeff Currey, 11th Dist.; Rep. Robyn A. Porter, 94th Dist.; Rep. Farley Santos, 109th Dist.; Rep. Aimee Berger-Girvalo, 111th Dist.; Rep. Minnie Gonzalez, 3rd Dist.; Rep. Matt Blumenthal, 147th Dist.; Rep. Holly H. Cheeseman, 37th Dist.; Sen. Jeff Gordon, 35th Dist.",Request of the Governor Pursuant; to Joint Rule 9,ftp://ftp.cga.ct.gov/2024/cbs/h/HB-5046.HTM,https://www.cga.ct.gov/2024/TOB/h/pdf/2024HB-05046-R00-HB.pdf
HB-5047.HTM,2024,Unknown,REQUEST OF THE GOVERNOR PURSUANT TO JOINT RULE 9,AN ACT IMPLEMENTING THE GOVERNOR'S RECOMMENDATIONS FOR GENERAL GOVERNMENT.,To implement the Governor's budget recommendations.,,Request of the Governor Pursuant; to Joint Rule 9,ftp://ftp.cga.ct.gov/2024/cbs/h/HB-5047.HTM,https://www.cga.ct.gov/2024/TOB/h/pdf/2024HB-05047-R00-HB.pdf
HB-5048.HTM,2024,Unknown,REQUEST OF THE GOVERNOR PURSUANT TO JOINT RULE 9,"AN ACT ADJUSTING THE STATE BUDGET FOR THE BIENNIUM ENDING JUNE 30, 2025.",To implement the Governor's budget recommendations.,"Rep. Geraldo C. Reyes, 75th Dist.; Sen. Jan Hochadel, 13th Dist.; Sen. Jorge Cabrera, 17th Dist.; Rep. Robert Sanchez, 25th Dist.; Rep. Farley Santos, 109th Dist.; ",Request of the Governor Pursuant; to Joint Rule 9,ftp://ftp.cga.ct.gov/2024/cbs/h/HB-5048.HTM,https://www.cga.ct.gov/2024/TOB/h/pdf/2024HB-05048-R00-HB.pdf
HB-5049.HTM,2024,Unknown,REQUEST OF THE GOVERNOR PURSUANT TO JOINT RULE 9,"AN ACT MAKING DEFICIENCY APPROPRIATIONS FOR THE FISCAL YEAR ENDING JUNE 30, 2024.",To implement the Governor's budget recommendations.,,Request of the Governor Pursuant; to Joint Rule 9,ftp://ftp.cga.ct.gov/2024/cbs/h/HB-5049.HTM,https://www.cga.ct.gov/2024/TOB/h/pdf/2024HB-05049-R00-HB.pdf
HB-5050.HTM,2024,Unknown,REQUEST OF THE GOVERNOR PURSUANT TO JOINT RULE 9,AN ACT IMPLEMENTING THE GOVERNOR'S BUDGET RECOMMENDATIONS FOR EDUCATION.,To implement the Governor's budget recommendations.,,Request of the Governor Pursuant; to Joint Rule 9,ftp://ftp.cga.ct.gov/2024/cbs/h/HB-5050.HTM,https://www.cga.ct.gov/2024/TOB/h/pdf/2024HB-05050-R00-HB.pdf
HB-5051.HTM,2024,Unknown,REQUEST OF THE GOVERNOR PURSUANT TO JOINT RULE 9,AN ACT ESTABLISHING EARLY START CT.,To implement the Governor's budget recommendations.,"Rep. Robyn A. Porter, 94th Dist.; Sen. Julie Kushner, 24th Dist.; Rep. Henry J. Genga, 10th Dist.; Rep. Hector Arzeno, 151st Dist.",Request of the Governor Pursuant; to Joint Rule 9,ftp://ftp.cga.ct.gov/2024/cbs/h/HB-5051.HTM,https://www.cga.ct.gov/2024/TOB/h/pdf/2024HB-05051-R00-HB.pdf
HB-5052.HTM,2024,Unknown,REQUEST OF THE GOVERNOR PURSUANT TO JOINT RULE 9,AN ACT SUPPORTING SOLAR ENERGY IN SCHOOLS.,To implement the Governor's budget recommendations.,"Rep. David Michel, 146th Dist.; Rep. Aundre Bumgardner, 41st Dist.; Rep. Joseph P. Gresko, 121st Dist.; Rep. Brandon Chafee, 33rd Dist.; Rep. Anne M. Hughes, 135th Dist.; Rep. Jennifer Leeper, 132nd Dist.; Rep. Eleni Kavros DeGraw, 17th Dist.; Sen. Julie Kushner, 24th Dist.; Rep. Christine Palm, 36th Dist.; Rep. Jillian Gilchrest, 18th Dist.; Rep. Frank Smith, 118th Dist.; Rep. Geraldo C. Reyes, 75th Dist.; Rep. Gary A. Turco, 27th Dist.; Rep. Amy Morrin Bello, 28th Dist.; Rep. Dominique Johnson, 143rd Dist.; Rep. Josh Elliott, 88th Dist.; Rep. Hector Arzeno, 151st Dist.; Rep. Gregory Haddad, 54th Dist.; Rep. Aimee Berger-Girvalo, 111th Dist.; Sen. Herron Gaston, 23rd Dist.; Rep. Sarah Keitt, 134th Dist.; Rep. James Sanchez, 6th Dist.",Request of the Governor Pursuant; to Joint Rule 9,ftp://ftp.cga.ct.gov/2024/cbs/h/HB-5052.HTM,https://www.cga.ct.gov/2024/TOB/h/pdf/2024HB-05052-R00-HB.pdf
HB-5053.HTM,2024,Unknown,REQUEST OF THE GOVERNOR PURSUANT TO JOINT RULE 9,AN ACT CONCERNING THE GOVERNOR'S BUDGET RECOMMENDATIONS FOR HEALTH AND HUMAN SERVICES.,To implement the Governor's budget recommendations concerning public health and human services.,"Rep. David Michel, 146th Dist.; ",Request of the Governor Pursuant; to Joint Rule 9,ftp://ftp.cga.ct.gov/2024/cbs/h/HB-5053.HTM,https://www.cga.ct.gov/2024/TOB/h/pdf/2024HB-05053-R00-HB.pdf
HB-5054.HTM,2024,Unknown,REQUEST OF THE GOVERNOR PURSUANT TO JOINT RULE 9,AN ACT ADDRESSING HEALTH CARE AFFORDABILITY.,To implement the Governor's budget recommendations.,,Request of the Governor Pursuant; to Joint Rule 9,ftp://ftp.cga.ct.gov/2024/cbs/h/HB-5054.HTM,https://www.cga.ct.gov/2024/TOB/h/pdf/2024HB-05054-R00-HB.pdf
HB-5055.HTM,2024,Unknown,REQUEST OF THE GOVERNOR PURSUANT TO JOINT RULE 9,AN ACT STRENGTHENING POLICE DATA REPORTING REQUIREMENTS.,To implement the Governor's budget recommendations.,"Rep. Jaime S. Foster, 57th Dist.; Rep. Henry J. Genga, 10th Dist.; Rep. Hubert D. Delany, 144th Dist.; Rep. Donna Veach, 30th Dist.",Request of the Governor Pursuant; to Joint Rule 9,ftp://ftp.cga.ct.gov/2024/cbs/h/HB-5055.HTM,https://www.cga.ct.gov/2024/TOB/h/pdf/2024HB-05055-R00-HB.pdf
HB-5056.HTM,2024,Unknown,REQUEST OF THE GOVERNOR PURSUANT TO JOINT RULE 9,AN ACT FACILITATING THE EXPANSION OF SHARED MUNICIPAL SERVICES.,To implement the Governor's budget recommendations.,"Rep. Jason Rojas, 9th Dist.; Sen. MD Rahman, 4th Dist.; Rep. Christine Conley, 40th Dist.; ",Request of the Governor Pursuant; to Joint Rule 9,ftp://ftp.cga.ct.gov/2024/cbs/h/HB-5056.HTM,https://www.cga.ct.gov/2024/TOB/h/pdf/2024HB-05056-R00-HB.pdf
HB-5057.HTM,2024,Unknown,REQUEST OF THE GOVERNOR PURSUANT TO JOINT RULE 9,AN ACT STANDARDIZING DRIVE-ONLY LICENSES.,To implement the Governor's budget recommendations.,"Rep. Geraldo C. Reyes, 75th Dist.; Rep. Christopher Rosario, 128th Dist.; Rep. Juan R. Candelaria, 95th Dist.; Rep. Anabel D. Figueroa, 148th Dist.; Rep. Farley Santos, 109th Dist.; Rep. Robert Sanchez, 25th Dist.",Request of the Governor Pursuant; to Joint Rule 9,ftp://ftp.cga.ct.gov/2024/cbs/h/HB-5057.HTM,https://www.cga.ct.gov/2024/TOB/h/pdf/2024HB-05057-R00-HB.pdf
HB-5058.HTM,2024,Unknown,REQUEST OF THE GOVERNOR PURSUANT TO JOINT RULE 9,AN ACT ADOPTING THE NURSE LICENSURE COMPACT.,To implement the Governor's budget recommendations.,"Rep. Mary Welander, 114th Dist.; Sen. Heather S. Somers, 18th Dist.; Rep. Jaime S. Foster, 57th Dist.; Rep. Tami Zawistowski, 61st Dist.; Rep. Nicole Klarides-Ditria, 105th Dist.; Rep. Holly H. Cheeseman, 37th Dist.; Rep. Laura Dancho, 120th Dist.; Rep. Rachel Chaleski, 138th Dist.; Rep. Christine Conley, 40th Dist.; Rep. Lucy Dathan, 142nd Dist.; Rep. Geraldo C. Reyes, 75th Dist.; Rep. Patrick E. Callahan, 108th Dist.; Rep. Rachel Khanna, 149th Dist.; Rep. Anthony L. Nolan, 39th Dist.; Rep. Kate Farrar, 20th Dist.; Rep. Irene M. Haines, 34th Dist.; Rep. Hilda E. Santiago, 84th Dist.; Rep. Anabel D. Figueroa, 148th Dist.; Rep. Mark W Anderson, 62nd Dist.; Rep. Karen Reddington-Hughes, 66th Dist.; Sen. Ryan Fazio, 36th Dist.; Rep. Tammy Nuccio, 53rd Dist.; Rep. Kathleen M. McCarty, 38th Dist.; Sen. Patricia Billie Miller, 27th Dist.; Rep. Cindy Harrison, 69th Dist.; Rep. Martin Foncello, 107th Dist.; Rep. Donna Veach, 30th Dist.; Rep. Tom Delnicki, 14th Dist.; Rep. Robin E. Comey, 102nd Dist.; Sen. Rob Sampson, 16th Dist.; Rep. Tracy Marra, 141st Dist.; Sen. John A. Kissel, 7th Dist.; Rep. Matt Blumenthal, 147th Dist.; Sen. Lisa Seminara, 8th Dist.; Sen. Paul Cicarella, 34th Dist.; Sen. Eric C. Berthel, 32nd Dist.; Sen. Jeff Gordon, 35th Dist.; ",Request of the Governor Pursuant; to Joint Rule 9,ftp://ftp.cga.ct.gov/2024/cbs/h/HB-5058.HTM,https://www.cga.ct.gov/2024/TOB/h/pdf/2024HB-05058-R00-HB.pdf
HB-5059.HTM,2024,Proposed Bill,"REP. BILL BUCKBEE, 67th DIST.",AN ACT CONCERNING FUNDING TO MAINTAIN HELICOPTERS USED IN SEARCH AND RESCUE.,To provide critical funding for helicopter search and rescue.,,"REP. BUCKBEE, 67th Dist.",ftp://ftp.cga.ct.gov/2024/cbs/h/HB-5059.HTM,https://www.cga.ct.gov/2024/TOB/h/pdf/2024HB-05059-R00-HB.pdf
HB-5060.HTM,2024,Proposed Bill,"REP. RACHEL CHALESKI, 138th DIST.",AN ACT CONCERNING FUNDING FOR DANBURY CHARTER SCHOOL.,"To increase school choice for families and students in Danbury by providing funding for operation of the Danbury Charter School, which was granted approval for a charter on October 3, 2018, by the State Board of Education.","Rep. Mark W Anderson, 62nd Dist.; ","REP. CHALESKI, 138th Dist.",ftp://ftp.cga.ct.gov/2024/cbs/h/HB-5060.HTM,https://www.cga.ct.gov/2024/TOB/h/pdf/2024HB-05060-R00-HB.pdf
HB-5061.HTM,2024,Proposed Bill,"REP. MARK W ANDERSON, 62nd DIST.",AN ACT CONCERNING COST-OF-LIVING ADJUSTMENTS TO THE EDUCATION COST SHARING GRANT FORMULA.,To provide cost-of-living increases to a town's education cost sharing grant.,,"REP. ANDERSON, 62nd Dist.",ftp://ftp.cga.ct.gov/2024/cbs/h/HB-5061.HTM,https://www.cga.ct.gov/2024/TOB/h/pdf/2024HB-05061-R00-HB.pdf
HB-5062.HTM,2024,Proposed Bill,"REP. VINCENT J. CANDELORA, 86th DIST.REP. TOM O'DEA, 125th DIST.REP. DAVID RUTIGLIANO, 123rd DIST.REP. TIM ACKERT, 8th DIST.REP. JASON PERILLO, 113th DIST.REP. LEZLYE ZUPKUS, 89th DIST.REP. TAMI ZAWISTOWSKI, 61st DIST.REP. DEVIN R. CARNEY, 23rd DIST.",AN ACT CONCERNING FUNDING OF THE SPECIAL EDUCATION EXCESS COST GRANT.,To ensure full funding of the special education excess cost grants for all towns.,"Rep. Tom Delnicki, 14th Dist.; Rep. Mitch Bolinsky, 106th Dist.; Rep. Mark W Anderson, 62nd Dist.; Rep. Greg S. Howard, 43rd Dist.; Rep. Francis Cooley, 22nd Dist.; ","REP. CANDELORA V., 86th Dist. ; REP. O'DEA, 125th Dist. ; REP. RUTIGLIANO, 123rd Dist. ; REP. ACKERT, 8th Dist. REP. PERILLO J., 113th Dist. ; REP. ZUPKUS, 89th Dist. ; REP. ZAWISTOWSKI, 61st Dist. ; REP. CARNEY, 23rd Dist.",ftp://ftp.cga.ct.gov/2024/cbs/h/HB-5062.HTM,https://www.cga.ct.gov/2024/TOB/h/pdf/2024HB-05062-R00-HB.pdf
HB-5063.HTM,2024,Proposed Bill,"REP. KATHLEEN M. MCCARTY, 38th DIST.",AN ACT CONCERNING FULL FUNDING OF THE SPECIAL EDUCATION EXCESS COST GRANT.,To provide financial support to school districts for special education costs.,"Rep. Craig C. Fishbein, 90th Dist.; Rep. Tom Delnicki, 14th Dist.","REP. MCCARTY K., 38th Dist.",ftp://ftp.cga.ct.gov/2024/cbs/h/HB-5063.HTM,https://www.cga.ct.gov/2024/TOB/h/pdf/2024HB-05063-R00-HB.pdf
HB-5064.HTM,2024,Proposed Bill,"REP. DEVIN R. CARNEY, 23rd DIST.",AN ACT CONCERNING THE SALES PRICE THRESHOLD OF MOTOR VEHICLES SUBJECT TO A HIGHER SALES AND USE TAXES RATE.,To increase to more than seventy-five thousand dollars the sales price threshold for a motor vehicle subject to the seven and three-fourths per cent sales and use taxes rate.,"Rep. Craig C. Fishbein, 90th Dist.; ","REP. CARNEY, 23rd Dist.",ftp://ftp.cga.ct.gov/2024/cbs/h/HB-5064.HTM,https://www.cga.ct.gov/2024/TOB/h/pdf/2024HB-05064-R00-HB.pdf
HB-5065.HTM,2024,Proposed Bill,"REP. DAVE W. YACCARINO, 87th DIST.",AN ACT CONCERNING THE CAP ON RESEARCH AND DEVELOPMENT TAX CREDITS.,To increase the amount of research and development tax credits a taxpayer may utilize in an income year.,,"REP. YACCARINO, 87th Dist.",ftp://ftp.cga.ct.gov/2024/cbs/h/HB-5065.HTM,https://www.cga.ct.gov/2024/TOB/h/pdf/2024HB-05065-R00-HB.pdf
HB-5066.HTM,2024,Proposed Bill,"REP. DAVE W. YACCARINO, 87th DIST.",AN ACT CONCERNING A PERSONAL INCOME TAX CREDIT FOR CERTAIN COLLEGE GRADUATES WITH STEM DEGREES.,"To reestablish a credit against the personal income tax for certain college graduates who receive a degree in a science, technology, engineering or math-related field.",,"REP. YACCARINO, 87th Dist.",ftp://ftp.cga.ct.gov/2024/cbs/h/HB-5066.HTM,https://www.cga.ct.gov/2024/TOB/h/pdf/2024HB-05066-R00-HB.pdf
HB-5067.HTM,2024,Proposed Bill,"REP. LAURA DANCHO, 120th DIST.",AN ACT ELIMINATING THE PERSONAL INCOME TAX ON SOCIAL SECURITY BENEFITS AND PENSION OR ANNUITY INCOME.,"To eliminate the personal income tax on Social Security benefits and pension or annuity income, regardless of income.",,"REP. DANCHO, 120th Dist.",ftp://ftp.cga.ct.gov/2024/cbs/h/HB-5067.HTM,https://www.cga.ct.gov/2024/TOB/h/pdf/2024HB-05067-R00-HB.pdf
HB-5068.HTM,2024,Proposed Bill,"REP. TOM O'DEA, 125th DIST.",AN ACT ESTABLISHING A TAX CREDIT FOR EDUCATIONAL ACCESS AND OPPORTUNITY SCHOLARSHIPS.,To establish a tax credit for donations made to nonprofit entities that provide educational access and opportunity scholarships.,"Rep. Mark W Anderson, 62nd Dist.; ","REP. O'DEA, 125th Dist.",ftp://ftp.cga.ct.gov/2024/cbs/h/HB-5068.HTM,https://www.cga.ct.gov/2024/TOB/h/pdf/2024HB-05068-R00-HB.pdf
HB-5069.HTM,2024,Proposed Bill,"REP. MARK W ANDERSON, 62nd DIST.",AN ACT ELIMINATING THE HIGHWAY USE TAX.,To eliminate the highway use tax.,"Rep. Craig C. Fishbein, 90th Dist.; ","REP. ANDERSON, 62nd Dist.",ftp://ftp.cga.ct.gov/2024/cbs/h/HB-5069.HTM,https://www.cga.ct.gov/2024/TOB/h/pdf/2024HB-05069-R00-HB.pdf
HB-5070.HTM,2024,Proposed Bill,"REP. BILL BUCKBEE, 67th DIST.",AN ACT REESTABLISHING THE JOB EXPANSION TAX CREDIT PROGRAM.,To reestablish the job expansion tax credit program.,,"REP. BUCKBEE, 67th Dist.",ftp://ftp.cga.ct.gov/2024/cbs/h/HB-5070.HTM,https://www.cga.ct.gov/2024/TOB/h/pdf/2024HB-05070-R00-HB.pdf
HB-5071.HTM,2024,Proposed Bill,"REP. BILL BUCKBEE, 67th DIST.",AN ACT ESTABLISHING A PERSONAL INCOME TAX DEDUCTION FOR STIPENDS PAID TO VOLUNTEER FIREFIGHTERS AND VOLUNTEER AMBULANCE MEMBERS.,"To establish a personal income tax deduction for any stipend paid by a municipality, a volunteer fire department of a municipality or a volunteer ambulance association of a municipality, to a volunteer firefighter or volunteer ambulance member.","Rep. Craig C. Fishbein, 90th Dist.; ","REP. BUCKBEE, 67th Dist.",ftp://ftp.cga.ct.gov/2024/cbs/h/HB-5071.HTM,https://www.cga.ct.gov/2024/TOB/h/pdf/2024HB-05071-R00-HB.pdf
HB-5072.HTM,2024,Proposed Bill,"REP. BILL BUCKBEE, 67th DIST.",AN ACT CONCERNING PERSONAL INCOME TAX DEDUCTIONS FOR SENIORS.,"To require that, for seniors, (1) the qualifying income threshold for any personal income tax deduction be indexed to reflect the rate of inflation, and (2) the personal income tax deduction for any distribution from certain individual retirement accounts be effective for taxable years commencing on or after January 1, 2024, in lieu of the current phase-in schedule.",,"REP. BUCKBEE, 67th Dist.",ftp://ftp.cga.ct.gov/2024/cbs/h/HB-5072.HTM,https://www.cga.ct.gov/2024/TOB/h/pdf/2024HB-05072-R00-HB.pdf
HB-5073.HTM,2024,Proposed Bill,"REP. JOHN E. PISCOPO, 76th DIST.","AN ACT CONCERNING THE SALES AND USE TAXES IMPOSED ON MEALS SOLD BY AN EATING ESTABLISHMENT, CATERER OR GROCERY STORE.","To eliminate the additional one per cent sales and use taxes imposed on meals sold by an eating establishment, caterer or grocery store.","Rep. Craig C. Fishbein, 90th Dist.; ","REP. PISCOPO, 76th Dist.",ftp://ftp.cga.ct.gov/2024/cbs/h/HB-5073.HTM,https://www.cga.ct.gov/2024/TOB/h/pdf/2024HB-05073-R00-HB.pdf
HB-5074.HTM,2024,Proposed Bill,"REP. DERELL WILSON, 46th DIST.REP. KEVIN RYAN, 139th DIST.SEN. CATHERINE A. OSTEN, 19th DIST.",AN ACT AUTHORIZING BONDS OF THE STATE FOR CAPITAL IMPROVEMENTS TO THE FAMILY CHURCH OF GOD IN NORWICH.,To provide funding for capital improvements to the Family Church of God in Norwich.,,"REP. WILSON, 46th Dist. ; REP. RYAN, 139th Dist. ; SEN. OSTEN, 19th Dist.",ftp://ftp.cga.ct.gov/2024/cbs/h/HB-5074.HTM,https://www.cga.ct.gov/2024/TOB/h/pdf/2024HB-05074-R00-HB.pdf
HB-5075.HTM,2024,Proposed Bill,"REP. DERELL WILSON, 46th DIST.SEN. CATHERINE A. OSTEN, 19th DIST.REP. KEVIN RYAN, 139th DIST.","AN ACT AUTHORIZING BONDS OF THE STATE FOR CAPITAL IMPROVEMENTS TO THE FIRST HAITIAN BAPTIST CHURCH OF NORWICH, INC.","To provide funding for capital improvements to the First Haitian Baptist Church of Norwich, Inc. in the city of Norwich.",,"REP. WILSON, 46th Dist. ; SEN. OSTEN, 19th Dist. ; REP. RYAN, 139th Dist.",ftp://ftp.cga.ct.gov/2024/cbs/h/HB-5075.HTM,https://www.cga.ct.gov/2024/TOB/h/pdf/2024HB-05075-R00-HB.pdf
HB-5076.HTM,2024,Proposed Bill,"REP. DERELL WILSON, 46th DIST.SEN. CATHERINE A. OSTEN, 19th DIST.REP. KEVIN RYAN, 139th DIST.",AN ACT AUTHORIZING BONDS OF THE STATE FOR CAPITAL IMPROVEMENTS TO THE LAUREL HILL FIRE DEPARTMENT IN THE CITY OF NORWICH.,To provide funding for capital improvements to the Laurel Hill Fire Department in the city of Norwich.,,"REP. WILSON, 46th Dist. ; SEN. OSTEN, 19th Dist. ; REP. RYAN, 139th Dist.",ftp://ftp.cga.ct.gov/2024/cbs/h/HB-5076.HTM,https://www.cga.ct.gov/2024/TOB/h/pdf/2024HB-05076-R00-HB.pdf
HB-5077.HTM,2024,Proposed Bill,"REP. DERELL WILSON, 46th DIST.SEN. CATHERINE A. OSTEN, 19th DIST.REP. KEVIN RYAN, 139th DIST.",AN ACT AUTHORIZING BONDS OF THE STATE FOR THE YANTIC FIRE ENGINE COMPANY.,To provide funding to the Yantic Fire Engine Company.,,"REP. WILSON, 46th Dist. ; SEN. OSTEN, 19th Dist. ; REP. RYAN, 139th Dist.",ftp://ftp.cga.ct.gov/2024/cbs/h/HB-5077.HTM,https://www.cga.ct.gov/2024/TOB/h/pdf/2024HB-05077-R00-HB.pdf
HB-5078.HTM,2024,Proposed Bill,"REP. DERELL WILSON, 46th DIST.SEN. CATHERINE A. OSTEN, 19th DIST.REP. KEVIN RYAN, 139th DIST.",AN ACT AUTHORIZING BONDS OF THE STATE FOR CAPITAL IMPROVEMENTS TO NORWICH FREE ACADEMY.,To provide funding for capital improvements to Norwich Free Academy.,,"REP. WILSON, 46th Dist. ; SEN. OSTEN, 19th Dist. ; REP. RYAN, 139th Dist.",ftp://ftp.cga.ct.gov/2024/cbs/h/HB-5078.HTM,https://www.cga.ct.gov/2024/TOB/h/pdf/2024HB-05078-R00-HB.pdf
HB-5079.HTM,2024,Proposed Bill,"REP. MARK DECAPRIO, 48th DIST.",AN ACT CONCERNING THE EDUCATION COST SHARING GRANT AMOUNT FOR THE TOWN OF COLCHESTER.,"To provide the town of Colchester with an education cost sharing grant for the fiscal year ending June 30, 2025, that is the same amount it received in the fiscal year ending June 30, 2024.",,"REP. DECAPRIO B., 48th Dist.",ftp://ftp.cga.ct.gov/2024/cbs/h/HB-5079.HTM,https://www.cga.ct.gov/2024/TOB/h/pdf/2024HB-05079-R00-HB.pdf
HB-5080.HTM,2024,Proposed Bill,"REP. RACHEL CHALESKI, 138th DIST.",AN ACT CONCERNING MAGNET SCHOOL TUITION ASSISTANCE FOR THE CITY OF DANBURY.,To provide magnet school tuition assistance to the city of Danbury on the same basis as such tuition assistance is provided to other cities and towns similarly situated.,,"REP. CHALESKI, 138th Dist.",ftp://ftp.cga.ct.gov/2024/cbs/h/HB-5080.HTM,https://www.cga.ct.gov/2024/TOB/h/pdf/2024HB-05080-R00-HB.pdf
HB-5081.HTM,2024,Proposed Bill,"REP. CHRISTINE CONLEY, 40th DIST.REP. ANTHONY L. NOLAN, 39th DIST.SEN. MARTHA MARX, 20th DIST.",AN ACT AUTHORIZING BONDS OF THE STATE FOR IMPROVEMENTS TO MUNICIPAL BUILDINGS IN NEW LONDON.,To provide funding for improvements to municipal buildings in the city of New London.,,"REP. CONLEY, 40th Dist. ; REP. NOLAN, 39th Dist. ; SEN. MARX, 20th Dist.",ftp://ftp.cga.ct.gov/2024/cbs/h/HB-5081.HTM,https://www.cga.ct.gov/2024/TOB/h/pdf/2024HB-05081-R00-HB.pdf
HB-5082.HTM,2024,Proposed Bill,"REP. CHRISTINE CONLEY, 40th DIST.REP. AUNDRE BUMGARDNER, 41st DIST.SEN. HEATHER S. SOMERS, 18th DIST.",AN ACT AUTHORIZING BONDS OF THE STATE FOR IMPROVEMENTS TO SUTTON PARK IN GROTON.,To provide funding for improvements to Sutton Park in Groton.,,"REP. CONLEY, 40th Dist. ; REP. BUMGARDNER, 41st Dist. ; SEN. SOMERS, 18th Dist.",ftp://ftp.cga.ct.gov/2024/cbs/h/HB-5082.HTM,https://www.cga.ct.gov/2024/TOB/h/pdf/2024HB-05082-R00-HB.pdf
HB-5083.HTM,2024,Proposed Bill,"REP. CHRISTINE CONLEY, 40th DIST.REP. AUNDRE BUMGARDNER, 41st DIST.SEN. HEATHER S. SOMERS, 18th DIST.",AN ACT AUTHORIZING BONDS OF THE STATE FOR THE GROTON COMMUNITY CENTER.,To provide funding for planning and engineering for the Groton Community Center.,,"REP. CONLEY, 40th Dist. ; REP. BUMGARDNER, 41st Dist. ; SEN. SOMERS, 18th Dist.",ftp://ftp.cga.ct.gov/2024/cbs/h/HB-5083.HTM,https://www.cga.ct.gov/2024/TOB/h/pdf/2024HB-05083-R00-HB.pdf
HB-5084.HTM,2024,Proposed Bill,"REP. CHRISTINE CONLEY, 40th DIST.REP. AUNDRE BUMGARDNER, 41st DIST.SEN. HEATHER S. SOMERS, 18th DIST.",AN ACT AUTHORIZING BONDS OF THE STATE FOR PLANNING AND CONSTRUCTION OF THE USS GROTON SAIL MONUMENT.,To provide funding for planning and construction of the USS Groton Sail Monument.,,"REP. CONLEY, 40th Dist. ; REP. BUMGARDNER, 41st Dist. ; SEN. SOMERS, 18th Dist.",ftp://ftp.cga.ct.gov/2024/cbs/h/HB-5084.HTM,https://www.cga.ct.gov/2024/TOB/h/pdf/2024HB-05084-R00-HB.pdf
HB-5085.HTM,2024,Proposed Bill,"REP. MARTIN FONCELLO, 107th DIST.",AN ACT ELIMINATING THE PERSONAL INCOME TAX ON INDIVIDUAL RETIREMENT ACCOUNT DISTRIBUTIONS.,"To eliminate the personal income tax on distributions from an individual retirement account, regardless of income.","Rep. Craig C. Fishbein, 90th Dist.; ","REP. FONCELLO, 107th Dist.",ftp://ftp.cga.ct.gov/2024/cbs/h/HB-5085.HTM,https://www.cga.ct.gov/2024/TOB/h/pdf/2024HB-05085-R00-HB.pdf
HB-5086.HTM,2024,Proposed Bill,"REP. JUAN R. CANDELARIA, 95th DIST.",AN ACT CONCERNING A GRANT-IN-AID TO NEW HAVEN PROMISE.,To provide a grant-in-aid to expand the New Haven Promise program.,"Rep. Alphonse Paolillo, 97th Dist.; ","REP. CANDELARIA J., 95th Dist.",ftp://ftp.cga.ct.gov/2024/cbs/h/HB-5086.HTM,https://www.cga.ct.gov/2024/TOB/h/pdf/2024HB-05086-R00-HB.pdf
HB-5087.HTM,2024,Proposed Bill,"REP. JUAN R. CANDELARIA, 95th DIST.",AN ACT CONCERNING FUNDING FOR CONNECTICUT PUBLIC BROADCASTING.,To provide funds for Latino educational programming for children in grades kindergarten to twelve.,,"REP. CANDELARIA J., 95th Dist.",ftp://ftp.cga.ct.gov/2024/cbs/h/HB-5087.HTM,https://www.cga.ct.gov/2024/TOB/h/pdf/2024HB-05087-R00-HB.pdf
HB-5088.HTM,2024,Proposed Bill,"REP. JOE HOXHA, 78th DIST.",AN ACT CONCERNING FUNDING FOR THE CONNECTICUT FOOD BANK.,To fight hunger in the state by appropriating funds to the Connecticut Food Bank.,,"REP. HOXHA, 78th Dist.",ftp://ftp.cga.ct.gov/2024/cbs/h/HB-5088.HTM,https://www.cga.ct.gov/2024/TOB/h/pdf/2024HB-05088-R00-HB.pdf
HB-5089.HTM,2024,Proposed Bill,"REP. JOE HOXHA, 78th DIST.",AN ACT CONCERNING FUNDING FOR FIRE DEPARTMENTS TO ELECTRONICALLY TRACK HEALTH DATA.,To appropriate funding to fire departments to better electronically track relevant health data of firefighters in the state.,,"REP. HOXHA, 78th Dist.",ftp://ftp.cga.ct.gov/2024/cbs/h/HB-5089.HTM,https://www.cga.ct.gov/2024/TOB/h/pdf/2024HB-05089-R00-HB.pdf
HB-5090.HTM,2024,Proposed Bill,"REP. GREG S. HOWARD, 43rd DIST.SEN. CATHERINE A. OSTEN, 19th DIST.SEN. HEATHER S. SOMERS, 18th DIST.REP. VINCENT J. CANDELORA, 86th DIST.REP. CHRIS ANISKOVICH, 35th DIST.REP. PATRICK E. CALLAHAN, 108th DIST.REP. DEVIN R. CARNEY, 23rd DIST.REP. NICOLE KLARIDES-DITRIA, 105th DIST.REP. TOM O'DEA, 125th DIST.REP. WILLIAM PIZZUTO, 71st DIST.REP. CRAIG C. FISHBEIN, 90th DIST.REP. ANNE DAUPHINAIS, 44th DIST.REP. TONY J SCOTT, 112th DIST.REP. BEN MCGORTY, 122nd DIST.REP. KATHY KENNEDY, 119th DIST.REP. JILL BARRY, 31st DIST.REP. PATRICK S. BOYD, 50th DIST.REP. MICHAEL D QUINN, 82nd DIST.REP. GARY A. TURCO, 27th DIST.REP. CARA CHRISTINE PAVALOCK-D'AMATO, 77th DIST.REP. KURT VAIL, 52nd DIST.REP. HENRY J. GENGA, 10th DIST.REP. MICHAEL DIGIOVANCARLO, 74th DIST.REP. ALPHONSE PAOLILLO, 97th DIST.REP. BILL BUCKBEE, 67th DIST.",AN ACT CONCERNING FUNDING FOR TRAINING LAW ENFORCEMENT OFFICERS.,To provide funding for training of law enforcement officers in advanced crime scene processing.,"Rep. Joseph P. Gresko, 121st Dist.; Rep. Tami Zawistowski, 61st Dist.; Rep. Tom Delnicki, 14th Dist.; Rep. Kathleen M. McCarty, 38th Dist.; Rep. Geraldo C. Reyes, 75th Dist.; Rep. Cindy Harrison, 69th Dist.; Rep. Kerry S. Wood, 29th Dist.; Rep. Jaime S. Foster, 57th Dist.; Rep. Mark DeCaprio, 48th Dist.; Rep. Christopher Poulos, 81st Dist.; Rep. Jane M. Garibay, 60th Dist.; ","REP. HOWARD, 43rd Dist. ; SEN. OSTEN, 19th Dist. ; SEN. SOMERS, 18th Dist. ; REP. CANDELORA V., 86th Dist. ; REP. ANISKOVICH, 35th Dist. ; REP. CALLAHAN, 108th Dist. ; REP. CARNEY, 23rd Dist. ; REP. KLARIDES -DITRIA, 105th Dist. ; REP. O'DEA, 125th Dist. ; REP. PIZZUTO, 71st Dist. ; REP. FISHBEIN, 90th Dist. ; REP. DAUPHINAIS, 44th Dist. ; REP. SCOTT, 112th Dist. REP. MCGORTY B., 122nd Dist. ; REP. KENNEDY, 119th Dist. ; REP. BARRY, 31st Dist. ; REP. BOYD, 50th Dist. ; REP. QUINN, 82nd Dist. ; REP. TURCO, 27th Dist. ; REP. PAVALOCK -D'AMATO, 77th Dist. ; REP. VAIL, 52nd Dist. ; REP. GENGA, 10th Dist. ; REP. DIGIOVANCARLO, 74th Dist. ; REP. PAOLILLO A., 97th Dist. ; REP. BUCKBEE, 67th Dist.",ftp://ftp.cga.ct.gov/2024/cbs/h/HB-5090.HTM,https://www.cga.ct.gov/2024/TOB/h/pdf/2024HB-05090-R00-HB.pdf
HB-5091.HTM,2024,Proposed Bill,"REP. ELENI KAVROS DEGRAW, 17th DIST.REP. AIMEE BERGER-GIRVALO, 111th DIST.SEN. SAUD ANWAR, 3rd DIST.REP. ROBYN A. PORTER, 94th DIST.REP. GARY A. TURCO, 27th DIST.REP. ANNE M. HUGHES, 135th DIST.REP. EMMANUEL SANCHEZ, 24th DIST.REP. MIKE DEMICCO, 21st DIST.REP. MARY WELANDER, 114th DIST.REP. KADEEM ROBERTS, 137th DIST.REP. JILLIAN GILCHREST, 18th DIST.SEN. MATTHEW L. LESSER, 9th DIST.REP. KEVIN BROWN, 56th DIST.REP. GERALDO C. REYES, 75th DIST.REP. BRANDON CHAFEE, 33rd DIST.REP. ROBERT SANCHEZ, 25th DIST.SEN. MD RAHMAN, 4th DIST.REP. CHRISTINE PALM, 36th DIST.REP. AUNDRE BUMGARDNER, 41st DIST.REP. MICHELLE L. COOK, 65th DIST.REP. GEOFF LUXENBERG, 12th DIST.",AN ACT CONCERNING FUNDING FOR HOUSING SERVICES.,To invest twenty million dollars to stabilize and strengthen the state's homeless response system.,"Rep. David Michel, 146th Dist.; Rep. Amy Morrin Bello, 28th Dist.; Rep. Travis Simms, 140th Dist.; Sen. Herron Gaston, 23rd Dist.","REP. KAVROS DEGRAW, 17th Dist. ; REP. BERGER -GIRVALO, 111th Dist. ; SEN. ANWAR, 3rd Dist. ; REP. PORTER, 94th Dist. ; REP. TURCO, 27th Dist. ; REP. HUGHES, 135th Dist. ; REP. SANCHEZ E., 24th Dist. ; REP. DEMICCO, 21st Dist. ; REP. WELANDER, 114th Dist. ; REP. ROBERTS, 137th Dist. ; REP. GILCHREST, 18th Dist. SEN. LESSER, 9th Dist. ; REP. BROWN, 56th Dist. ; REP. REYES, 75th Dist. ; REP. CHAFEE, 33rd Dist. ; REP. SANCHEZ R., 25th Dist. ; SEN. RAHMAN, 4th Dist. ; REP. PALM, 36th Dist. ; REP. BUMGARDNER, 41st Dist. ; REP. COOK, 65th Dist. ; REP. LUXENBERG, 12th Dist.",ftp://ftp.cga.ct.gov/2024/cbs/h/HB-5091.HTM,https://www.cga.ct.gov/2024/TOB/h/pdf/2024HB-05091-R00-HB.pdf
HB-5092.HTM,2024,Proposed Bill,"REP. MARY M. MUSHINSKY, 85th DIST.REP. CRAIG C. FISHBEIN, 90th DIST.SEN. PAUL CICARELLA, 34th DIST.REP. LIZ LINEHAN, 103rd DIST.","AN ACT AUTHORIZING BONDS OF THE STATE FOR A GRANT-IN-AID TO SOUTH CENTRAL CHIEFS OF POLICE ASSOCIATION, INC. FOR THE PURCHASE OF CERTAIN TRACKING TECHNOLOGY.",To provide funding to municipal police departments in the south central region of the state to cover fifty per cent of the cost of acquiring certain technology to track cars.,"Rep. Michael D Quinn, 82nd Dist.; Rep. Dave W. Yaccarino, 87th Dist.","REP. MUSHINSKY, 85th Dist. ; REP. FISHBEIN, 90th Dist. ; SEN. CICARELLA, 34th Dist. ; REP. LINEHAN, 103rd Dist.",ftp://ftp.cga.ct.gov/2024/cbs/h/HB-5092.HTM,https://www.cga.ct.gov/2024/TOB/h/pdf/2024HB-05092-R00-HB.pdf
HB-5093.HTM,2024,Proposed Bill,"REP. MARY WELANDER, 114th DIST.",AN ACT INCREASING THE FUNDING FOR THE ARTIST FELLOWSHIP PROGRAM.,To increase funding for the Artist Fellowship Program by fifty per cent.,"Rep. Fred Gee, 126th Dist.; Rep. Josh Elliott, 88th Dist.","REP. WELANDER, 114th Dist.",ftp://ftp.cga.ct.gov/2024/cbs/h/HB-5093.HTM,https://www.cga.ct.gov/2024/TOB/h/pdf/2024HB-05093-R00-HB.pdf
HB-5094.HTM,2024,Proposed Bill,"REP. KARA ROCHELLE, 104th DIST.",AN ACT CONCERNING FULL AND IMMEDIATE FUNDING OF THE EDUCATION COST SHARING GRANT.,To fully fund the education cost sharing grant.,,"REP. ROCHELLE, 104th Dist.",ftp://ftp.cga.ct.gov/2024/cbs/h/HB-5094.HTM,https://www.cga.ct.gov/2024/TOB/h/pdf/2024HB-05094-R00-HB.pdf
HB-5095.HTM,2024,Proposed Bill,"REP. RACHEL CHALESKI, 138th DIST.",AN ACT CONCERNING THE USE OF FEDERAL FUNDING TO PROVIDE ASSISTANCE TO THE CITY OF DANBURY FOR CERTAIN SCHOOL CONSTRUCTION COSTS.,To allocate federal funding under the American Rescue Plan Act to the city of Danbury for the purpose of making accommodations at Danbury High School which are necessary due to COVID-related supply chain disruptions.,,"REP. CHALESKI, 138th Dist.",ftp://ftp.cga.ct.gov/2024/cbs/h/HB-5095.HTM,https://www.cga.ct.gov/2024/TOB/h/pdf/2024HB-05095-R00-HB.pdf
HB-5096.HTM,2024,Proposed Bill,"REP. BOB GODFREY, 110th DIST.",AN ACT REDUCING THE RATE OF THE SALES AND USE TAXES.,To reduce the rate of the sales and use taxes to six per cent.,"Rep. Craig C. Fishbein, 90th Dist.; Sen. Rob Sampson, 16th Dist.","REP. GODFREY, 110th Dist.",ftp://ftp.cga.ct.gov/2024/cbs/h/HB-5096.HTM,https://www.cga.ct.gov/2024/TOB/h/pdf/2024HB-05096-R00-HB.pdf
HB-5097.HTM,2024,Proposed Bill,"REP. TIM ACKERT, 8th DIST.",AN ACT CONCERNING THE APPRENTICESHIP TRAINING TAX CREDIT.,To increase the maximum amount of the corporation business tax credit for wages paid to apprentices in the construction trades from four thousand dollars to seven thousand five hundred dollars per apprentice.,,"REP. ACKERT, 8th Dist.",ftp://ftp.cga.ct.gov/2024/cbs/h/HB-5097.HTM,https://www.cga.ct.gov/2024/TOB/h/pdf/2024HB-05097-R00-HB.pdf
HB-5098.HTM,2024,Proposed Bill,"REP. LIZ LINEHAN, 103rd DIST.",AN ACT EXEMPTING PROPANE GAS FOR RESIDENTIAL BACKUP GENERATORS FROM THE PETROLEUM PRODUCTS GROSS EARNINGS TAX.,To exempt from the petroleum products gross earnings tax propane gas to be used in residential backup generators.,,"REP. LINEHAN, 103rd Dist.",ftp://ftp.cga.ct.gov/2024/cbs/h/HB-5098.HTM,https://www.cga.ct.gov/2024/TOB/h/pdf/2024HB-05098-R00-HB.pdf
HB-5099.HTM,2024,Proposed Bill,"REP. MITCH BOLINSKY, 106th DIST.REP. MARTIN FONCELLO, 107th DIST.SEN. TONY HWANG, 28th DIST.",AN ACT CONCERNING THE FILM PRODUCTION AND DIGITAL ANIMATION PRODUCTION TAX CREDITS.,To replace the film production and digital animation production tax credits with a proof of performance rebate program.,,"REP. BOLINSKY, 106th Dist. ; REP. FONCELLO, 107th Dist. ; SEN. HWANG, 28th Dist.",ftp://ftp.cga.ct.gov/2024/cbs/h/HB-5099.HTM,https://www.cga.ct.gov/2024/TOB/h/pdf/2024HB-05099-R00-HB.pdf
HB-5100.HTM,2024,Proposed Bill,"REP. DERELL WILSON, 46th DIST.REP. KEVIN RYAN, 139th DIST.SEN. CATHERINE A. OSTEN, 19th DIST.",AN ACT AUTHORIZING BONDS OF THE STATE FOR CAPITAL IMPROVEMENTS TO THE WATERFRONT AND MARINA IN THE CITY OF NORWICH.,To provide funding for capital improvements to the waterfront and marina in the city of Norwich.,,"REP. WILSON, 46th Dist. ; REP. RYAN, 139th Dist. ; SEN. OSTEN, 19th Dist.",ftp://ftp.cga.ct.gov/2024/cbs/h/HB-5100.HTM,https://www.cga.ct.gov/2024/TOB/h/pdf/2024HB-05100-R00-HB.pdf
HB-5101.HTM,2024,Proposed Bill,"REP. HOLLY H. CHEESEMAN, 37th DIST.",AN ACT ESTABLISHING A TAX CREDIT FOR EDUCATIONAL ACCESS AND OPPORTUNITY SCHOLARSHIPS.,To establish a tax credit for donations made to nonprofit entities that provide educational access and opportunity scholarships.,"Rep. Devin R. Carney, 23rd Dist.; Rep. Mark W Anderson, 62nd Dist.; Rep. Tami Zawistowski, 61st Dist.; Rep. Tom O'Dea, 125th Dist.; Rep. Seth Bronko, 70th Dist.; Rep. Laura Dancho, 120th Dist.; Sen. Rob Sampson, 16th Dist.; Sen. Ryan Fazio, 36th Dist.; Rep. David Rutigliano, 123rd Dist.; ","REP. CHEESEMAN, 37th Dist.",ftp://ftp.cga.ct.gov/2024/cbs/h/HB-5101.HTM,https://www.cga.ct.gov/2024/TOB/h/pdf/2024HB-05101-R00-HB.pdf
HB-5102.HTM,2024,Proposed Bill,"REP. TIM ACKERT, 8th DIST.",AN ACT COMBINING THE PETROLEUM PRODUCTS GROSS EARNINGS TAX AND THE MOTOR VEHICLE FUELS TAX.,To combine the petroleum products gross earnings tax and the motor vehicle fuels tax and impose one tax on a per-gallon basis.,,"REP. ACKERT, 8th Dist.",ftp://ftp.cga.ct.gov/2024/cbs/h/HB-5102.HTM,https://www.cga.ct.gov/2024/TOB/h/pdf/2024HB-05102-R00-HB.pdf
HB-5103.HTM,2024,Proposed Bill,"REP. MARTIN FONCELLO, 107th DIST.",AN ACT EXEMPTING CERTAIN GOODS PURCHASED BY IN-STATE BUSINESSES FROM THE SALES TAX.,To exempt from the sales tax goods purchased by in-state businesses from other in-state businesses.,"Rep. Craig C. Fishbein, 90th Dist.; ","REP. FONCELLO, 107th Dist.",ftp://ftp.cga.ct.gov/2024/cbs/h/HB-5103.HTM,https://www.cga.ct.gov/2024/TOB/h/pdf/2024HB-05103-R00-HB.pdf
HB-5104.HTM,2024,Proposed Bill,"REP. MARTIN FONCELLO, 107th DIST.",AN ACT INCREASING THE AMOUNT OF THE PROPERTY TAX CREDIT FOR CERTAIN TAXPAYERS.,To increase the amount of the property tax credit to five hundred dollars for taxpayers over sixty-five years of age.,"Rep. Craig C. Fishbein, 90th Dist.; ","REP. FONCELLO, 107th Dist.",ftp://ftp.cga.ct.gov/2024/cbs/h/HB-5104.HTM,https://www.cga.ct.gov/2024/TOB/h/pdf/2024HB-05104-R00-HB.pdf
HB-5105.HTM,2024,Proposed Bill,"REP. NICOLE KLARIDES-DITRIA, 105th DIST.",AN ACT EXEMPTING AMBULANCES FROM THE SALES AND USE TAXES.,"To exempt from the sales and use taxes the sale of and the storage, use or other consumption in this state of ambulances.","Rep. Craig C. Fishbein, 90th Dist.; ","REP. KLARIDES -DITRIA, 105th Dist.",ftp://ftp.cga.ct.gov/2024/cbs/h/HB-5105.HTM,https://www.cga.ct.gov/2024/TOB/h/pdf/2024HB-05105-R00-HB.pdf
HB-5106.HTM,2024,Proposed Bill,"REP. RACHEL CHALESKI, 138th DIST.",AN ACT ELIMINATING THE QUALIFYING INCOME THRESHOLDS FOR THE PERSONAL INCOME TAX DEDUCTIONS FOR SOCIAL SECURITY BENEFITS AND PENSION OR ANNUITY INCOME.,To eliminate the qualifying income thresholds for the personal income tax deductions for Social Security benefits and pension or annuity income.,,"REP. CHALESKI, 138th Dist.",ftp://ftp.cga.ct.gov/2024/cbs/h/HB-5106.HTM,https://www.cga.ct.gov/2024/TOB/h/pdf/2024HB-05106-R00-HB.pdf
HB-5107.HTM,2024,Proposed Bill,"REP. RACHEL CHALESKI, 138th DIST.","AN ACT CONCERNING THE SALES AND USE TAXES IMPOSED ON MEALS SOLD BY AN EATING ESTABLISHMENT, CATERER OR GROCERY STORE.","To eliminate the additional one per cent sales and use taxes imposed on meals sold by an eating establishment, caterer or grocery store.","Rep. Craig C. Fishbein, 90th Dist.; ","REP. CHALESKI, 138th Dist.",ftp://ftp.cga.ct.gov/2024/cbs/h/HB-5107.HTM,https://www.cga.ct.gov/2024/TOB/h/pdf/2024HB-05107-R00-HB.pdf
HB-5108.HTM,2024,Proposed Bill,"REP. BEN MCGORTY, 122nd DIST.",AN ACT ELIMINATING THE QUALIFYING INCOME THRESHOLDS FOR THE PERSONAL INCOME TAX DEDUCTION FOR PENSION OR ANNUITY INCOME.,To eliminate the qualifying income thresholds for the personal income tax deduction for pension or annuity income.,,"REP. MCGORTY B., 122nd Dist.",ftp://ftp.cga.ct.gov/2024/cbs/h/HB-5108.HTM,https://www.cga.ct.gov/2024/TOB/h/pdf/2024HB-05108-R00-HB.pdf
HB-5109.HTM,2024,Proposed Bill,"REP. JASON PERILLO, 113th DIST.",AN ACT ESTABLISHING A TAX CREDIT FOR FARMERS WHO PURCHASE EQUIPMENT AND TECHNOLOGY FOR THEIR FARMS.,To establish a credit against the tax imposed under chapter 208 or 229 of the general statutes for farmers who purchase equipment and technology for their farms.,,"REP. PERILLO J., 113th Dist.",ftp://ftp.cga.ct.gov/2024/cbs/h/HB-5109.HTM,https://www.cga.ct.gov/2024/TOB/h/pdf/2024HB-05109-R00-HB.pdf
HB-5110.HTM,2024,Proposed Bill,"REP. JOSH ELLIOTT, 88th DIST.REP. VINCENT J. CANDELORA, 86th DIST.REP. JASON ROJAS, 9th DIST.REP. KATE FARRAR, 20th DIST.",AN ACT ELIMINATING THE FILM PRODUCTION TAX CREDIT.,To eliminate the film production tax credit.,"Rep. Aundre Bumgardner, 41st Dist.; ","REP. ELLIOTT, 88th Dist. ; REP. CANDELORA V., 86th Dist. ; REP. ROJAS, 9th Dist. ; REP. FARRAR K., 20th Dist.",ftp://ftp.cga.ct.gov/2024/cbs/h/HB-5110.HTM,https://www.cga.ct.gov/2024/TOB/h/pdf/2024HB-05110-R00-HB.pdf
HB-5111.HTM,2024,Proposed Bill,"REP. DERELL WILSON, 46th DIST.REP. KEVIN RYAN, 139th DIST.SEN. CATHERINE A. OSTEN, 19th DIST.",AN ACT AUTHORIZING BONDS OF THE STATE FOR THE INSTALLATION OF A POLICE STATION IN THE CITY OF NORWICH.,To provide funding for the installation of a police station in the city of Norwich.,,"REP. WILSON, 46th Dist. ; REP. RYAN, 139th Dist. ; SEN. OSTEN, 19th Dist.",ftp://ftp.cga.ct.gov/2024/cbs/h/HB-5111.HTM,https://www.cga.ct.gov/2024/TOB/h/pdf/2024HB-05111-R00-HB.pdf
HB-5112.HTM,2024,Proposed Bill,"REP. DERELL WILSON, 46th DIST.REP. KEVIN RYAN, 139th DIST.SEN. CATHERINE A. OSTEN, 19th DIST.",AN ACT AUTHORIZING BONDS OF THE STATE FOR CAPITAL IMPROVEMENTS TO FONTAINE FIELD IN THE CITY OF NORWICH.,To provide funding for capital improvements to Fontaine Field in the city of Norwich.,,"REP. WILSON, 46th Dist. ; REP. RYAN, 139th Dist. ; SEN. OSTEN, 19th Dist.",ftp://ftp.cga.ct.gov/2024/cbs/h/HB-5112.HTM,https://www.cga.ct.gov/2024/TOB/h/pdf/2024HB-05112-R00-HB.pdf
HB-5113.HTM,2024,Proposed Bill,"REP. JOSH ELLIOTT, 88th DIST.REP. TOM ARNONE, 58th DIST.REP. MARCUS BROWN, 127th DIST.REP. JUAN R. CANDELARIA, 95th DIST.REP. BRANDON CHAFEE, 33rd DIST.REP. MIKE DEMICCO, 21st DIST.REP. KEITH DENNING, 42nd DIST.REP. JASON DOUCETTE, 13th DIST.REP. KATE FARRAR, 20th DIST.REP. ANTONIO FELIPE, 130th DIST.REP. ANNE M. HUGHES, 135th DIST.REP. SUSAN M. JOHNSON, 49th DIST.REP. SARAH KEITT, 134th DIST.REP. ROLAND J. LEMAR, 96th DIST.REP. DAVID MICHEL, 146th DIST.REP. EMMANUEL SANCHEZ, 24th DIST.REP. GARY A. TURCO, 27th DIST.","AN ACT INCREASING THE HIGHEST MARGINAL RATE OF THE PERSONAL INCOME TAX AND ESTABLISHING A CAPITAL GAINS SURCHARGE TO PROVIDE FUNDING FOR CERTAIN CHILD-RELATED, MUNICIPAL AND HIGHER EDUCATION INITIATIVES.","To increase certain personal income tax marginal rates and establish a capital gains surcharge to provide funding for a child tax credit, a mill rate cap and municipal reimbursements for such cap and support of certain higher education programs and institutions.","Rep. Anthony L. Nolan, 39th Dist.; Rep. Christine Palm, 36th Dist.; Rep. Kevin Brown, 56th Dist.; Rep. Eleni Kavros DeGraw, 17th Dist.; Rep. Robyn A. Porter, 94th Dist.; Sen. Julie Kushner, 24th Dist.; Sen. Herron Gaston, 23rd Dist.; ","REP. ELLIOTT, 88th Dist. ; REP. ARNONE, 58th Dist. ; REP. BROWN, 127th Dist. ; REP. CANDELARIA J., 95th Dist. ; REP. CHAFEE, 33rd Dist. ; REP. DEMICCO, 21st Dist. ; REP. DENNING, 42nd Dist. ; REP. DOUCETTE, 13th Dist. ; REP. FARRAR K., 20th Dist. REP. FELIPE, 130th Dist. ; REP. HUGHES, 135th Dist. ; REP. JOHNSON, 49th Dist. ; REP. KEITT, 134th Dist. ; REP. LEMAR, 96th Dist. ; REP. MICHEL, 146th Dist. ; REP. SANCHEZ E., 24th Dist. ; REP. TURCO, 27th Dist.",ftp://ftp.cga.ct.gov/2024/cbs/h/HB-5113.HTM,https://www.cga.ct.gov/2024/TOB/h/pdf/2024HB-05113-R00-HB.pdf
HB-5114.HTM,2024,Proposed Bill,"REP. JILLIAN GILCHREST, 18th DIST.SEN. MARILYN V. MOORE, 22nd DIST.REP. ANTONIO FELIPE, 130th DIST.REP. JOSH ELLIOTT, 88th DIST.REP. COREY P. PARIS, 145th DIST.REP. CHRISTINE PALM, 36th DIST.REP. ROLAND J. LEMAR, 96th DIST.REP. ELENI KAVROS DEGRAW, 17th DIST.REP. MOIRA RADER, 98th DIST.REP. KAI J. BELTON, 100th DIST.REP. SARAH KEITT, 134th DIST.REP. DAVID MICHEL, 146th DIST.REP. HUBERT D. DELANY, 144th DIST.SEN. DEREK SLAP, 5th DIST.REP. STEVEN J. STAFSTROM, 129th DIST.",AN ACT ESTABLISHING AN EXCISE TAX ON AMMUNITION TO PROVIDE FUNDING FOR COMMUNITY GUN VIOLENCE AND INTERVENTION PROGRAM GRANTS.,"To establish an excise tax on the purchase of ammunition by a business for sale at retail and dedicate the revenue generated from such tax to fund grants through the community gun violence intervention and prevention program, with the advice of the Commission on Community Gun Violence Intervention and Prevention.","Sen. Saud Anwar, 3rd Dist.; Rep. Aimee Berger-Girvalo, 111th Dist.; Sen. Herron Gaston, 23rd Dist.; ","REP. GILCHREST, 18th Dist. ; SEN. MOORE, 22nd Dist. ; REP. FELIPE, 130th Dist. ; REP. ELLIOTT, 88th Dist. ; REP. PARIS, 145th Dist. ; REP. PALM, 36th Dist. ; REP. LEMAR, 96th Dist. ; REP. KAVROS DEGRAW, 17th Dist. REP. RADER, 98th Dist. ; REP. BELTON, 100th Dist. ; REP. KEITT, 134th Dist. ; REP. MICHEL, 146th Dist. ; REP. DELANY, 144th Dist. ; SEN. SLAP, 5th Dist. ; REP. STAFSTRO M, 129th Dist.",ftp://ftp.cga.ct.gov/2024/cbs/h/HB-5114.HTM,https://www.cga.ct.gov/2024/TOB/h/pdf/2024HB-05114-R00-HB.pdf
HB-5115.HTM,2024,Proposed Bill,"REP. JUAN R. CANDELARIA, 95th DIST.",AN ACT AUTHORIZING BONDS OF THE STATE FOR GRANTS-IN-AID TO CERTAIN NONPROFIT ORGANIZATIONS FOR THE DEVELOPMENT OF AFFORDABLE HOUSING.,To provide funding for certain nonprofits to develop affordable housing projects in collaboration with local public housing authorities.,,"REP. CANDELARIA J., 95th Dist.",ftp://ftp.cga.ct.gov/2024/cbs/h/HB-5115.HTM,https://www.cga.ct.gov/2024/TOB/h/pdf/2024HB-05115-R00-HB.pdf
HB-5116.HTM,2024,Proposed Bill,"REP. JASON DOUCETTE, 13th DIST.REP. JILL BARRY, 31st DIST.SEN. MD RAHMAN, 4th DIST.REP. STEVE WEIR, 55th DIST.",AN ACT REDUCING THE MILL RATE CAP FOR MOTOR VEHICLES AND REIMBURSING MUNICIPALITIES FOR LOST REVENUE.,To reduce the mill rate cap for motor vehicles and adjust the grants payable from the Municipal Revenue Sharing Fund to reimburse municipalities for the resulting revenue loss.,"Rep. Tom Delnicki, 14th Dist.; ","REP. DOUCETTE, 13th Dist. ; REP. BARRY, 31st Dist. ; SEN. RAHMAN, 4th Dist. ; REP. WEIR, 55th Dist.",ftp://ftp.cga.ct.gov/2024/cbs/h/HB-5116.HTM,https://www.cga.ct.gov/2024/TOB/h/pdf/2024HB-05116-R00-HB.pdf
HB-5117.HTM,2024,Proposed Bill,"REP. JASON DOUCETTE, 13th DIST.REP. BRANDON CHAFEE, 33rd DIST.REP. JOSH ELLIOTT, 88th DIST.REP. ANNE M. HUGHES, 135th DIST.REP. SUSAN M. JOHNSON, 49th DIST.REP. ELENI KAVROS DEGRAW, 17th DIST.REP. ROLAND J. LEMAR, 96th DIST.REP. CHRISTINE PALM, 36th DIST.REP. COREY P. PARIS, 145th DIST.REP. EMMANUEL SANCHEZ, 24th DIST.REP. GARY A. TURCO, 27th DIST.",AN ACT CONCERNING THE ESTATE AND GIFT TAXES AND THE USE OF THE REVENUE GENERATED FROM SUCH TAXES.,"To reduce the estate tax exemption threshold to three million six hundred thousand dollars and eliminate the caps on estate and gift taxes, and deposit the revenue from such taxes in the Early Childhood Education Fund.","Rep. David Michel, 146th Dist.; ","REP. DOUCETTE, 13th Dist. ; REP. CHAFEE, 33rd Dist. ; REP. ELLIOTT, 88th Dist. ; REP. HUGHES, 135th Dist. ; REP. JOHNSON, 49th Dist. ; REP. KAVROS DEGRAW, 17th Dist. REP. LEMAR, 96th Dist. ; REP. PALM, 36th Dist. ; REP. PARIS, 145th Dist. ; REP. SANCHEZ E., 24th Dist. ; REP. TURCO, 27th Dist.",ftp://ftp.cga.ct.gov/2024/cbs/h/HB-5117.HTM,https://www.cga.ct.gov/2024/TOB/h/pdf/2024HB-05117-R00-HB.pdf
HB-5118.HTM,2024,Proposed Bill,"REP. JASON DOUCETTE, 13th DIST.REP. BRANDON CHAFEE, 33rd DIST.REP. JOSH ELLIOTT, 88th DIST.REP. ANNE M. HUGHES, 135th DIST.REP. SUSAN M. JOHNSON, 49th DIST.REP. ELENI KAVROS DEGRAW, 17th DIST.REP. ROLAND J. LEMAR, 96th DIST.REP. CHRISTINE PALM, 36th DIST.REP. COREY P. PARIS, 145th DIST.REP. EMMANUEL SANCHEZ, 24th DIST.REP. GARY A. TURCO, 27th DIST.",AN ACT ESTABLISHING A CAPITAL GAINS SURCHARGE AND CONCERNING THE USE OF THE REVENUE GENERATED FROM SUCH SURCHARGE.,"To establish a capital gains surcharge on certain taxpayers, to be deposited in the Early Childhood Education Fund.","Rep. David Michel, 146th Dist.; ","REP. DOUCETTE, 13th Dist. ; REP. CHAFEE, 33rd Dist. ; REP. ELLIOTT, 88th Dist. ; REP. HUGHES, 135th Dist. ; REP. JOHNSON, 49th Dist. ; REP. KAVROS DEGRAW, 17th Dist. REP. LEMAR, 96th Dist. ; REP. PALM, 36th Dist. ; REP. PARIS, 145th Dist. ; REP. SANCHEZ E., 24th Dist. ; REP. TURCO, 27th Dist.",ftp://ftp.cga.ct.gov/2024/cbs/h/HB-5118.HTM,https://www.cga.ct.gov/2024/TOB/h/pdf/2024HB-05118-R00-HB.pdf
HB-5119.HTM,2024,Proposed Bill,"REP. MARY M. MUSHINSKY, 85th DIST.REP. VINCENT J. CANDELORA, 86th DIST.",AN ACT AUTHORIZING BONDS OF THE STATE FOR EARLY INTERVENTION PROGRAMS FOR CERTAIN YOUTHS DISCONNECTED FROM EDUCATION AND WORKFORCE TRAINING.,To provide funding to identify youths who are disconnected from education and workforce training and at risk for criminal behavior and direct them to early intervention programs.,"Rep. Craig C. Fishbein, 90th Dist.; ","REP. MUSHINSKY, 85th Dist. ; REP. CANDELORA V., 86th Dist.",ftp://ftp.cga.ct.gov/2024/cbs/h/HB-5119.HTM,https://www.cga.ct.gov/2024/TOB/h/pdf/2024HB-05119-R00-HB.pdf
HB-5120.HTM,2024,Proposed Bill,"REP. JASON DOUCETTE, 13th DIST.",AN ACT AUTHORIZING BONDS OF THE STATE FOR SUPPORTIVE HOUSING DEVELOPMENT.,To provide funding for supportive housing developments to provide additional units of affordable housing with support services.,,"REP. DOUCETTE, 13th Dist.",ftp://ftp.cga.ct.gov/2024/cbs/h/HB-5120.HTM,https://www.cga.ct.gov/2024/TOB/h/pdf/2024HB-05120-R00-HB.pdf
HB-5121.HTM,2024,Proposed Bill,"REP. LUCY DATHAN, 142nd DIST.",AN ACT CONCERNING AUTHORIZATION OF BONDS OF THE STATE TO THE DEPARTMENT OF MENTAL HEALTH AND ADDICTION SERVICES FOR THE ESTABLISHMENT OF MENTAL HEALTH URGENT CARE CRISIS CENTERS.,To provide financial assistance to nonprofit providers of mental health care services to establish mental health urgent crisis centers in areas of need in the state.,"Sen. Jorge Cabrera, 17th Dist.; ","REP. DATHAN, 142nd Dist.",ftp://ftp.cga.ct.gov/2024/cbs/h/HB-5121.HTM,https://www.cga.ct.gov/2024/TOB/h/pdf/2024HB-05121-R00-HB.pdf
HB-5122.HTM,2024,Proposed Bill,"REP. JASON DOUCETTE, 13th DIST.",AN ACT AUTHORIZING BONDS OF THE STATE TO FUND THE SMALL MULTIFAMILY LENDING PROGRAM.,To provide funding for the small multifamily lending program in order to create more affordable housing in the state.,,"REP. DOUCETTE, 13th Dist.",ftp://ftp.cga.ct.gov/2024/cbs/h/HB-5122.HTM,https://www.cga.ct.gov/2024/TOB/h/pdf/2024HB-05122-R00-HB.pdf
HB-5123.HTM,2024,Proposed Bill,"REP. JUAN R. CANDELARIA, 95th DIST.",AN ACT AUTHORIZING BONDS OF THE STATE FOR A CHILD CARE CENTER IN THE FAIR HAVEN NEIGHBORHOOD OF THE CITY OF NEW HAVEN.,"To provide funding for a child care center in the Fair Haven neighborhood of the city New Haven, to ensure children continue to receive child care services in the neighborhood.",,"REP. CANDELARIA J., 95th Dist.",ftp://ftp.cga.ct.gov/2024/cbs/h/HB-5123.HTM,https://www.cga.ct.gov/2024/TOB/h/pdf/2024HB-05123-R00-HB.pdf
HB-5124.HTM,2024,Proposed Bill,"REP. CHRISTOPHER ROSARIO, 128th DIST.",AN ACT INCREASING CITIZENS' ELECTION PROGRAM GRANTS IN LIGHT OF THE IMPLEMENTATION OF EARLY VOTING.,To increase Citizens' Election Program grants so that participating candidates can help inform voters about the implementation of early voting.,,"REP. ROSARIO, 128th Dist. ; (By Request)",ftp://ftp.cga.ct.gov/2024/cbs/h/HB-5124.HTM,https://www.cga.ct.gov/2024/TOB/h/pdf/2024HB-05124-R00-HB.pdf
HB-5125.HTM,2024,Proposed Bill,"REP. MINNIE GONZALEZ, 3rd DIST.REP. JUAN R. CANDELARIA, 95th DIST.REP. FARLEY SANTOS, 109th DIST.REP. ROBERT SANCHEZ, 25th DIST.REP. EMMANUEL SANCHEZ, 24th DIST.REP. HILDA E. SANTIAGO, 84th DIST.REP. JAMES SANCHEZ, 6th DIST.REP. CHRISTOPHER ROSARIO, 128th DIST.REP. GERALDO C. REYES, 75th DIST.REP. ANABEL D. FIGUEROA, 148th DIST.",AN ACT CONCERNING CITIZENS' ELECTION PROGRAM GRANTS AND EARLY VOTING.,To increase Citizens' Election Program grants due to the implementation of early voting.,,"REP. GONZALEZ, 3rd Dist. ; REP. CANDELARIA J., 95th Dist. ; REP. SANTOS, 109th Dist. ; REP. SANCHEZ R., 25th Dist. ; REP. SANCHEZ E., 24th Dist. REP. SANTIAGO H., 84th Dist. ; REP. SANCHEZ, 6th Dist. ; REP. ROSARIO, 128th Dist. ; REP. REYES, 75th Dist. ; REP. FIGUEROA, 148th Dist.",ftp://ftp.cga.ct.gov/2024/cbs/h/HB-5125.HTM,https://www.cga.ct.gov/2024/TOB/h/pdf/2024HB-05125-R00-HB.pdf
HB-5126.HTM,2024,Raised Bill,Higher Education and Employment Advancement Committee,AN ACT CONCERNING POSTSECONDARY EDUCATION OPPORTUNITIES IN THE STATE.,To study postsecondary education opportunities in the state.,"Rep. William Pizzuto, 71st Dist.; ",(HED),ftp://ftp.cga.ct.gov/2024/cbs/h/HB-5126.HTM,https://www.cga.ct.gov/2024/TOB/h/pdf/2024HB-05126-R00-HB.pdf
HB-5127.HTM,2024,Raised Bill,Higher Education and Employment Advancement Committee,AN ACT REQUIRING A NEEDS ASSESSMENT FOR THE DELIVERY OF POSTSECONDARY EDUCATION PROGRAMS IN CORRECTIONAL FACILITIES.,"To require the Department of Correction to conduct a needs assessment of the facilities, materials and staffing required for the delivery of postsecondary education programs in correctional institutions.","Rep. Anne M. Hughes, 135th Dist.; Rep. Josh Elliott, 88th Dist.",(HED),ftp://ftp.cga.ct.gov/2024/cbs/h/HB-5127.HTM,https://www.cga.ct.gov/2024/TOB/h/pdf/2024HB-05127-R00-HB.pdf
HB-5128.HTM,2024,Raised Bill,Higher Education and Employment Advancement Committee,AN ACT REQUIRING DISCLOSURE OF SCHOLARSHIP DISPLACEMENT POLICIES AT INSTITUTIONS OF HIGHER EDUCATION.,To require each institution of higher education to disclose its scholarship displacement policies.,"Rep. Francis Cooley, 22nd Dist.; Rep. Kathleen M. McCarty, 38th Dist.; Rep. Irene M. Haines, 34th Dist.; Rep. Martin Foncello, 107th Dist.; Rep. Tom Delnicki, 14th Dist.; Sen. Lisa Seminara, 8th Dist.; Sen. Eric C. Berthel, 32nd Dist.; Sen. Henri Martin, 31st Dist.",(HED),ftp://ftp.cga.ct.gov/2024/cbs/h/HB-5128.HTM,https://www.cga.ct.gov/2024/TOB/h/pdf/2024HB-05128-R00-HB.pdf
HB-5129.HTM,2024,Raised Bill,Higher Education and Employment Advancement Committee,AN ACT CONCERNING SUBSTANCE-FREE HOUSING ON COLLEGE CAMPUSES.,To require institutions of higher education to provide options for substance-free housing on campus.,"Rep. Craig C. Fishbein, 90th Dist.; Rep. Devin R. Carney, 23rd Dist.; Rep. Mitch Bolinsky, 106th Dist.; Rep. Holly H. Cheeseman, 37th Dist.; Rep. Gary A. Turco, 27th Dist.; Rep. Tami Zawistowski, 61st Dist.; Rep. David Rutigliano, 123rd Dist.; Rep. Robin E. Comey, 102nd Dist.; Rep. Eleni Kavros DeGraw, 17th Dist.; Rep. Michelle L. Cook, 65th Dist.; Rep. William Pizzuto, 71st Dist.; Rep. Henry J. Genga, 10th Dist.; Rep. Irene M. Haines, 34th Dist.; Rep. Martin Foncello, 107th Dist.; Rep. Donna Veach, 30th Dist.; Rep. Dave W. Yaccarino, 87th Dist.; Rep. Tracy Marra, 141st Dist.; Rep. Matt Blumenthal, 147th Dist.",(HED),ftp://ftp.cga.ct.gov/2024/cbs/h/HB-5129.HTM,https://www.cga.ct.gov/2024/TOB/h/pdf/2024HB-05129-R00-HB.pdf
HB-5130.HTM,2024,Proposed Bill,"REP. LUCY DATHAN, 142nd DIST.",AN ACT CONCERNING PEER RECOVERY SUPPORT SERVICES.,To provide additional peer support services to residents suffering from substance use disorders.,"Rep. David Michel, 146th Dist.; Sen. Saud Anwar, 3rd Dist.; Rep. Kerry S. Wood, 29th Dist.; Rep. Tom Delnicki, 14th Dist.","REP. DATHAN, 142nd Dist.",ftp://ftp.cga.ct.gov/2024/cbs/h/HB-5130.HTM,https://www.cga.ct.gov/2024/TOB/h/pdf/2024HB-05130-R00-HB.pdf
HB-5131.HTM,2024,Proposed Bill,"REP. MICHELLE L. COOK, 65th DIST.",AN ACT CONCERNING MEDICAID REIMBURSEMENT PARITY FOR OPTOMETRISTS.,To end the practice in which optometrists are reimbursed ninety per cent of the fee paid to ophthalmologists in the Medicaid program.,"Rep. Joseph P. Gresko, 121st Dist.; ","REP. COOK, 65th Dist.",ftp://ftp.cga.ct.gov/2024/cbs/h/HB-5131.HTM,https://www.cga.ct.gov/2024/TOB/h/pdf/2024HB-05131-R00-HB.pdf
HB-5132.HTM,2024,Proposed Bill,"REP. MARTIN FONCELLO, 107th DIST.",AN ACT CONCERNING VETERANS' PENSIONS AND DISABILITY BENEFITS.,To exempt a veteran's military pension and veterans' disability benefit income from the personal income tax.,"Rep. Craig C. Fishbein, 90th Dist.; Rep. Mitch Bolinsky, 106th Dist.; Rep. Brian Lanoue, 45th Dist.; Rep. Jennifer Leeper, 132nd Dist.","REP. FONCELLO, 107th Dist.",ftp://ftp.cga.ct.gov/2024/cbs/h/HB-5132.HTM,https://www.cga.ct.gov/2024/TOB/h/pdf/2024HB-05132-R00-HB.pdf
HB-5133.HTM,2024,Proposed Bill,"REP. HUBERT D. DELANY, 144th DIST.REP. ANTHONY L. NOLAN, 39th DIST.",AN ACT CONCERNING THE MILITARY RELIEF FUND.,To expand the purposes for which Military Relief Fund grants may be made.,"Sen. Martha Marx, 20th Dist.; ","REP. DELANY, 144th Dist. ; REP. NOLAN, 39th Dist.",ftp://ftp.cga.ct.gov/2024/cbs/h/HB-5133.HTM,https://www.cga.ct.gov/2024/TOB/h/pdf/2024HB-05133-R00-HB.pdf
HB-5134.HTM,2024,Proposed Bill,"REP. JUAN R. CANDELARIA, 95th DIST.",AN ACT CONCERNING A GRANT-IN-AID TO THE HUNEEBEE PROJECT IN NEW HAVEN.,To assist in equitable job preparedness for students.,,"REP. CANDELARIA J., 95th Dist.",ftp://ftp.cga.ct.gov/2024/cbs/h/HB-5134.HTM,https://www.cga.ct.gov/2024/TOB/h/pdf/2024HB-05134-R00-HB.pdf
HB-5135.HTM,2024,Proposed Bill,"REP. STEVE WEIR, 55th DIST.",AN ACT CONCERNING A SUBSIDY FOR RETIRED TEACHERS' HEALTH INSURANCE.,"To provide a one-third state subsidy for the cost of teachers' Medicare supplement health insurance, which would treat all plans equitably.",,"REP. WEIR, 55th Dist. ; (By Request)",ftp://ftp.cga.ct.gov/2024/cbs/h/HB-5135.HTM,https://www.cga.ct.gov/2024/TOB/h/pdf/2024HB-05135-R00-HB.pdf
HB-5136.HTM,2024,Proposed Bill,"REP. MARY WELANDER, 114th DIST.",AN ACT CONCERNING FUNDING FOR THE OFFICE OF THE CHILD ADVOCATE.,To ensure greater safety of the children in the care of the Department of Children and Families.,,"REP. WELANDER, 114th Dist.",ftp://ftp.cga.ct.gov/2024/cbs/h/HB-5136.HTM,https://www.cga.ct.gov/2024/TOB/h/pdf/2024HB-05136-R00-HB.pdf
HB-5137.HTM,2024,Proposed Bill,"REP. ALPHONSE PAOLILLO, 97th DIST.REP. TONI E. WALKER, 93rd DIST.REP. PATRICIA A. DILLON, 92nd DIST.SEN. MARTIN M. LOONEY, 11th DIST.",AN ACT CONCERNING FUNDING FOR THE CITY OF NEW HAVEN'S YOUTH AT WORK PROGRAM.,To support children in the New Haven community by providing them with youth employment opportunities.,"Sen. Gary A. Winfield, 10th Dist.; ","REP. PAOLILLO A., 97th Dist. ; REP. WALKER, 93rd Dist. ; REP. DILLON, 92nd Dist. ; SEN. LOONEY, 11th Dist.",ftp://ftp.cga.ct.gov/2024/cbs/h/HB-5137.HTM,https://www.cga.ct.gov/2024/TOB/h/pdf/2024HB-05137-R00-HB.pdf
HB-5138.HTM,2024,Proposed Bill,"REP. JASON DOUCETTE, 13th DIST.REP. ANTHONY L. NOLAN, 39th DIST.",AN ACT CONCERNING FREE BUS SERVICE FOR VETERANS.,To provide free bus service on CT transit to veterans of the U.S. armed forces.,"Rep. Craig C. Fishbein, 90th Dist.; Rep. Aundre Bumgardner, 41st Dist.; Rep. Ronald A. Napoli, 73rd Dist.; Rep. Jennifer Leeper, 132nd Dist.; Sen. Tony Hwang, 28th Dist.; Sen. Saud Anwar, 3rd Dist.; Rep. Donna Veach, 30th Dist.; Rep. Christopher Rosario, 128th Dist.; Sen. MD Rahman, 4th Dist.; Rep. William Heffernan, 115th Dist.","REP. DOUCETTE, 13th Dist. ; REP. NOLAN, 39th Dist.",ftp://ftp.cga.ct.gov/2024/cbs/h/HB-5138.HTM,https://www.cga.ct.gov/2024/TOB/h/pdf/2024HB-05138-R00-HB.pdf
HB-5139.HTM,2024,Proposed Bill,"REP. MIKE DEMICCO, 21st DIST.",AN ACT CONCERNING HEALTH INSURANCE FOR RETIRED PART-TIME FACULTY OF THE STATE SYSTEM OF PUBLIC HIGHER EDUCATION.,To provide health insurance for retired adjunct faculty of the CSUS who taught not less than one hundred eighty credit hours in aggregate.,"Rep. David Michel, 146th Dist.; ","REP. DEMICCO, 21st Dist.",ftp://ftp.cga.ct.gov/2024/cbs/h/HB-5139.HTM,https://www.cga.ct.gov/2024/TOB/h/pdf/2024HB-05139-R00-HB.pdf
HB-5140.HTM,2024,Raised Bill,Banking Committee,AN ACT CONCERNING EARNED WAGE ACCESS.,"To: (1) Define ""employer-integrated advance"" and ""expedited transfer fee""; and (2) establish exceptions to certain small loan lending laws for employer-integrated advances that meet various requirements.",,(BA),ftp://ftp.cga.ct.gov/2024/cbs/h/HB-5140.HTM,https://www.cga.ct.gov/2024/TOB/h/pdf/2024HB-05140-R00-HB.pdf
HB-5141.HTM,2024,Raised Bill,Banking Committee,AN ACT CONCERNING SHARED APPRECIATION AGREEMENT DISCLOSURES.,To require certain disclosures in connection with shared appreciation agreements.,,(BA),ftp://ftp.cga.ct.gov/2024/cbs/h/HB-5141.HTM,https://www.cga.ct.gov/2024/TOB/h/pdf/2024HB-05141-R00-HB.pdf
HB-5142.HTM,2024,Raised Bill,Banking Committee,"AN ACT CONCERNING CONSUMER CREDIT, CERTAIN BANK REAL ESTATE IMPROVEMENTS, THE CONNECTICUT UNIFORM SECURITIES ACT, SHARED APPRECIATION AGREEMENTS, INNOVATION BANKS, THE COMMUNITY BANK AND COMMUNITY CREDIT UNION PROGRAM AND TECHNICAL REVISIONS TO THE BANKING STATUTES.",To require the Department of Banking to study and submit a report concerning  banking issues in the state.,"Rep. Tom Delnicki, 14th Dist.; ",(BA),ftp://ftp.cga.ct.gov/2024/cbs/h/HB-5142.HTM,https://www.cga.ct.gov/2024/TOB/h/pdf/2024HB-05142-R00-HB.pdf
HB-5143.HTM,2024,Raised Bill,Banking Committee,AN ACT CONCERNING A STUDY OF FINANCIAL TRANSACTIONS IN THE STATE.,To require the Department of Banking to study and submit a report concerning financial transactions in the state.,,(BA),ftp://ftp.cga.ct.gov/2024/cbs/h/HB-5143.HTM,https://www.cga.ct.gov/2024/TOB/h/pdf/2024HB-05143-R00-HB.pdf
HB-5144.HTM,2024,Raised Bill,Banking Committee,AN ACT CONCERNING THE ASSIGNMENT OF CERTAIN LIENS.,"To (1) reduce the interest rate for certain municipal tax liens, and (2) provide that certain attorney's fees (A) may not be received, claimed or collected until commencement of a foreclosure action or a suit on the debt, and (B) shall not be more than fifteen per cent of the amount of any judgment.","Rep. Tom Delnicki, 14th Dist.; ",(BA),ftp://ftp.cga.ct.gov/2024/cbs/h/HB-5144.HTM,https://www.cga.ct.gov/2024/TOB/h/pdf/2024HB-05144-R00-HB.pdf
HB-5145.HTM,2024,Raised Bill,Banking Committee,AN ACT CONCERNING INNOVATION BANKS.,"To change various references from ""uninsured bank"" to ""innovation bank"".",,(BA),ftp://ftp.cga.ct.gov/2024/cbs/h/HB-5145.HTM,https://www.cga.ct.gov/2024/TOB/h/pdf/2024HB-05145-R00-HB.pdf
HB-5146.HTM,2024,Raised Bill,Banking Committee,AN ACT CONCERNING DISCLOSURES OF FINANCIAL RECORDS.,To: (1) Require financial institutions to provide certain financial records to the Commissioner of Social Services or any person deputized by said commissioner within twenty calendar days; and (2) provide that certain actions taken concerning such financial records shall not constitute a class C misdemeanor.,"Rep. Susan M. Johnson, 49th Dist.; Rep. Kara Rochelle, 104th Dist.; Rep. Bill Buckbee, 67th Dist.; Sen. Patricia Billie Miller, 27th Dist.; Rep. Martin Foncello, 107th Dist.; Rep. Tom Delnicki, 14th Dist.; Sen. Eric C. Berthel, 32nd Dist.; ",(BA),ftp://ftp.cga.ct.gov/2024/cbs/h/HB-5146.HTM,https://www.cga.ct.gov/2024/TOB/h/pdf/2024HB-05146-R00-HB.pdf
HB-5147.HTM,2024,Proposed Bill,"REP. BRANDON CHAFEE, 33rd DIST.REP. GEOFF LUXENBERG, 12th DIST.REP. SUSAN M. JOHNSON, 49th DIST.REP. AUNDRE BUMGARDNER, 41st DIST.REP. JILLIAN GILCHREST, 18th DIST.REP. GARY A. TURCO, 27th DIST.REP. ROBYN A. PORTER, 94th DIST.REP. ANNE M. HUGHES, 135th DIST.REP. DAVID MICHEL, 146th DIST.REP. KARA ROCHELLE, 104th DIST.REP. ROLAND J. LEMAR, 96th DIST.REP. EMMANUEL SANCHEZ, 24th DIST.REP. ROBERT SANCHEZ, 25th DIST.REP. PETER A. TERCYAK, 26th DIST.REP. ANTHONY L. NOLAN, 39th DIST.REP. GREGORY HADDAD, 54th DIST.REP. KATE FARRAR, 20th DIST.SEN. SAUD ANWAR, 3rd DIST.SEN. GARY A. WINFIELD, 10th DIST.SEN. RICK LOPES, 6th DIST.SEN. MATTHEW L. LESSER, 9th DIST.SEN. JULIE KUSHNER, 24th DIST.SEN. JORGE CABRERA, 17th DIST.SEN. JAN HOCHADEL, 13th DIST.",AN ACT RESTRUCTURING CERTAIN TAXES.,To restructure certain taxes.,"Rep. Josh Elliott, 88th Dist.; Rep. Christine Palm, 36th Dist.","REP. CHAFEE, 33rd Dist. ; REP. LUXENBERG, 12th Dist. ; REP. JOHNSON, 49th Dist. ; REP. BUMGARDNER, 41st Dist. ; REP. GILCHREST, 18th Dist. ; REP. TURCO, 27th Dist. ; REP. PORTER, 94th Dist. ; REP. HUGHES, 135th Dist. ; REP. MICHEL, 146th Dist. ; REP. ROCHELLE, 104th Dist. ; REP. LEMAR, 96th Dist. ; REP. SANCHEZ E., 24th Dist. REP. SANCHEZ R., 25th Dist. ; REP. TERCYAK, 26th D ist.; REP. NOLAN, 39th Dist. ; REP. HADDAD, 54th Dist. ; REP. FARRAR K., 20th Dist. ; SEN. ANWAR, 3rd Dist. ; SEN. WINFIELD, 10th Dist. ; SEN. LOPES, 6th Dist. ; SEN. LESSER, 9th Dist. ; SEN. KUSHNER, 24th Dist. ; SEN. CABRERA, 17th Dist. ; SEN. HOCHADEL, 13th Dist.",ftp://ftp.cga.ct.gov/2024/cbs/h/HB-5147.HTM,https://www.cga.ct.gov/2024/TOB/h/pdf/2024HB-05147-R00-HB.pdf
HB-5148.HTM,2024,Raised Bill,General Law Committee,AN ACT CONCERNING GROCERY STORE BEER PERMITTEES.,"To redefine ""grocery store"" for purposes of the grocery store beer permit.","Rep. Robyn A. Porter, 94th Dist.; ",(GL),ftp://ftp.cga.ct.gov/2024/cbs/h/HB-5148.HTM,https://www.cga.ct.gov/2024/TOB/h/pdf/2024HB-05148-R00-HB.pdf
HB-5149.HTM,2024,Raised Bill,General Law Committee,AN ACT CONCERNING CAFE AND PACKAGE STORE PERMITTEES.,"To allow (1) beer manufacturer permittees to sell and deliver kegs of beer at locations in this state that are within a five-mile radius of their permit premises, (2) package store permittees to provide fee-based spirits tastings, and (3) Connecticut craft cafe permittees to sell additional alcoholic beverages manufactured in this state.","Rep. Raghib Allie-Brennan, 2nd Dist.; Rep. Irene M. Haines, 34th Dist.; Rep. Christine Conley, 40th Dist.; Rep. Martin Foncello, 107th Dist.; Rep. Tom Delnicki, 14th Dist.; Sen. Lisa Seminara, 8th Dist.",(GL),ftp://ftp.cga.ct.gov/2024/cbs/h/HB-5149.HTM,https://www.cga.ct.gov/2024/TOB/h/pdf/2024HB-05149-R00-HB.pdf
HB-5150.HTM,2024,Raised Bill,General Law Committee,AN ACT CONCERNING CANNABIS AND HEMP REGULATION.,"To: (1) Redefine ""high-THC hemp product"" and ""disproportionately impacted area""; (2) enable certain social equity applicants to engage in additional cultivation activities and apply for additional licenses; (3) modify certain common ownership requirements concerning equity joint ventures; (4) enable product packagers to expand their authorized activities; (5) limit the licensing period for certain provisional cultivator licenses; (6) modify requirements concerning the location of cultivation facilities; (7) authorize micro-cultivators to sell cannabis seedlings; (8) authorize hybrid retailers to provide access to pharmacists through telehealth; (9) establish additional requirements concerning dispensary facility and hybrid retailer relocations; (10) alter certain requirements applicable to packaging containing (A) multiple servings of cannabis, or (B) manufacturer hemp products; (11) provide that no cannabis establishment shall engage in certain advertising; and (12) make various minor, technical and conforming changes to statutes concerning cannabis and hemp regulation.","Rep. Travis Simms, 140th Dist.; Rep. Holly H. Cheeseman, 37th Dist.; Rep. Kadeem Roberts, 137th Dist.; Rep. Fred Gee, 126th Dist.; Rep. David Rutigliano, 123rd Dist.; Rep. Juan R. Candelaria, 95th Dist.; Rep. Minnie Gonzalez, 3rd Dist.; Rep. Tracy Marra, 141st Dist.; Rep. Tom O'Dea, 125th Dist.; ",(GL),ftp://ftp.cga.ct.gov/2024/cbs/h/HB-5150.HTM,https://www.cga.ct.gov/2024/TOB/h/pdf/2024HB-05150-R00-HB.pdf
HB-5151.HTM,2024,Raised Bill,General Law Committee,AN ACT CONCERNING SOLAR LICENSING EXEMPTIONS.,"To modify a licensing exemption by allowing certain persons, under the direction of a properly licensed solar contractor, to perform work limited to (1) uncrating, hoisting and job site distribution of solar collectors, photovoltaic panels, towers or turbines, (2) pile driving, (3) concrete form work, and (4) installation of ground screw supports and racking systems.","Rep. Travis Simms, 140th Dist.; Rep. Aundre Bumgardner, 41st Dist.; Sen. Jorge Cabrera, 17th Dist.; Sen. Julie Kushner, 24th Dist.; Rep. Joseph P. Gresko, 121st Dist.; Rep. Geraldo C. Reyes, 75th Dist.; Rep. Christopher Rosario, 128th Dist.; Rep. James Sanchez, 6th Dist.",(GL),ftp://ftp.cga.ct.gov/2024/cbs/h/HB-5151.HTM,https://www.cga.ct.gov/2024/TOB/h/pdf/2024HB-05151-R00-HB.pdf
HB-5152.HTM,2024,Raised Bill,Housing Committee,AN ACT CONCERNING RENTERS IN COMMON INTEREST OWNERSHIP COMMUNITIES.,To prohibit common interest ownership communities from enacting or enforcing restrictions that limit the number of rented units to less than fifty per cent.,"Rep. Travis Simms, 140th Dist.; Rep. Geraldo C. Reyes, 75th Dist.",(HSG),ftp://ftp.cga.ct.gov/2024/cbs/h/HB-5152.HTM,https://www.cga.ct.gov/2024/TOB/h/pdf/2024HB-05152-R00-HB.pdf
HB-5153.HTM,2024,Raised Bill,Housing Committee,AN ACT CONCERNING ELIGIBILITY FOR WORKFORCE HOUSING DEVELOPMENT PROJECTS.,To modify the percentage of workforce housing opportunity development project units that shall be rented at market rate and to eligible workforce populations.,"Rep. Travis Simms, 140th Dist.; Rep. David Michel, 146th Dist.; Rep. Robert Sanchez, 25th Dist.; Rep. Geraldo C. Reyes, 75th Dist.; Rep. Hilda E. Santiago, 84th Dist.; Rep. Anabel D. Figueroa, 148th Dist.; Sen. Saud Anwar, 3rd Dist.; Rep. Hubert D. Delany, 144th Dist.; Sen. Kevin C. Kelly, 21st Dist.; Sen. Lisa Seminara, 8th Dist.; Sen. Paul Cicarella, 34th Dist.; Sen. Eric C. Berthel, 32nd Dist.; Sen. Jeff Gordon, 35th Dist.; ",(HSG),ftp://ftp.cga.ct.gov/2024/cbs/h/HB-5153.HTM,https://www.cga.ct.gov/2024/TOB/h/pdf/2024HB-05153-R00-HB.pdf
HB-5154.HTM,2024,Raised Bill,Housing Committee,AN ACT APPROPRIATING FUNDS FOR THE SECURITY DEPOSIT GUARANTY PROGRAM.,To provide funding for the security deposit guaranty program.,"Rep. David Michel, 146th Dist.; Rep. Travis Simms, 140th Dist.; Sen. Herron Gaston, 23rd Dist.; ",(HSG),ftp://ftp.cga.ct.gov/2024/cbs/h/HB-5154.HTM,https://www.cga.ct.gov/2024/TOB/h/pdf/2024HB-05154-R00-HB.pdf
HB-5155.HTM,2024,Raised Bill,Housing Committee,AN ACT CONCERNING THE LEGISLATIVE COMMISSIONERS' RECOMMENDATIONS FOR TECHNICAL REVISIONS TO THE HOUSING STATUTES.,To make technical revisions to the housing statutes.,"Rep. Travis Simms, 140th Dist.; Rep. Geraldo C. Reyes, 75th Dist.; Rep. David Michel, 146th Dist.; Rep. Robert Sanchez, 25th Dist.; Rep. Martin Foncello, 107th Dist.; Sen. Lisa Seminara, 8th Dist.",(HSG),ftp://ftp.cga.ct.gov/2024/cbs/h/HB-5155.HTM,https://www.cga.ct.gov/2024/TOB/h/pdf/2024HB-05155-R00-HB.pdf
HB-5156.HTM,2024,Raised Bill,Housing Committee,AN ACT REQUIRING NOTICES OF RENT INCREASES.,"To prohibit (1) any rental agreement from providing a tenant with less than sixty days' notice of any increase in rent, and (2) a landlord from issuing a notice to quit based on a tenant's refusal to accept an increase in rent unless such tenant has been provided not less than sixty days' notice of such increase in rent.","Rep. Kadeem Roberts, 137th Dist.; Rep. David Michel, 146th Dist.; Sen. Saud Anwar, 3rd Dist.; Rep. Travis Simms, 140th Dist.; Rep. Geraldo C. Reyes, 75th Dist.; ",(HSG),ftp://ftp.cga.ct.gov/2024/cbs/h/HB-5156.HTM,https://www.cga.ct.gov/2024/TOB/h/pdf/2024HB-05156-R00-HB.pdf
HB-5157.HTM,2024,Raised Bill,Housing Committee,AN ACT REPEALING PROVISIONS CONCERNING THE STATE-ASSISTED HOUSING SUSTAINABILITY FUND.,To repeal certain provisions pertaining to the State-Assisted Housing Sustainability Fund.,"Rep. Travis Simms, 140th Dist.; Rep. Martin Foncello, 107th Dist.; Sen. Lisa Seminara, 8th Dist.; ",(HSG),ftp://ftp.cga.ct.gov/2024/cbs/h/HB-5157.HTM,https://www.cga.ct.gov/2024/TOB/h/pdf/2024HB-05157-R00-HB.pdf
HB-5158.HTM,2024,Raised Bill,Housing Committee,AN ACT CONCERNING THE STANDARDIZED VALUATION OF AFFORDABLE RENTAL HOUSING.,To standardize the methodology used to determine the present true and actual value of real property classified as affordable housing.,"Rep. Travis Simms, 140th Dist.; Rep. Geraldo C. Reyes, 75th Dist.",(HSG),ftp://ftp.cga.ct.gov/2024/cbs/h/HB-5158.HTM,https://www.cga.ct.gov/2024/TOB/h/pdf/2024HB-05158-R00-HB.pdf
HB-5159.HTM,2024,Raised Bill,Committee on Children,AN ACT ESTABLISHING A TASK FORCE TO STUDY THE RESPONSIVENESS OF STATE AGENCIES AND THE JUDICIAL BRANCH TO ISSUES CONCERNING CHILD SEXUAL ABUSE.,To establish a task force to study the responsiveness of state agencies to issues concerning child sexual abuse.,"Rep. Travis Simms, 140th Dist.; Rep. Kerry S. Wood, 29th Dist.; Rep. Tom Delnicki, 14th Dist.; ",(KID),ftp://ftp.cga.ct.gov/2024/cbs/h/HB-5159.HTM,https://www.cga.ct.gov/2024/TOB/h/pdf/2024HB-05159-R00-HB.pdf
HB-5160.HTM,2024,Raised Bill,Committee on Children,"AN ACT CONCERNING THE MAINTENANCE OF LIABILITY INSURANCE COVERAGE BY CHILD CARE CENTERS, GROUP CHILD CARE HOMES AND FAMILY CHILD CARE HOMES.","To require the Commissioner of the Office of Early Childhood to adopt regulations requiring child care centers, group child care homes and family child care homes to maintain liability insurance coverage.","Rep. Travis Simms, 140th Dist.; ",(KID),ftp://ftp.cga.ct.gov/2024/cbs/h/HB-5160.HTM,https://www.cga.ct.gov/2024/TOB/h/pdf/2024HB-05160-R00-HB.pdf
HB-5161.HTM,2024,Raised Bill,Committee on Children,AN ACT CONCERNING CHILD SEXUAL ABUSE MATERIAL.,"To change the term ""child pornography"" to ""child sexual abuse material"" in the general statutes.","Rep. Travis Simms, 140th Dist.; ",(KID),ftp://ftp.cga.ct.gov/2024/cbs/h/HB-5161.HTM,https://www.cga.ct.gov/2024/TOB/h/pdf/2024HB-05161-R00-HB.pdf
HB-5162.HTM,2024,Raised Bill,Committee on Children,AN ACT REQUIRING CERTAIN AGENCIES TO REPORT COSTS ASSOCIATED WITH PROGRAMS SERVING CHILDREN AND FAMILIES.,"To require the Department of Children and Families, Department of Social Services and Department of Developmental Services to submit reports describing current costs associated with programs serving children and families and anticipated costs associated with utilizing different eligibility criteria for participation in such programs.","Rep. Travis Simms, 140th Dist.; ",(KID),ftp://ftp.cga.ct.gov/2024/cbs/h/HB-5162.HTM,https://www.cga.ct.gov/2024/TOB/h/pdf/2024HB-05162-R00-HB.pdf
HB-5163.HTM,2024,Raised Bill,Committee on Children,AN ACT CONCERNING INVESTIGATIONS CONDUCTED BY THE OFFICE OF EARLY CHILDHOOD.,To require the Office of Early Childhood to review and revise the codes used by the office to inform the public about the nature and outcome of certain investigations and disciplinary actions.,"Rep. Travis Simms, 140th Dist.; ",(KID),ftp://ftp.cga.ct.gov/2024/cbs/h/HB-5163.HTM,https://www.cga.ct.gov/2024/TOB/h/pdf/2024HB-05163-R00-HB.pdf
HB-5164.HTM,2024,Raised Bill,Labor and Public Employees Committee,AN ACT CONCERNING UNEMPLOYMENT BENEFITS.,To allow striking employees to access unemployment benefits after a period of two consecutive weeks of striking.,"Sen. Jan Hochadel, 13th Dist.; Sen. Gary A. Winfield, 10th Dist.; Rep. Frank Smith, 118th Dist.; Rep. Josh Elliott, 88th Dist.; Rep. David Michel, 146th Dist.; Rep. Robyn A. Porter, 94th Dist.; Sen. Martin M. Looney, 11th Dist.; Sen. Saud Anwar, 3rd Dist.; Rep. Anne M. Hughes, 135th Dist.; Rep. Geoff Luxenberg, 12th Dist.; Rep. Gary A. Turco, 27th Dist.; Rep. Emmanuel Sanchez, 24th Dist.; Rep. Derell Wilson, 46th Dist.; Rep. Kai J. Belton, 100th Dist.; Rep. Mary Fortier, 79th Dist.; Rep. Corey P. Paris, 145th Dist.; Rep. Amy Morrin Bello, 28th Dist.; Rep. Aundre Bumgardner, 41st Dist.; Sen. Martha Marx, 20th Dist.; Rep. Kevin Ryan, 139th Dist.; Rep. Gregory Haddad, 54th Dist.; Rep. Anthony L. Nolan, 39th Dist.; Rep. Hubert D. Delany, 144th Dist.; Rep. Joshua M. Hall, 7th Dist.; Rep. Jillian Gilchrest, 18th Dist.; Rep. James Sanchez, 6th Dist.; Rep. Travis Simms, 140th Dist.; Rep. Christine Conley, 40th Dist.; Rep. Dominique Johnson, 143rd Dist.; Sen. Jorge Cabrera, 17th Dist.; Rep. Peter A. Tercyak, 26th Dist.; Rep. Brandon Chafee, 33rd Dist.; Rep. Roland J. Lemar, 96th Dist.; Rep. Bobby G. Gibson, 15th Dist.; Rep. Julio A. Concepcion, 4th Dist.; Rep. Marcus Brown, 127th Dist.; Rep. Kate Farrar, 20th Dist.; Rep. Michael D'Agostino, 91st Dist.; Rep. Susan M. Johnson, 49th Dist.; Rep. Christopher Rosario, 128th Dist.; Sen. Herron Gaston, 23rd Dist.; Rep. Christine Palm, 36th Dist.; Rep. Anabel D. Figueroa, 148th Dist.; Rep. Robert Sanchez, 25th Dist.; Rep. Maryam Khan, 5th Dist.; Rep. Bob Godfrey, 110th Dist.; Rep. Kara Rochelle, 104th Dist.; Rep. Alphonse Paolillo, 97th Dist.; Rep. Antonio Felipe, 130th Dist.; Sen. Julie Kushner, 24th Dist.; Sen. Rick Lopes, 6th Dist.; Rep. Farley Santos, 109th Dist.; Rep. William Heffernan, 115th Dist.; Rep. Greg S. Howard, 43rd Dist.; Rep. Tom Delnicki, 14th Dist.; Rep. Aimee Berger-Girvalo, 111th Dist.; Rep. Kevin Brown, 56th Dist.; Rep. Sarah Keitt, 134th Dist.; Rep. Fred Gee, 126th Dist.; ",(LAB),ftp://ftp.cga.ct.gov/2024/cbs/h/HB-5164.HTM,https://www.cga.ct.gov/2024/TOB/h/pdf/2024HB-05164-R00-HB.pdf
HB-5165.HTM,2024,Raised Bill,Labor and Public Employees Committee,AN ACT EXPANDING CONNECTICUT FAMILY AND MEDICAL LEAVE BENEFITS TO NONCERTIFIED SCHOOL EMPLOYEES.,To extend the state family and medical leave benefits to employees of a local or regional board of education who do not hold professional certification under chapter 166 of the general statutes.,"Rep. David Michel, 146th Dist.; Sen. Saud Anwar, 3rd Dist.; Sen. Martha Marx, 20th Dist.; Rep. Kai J. Belton, 100th Dist.; Rep. Travis Simms, 140th Dist.; Rep. Anthony L. Nolan, 39th Dist.; Rep. Bobby G. Gibson, 15th Dist.; Rep. Peter A. Tercyak, 26th Dist.",(LAB),ftp://ftp.cga.ct.gov/2024/cbs/h/HB-5165.HTM,https://www.cga.ct.gov/2024/TOB/h/pdf/2024HB-05165-R00-HB.pdf
HB-5166.HTM,2024,Raised Bill,Labor and Public Employees Committee,AN ACT EXPANDING PAID SICK DAYS IN THE STATE.,"To expand the paid sick days statutes to (1) apply to more employers and employees, (2) expand the categories of family members an employee may use paid sick leave to care for, (3) expand the permitted purposes that an employee may use paid sick leave for, (4) modify the rate at which an employee may receive paid sick leave, and (5) make other conforming and clarifying changes.","Rep. David Michel, 146th Dist.; Rep. Anne M. Hughes, 135th Dist.; Rep. Kai J. Belton, 100th Dist.; Rep. Hubert D. Delany, 144th Dist.; Rep. Derell Wilson, 46th Dist.; Rep. Travis Simms, 140th Dist.; Rep. Brandon Chafee, 33rd Dist.; Rep. Gary A. Turco, 27th Dist.; Rep. Robyn A. Porter, 94th Dist.; ",(LAB),ftp://ftp.cga.ct.gov/2024/cbs/h/HB-5166.HTM,https://www.cga.ct.gov/2024/TOB/h/pdf/2024HB-05166-R00-HB.pdf
HB-5167.HTM,2024,Raised Bill,Planning and Development Committee,AN ACT CONCERNING PROPERTY TAX ABATEMENT FOR CERTAIN FIRST-TIME HOMEBUYERS.,To authorize municipalities to abate up to five hundred dollars per assessment year of property taxes for certain first-time homebuyers who obtain a loan from the Connecticut Housing Finance Authority.,"Rep. Travis Simms, 140th Dist.; Rep. David Michel, 146th Dist.; Rep. Tom Delnicki, 14th Dist.; Rep. Tami Zawistowski, 61st Dist.; Sen. Tony Hwang, 28th Dist.; Rep. Gary A. Turco, 27th Dist.; Sen. Herron Gaston, 23rd Dist.; Rep. Henry J. Genga, 10th Dist.; Rep. Holly H. Cheeseman, 37th Dist.; Rep. William Pizzuto, 71st Dist.; Rep. Martin Foncello, 107th Dist.; Rep. Jonathan Fazzino, 83rd Dist.; Sen. Heather S. Somers, 18th Dist.; Rep. Irene M. Haines, 34th Dist.",(PD),ftp://ftp.cga.ct.gov/2024/cbs/h/HB-5167.HTM,https://www.cga.ct.gov/2024/TOB/h/pdf/2024HB-05167-R00-HB.pdf
HB-5168.HTM,2024,Raised Bill,Planning and Development Committee,AN ACT CONCERNING SOLAR INSTALLATIONS IN CERTAIN COMMON INTEREST OWNERSHIP COMMUNITIES.,To permit the installation of certain solar power generating systems that serve single-family detached units in common interest ownership communities.,"Rep. David Michel, 146th Dist.; Rep. Joseph P. Gresko, 121st Dist.; Rep. Aundre Bumgardner, 41st Dist.; Sen. Saud Anwar, 3rd Dist.; Rep. Travis Simms, 140th Dist.; Rep. Jeff Currey, 11th Dist.; Rep. Gary A. Turco, 27th Dist.; Sen. Martha Marx, 20th Dist.; Sen. MD Rahman, 4th Dist.; Rep. Christine Conley, 40th Dist.; Rep. Geraldo C. Reyes, 75th Dist.; Rep. Kate Farrar, 20th Dist.",(PD),ftp://ftp.cga.ct.gov/2024/cbs/h/HB-5168.HTM,https://www.cga.ct.gov/2024/TOB/h/pdf/2024HB-05168-R00-HB.pdf
HB-5169.HTM,2024,Raised Bill,Planning and Development Committee,AN ACT CONCERNING THE REQUIREMENT TO INSTALL SWIMMING POOL BARRIERS.,To prohibit the issuance of a building permit for the construction or substantial alteration of a swimming pool unless certain barriers are included in the construction plan.,"Rep. Travis Simms, 140th Dist.; Rep. Geraldo C. Reyes, 75th Dist.; Rep. Hilda E. Santiago, 84th Dist.; Rep. Anabel D. Figueroa, 148th Dist.",(PD),ftp://ftp.cga.ct.gov/2024/cbs/h/HB-5169.HTM,https://www.cga.ct.gov/2024/TOB/h/pdf/2024HB-05169-R00-HB.pdf
HB-5170.HTM,2024,Raised Bill,Planning and Development Committee,AN ACT CONCERNING TRAINING FOR MEMBERS AND EMPLOYEES OF INLAND WETLANDS AGENCIES.,"To require the Department of Energy and Environmental Protection to develop an online training program for members and staff of inland wetlands agencies and specify that extensions of time for certain decisions of municipal commissions, boards and agencies may be requested by petitioners and applicants or such commissions, boards and agencies.","Rep. Tom Delnicki, 14th Dist.; Rep. Travis Simms, 140th Dist.; Rep. Hilda E. Santiago, 84th Dist.; Rep. Anabel D. Figueroa, 148th Dist.",(PD),ftp://ftp.cga.ct.gov/2024/cbs/h/HB-5170.HTM,https://www.cga.ct.gov/2024/TOB/h/pdf/2024HB-05170-R00-HB.pdf
HB-5171.HTM,2024,Raised Bill,Planning and Development Committee,AN ACT CONCERNING THE WAIVER OF INTEREST ON CERTAIN DELINQUENT PROPERTY TAX PAYMENTS.,"To require municipal tax collectors to waive interest on delinquent property tax payments if such delinquency is attributable to an error made by the tax assessor or tax collector, and not the result of any action or failure on the part of the taxpayer.","Rep. Travis Simms, 140th Dist.; Rep. David Michel, 146th Dist.; Rep. Tami Zawistowski, 61st Dist.; Rep. Greg S. Howard, 43rd Dist.; Rep. Tom Delnicki, 14th Dist.; Rep. Donna Veach, 30th Dist.; Rep. Martin Foncello, 107th Dist.; Sen. Lisa Seminara, 8th Dist.; Sen. Paul Cicarella, 34th Dist.; Sen. Eric C. Berthel, 32nd Dist.; Sen. Jeff Gordon, 35th Dist.; ",(PD),ftp://ftp.cga.ct.gov/2024/cbs/h/HB-5171.HTM,https://www.cga.ct.gov/2024/TOB/h/pdf/2024HB-05171-R00-HB.pdf
HB-5172.HTM,2024,Raised Bill,Planning and Development Committee,AN ACT CONCERNING THE ASSESSMENT OF MOTOR VEHICLES FOR PROPERTY TAXATION.,To specify the manner in which motor vehicles used for commercial purposes and motor vehicles not used for commercial purposes shall be assessed for property taxation purposes.,"Rep. Tom Delnicki, 14th Dist.; Rep. Travis Simms, 140th Dist.; Rep. Larry B. Butler, 72nd Dist.; Rep. Hilda E. Santiago, 84th Dist.; Sen. Marilyn V. Moore, 22nd Dist.; Rep. James Sanchez, 6th Dist.; Sen. Patricia Billie Miller, 27th Dist.; ",(PD),ftp://ftp.cga.ct.gov/2024/cbs/h/HB-5172.HTM,https://www.cga.ct.gov/2024/TOB/h/pdf/2024HB-05172-R00-HB.pdf
HB-5173.HTM,2024,Raised Bill,Planning and Development Committee,AN ACT AUTHORIZING THE ONLINE PUBLICATION OF LEGAL NOTICES BY MUNICIPALITIES.,To authorize the posting of advertisements of legal notices on municipal Internet web sites.,"Rep. Craig C. Fishbein, 90th Dist.; Rep. Travis Simms, 140th Dist.; Rep. Michael D'Agostino, 91st Dist.; Rep. Josh Elliott, 88th Dist.; Rep. Christopher Poulos, 81st Dist.; ",(PD),ftp://ftp.cga.ct.gov/2024/cbs/h/HB-5173.HTM,https://www.cga.ct.gov/2024/TOB/h/pdf/2024HB-05173-R00-HB.pdf
HB-5174.HTM,2024,Raised Bill,Planning and Development Committee,AN ACT CONCERNING TEMPORARY SHELTER UNITS FOR PERSONS EXPERIENCING HOMELESSNESS OR REFUGEES LOCATED ON REAL PROPERTY OWNED BY RELIGIOUS ORGANIZATIONS.,To allow the installation of temporary shelter units for persons experiencing homelessness on real property owned by religious organizations.,"Rep. David Michel, 146th Dist.; Sen. Saud Anwar, 3rd Dist.; Rep. Travis Simms, 140th Dist.; Rep. Anne M. Hughes, 135th Dist.; Sen. MD Rahman, 4th Dist.; Sen. Herron Gaston, 23rd Dist.; Rep. Geraldo C. Reyes, 75th Dist.; Rep. Roland J. Lemar, 96th Dist.",(PD),ftp://ftp.cga.ct.gov/2024/cbs/h/HB-5174.HTM,https://www.cga.ct.gov/2024/TOB/h/pdf/2024HB-05174-R00-HB.pdf
HB-5175.HTM,2024,Raised Bill,Public Safety and Security Committee,AN ACT CONCERNING PURPLE PROPERTY BORDERS AS WARNING TO TRESPASSERS.,To provide that purple painted property borders serve as a warning to trespassers.,"Rep. Patrick S. Boyd, 50th Dist.; Rep. Craig C. Fishbein, 90th Dist.; Rep. Travis Simms, 140th Dist.; Rep. Jaime S. Foster, 57th Dist.; Rep. Martin Foncello, 107th Dist.; ",(PS),ftp://ftp.cga.ct.gov/2024/cbs/h/HB-5175.HTM,https://www.cga.ct.gov/2024/TOB/h/pdf/2024HB-05175-R00-HB.pdf
HB-5176.HTM,2024,Raised Bill,Public Safety and Security Committee,AN ACT ESTABLISHING A TASK FORCE TO STUDY THE PROVISION OF EMERGENCY TREATMENT AND TRANSPORTATION TO AN ANIMAL THAT IS INJURED IN THE PERFORMANCE OF ITS DUTIES UNDER THE SUPERVISION OF A PEACE OFFICER.,To establish a task force to study the provision of emergency treatment and transportation to an animal that is injured in the performance of its duties under the supervision of a peace officer.,"Rep. Greg S. Howard, 43rd Dist.; Rep. Craig C. Fishbein, 90th Dist.; Rep. David Michel, 146th Dist.; Rep. Tony J Scott, 112th Dist.; Sen. Paul Cicarella, 34th Dist.; Rep. Travis Simms, 140th Dist.; Rep. Ben McGorty, 122nd Dist.; Rep. David Rutigliano, 123rd Dist.; Rep. Cara Christine Pavalock-D'Amato, 77th Dist.; Rep. Kurt Vail, 52nd Dist.; Rep. Holly H. Cheeseman, 37th Dist.; Rep. Martin Foncello, 107th Dist.; Rep. Nicole Klarides-Ditria, 105th Dist.; Rep. Henry J. Genga, 10th Dist.",(PS),ftp://ftp.cga.ct.gov/2024/cbs/h/HB-5176.HTM,https://www.cga.ct.gov/2024/TOB/h/pdf/2024HB-05176-R00-HB.pdf
HB-5177.HTM,2024,Raised Bill,Public Safety and Security Committee,AN ACT CONCERNING THE SALE AND USE OF CERTAIN NONAERIAL AND NONEXPLOSIVE CONSUMER FIREWORKS.,To authorize the sale and use by consumers of certain nonaerial and nonexplosive consumer fireworks.,"Rep. Travis Simms, 140th Dist.; ",(PS),ftp://ftp.cga.ct.gov/2024/cbs/h/HB-5177.HTM,https://www.cga.ct.gov/2024/TOB/h/pdf/2024HB-05177-R00-HB.pdf
HB-5178.HTM,2024,Proposed Bill,"REP. MINNIE GONZALEZ, 3rd DIST.REP. JUAN R. CANDELARIA, 95th DIST.REP. HILDA E. SANTIAGO, 84th DIST.REP. ROBERT SANCHEZ, 25th DIST.REP. EMMANUEL SANCHEZ, 24th DIST.REP. JAMES SANCHEZ, 6th DIST.REP. CHRISTOPHER ROSARIO, 128th DIST.REP. GERALDO C. REYES, 75th DIST.REP. ANABEL D. FIGUEROA, 148th DIST.REP. FARLEY SANTOS, 109th DIST.",AN ACT CONCERNING FUNDING FOR THE DEVELOPMENT OF AFFORDABLE HOUSING.,To provide funding for the Department of Housing for the development of housing projects comprised of one hundred per cent affordable units.,"Rep. David Michel, 146th Dist.; Sen. Saud Anwar, 3rd Dist.; Rep. Travis Simms, 140th Dist.; ","REP. GONZALEZ, 3rd Dist. ; REP. CANDELARIA J., 95th Dist. ; REP. SANTIAGO H., 84th Dist. ; REP. SANCHEZ R., 25th Dist. ; REP. SANCHEZ E., 24th Dist. REP. SANCHEZ, 6th Dist. ; REP. ROSARIO, 128th Dist. ; REP. REYES, 75th Dist. ; REP. FIGUEROA, 148th Dist. ; REP. SANTOS, 109th Dist.",ftp://ftp.cga.ct.gov/2024/cbs/h/HB-5178.HTM,https://www.cga.ct.gov/2024/TOB/h/pdf/2024HB-05178-R00-HB.pdf
HB-5179.HTM,2024,Proposed Bill,"REP. MINNIE GONZALEZ, 3rd DIST.REP. JUAN R. CANDELARIA, 95th DIST.REP. HILDA E. SANTIAGO, 84th DIST.REP. EMMANUEL SANCHEZ, 24th DIST.REP. JAMES SANCHEZ, 6th DIST.REP. ROBERT SANCHEZ, 25th DIST.REP. FARLEY SANTOS, 109th DIST.REP. CHRISTOPHER ROSARIO, 128th DIST.REP. GERALDO C. REYES, 75th DIST.REP. ANABEL D. FIGUEROA, 148th DIST.",AN ACT CONCERNING FUNDING FOR PROGRAMS THAT ASSIST INDIVIDUALS EXPERIENCING HOMELESSNESS.,To provide funding for programs administered by the Department of Housing that provide assistance to persons experiencing homelessness.,"Rep. David Michel, 146th Dist.; Sen. Saud Anwar, 3rd Dist.; Rep. Travis Simms, 140th Dist.; Rep. Christine Palm, 36th Dist.","REP. GONZALEZ, 3rd Dist. ; REP. CANDELARIA J., 95th Dist. ; REP. SANTIAGO H., 84th Dist. ; REP. SANCHEZ E., 24th Dist. ; REP. SANCHEZ, 6th Dist. REP. SANCHEZ R., 25th Dist. ; REP. SANTOS, 109th Dist. ; REP. ROSARIO, 128th Dist. ; REP. REYES, 75th Dist. ; REP. FIGUEROA, 148th Dist.",ftp://ftp.cga.ct.gov/2024/cbs/h/HB-5179.HTM,https://www.cga.ct.gov/2024/TOB/h/pdf/2024HB-05179-R00-HB.pdf
HB-5180.HTM,2024,Raised Bill,Education Committee,AN ACT IMPLEMENTING THE RECOMMENDATIONS OF THE DEPARTMENT OF EDUCATION.,"To (1) broaden access to the State Seal of Biliteracy, (2) increase the number of credits required for an adult education diploma, (3) authorize Goodwin University Magnet Schools to charge tuition to boards of education for enrolled students, (4) extend the dates for compliance with the magnet school enrollment standards in accordance with Sheff v. O'Neill stipulations, (5) change the Department of Education's responsibilities under the farm to school program from arranging interactions with farmers to providing technical assistance and support for interactions with farmers, and (6) amend definitions of terms and the department's responsibilities concerning transition programs.","Rep. Travis Simms, 140th Dist.; ",(ED),ftp://ftp.cga.ct.gov/2024/cbs/h/HB-5180.HTM,https://www.cga.ct.gov/2024/TOB/h/pdf/2024HB-05180-R00-HB.pdf
HB-5181.HTM,2024,Raised Bill,Education Committee,AN ACT CONCERNING PUBLIC EDUCATION IN THE STATE.,To require the Department of Education to conduct a study of public education in Connecticut.,"Rep. Travis Simms, 140th Dist.; ",(ED),ftp://ftp.cga.ct.gov/2024/cbs/h/HB-5181.HTM,https://www.cga.ct.gov/2024/TOB/h/pdf/2024HB-05181-R00-HB.pdf
HB-5182.HTM,2024,Raised Bill,Education Committee,AN ACT CONCERNING THE LEGISLATIVE COMMISSIONERS' RECOMMENDATIONS FOR TECHNICAL REVISIONS TO THE EDUCATION AND EARLY CHILDHOOD STATUTES.,To make technical revisions to the education and early childhood statutes.,"Rep. Travis Simms, 140th Dist.; Rep. Robert Sanchez, 25th Dist.; Rep. Martin Foncello, 107th Dist.; Sen. Lisa Seminara, 8th Dist.; Sen. Eric C. Berthel, 32nd Dist.; ",(ED),ftp://ftp.cga.ct.gov/2024/cbs/h/HB-5182.HTM,https://www.cga.ct.gov/2024/TOB/h/pdf/2024HB-05182-R00-HB.pdf
HB-5183.HTM,2024,Proposed Bill,"REP. BOB GODFREY, 110th DIST.REP. RACHEL CHALESKI, 138th DIST.REP. PATRICK E. CALLAHAN, 108th DIST.REP. FARLEY SANTOS, 109th DIST.SEN. JULIE KUSHNER, 24th DIST.REP. RAGHIB ALLIE-BRENNAN, 2nd DIST.",AN ACT AUTHORIZING BONDS OF THE STATE FOR RENOVATIONS AND IMPROVEMENTS TO VARIOUS SCHOOLS IN DANBURY.,"To provide funding to the city of Danbury for renovations and improvements to various schools, including, but not limited to, elevator replacements, air conditioning system improvements, stadium and auditorium lighting, roof replacements, parking lot and drainage repairs, security vestibule construction and improvements, playground construction and improvements, bathroom renovations and fence, window and door replacements.",,"REP. GODFREY, 110th Dist. ; REP. CHALESKI, 138th Dist. ; REP. CALLAHAN, 108th Dist. ; REP. SANTOS, 109th Dist. ; SEN. KUSHNER, 24th Dist. ; REP. ALLIE -BRENNAN, 2nd Dist.",ftp://ftp.cga.ct.gov/2024/cbs/h/HB-5183.HTM,https://www.cga.ct.gov/2024/TOB/h/pdf/2024HB-05183-R00-HB.pdf
HB-5184.HTM,2024,Proposed Bill,"REP. MARY WELANDER, 114th DIST.",AN ACT CONCERNING REIMBURSEMENT OF CERTAIN FEES FOR VETERANS OR SPONSORS OF VETERANS IN APPRENTICESHIP PROGRAMS.,"To allow reimbursement of certain licensing, certification, registration and tuition fees for veterans or sponsors of veterans in apprenticeship programs.","Rep. Craig C. Fishbein, 90th Dist.; Rep. Travis Simms, 140th Dist.; Rep. Gary A. Turco, 27th Dist.; Sen. Rob Sampson, 16th Dist.","REP. WELANDER, 114th Dist.",ftp://ftp.cga.ct.gov/2024/cbs/h/HB-5184.HTM,https://www.cga.ct.gov/2024/TOB/h/pdf/2024HB-05184-R00-HB.pdf
HB-5185.HTM,2024,Proposed Bill,"REP. JASON ROJAS, 9th DIST.",AN ACT CONCERNING FUNDING FOR THE AMERICA 250 SEMIQUINCENTENNIAL INITIATIVE.,"To (1) temporarily increase the rates of the room occupancy tax for hotels and lodging houses and the sales and use taxes on the rental or leasing of a passenger motor vehicle, and (2) dedicate the additional revenue generated from such increases to be used for the America 250 semiquincentennial initiative.","Rep. Travis Simms, 140th Dist.; ","REP. ROJAS, 9th Dist.",ftp://ftp.cga.ct.gov/2024/cbs/h/HB-5185.HTM,https://www.cga.ct.gov/2024/TOB/h/pdf/2024HB-05185-R00-HB.pdf
HB-5186.HTM,2024,Proposed Bill,"REP. AUNDRE BUMGARDNER, 41st DIST.",AN ACT DEDICATING A PORTION OF THE ROOM OCCUPANCY TAX ON SHORT-TERM RENTALS TO MUNICIPALITIES.,To provide that a portion of the revenue generated from the room occupancy tax on short-term rentals be dedicated to the municipalities in which such rentals are located.,"Rep. Travis Simms, 140th Dist.; ","REP. BUMGARDNER, 41st Dist.",ftp://ftp.cga.ct.gov/2024/cbs/h/HB-5186.HTM,https://www.cga.ct.gov/2024/TOB/h/pdf/2024HB-05186-R00-HB.pdf
HB-5187.HTM,2024,Proposed Bill,"REP. GERALDO C. REYES, 75th DIST.",AN ACT CONCERNING A GRANT-IN-AID FOR A CAREER ACADEMY IN WATERBURY.,"To provide grant funding for career academy RIBA, Inc. in Waterbury.",,"REP. REYES, 75th Dist.",ftp://ftp.cga.ct.gov/2024/cbs/h/HB-5187.HTM,https://www.cga.ct.gov/2024/TOB/h/pdf/2024HB-05187-R00-HB.pdf
HB-5188.HTM,2024,Proposed Bill,"REP. GERALDO C. REYES, 75th DIST.",AN ACT PROVIDING FUNDING FOR BUS PUBLIC TRANSPORTATION FOR STUDENTS.,To provide free bus public transportation to students in kindergarten to grade twelve.,"Rep. Gary A. Turco, 27th Dist.; Rep. David Michel, 146th Dist.; Rep. Travis Simms, 140th Dist.; ","REP. REYES, 75th Dist.",ftp://ftp.cga.ct.gov/2024/cbs/h/HB-5188.HTM,https://www.cga.ct.gov/2024/TOB/h/pdf/2024HB-05188-R00-HB.pdf
HB-5189.HTM,2024,Raised Bill,Commerce Committee,AN ACT CONCERNING A SMALL HARBOR IMPROVEMENT PROJECTS ACCOUNT.,"To require the Commissioner of Economic and Community Development to study the state's ""blue economy"" and ways to promote and grow economic activity on the state's coastline and waterways.","Rep. Aundre Bumgardner, 41st Dist.; Rep. Travis Simms, 140th Dist.; Rep. Holly H. Cheeseman, 37th Dist.; Rep. Fred Gee, 126th Dist.; Rep. Devin R. Carney, 23rd Dist.; Rep. Robin E. Comey, 102nd Dist.; Sen. Heather S. Somers, 18th Dist.; Sen. Kevin C. Kelly, 21st Dist.; Rep. Irene M. Haines, 34th Dist.; Rep. Martin Foncello, 107th Dist.; Rep. Matt Blumenthal, 147th Dist.; Sen. Lisa Seminara, 8th Dist.",(CE),ftp://ftp.cga.ct.gov/2024/cbs/h/HB-5189.HTM,https://www.cga.ct.gov/2024/TOB/h/pdf/2024HB-05189-R00-HB.pdf
HB-5190.HTM,2024,Raised Bill,Commerce Committee,AN ACT CONCERNING THE HISTORIC HOMES REHABILITATION TAX CREDIT.,To allow the historic homes rehabilitation tax credit to be applied against additional taxes.,"Rep. Travis Simms, 140th Dist.; Rep. Gary A. Turco, 27th Dist.; Rep. Jaime S. Foster, 57th Dist.; Rep. Farley Santos, 109th Dist.; Rep. Tami Zawistowski, 61st Dist.; Rep. Robyn A. Porter, 94th Dist.; Rep. Geraldo C. Reyes, 75th Dist.; Sen. Saud Anwar, 3rd Dist.; Rep. Christopher Rosario, 128th Dist.; Rep. Hilda E. Santiago, 84th Dist.; Rep. Aundre Bumgardner, 41st Dist.; Sen. Heather S. Somers, 18th Dist.; Rep. Martin Foncello, 107th Dist.; Rep. Donna Veach, 30th Dist.; Sen. John A. Kissel, 7th Dist.; Rep. Matt Blumenthal, 147th Dist.; Rep. Holly H. Cheeseman, 37th Dist.; Sen. Lisa Seminara, 8th Dist.; Sen. Paul Cicarella, 34th Dist.; Sen. Eric C. Berthel, 32nd Dist.; Sen. Jeff Gordon, 35th Dist.; ",(CE),ftp://ftp.cga.ct.gov/2024/cbs/h/HB-5190.HTM,https://www.cga.ct.gov/2024/TOB/h/pdf/2024HB-05190-R00-HB.pdf
HB-5191.HTM,2024,Proposed Bill,"REP. LIZ LINEHAN, 103rd DIST.REP. CHRISTINE CONLEY, 40th DIST.",AN ACT CONCERNING TAX CREDITS FOR SMALL EMPLOYERS THAT PURCHASE GOLD OR SILVER LEVEL HEALTH PLANS THROUGH THE CONNECTICUT HEALTH INSURANCE EXCHANGE.,To provide tax credits to small employers that purchase a group health plan at the gold or silver level through the Connecticut Health Insurance Exchange.,"Rep. Travis Simms, 140th Dist.; ","REP. LINEHAN, 103rd Dist. ; REP. CONLEY, 40th Dist.",ftp://ftp.cga.ct.gov/2024/cbs/h/HB-5191.HTM,https://www.cga.ct.gov/2024/TOB/h/pdf/2024HB-05191-R00-HB.pdf
HB-5192.HTM,2024,Proposed Bill,"REP. HENRY J. GENGA, 10th DIST.",AN ACT ELIMINATING THE PROPERTY TAX ON MOTOR VEHICLES.,To eliminate the property tax on motor vehicles and require the state to reimburse municipalities for the resulting revenue loss.,"Rep. Travis Simms, 140th Dist.; ","REP. GENGA, 10th Dist.",ftp://ftp.cga.ct.gov/2024/cbs/h/HB-5192.HTM,https://www.cga.ct.gov/2024/TOB/h/pdf/2024HB-05192-R00-HB.pdf
HB-5193.HTM,2024,Proposed Bill,"REP. JUAN R. CANDELARIA, 95th DIST.",AN ACT AUTHORIZING BONDS OF THE STATE FOR SECURITY CAMERAS IN THE FAIR HAVEN BUSINESS CORRIDORS IN THE CITY OF NEW HAVEN.,To provide funding for security cameras in the Fair Haven business corridors of the city of New Haven to improve security for residents and business owners.,,"REP. CANDELARIA J., 95th Dist.",ftp://ftp.cga.ct.gov/2024/cbs/h/HB-5193.HTM,https://www.cga.ct.gov/2024/TOB/h/pdf/2024HB-05193-R00-HB.pdf
HB-5194.HTM,2024,Proposed Bill,"REP. JUAN R. CANDELARIA, 95th DIST.",AN ACT AUTHORIZING BONDS OF THE STATE FOR AFFORDABLE HOUSING PROJECTS LOCATED IN NEW HAVEN.,To provide funding for the construction of certain affordable housing projects located in the city of New Haven.,,"REP. CANDELARIA J., 95th Dist.",ftp://ftp.cga.ct.gov/2024/cbs/h/HB-5194.HTM,https://www.cga.ct.gov/2024/TOB/h/pdf/2024HB-05194-R00-HB.pdf
HB-5195.HTM,2024,Proposed Bill,"REP. JUAN R. CANDELARIA, 95th DIST.",AN ACT AUTHORIZING BONDS OF THE STATE FOR THE PURCHASE OF REAL PROPERTY LOCATED IN NEW HAVEN.,"To provide funding for the city of New Haven to acquire, remediate and develop certain real property located in the city of New Haven.",,"REP. CANDELARIA J., 95th Dist.",ftp://ftp.cga.ct.gov/2024/cbs/h/HB-5195.HTM,https://www.cga.ct.gov/2024/TOB/h/pdf/2024HB-05195-R00-HB.pdf
HB-5196.HTM,2024,Raised Bill,Public Health Committee,AN ACT EXPANDING THE PODIATRIC SCOPE OF PRACTICE.,"To expand the podiatric scope of practice to include surgical treatment of complications within the tibial diaphysis related to the use of external fixation pins, the performance of total ankle replacements and the treatment of tibial pilon fractures.","Rep. Travis Simms, 140th Dist.; Sen. Heather S. Somers, 18th Dist.; Rep. Henry J. Genga, 10th Dist.; Rep. Kathy Kennedy, 119th Dist.; Rep. Martin Foncello, 107th Dist.; Sen. Patricia Billie Miller, 27th Dist.; Sen. Lisa Seminara, 8th Dist.; ",(PH),ftp://ftp.cga.ct.gov/2024/cbs/h/HB-5196.HTM,https://www.cga.ct.gov/2024/TOB/h/pdf/2024HB-05196-R00-HB.pdf
HB-5197.HTM,2024,Raised Bill,Public Health Committee,AN ACT CONCERNING SOCIAL WORKERS.,To adopt the social work licensure compact.,"Rep. Travis Simms, 140th Dist.; Sen. Jeff Gordon, 35th Dist.; Rep. Jillian Gilchrest, 18th Dist.; Rep. Anne M. Hughes, 135th Dist.; Rep. Tami Zawistowski, 61st Dist.; Rep. Jaime S. Foster, 57th Dist.; Rep. Christine Palm, 36th Dist.; Rep. Laura Dancho, 120th Dist.; Rep. Gary A. Turco, 27th Dist.; Rep. David Michel, 146th Dist.; Rep. Nicole Klarides-Ditria, 105th Dist.; Rep. Kai J. Belton, 100th Dist.; Rep. Holly H. Cheeseman, 37th Dist.; Rep. Devin R. Carney, 23rd Dist.; Rep. Eleni Kavros DeGraw, 17th Dist.; Rep. Christine Conley, 40th Dist.; Rep. Lucy Dathan, 142nd Dist.; Rep. Gregory Haddad, 54th Dist.; Rep. Rachel Chaleski, 138th Dist.; Rep. Patrick E. Callahan, 108th Dist.; Rep. Geraldo C. Reyes, 75th Dist.; Rep. Rachel Khanna, 149th Dist.; Sen. Ceci Maher, 26th Dist.; Sen. Saud Anwar, 3rd Dist.; Sen. Catherine A. Osten, 19th Dist.; Rep. Christopher Rosario, 128th Dist.; Sen. Julie Kushner, 24th Dist.; Rep. Hilda E. Santiago, 84th Dist.; Sen. Lisa Seminara, 8th Dist.; Rep. Mary M. Mushinsky, 85th Dist.; Sen. Heather S. Somers, 18th Dist.; Sen. Gary A. Winfield, 10th Dist.; Sen. Rick Lopes, 6th Dist.; Rep. Tammy Nuccio, 53rd Dist.; Sen. Ryan Fazio, 36th Dist.; Rep. Dominique Johnson, 143rd Dist.; Sen. Kevin C. Kelly, 21st Dist.; Sen. John A. Kissel, 7th Dist.; Rep. Martin Foncello, 107th Dist.; Rep. Robin E. Comey, 102nd Dist.; Rep. Matt Blumenthal, 147th Dist.; Sen. Paul Cicarella, 34th Dist.",(PH),ftp://ftp.cga.ct.gov/2024/cbs/h/HB-5197.HTM,https://www.cga.ct.gov/2024/TOB/h/pdf/2024HB-05197-R00-HB.pdf
HB-5198.HTM,2024,Raised Bill,Public Health Committee,AN ACT CONCERNING TELEHEALTH.,"To extend telehealth provisions adopted during the COVID-19 pandemic until June 30, 2027.","Rep. Craig C. Fishbein, 90th Dist.; Sen. Saud Anwar, 3rd Dist.; Rep. Travis Simms, 140th Dist.; Rep. Liz Linehan, 103rd Dist.; Sen. Jeff Gordon, 35th Dist.; Rep. Gary A. Turco, 27th Dist.; Rep. Nicole Klarides-Ditria, 105th Dist.; Rep. Jaime S. Foster, 57th Dist.; Rep. David Michel, 146th Dist.; Rep. Mitch Bolinsky, 106th Dist.; Rep. Patricia A. Dillon, 92nd Dist.; Rep. Holly H. Cheeseman, 37th Dist.; Rep. Tom Delnicki, 14th Dist.; Rep. Farley Santos, 109th Dist.; Rep. Christine Conley, 40th Dist.; Rep. Jonathan Steinberg, 136th Dist.; Rep. William Pizzuto, 71st Dist.; Rep. Rachel Chaleski, 138th Dist.; Rep. Hilda E. Santiago, 84th Dist.; Rep. Anabel D. Figueroa, 148th Dist.; Rep. Henry J. Genga, 10th Dist.; Sen. Ryan Fazio, 36th Dist.; Sen. Jorge Cabrera, 17th Dist.; Sen. Tony Hwang, 28th Dist.; Rep. Kathy Kennedy, 119th Dist.; Rep. Martin Foncello, 107th Dist.; Rep. Robin E. Comey, 102nd Dist.; Sen. Kevin C. Kelly, 21st Dist.; Sen. Rob Sampson, 16th Dist.; Rep. Tracy Marra, 141st Dist.; Sen. Patricia Billie Miller, 27th Dist.; Rep. Matt Blumenthal, 147th Dist.; Sen. Lisa Seminara, 8th Dist.; Rep. Kathleen M. McCarty, 38th Dist.",(PH),ftp://ftp.cga.ct.gov/2024/cbs/h/HB-5198.HTM,https://www.cga.ct.gov/2024/TOB/h/pdf/2024HB-05198-R00-HB.pdf
HB-5199.HTM,2024,Raised Bill,Public Health Committee,AN ACT ESTABLISHING A TASK FORCE TO STUDY THE SHORTAGE OF ATHLETIC TRAINERS IN THE STATE.,To establish a task force to study the shortage of athletic trainers in the state.,"Rep. Nicole Klarides-Ditria, 105th Dist.; Rep. Jeff Currey, 11th Dist.; Rep. Lezlye Zupkus, 89th Dist.; Rep. Eleni Kavros DeGraw, 17th Dist.; Rep. Rachel Chaleski, 138th Dist.; Rep. Patrick E. Callahan, 108th Dist.; Rep. Devin R. Carney, 23rd Dist.; Rep. David Michel, 146th Dist.; Rep. Corey P. Paris, 145th Dist.; Rep. Christie M. Carpino, 32nd Dist.; Rep. Ronald A. Napoli, 73rd Dist.; Rep. Tom Delnicki, 14th Dist.; Sen. Heather S. Somers, 18th Dist.; Rep. Jill Barry, 31st Dist.; Rep. Holly H. Cheeseman, 37th Dist.; Rep. Henry J. Genga, 10th Dist.; Rep. Martin Foncello, 107th Dist.; Sen. Kevin C. Kelly, 21st Dist.; Rep. Tracy Marra, 141st Dist.; Rep. Matt Blumenthal, 147th Dist.; Sen. Lisa Seminara, 8th Dist.; ",(PH),ftp://ftp.cga.ct.gov/2024/cbs/h/HB-5199.HTM,https://www.cga.ct.gov/2024/TOB/h/pdf/2024HB-05199-R00-HB.pdf
HB-5200.HTM,2024,Raised Bill,Public Health Committee,AN ACT CONCERNING HEALTH CARE ACCESSIBILITY FOR PERSONS WITH A DISABILITY.,To expand access to medical diagnostic equipment and examination rooms for persons with a disability.,"Sen. Saud Anwar, 3rd Dist.; Rep. Tom Delnicki, 14th Dist.; Rep. Mike Demicco, 21st Dist.; Sen. Jeff Gordon, 35th Dist.; Rep. Jillian Gilchrest, 18th Dist.; Rep. Mark DeCaprio, 48th Dist.; Rep. Mary Welander, 114th Dist.; Sen. Derek Slap, 5th Dist.; Rep. Hector Arzeno, 151st Dist.; Rep. Sarah Keitt, 134th Dist.; Rep. Eleni Kavros DeGraw, 17th Dist.; Rep. Henry J. Genga, 10th Dist.; Sen. Julie Kushner, 24th Dist.; Sen. Rick Lopes, 6th Dist.; Rep. Kate Farrar, 20th Dist.; Rep. William Pizzuto, 71st Dist.; Rep. Tim Ackert, 8th Dist.; Rep. Nicole Klarides-Ditria, 105th Dist.; Rep. Bill Buckbee, 67th Dist.; Rep. Anabel D. Figueroa, 148th Dist.; Rep. Larry B. Butler, 72nd Dist.; Rep. Kevin Ryan, 139th Dist.; Rep. Holly H. Cheeseman, 37th Dist.; Rep. Kara Rochelle, 104th Dist.; Rep. Farley Santos, 109th Dist.; Rep. Rachel Chaleski, 138th Dist.; Rep. Tammy Nuccio, 53rd Dist.; Sen. Christine Cohen, 12th Dist.; Rep. Hubert D. Delany, 144th Dist.; Sen. Lisa Seminara, 8th Dist.; Rep. Matt Blumenthal, 147th Dist.; ",(PH),ftp://ftp.cga.ct.gov/2024/cbs/h/HB-5200.HTM,https://www.cga.ct.gov/2024/TOB/h/pdf/2024HB-05200-R00-HB.pdf
HB-5201.HTM,2024,Raised Bill,Public Health Committee,AN ACT CONCERNING THE USE OF FUNDS IN THE TOBACCO SETTLEMENT FUND.,To require funding of tobacco control programs to prevent and reduce tobacco use at the amount recommended by the Centers for Disease Control and Prevention.,"Rep. Craig C. Fishbein, 90th Dist.; Sen. Saud Anwar, 3rd Dist.; Rep. Mitch Bolinsky, 106th Dist.; Sen. Jeff Gordon, 35th Dist.; Rep. Eleni Kavros DeGraw, 17th Dist.; Rep. Kevin Ryan, 139th Dist.; Rep. Josh Elliott, 88th Dist.; Rep. Nicole Klarides-Ditria, 105th Dist.; Rep. Mary M. Mushinsky, 85th Dist.; Rep. Aimee Berger-Girvalo, 111th Dist.; Sen. Julie Kushner, 24th Dist.; Rep. Christine Palm, 36th Dist.; Rep. Gary A. Turco, 27th Dist.; Rep. Moira Rader, 98th Dist.; Rep. Mike Demicco, 21st Dist.; Sen. Tony Hwang, 28th Dist.; Rep. Jillian Gilchrest, 18th Dist.; Rep. Kathy Kennedy, 119th Dist.; Rep. Jonathan Steinberg, 136th Dist.; Rep. Sarah Keitt, 134th Dist.; Rep. John E. Piscopo, 76th Dist.; Rep. Joseph H. Zullo, 99th Dist.; Rep. Aundre Bumgardner, 41st Dist.; Rep. Lucy Dathan, 142nd Dist.; Rep. Cindy Harrison, 69th Dist.; Sen. Heather S. Somers, 18th Dist.; Rep. Jaime S. Foster, 57th Dist.; Rep. John-Michael Parker, 101st Dist.; Sen. MD Rahman, 4th Dist.; Rep. Jill Barry, 31st Dist.; Rep. Tammy Nuccio, 53rd Dist.; ",(PH),ftp://ftp.cga.ct.gov/2024/cbs/h/HB-5201.HTM,https://www.cga.ct.gov/2024/TOB/h/pdf/2024HB-05201-R00-HB.pdf
HB-5202.HTM,2024,Raised Bill,Transportation Committee,AN ACT IMPLEMENTING THE RECOMMENDATIONS OF THE CONNECTICUT AIRPORT AUTHORITY.,"To implement the recommendations of the Connecticut Airport Authority regarding vertiports, unmanned aircraft, lasers and the sale of alcoholic liquor at Bradley International Airport.","Rep. David Michel, 146th Dist.; ",(TRA),ftp://ftp.cga.ct.gov/2024/cbs/h/HB-5202.HTM,https://www.cga.ct.gov/2024/TOB/h/pdf/2024HB-05202-R00-HB.pdf
HB-5203.HTM,2024,Raised Bill,Transportation Committee,AN ACT CONCERNING THE OFFERING PRICE OF A MOTOR VEHICLE AND AUTOMOBILE DEALER CONVEYANCE FEES.,"To (1) limit the amount a dealer may charge for a conveyance fee or processing fee when selling or leasing a motor vehicle, and (2) prohibit a dealer from printing the order and invoice for the purchase of a motor vehicle with negotiable fees in advance of discussions with a prospective buyer.","Sen. Henri Martin, 31st Dist.; Rep. David Michel, 146th Dist.; Rep. Travis Simms, 140th Dist.; Rep. Gary A. Turco, 27th Dist.; Rep. Geraldo C. Reyes, 75th Dist.; ",(TRA),ftp://ftp.cga.ct.gov/2024/cbs/h/HB-5203.HTM,https://www.cga.ct.gov/2024/TOB/h/pdf/2024HB-05203-R00-HB.pdf
HB-5204.HTM,2024,Raised Bill,Transportation Committee,AN ACT CONCERNING THE OPERATION OF LOW-SPEED VEHICLES.,To provide for the registration of low-speed vehicles and the operation of such vehicles on highways with posted speed limits of thirty-five miles per hour or less.,,(TRA),ftp://ftp.cga.ct.gov/2024/cbs/h/HB-5204.HTM,https://www.cga.ct.gov/2024/TOB/h/pdf/2024HB-05204-R00-HB.pdf
HB-5205.HTM,2024,Proposed Bill,"REP. BOBBY G. GIBSON, 15th DIST.","AN ACT CONCERNING EXCESSIVE, UNUSUAL OR UNNECESSARY MOTOR VEHICLE NOISE.","To ensure motor vehicles and the devices installed on motor vehicles are operated, installed, constructed and adjusted to prevent excessive, unusual or unnecessary motor vehicle noise.","Rep. Craig C. Fishbein, 90th Dist.; Rep. Joseph P. Gresko, 121st Dist.; Rep. Travis Simms, 140th Dist.; Rep. Josh Elliott, 88th Dist.","REP. GIBSON, 15th Dist.",ftp://ftp.cga.ct.gov/2024/cbs/h/HB-5205.HTM,https://www.cga.ct.gov/2024/TOB/h/pdf/2024HB-05205-R00-HB.pdf
HB-5206.HTM,2024,Proposed Bill,"REP. ANTHONY L. NOLAN, 39th DIST.",AN ACT EXPANDING ELIGIBILITY FOR STATE VETERANS' BENEFITS TO CERTAIN MEMBERS OF THE NATIONAL GUARD.,To expand eligibility for state veterans' benefits to certain members of the National Guard.,"Rep. Travis Simms, 140th Dist.; ","REP. NOLAN, 39th Dist.",ftp://ftp.cga.ct.gov/2024/cbs/h/HB-5206.HTM,https://www.cga.ct.gov/2024/TOB/h/pdf/2024HB-05206-R00-HB.pdf
HB-5207.HTM,2024,Proposed Bill,"REP. ANTHONY L. NOLAN, 39th DIST.",AN ACT WAIVING OCCUPATIONAL LICENSING FEES FOR CERTAIN VETERANS AND FAMILY MEMBERS OF ACTIVE MILITARY.,To waive occupational licensing fees for certain veterans and family members of active military.,"Rep. Travis Simms, 140th Dist.; Rep. Geraldo C. Reyes, 75th Dist.","REP. NOLAN, 39th Dist.",ftp://ftp.cga.ct.gov/2024/cbs/h/HB-5207.HTM,https://www.cga.ct.gov/2024/TOB/h/pdf/2024HB-05207-R00-HB.pdf
HB-5208.HTM,2024,Proposed Bill,"REP. ANTHONY L. NOLAN, 39th DIST.",AN ACT INCREASING FUNDING TO THE DEPARTMENT OF VETERANS AFFAIRS.,To increase funding to the Department of Veterans Affairs for various purposes.,"Rep. Travis Simms, 140th Dist.; ","REP. NOLAN, 39th Dist.",ftp://ftp.cga.ct.gov/2024/cbs/h/HB-5208.HTM,https://www.cga.ct.gov/2024/TOB/h/pdf/2024HB-05208-R00-HB.pdf
HB-5209.HTM,2024,Raised Bill,Aging Committee,AN ACT CONCERNING LONG-TERM CARE INSURANCE PREMIUM RATES.,"To (1) allow an income tax deduction for long-term care insurance premiums, (2) require a public hearing for long-term care premium rate increase requests that exceed ten per cent, and (3) require that policyholders are provided advance notice of such hearing.","Rep. Gary A. Turco, 27th Dist.; Sen. Jan Hochadel, 13th Dist.; Rep. Jane M. Garibay, 60th Dist.; Sen. Tony Hwang, 28th Dist.; Rep. Christopher Poulos, 81st Dist.; ",(AGE),ftp://ftp.cga.ct.gov/2024/cbs/h/HB-5209.HTM,https://www.cga.ct.gov/2024/TOB/h/pdf/2024HB-05209-R00-HB.pdf
HB-5210.HTM,2024,Raised Bill,Aging Committee,AN ACT ESTABLISHING AN ELDER JUSTICE UNIT IN THE DIVISION OF CRIMINAL JUSTICE.,To establish an elder justice unit in the Division of Criminal Justice.,"Rep. Travis Simms, 140th Dist.; Rep. Jane M. Garibay, 60th Dist.; Rep. Anthony L. Nolan, 39th Dist.; Rep. James Sanchez, 6th Dist.",(AGE),ftp://ftp.cga.ct.gov/2024/cbs/h/HB-5210.HTM,https://www.cga.ct.gov/2024/TOB/h/pdf/2024HB-05210-R00-HB.pdf
HB-5211.HTM,2024,Raised Bill,Banking Committee,AN ACT CONCERNING VIRTUAL CURRENCY AND MONEY TRANSMISSION.,"To: (1) Redefine ""permissible investment"" and define ""receipt"" in the money transmission statutes; (2) deem certain persons to be engaged in the business of money transmission and require such persons to be licensed; (3) require money transmission licensees to maintain a plan and accounting regarding winding down operations and to meet certain conditions in order to terminate such licensees' businesses; (4) establish a maximum fee that owners or operators of virtual currency kiosks may charge for a specific service and eliminate a certain requirement for customers to cancel and receive a refund for certain virtual currency transactions; (5) require money transmission licensees, or such licensees' authorized delegates, to provide receipts to senders; and (6) specify that the Banking Commissioner may adopt, amend and rescind regulations, forms and orders governing the business use of nonfungible tokens.","Rep. Travis Simms, 140th Dist.; Rep. Jaime S. Foster, 57th Dist.; Rep. Patricia A. Dillon, 92nd Dist.; Rep. Kara Rochelle, 104th Dist.; Rep. Bill Buckbee, 67th Dist.; Rep. Greg S. Howard, 43rd Dist.; Rep. Farley Santos, 109th Dist.; Rep. Carol Hall, 59th Dist.; Rep. Hubert D. Delany, 144th Dist.; Rep. Andre F. Baker, 124th Dist.; Rep. Tom Delnicki, 14th Dist.; Sen. Patricia Billie Miller, 27th Dist.; Rep. Martin Foncello, 107th Dist.; Sen. Eric C. Berthel, 32nd Dist.",(BA),ftp://ftp.cga.ct.gov/2024/cbs/h/HB-5211.HTM,https://www.cga.ct.gov/2024/TOB/h/pdf/2024HB-05211-R00-HB.pdf
HB-5212.HTM,2024,Raised Bill,Education Committee,AN ACT CONCERNING EDUCATION FUNDING.,To make revisions to how public education is funded in the state.,"Rep. Travis Simms, 140th Dist.; Rep. Sarah Keitt, 134th Dist.; Rep. Kadeem Roberts, 137th Dist.; Rep. Anthony L. Nolan, 39th Dist.; Rep. Fred Gee, 126th Dist.; Rep. Christopher Poulos, 81st Dist.; Rep. David Michel, 146th Dist.; Rep. Julio A. Concepcion, 4th Dist.; Rep. Hubert D. Delany, 144th Dist.; ",(ED),ftp://ftp.cga.ct.gov/2024/cbs/h/HB-5212.HTM,https://www.cga.ct.gov/2024/TOB/h/pdf/2024HB-05212-R00-HB.pdf
HB-5213.HTM,2024,Raised Bill,Education Committee,AN ACT CONCERNING DISCONNECTED YOUTH.,To improve school district data systems and practices to identify and support at-risk students and to establish coalitions and partnerships focused on supporting at-risk and disconnected youth.,"Sen. Saud Anwar, 3rd Dist.; Sen. Gary A. Winfield, 10th Dist.; Rep. Travis Simms, 140th Dist.; Rep. Susan M. Johnson, 49th Dist.; Rep. Anthony L. Nolan, 39th Dist.; Rep. Anne M. Hughes, 135th Dist.; Rep. Robin E. Comey, 102nd Dist.; Rep. Juan R. Candelaria, 95th Dist.; Rep. Jason Rojas, 9th Dist.; Rep. Christine Palm, 36th Dist.; Rep. Kadeem Roberts, 137th Dist.; Rep. Geraldo C. Reyes, 75th Dist.; Rep. Christopher Rosario, 128th Dist.; Rep. Josh Elliott, 88th Dist.; Rep. Kara Rochelle, 104th Dist.; Rep. David Michel, 146th Dist.; Rep. James Sanchez, 6th Dist.; Rep. Julio A. Concepcion, 4th Dist.; Rep. Patricia A. Dillon, 92nd Dist.; ",(ED),ftp://ftp.cga.ct.gov/2024/cbs/h/HB-5213.HTM,https://www.cga.ct.gov/2024/TOB/h/pdf/2024HB-05213-R00-HB.pdf
HB-5214.HTM,2024,Raised Bill,Environment Committee,AN ACT CONCERNING BATTERSON PARK.,"To care for, maintain and operate Batterson Park.","Rep. Joseph P. Gresko, 121st Dist.; Rep. Kerry S. Wood, 29th Dist.; Rep. James Sanchez, 6th Dist.; Rep. David Michel, 146th Dist.; Rep. Cara Christine Pavalock-D'Amato, 77th Dist.; ",(ENV),ftp://ftp.cga.ct.gov/2024/cbs/h/HB-5214.HTM,https://www.cga.ct.gov/2024/TOB/h/pdf/2024HB-05214-R00-HB.pdf
HB-5215.HTM,2024,Raised Bill,Environment Committee,AN ACT CONCERNING MUNICIPAL AUTHORITY TO PROHIBIT THE SALE OF NIPS.,To authorize municipalities to prohibit the sale of nips in such town by vote of the applicable legislative body of such town following a public hearing on such proposal.,"Rep. Joseph P. Gresko, 121st Dist.; Rep. David Michel, 146th Dist.; Rep. Mary M. Mushinsky, 85th Dist.; Rep. Christine Palm, 36th Dist.; Rep. Lucy Dathan, 142nd Dist.; Sen. MD Rahman, 4th Dist.; Rep. Patricia A. Dillon, 92nd Dist.; ",(ENV),ftp://ftp.cga.ct.gov/2024/cbs/h/HB-5215.HTM,https://www.cga.ct.gov/2024/TOB/h/pdf/2024HB-05215-R00-HB.pdf
HB-5216.HTM,2024,Raised Bill,Environment Committee,AN ACT CONCERNING THE SAFETY CAPACITY AT GARDNER LAKE STATE PARK.,To develop a safety capacity for Gardner Lake State Park in order to protect public safety in the area.,"Rep. Kevin Ryan, 139th Dist.; Rep. Kathleen M. McCarty, 38th Dist.; Rep. Holly H. Cheeseman, 37th Dist.; Rep. Irene M. Haines, 34th Dist.; Rep. Mark DeCaprio, 48th Dist.; ",(ENV),ftp://ftp.cga.ct.gov/2024/cbs/h/HB-5216.HTM,https://www.cga.ct.gov/2024/TOB/h/pdf/2024HB-05216-R00-HB.pdf
HB-5217.HTM,2024,Raised Bill,Environment Committee,AN ACT CONCERNING THE USE OF CERTAIN RODENTICIDES.,To restrict the use and sale of second-generation rodenticides in order to protect the health of hawks and other raptors.,"Rep. David Michel, 146th Dist.; Rep. Aundre Bumgardner, 41st Dist.; Rep. Joseph P. Gresko, 121st Dist.; Rep. Mary M. Mushinsky, 85th Dist.; Rep. Lucy Dathan, 142nd Dist.; Rep. Frank Smith, 118th Dist.; Rep. Emmanuel Sanchez, 24th Dist.; Rep. Christine Palm, 36th Dist.; Rep. Devin R. Carney, 23rd Dist.; Rep. Patricia A. Dillon, 92nd Dist.; Rep. Hector Arzeno, 151st Dist.; Rep. Geraldo C. Reyes, 75th Dist.; Sen. Julie Kushner, 24th Dist.; Rep. Moira Rader, 98th Dist.; Rep. Maria P. Horn, 64th Dist.; Rep. Kevin Ryan, 139th Dist.; Rep. James Sanchez, 6th Dist.; Rep. Brandon Chafee, 33rd Dist.; Sen. Jan Hochadel, 13th Dist.; Rep. Josh Elliott, 88th Dist.; Rep. Anne M. Hughes, 135th Dist.; Rep. Jane M. Garibay, 60th Dist.; Rep. Jillian Gilchrest, 18th Dist.; Rep. Sarah Keitt, 134th Dist.",(ENV),ftp://ftp.cga.ct.gov/2024/cbs/h/HB-5217.HTM,https://www.cga.ct.gov/2024/TOB/h/pdf/2024HB-05217-R00-HB.pdf
HB-5218.HTM,2024,Raised Bill,Environment Committee,AN ACT CONCERNING THE ESTABLISHMENT OF RIPARIAN BUFFERS AND REVISION OF CERTAIN INLAND WETLANDS PROVISIONS.,To develop buffers and setbacks from waterways and wetlands and require certain inland wetlands training and materials.,"Rep. Aundre Bumgardner, 41st Dist.; Rep. David Michel, 146th Dist.; Rep. Mary M. Mushinsky, 85th Dist.; Rep. Christine Palm, 36th Dist.; Rep. Gary A. Turco, 27th Dist.; Rep. Frank Smith, 118th Dist.; Rep. Hector Arzeno, 151st Dist.; Rep. Joseph P. Gresko, 121st Dist.; Rep. Patricia A. Dillon, 92nd Dist.; Rep. Sarah Keitt, 134th Dist.; Sen. Julie Kushner, 24th Dist.; Rep. Brandon Chafee, 33rd Dist.; Rep. Anne M. Hughes, 135th Dist.; Rep. Jane M. Garibay, 60th Dist.; Rep. Josh Elliott, 88th Dist.; ",(ENV),ftp://ftp.cga.ct.gov/2024/cbs/h/HB-5218.HTM,https://www.cga.ct.gov/2024/TOB/h/pdf/2024HB-05218-R00-HB.pdf
HB-5219.HTM,2024,Raised Bill,Environment Committee,AN ACT CONCERNING STANDARDS FOR THE SPRAYING OF HERBICIDES ALONG RAILROAD RIGHT-OF-WAYS.,To require railroad company vegetation management plans to be consistent with the requirements for such plans in the state of Massachusetts.,"Rep. Maria P. Horn, 64th Dist.; Rep. Geraldo C. Reyes, 75th Dist.; Rep. David Michel, 146th Dist.; Rep. Eleni Kavros DeGraw, 17th Dist.; Rep. Hector Arzeno, 151st Dist.; Rep. Sarah Keitt, 134th Dist.; Rep. Robin E. Comey, 102nd Dist.; Rep. Kerry S. Wood, 29th Dist.; Rep. James Sanchez, 6th Dist.; Rep. Jason Doucette, 13th Dist.; Rep. Hubert D. Delany, 144th Dist.; Rep. Melissa Osborne, 16th Dist.; Sen. Heather S. Somers, 18th Dist.; Rep. Martin Foncello, 107th Dist.; Rep. Tracy Marra, 141st Dist.; Sen. Patricia Billie Miller, 27th Dist.; Rep. Matt Blumenthal, 147th Dist.; Sen. Lisa Seminara, 8th Dist.; Sen. Jeff Gordon, 35th Dist.; ",(ENV),ftp://ftp.cga.ct.gov/2024/cbs/h/HB-5219.HTM,https://www.cga.ct.gov/2024/TOB/h/pdf/2024HB-05219-R00-HB.pdf
HB-5220.HTM,2024,Raised Bill,Environment Committee,AN ACT EXAMINING THE VIABILITY OF AN EXTENDED PRODUCER RESPONSIBILITY PROGRAM FOR SOLAR PANELS.,To examine whether an extended producer responsibility program for solar panels should be established.,"Rep. Travis Simms, 140th Dist.; Rep. Michael D Quinn, 82nd Dist.",(ENV),ftp://ftp.cga.ct.gov/2024/cbs/h/HB-5220.HTM,https://www.cga.ct.gov/2024/TOB/h/pdf/2024HB-05220-R00-HB.pdf
HB-5221.HTM,2024,Raised Bill,Environment Committee,AN ACT CONCERNING THE OPERATION OF OUTDOOR WOOD-BURNING FURNACES ON NONATTAINMENT DAYS.,To prohibit the use of outdoor wood-burning furnaces on certain nonattainment days.,"Sen. Jan Hochadel, 13th Dist.; ",(ENV),ftp://ftp.cga.ct.gov/2024/cbs/h/HB-5221.HTM,https://www.cga.ct.gov/2024/TOB/h/pdf/2024HB-05221-R00-HB.pdf
HB-5222.HTM,2024,Raised Bill,Environment Committee,AN ACT ESTABLISHING A NO-WAKE ZONE ON THE PAWCATUCK RIVER AND AUTHORIZING THE PURCHASE OF CERTAIN RIPARIAN BUFFERS.,To establish a no-wake-zone on the Pawcatuck River.,"Rep. Aundre Bumgardner, 41st Dist.; Sen. Heather S. Somers, 18th Dist.; Rep. Greg S. Howard, 43rd Dist.; Rep. Patrick E. Callahan, 108th Dist.; Rep. Martin Foncello, 107th Dist.; Sen. Lisa Seminara, 8th Dist.",(ENV),ftp://ftp.cga.ct.gov/2024/cbs/h/HB-5222.HTM,https://www.cga.ct.gov/2024/TOB/h/pdf/2024HB-05222-R00-HB.pdf
HB-5223.HTM,2024,Raised Bill,Environment Committee,AN ACT CONCERNING MINOR REVISIONS TO AGRICULTURE RELATED STATUTES AND TO OPEN SPACE ACQUISITION RELATED STATUTES.,"To make minor, technical and conforming changes to certain agriculture-related statutes.","Rep. Tom Delnicki, 14th Dist.; Rep. Martin Foncello, 107th Dist.; Sen. John A. Kissel, 7th Dist.; Sen. Lisa Seminara, 8th Dist.; Sen. Jeff Gordon, 35th Dist.; ",(ENV),ftp://ftp.cga.ct.gov/2024/cbs/h/HB-5223.HTM,https://www.cga.ct.gov/2024/TOB/h/pdf/2024HB-05223-R00-HB.pdf
HB-5224.HTM,2024,Raised Bill,Environment Committee,AN ACT CONCERNING SHARK FINNING.,To prohibit  the unauthorized practice of shark finning.,"Rep. Joseph P. Gresko, 121st Dist.; Rep. Mary M. Mushinsky, 85th Dist.; Rep. David Michel, 146th Dist.; Rep. Jane M. Garibay, 60th Dist.; Rep. Nicole Klarides-Ditria, 105th Dist.; Rep. Hilda E. Santiago, 84th Dist.; Rep. Rachel Chaleski, 138th Dist.; Rep. Francis Cooley, 22nd Dist.; Rep. Laura Dancho, 120th Dist.; Rep. Cara Christine Pavalock-D'Amato, 77th Dist.; Rep. Tracy Marra, 141st Dist.; ",(ENV),ftp://ftp.cga.ct.gov/2024/cbs/h/HB-5224.HTM,https://www.cga.ct.gov/2024/TOB/h/pdf/2024HB-05224-R00-HB.pdf
HB-5225.HTM,2024,Raised Bill,Environment Committee,AN ACT CONCERNING THE RECOMMENDATIONS OF THE INVASIVE PLANTS COUNCIL.,To implement the recent recommendations of the Invasive Plants Council by prohibiting the sale and cultivation of certain plants determined to be invasive or potentially invasive.,"Rep. Joseph P. Gresko, 121st Dist.; Rep. Aundre Bumgardner, 41st Dist.; Sen. Julie Kushner, 24th Dist.; Rep. Brandon Chafee, 33rd Dist.; Rep. Tami Zawistowski, 61st Dist.; Rep. David Michel, 146th Dist.; Rep. Anne M. Hughes, 135th Dist.; Rep. Holly H. Cheeseman, 37th Dist.; Rep. Jane M. Garibay, 60th Dist.; Rep. Josh Elliott, 88th Dist.; Rep. Hilda E. Santiago, 84th Dist.; Sen. Saud Anwar, 3rd Dist.; Sen. Heather S. Somers, 18th Dist.; Rep. Cindy Harrison, 69th Dist.; Rep. Donna Veach, 30th Dist.; Rep. Martin Foncello, 107th Dist.; Sen. Lisa Seminara, 8th Dist.; ",(ENV),ftp://ftp.cga.ct.gov/2024/cbs/h/HB-5225.HTM,https://www.cga.ct.gov/2024/TOB/h/pdf/2024HB-05225-R00-HB.pdf
HB-5226.HTM,2024,Raised Bill,Environment Committee,AN ACT ESTABLISHING AN EXTENDED PRODUCER RESPONSIBILITY PROGRAM FOR CONSUMER BATTERIES.,To establish an extended producer responsibility program for certain consumer batteries.,"Rep. Joseph P. Gresko, 121st Dist.; Rep. Travis Simms, 140th Dist.; Rep. Christine Palm, 36th Dist.; Rep. Hector Arzeno, 151st Dist.; Rep. Geraldo C. Reyes, 75th Dist.; Rep. Moira Rader, 98th Dist.; Rep. Frank Smith, 118th Dist.; Rep. Maria P. Horn, 64th Dist.; Rep. David Michel, 146th Dist.; Rep. Mary M. Mushinsky, 85th Dist.; Rep. Kevin Ryan, 139th Dist.; Rep. Brandon Chafee, 33rd Dist.; Rep. Jaime S. Foster, 57th Dist.; Rep. Julio A. Concepcion, 4th Dist.; Rep. Jane M. Garibay, 60th Dist.; Rep. James Sanchez, 6th Dist.; Rep. Eleni Kavros DeGraw, 17th Dist.; Sen. Julie Kushner, 24th Dist.; Rep. Martin Foncello, 107th Dist.; Rep. Patricia A. Dillon, 92nd Dist.",(ENV),ftp://ftp.cga.ct.gov/2024/cbs/h/HB-5226.HTM,https://www.cga.ct.gov/2024/TOB/h/pdf/2024HB-05226-R00-HB.pdf
HB-5227.HTM,2024,Raised Bill,Environment Committee,AN ACT CONCERNING THE RELEASE OF CERTAIN LIENS OF THE DEPARTMENT OF ENERGY AND ENVIRONMENTAL PROTECTION.,To require the Department of Energy and Environmental Protection to release liens within a certain period of time when such lien has been satisfied.,"Rep. Greg S. Howard, 43rd Dist.; Rep. Martin Foncello, 107th Dist.; Sen. Lisa Seminara, 8th Dist.; ",(ENV),ftp://ftp.cga.ct.gov/2024/cbs/h/HB-5227.HTM,https://www.cga.ct.gov/2024/TOB/h/pdf/2024HB-05227-R00-HB.pdf
HB-5228.HTM,2024,Raised Bill,Environment Committee,AN ACT CONCERNING THE PURCHASE OF CERTAIN LANDS AT AGRICULTURAL VALUE.,To authorize the issuance of state funds for municipalities and nonprofits to purchase options to  purchase preserved agricultural lands at agricultural value.,"Rep. Joseph P. Gresko, 121st Dist.; Rep. Maria P. Horn, 64th Dist.; Rep. Ben McGorty, 122nd Dist.; Sen. Jan Hochadel, 13th Dist.; Rep. Aundre Bumgardner, 41st Dist.; Sen. MD Rahman, 4th Dist.; Rep. Gregory Haddad, 54th Dist.; ",(ENV),ftp://ftp.cga.ct.gov/2024/cbs/h/HB-5228.HTM,https://www.cga.ct.gov/2024/TOB/h/pdf/2024HB-05228-R00-HB.pdf
HB-5229.HTM,2024,Raised Bill,Environment Committee,AN ACT CONCERNING THE RECOMMENDATIONS OF THE EELGRASS WORKING GROUP.,To implement certain of the recommendations of the eelgrass working group that are intended to assist in the preservation and restoration of eelgrass in the state.,"Rep. Aundre Bumgardner, 41st Dist.; Rep. Joseph P. Gresko, 121st Dist.; Sen. Heather S. Somers, 18th Dist.; Rep. Christine Palm, 36th Dist.; Sen. Jan Hochadel, 13th Dist.; Rep. Patricia A. Dillon, 92nd Dist.; Rep. Ben McGorty, 122nd Dist.; Rep. Hilda E. Santiago, 84th Dist.; Sen. Saud Anwar, 3rd Dist.; Sen. Kevin C. Kelly, 21st Dist.; Sen. Gary A. Winfield, 10th Dist.; Rep. Laura Dancho, 120th Dist.; Rep. Martin Foncello, 107th Dist.; Sen. Lisa Seminara, 8th Dist.",(ENV),ftp://ftp.cga.ct.gov/2024/cbs/h/HB-5229.HTM,https://www.cga.ct.gov/2024/TOB/h/pdf/2024HB-05229-R00-HB.pdf
HB-5230.HTM,2024,Raised Bill,Environment Committee,AN ACT CONCERNING SMOKE DETECTORS IN THE SOLID WASTE STREAM.,To require the installation of certain types of smoke detectors and carbon monoxide detectors in single-family homes.,"Sen. Jan Hochadel, 13th Dist.; ",(ENV),ftp://ftp.cga.ct.gov/2024/cbs/h/HB-5230.HTM,https://www.cga.ct.gov/2024/TOB/h/pdf/2024HB-05230-R00-HB.pdf
HB-5231.HTM,2024,Raised Bill,Energy and Technology Committee,AN ACT CONCERNING REVISIONS TO THE STATE'S NONRESIDENTIAL RENEWABLE ENERGY PROGRAM AND SHARED CLEAN ENERGY FACILITY PROGRAM.,"To (1) make revisions to the state's renewable energy programs, including suspending the caps and clarifying rules for state, agricultural and municipal customers, and (2) require the Public Utilities Regulatory Authority to study such programs and potential successor programs.","Rep. Joseph P. Gresko, 121st Dist.; Rep. David Michel, 146th Dist.; Rep. Travis Simms, 140th Dist.; Rep. Aundre Bumgardner, 41st Dist.; Rep. Brandon Chafee, 33rd Dist.; Rep. Anne M. Hughes, 135th Dist.; Rep. Jennifer Leeper, 132nd Dist.; Rep. Eleni Kavros DeGraw, 17th Dist.; Sen. Julie Kushner, 24th Dist.; Rep. Christine Palm, 36th Dist.; Rep. Jillian Gilchrest, 18th Dist.; Rep. Geraldo C. Reyes, 75th Dist.; Rep. Amy Morrin Bello, 28th Dist.; Sen. Jan Hochadel, 13th Dist.",(ET),ftp://ftp.cga.ct.gov/2024/cbs/h/HB-5231.HTM,https://www.cga.ct.gov/2024/TOB/h/pdf/2024HB-05231-R00-HB.pdf
HB-5232.HTM,2024,Raised Bill,Energy and Technology Committee,AN ACT CONCERNING SOLAR PROJECTS THROUGHOUT THE STATE.,"To (1) establish a uniform capacity tax on solar panels, (2) extend community benefit agreement requirements to more renewable energy projects, (3) study community solar, (4) require expedited permitting for solar canopies, (5) require the Department of Energy and Environmental Protection to study solar canopies and develop a strategic plan, (6) revise programs of the Connecticut Green Bank, and (7) study how to promote municipal solar projects.","Rep. Aundre Bumgardner, 41st Dist.; Rep. David Michel, 146th Dist.; Rep. Travis Simms, 140th Dist.; Rep. Joseph P. Gresko, 121st Dist.; Rep. James Sanchez, 6th Dist.; Rep. Brandon Chafee, 33rd Dist.; Rep. Anne M. Hughes, 135th Dist.; Rep. Jennifer Leeper, 132nd Dist.; Rep. Eleni Kavros DeGraw, 17th Dist.; Sen. Julie Kushner, 24th Dist.; Rep. Christine Palm, 36th Dist.; Rep. Jillian Gilchrest, 18th Dist.; Rep. Geraldo C. Reyes, 75th Dist.; Rep. Gary A. Turco, 27th Dist.; Rep. Amy Morrin Bello, 28th Dist.; Sen. Jan Hochadel, 13th Dist.; Rep. Mary M. Mushinsky, 85th Dist.; Rep. Lucy Dathan, 142nd Dist.; Rep. Raghib Allie-Brennan, 2nd Dist.; Rep. Josh Elliott, 88th Dist.; Rep. Jane M. Garibay, 60th Dist.; Rep. Kerry S. Wood, 29th Dist.; Rep. Sarah Keitt, 134th Dist.; Rep. Patricia A. Dillon, 92nd Dist.; Rep. Hilda E. Santiago, 84th Dist.; Rep. Hubert D. Delany, 144th Dist.",(ET),ftp://ftp.cga.ct.gov/2024/cbs/h/HB-5232.HTM,https://www.cga.ct.gov/2024/TOB/h/pdf/2024HB-05232-R00-HB.pdf
HB-5233.HTM,2024,Raised Bill,General Law Committee,AN ACT ESTABLISHING A TASK FORCE TO STUDY THE OPERATIONS OF THE DEPARTMENT OF CONSUMER PROTECTION.,To establish a task force to study the operations of the Department of Consumer Protection.,,(GL),ftp://ftp.cga.ct.gov/2024/cbs/h/HB-5233.HTM,https://www.cga.ct.gov/2024/TOB/h/pdf/2024HB-05233-R00-HB.pdf
HB-5234.HTM,2024,Raised Bill,General Law Committee,AN ACT CONCERNING THE DEPARTMENT OF CONSUMER PROTECTION'S RECOMMENDATIONS REGARDING ALCOHOLIC LIQUOR REGULATION.,"To: (1) Define ""business entity""; (2) specify the circumstances in which a franchisor or landlord may receive profits; (3) prohibit ""placeholding""; (4) modify certain notice requirements; (5) require certain permittees that appoint additional wholesalers to disclose additional information; (6) allow additional permit holders to offer tastings and make donations; (7) empower the department to conduct additional investigations and impose additional fines; (8) allow the holders of certain permits to hold other permits; (9) modify requirements concerning changes to means of access; (10) modify certain notice and hearing requirements; (11) enable the department to accept offers in compromise; (12) enable applicants to appeal from denials of liquor permit applications; (13) authorize consumer service bars; (14) establish requirements concerning embargoes and confiscations; (15) indemnify and shield certain minors; (16) authorize electronic age statements; (17) impose additional requirements concerning intoxicated persons; and (18) make various conforming, technical and minor changes to the Liquor Control Act.",,(GL),ftp://ftp.cga.ct.gov/2024/cbs/h/HB-5234.HTM,https://www.cga.ct.gov/2024/TOB/h/pdf/2024HB-05234-R00-HB.pdf
HB-5235.HTM,2024,Raised Bill,General Law Committee,AN ACT CONCERNING THE DEPARTMENT OF CONSUMER PROTECTION'S RECOMMENDATIONS REGARDING CANNABIS REGULATION.,"To: (1) Redefine ""marijuana"", ""manufactured cannabinoid"" and ""synthetic cannabinoid"" for the purposes of various statutes concerning cannabis regulation; (2) require the Commissioner of Consumer Protection to designate any synthetic cannabinoid as a schedule I controlled substance; (3) provide that (A) cannabis shall not contain any synthetic cannabinoid, and (B) no cannabis establishment may sell any synthetic cannabinoid; (4) modify certain provisions that prohibit members of the Social Equity Council and certain employees of the council or the Department of Consumer Protection from holding certain interests in, or receiving certain moneys from, certain cannabis establishments or cannabis transactions; (5) specify that hemp that is lawfully produced under federal law may be transported or shipped through this state; and (6) make minor, technical and conforming changes to various statutes concerning cannabis regulation.","Rep. Craig C. Fishbein, 90th Dist.; Rep. Juan R. Candelaria, 95th Dist.; Rep. Martin Foncello, 107th Dist.; Rep. Matt Blumenthal, 147th Dist.; Sen. Lisa Seminara, 8th Dist.; Sen. Eric C. Berthel, 32nd Dist.",(GL),ftp://ftp.cga.ct.gov/2024/cbs/h/HB-5235.HTM,https://www.cga.ct.gov/2024/TOB/h/pdf/2024HB-05235-R00-HB.pdf
HB-5236.HTM,2024,Raised Bill,General Law Committee,AN ACT CONCERNING RECOMMENDATIONS BY THE DEPARTMENT OF CONSUMER PROTECTION.,"To: (1) Implement the Department of Consumer Protection's recommendations concerning (A) landscape architects, (B) home improvement contractors and salespersons, (C) the Home Improvement Guaranty Fund, (D) appraisal management companies, (E) mobile manufactured home parks, (F) applications for licenses, permits, certificates and registrations and payments for outstanding fees, (G) sales of consumer commodities, (H) the Uniform Food, Drug and Cosmetic Act, (I) health clubs, contracts for health club services and the Connecticut Health Club Guaranty Fund, (J) well water, (K) unfair trade practices, (L) refund and exchange policies and practices, and (M) public weighmasters; (2) repeal various provisions concerning manufacturing, mixing, compounding, selling and offering for sale flour, white bread, rolls, corn meal, corn grits, macaroni and rice; and (3) make minor, technical and conforming changes to various statutes concerning (A) consumer protection, and (B) professional licensing, certification, permitting and registration.","Rep. Keith Denning, 42nd Dist.; Rep. Tony J Scott, 112th Dist.; Rep. Larry B. Butler, 72nd Dist.; Rep. Martin Foncello, 107th Dist.",(GL),ftp://ftp.cga.ct.gov/2024/cbs/h/HB-5236.HTM,https://www.cga.ct.gov/2024/TOB/h/pdf/2024HB-05236-R00-HB.pdf
HB-5237.HTM,2024,Raised Bill,Higher Education and Employment Advancement Committee,AN ACT REQUIRING STUDENT SURVEYS DURING EVALUATION OF A PRIVATE CAREER SCHOOL TO RENEW A CERTIFICATE OF AUTHORIZATION.,To require student surveys as part of the evaluation of private career schools during the process for renewal of a certificate of authorization.,"Rep. William Pizzuto, 71st Dist.; Sen. Heather S. Somers, 18th Dist.; Rep. Irene M. Haines, 34th Dist.; Rep. Martin Foncello, 107th Dist.; Sen. Lisa Seminara, 8th Dist.; ",(HED),ftp://ftp.cga.ct.gov/2024/cbs/h/HB-5237.HTM,https://www.cga.ct.gov/2024/TOB/h/pdf/2024HB-05237-R00-HB.pdf
HB-5238.HTM,2024,Raised Bill,Higher Education and Employment Advancement Committee,AN ACT INCREASING THE AMOUNT OF THE MINIMUM AWARDS UNDER THE DEBT-FREE COMMUNITY COLLEGE PROGRAM.,To increase the amount of the minimum awards made under the debt-free community college program from two hundred fifty dollars for a full-time student to one thousand dollars and one hundred fifty dollars for a part-time student to five hundred dollars.,"Rep. Gary A. Turco, 27th Dist.; ",(HED),ftp://ftp.cga.ct.gov/2024/cbs/h/HB-5238.HTM,https://www.cga.ct.gov/2024/TOB/h/pdf/2024HB-05238-R00-HB.pdf
HB-5239.HTM,2024,Raised Bill,Higher Education and Employment Advancement Committee,AN ACT ESTABLISHING THE PATH PROGRAM AND AMENDING THE CONNECTICUT COLLEGIATE AWARENESS AND PREPARATION PROGRAM.,"To (1) make nonprofit organizations that provide collegiate awareness and preparation programs eligible for grants, (2) establish an earlier application deadline and a one-year award period, and (3) increase funding for the Connecticut collegiate awareness and preparation program.","Rep. Geraldo C. Reyes, 75th Dist.; Rep. Hilda E. Santiago, 84th Dist.; Rep. Anabel D. Figueroa, 148th Dist.; Rep. Henry J. Genga, 10th Dist.; Sen. Saud Anwar, 3rd Dist.; Rep. Gregory Haddad, 54th Dist.; Rep. Martin Foncello, 107th Dist.; Sen. Kevin C. Kelly, 21st Dist.; Sen. Lisa Seminara, 8th Dist.; Sen. Jeff Gordon, 35th Dist.",(HED),ftp://ftp.cga.ct.gov/2024/cbs/h/HB-5239.HTM,https://www.cga.ct.gov/2024/TOB/h/pdf/2024HB-05239-R00-HB.pdf
HB-5240.HTM,2024,Raised Bill,Human Services Committee,AN ACT CONCERNING MEDICAID COVERAGE FOR INFERTILITY TREATMENT.,To provide Medicaid coverage for the medically necessary diagnosis and treatment of infertility to the same extent such coverage is required by private insurers and eligible for Medicaid reimbursement under federal law.,"Sen. Saud Anwar, 3rd Dist.; Rep. Kate Farrar, 20th Dist.; Rep. Eleni Kavros DeGraw, 17th Dist.; ",(HS),ftp://ftp.cga.ct.gov/2024/cbs/h/HB-5240.HTM,https://www.cga.ct.gov/2024/TOB/h/pdf/2024HB-05240-R00-HB.pdf
HB-5241.HTM,2024,Raised Bill,Human Services Committee,"AN ACT ESTABLISHING A BUREAU COORDINATING SERVICES FOR DEAF, HARD OF HEARING OR DEAFBLIND PERSONS.","To establish a bureau to coordinate services and information for persons who are deaf, hard of hearing or deafblind.","Sen. Saud Anwar, 3rd Dist.; Rep. Christopher Poulos, 81st Dist.; Sen. Julie Kushner, 24th Dist.; Sen. Matthew L. Lesser, 9th Dist.; Rep. Michelle L. Cook, 65th Dist.; Rep. Craig C. Fishbein, 90th Dist.; Rep. Kate Farrar, 20th Dist.; Rep. Mike Demicco, 21st Dist.; Rep. Susan M. Johnson, 49th Dist.; Sen. Rob Sampson, 16th Dist.; Rep. James Sanchez, 6th Dist.; Rep. Francis Cooley, 22nd Dist.; Rep. Jill Barry, 31st Dist.; Rep. Jennifer Leeper, 132nd Dist.; Rep. Robin E. Comey, 102nd Dist.; Rep. Eleni Kavros DeGraw, 17th Dist.; Rep. Michael D Quinn, 82nd Dist.; Rep. Gary A. Turco, 27th Dist.; Rep. Moira Rader, 98th Dist.; Rep. Lucy Dathan, 142nd Dist.; Sen. Jan Hochadel, 13th Dist.; Rep. Anthony L. Nolan, 39th Dist.; Rep. Rachel Khanna, 149th Dist.; Rep. Farley Santos, 109th Dist.; Rep. Kevin Brown, 56th Dist.; Sen. Rick Lopes, 6th Dist.; Rep. Hector Arzeno, 151st Dist.; Rep. Christopher Rosario, 128th Dist.; Rep. Donna Veach, 30th Dist.; Rep. Joe Hoxha, 78th Dist.; Rep. Gale L. Mastrofrancesco, 80th Dist.; Sen. Lisa Seminara, 8th Dist.; Rep. Dominique Johnson, 143rd Dist.; Rep. Anne Dauphinais, 44th Dist.",(HS),ftp://ftp.cga.ct.gov/2024/cbs/h/HB-5241.HTM,https://www.cga.ct.gov/2024/TOB/h/pdf/2024HB-05241-R00-HB.pdf
HB-5242.HTM,2024,Raised Bill,Housing Committee,AN ACT CONCERNING THE COLLATERAL CONSEQUENCES OF CRIMINAL RECORDS ON HOUSING OPPORTUNITIES.,To prohibit housing providers from considering a prospective tenant's felony conviction in connection with a rental application after certain time periods.,"Rep. Josh Elliott, 88th Dist.; Rep. Anne M. Hughes, 135th Dist.; Sen. Martin M. Looney, 11th Dist.; Rep. Maryam Khan, 5th Dist.; Rep. David Michel, 146th Dist.; Rep. Anthony L. Nolan, 39th Dist.; Rep. Kadeem Roberts, 137th Dist.; Rep. Antonio Felipe, 130th Dist.; Rep. Robert Sanchez, 25th Dist.; Rep. Christopher Rosario, 128th Dist.",(HSG),ftp://ftp.cga.ct.gov/2024/cbs/h/HB-5242.HTM,https://www.cga.ct.gov/2024/TOB/h/pdf/2024HB-05242-R00-HB.pdf
HB-5243.HTM,2024,Raised Bill,Housing Committee,AN ACT REVISING A STATUTE CONCERNING HOUSING DEVELOPMENT.,To make technical changes to a statute concerning housing growth in the state.,,(HSG),ftp://ftp.cga.ct.gov/2024/cbs/h/HB-5243.HTM,https://www.cga.ct.gov/2024/TOB/h/pdf/2024HB-05243-R00-HB.pdf
HB-5244.HTM,2024,Raised Bill,Insurance and Real Estate Committee,AN ACT CONCERNING CONSUMER GUIDELINES FOR AUTOMOBILE LIABILITY INSURANCE.,To direct the Insurance Commissioner to post on the Insurance Department's Internet web site guidelines for consumers of automobile liability insurance in this state.,"Rep. Christine Conley, 40th Dist.; ",(INS),ftp://ftp.cga.ct.gov/2024/cbs/h/HB-5244.HTM,https://www.cga.ct.gov/2024/TOB/h/pdf/2024HB-05244-R00-HB.pdf
HB-5245.HTM,2024,Raised Bill,Insurance and Real Estate Committee,AN ACT CONCERNING COPAYMENT-ONLY HEALTH PLANS.,To remove certain copayment limitations for copayment-only health plans offered in this state.,"Rep. Kerry S. Wood, 29th Dist.; Rep. Tom Delnicki, 14th Dist.",(INS),ftp://ftp.cga.ct.gov/2024/cbs/h/HB-5245.HTM,https://www.cga.ct.gov/2024/TOB/h/pdf/2024HB-05245-R00-HB.pdf
HB-5246.HTM,2024,Raised Bill,Insurance and Real Estate Committee,AN ACT CONCERNING ELECTRONIC POSTING OF CERTAIN DOCUMENTS BY INSURERS.,To allow insurers to post certain insurance policies and endorsements on such insurers' Internet web sites.,,(INS),ftp://ftp.cga.ct.gov/2024/cbs/h/HB-5246.HTM,https://www.cga.ct.gov/2024/TOB/h/pdf/2024HB-05246-R00-HB.pdf
HB-5247.HTM,2024,Raised Bill,Insurance and Real Estate Committee,AN ACT CONCERNING EMPLOYEE HEALTH BENEFIT CONSORTIUMS.,To authorize employee health benefit consortiums in this state.,"Rep. Kerry S. Wood, 29th Dist.; Rep. Christopher Poulos, 81st Dist.; Rep. Tom Delnicki, 14th Dist.; Rep. Jill Barry, 31st Dist.; Rep. Cara Christine Pavalock-D'Amato, 77th Dist.; Sen. Heather S. Somers, 18th Dist.; Rep. Michael D'Agostino, 91st Dist.; Rep. Rachel Khanna, 149th Dist.; Rep. Jaime S. Foster, 57th Dist.; Rep. Greg S. Howard, 43rd Dist.; Sen. Joan V. Hartley, 15th Dist.; Sen. Lisa Seminara, 8th Dist.; Sen. Ryan Fazio, 36th Dist.; Rep. Laura Dancho, 120th Dist.; Sen. Rob Sampson, 16th Dist.; Rep. Gale L. Mastrofrancesco, 80th Dist.; Rep. Steve Weir, 55th Dist.; Rep. Melissa Osborne, 16th Dist.; Rep. Patrick S. Boyd, 50th Dist.; Rep. Stephen R Meskers, 150th Dist.; Rep. Hector Arzeno, 151st Dist.; Rep. Keith Denning, 42nd Dist.; Rep. Michael DiGiovancarlo, 74th Dist.; Rep. Francis Cooley, 22nd Dist.; Rep. Nicole Klarides-Ditria, 105th Dist.; Rep. Raghib Allie-Brennan, 2nd Dist.; Rep. Michael D Quinn, 82nd Dist.; Rep. Julio A. Concepcion, 4th Dist.; Rep. Joseph P. Gresko, 121st Dist.; Rep. Larry B. Butler, 72nd Dist.; Rep. Lucy Dathan, 142nd Dist.; Rep. Tammy Nuccio, 53rd Dist.; Rep. Henry J. Genga, 10th Dist.; Rep. Anne Dauphinais, 44th Dist.; Rep. Mark W Anderson, 62nd Dist.; ",(INS),ftp://ftp.cga.ct.gov/2024/cbs/h/HB-5247.HTM,https://www.cga.ct.gov/2024/TOB/h/pdf/2024HB-05247-R00-HB.pdf
HB-5248.HTM,2024,Raised Bill,Insurance and Real Estate Committee,AN ACT CONCERNING HEALTH BENEFIT REVIEW.,To revise the manner in which health benefit reviews are performed and the content of such reviews.,"Rep. Kerry S. Wood, 29th Dist.; ",(INS),ftp://ftp.cga.ct.gov/2024/cbs/h/HB-5248.HTM,https://www.cga.ct.gov/2024/TOB/h/pdf/2024HB-05248-R00-HB.pdf
HB-5249.HTM,2024,Raised Bill,Insurance and Real Estate Committee,AN ACT CONCERNING PERSONAL OPIOID DRUG DEACTIVATION AND DISPOSAL SYSTEMS AND THE OPIOID SETTLEMENT FUND.,"To require pharmacies and pharmacists to provide personal opioid drug deactivation and disposal systems to patients, and dedicate moneys deposited in the Opioid Settlement Fund to reimburse pharmacies and pharmacists for expenses incurred in providing such systems to patients.","Sen. Saud Anwar, 3rd Dist.; Rep. Kerry S. Wood, 29th Dist.; Rep. Tom Delnicki, 14th Dist.; Rep. Maryam Khan, 5th Dist.; Rep. James Sanchez, 6th Dist.; Sen. Heather S. Somers, 18th Dist.; Rep. Jaime S. Foster, 57th Dist.; ",(INS),ftp://ftp.cga.ct.gov/2024/cbs/h/HB-5249.HTM,https://www.cga.ct.gov/2024/TOB/h/pdf/2024HB-05249-R00-HB.pdf
HB-5250.HTM,2024,Raised Bill,Insurance and Real Estate Committee,AN ACT CONCERNING SELF-SERVICE STORAGE INSURANCE.,To regulate the sale of self-service storage insurance in this state.,,(INS),ftp://ftp.cga.ct.gov/2024/cbs/h/HB-5250.HTM,https://www.cga.ct.gov/2024/TOB/h/pdf/2024HB-05250-R00-HB.pdf
HB-5251.HTM,2024,Raised Bill,Insurance and Real Estate Committee,AN ACT CONCERNING INSURANCE.,To require that the Insurance Department conduct a study concerning insurance in the state.,,(INS),ftp://ftp.cga.ct.gov/2024/cbs/h/HB-5251.HTM,https://www.cga.ct.gov/2024/TOB/h/pdf/2024HB-05251-R00-HB.pdf
HB-5252.HTM,2024,Raised Bill,Insurance and Real Estate Committee,AN ACT CONCERNING PROPERTY AND CASUALTY INSURANCE IN THE STATE.,To require that the Insurance Department conduct a study concerning issues relating to property and casualty insurance in the state.,,(INS),ftp://ftp.cga.ct.gov/2024/cbs/h/HB-5252.HTM,https://www.cga.ct.gov/2024/TOB/h/pdf/2024HB-05252-R00-HB.pdf
HB-5253.HTM,2024,Raised Bill,Insurance and Real Estate Committee,AN ACT REQUIRING A FEASIBILITY STUDY OF INSURANCE POOLING FOR NONPROFIT ENTITIES.,To require that the Insurance Commissioner conduct a feasibility study of general liability and automobile liability insurance pooling for nonprofit entities.,"Rep. Travis Simms, 140th Dist.; Sen. Heather S. Somers, 18th Dist.; Rep. Francis Cooley, 22nd Dist.; ",(INS),ftp://ftp.cga.ct.gov/2024/cbs/h/HB-5253.HTM,https://www.cga.ct.gov/2024/TOB/h/pdf/2024HB-05253-R00-HB.pdf
HB-5254.HTM,2024,Raised Bill,Insurance and Real Estate Committee,AN ACT CONCERNING BROKER PRICE OPINIONS BY REAL ESTATE BROKERS AND REAL ESTATE SALESPERSONS.,To permit real estate brokers and real estate salespersons to estimate the value of real estate for a fee or other valuable consideration and to perform comparative market analyses and provide price opinions or estimates of the value of real estate.,"Rep. Travis Simms, 140th Dist.; Rep. Tom Delnicki, 14th Dist.; Sen. Herron Gaston, 23rd Dist.; ",(INS),ftp://ftp.cga.ct.gov/2024/cbs/h/HB-5254.HTM,https://www.cga.ct.gov/2024/TOB/h/pdf/2024HB-05254-R00-HB.pdf
HB-5255.HTM,2024,Raised Bill,Insurance and Real Estate Committee,AN ACT REQUIRING A STUDY OF THE FEASIBILITY OF ESTABLISHING A CAPTIVE INSURANCE COMPANY TO PROVIDE FINANCIAL ASSISTANCE TO FARMERS IMPACTED BY THE EFFECTS OF SEVERE WEATHER.,"To require that the Insurance Commissioner, in consultation with the Commissioner of Agriculture, conduct a feasibility study for establishing a captive insurance company to provide financial assistance to farmers in the state impacted by the effects of severe weather.","Sen. Saud Anwar, 3rd Dist.; Rep. Tom Delnicki, 14th Dist.; Rep. Kerry S. Wood, 29th Dist.; Rep. Jeff Currey, 11th Dist.; Rep. Travis Simms, 140th Dist.; Rep. Joseph P. Gresko, 121st Dist.; Rep. James Sanchez, 6th Dist.; Sen. MD Rahman, 4th Dist.; Sen. Heather S. Somers, 18th Dist.; Rep. Jaime S. Foster, 57th Dist.; Rep. Jason Doucette, 13th Dist.; Rep. Jill Barry, 31st Dist.; Sen. Jeff Gordon, 35th Dist.; ",(INS),ftp://ftp.cga.ct.gov/2024/cbs/h/HB-5255.HTM,https://www.cga.ct.gov/2024/TOB/h/pdf/2024HB-05255-R00-HB.pdf
HB-5256.HTM,2024,Raised Bill,Judiciary Committee,AN ACT CONCERNING LIABILITY FOR INJURIES INHERENT IN CAMPING WHILE AT A PRIVATE CAMPGROUND.,To statutorily prescribe that each camper shall assume the risk for any injury to their person arising out of the hazards inherent in camping while at a private campground.,"Rep. John E. Piscopo, 76th Dist.; Rep. Maria P. Horn, 64th Dist.; Rep. Cindy Harrison, 69th Dist.; Rep. Craig C. Fishbein, 90th Dist.; Rep. William Pizzuto, 71st Dist.; Rep. Tammy Nuccio, 53rd Dist.; Rep. Martin Foncello, 107th Dist.; ",(JUD),ftp://ftp.cga.ct.gov/2024/cbs/h/HB-5256.HTM,https://www.cga.ct.gov/2024/TOB/h/pdf/2024HB-05256-R00-HB.pdf
HB-5257.HTM,2024,Raised Bill,Judiciary Committee,AN ACT CONCERNING LIABILITY FOR DAMAGE TO PERSON OR PROPERTY CAUSED BY A DOG.,To provide that the owner or keeper of a dog shall be jointly and severally liable for any dog causing damage to the person or property of another person.,"Rep. Henry J. Genga, 10th Dist.; Sen. Heather S. Somers, 18th Dist.; Rep. Patricia A. Dillon, 92nd Dist.; ",(JUD),ftp://ftp.cga.ct.gov/2024/cbs/h/HB-5257.HTM,https://www.cga.ct.gov/2024/TOB/h/pdf/2024HB-05257-R00-HB.pdf
HB-5258.HTM,2024,Raised Bill,Judiciary Committee,AN ACT REQUIRING THE DOMESTIC VIOLENCE CRIMINAL JUSTICE RESPONSE AND ENHANCEMENT ADVISORY COUNCIL TO STUDY STATE COURT PROCESSES UPON RECEIPT OF A MILITARY PROTECTION ORDER.,To require state courts to extend full faith and credit to military protection orders.,"Rep. Anthony L. Nolan, 39th Dist.; Rep. Christine Conley, 40th Dist.; Rep. James Sanchez, 6th Dist.; Rep. Eleni Kavros DeGraw, 17th Dist.; Rep. Holly H. Cheeseman, 37th Dist.; Rep. Andre F. Baker, 124th Dist.; Rep. Aundre Bumgardner, 41st Dist.; Rep. Robyn A. Porter, 94th Dist.; Rep. Travis Simms, 140th Dist.; Rep. Hilda E. Santiago, 84th Dist.; Rep. Anabel D. Figueroa, 148th Dist.; Rep. Karen Reddington-Hughes, 66th Dist.; Sen. Catherine A. Osten, 19th Dist.; Rep. Tammy Nuccio, 53rd Dist.; Sen. Heather S. Somers, 18th Dist.; Rep. Donna Veach, 30th Dist.; Rep. Martin Foncello, 107th Dist.; ",(JUD),ftp://ftp.cga.ct.gov/2024/cbs/h/HB-5258.HTM,https://www.cga.ct.gov/2024/TOB/h/pdf/2024HB-05258-R00-HB.pdf
HB-5259.HTM,2024,Raised Bill,Committee on Children,AN ACT CONCERNING CERTAIN COURT ORDERS PERTAINING TO CHILD CUSTODY.,To permit the Superior Court to include in certain orders pertaining to child custody provisions concerning the identification of a neutral location where parents shall meet to drop off and pick up a child.,"Rep. Travis Simms, 140th Dist.; Rep. Devin R. Carney, 23rd Dist.",(KID),ftp://ftp.cga.ct.gov/2024/cbs/h/HB-5259.HTM,https://www.cga.ct.gov/2024/TOB/h/pdf/2024HB-05259-R00-HB.pdf
HB-5260.HTM,2024,Raised Bill,Committee on Children,AN ACT REQUIRING AN EVALUATION OF SHORT-TERM ASSESSMENT AND RESPITE GROUP HOMES FOR CHILDREN.,To require the Commissioner of Children and Families to submit a report concerning short-term assessment and respite group homes for children that are operated or licensed by the Department of Children and Families.,"Rep. Travis Simms, 140th Dist.; Rep. Kathleen M. McCarty, 38th Dist.",(KID),ftp://ftp.cga.ct.gov/2024/cbs/h/HB-5260.HTM,https://www.cga.ct.gov/2024/TOB/h/pdf/2024HB-05260-R00-HB.pdf
HB-5261.HTM,2024,Raised Bill,Committee on Children,AN ACT CONCERNING THE CONSUMPTION OF ENERGY DRINKS BY CHILDREN.,To prohibit the sale of energy drinks to individuals under sixteen years of age.,"Rep. Hilda E. Santiago, 84th Dist.; Sen. Jorge Cabrera, 17th Dist.",(KID),ftp://ftp.cga.ct.gov/2024/cbs/h/HB-5261.HTM,https://www.cga.ct.gov/2024/TOB/h/pdf/2024HB-05261-R00-HB.pdf
HB-5262.HTM,2024,Raised Bill,Committee on Children,AN ACT CONCERNING CHILD SEXUAL ABUSE.,To include a sexual abuse and assault awareness and prevention survey as part of the state-wide sexual abuse and assault awareness and prevention program implemented by school districts.,"Rep. Robert Sanchez, 25th Dist.; Rep. Christine Conley, 40th Dist.; Rep. Sarah Keitt, 134th Dist.; Rep. Hilda E. Santiago, 84th Dist.; Rep. Anabel D. Figueroa, 148th Dist.; Sen. Patricia Billie Miller, 27th Dist.; Rep. James Sanchez, 6th Dist.; Rep. Hubert D. Delany, 144th Dist.; Sen. Tony Hwang, 28th Dist.; Rep. Martin Foncello, 107th Dist.; Sen. John A. Kissel, 7th Dist.; Rep. Matt Blumenthal, 147th Dist.; Sen. Lisa Seminara, 8th Dist.; Sen. Paul Cicarella, 34th Dist.; Sen. Eric C. Berthel, 32nd Dist.; ",(KID),ftp://ftp.cga.ct.gov/2024/cbs/h/HB-5262.HTM,https://www.cga.ct.gov/2024/TOB/h/pdf/2024HB-05262-R00-HB.pdf
HB-5263.HTM,2024,Raised Bill,Committee on Children,AN ACT CONCERNING A STUDY OF THE INTERSTATE COMPACT ON THE PLACEMENT OF CHILDREN AND THE UNIFORM CHILD CUSTODY JURISDICTION AND ENFORCEMENT ACT.,"To require the Commissioner of Children and Families, administrator of the Interstate Compact on the Placement of Children and Chief Court Administrator to submit a report concerning the placement of children pursuant to the Interstate Compact on the Placement of Children.","Rep. Brian Lanoue, 45th Dist.; Rep. Travis Simms, 140th Dist.",(KID),ftp://ftp.cga.ct.gov/2024/cbs/h/HB-5263.HTM,https://www.cga.ct.gov/2024/TOB/h/pdf/2024HB-05263-R00-HB.pdf
HB-5264.HTM,2024,Raised Bill,Labor and Public Employees Committee,AN ACT CONCERNING VOLUNTEER FIRE DEPARTMENTS AND AMBULANCE COMPANIES AND THE DEFINITION OF EMPLOYER UNDER THE STATE OCCUPATIONAL SAFETY AND HEALTH ACT.,To ensure volunteer fire departments and ambulance companies are considered under CONN-OSHA jurisdiction.,"Sen. Saud Anwar, 3rd Dist.; Rep. Travis Simms, 140th Dist.",(LAB),ftp://ftp.cga.ct.gov/2024/cbs/h/HB-5264.HTM,https://www.cga.ct.gov/2024/TOB/h/pdf/2024HB-05264-R00-HB.pdf
HB-5265.HTM,2024,Raised Bill,Labor and Public Employees Committee,AN ACT CONCERNING WORKERS' RIGHTS.,To require the Labor Commissioner to study workers' rights in the state.,"Rep. Travis Simms, 140th Dist.; ",(LAB),ftp://ftp.cga.ct.gov/2024/cbs/h/HB-5265.HTM,https://www.cga.ct.gov/2024/TOB/h/pdf/2024HB-05265-R00-HB.pdf
HB-5266.HTM,2024,Raised Bill,Labor and Public Employees Committee,AN ACT AMENDING THE TIME TO PROTEST BENEFIT CHARGES ON AN EMPLOYER'S UNEMPLOYMENT INSURANCE QUARTERLY STATEMENT.,To amend section 31-225a of the general statutes to shorten the time an employer can protest any unemployment benefits they contend have been improperly charged to their employer unemployment insurance quarterly statements due to fraud or error from sixty days to forty days.,"Rep. Travis Simms, 140th Dist.; Sen. Heather S. Somers, 18th Dist.; Rep. Henry J. Genga, 10th Dist.; ",(LAB),ftp://ftp.cga.ct.gov/2024/cbs/h/HB-5266.HTM,https://www.cga.ct.gov/2024/TOB/h/pdf/2024HB-05266-R00-HB.pdf
HB-5267.HTM,2024,Raised Bill,Labor and Public Employees Committee,AN ACT MAKING CHANGES TO AND REPEALING OBSOLETE PROVISIONS OF STATUTES RELEVANT TO THE LABOR DEPARTMENT.,"To implement the recommendations of the Labor Department by (1) making changes to statutes relevant to the Labor Department, and (2) repealing obsolete provisions and statutes relevant to the Labor Department.","Rep. Travis Simms, 140th Dist.; Sen. Heather S. Somers, 18th Dist.; Rep. Henry J. Genga, 10th Dist.; Sen. Julie Kushner, 24th Dist.; Sen. Lisa Seminara, 8th Dist.; ",(LAB),ftp://ftp.cga.ct.gov/2024/cbs/h/HB-5267.HTM,https://www.cga.ct.gov/2024/TOB/h/pdf/2024HB-05267-R00-HB.pdf
HB-5268.HTM,2024,Raised Bill,Labor and Public Employees Committee,AN ACT CONCERNING THE LABOR DEPARTMENT.,To require the Labor Commissioner to study the Labor Department.,"Rep. Travis Simms, 140th Dist.; ",(LAB),ftp://ftp.cga.ct.gov/2024/cbs/h/HB-5268.HTM,https://www.cga.ct.gov/2024/TOB/h/pdf/2024HB-05268-R00-HB.pdf
HB-5269.HTM,2024,Raised Bill,Labor and Public Employees Committee,AN ACT CONCERNING NONCOMPETE AGREEMENTS.,To prohibit the use of noncompete agreements and exclusivity agreements unless they meet certain requirements.,"Rep. Travis Simms, 140th Dist.; Rep. Anne M. Hughes, 135th Dist.; Rep. Josh Elliott, 88th Dist.; ",(LAB),ftp://ftp.cga.ct.gov/2024/cbs/h/HB-5269.HTM,https://www.cga.ct.gov/2024/TOB/h/pdf/2024HB-05269-R00-HB.pdf
HB-5270.HTM,2024,Raised Bill,Labor and Public Employees Committee,AN ACT INCREASING THE THRESHOLD AMOUNT FOR FELONY UNEMPLOYMENT COMPENSATION FRAUD.,To increase the threshold dollar amount for misdemeanor and felony unemployment compensation fraud.,"Rep. Travis Simms, 140th Dist.; Rep. Josh Elliott, 88th Dist.",(LAB),ftp://ftp.cga.ct.gov/2024/cbs/h/HB-5270.HTM,https://www.cga.ct.gov/2024/TOB/h/pdf/2024HB-05270-R00-HB.pdf
HB-5271.HTM,2024,Raised Bill,Labor and Public Employees Committee,AN ACT INCREASING THE UNEMPLOYMENT COMPENSATION THRESHOLD FOR AGRICULTURAL EMPLOYERS.,To amend the definition of employment in section 31-222 of the general statutes to increase the compensation threshold that determines whether an agricultural employer and its employees are subject to the unemployment statutes.,"Rep. Kathleen M. McCarty, 38th Dist.; Rep. Travis Simms, 140th Dist.; Rep. Tami Zawistowski, 61st Dist.; Rep. Donna Veach, 30th Dist.; Rep. Martin Foncello, 107th Dist.; ",(LAB),ftp://ftp.cga.ct.gov/2024/cbs/h/HB-5271.HTM,https://www.cga.ct.gov/2024/TOB/h/pdf/2024HB-05271-R00-HB.pdf
HB-5272.HTM,2024,Raised Bill,Planning and Development Committee,AN ACT CONCERNING THE ENFORCEMENT OF REQUIREMENTS IMPOSED BY CERTAIN MUNICIPAL APPROVALS AND THE NEW HOME CONSTRUCTION GUARANTY FUND.,"To (1) modify the dates upon which the approval of certain land use applications will expire, (2) increase the maximum payments from the New Home Construction Guaranty Fund from thirty thousand dollars to fifty thousand dollars, (3) allow the Commissioner of Consumer Protection to seek restitution from individual owners of new home construction contractors against whom judgments have been issued, and (4) to appropriate funds for the administration of the fund.","Rep. Craig C. Fishbein, 90th Dist.; Rep. Geraldo C. Reyes, 75th Dist.; Rep. William Pizzuto, 71st Dist.; Rep. David Rutigliano, 123rd Dist.; Rep. Donna Veach, 30th Dist.; Rep. Martin Foncello, 107th Dist.",(PD),ftp://ftp.cga.ct.gov/2024/cbs/h/HB-5272.HTM,https://www.cga.ct.gov/2024/TOB/h/pdf/2024HB-05272-R00-HB.pdf
HB-5273.HTM,2024,Raised Bill,Planning and Development Committee,"AN ACT CONCERNING THE RECOMMENDATIONS OF THE INTERGOVERNMENTAL POLICY AND PLANNING DIVISION WITHIN THE OFFICE OF POLICY AND MANAGEMENT, AUDITS AND MUNICIPAL FINANCE.","To implement the recommendations of the Intergovernmental Policy and Planning Division within the Office of Policy and Management concerning assessment, tax collection, revaluation, discretionary funding, the regional performance incentive program, the renters' rebate program and the elimination of obsolete sections.","Rep. Travis Simms, 140th Dist.; Rep. David Michel, 146th Dist.; Rep. Tom Delnicki, 14th Dist.; Rep. Martin Foncello, 107th Dist.; Sen. Lisa Seminara, 8th Dist.; ",(PD),ftp://ftp.cga.ct.gov/2024/cbs/h/HB-5273.HTM,https://www.cga.ct.gov/2024/TOB/h/pdf/2024HB-05273-R00-HB.pdf
HB-5274.HTM,2024,Raised Bill,Planning and Development Committee,AN ACT REVISING THE CHARTER OF THE SECRET LAKE ASSOCIATION.,"To revise provisions of the charter of the Secret Lake Association concerning annual and special meetings, the assessment and collection of taxes, and the approval of certain contracts.","Sen. Lisa Seminara, 8th Dist.; ",(PD),ftp://ftp.cga.ct.gov/2024/cbs/h/HB-5274.HTM,https://www.cga.ct.gov/2024/TOB/h/pdf/2024HB-05274-R00-HB.pdf
HB-5275.HTM,2024,Raised Bill,Planning and Development Committee,AN ACT CONCERNING AUDITS OF CERTAIN NONSTATE ENTITIES RECEIVING STATE FINANCIAL ASSISTANCE.,"To increase the threshold for exemption from certain auditing requirements for nonstate entities from three hundred thousand dollars to five hundred thousand dollars, specify the permissible time period for granting extensions to file certain audit reports and make technical changes.","Rep. Travis Simms, 140th Dist.; ",(PD),ftp://ftp.cga.ct.gov/2024/cbs/h/HB-5275.HTM,https://www.cga.ct.gov/2024/TOB/h/pdf/2024HB-05275-R00-HB.pdf
HB-5276.HTM,2024,Raised Bill,Planning and Development Committee,AN ACT ELIMINATING TAX EXEMPTIONS FOR CERTAIN REAL PROPERTY ACQUIRED BY INDEPENDENT INSTITUTIONS OF HIGHER EDUCATION.,"To remove property tax exemptions for any real property acquired by an independent institution of higher education on and after October 1, 2024.",,(PD),ftp://ftp.cga.ct.gov/2024/cbs/h/HB-5276.HTM,https://www.cga.ct.gov/2024/TOB/h/pdf/2024HB-05276-R00-HB.pdf
HB-5277.HTM,2024,Raised Bill,Planning and Development Committee,AN ACT AMENDING THE CHARTER OF THE SOUTH CENTRAL CONNECTICUT WATER AUTHORITY.,"To amend the charter of the South Central Connecticut Water Authority to (1) allow the authority to conduct noncore business outside the state, (2) increase the compensation to members, (3) increase the membership from five to seven, (4) adjust meeting and quorum requirements, (5) allow for the reduction of late charges to users, (6) increase the ability of the authority to conduct certain repairs without a vote of the members, (7) require the public posting of annual financial statements, and (8) alter the terms concerning the issue or acquisition of certain bonds of the authority.","Rep. Tom Delnicki, 14th Dist.; Rep. Martin Foncello, 107th Dist.; Sen. Lisa Seminara, 8th Dist.; ",(PD),ftp://ftp.cga.ct.gov/2024/cbs/h/HB-5277.HTM,https://www.cga.ct.gov/2024/TOB/h/pdf/2024HB-05277-R00-HB.pdf
HB-5278.HTM,2024,Raised Bill,Planning and Development Committee,AN ACT CONCERNING INCENTIVES FOR TRANSIT-ORIENTED DEVELOPMENT.,To provide planning grants and other incentives for municipal transit-oriented development projects.,"Sen. Saud Anwar, 3rd Dist.; Rep. Tom O'Dea, 125th Dist.; Rep. Tami Zawistowski, 61st Dist.; ",(PD),ftp://ftp.cga.ct.gov/2024/cbs/h/HB-5278.HTM,https://www.cga.ct.gov/2024/TOB/h/pdf/2024HB-05278-R00-HB.pdf
HB-5279.HTM,2024,Raised Bill,Public Safety and Security Committee,"AN ACT CONCERNING AUTHORITY TO DECLARE THAT A FIREFIGHTER, POLICE OFFICER OR EMERGENCY MEDICAL SERVICE PERSONNEL DIED IN THE LINE OF DUTY.",To expand the presumption of workers' compensation coverage for the death or disability of a police officer or firefighter to include deaths or disabilities resulting from a cerebrovascular incident or pulmonary embolism and expand the period of time when such an officer or firefighter is considered in the line of duty to include twenty-four hours after attending training or engaging in duties.,"Sen. Paul Cicarella, 34th Dist.; Sen. Saud Anwar, 3rd Dist.; Rep. Dave W. Yaccarino, 87th Dist.; Sen. Jeff Gordon, 35th Dist.; Rep. Ben McGorty, 122nd Dist.; Rep. Travis Simms, 140th Dist.; Rep. Tom Delnicki, 14th Dist.; Rep. Michael D Quinn, 82nd Dist.; Rep. Gary A. Turco, 27th Dist.; Sen. Ceci Maher, 26th Dist.; Rep. Jennifer Leeper, 132nd Dist.; Rep. Martin Foncello, 107th Dist.; Rep. Mark DeCaprio, 48th Dist.; Rep. Kai J. Belton, 100th Dist.; Rep. Geraldo C. Reyes, 75th Dist.; Rep. Christopher Poulos, 81st Dist.; Rep. Irene M. Haines, 34th Dist.; Rep. Devin R. Carney, 23rd Dist.; Rep. Laura Dancho, 120th Dist.; Rep. Seth Bronko, 70th Dist.; Rep. Bill Buckbee, 67th Dist.; Rep. Tim Ackert, 8th Dist.; Rep. Carol Hall, 59th Dist.; Rep. Kurt Vail, 52nd Dist.; Rep. Tami Zawistowski, 61st Dist.; Rep. Anthony L. Nolan, 39th Dist.; Rep. Michelle L. Cook, 65th Dist.; Rep. Farley Santos, 109th Dist.; Rep. Holly H. Cheeseman, 37th Dist.; Rep. William Pizzuto, 71st Dist.; Rep. Tony J Scott, 112th Dist.; Rep. David Rutigliano, 123rd Dist.; Rep. William Heffernan, 115th Dist.; Rep. Tracy Marra, 141st Dist.; Rep. Christine Conley, 40th Dist.; Rep. Patrick E. Callahan, 108th Dist.; Rep. Nicole Klarides-Ditria, 105th Dist.; Rep. Tom O'Dea, 125th Dist.; Rep. Karen Reddington-Hughes, 66th Dist.; Rep. Steve Weir, 55th Dist.; Rep. Rachel Chaleski, 138th Dist.; Rep. Mark W Anderson, 62nd Dist.; Rep. Patrick S. Boyd, 50th Dist.; Rep. Larry B. Butler, 72nd Dist.; Rep. Hilda E. Santiago, 84th Dist.; Rep. Chris Aniskovich, 35th Dist.; Rep. Juan R. Candelaria, 95th Dist.; Rep. Tammy Nuccio, 53rd Dist.; Rep. Lezlye Zupkus, 89th Dist.; Rep. Christie M. Carpino, 32nd Dist.; Rep. Hubert D. Delany, 144th Dist.; Sen. John A. Kissel, 7th Dist.; Rep. Donna Veach, 30th Dist.; Rep. Joseph H. Zullo, 99th Dist.; Rep. Robin E. Comey, 102nd Dist.; Rep. Ronald A. Napoli, 73rd Dist.; Rep. Matt Blumenthal, 147th Dist.; Sen. Lisa Seminara, 8th Dist.",(PS),ftp://ftp.cga.ct.gov/2024/cbs/h/HB-5279.HTM,https://www.cga.ct.gov/2024/TOB/h/pdf/2024HB-05279-R00-HB.pdf
HB-5280.HTM,2024,Raised Bill,Public Safety and Security Committee,AN ACT CONCERNING THE NATIONAL INTEGRATED BALLISTIC INFORMATION NETWORK.,"To require participation in the National Integrated Ballistic Information Network, in place of operating the firearms evidence database, and revise various provisions related to ballistic evidence.","Rep. Travis Simms, 140th Dist.; Rep. Greg S. Howard, 43rd Dist.; Rep. Tammy Nuccio, 53rd Dist.; Rep. Donna Veach, 30th Dist.; Rep. Martin Foncello, 107th Dist.; Rep. Tracy Marra, 141st Dist.; Sen. Lisa Seminara, 8th Dist.; Sen. Paul Cicarella, 34th Dist.",(PS),ftp://ftp.cga.ct.gov/2024/cbs/h/HB-5280.HTM,https://www.cga.ct.gov/2024/TOB/h/pdf/2024HB-05280-R00-HB.pdf
HB-5281.HTM,2024,Raised Bill,Public Safety and Security Committee,AN ACT ALLOWING A PERSONAL INCOME TAX DEDUCTION FOR STIPENDS PAID TO VOLUNTEER FIREFIGHTING OR EMERGENCY MEDICAL SERVICES PERSONNEL.,"To allow a personal income tax deduction for a stipend paid by a municipality to a volunteer firefighter, fire police officer or ambulance member.","Sen. Saud Anwar, 3rd Dist.; Rep. Ben McGorty, 122nd Dist.; Rep. Tom Delnicki, 14th Dist.; Rep. Michael D Quinn, 82nd Dist.; Sen. Heather S. Somers, 18th Dist.; Rep. Gary A. Turco, 27th Dist.; Rep. Brian Lanoue, 45th Dist.; Rep. Greg S. Howard, 43rd Dist.; Rep. Devin R. Carney, 23rd Dist.; Rep. James Sanchez, 6th Dist.",(PS),ftp://ftp.cga.ct.gov/2024/cbs/h/HB-5281.HTM,https://www.cga.ct.gov/2024/TOB/h/pdf/2024HB-05281-R00-HB.pdf
HB-5282.HTM,2024,Raised Bill,Public Safety and Security Committee,AN ACT ALLOWING HARDSHIP WAIVERS OF INTEREST DUE FROM A DELINQUENT LOTTERY SALES AGENT AND CONCERNING LICENSING OF CONNECTICUT LOTTERY CORPORATION EMPLOYEES.,To allow hardship waivers of interest due from delinquent lottery sales agents and permit the Commissioner of Consumer Protection to place an endorsement on a Connecticut Lottery Corporation employee's license to permit such employee to be involved with specified types of gaming without obtaining additional licenses.,"Sen. Jeff Gordon, 35th Dist.; Rep. Travis Simms, 140th Dist.",(PS),ftp://ftp.cga.ct.gov/2024/cbs/h/HB-5282.HTM,https://www.cga.ct.gov/2024/TOB/h/pdf/2024HB-05282-R00-HB.pdf
HB-5283.HTM,2024,Raised Bill,Public Safety and Security Committee,AN ACT CONCERNING THE CLASSIFICATION OF PAROLE OFFICERS AS PEACE OFFICERS.,To classify parole officers as peace officers.,"Rep. Ben McGorty, 122nd Dist.; Rep. Kurt Vail, 52nd Dist.; Rep. Greg S. Howard, 43rd Dist.; Rep. Michael D Quinn, 82nd Dist.; Rep. Joseph P. Gresko, 121st Dist.; Rep. Christopher Poulos, 81st Dist.; Rep. Jill Barry, 31st Dist.; Sen. Jan Hochadel, 13th Dist.; Rep. Farley Santos, 109th Dist.; Sen. Jorge Cabrera, 17th Dist.; Rep. Patrick S. Boyd, 50th Dist.; Rep. Mary Fortier, 79th Dist.; Rep. Josh Elliott, 88th Dist.; Rep. Kerry S. Wood, 29th Dist.; Rep. William Pizzuto, 71st Dist.; Rep. Peter A. Tercyak, 26th Dist.; Sen. Kevin C. Kelly, 21st Dist.; Sen. Paul Cicarella, 34th Dist.; Rep. Patrick E. Callahan, 108th Dist.; Rep. Matt Blumenthal, 147th Dist.",(PS),ftp://ftp.cga.ct.gov/2024/cbs/h/HB-5283.HTM,https://www.cga.ct.gov/2024/TOB/h/pdf/2024HB-05283-R00-HB.pdf
HB-5284.HTM,2024,Raised Bill,Public Safety and Security Committee,AN ACT REVISING VARIOUS GAMING STATUTES.,To make revisions to various gaming statutes.,"Rep. Tony J Scott, 112th Dist.; Rep. Travis Simms, 140th Dist.; Rep. Bill Buckbee, 67th Dist.; ",(PS),ftp://ftp.cga.ct.gov/2024/cbs/h/HB-5284.HTM,https://www.cga.ct.gov/2024/TOB/h/pdf/2024HB-05284-R00-HB.pdf
HB-5285.HTM,2024,Raised Bill,Veterans' and Military Affairs Committee,AN ACT CONCERNING VETERANS' SPECIALTY LICENSE PLATES AND DRIVER'S LICENSES FOR CERTAIN FORMER ARMED FORCES RESERVISTS.,To grant eligibility for veterans' specialty license plates and driver's licenses from the Department of Motor Vehicles to former members of the National Guard who do not qualify for federal veterans' benefits.,"Rep. Travis Simms, 140th Dist.; Rep. Anthony L. Nolan, 39th Dist.; Rep. Gary A. Turco, 27th Dist.; Rep. Tami Zawistowski, 61st Dist.; Rep. Martin Foncello, 107th Dist.; Rep. Tom Delnicki, 14th Dist.; Rep. Tammy Nuccio, 53rd Dist.; Rep. David Rutigliano, 123rd Dist.; Rep. Francis Cooley, 22nd Dist.; Rep. Hubert D. Delany, 144th Dist.; Rep. Irene M. Haines, 34th Dist.; Sen. Julie Kushner, 24th Dist.; Rep. Kathy Kennedy, 119th Dist.; Rep. Christie M. Carpino, 32nd Dist.; Rep. Donna Veach, 30th Dist.; Rep. Cara Christine Pavalock-D'Amato, 77th Dist.; Sen. John A. Kissel, 7th Dist.; Rep. Matt Blumenthal, 147th Dist.; Sen. Lisa Seminara, 8th Dist.; Sen. Paul Cicarella, 34th Dist.; Sen. Eric C. Berthel, 32nd Dist.; Sen. Jeff Gordon, 35th Dist.",(VA),ftp://ftp.cga.ct.gov/2024/cbs/h/HB-5285.HTM,https://www.cga.ct.gov/2024/TOB/h/pdf/2024HB-05285-R00-HB.pdf
HB-5286.HTM,2024,Raised Bill,Veterans' and Military Affairs Committee,AN ACT APPROPRIATING FUNDS TO THE DEPARTMENT OF VETERANS AFFAIRS FOR VARIOUS MEASURES TO SUPPORT AND ASSIST VETERANS.,"To appropriate moneys to the Department of Veterans affairs for purposes of (1) driver's license and identity card renewals at department-sponsored events, (2) public awareness campaigns, (3) Internet web site updates and maintenance, and (4) publication of a municipal veterans' services directory.","Rep. Travis Simms, 140th Dist.; Rep. Anthony L. Nolan, 39th Dist.; Rep. Christine Conley, 40th Dist.; ",(VA),ftp://ftp.cga.ct.gov/2024/cbs/h/HB-5286.HTM,https://www.cga.ct.gov/2024/TOB/h/pdf/2024HB-05286-R00-HB.pdf
HB-5287.HTM,2024,Raised Bill,Veterans' and Military Affairs Committee,AN ACT CONCERNING THE FEES FOR VETERANS' SPECIALTY LICENSE PLATES.,"To reduce by fifty per cent the fees paid by veterans or armed forces members for (1) the production costs of certain veterans' license plates, (2) Support Our Troops! license plates, and (3) certain administratively-created veterans and military organization license plates.","Rep. Craig C. Fishbein, 90th Dist.; Rep. Travis Simms, 140th Dist.; Rep. Anthony L. Nolan, 39th Dist.; Rep. Lezlye Zupkus, 89th Dist.",(VA),ftp://ftp.cga.ct.gov/2024/cbs/h/HB-5287.HTM,https://www.cga.ct.gov/2024/TOB/h/pdf/2024HB-05287-R00-HB.pdf
HB-5288.HTM,2024,Raised Bill,Veterans' and Military Affairs Committee,AN ACT ALIGNING STATE LAW WITH FEDERAL LAW CONCERNING SERVICE ANIMALS.,"To (1) align state law with federal law concerning service animals, and (2) within available appropriations, make available through the Commission on Human Rights and Opportunities educational materials concerning service animals, emotional support animals and therapy animals.","Rep. Travis Simms, 140th Dist.; Rep. Anthony L. Nolan, 39th Dist.; Rep. Aundre Bumgardner, 41st Dist.; Rep. Ben McGorty, 122nd Dist.; Rep. Melissa Osborne, 16th Dist.; Rep. William Pizzuto, 71st Dist.; Sen. Tony Hwang, 28th Dist.; Rep. Henry J. Genga, 10th Dist.; Rep. Hilda E. Santiago, 84th Dist.; Rep. Anabel D. Figueroa, 148th Dist.; Rep. Tammy Nuccio, 53rd Dist.; Rep. Hubert D. Delany, 144th Dist.; Sen. John A. Kissel, 7th Dist.; Rep. Donna Veach, 30th Dist.; Rep. Kathy Kennedy, 119th Dist.; Rep. Matt Blumenthal, 147th Dist.; Sen. Lisa Seminara, 8th Dist.; ",(VA),ftp://ftp.cga.ct.gov/2024/cbs/h/HB-5288.HTM,https://www.cga.ct.gov/2024/TOB/h/pdf/2024HB-05288-R00-HB.pdf
HB-5289.HTM,2024,Raised Bill,Veterans' and Military Affairs Committee,AN ACT APPROPRIATING FUNDS TO THE DEPARTMENT OF VETERANS AFFAIRS FOR ARTS THERAPY PROGRAMMING.,To appropriate moneys to the Department of Veterans Affairs for the purpose of expanding fine and performing arts therapy programming.,"Rep. Trenee McGee, 116th Dist.; Rep. Kurt Vail, 52nd Dist.; Rep. Anthony L. Nolan, 39th Dist.; Rep. Mark W Anderson, 62nd Dist.; Rep. Devin R. Carney, 23rd Dist.; ",(VA),ftp://ftp.cga.ct.gov/2024/cbs/h/HB-5289.HTM,https://www.cga.ct.gov/2024/TOB/h/pdf/2024HB-05289-R00-HB.pdf
HB-5290.HTM,2024,Raised Bill,Public Health Committee,AN ACT CONCERNING VARIOUS REVISIONS TO THE PUBLIC HEALTH STATUTES.,To implement the Department of Public Health's recommendations regarding various revisions to the public health statutes.,"Rep. Travis Simms, 140th Dist.; Sen. Patricia Billie Miller, 27th Dist.; Rep. Matt Blumenthal, 147th Dist.; Sen. Lisa Seminara, 8th Dist.; Sen. Eric C. Berthel, 32nd Dist.; ",(PH),ftp://ftp.cga.ct.gov/2024/cbs/h/HB-5290.HTM,https://www.cga.ct.gov/2024/TOB/h/pdf/2024HB-05290-R00-HB.pdf
HB-5291.HTM,2024,Raised Bill,Public Health Committee,AN ACT CONCERNING THE DEPARTMENT OF PUBLIC HEALTH'S RECOMMENDATIONS REGARDING IMPROVED OPIOID MONITORING.,To require each hospital that treats a patient for a nonfatal overdose of an opioid drug to administer a toxicology screening of such patient if medically appropriate.,"Rep. Travis Simms, 140th Dist.; Sen. Heather S. Somers, 18th Dist.; Rep. Jaime S. Foster, 57th Dist.; Rep. Geraldo C. Reyes, 75th Dist.; Rep. Holly H. Cheeseman, 37th Dist.; Rep. Henry J. Genga, 10th Dist.; Rep. Irene M. Haines, 34th Dist.; Rep. Robin E. Comey, 102nd Dist.; Rep. Kathy Kennedy, 119th Dist.; Sen. John A. Kissel, 7th Dist.; Rep. Matt Blumenthal, 147th Dist.; Sen. Lisa Seminara, 8th Dist.; Sen. Paul Cicarella, 34th Dist.; Sen. Jeff Gordon, 35th Dist.",(PH),ftp://ftp.cga.ct.gov/2024/cbs/h/HB-5291.HTM,https://www.cga.ct.gov/2024/TOB/h/pdf/2024HB-05291-R00-HB.pdf
HB-5292.HTM,2024,Raised Bill,Public Health Committee,AN ACT CONCERNING THE DEPARTMENT OF DEVELOPMENTAL SERVICES' RECOMMENDATIONS REGARDING COMMUNITY COMPANION HOMES.,To allow the Department of Developmental Services to disclose information regarding abuse and neglect cases that occur in licensed community companion homes to certain agencies and employers.,"Rep. John-Michael Parker, 101st Dist.; Rep. Geraldo C. Reyes, 75th Dist.; Rep. David Michel, 146th Dist.; ",(PH),ftp://ftp.cga.ct.gov/2024/cbs/h/HB-5292.HTM,https://www.cga.ct.gov/2024/TOB/h/pdf/2024HB-05292-R00-HB.pdf
HB-5293.HTM,2024,Raised Bill,Public Health Committee,AN ACT CONCERNING THE DEPARTMENT OF DEVELOPMENTAL SERVICES' RECOMMENDATIONS REGARDING VARIOUS REVISIONS TO DEVELOPMENTAL SERVICES STATUTES.,"To (1) establish an Oral Health and Dental Services Unit within the Department of Developmental Services and permit provisionally licensed dentists to provide services with such unit, (2) require the Commissioner of Housing to administer the existing program that provides grants-in-aid for supportive housing for persons with an intellectual disability or other developmental disability and allow said commissioner to provide deferred loans under such program, (3) allow the department to hire more general workers employed by the department as self-advocates, (4) make revisions regarding transfers of individuals within residential facilities, (5) establish human rights and program review committees in each of the department's service regions and the Southbury Training School, (6) allow the Office of Labor Relations to access the department's abuse and neglect registry, and (7) establish an Office of the Developmental Services Ombudsperson and make various revisions to notification requirements of intermediate care facilities for persons with intellectual disability.","Rep. Henry J. Genga, 10th Dist.; Rep. Kathy Kennedy, 119th Dist.; Sen. Lisa Seminara, 8th Dist.; ",(PH),ftp://ftp.cga.ct.gov/2024/cbs/h/HB-5293.HTM,https://www.cga.ct.gov/2024/TOB/h/pdf/2024HB-05293-R00-HB.pdf
HB-5294.HTM,2024,Raised Bill,Aging Committee,AN ACT CONCERNING A REGISTRY OF PERSONS CONVICTED OF FINANCIAL CRIMES AGAINST ELDERLY PERSONS.,To establish a registry of persons convicted of financial crimes against elderly persons.,"Rep. James Sanchez, 6th Dist.; Sen. Tony Hwang, 28th Dist.; Rep. Mitch Bolinsky, 106th Dist.; Rep. Jane M. Garibay, 60th Dist.; Rep. Cara Christine Pavalock-D'Amato, 77th Dist.; ",(AGE),ftp://ftp.cga.ct.gov/2024/cbs/h/HB-5294.HTM,https://www.cga.ct.gov/2024/TOB/h/pdf/2024HB-05294-R00-HB.pdf
HB-5295.HTM,2024,Raised Bill,Aging Committee,AN ACT CONCERNING A STUDY OF THE NEEDS OF SENIOR CITIZENS.,To study the needs of senior citizens in the state in order to ensure the allocation of adequate resources.,"Rep. James Sanchez, 6th Dist.; Rep. Travis Simms, 140th Dist.; Sen. Jan Hochadel, 13th Dist.; Rep. Jane M. Garibay, 60th Dist.; Rep. Sarah Keitt, 134th Dist.; Rep. David Michel, 146th Dist.; Rep. Kathy Kennedy, 119th Dist.; ",(AGE),ftp://ftp.cga.ct.gov/2024/cbs/h/HB-5295.HTM,https://www.cga.ct.gov/2024/TOB/h/pdf/2024HB-05295-R00-HB.pdf
HB-5296.HTM,2024,Raised Bill,Aging Committee,AN ACT EXPANDING THE CONNECTICUT HOME-CARE PROGRAM FOR THE ELDERLY.,"To require the Commissioner of Social Services to (1) study family home care oversight in the state, (2) compensate family caregivers, including spouses, who provide personal care assistance services in the Connecticut home-care program for the elderly, (3) collect data regarding adult family living services in the state and report on such data, and (4) develop and implement a marketing campaign to promote adult family living services.","Rep. James Sanchez, 6th Dist.; Sen. Saud Anwar, 3rd Dist.; Sen. Jan Hochadel, 13th Dist.; Rep. Jane M. Garibay, 60th Dist.; Rep. Geraldo C. Reyes, 75th Dist.; Rep. Kara Rochelle, 104th Dist.",(AGE),ftp://ftp.cga.ct.gov/2024/cbs/h/HB-5296.HTM,https://www.cga.ct.gov/2024/TOB/h/pdf/2024HB-05296-R00-HB.pdf
HB-5297.HTM,2024,Raised Bill,Judiciary Committee,AN ACT CONCERNING THE DECRIMINALIZATION OF POSSESSION OF SMALL AMOUNTS OF PSILOCYBIN.,To decriminalize the possession of small amounts of psilocybin.,"Rep. David Michel, 146th Dist.; Rep. Travis Simms, 140th Dist.",(JUD),ftp://ftp.cga.ct.gov/2024/cbs/h/HB-5297.HTM,https://www.cga.ct.gov/2024/TOB/h/pdf/2024HB-05297-R00-HB.pdf
HB-5298.HTM,2024,Raised Bill,Judiciary Committee,AN ACT CLARIFYING THE MEANINGS OF SEXUAL INTERCOURSE AND SEXUAL CONTACT.,"To clarify the meanings of ""sexual intercourse"" and ""sexual contact"" following the Connecticut Supreme Court rulings in State v. Douglas C. and State v. Joseph V.","Rep. Travis Simms, 140th Dist.; Rep. Kate Farrar, 20th Dist.; Sen. Heather S. Somers, 18th Dist.; Rep. Eleni Kavros DeGraw, 17th Dist.; Rep. Jillian Gilchrest, 18th Dist.; Rep. Aimee Berger-Girvalo, 111th Dist.; Rep. Liz Linehan, 103rd Dist.; Rep. Michael D Quinn, 82nd Dist.",(JUD),ftp://ftp.cga.ct.gov/2024/cbs/h/HB-5298.HTM,https://www.cga.ct.gov/2024/TOB/h/pdf/2024HB-05298-R00-HB.pdf
HB-5299.HTM,2024,Raised Bill,Commerce Committee,AN ACT CONCERNING THE DEPARTMENT OF ECONOMIC AND COMMUNITY DEVELOPMENT'S RECOMMENDATIONS FOR REVISIONS TO THE JOBSCT PROGRAM AND THE COMMERCE AND RELATED STATUTES.,"To implement the Department of Economic and Community Development's recommendations for revisions to (1) the JobsCT program, (2) the program overseen by the Community Investment Fund 2030, and (3) the approval process for economic development projects to be paid for with urban action bond funds.","Rep. Fred Gee, 126th Dist.; Rep. Matt Blumenthal, 147th Dist.; Sen. Lisa Seminara, 8th Dist.; Sen. Henri Martin, 31st Dist.",(CE),ftp://ftp.cga.ct.gov/2024/cbs/h/HB-5299.HTM,https://www.cga.ct.gov/2024/TOB/h/pdf/2024HB-05299-R00-HB.pdf
HB-5300.HTM,2024,Raised Bill,Commerce Committee,AN ACT CONCERNING THE INVEST CT FUND PROGRAM.,To authorize the Commissioner of Economic and Community Development to consider certain businesses that do not have their principal business operations in Connecticut to be eligible businesses under the invest CT fund program.,"Rep. Joseph P. Gresko, 121st Dist.; Rep. Fred Gee, 126th Dist.; Rep. Tom O'Dea, 125th Dist.; Rep. William Pizzuto, 71st Dist.; Sen. Saud Anwar, 3rd Dist.; Sen. Heather S. Somers, 18th Dist.; Sen. John A. Kissel, 7th Dist.; Sen. Lisa Seminara, 8th Dist.",(CE),ftp://ftp.cga.ct.gov/2024/cbs/h/HB-5300.HTM,https://www.cga.ct.gov/2024/TOB/h/pdf/2024HB-05300-R00-HB.pdf
HB-5301.HTM,2024,Raised Bill,"Finance, Revenue and Bonding Committee",AN ACT CONCERNING THE SECRETARY OF THE STATE'S RECOMMENDATIONS FOR THE REDUCTION OR ELIMINATION OF CERTAIN FEES.,"To (1) reduce the fee charged by the Secretary of the State for issuing documents of authentication and apostilles, and (2) eliminating the fees for filing a foreign limited liability company certificate of withdrawal and for reissuance of notary commission certificates.","Rep. Fred Gee, 126th Dist.; ",(FIN),ftp://ftp.cga.ct.gov/2024/cbs/h/HB-5301.HTM,https://www.cga.ct.gov/2024/TOB/h/pdf/2024HB-05301-R00-HB.pdf
HB-5302.HTM,2024,Raised Bill,"Finance, Revenue and Bonding Committee",AN ACT CONCERNING THE DEPARTMENT OF REVENUE SERVICES' RECOMMENDATIONS FOR TAX ADMINISTRATION.,To implement the Department of Revenue Services' recommendations for tax administration.,,(FIN),ftp://ftp.cga.ct.gov/2024/cbs/h/HB-5302.HTM,https://www.cga.ct.gov/2024/TOB/h/pdf/2024HB-05302-R00-HB.pdf
HB-5303.HTM,2024,Raised Bill,"Finance, Revenue and Bonding Committee",AN ACT ESTABLISHING A CHILD INCOME TAX DEDUCTION.,To establish a child income tax deduction.,"Rep. Jason Perillo, 113th Dist.; Rep. Tami Zawistowski, 61st Dist.; Rep. Tom O'Dea, 125th Dist.; Rep. David Rutigliano, 123rd Dist.; Rep. Lezlye Zupkus, 89th Dist.; Rep. Devin R. Carney, 23rd Dist.; Rep. Nicole Klarides-Ditria, 105th Dist.; Rep. Fred Gee, 126th Dist.; Rep. Greg S. Howard, 43rd Dist.; ",(FIN),ftp://ftp.cga.ct.gov/2024/cbs/h/HB-5303.HTM,https://www.cga.ct.gov/2024/TOB/h/pdf/2024HB-05303-R00-HB.pdf
HB-5304.HTM,2024,Raised Bill,Government Administration and Elections Committee,AN ACT DESIGNATING THE STATE DOG AND STATE CANDY AND CREATING A WORKING GROUP CONCERNING REDESIGNATING THE STATE INSECT.,To designate the state dog and state candy.,"Rep. Jennifer Leeper, 132nd Dist.; Sen. Tony Hwang, 28th Dist.; Rep. Cristin McCarthy Vahey, 133rd Dist.; Rep. Sarah Keitt, 134th Dist.; Rep. Kevin Brown, 56th Dist.; Sen. Lisa Seminara, 8th Dist.; Rep. Matt Blumenthal, 147th Dist.; ",(GAE),ftp://ftp.cga.ct.gov/2024/cbs/h/HB-5304.HTM,https://www.cga.ct.gov/2024/TOB/h/pdf/2024HB-05304-R00-HB.pdf
HB-5305.HTM,2024,Raised Bill,Government Administration and Elections Committee,AN ACT REDESIGNATING THE STATE INSECT AS THE AUTUMN MEADOWHAWK DRAGONFLY.,To redesignate the state insect as the autumn meadowhawk dragonfly.,"Rep. Kevin Brown, 56th Dist.; ",(GAE),ftp://ftp.cga.ct.gov/2024/cbs/h/HB-5305.HTM,https://www.cga.ct.gov/2024/TOB/h/pdf/2024HB-05305-R00-HB.pdf
HB-5306.HTM,2024,Raised Bill,Government Administration and Elections Committee,AN ACT CONCERNING CERTAIN JOB PROTECTIONS RELATED TO MUNICIPAL CHIEF ELECTIVE OFFICE.,"To afford certain job protections to employees who (1) are candidates for, (2) hold, or (3) have been elected to but do not yet hold, the office of chief elected official of a municipality.","Rep. Eleni Kavros DeGraw, 17th Dist.; ",(GAE),ftp://ftp.cga.ct.gov/2024/cbs/h/HB-5306.HTM,https://www.cga.ct.gov/2024/TOB/h/pdf/2024HB-05306-R00-HB.pdf
HB-5307.HTM,2024,Raised Bill,Government Administration and Elections Committee,AN ACT CREATING A WORKING GROUP CONCERNING REDESIGNATING THE STATE INSECT.,To redesignate the state insect as the spring azure butterfly.,"Rep. Mike Demicco, 21st Dist.; ",(GAE),ftp://ftp.cga.ct.gov/2024/cbs/h/HB-5307.HTM,https://www.cga.ct.gov/2024/TOB/h/pdf/2024HB-05307-R00-HB.pdf
HB-5308.HTM,2024,Raised Bill,Government Administration and Elections Committee,AN ACT CONCERNING ABSENTEE VOTING FOR CERTAIN PATIENTS OF NURSING HOMES.,"To allow an absentee ballot applicant, who is a patient in a nursing home within six days immediately preceding the close of the polls at an election, primary or referendum, to designate someone to deliver an absentee ballot to such applicant.","Rep. Bob Godfrey, 110th Dist.; Rep. Eleni Kavros DeGraw, 17th Dist.; Rep. Robert Sanchez, 25th Dist.; Rep. Irene M. Haines, 34th Dist.; Rep. Henry J. Genga, 10th Dist.; Rep. Hilda E. Santiago, 84th Dist.; Sen. Julie Kushner, 24th Dist.; Sen. Saud Anwar, 3rd Dist.; Sen. Tony Hwang, 28th Dist.; Rep. Hubert D. Delany, 144th Dist.; Sen. Heather S. Somers, 18th Dist.; Sen. Kevin C. Kelly, 21st Dist.; Rep. Matt Blumenthal, 147th Dist.; Sen. Lisa Seminara, 8th Dist.; Rep. David Michel, 146th Dist.; Sen. Paul Cicarella, 34th Dist.",(GAE),ftp://ftp.cga.ct.gov/2024/cbs/h/HB-5308.HTM,https://www.cga.ct.gov/2024/TOB/h/pdf/2024HB-05308-R00-HB.pdf
HB-5309.HTM,2024,Raised Bill,Government Administration and Elections Committee,AN ACT CONCERNING BALLOTS MADE AVAILABLE IN LANGUAGES OTHER THAN ENGLISH.,"To provide that, whenever under federal or state law ballots are required to be made available in languages other than English, elected municipal leaders may review such ballots for accuracy of translation.","Rep. Craig C. Fishbein, 90th Dist.; ",(GAE),ftp://ftp.cga.ct.gov/2024/cbs/h/HB-5309.HTM,https://www.cga.ct.gov/2024/TOB/h/pdf/2024HB-05309-R00-HB.pdf
HB-5310.HTM,2024,Raised Bill,Government Administration and Elections Committee,AN ACT CONCERNING PRESIDENTIAL ELECTORS AND THE CERTIFICATION OR DECLARATION OF ELECTION RESULTS.,"To (1) nullify the vote of, remove and replace presidential electors who fail to cast their vote as pledged, (2) specify that the duties of certain public officials which are related to the certification or declaration of election results are ministerial, and (3) allow that mandamus actions be brought in the Supreme Court to compel such public officials to carry out such duties.",,(GAE),ftp://ftp.cga.ct.gov/2024/cbs/h/HB-5310.HTM,https://www.cga.ct.gov/2024/TOB/h/pdf/2024HB-05310-R00-HB.pdf
HB-5311.HTM,2024,Raised Bill,Government Administration and Elections Committee,AN ACT CONCERNING THE COUNTING OF ABSENTEE BALLOTS.,"To (1) eliminate an elector's marking of an absentee ballot in such a manner as to disclose the identity of such elector as a reason to reject such absentee ballot, (2) provide that whenever multiple absentee ballot sets have been issued to an elector only the ballot last received by the municipal clerk shall be counted, and (3) require that the municipal clerk retrieve absentee ballots from drop boxes at the close of the polls at an election, primary or referendum.","Rep. Cara Christine Pavalock-D'Amato, 77th Dist.; ",(GAE),ftp://ftp.cga.ct.gov/2024/cbs/h/HB-5311.HTM,https://www.cga.ct.gov/2024/TOB/h/pdf/2024HB-05311-R00-HB.pdf
HB-5312.HTM,2024,Raised Bill,Government Administration and Elections Committee,AN ACT MAKING CERTAIN TERMS IN ELECTRONIC BOOK AND DIGITAL AUDIOBOOK LICENSE AGREEMENTS OR CONTRACTS UNENFORCEABLE.,To prohibit libraries in the state from entering into contracts or license agreements with publishers of electronic books and digital audiobooks that contain certain restrictions.,"Rep. Josh Elliott, 88th Dist.; Sen. Tony Hwang, 28th Dist.; Rep. Christine Palm, 36th Dist.; Rep. David Michel, 146th Dist.; Rep. Matt Blumenthal, 147th Dist.; Rep. Eleni Kavros DeGraw, 17th Dist.; Rep. Sarah Keitt, 134th Dist.; Rep. Travis Simms, 140th Dist.; Rep. Frank Smith, 118th Dist.; Rep. Tom Delnicki, 14th Dist.; Rep. Gary A. Turco, 27th Dist.; Rep. Anne M. Hughes, 135th Dist.; Rep. Lucy Dathan, 142nd Dist.; Rep. Maria P. Horn, 64th Dist.; Rep. Cristin McCarthy Vahey, 133rd Dist.; Rep. Rachel Khanna, 149th Dist.; Sen. Martha Marx, 20th Dist.; Rep. Joseph P. Gresko, 121st Dist.; Rep. Mary Welander, 114th Dist.; Rep. Amy Morrin Bello, 28th Dist.; Rep. William Heffernan, 115th Dist.; Rep. Hubert D. Delany, 144th Dist.; Rep. Jaime S. Foster, 57th Dist.; Sen. Norman Needleman, 33rd Dist.; Rep. Michael D'Agostino, 91st Dist.; Rep. Juan R. Candelaria, 95th Dist.; Rep. Tracy Marra, 141st Dist.; Rep. Robin E. Comey, 102nd Dist.; Rep. Hector Arzeno, 151st Dist.; Sen. Christine Cohen, 12th Dist.; Rep. Kate Farrar, 20th Dist.; Rep. Christopher Poulos, 81st Dist.; Rep. Melissa Osborne, 16th Dist.; Rep. John-Michael Parker, 101st Dist.; Rep. Bobby G. Gibson, 15th Dist.; Rep. Stephen R Meskers, 150th Dist.; Rep. Patricia A. Dillon, 92nd Dist.; Rep. James Sanchez, 6th Dist.; Rep. Robyn A. Porter, 94th Dist.; Rep. Aundre Bumgardner, 41st Dist.; Rep. Devin R. Carney, 23rd Dist.; Rep. Jonathan Steinberg, 136th Dist.",(GAE),ftp://ftp.cga.ct.gov/2024/cbs/h/HB-5312.HTM,https://www.cga.ct.gov/2024/TOB/h/pdf/2024HB-05312-R00-HB.pdf
HB-5313.HTM,2024,Raised Bill,Government Administration and Elections Committee,AN ACT REESTABLISHING THE LEGISLATIVE PROGRAM REVIEW AND INVESTIGATIONS COMMITTEE.,To reestablish the Legislative Program Review and Investigations Committee.,"Rep. Craig C. Fishbein, 90th Dist.; Rep. Vincent J. Candelora, 86th Dist.; Rep. Lezlye Zupkus, 89th Dist.; Rep. Tom O'Dea, 125th Dist.; Rep. Devin R. Carney, 23rd Dist.; Rep. Tami Zawistowski, 61st Dist.; Rep. Nicole Klarides-Ditria, 105th Dist.; Rep. Christie M. Carpino, 32nd Dist.; Rep. Greg S. Howard, 43rd Dist.; Rep. Tom Delnicki, 14th Dist.; Rep. Aundre Bumgardner, 41st Dist.; Sen. Rob Sampson, 16th Dist.; Rep. Gale L. Mastrofrancesco, 80th Dist.; Rep. Mary M. Mushinsky, 85th Dist.; Rep. Anne Dauphinais, 44th Dist.; ",(GAE),ftp://ftp.cga.ct.gov/2024/cbs/h/HB-5313.HTM,https://www.cga.ct.gov/2024/TOB/h/pdf/2024HB-05313-R00-HB.pdf
HB-5314.HTM,2024,Raised Bill,Government Administration and Elections Committee,AN ACT CONCERNING AN EVALUATION OF THE UPDATING OF STATE FORMS AND APPLICATIONS TO INCLUDE A NONBINARY GENDER OPTION.,To require state agencies to evaluate what revisions or resources are necessary for state forms and applications to include a nonbinary gender option.,,(GAE),ftp://ftp.cga.ct.gov/2024/cbs/h/HB-5314.HTM,https://www.cga.ct.gov/2024/TOB/h/pdf/2024HB-05314-R00-HB.pdf
HB-5315.HTM,2024,Raised Bill,Government Administration and Elections Committee,AN ACT CONCERNING MEMBER PARTICIPATION DURING REMOTE AND HYBRID MUNICIPAL PUBLIC AGENCY MEETINGS UNDER THE FREEDOM OF INFORMATION ACT.,"To require members participating in a municipal public agency meeting by means of electronic equipment to be visible when debating or voting, with certain exceptions.",,(GAE),ftp://ftp.cga.ct.gov/2024/cbs/h/HB-5315.HTM,https://www.cga.ct.gov/2024/TOB/h/pdf/2024HB-05315-R00-HB.pdf
HB-5316.HTM,2024,Raised Bill,Public Health Committee,AN ACT CONCERNING THE OFFICE OF HEALTH STRATEGY'S RECOMMENDATIONS REGARDING THE CERTIFICATE OF NEED PROGRAM.,"To amend the (1) definitions of ""large group practice"" and ""group practice"" relating to the certificate of need program, (2) size and composition of the type of group practices required to annually report to the Attorney General, (3) types of large group practice transfers of ownership and acquisition of medical equipment that require certificate of need approval, and (4) presumption in favor of certificate of need approval for certain large group practice transfers of ownership.","Rep. Jaime S. Foster, 57th Dist.; Rep. Susan M. Johnson, 49th Dist.",(PH),ftp://ftp.cga.ct.gov/2024/cbs/h/HB-5316.HTM,https://www.cga.ct.gov/2024/TOB/h/pdf/2024HB-05316-R00-HB.pdf
HB-5317.HTM,2024,Raised Bill,Public Health Committee,AN ACT REQUIRING A STUDY CONCERNING THE FUNDING FOR THE COMMUNITY GUN VIOLENCE INTERVENTION AND PREVENTION PROGRAM AND A REPORT CONCERNING THE EFFECTIVENESS OF THE PROGRAM.,To require a study concerning the funding for and effectiveness of the community gun violence intervention and prevention program.,"Rep. Jillian Gilchrest, 18th Dist.; Rep. Geraldo C. Reyes, 75th Dist.; Rep. Robert Sanchez, 25th Dist.; Rep. Henry J. Genga, 10th Dist.",(PH),ftp://ftp.cga.ct.gov/2024/cbs/h/HB-5317.HTM,https://www.cga.ct.gov/2024/TOB/h/pdf/2024HB-05317-R00-HB.pdf
HB-5318.HTM,2024,Raised Bill,Public Health Committee,AN ACT REQUIRING THE LICENSURE OF LACTATION CONSULTANTS.,To require licensure of lactation consultants.,"Rep. Jennifer Leeper, 132nd Dist.; Rep. Christopher Rosario, 128th Dist.; Rep. Aimee Berger-Girvalo, 111th Dist.; Rep. Matt Blumenthal, 147th Dist.; Rep. Eleni Kavros DeGraw, 17th Dist.; Rep. Josh Elliott, 88th Dist.; Rep. Sarah Keitt, 134th Dist.; Rep. Jillian Gilchrest, 18th Dist.; Rep. Gary A. Turco, 27th Dist.; Sen. Saud Anwar, 3rd Dist.; Rep. Kate Farrar, 20th Dist.; Rep. Robyn A. Porter, 94th Dist.; Rep. Kai J. Belton, 100th Dist.; Sen. Patricia Billie Miller, 27th Dist.; Sen. Matthew L. Lesser, 9th Dist.; Rep. Trenee McGee, 116th Dist.; Rep. Marcus Brown, 127th Dist.; Rep. Fred Gee, 126th Dist.; Rep. Aundre Bumgardner, 41st Dist.; Rep. Joshua M. Hall, 7th Dist.; Rep. Christine Conley, 40th Dist.; Rep. Hubert D. Delany, 144th Dist.; Rep. Mary Welander, 114th Dist.; Rep. Devin R. Carney, 23rd Dist.",(PH),ftp://ftp.cga.ct.gov/2024/cbs/h/HB-5318.HTM,https://www.cga.ct.gov/2024/TOB/h/pdf/2024HB-05318-R00-HB.pdf
HB-5319.HTM,2024,Raised Bill,Public Health Committee,AN ACT REQUIRING A PLAN CONCERNING PRIVATE EQUITY FIRMS ACQUIRING OR HOLDING AN OWNERSHIP INTEREST IN HEALTH CARE FACILITIES.,To require the executive director of the Office of Health Strategies to develop a plan concerning private equity firms acquiring or holding an ownership interest in health care facilities in the state.,"Sen. Jeff Gordon, 35th Dist.; Sen. Saud Anwar, 3rd Dist.",(PH),ftp://ftp.cga.ct.gov/2024/cbs/h/HB-5319.HTM,https://www.cga.ct.gov/2024/TOB/h/pdf/2024HB-05319-R00-HB.pdf
HB-5320.HTM,2024,Raised Bill,Public Health Committee,AN ACT CONCERNING HOSPITAL FINANCIAL ASSISTANCE.,To improve hospital financial policies.,"Rep. Josh Elliott, 88th Dist.; Rep. Keith Denning, 42nd Dist.; Rep. Maryam Khan, 5th Dist.; Rep. Marcus Brown, 127th Dist.; Rep. Kate Farrar, 20th Dist.; Rep. Joshua M. Hall, 7th Dist.; Rep. Jillian Gilchrest, 18th Dist.; Rep. James Sanchez, 6th Dist.; Rep. Bobby G. Gibson, 15th Dist.; Rep. Kara Rochelle, 104th Dist.; Rep. Holly H. Cheeseman, 37th Dist.; Rep. Henry J. Genga, 10th Dist.",(PH),ftp://ftp.cga.ct.gov/2024/cbs/h/HB-5320.HTM,https://www.cga.ct.gov/2024/TOB/h/pdf/2024HB-05320-R00-HB.pdf
HB-5321.HTM,2024,Raised Bill,Public Health Committee,AN ACT REQUIRING NEWBORN SCREENING FOR DUCHENNE MUSCULAR DYSTROPHY.,To require newborn screening for Duchenne muscular dystrophy.,"Rep. Mitch Bolinsky, 106th Dist.; Rep. Christie M. Carpino, 32nd Dist.; Rep. Michelle L. Cook, 65th Dist.; Rep. Tracy Marra, 141st Dist.; Rep. Josh Elliott, 88th Dist.; Rep. Tom Delnicki, 14th Dist.; Rep. Jaime S. Foster, 57th Dist.; Rep. Aimee Berger-Girvalo, 111th Dist.; Rep. Christine Palm, 36th Dist.; Rep. Eleni Kavros DeGraw, 17th Dist.; Sen. Jeff Gordon, 35th Dist.; Rep. Gary A. Turco, 27th Dist.; Rep. Mary Welander, 114th Dist.; ",(PH),ftp://ftp.cga.ct.gov/2024/cbs/h/HB-5321.HTM,https://www.cga.ct.gov/2024/TOB/h/pdf/2024HB-05321-R00-HB.pdf
HB-5322.HTM,2024,Raised Bill,Public Health Committee,AN ACT CONCERNING THE DISTRIBUTION OF EDUCATIONAL MATERIALS REGARDING INTIMATE PARTNER VIOLENCE TOWARD PREGNANT AND POSTPARTUM PATIENTS.,To require the distribution of educational materials regarding intimate partner violence toward pregnant and postpartum patients by the Department of Public Health to birthing hospitals and providers of obstetrical care.,"Rep. Aimee Berger-Girvalo, 111th Dist.; Sen. Saud Anwar, 3rd Dist.; Rep. Jillian Gilchrest, 18th Dist.; Rep. Mary Welander, 114th Dist.; Rep. Eleni Kavros DeGraw, 17th Dist.; Rep. Julio A. Concepcion, 4th Dist.; Rep. Jane M. Garibay, 60th Dist.; Rep. Jason Rojas, 9th Dist.; Rep. John-Michael Parker, 101st Dist.; Sen. Julie Kushner, 24th Dist.; Rep. Dominique Johnson, 143rd Dist.; Sen. Martha Marx, 20th Dist.; Sen. Rick Lopes, 6th Dist.; Rep. David Michel, 146th Dist.; Rep. Kathleen M. McCarty, 38th Dist.; Rep. Cara Christine Pavalock-D'Amato, 77th Dist.; Rep. Kathy Kennedy, 119th Dist.; ",(PH),ftp://ftp.cga.ct.gov/2024/cbs/h/HB-5322.HTM,https://www.cga.ct.gov/2024/TOB/h/pdf/2024HB-05322-R00-HB.pdf
HB-5323.HTM,2024,Raised Bill,Public Health Committee,AN ACT CONCERNING THE DEVELOPMENT OF A PLAN FOR THE LICENSURE OF DANCE/MOVEMENT THERAPISTS.,To require the Commissioner of Public Health to study dance/movement therapy and make recommendations concerning the licensure of dance/movement therapists.,"Rep. Mitch Bolinsky, 106th Dist.; ",(PH),ftp://ftp.cga.ct.gov/2024/cbs/h/HB-5323.HTM,https://www.cga.ct.gov/2024/TOB/h/pdf/2024HB-05323-R00-HB.pdf
HB-5324.HTM,2024,Raised Bill,Judiciary Committee,AN ACT ESTABLISHING SECONDARY TRAFFIC VIOLATIONS.,To establish secondary traffic violations and prohibit a law enforcement officer from stopping a motor vehicle for a secondary traffic violation.,"Rep. Maryam Khan, 5th Dist.; Rep. Travis Simms, 140th Dist.; Rep. Joshua M. Hall, 7th Dist.; Rep. David Michel, 146th Dist.; Rep. Kadeem Roberts, 137th Dist.; Rep. Fred Gee, 126th Dist.; Rep. Josh Elliott, 88th Dist.; Rep. Christopher Rosario, 128th Dist.; Rep. Jillian Gilchrest, 18th Dist.; Rep. Hubert D. Delany, 144th Dist.; Rep. Marcus Brown, 127th Dist.; ",(JUD),ftp://ftp.cga.ct.gov/2024/cbs/h/HB-5324.HTM,https://www.cga.ct.gov/2024/TOB/h/pdf/2024HB-05324-R00-HB.pdf
HB-5325.HTM,2024,Raised Bill,Judiciary Committee,AN ACT CONCERNING COMPENSATION PAID TO INJURED EMPLOYEES UNDER THE WORKERS' COMPENSATION ACT.,To provide supplemental payments and benefits to individuals with partial permanent disabilities.,"Rep. Michael D Quinn, 82nd Dist.; Sen. Martin M. Looney, 11th Dist.; Rep. Susan M. Johnson, 49th Dist.; ",(JUD),ftp://ftp.cga.ct.gov/2024/cbs/h/HB-5325.HTM,https://www.cga.ct.gov/2024/TOB/h/pdf/2024HB-05325-R00-HB.pdf
HB-5326.HTM,2024,Raised Bill,Judiciary Committee,AN ACT CONCERNING THE FACTORS THAT A COURT WILL CONSIDER WHEN DECIDING WHETHER A RESTRAINING ORDER IS TO BE EXTENDED.,To prescribe factors that a court will consider when deciding whether to extend a restraining order that has been issued under section 46b-15 of the general statutes.,"Rep. Melissa Osborne, 16th Dist.; ",(JUD),ftp://ftp.cga.ct.gov/2024/cbs/h/HB-5326.HTM,https://www.cga.ct.gov/2024/TOB/h/pdf/2024HB-05326-R00-HB.pdf
HB-5327.HTM,2024,Raised Bill,Transportation Committee,AN ACT REVISING MOTOR VEHICLE STATUTES CONCERNING TOWING OCCUPIED VEHICLES AND THE OPERATION AND INSPECTION OF SCHOOL BUSES.,"To (1) prohibit the towing of occupied vehicles, (2) increase the penalty regarding the improper use of a motor vehicle registration, (3) provide guidance to school bus owners or operators regarding the daily inspection of a school bus, and (4) make a technical revision to a motor vehicle statute.",,(TRA),ftp://ftp.cga.ct.gov/2024/cbs/h/HB-5327.HTM,https://www.cga.ct.gov/2024/TOB/h/pdf/2024HB-05327-R00-HB.pdf
HB-5328.HTM,2024,Raised Bill,Transportation Committee,AN ACT CONCERNING AUTOMATED TRAFFIC SAFETY ENFORCEMENT IN WORK ZONES AND MUNICIPALITIES.,"To (1) expand the use of work zone speed control systems in work zones, and (2) permit a municipality to retain a portion of personally identifiable information to identify second and subsequent violations recorded by an automated traffic enforcement safety device.","Rep. Geraldo C. Reyes, 75th Dist.; Rep. Aundre Bumgardner, 41st Dist.",(TRA),ftp://ftp.cga.ct.gov/2024/cbs/h/HB-5328.HTM,https://www.cga.ct.gov/2024/TOB/h/pdf/2024HB-05328-R00-HB.pdf
HB-5329.HTM,2024,Raised Bill,Transportation Committee,AN ACT CONCERNING ROAD SAFETY AUDITS BY THE DEPARTMENT OF TRANSPORTATION.,"To require the Commissioner of Transportation to develop a process by which a person, traffic authority or regional council of government may request the Department of Transportation to perform a road safety audit.","Rep. Geraldo C. Reyes, 75th Dist.; ",(TRA),ftp://ftp.cga.ct.gov/2024/cbs/h/HB-5329.HTM,https://www.cga.ct.gov/2024/TOB/h/pdf/2024HB-05329-R00-HB.pdf
HB-5330.HTM,2024,Raised Bill,Transportation Committee,"AN ACT IMPLEMENTING THE RECOMMENDATIONS OF THE DEPARTMENT OF TRANSPORTATION AND CONCERNING CAPITAL PROJECTS, NOTICE OF PROPOSED FAIR AND SERVICE CHANGES, THE CONNECTICUT AIRPORT AUTHORITY, AUTOMATED TRAFFIC SAFETY ENFORCEMENT, ROAD SAFETY AUDITS, PARKING AUTHORITIES, A SHORE LINE EAST REPORT AND THE SUBMISSION OF REPORTS AND TEST RESULTS REGARDING IMPAIRED DRIVING.","To implement the recommendations of the Department of Transportation concerning certain environmental hearings, the Office of the State Traffic Administration, bicycle traffic, traffic authorities, variable speed limits, public transportation, motorcycle helmets and reckless driving.","Sen. Lisa Seminara, 8th Dist.; ",(TRA),ftp://ftp.cga.ct.gov/2024/cbs/h/HB-5330.HTM,https://www.cga.ct.gov/2024/TOB/h/pdf/2024HB-05330-R00-HB.pdf
HB-5331.HTM,2024,Raised Bill,Transportation Committee,AN ACT CONCERNING THE SUSPENSION OF MOTOR VEHICLE OPERATORS' LICENSES FOR FAILURE TO PAY FINES OR FEES OR FAILURE TO APPEAR FOR A SCHEDULED COURT APPEARANCE.,"To (1) prohibit the Commissioner of Motor Vehicles from suspending a license solely for failing to pay fines, fees or other charges resulting from a motor vehicle infraction or violation or for failure to appear for any scheduled court appearance with regard to any such infraction or violation, and (2) restore the operator's license of any person whose license was suspended for such failure.","Rep. Joshua M. Hall, 7th Dist.; Rep. Fred Gee, 126th Dist.; Rep. Geraldo C. Reyes, 75th Dist.; Sen. Patricia Billie Miller, 27th Dist.; Rep. Bobby G. Gibson, 15th Dist.; Sen. Herron Gaston, 23rd Dist.; Rep. Derell Wilson, 46th Dist.; Rep. Maryam Khan, 5th Dist.",(TRA),ftp://ftp.cga.ct.gov/2024/cbs/h/HB-5331.HTM,https://www.cga.ct.gov/2024/TOB/h/pdf/2024HB-05331-R00-HB.pdf
HB-5332.HTM,2024,Raised Bill,Housing Committee,AN ACT ESTABLISHING THE INTERAGENCY COUNCIL ON HOMELESSNESS.,To establish the interagency council on homelessness.,"Sen. Jan Hochadel, 13th Dist.; Rep. David Michel, 146th Dist.; Rep. William Pizzuto, 71st Dist.; Rep. Kathleen M. McCarty, 38th Dist.; Rep. Martin Foncello, 107th Dist.; Rep. Kathy Kennedy, 119th Dist.",(HSG),ftp://ftp.cga.ct.gov/2024/cbs/h/HB-5332.HTM,https://www.cga.ct.gov/2024/TOB/h/pdf/2024HB-05332-R00-HB.pdf
HB-5333.HTM,2024,Raised Bill,Housing Committee,AN ACT CONCERNING A STUDY OF THE AFFORDABLE HOUSING APPEALS PROCESS.,To study the effects of the affordable housing appeals process on municipalities in the state.,"Sen. Tony Hwang, 28th Dist.; Rep. Raghib Allie-Brennan, 2nd Dist.; Rep. Travis Simms, 140th Dist.; ",(HSG),ftp://ftp.cga.ct.gov/2024/cbs/h/HB-5333.HTM,https://www.cga.ct.gov/2024/TOB/h/pdf/2024HB-05333-R00-HB.pdf
HB-5334.HTM,2024,Raised Bill,Housing Committee,AN ACT REQUIRING THE MAJORITY LEADERS' ROUNDTABLE GROUP ON AFFORDABLE HOUSING TO STUDY RESIDENTIAL MOBILITY COUNSELING PROGRAMS IN THE STATE.,To require the majority leaders' roundtable group on affordable housing to study the effectiveness of residence mobility counseling programs in the state.,"Rep. Jason Rojas, 9th Dist.; Rep. Antonio Felipe, 130th Dist.",(HSG),ftp://ftp.cga.ct.gov/2024/cbs/h/HB-5334.HTM,https://www.cga.ct.gov/2024/TOB/h/pdf/2024HB-05334-R00-HB.pdf
HB-5335.HTM,2024,Raised Bill,Housing Committee,AN ACT CONCERNING THE DEVELOPMENT OF MIDDLE HOUSING.,To provide municipalities with one-quarter housing unit-equivalent point for each middle housing unit developed as of right.,"Rep. Jason Rojas, 9th Dist.; Rep. Antonio Felipe, 130th Dist.",(HSG),ftp://ftp.cga.ct.gov/2024/cbs/h/HB-5335.HTM,https://www.cga.ct.gov/2024/TOB/h/pdf/2024HB-05335-R00-HB.pdf
HB-5336.HTM,2024,Raised Bill,Housing Committee,AN ACT IMPLEMENTING THE RECOMMENDATIONS OF THE CONNECTICUT HOUSING AND SEGREGATION STUDY.,"To adopt certain recommendations of the Connecticut Housing and Segregation Study concerning (1) the equalization of state housing assistance payments with federal Housing Choice Voucher rental assistance payments, (2) requiring biennial inspections of any housing unit participating in the rental assistance program, and (3) the modification of certain scores under the Qualified Allocation Plan adopted by the Connecticut Housing Finance Authority and the Commissioner of Housing.","Rep. Jason Rojas, 9th Dist.; Rep. Christopher Rosario, 128th Dist.; Rep. Antonio Felipe, 130th Dist.; ",(HSG),ftp://ftp.cga.ct.gov/2024/cbs/h/HB-5336.HTM,https://www.cga.ct.gov/2024/TOB/h/pdf/2024HB-05336-R00-HB.pdf
HB-5337.HTM,2024,Raised Bill,Housing Committee,AN ACT CONCERNING AFFORDABLE HOUSING DEVELOPMENT PRACTICES.,"To (1) require a surety bond from any developer who submits an affordable housing application to a zoning commission, and (2) allow a municipality to award funds from a tax increment district master plan fund for improvements to certain affordable housing if pursuant to an agreement with the owner to renew the affordable deed covenants or restrictions concerning such affordable housing.","Rep. Raghib Allie-Brennan, 2nd Dist.; Rep. Jason Rojas, 9th Dist.; Rep. Antonio Felipe, 130th Dist.; ",(HSG),ftp://ftp.cga.ct.gov/2024/cbs/h/HB-5337.HTM,https://www.cga.ct.gov/2024/TOB/h/pdf/2024HB-05337-R00-HB.pdf
HB-5338.HTM,2024,Raised Bill,Higher Education and Employment Advancement Committee,AN ACT CONCERNING THE KIRKLYN M. KERR PROGRAM.,To require the president of The University of Connecticut to enter into an agreement for the admission of state residents to out-of-state veterinary schools and to fund the Kirklyn M. Kerr grant program.,"Rep. Mike Demicco, 21st Dist.; Rep. John-Michael Parker, 101st Dist.; Rep. William Pizzuto, 71st Dist.; Rep. Kathleen M. McCarty, 38th Dist.; Rep. Martin Foncello, 107th Dist.; Rep. Holly H. Cheeseman, 37th Dist.; Sen. Lisa Seminara, 8th Dist.; Sen. Paul Cicarella, 34th Dist.",(HED),ftp://ftp.cga.ct.gov/2024/cbs/h/HB-5338.HTM,https://www.cga.ct.gov/2024/TOB/h/pdf/2024HB-05338-R00-HB.pdf
HB-5339.HTM,2024,Raised Bill,Higher Education and Employment Advancement Committee,AN ACT PROHIBITING THE CONSIDERATION OF SCHOOL DISCIPLINARY HISTORY DURING THE ADMISSIONS PROCESS AT AN INSTITUTION OF HIGHER EDUCATION.,To prohibit institutions of higher education from considering the school disciplinary history of an applicant during the admissions process.,"Rep. Robyn A. Porter, 94th Dist.; Rep. Anthony L. Nolan, 39th Dist.; Rep. Anne M. Hughes, 135th Dist.; Sen. Herron Gaston, 23rd Dist.",(HED),ftp://ftp.cga.ct.gov/2024/cbs/h/HB-5339.HTM,https://www.cga.ct.gov/2024/TOB/h/pdf/2024HB-05339-R00-HB.pdf
HB-5340.HTM,2024,Raised Bill,Higher Education and Employment Advancement Committee,AN ACT ALLOWING THIRD-PARTY VICTIMS TO PARTICIPATE IN AN INVESTIGATION OR DISCIPLINARY PROCEEDING BY AN INSTITUTION OF HIGHER EDUCATION.,"To allow a victim of sexual harassment, sexual assault, stalking or intimate partner violence who is not a student or employee of an institution of higher education to be informed and participate in an investigation or disciplinary hearing of the responding student or employee.","Rep. Craig C. Fishbein, 90th Dist.; ",(HED),ftp://ftp.cga.ct.gov/2024/cbs/h/HB-5340.HTM,https://www.cga.ct.gov/2024/TOB/h/pdf/2024HB-05340-R00-HB.pdf
HB-5341.HTM,2024,Raised Bill,Higher Education and Employment Advancement Committee,AN ACT REQUIRING REPORTING OF PROJECTED AND ACTUAL REVENUES AND EXPENDITURES AT PUBLIC INSTITUTIONS OF HIGHER EDUCATION.,To require the Board of Regents for Higher Education and the Board of Trustees of The University of Connecticut to annually report the projected and actual revenues and expenditures of the public institutions of higher education under each board's governance.,,(HED),ftp://ftp.cga.ct.gov/2024/cbs/h/HB-5341.HTM,https://www.cga.ct.gov/2024/TOB/h/pdf/2024HB-05341-R00-HB.pdf
HB-5342.HTM,2024,Raised Bill,Banking Committee,AN ACT CONCERNING MORTGAGE FORECLOSURES AND UNDISCHARGED MORTGAGES.,To establish a limitation period for certain mortgage foreclosure actions.,,(BA),ftp://ftp.cga.ct.gov/2024/cbs/h/HB-5342.HTM,https://www.cga.ct.gov/2024/TOB/h/pdf/2024HB-05342-R00-HB.pdf
HB-5343.HTM,2024,Raised Bill,Banking Committee,AN ACT CONCERNING A STUDY ON THE FEASIBILITY OF ESTABLISHING A PREPAID COLLEGE TUITION PROGRAM.,"To establish a Connecticut prepaid college tuition program, procedures related to such program and a related account.","Rep. Hilda E. Santiago, 84th Dist.; Sen. Patricia Billie Miller, 27th Dist.",(BA),ftp://ftp.cga.ct.gov/2024/cbs/h/HB-5343.HTM,https://www.cga.ct.gov/2024/TOB/h/pdf/2024HB-05343-R00-HB.pdf
HB-5344.HTM,2024,Raised Bill,Banking Committee,AN ACT ESTABLISHING FIRST-TIME HOMEBUYER SAVINGS ACCOUNTS AND A RELATED TAX DEDUCTION AND CREDIT.,To establish a first-time homebuyer savings account and a related tax deduction and credit.,"Rep. Gary A. Turco, 27th Dist.; Rep. Jaime S. Foster, 57th Dist.; Rep. Tony J Scott, 112th Dist.; Rep. Seth Bronko, 70th Dist.; Rep. Rachel Khanna, 149th Dist.; Rep. Holly H. Cheeseman, 37th Dist.; Rep. Tom Delnicki, 14th Dist.; Rep. Eleni Kavros DeGraw, 17th Dist.; Rep. Jill Barry, 31st Dist.; Rep. Devin R. Carney, 23rd Dist.; Rep. Joseph H. Zullo, 99th Dist.; ",(BA),ftp://ftp.cga.ct.gov/2024/cbs/h/HB-5344.HTM,https://www.cga.ct.gov/2024/TOB/h/pdf/2024HB-05344-R00-HB.pdf
HB-5345.HTM,2024,Raised Bill,Banking Committee,AN ACT CONCERNING MOBILE MANUFACTURED HOMES.,To require a park owner to amend a rental agreement with a mobile manufactured home owner or purchaser in certain circumstances.,,(BA),ftp://ftp.cga.ct.gov/2024/cbs/h/HB-5345.HTM,https://www.cga.ct.gov/2024/TOB/h/pdf/2024HB-05345-R00-HB.pdf
HB-5346.HTM,2024,Raised Bill,Education Committee,AN ACT CONCERNING EARLY CHILD CARE.,"To provide the Early Childhood Education Fund with unexpended funds from certain early childhood programs; to require the Department of Administrative Services to conduct a study of state-owned buildings and property for the purpose of utilizing or converting such buildings and property for early childhood care, early childhood education, housing and adult training programs; and to require the Office of Early Childhood to study ways to include experience in nontraditional child care settings and other informal child care arrangements for purposes of issuing an early childhood teacher credential.",,(ED),ftp://ftp.cga.ct.gov/2024/cbs/h/HB-5346.HTM,https://www.cga.ct.gov/2024/TOB/h/pdf/2024HB-05346-R00-HB.pdf
HB-5347.HTM,2024,Raised Bill,Education Committee,AN ACT CONCERNING AUTHORIZATION OF STATE GRANT COMMITMENTS FOR SCHOOL BUILDING PROJECTS AND REVISIONS TO THE SCHOOL BUILDING PROJECTS STATUTES.,To authorize state grant commitments for school building projects and make revisions to the school building project statutes.,"Rep. Kate Farrar, 20th Dist.; Rep. Kathy Kennedy, 119th Dist.",(ED),ftp://ftp.cga.ct.gov/2024/cbs/h/HB-5347.HTM,https://www.cga.ct.gov/2024/TOB/h/pdf/2024HB-05347-R00-HB.pdf
HB-5348.HTM,2024,Raised Bill,Education Committee,AN ACT CONCERNING PARAEDUCATORS.,"To (1) specify the duties and qualifications of paraeducators, (2) change references to ""paraprofessional"" to ""paraeducator"", (3) require the Department of Economic and Community Development to distribute ARPA funds allocated to the department for paraeducator professional development, (4) extend the health savings account subsidy program to the next fiscal year, (5) require the Comptroller to (A) establish a premium subsidy program for paraeducators who are covered by a health benefit plan that is not a high deductible health plan, and (B) conduct a cost-benefit analysis of boards of education providing coverage through a partnership plan, (6) establish a minimum salary for paraeducators, (7) require the Office of Policy and Management to pay the difference between the current and required minimum salary for paraeducators, and (8) repeal a program to provide a stipend to paraeducators to purchase a qualified health plan through the Connecticut Health Insurance Exchange.","Sen. Jan Hochadel, 13th Dist.; Sen. Gary A. Winfield, 10th Dist.; Rep. Susan M. Johnson, 49th Dist.; Rep. Kadeem Roberts, 137th Dist.; Rep. Josh Elliott, 88th Dist.; Rep. Robyn A. Porter, 94th Dist.; Rep. Henry J. Genga, 10th Dist.; Rep. Juan R. Candelaria, 95th Dist.; Rep. Jason Doucette, 13th Dist.; Rep. Jaime S. Foster, 57th Dist.; Sen. MD Rahman, 4th Dist.; Rep. Anthony L. Nolan, 39th Dist.; Rep. Frank Smith, 118th Dist.; Rep. Christopher Poulos, 81st Dist.; Rep. Bobby G. Gibson, 15th Dist.; Rep. Robin E. Comey, 102nd Dist.",(ED),ftp://ftp.cga.ct.gov/2024/cbs/h/HB-5348.HTM,https://www.cga.ct.gov/2024/TOB/h/pdf/2024HB-05348-R00-HB.pdf
HB-5349.HTM,2024,Raised Bill,Environment Committee,AN ACT CONCERNING THE PERFORMANCE OF A POLLEN COUNT.,To require the Department of Energy and Environmental Protection to conduct a pollen count and report such information for public health purposes.,"Rep. Hector Arzeno, 151st Dist.; Rep. Patricia A. Dillon, 92nd Dist.; Rep. Julio A. Concepcion, 4th Dist.; Sen. Saud Anwar, 3rd Dist.; Rep. Bobby G. Gibson, 15th Dist.; ",(ENV),ftp://ftp.cga.ct.gov/2024/cbs/h/HB-5349.HTM,https://www.cga.ct.gov/2024/TOB/h/pdf/2024HB-05349-R00-HB.pdf
HB-5350.HTM,2024,Raised Bill,Environment Committee,"AN ACT CONCERNING THE ENFORCEMENT OF BOATING LAWS ON BODIES OF WATER NEAR THE RHODE ISLAND, MASSACHUSETTS AND NEW YORK BORDERS.","To authorize enforcement of boating laws on interior bodies of fresh water that touch the state's borders with Rhode Island, Massachusetts or New York.","Rep. Craig C. Fishbein, 90th Dist.; Rep. Brian Lanoue, 45th Dist.; Sen. Heather S. Somers, 18th Dist.; Rep. Aundre Bumgardner, 41st Dist.; Rep. Tami Zawistowski, 61st Dist.; Rep. Patrick E. Callahan, 108th Dist.; Rep. Martin Foncello, 107th Dist.; Rep. Holly H. Cheeseman, 37th Dist.",(ENV),ftp://ftp.cga.ct.gov/2024/cbs/h/HB-5350.HTM,https://www.cga.ct.gov/2024/TOB/h/pdf/2024HB-05350-R00-HB.pdf
HB-5351.HTM,2024,Raised Bill,Environment Committee,AN ACT STUDYING THE NEED FOR AN EXTENDED PRODUCER RESPONSIBILITY PROGRAM FOR CARPETS.,To study the need to establish an extended producer responsibility program for carpets that are sold and distributed in this state.,,(ENV),ftp://ftp.cga.ct.gov/2024/cbs/h/HB-5351.HTM,https://www.cga.ct.gov/2024/TOB/h/pdf/2024HB-05351-R00-HB.pdf
HB-5352.HTM,2024,Raised Bill,Environment Committee,AN ACT CONCERNING MINOR REVISIONS TO THE TIRE STEWARDSHIP PROGRAM.,"To provide a tire stewardship organization with more time to begin the tire stewardship program after the plan is approved, to reduce allowable administrative fees for the tire stewardship program and to allow a surplus for the tire stewardship program to avoid cash flow problems.","Rep. Martin Foncello, 107th Dist.; Sen. Lisa Seminara, 8th Dist.",(ENV),ftp://ftp.cga.ct.gov/2024/cbs/h/HB-5352.HTM,https://www.cga.ct.gov/2024/TOB/h/pdf/2024HB-05352-R00-HB.pdf
HB-5353.HTM,2024,Raised Bill,Environment Committee,AN ACT CONCERNING THE GAS CYLINDER STEWARDSHIP PROGRAM.,To provide a gas cylinder stewardship organization with the right to institute a civil suit against noncompliant producers when certain costs are incurred by the organization.,"Rep. Martin Foncello, 107th Dist.; Sen. Lisa Seminara, 8th Dist.",(ENV),ftp://ftp.cga.ct.gov/2024/cbs/h/HB-5353.HTM,https://www.cga.ct.gov/2024/TOB/h/pdf/2024HB-05353-R00-HB.pdf
HB-5354.HTM,2024,Raised Bill,Environment Committee,AN ACT CONCERNING TERRAMATION.,To authorize the natural organic reduction of human remains as a final disposition of such remains.,"Rep. Christine Palm, 36th Dist.; Rep. Jillian Gilchrest, 18th Dist.; Rep. Josh Elliott, 88th Dist.; Rep. Gary A. Turco, 27th Dist.; Rep. Keith Denning, 42nd Dist.; Sen. Ceci Maher, 26th Dist.; Rep. Corey P. Paris, 145th Dist.; Rep. Amy Morrin Bello, 28th Dist.; Sen. Jan Hochadel, 13th Dist.; Sen. Julie Kushner, 24th Dist.; Rep. Nicole Klarides-Ditria, 105th Dist.; ",(ENV),ftp://ftp.cga.ct.gov/2024/cbs/h/HB-5354.HTM,https://www.cga.ct.gov/2024/TOB/h/pdf/2024HB-05354-R00-HB.pdf
HB-5355.HTM,2024,Raised Bill,Environment Committee,AN ACT CONCERNING THE WATER RESOURCES OF THE UPPER FARMINGTON RIVER VALLEY.,To examine issues related to the protection of certain waters of the Upper Farmington River Valley.,"Sen. Jan Hochadel, 13th Dist.; Rep. Mark W Anderson, 62nd Dist.; Sen. Lisa Seminara, 8th Dist.; Rep. Sarah Keitt, 134th Dist.; Rep. Eleni Kavros DeGraw, 17th Dist.; Rep. Melissa Osborne, 16th Dist.; Sen. Derek Slap, 5th Dist.; Rep. Maria P. Horn, 64th Dist.; Rep. Tami Zawistowski, 61st Dist.; Rep. Mike Demicco, 21st Dist.; Rep. David K. Labriola, 131st Dist.; Rep. Jane M. Garibay, 60th Dist.; Rep. Jillian Gilchrest, 18th Dist.; Rep. Patrick E. Callahan, 108th Dist.; Rep. Tom Delnicki, 14th Dist.; Rep. Francis Cooley, 22nd Dist.; Rep. Kurt Vail, 52nd Dist.; Rep. Henry J. Genga, 10th Dist.; Rep. Martin Foncello, 107th Dist.; Sen. John A. Kissel, 7th Dist.",(ENV),ftp://ftp.cga.ct.gov/2024/cbs/h/HB-5355.HTM,https://www.cga.ct.gov/2024/TOB/h/pdf/2024HB-05355-R00-HB.pdf
HB-5356.HTM,2024,Raised Bill,Energy and Technology Committee,AN ACT CONCERNING MODIFICATIONS TO THE RENEWABLE PORTFOLIO STANDARD.,"To (1) redefine ""Class I renewable energy source"" to include certain linear generators, and (2) indefinitely extend the current renewable energy portfolio standard for Class III sources.",,(ET),ftp://ftp.cga.ct.gov/2024/cbs/h/HB-5356.HTM,https://www.cga.ct.gov/2024/TOB/h/pdf/2024HB-05356-R00-HB.pdf
HB-5357.HTM,2024,Raised Bill,Energy and Technology Committee,AN ACT CONCERNING A STUDY OF NUCLEAR POWER GENERATING FACILITIES.,To study the expansion of nuclear power at the location of an existing nuclear power generating facility.,,(ET),ftp://ftp.cga.ct.gov/2024/cbs/h/HB-5357.HTM,https://www.cga.ct.gov/2024/TOB/h/pdf/2024HB-05357-R00-HB.pdf
HB-5358.HTM,2024,Raised Bill,Energy and Technology Committee,AN ACT CONCERNING A STUDY OF GEOTHERMAL ENERGY.,To study the feasibility of a pilot program for community geothermal.,"Rep. Holly H. Cheeseman, 37th Dist.; Sen. Julie Kushner, 24th Dist.; Rep. Brandon Chafee, 33rd Dist.; Rep. David Michel, 146th Dist.; Rep. Anne M. Hughes, 135th Dist.; Rep. Josh Elliott, 88th Dist.; Sen. Herron Gaston, 23rd Dist.; ",(ET),ftp://ftp.cga.ct.gov/2024/cbs/h/HB-5358.HTM,https://www.cga.ct.gov/2024/TOB/h/pdf/2024HB-05358-R00-HB.pdf
HB-5359.HTM,2024,Raised Bill,Energy and Technology Committee,AN ACT CONCERNING THE COMPOSITION AND EXPERTISE OF THE CONNECTICUT SITING COUNCIL.,To require members and staff of the Connecticut Siting Council to have expertise concerning electric transmission infrastructure.,"Sen. Tony Hwang, 28th Dist.; Rep. Sarah Keitt, 134th Dist.",(ET),ftp://ftp.cga.ct.gov/2024/cbs/h/HB-5359.HTM,https://www.cga.ct.gov/2024/TOB/h/pdf/2024HB-05359-R00-HB.pdf
HB-5360.HTM,2024,Raised Bill,Energy and Technology Committee,AN ACT ESTABLISHING A MUNICIPAL ELECTRIC AGGREGATION PROGRAM.,To establish a municipal electric aggregation program.,"Rep. Holly H. Cheeseman, 37th Dist.; ",(ET),ftp://ftp.cga.ct.gov/2024/cbs/h/HB-5360.HTM,https://www.cga.ct.gov/2024/TOB/h/pdf/2024HB-05360-R00-HB.pdf
HB-5361.HTM,2024,Raised Bill,Energy and Technology Committee,AN ACT CONCERNING THE SITING OF RENEWABLE ENERGY SOURCES IN THE STATE.,"To (1) revise the Connecticut Siting Council approval process for certain renewable energy projects, and (2) require the council to follow conditions imposed by a municipality for certain projects near an existing facility with a capacity greater than one hundred megawatts.","Rep. Jason Doucette, 13th Dist.; Rep. Carol Hall, 59th Dist.; Rep. Tom Delnicki, 14th Dist.; Rep. Martin Foncello, 107th Dist.",(ET),ftp://ftp.cga.ct.gov/2024/cbs/h/HB-5361.HTM,https://www.cga.ct.gov/2024/TOB/h/pdf/2024HB-05361-R00-HB.pdf
HB-5362.HTM,2024,Raised Bill,Higher Education and Employment Advancement Committee,AN ACT DEFINING CONNECTICUT INSTITUTION OF HIGHER EDUCATION AND OUT-OF-STATE INSTITUTION OF HIGHER EDUCATION FOR THE PURPOSES OF THE STATE AUTHORIZATION RECIPROCITY AGREEMENT.,To clarify when an institution of higher education is considered to be an in-state institution versus an out-of-state institution for purposes of the nation-wide state authorization reciprocity agreement.,,(HED),ftp://ftp.cga.ct.gov/2024/cbs/h/HB-5362.HTM,https://www.cga.ct.gov/2024/TOB/h/pdf/2024HB-05362-R00-HB.pdf
HB-5363.HTM,2024,Raised Bill,Higher Education and Employment Advancement Committee,AN ACT CONCERNING THE PLANNING COMMISSION FOR HIGHER EDUCATION.,"To (1) establish deadlines for appointment of commission members and for convening the first meeting, and (2) extend the deadlines by which the commission submits the preliminary report and updated strategic master plan.","Rep. William Pizzuto, 71st Dist.; Rep. Martin Foncello, 107th Dist.; Sen. Lisa Seminara, 8th Dist.; ",(HED),ftp://ftp.cga.ct.gov/2024/cbs/h/HB-5363.HTM,https://www.cga.ct.gov/2024/TOB/h/pdf/2024HB-05363-R00-HB.pdf
HB-5364.HTM,2024,Raised Bill,Human Services Committee,AN ACT PRESERVING ASSETS OF STATE HUMANE INSTITUTION RESIDENTS.,To protect the assets of former residents of state humane institutions by limiting circumstances under which the state can recover costs for their care from their estates.,,(HS),ftp://ftp.cga.ct.gov/2024/cbs/h/HB-5364.HTM,https://www.cga.ct.gov/2024/TOB/h/pdf/2024HB-05364-R00-HB.pdf
HB-5365.HTM,2024,Raised Bill,Human Services Committee,AN ACT CONCERNING TECHNICAL REVISIONS TO STATUTES CONCERNING HUMAN SERVICES.,To make technical revisions to statutes concerning human services.,"Rep. Martin Foncello, 107th Dist.; Sen. Lisa Seminara, 8th Dist.",(HS),ftp://ftp.cga.ct.gov/2024/cbs/h/HB-5365.HTM,https://www.cga.ct.gov/2024/TOB/h/pdf/2024HB-05365-R00-HB.pdf
HB-5366.HTM,2024,Raised Bill,Human Services Committee,AN ACT CONCERNING COVENANTS NOT TO COMPETE IN THE HOME CARE INDUSTRY.,To allow homemaker-companion agencies to contractually limit the ability of a homemaker-companion who has received paid training from such agency to engage in private service contracts with clients of the agency.,"Rep. Cara Christine Pavalock-D'Amato, 77th Dist.; ",(HS),ftp://ftp.cga.ct.gov/2024/cbs/h/HB-5366.HTM,https://www.cga.ct.gov/2024/TOB/h/pdf/2024HB-05366-R00-HB.pdf
HB-5367.HTM,2024,Raised Bill,Human Services Committee,AN ACT CONCERNING MEDICAID COVERAGE OF RAPID WHOLE GENOME SEQUENCING FOR CRITICALLY ILL INFANTS  AND STUDIES CONCERNING THE ELIMINATION OR REDUCTION OF THE KATIE BECKETT WAIVER PROGRAM WAITING LIST AND MEDICAID COVERAGE OF DIAPERS.,To provide Medicaid coverage for rapid whole genome sequencing of critically ill infants.,"Rep. Jennifer Leeper, 132nd Dist.; Rep. Devin R. Carney, 23rd Dist.; Rep. Holly H. Cheeseman, 37th Dist.; Rep. Christie M. Carpino, 32nd Dist.; Rep. William Pizzuto, 71st Dist.; Rep. Hilda E. Santiago, 84th Dist.; Rep. Michelle L. Cook, 65th Dist.; Rep. Kathy Kennedy, 119th Dist.; Rep. Martin Foncello, 107th Dist.; Rep. Tracy Marra, 141st Dist.; Rep. Matt Blumenthal, 147th Dist.; Sen. Lisa Seminara, 8th Dist.; Sen. Jeff Gordon, 35th Dist.; ",(HS),ftp://ftp.cga.ct.gov/2024/cbs/h/HB-5367.HTM,https://www.cga.ct.gov/2024/TOB/h/pdf/2024HB-05367-R00-HB.pdf
HB-5368.HTM,2024,Raised Bill,Human Services Committee,AN ACT CONCERNING MEDICAID COVERAGE OF DIAPERS.,To extend Medicaid coverage of diapers to children from birth to age three with certain health conditions.,"Rep. Josh Elliott, 88th Dist.; Rep. Gary A. Turco, 27th Dist.; Rep. Susan M. Johnson, 49th Dist.; Sen. Julie Kushner, 24th Dist.; Rep. William Heffernan, 115th Dist.; ",(HS),ftp://ftp.cga.ct.gov/2024/cbs/h/HB-5368.HTM,https://www.cga.ct.gov/2024/TOB/h/pdf/2024HB-05368-R00-HB.pdf
HB-5369.HTM,2024,Raised Bill,Human Services Committee,AN ACT CONCERNING A BENEFITS CLIFF STUDY.,To establish a pilot program to prevent immediate loss of benefits in certain public assistance programs for persons who exceed income thresholds due to employment.,"Rep. Gary A. Turco, 27th Dist.; Sen. Julie Kushner, 24th Dist.; Rep. James Sanchez, 6th Dist.; Rep. David Michel, 146th Dist.; Rep. Kate Farrar, 20th Dist.; Rep. Greg S. Howard, 43rd Dist.; Rep. Holly H. Cheeseman, 37th Dist.; Rep. William Pizzuto, 71st Dist.; Rep. David Rutigliano, 123rd Dist.; Sen. Heather S. Somers, 18th Dist.; Sen. Kevin C. Kelly, 21st Dist.; Sen. John A. Kissel, 7th Dist.; Rep. Martin Foncello, 107th Dist.; Sen. Matthew L. Lesser, 9th Dist.; Sen. Rob Sampson, 16th Dist.; Rep. Tracy Marra, 141st Dist.; Sen. Lisa Seminara, 8th Dist.; Rep. Matt Blumenthal, 147th Dist.; Sen. Paul Cicarella, 34th Dist.; Sen. Jeff Gordon, 35th Dist.",(HS),ftp://ftp.cga.ct.gov/2024/cbs/h/HB-5369.HTM,https://www.cga.ct.gov/2024/TOB/h/pdf/2024HB-05369-R00-HB.pdf
HB-5370.HTM,2024,Raised Bill,Human Services Committee,AN ACT CONCERNING MEDICAL ASSISTANCE FOR ROOM AND BOARD COSTS FOR SUBSTANCE ABUSE TREATMENT IN A RESIDENTIAL SETTING.,To require the Commissioner of Social Services to amend a Medicaid waiver for treatment of substance use disorder to cover room and board costs as well as medical treatment costs for treatment in a residential setting.,"Rep. Gary A. Turco, 27th Dist.; Rep. Devin R. Carney, 23rd Dist.",(HS),ftp://ftp.cga.ct.gov/2024/cbs/h/HB-5370.HTM,https://www.cga.ct.gov/2024/TOB/h/pdf/2024HB-05370-R00-HB.pdf
HB-5371.HTM,2024,Raised Bill,Human Services Committee,AN ACT CONCERNING A STUDY OF MAXIMIZING MEDICAID AND OTHER FUNDING FOR HEALTH CARE NEEDS.,To study expanding HUSKY Health benefits to all uninsured residents under the age of nineteen regardless of income or immigration status.,,(HS),ftp://ftp.cga.ct.gov/2024/cbs/h/HB-5371.HTM,https://www.cga.ct.gov/2024/TOB/h/pdf/2024HB-05371-R00-HB.pdf
HB-5372.HTM,2024,Raised Bill,Human Services Committee,AN ACT CONCERNING MEDICAID FUNDING FOR BEDS RESERVED FOR CHRONIC DISEASE HOSPITAL PATIENTS WHO ARE TEMPORARILY TRANSFERRED TO ACUTE CARE HOSPITALS.,To authorize Medicaid funding for beds reserved by chronic disease hospitals for patients temporarily transferred to acute care hospitals for critical care.,,(HS),ftp://ftp.cga.ct.gov/2024/cbs/h/HB-5372.HTM,https://www.cga.ct.gov/2024/TOB/h/pdf/2024HB-05372-R00-HB.pdf
HB-5373.HTM,2024,Raised Bill,Human Services Committee,AN ACT CONCERNING VARIOUS REVISIONS TO HUMAN SERVICES STATUTES.,"To repeal obsolete statutory provisions, make technical statutory changes and replace an arbitration process with the right to appeal to a Superior Court.","Rep. Tom Delnicki, 14th Dist.; Rep. Martin Foncello, 107th Dist.; Sen. Lisa Seminara, 8th Dist.; ",(HS),ftp://ftp.cga.ct.gov/2024/cbs/h/HB-5373.HTM,https://www.cga.ct.gov/2024/TOB/h/pdf/2024HB-05373-R00-HB.pdf
HB-5374.HTM,2024,Raised Bill,Human Services Committee,AN ACT CONCERNING ANNUAL INFLATIONARY RATE ADJUSTMENTS FOR NONPROFIT HUMAN SERVICES PROVIDERS.,To provide annual inflationary rate adjustments for nonprofit human services providers who contract with the state.,,(HS),ftp://ftp.cga.ct.gov/2024/cbs/h/HB-5374.HTM,https://www.cga.ct.gov/2024/TOB/h/pdf/2024HB-05374-R00-HB.pdf
HB-5375.HTM,2024,Raised Bill,Insurance and Real Estate Committee,AN ACT REQUIRING THE COMPTROLLER TO CONDUCT A STUDY OF HEALTH INSURANCE COVERAGE FOR RETIRED POLICE OFFICERS.,"To require that the Comptroller conduct a study of health insurance coverage for police officers, including, but not limited to, any gaps in, or lack of, health insurance coverage, or diminished health insurance coverage for retired police officers in this state.","Sen. Saud Anwar, 3rd Dist.; Rep. Kerry S. Wood, 29th Dist.; Rep. Jaime S. Foster, 57th Dist.; Rep. Tom Delnicki, 14th Dist.",(INS),ftp://ftp.cga.ct.gov/2024/cbs/h/HB-5375.HTM,https://www.cga.ct.gov/2024/TOB/h/pdf/2024HB-05375-R00-HB.pdf
HB-5376.HTM,2024,Raised Bill,Insurance and Real Estate Committee,AN ACT CONCERNING HOME IMPROVEMENT CONTRACTORS AND SALESPERSONS.,"To: (1) Modify both the permissible and required terms of home improvement contracts; (2) preclude home improvement contractors from engaging in certain conduct to induce owners to enter into home improvement contracts; (3) require home improvement contractors to notify the commissioner regarding changes in their business names, trade names and addresses; (4) require home improvement contractors to maintain additional types of insurance coverage; (5) expand the required content of the application for a certificate of registration as a home improvement contractor; and (6) modify the grounds on which the Commissioner of Consumer Protection may (A) reprimand or place a home improvement contractor or salesperson on probation, or (B) revoke, suspend, or refuse to issue or renew a certificate of registration as a home improvement contractor or salesperson.",,(INS),ftp://ftp.cga.ct.gov/2024/cbs/h/HB-5376.HTM,https://www.cga.ct.gov/2024/TOB/h/pdf/2024HB-05376-R00-HB.pdf
HB-5377.HTM,2024,Raised Bill,Insurance and Real Estate Committee,AN ACT CONCERNING THE CONNECTICUT HEALTH INSURANCE EXCHANGE.,"To require the Connecticut Health Insurance Exchange to hold public meetings and receive legislative approval prior to (1) entering into nondisclosure or settlement agreements, or (2) charging assessments or user fees or changing the amount of, or process used to calculate, assessments or user fees.",,(INS),ftp://ftp.cga.ct.gov/2024/cbs/h/HB-5377.HTM,https://www.cga.ct.gov/2024/TOB/h/pdf/2024HB-05377-R00-HB.pdf
HB-5378.HTM,2024,Raised Bill,Insurance and Real Estate Committee,AN ACT CONCERNING HEALTH INSURANCE COVERAGE FOR THE DIAGNOSIS AND TREATMENT OF INFERTILITY.,To provide equal access to health insurance coverage for the diagnosis and treatment of infertility.,"Sen. Heather S. Somers, 18th Dist.; Sen. Saud Anwar, 3rd Dist.; Rep. Tammy Nuccio, 53rd Dist.; Rep. Kate Farrar, 20th Dist.; Rep. Tom Delnicki, 14th Dist.; ",(INS),ftp://ftp.cga.ct.gov/2024/cbs/h/HB-5378.HTM,https://www.cga.ct.gov/2024/TOB/h/pdf/2024HB-05378-R00-HB.pdf
HB-5379.HTM,2024,Raised Bill,Judiciary Committee,AN ACT CONCERNING THE DUTIES OF THE STATE MARSHALS AND THE OPERATION OF THE STATE MARSHAL COMMISSION AND THE STATE MARSHALS ADVISORY BOARD.,"To promote efficiencies in the duties undertaken by state marshals, the State Marshal Commission and the State Marshal Advisory Board.","Rep. Eleni Kavros DeGraw, 17th Dist.; Sen. Julie Kushner, 24th Dist.; Sen. Jorge Cabrera, 17th Dist.; Sen. Heather S. Somers, 18th Dist.",(JUD),ftp://ftp.cga.ct.gov/2024/cbs/h/HB-5379.HTM,https://www.cga.ct.gov/2024/TOB/h/pdf/2024HB-05379-R00-HB.pdf
HB-5380.HTM,2024,Raised Bill,Judiciary Committee,AN ACT CONCERNING THE COMPOSITION OF THE JUDICIAL SELECTION COMMISSION AND DECISIONS RENDERED BY SAID COMMISSION.,"To revise statutory provisions concerning: (1) The composition of the Judicial Selection Commission, and (2) certain internal operational procedures concerning decisions issued by said commission.","Rep. Henry J. Genga, 10th Dist.; ",(JUD),ftp://ftp.cga.ct.gov/2024/cbs/h/HB-5380.HTM,https://www.cga.ct.gov/2024/TOB/h/pdf/2024HB-05380-R00-HB.pdf
HB-5381.HTM,2024,Raised Bill,Judiciary Committee,AN ACT CONCERNING THE USE OF POLICE BODY-WORN RECORDING EQUIPMENT.,To clarify under which circumstances an officer shall not pause body-worn recording equipment.,"Rep. Maryam Khan, 5th Dist.; Rep. Travis Simms, 140th Dist.; Rep. Susan M. Johnson, 49th Dist.; Rep. Aundre Bumgardner, 41st Dist.; Rep. David Michel, 146th Dist.; Rep. Bobby G. Gibson, 15th Dist.; Rep. Joshua M. Hall, 7th Dist.; Rep. Hilda E. Santiago, 84th Dist.; Rep. Karen Reddington-Hughes, 66th Dist.; Rep. Hubert D. Delany, 144th Dist.; Rep. Martin Foncello, 107th Dist.; Sen. Lisa Seminara, 8th Dist.",(JUD),ftp://ftp.cga.ct.gov/2024/cbs/h/HB-5381.HTM,https://www.cga.ct.gov/2024/TOB/h/pdf/2024HB-05381-R00-HB.pdf
HB-5382.HTM,2024,Raised Bill,Committee on Children,AN ACT CONCERNING THE RECOMMENDATIONS OF THE OFFICE OF THE CHILD ADVOCATE.,"To require the Child Advocate to review the statutes, policies and procedures of the Department of Children and Families.","Rep. Jane M. Garibay, 60th Dist.; Sen. Saud Anwar, 3rd Dist.; Sen. Tony Hwang, 28th Dist.; Rep. Martin Foncello, 107th Dist.; Sen. Lisa Seminara, 8th Dist.; Sen. Jeff Gordon, 35th Dist.",(KID),ftp://ftp.cga.ct.gov/2024/cbs/h/HB-5382.HTM,https://www.cga.ct.gov/2024/TOB/h/pdf/2024HB-05382-R00-HB.pdf
HB-5383.HTM,2024,Raised Bill,Committee on Children,AN ACT REQUIRING A REVIEW OF STATE AGENCY PRACTICES AND PROCEDURES IN CERTAIN GUARDIANSHIP PROCEEDINGS.,To require the Commissioner of Children and Families to conduct a study to determine whether policy and procedural changes within the Department of Children and Families may increase the safety of children.,"Rep. Geraldo C. Reyes, 75th Dist.; ",(KID),ftp://ftp.cga.ct.gov/2024/cbs/h/HB-5383.HTM,https://www.cga.ct.gov/2024/TOB/h/pdf/2024HB-05383-R00-HB.pdf
HB-5384.HTM,2024,Raised Bill,Labor and Public Employees Committee,AN ACT CONCERNING THE NUMBER OF WAGE AND HOUR INSPECTORS AT THE LABOR DEPARTMENT.,To increase the number of wage and hour inspectors at the Labor Department in order to monitor the increasing number of wage theft complaints in the state.,"Rep. Josh Elliott, 88th Dist.; ",(LAB),ftp://ftp.cga.ct.gov/2024/cbs/h/HB-5384.HTM,https://www.cga.ct.gov/2024/TOB/h/pdf/2024HB-05384-R00-HB.pdf
HB-5385.HTM,2024,Raised Bill,Labor and Public Employees Committee,AN ACT STUDYING THE ESTABLISHMENT OF A FULL EMPLOYMENT TRUST FUND.,To require the Labor Commissioner to conduct a study regarding the establishment of a full employment trust fund in order to provide funding to existing employment opportunities and job-training programs or to create new employment opportunities and job-training programs.,,(LAB),ftp://ftp.cga.ct.gov/2024/cbs/h/HB-5385.HTM,https://www.cga.ct.gov/2024/TOB/h/pdf/2024HB-05385-R00-HB.pdf
HB-5386.HTM,2024,Raised Bill,Labor and Public Employees Committee,"AN ACT REQUIRING NOTICE OF AN OBJECTION, DISCONTINUANCE OR REDUCTION OF PRESCRIPTION MEDICATION UNDER A WORKERS' COMPENSATION CLAIM.","To require employers or insurers acting on behalf of employees to (1) provide notice of a proposed discontinuance or reduction of coverage of an employee's prescription medication, and (2) obtain approval from an administrative law judge before such discontinuance or reduction takes effect.","Sen. Martin M. Looney, 11th Dist.; ",(LAB),ftp://ftp.cga.ct.gov/2024/cbs/h/HB-5386.HTM,https://www.cga.ct.gov/2024/TOB/h/pdf/2024HB-05386-R00-HB.pdf
HB-5387.HTM,2024,Raised Bill,Labor and Public Employees Committee,AN ACT CONCERNING STATE EMPLOYEE VACATION TIME.,To require the Commissioner of Administrative Services to study the policies on the transfer of state employees' unused vacation time.,,(LAB),ftp://ftp.cga.ct.gov/2024/cbs/h/HB-5387.HTM,https://www.cga.ct.gov/2024/TOB/h/pdf/2024HB-05387-R00-HB.pdf
HB-5388.HTM,2024,Raised Bill,Labor and Public Employees Committee,AN ACT CONCERNING HAZARD PENSIONS FOR CERTAIN JUDICIAL EMPLOYEES.,"To add investigators in the Division of Public Defender Services and support service investigators to the definition of ""hazardous duty member"" for purposes of the State Employees Retirement Act.","Rep. Geraldo C. Reyes, 75th Dist.; Rep. Larry B. Butler, 72nd Dist.",(LAB),ftp://ftp.cga.ct.gov/2024/cbs/h/HB-5388.HTM,https://www.cga.ct.gov/2024/TOB/h/pdf/2024HB-05388-R00-HB.pdf
HB-5389.HTM,2024,Raised Bill,Labor and Public Employees Committee,AN ACT REQUIRING STATE EMPLOYEES IN HUMAN SERVICE ROLES TO WORK ON-SITE.,To require state employees who work in human service roles to work on-site under certain circumstances.,"Rep. Greg S. Howard, 43rd Dist.; ",(LAB),ftp://ftp.cga.ct.gov/2024/cbs/h/HB-5389.HTM,https://www.cga.ct.gov/2024/TOB/h/pdf/2024HB-05389-R00-HB.pdf
HB-5390.HTM,2024,Raised Bill,Planning and Development Committee,AN ACT CONCERNING TRANSIT-ORIENTED COMMUNITIES.,"To (1) provide financial incentives for municipalities that adopt certain transit-oriented development policies and to coordinate related state funds through the Office of Responsible Growth, (2) establish the interagency council on housing development, (3) direct the State Responsible Growth Coordinator to establish a fund for the expansion of water and sewerage infrastructure, (4) to allow the coordinator to provide additional funding for certain infrastructure projects, and (5) to include transit-oriented districts in the definition of housing growth zones.","Sen. Saud Anwar, 3rd Dist.; Rep. Josh Elliott, 88th Dist.; Rep. Geoff Luxenberg, 12th Dist.; Rep. Kate Farrar, 20th Dist.; Rep. Mary M. Mushinsky, 85th Dist.; Rep. Christine Palm, 36th Dist.; Rep. Jason Rojas, 9th Dist.; Rep. Christopher Rosario, 128th Dist.; Sen. MD Rahman, 4th Dist.; Rep. Anthony L. Nolan, 39th Dist.; Rep. Antonio Felipe, 130th Dist.; Rep. Jane M. Garibay, 60th Dist.; Rep. Geraldo C. Reyes, 75th Dist.; Rep. Peter A. Tercyak, 26th Dist.; Rep. Roland J. Lemar, 96th Dist.; Rep. Aundre Bumgardner, 41st Dist.; Sen. Julie Kushner, 24th Dist.; ",(PD),ftp://ftp.cga.ct.gov/2024/cbs/h/HB-5390.HTM,https://www.cga.ct.gov/2024/TOB/h/pdf/2024HB-05390-R00-HB.pdf
HB-5391.HTM,2024,Raised Bill,Planning and Development Committee,AN ACT ESTABLISHING THE HOUSING DENSITY RATING PROGRAM.,To establish the housing density rating program to encourage municipalities to adopt zoning regulations that allow for the development of greater housing density.,,(PD),ftp://ftp.cga.ct.gov/2024/cbs/h/HB-5391.HTM,https://www.cga.ct.gov/2024/TOB/h/pdf/2024HB-05391-R00-HB.pdf
HB-5392.HTM,2024,Raised Bill,Planning and Development Committee,AN ACT EXEMPTING CERTAIN VACANT LOTS FROM CONFORMANCE WITH CHANGES IN ZONING REGULATIONS.,To specify that certain vacant lots shall not be required to conform with changes in zoning regulations adopted after the approval of a subdivision or resubdivision plan.,"Rep. Greg S. Howard, 43rd Dist.; ",(PD),ftp://ftp.cga.ct.gov/2024/cbs/h/HB-5392.HTM,https://www.cga.ct.gov/2024/TOB/h/pdf/2024HB-05392-R00-HB.pdf
HB-5393.HTM,2024,Raised Bill,Planning and Development Committee,AN ACT CONCERNING CERTAIN ADJUSTMENTS TO GROSS ASSESSMENTS OF TAXABLE REAL PROPERTY.,To limit the ability of tax assessors to increase or decrease gross property tax assessments following the modification of any such assessments.,"Rep. Carol Hall, 59th Dist.; Rep. Tom Delnicki, 14th Dist.",(PD),ftp://ftp.cga.ct.gov/2024/cbs/h/HB-5393.HTM,https://www.cga.ct.gov/2024/TOB/h/pdf/2024HB-05393-R00-HB.pdf
HB-5394.HTM,2024,Raised Bill,Planning and Development Committee,AN ACT CONCERNING THE ORGANIZATION AND OPERATION OF THE METROPOLITAN DISTRICT OF HARTFORD COUNTY.,"To (1) require annual audits of the Metropolitan District Commission by the Auditors of Public Accounts, (2) establish a task force to examine the organization and operation of the Metropolitan District Commission, (3) require the board of commissioners of the Metropolitan District Commission to adopt, administer and enforce a model code of ethics for municipalities and special districts, and (4) permit commissioners from nonmember municipalities to vote on water rates applicable to nonmember municipalities.","Rep. Tom Delnicki, 14th Dist.; ",(PD),ftp://ftp.cga.ct.gov/2024/cbs/h/HB-5394.HTM,https://www.cga.ct.gov/2024/TOB/h/pdf/2024HB-05394-R00-HB.pdf
HB-5395.HTM,2024,Raised Bill,Planning and Development Committee,AN ACT REQUIRING DISCLOSURE OF MASS REAL PROPERTY APPRAISAL METHODS.,To require assessors to provide a description of the mass appraisal method used to conduct a real property revaluation upon request of the owner of such real property.,,(PD),ftp://ftp.cga.ct.gov/2024/cbs/h/HB-5395.HTM,https://www.cga.ct.gov/2024/TOB/h/pdf/2024HB-05395-R00-HB.pdf
HB-5396.HTM,2024,Raised Bill,Planning and Development Committee,AN ACT LIMITING THE ASSESSMENT OF INTEREST ON CERTAIN DELINQUENT PROPERTY TAX PAYMENTS.,To limit the amount of interest charged on certain delinquent property tax payments and installments thereof to twelve per cent of the principal amount owed.,"Rep. Geraldo C. Reyes, 75th Dist.; ",(PD),ftp://ftp.cga.ct.gov/2024/cbs/h/HB-5396.HTM,https://www.cga.ct.gov/2024/TOB/h/pdf/2024HB-05396-R00-HB.pdf
HB-5397.HTM,2024,Raised Bill,Public Safety and Security Committee,AN ACT CONCERNING EMERGENCY INTERVENTION BY A POLICE OFFICER WHEN A PERSON IS INCAPACITATED BY DRUGS OR DUE TO A MEDICAL EMERGENCY.,"To allow a police officer, with approval of a medical control official, to take a person who appears to be incapacitated by drugs or due to a medical emergency into protective custody and have such person brought to a treatment facility or hospital.","Rep. Craig C. Fishbein, 90th Dist.; ",(PS),ftp://ftp.cga.ct.gov/2024/cbs/h/HB-5397.HTM,https://www.cga.ct.gov/2024/TOB/h/pdf/2024HB-05397-R00-HB.pdf
HB-5398.HTM,2024,Raised Bill,Public Safety and Security Committee,AN ACT REQUIRING A STUDY OF COMMUNICATION SYSTEMS USED BY PUBLIC SAFETY PERSONNEL AND PRIVACY CONCERNS.,To require a study of the use of communication systems by public safety personnel and the sharing of private information.,"Rep. Eleni Kavros DeGraw, 17th Dist.; Rep. William Pizzuto, 71st Dist.; Rep. Tom O'Dea, 125th Dist.; Rep. Irene M. Haines, 34th Dist.; Rep. Martin Foncello, 107th Dist.; ",(PS),ftp://ftp.cga.ct.gov/2024/cbs/h/HB-5398.HTM,https://www.cga.ct.gov/2024/TOB/h/pdf/2024HB-05398-R00-HB.pdf
HB-5399.HTM,2024,Raised Bill,Public Safety and Security Committee,AN ACT CONCERNING THE CRIMINAL JUSTICE RESPONSE TO VICTIMS OF SEXUAL ASSAULT.,"To (1) establish a council to develop a model policy related to the criminal justice response to sexual assault and require distribution of such policy to law enforcement units, (2) establish responsibilities of a peace officer at the scene of a sexual assault incident, and (3) require development and distribution of information about services for victims of sexual assault.","Rep. Maryam Khan, 5th Dist.; Rep. Eleni Kavros DeGraw, 17th Dist.; Rep. Anne M. Hughes, 135th Dist.; Rep. Aimee Berger-Girvalo, 111th Dist.; Rep. Kate Farrar, 20th Dist.; Sen. Ceci Maher, 26th Dist.; Rep. Josh Elliott, 88th Dist.; Rep. Mary Welander, 114th Dist.; Rep. Christine Palm, 36th Dist.; Rep. Michael D Quinn, 82nd Dist.; Rep. Gary A. Turco, 27th Dist.; Rep. David Michel, 146th Dist.; Sen. MD Rahman, 4th Dist.; Rep. Corey P. Paris, 145th Dist.; Rep. John-Michael Parker, 101st Dist.; Rep. Tom Delnicki, 14th Dist.; Rep. Robin E. Comey, 102nd Dist.; Rep. Jillian Gilchrest, 18th Dist.; Rep. Jennifer Leeper, 132nd Dist.; Rep. Jaime S. Foster, 57th Dist.; Sen. Herron Gaston, 23rd Dist.; Rep. Aundre Bumgardner, 41st Dist.; Rep. Ben McGorty, 122nd Dist.; Rep. Nicole Klarides-Ditria, 105th Dist.; Rep. Cristin McCarthy Vahey, 133rd Dist.; Rep. Holly H. Cheeseman, 37th Dist.; Rep. Robyn A. Porter, 94th Dist.; Rep. Rachel Chaleski, 138th Dist.; Rep. Mitch Bolinsky, 106th Dist.; Rep. Lucy Dathan, 142nd Dist.; Rep. Mark W Anderson, 62nd Dist.; Rep. Kara Rochelle, 104th Dist.; Rep. Karen Reddington-Hughes, 66th Dist.; Rep. Irene M. Haines, 34th Dist.; Rep. Melissa Osborne, 16th Dist.; Rep. Dominique Johnson, 143rd Dist.; Rep. Tony J Scott, 112th Dist.; Rep. Tim Ackert, 8th Dist.; Rep. Patrick S. Boyd, 50th Dist.; Sen. Julie Kushner, 24th Dist.; Sen. Christine Cohen, 12th Dist.; Sen. Patricia Billie Miller, 27th Dist.; Rep. Anthony L. Nolan, 39th Dist.; Rep. James Sanchez, 6th Dist.; Sen. Martha Marx, 20th Dist.; Rep. Hubert D. Delany, 144th Dist.; Rep. Tammy Nuccio, 53rd Dist.; Rep. Lezlye Zupkus, 89th Dist.; Sen. Heather S. Somers, 18th Dist.; Rep. Donna Veach, 30th Dist.; Rep. Kathy Kennedy, 119th Dist.; Rep. Martin Foncello, 107th Dist.; Sen. Rob Sampson, 16th Dist.; Sen. John A. Kissel, 7th Dist.; Rep. Patricia A. Dillon, 92nd Dist.; Sen. Lisa Seminara, 8th Dist.; Rep. Matt Blumenthal, 147th Dist.; Sen. Paul Cicarella, 34th Dist.; Sen. Jeff Gordon, 35th Dist.; ",(PS),ftp://ftp.cga.ct.gov/2024/cbs/h/HB-5399.HTM,https://www.cga.ct.gov/2024/TOB/h/pdf/2024HB-05399-R00-HB.pdf
HB-5400.HTM,2024,Raised Bill,Public Safety and Security Committee,AN ACT REQUIRING A STUDY OF THE LAW RELATED TO THE SEARCH OF A MOTOR VEHICLE BY A POLICE OFFICER.,To require the Police Officer Standards and Training Council to study and make recommendations related to searches of motor vehicles by police officers.,"Rep. Craig C. Fishbein, 90th Dist.; Rep. Nicole Klarides-Ditria, 105th Dist.; Sen. Paul Cicarella, 34th Dist.; Rep. Greg S. Howard, 43rd Dist.; Rep. Jill Barry, 31st Dist.; ",(PS),ftp://ftp.cga.ct.gov/2024/cbs/h/HB-5400.HTM,https://www.cga.ct.gov/2024/TOB/h/pdf/2024HB-05400-R00-HB.pdf
HB-5401.HTM,2024,Raised Bill,Veterans' and Military Affairs Committee,AN ACT CONCERNING CREDIT FOR MILITARY SERVICE UNDER THE MUNICIPAL EMPLOYEES' RETIREMENT SYSTEM.,"To allow municipal employees, who served one or more days in the armed forces during a period of war, to purchase credit in the Municipal Employees' Retirement System for such period of service.","Rep. Christopher Poulos, 81st Dist.; Rep. Anthony L. Nolan, 39th Dist.; Rep. Aundre Bumgardner, 41st Dist.; Rep. Martin Foncello, 107th Dist.",(VA),ftp://ftp.cga.ct.gov/2024/cbs/h/HB-5401.HTM,https://www.cga.ct.gov/2024/TOB/h/pdf/2024HB-05401-R00-HB.pdf
HB-5402.HTM,2024,Raised Bill,Veterans' and Military Affairs Committee,AN ACT EXCLUDING FROM VETERANS' INCOME CALCULATIONS CERTAIN BENEFITS PAYMENTS FOR PURPOSES OF ELIGIBILITY FOR CERTAIN STATE AND MUNICIPAL PROGRAMS.,To exclude from veterans' income calculations certain benefits payments for purposes of eligibility for certain state and municipal programs.,"Rep. Anthony L. Nolan, 39th Dist.; Rep. Geraldo C. Reyes, 75th Dist.",(VA),ftp://ftp.cga.ct.gov/2024/cbs/h/HB-5402.HTM,https://www.cga.ct.gov/2024/TOB/h/pdf/2024HB-05402-R00-HB.pdf
HB-5403.HTM,2024,Raised Bill,Veterans' and Military Affairs Committee,AN ACT CONCERNING MILITARY PROTECTION ORDERS AND OTHER INTERPERSONAL VIOLENCE PROTECTIONS.,"To (1) require state courts to extend full faith and credit to military protection orders, (2) include under the crime of harassment in the second degree certain conduct engaged in by current or former members of the National Guard, and (3) provide financial assistance to certain victims of sexual assault or sexual harassment for certain costs associated with participating in administrative or court-martial proceedings.","Rep. Robyn A. Porter, 94th Dist.; Rep. Anthony L. Nolan, 39th Dist.",(VA),ftp://ftp.cga.ct.gov/2024/cbs/h/HB-5403.HTM,https://www.cga.ct.gov/2024/TOB/h/pdf/2024HB-05403-R00-HB.pdf
HB-5404.HTM,2024,Raised Bill,Veterans' and Military Affairs Committee,AN ACT CONCERNING MILITARY TRAINING AND EXPERIENCE AND THE DRIVER'S LICENSE ENDORSEMENT TO OPERATE FIRE APPARATUS.,"To provide that, for any veteran or member of the armed forces who has military fire department training and experience related to operation of fire apparatus, the requirements for a ""Q"" driver's license endorsement shall be waived on submission of certain evidence that such veteran or member possesses the skills necessary for operation of fire apparatus.","Rep. Brian Lanoue, 45th Dist.; Rep. Irene M. Haines, 34th Dist.; Rep. Anthony L. Nolan, 39th Dist.; Rep. Bill Buckbee, 67th Dist.; Rep. Tami Zawistowski, 61st Dist.; Rep. Geraldo C. Reyes, 75th Dist.; Rep. Kurt Vail, 52nd Dist.; Rep. Amy Morrin Bello, 28th Dist.; Rep. Aimee Berger-Girvalo, 111th Dist.; Rep. Mary Welander, 114th Dist.; Rep. Eleni Kavros DeGraw, 17th Dist.; Rep. Devin R. Carney, 23rd Dist.; Rep. Kate Farrar, 20th Dist.; Rep. Ben McGorty, 122nd Dist.; Rep. Tom Delnicki, 14th Dist.; Rep. Tammy Nuccio, 53rd Dist.; Rep. Tim Ackert, 8th Dist.; Rep. Laura Dancho, 120th Dist.; Rep. William Pizzuto, 71st Dist.; Rep. Holly H. Cheeseman, 37th Dist.; Rep. David Rutigliano, 123rd Dist.; Rep. Seth Bronko, 70th Dist.; Rep. Martin Foncello, 107th Dist.; Rep. Dave W. Yaccarino, 87th Dist.; Rep. Carol Hall, 59th Dist.; Rep. Tracy Marra, 141st Dist.; Rep. Kevin Ryan, 139th Dist.; Rep. Patrick S. Boyd, 50th Dist.; Rep. Chris Aniskovich, 35th Dist.; Rep. Lezlye Zupkus, 89th Dist.; Rep. Christie M. Carpino, 32nd Dist.; Sen. Heather S. Somers, 18th Dist.; Rep. Francis Cooley, 22nd Dist.; Rep. Donna Veach, 30th Dist.; Rep. Kathy Kennedy, 119th Dist.; Rep. Matt Blumenthal, 147th Dist.; Sen. Lisa Seminara, 8th Dist.; ",(VA),ftp://ftp.cga.ct.gov/2024/cbs/h/HB-5404.HTM,https://www.cga.ct.gov/2024/TOB/h/pdf/2024HB-05404-R00-HB.pdf
HB-5405.HTM,2024,Raised Bill,Veterans' and Military Affairs Committee,AN ACT ESTABLISHING A TASK FORCE TO STUDY THE PROVISION OF ADDITIONAL PROPERTY TAX EXEMPTIONS FOR VETERANS.,To establish a task force to study providing a property tax exemption to certain permanently and totally disabled veterans.,"Sen. Tony Hwang, 28th Dist.; Rep. Anthony L. Nolan, 39th Dist.; Rep. Cara Christine Pavalock-D'Amato, 77th Dist.; ",(VA),ftp://ftp.cga.ct.gov/2024/cbs/h/HB-5405.HTM,https://www.cga.ct.gov/2024/TOB/h/pdf/2024HB-05405-R00-HB.pdf
HB-5406.HTM,2024,Raised Bill,Energy and Technology Committee,AN ACT ESTABLISHING A TASK FORCE TO STUDY TRANSMISSION AND GRID ENHANCING TECHNOLOGIES.,To create a task force to study transmission and grid enhancing technologies.,,(ET),ftp://ftp.cga.ct.gov/2024/cbs/h/HB-5406.HTM,https://www.cga.ct.gov/2024/TOB/h/pdf/2024HB-05406-R00-HB.pdf
HB-5407.HTM,2024,Raised Bill,Government Administration and Elections Committee,"AN ACT DEFINING ""DEPENDENT CHILD"" FOR PURPOSES OF THE STATE CODE OF ETHICS FOR PUBLIC OFFICIALS AND CONCERNING THE EXERCISE OF JURISDICTION OVER NONRESIDENTS BY THE OFFICE OF STATE ETHICS.","To define ""dependent child"" for purposes of the State Code of Ethics for public officials and clarify the ability of the Office of State Ethics to exercise personal jurisdiction over nonresidents.","Rep. Tom Delnicki, 14th Dist.; Rep. Martin Foncello, 107th Dist.; Sen. Lisa Seminara, 8th Dist.; Rep. Matt Blumenthal, 147th Dist.",(GAE),ftp://ftp.cga.ct.gov/2024/cbs/h/HB-5407.HTM,https://www.cga.ct.gov/2024/TOB/h/pdf/2024HB-05407-R00-HB.pdf
HB-5408.HTM,2024,Raised Bill,Government Administration and Elections Committee,AN ACT CONCERNING THE PURCHASE OF PRINT AND DIGITAL ADVERTISING BY THE STATE.,To require executive branch state agencies to purchase a certain percentage of procured print or digital advertising from in-state commercial or nonprofit news publishers.,"Sen. Matthew L. Lesser, 9th Dist.; Rep. Keith Denning, 42nd Dist.; Rep. Kate Farrar, 20th Dist.; Rep. Kevin Brown, 56th Dist.; Sen. Ceci Maher, 26th Dist.; Rep. Amy Morrin Bello, 28th Dist.; Rep. Josh Elliott, 88th Dist.; Rep. Matt Blumenthal, 147th Dist.; Rep. Hubert D. Delany, 144th Dist.; Rep. David Michel, 146th Dist.",(GAE),ftp://ftp.cga.ct.gov/2024/cbs/h/HB-5408.HTM,https://www.cga.ct.gov/2024/TOB/h/pdf/2024HB-05408-R00-HB.pdf
HB-5409.HTM,2024,Raised Bill,Government Administration and Elections Committee,"AN ACT DESIGNATING VARIOUS DAYS, WEEKS AND MONTHS.",To designate various days and weeks and revise existing designations.,"Rep. Tammy R. Exum, 19th Dist.; Rep. Corey P. Paris, 145th Dist.; Sen. Patricia Billie Miller, 27th Dist.; Rep. Christopher Rosario, 128th Dist.; Rep. Jason Rojas, 9th Dist.; Rep. Cristin McCarthy Vahey, 133rd Dist.; Rep. Anthony L. Nolan, 39th Dist.; Rep. Tami Zawistowski, 61st Dist.; Rep. Raghib Allie-Brennan, 2nd Dist.; Sen. Rob Sampson, 16th Dist.; Rep. Francis Cooley, 22nd Dist.; Rep. Joshua M. Hall, 7th Dist.; Rep. Laura Dancho, 120th Dist.; Rep. Jane M. Garibay, 60th Dist.; Rep. Eleni Kavros DeGraw, 17th Dist.; Rep. Geraldo C. Reyes, 75th Dist.; Rep. Amy Morrin Bello, 28th Dist.; Rep. Hubert D. Delany, 144th Dist.; Sen. Eric C. Berthel, 32nd Dist.; Rep. Bobby G. Gibson, 15th Dist.; Rep. Robyn A. Porter, 94th Dist.; Rep. Travis Simms, 140th Dist.; Sen. Lisa Seminara, 8th Dist.; Sen. Catherine A. Osten, 19th Dist.; Rep. Derell Wilson, 46th Dist.; Rep. Maryam Khan, 5th Dist.",(GAE),ftp://ftp.cga.ct.gov/2024/cbs/h/HB-5409.HTM,https://www.cga.ct.gov/2024/TOB/h/pdf/2024HB-05409-R00-HB.pdf
HB-5410.HTM,2024,Raised Bill,Government Administration and Elections Committee,AN ACT EXEMPTING INFORMATION CONCERNING CERTAIN VULNERABLE INDIVIDUALS FROM DISCLOSURE UNDER THE FREEDOM OF INFORMATION ACT.,"To exempt from disclosure under the Freedom of Information Act (1) records of an investigation or complaint of alleged sexual harassment or an alleged discriminatory practice or the name of a person providing information concerning such allegations, and (2) records contained within the registry of residents with cognitive challenges created by law enforcement for purposes of assisting in the recovery of missing or wandering persons.","Rep. Hubert D. Delany, 144th Dist.; Rep. Martin Foncello, 107th Dist.",(GAE),ftp://ftp.cga.ct.gov/2024/cbs/h/HB-5410.HTM,https://www.cga.ct.gov/2024/TOB/h/pdf/2024HB-05410-R00-HB.pdf
HB-5411.HTM,2024,Raised Bill,Judiciary Committee,AN ACT CONCERNING REQUESTS FOR HEALTH RECORDS AND THE FEES CHARGED FOR ACCESS TO SUCH RECORDS.,To establish time and cost parameters relating to requests for health records.,"Rep. Michael D Quinn, 82nd Dist.; Rep. Tom O'Dea, 125th Dist.; Sen. Julie Kushner, 24th Dist.; ",(JUD),ftp://ftp.cga.ct.gov/2024/cbs/h/HB-5411.HTM,https://www.cga.ct.gov/2024/TOB/h/pdf/2024HB-05411-R00-HB.pdf
HB-5412.HTM,2024,Raised Bill,Judiciary Committee,AN ACT CONCERNING IDENTIFICATION AND CITIZENSHIP STATUS INFORMATION REQUESTED IN OBTAINING A MARRIAGE LICENSE.,To reconcile the statute and regulation concerning the request of a Social Security number for identification for purposes of issuing a marriage license and prohibiting enquiries about citizenship status as part of such process.,"Rep. Michael D Quinn, 82nd Dist.; Rep. Hubert D. Delany, 144th Dist.; Rep. Geraldo C. Reyes, 75th Dist.; Rep. Hilda E. Santiago, 84th Dist.; Rep. Anabel D. Figueroa, 148th Dist.; ",(JUD),ftp://ftp.cga.ct.gov/2024/cbs/h/HB-5412.HTM,https://www.cga.ct.gov/2024/TOB/h/pdf/2024HB-05412-R00-HB.pdf
HB-5413.HTM,2024,Raised Bill,Judiciary Committee,AN ACT CONCERNING THE ILLEGAL USE OF CERTAIN VEHICLES AND STREET TAKEOVERS.,"To (1) revise provisions regarding forfeiture of certain illegally used vehicles, (2) authorize municipalities to adopt an ordinance related to street takeovers, (3) establish penalties for driving while a person's license is suspended or revoked due to a violation related to a street takeover, and (4) establish a grant program to provide funds to municipalities to enforce laws related to street takeovers and the illegal use of certain vehicles.","Rep. Craig C. Fishbein, 90th Dist.; Rep. Dave W. Yaccarino, 87th Dist.; Rep. Christine Conley, 40th Dist.; Rep. Nicole Klarides-Ditria, 105th Dist.; Rep. Holly H. Cheeseman, 37th Dist.; Rep. Raghib Allie-Brennan, 2nd Dist.; Rep. Gary A. Turco, 27th Dist.; Rep. William Pizzuto, 71st Dist.; Rep. Jason Rojas, 9th Dist.; Rep. Juan R. Candelaria, 95th Dist.; Rep. Mary Welander, 114th Dist.; Rep. Larry B. Butler, 72nd Dist.; Rep. Tom Delnicki, 14th Dist.; Rep. Seth Bronko, 70th Dist.; Rep. Michael D Quinn, 82nd Dist.; Rep. David Rutigliano, 123rd Dist.; Rep. Mitch Bolinsky, 106th Dist.; Rep. Farley Santos, 109th Dist.; Rep. Bob Godfrey, 110th Dist.; Rep. Christopher Poulos, 81st Dist.; Rep. Ronald A. Napoli, 73rd Dist.; Rep. Joseph H. Zullo, 99th Dist.; Rep. Kara Rochelle, 104th Dist.; Rep. Fred Gee, 126th Dist.; Rep. Patricia A. Dillon, 92nd Dist.; Rep. Steve Weir, 55th Dist.; Rep. Irene M. Haines, 34th Dist.; Rep. Stephen R Meskers, 150th Dist.; Rep. Donna Veach, 30th Dist.; Rep. Christopher Rosario, 128th Dist.; Sen. Paul Cicarella, 34th Dist.; Rep. Gale L. Mastrofrancesco, 80th Dist.; Rep. Hilda E. Santiago, 84th Dist.; Rep. Peter A. Tercyak, 26th Dist.; Sen. Saud Anwar, 3rd Dist.; Rep. Lezlye Zupkus, 89th Dist.; Sen. Tony Hwang, 28th Dist.; Rep. Christie M. Carpino, 32nd Dist.; Rep. Anne Dauphinais, 44th Dist.; Rep. Patrick E. Callahan, 108th Dist.; Rep. Cara Christine Pavalock-D'Amato, 77th Dist.; Rep. Kathy Kennedy, 119th Dist.; Rep. Tracy Marra, 141st Dist.; Rep. Martin Foncello, 107th Dist.",(JUD),ftp://ftp.cga.ct.gov/2024/cbs/h/HB-5413.HTM,https://www.cga.ct.gov/2024/TOB/h/pdf/2024HB-05413-R00-HB.pdf
HB-5414.HTM,2024,Raised Bill,Judiciary Committee,"AN ACT CONCERNING ADDITIONAL LEGAL PROTECTIONS UNDER THE COMMISSION ON HUMAN RIGHTS AND OPPORTUNITIES STATUTES FOR VICTIMS OF SEXUAL ASSAULT, TRAFFICKING IN PERSONS AND STALKING.",To provide additional legal protections for victims of sexual assault.,"Rep. Kate Farrar, 20th Dist.; Rep. Tom Delnicki, 14th Dist.; Rep. Robin E. Comey, 102nd Dist.; Rep. Eleni Kavros DeGraw, 17th Dist.; Rep. Jillian Gilchrest, 18th Dist.; Rep. Aimee Berger-Girvalo, 111th Dist.; Rep. Geraldo C. Reyes, 75th Dist.; Rep. Kevin Brown, 56th Dist.; Rep. Susan M. Johnson, 49th Dist.; Rep. Gary A. Turco, 27th Dist.; Rep. Kerry S. Wood, 29th Dist.; Rep. Jane M. Garibay, 60th Dist.; Rep. Jennifer Leeper, 132nd Dist.; Rep. Melissa Osborne, 16th Dist.; Rep. Aundre Bumgardner, 41st Dist.; Rep. Cristin McCarthy Vahey, 133rd Dist.; Sen. Patricia Billie Miller, 27th Dist.; Rep. Robyn A. Porter, 94th Dist.; Rep. Anthony L. Nolan, 39th Dist.; Rep. James Sanchez, 6th Dist.; Rep. Hubert D. Delany, 144th Dist.; ",(JUD),ftp://ftp.cga.ct.gov/2024/cbs/h/HB-5414.HTM,https://www.cga.ct.gov/2024/TOB/h/pdf/2024HB-05414-R00-HB.pdf
HB-5415.HTM,2024,Raised Bill,Judiciary Committee,AN ACT CONCERNING THE ISSUANCE OF A STANDING CRIMINAL PROTECTIVE ORDER WHEN A PERSON IS FOUND NOT GUILTY BY REASON OF LACK OF CAPACITY DUE TO MENTAL DISEASE OR DEFECT.,To permit a court to issue a standing criminal protective order when a person is found not guilty by reason of lack of capacity due to mental disease or defect.,"Rep. Craig C. Fishbein, 90th Dist.; Sen. John A. Kissel, 7th Dist.; Sen. Rob Sampson, 16th Dist.; Rep. Tami Zawistowski, 61st Dist.",(JUD),ftp://ftp.cga.ct.gov/2024/cbs/h/HB-5415.HTM,https://www.cga.ct.gov/2024/TOB/h/pdf/2024HB-05415-R00-HB.pdf
HB-5416.HTM,2024,Raised Bill,Education Committee,AN ACT CONCERNING VARIOUS REVISIONS TO THE EDUCATION STATUTES.,"To (1) include the Greek genocide as part of the Holocaust and genocide education and awareness curriculum, (2) require the Department of Education to develop a plan to replace the current state-wide mastery examination, (3) allow teachers employed by Goodwin University Magnet Schools, Inc. or Goodwin University Educational Services, Inc. to be considered continuously employed, (4) amend the way crisis response drills are conducted in schools, (5) require the Department of Emergency Services and Public Protection to study the efficacy of crisis response drills, (6) include the town of Madison in the open choice program, (7) require receiving boards of education to include open choice grants in proposed revenue statements, (8) require the State Board of Education to study the method of addressing racial imbalances, (9) specify that the training program for administration of emergency first aid to students experiencing an allergic reaction is for students who do not have prior medical or parental authorization, (10) prohibit boards of education from requiring parental involvement as a condition for enrollment of students in a public school, (11) require regional community-technical colleges to consult with counselors and administrators at public high schools to establish partnerships, (12) allow providers of child care services that are exempt from licensing to administer epinephrine for the purposes of emergency first aid, (13) require the special education task force to administer a survey to special education teachers, paraeducators, administrators and parents or guardians of students receiving special education, and (14) require the Department of Education to notify each town of an estimate of the equalization aid grant amount such town may receive during the next fiscal year.","Rep. Eleni Kavros DeGraw, 17th Dist.; Rep. Jennifer Leeper, 132nd Dist.; Rep. Hector Arzeno, 151st Dist.; Rep. Sarah Keitt, 134th Dist.; Sen. Heather S. Somers, 18th Dist.; ",(ED),ftp://ftp.cga.ct.gov/2024/cbs/h/HB-5416.HTM,https://www.cga.ct.gov/2024/TOB/h/pdf/2024HB-05416-R00-HB.pdf
HB-5417.HTM,2024,Raised Bill,Education Committee,AN ACT CONCERNING PUBLIC SCHOOL LIBRARIES.,To require local and regional boards of education to state a reason for removing or restricting access to public school library materials and prohibiting such boards from removing or restricting access to such materials for certain reasons.,"Rep. Christopher Rosario, 128th Dist.; Rep. Susan M. Johnson, 49th Dist.; Sen. Martha Marx, 20th Dist.; Rep. Anthony L. Nolan, 39th Dist.",(ED),ftp://ftp.cga.ct.gov/2024/cbs/h/HB-5417.HTM,https://www.cga.ct.gov/2024/TOB/h/pdf/2024HB-05417-R00-HB.pdf
HB-5418.HTM,2024,Raised Bill,Judiciary Committee,AN ACT CONCERNING ELIGIBILITY FOR PARTICIPATION IN A PRETRIAL FAMILY VIOLENCE EDUCATION PROGRAM.,"To permit eligibility for participation in a pretrial family violence education program for persons charged with certain violations concerning risk of injury to, or impairing the morals of, a child, when good cause is shown for permitting such participation.","Rep. Craig C. Fishbein, 90th Dist.; Rep. Greg S. Howard, 43rd Dist.; Rep. Tim Ackert, 8th Dist.; Rep. Eleni Kavros DeGraw, 17th Dist.; Rep. Kathy Kennedy, 119th Dist.; Sen. Lisa Seminara, 8th Dist.",(JUD),ftp://ftp.cga.ct.gov/2024/cbs/h/HB-5418.HTM,https://www.cga.ct.gov/2024/TOB/h/pdf/2024HB-05418-R00-HB.pdf
HB-5419.HTM,2024,Raised Bill,Judiciary Committee,AN ACT CONCERNING THE AUTHORITY OF THE ATTORNEY GENERAL TO INITIATE LEGAL ACTIONS IN RESPONSE TO ALLEGED DISCRIMINATORY HOUSING PRACTICES.,To permit the Attorney General to bring legal actions in response to alleged discriminatory housing practices.,"Rep. Jason Rojas, 9th Dist.; Rep. Michael D Quinn, 82nd Dist.; Rep. Geraldo C. Reyes, 75th Dist.; Rep. Hilda E. Santiago, 84th Dist.; Rep. Anabel D. Figueroa, 148th Dist.; Rep. Peter A. Tercyak, 26th Dist.",(JUD),ftp://ftp.cga.ct.gov/2024/cbs/h/HB-5419.HTM,https://www.cga.ct.gov/2024/TOB/h/pdf/2024HB-05419-R00-HB.pdf
HB-5420.HTM,2024,Raised Bill,Judiciary Committee,AN ACT CONCERNING THE PROVISION OF CHILD SUPPORT TO CHILDREN UNDER THE AGE OF TWENTY-ONE.,To extend the child support obligation under section 46b-84 of the general statutes to children under the age of twenty-one years.,"Rep. Melissa Osborne, 16th Dist.; Rep. Josh Elliott, 88th Dist.; Rep. Marcus Brown, 127th Dist.; Rep. Rachel Khanna, 149th Dist.; Rep. Robyn A. Porter, 94th Dist.; Rep. Geoff Luxenberg, 12th Dist.",(JUD),ftp://ftp.cga.ct.gov/2024/cbs/h/HB-5420.HTM,https://www.cga.ct.gov/2024/TOB/h/pdf/2024HB-05420-R00-HB.pdf
HB-5421.HTM,2024,Raised Bill,Judiciary Committee,AN ACT CONCERNING UNLAWFUL DISSEMINATION OF INTIMATE IMAGES THAT ARE DIGITALLY ALTERED OR CREATED THROUGH THE USE OF ARTIFICIAL INTELLIGENCE.,To criminalize unauthorized dissemination of intimate images that are digitally altered or created through the use of artificial intelligence.,"Rep. Craig C. Fishbein, 90th Dist.; Rep. Holly H. Cheeseman, 37th Dist.; Rep. Christie M. Carpino, 32nd Dist.; Rep. Devin R. Carney, 23rd Dist.",(JUD),ftp://ftp.cga.ct.gov/2024/cbs/h/HB-5421.HTM,https://www.cga.ct.gov/2024/TOB/h/pdf/2024HB-05421-R00-HB.pdf
HB-5422.HTM,2024,Raised Bill,Judiciary Committee,AN ACT CONCERNING HATE AND BIAS CRIMES.,"To mandate for any person convicted of a hate or bias crime, participation in an anti-bias or diversity awareness program or in a program of community service designed to remedy damage caused by the commission of a bias crime or otherwise related to the defendant's violation, adjust the membership of the State-Wide Hate Crimes Advisory Council and require the council to examine and recommend legislative changes to the intent elements of hate crime statutes.","Rep. Maryam Khan, 5th Dist.; Rep. Susan M. Johnson, 49th Dist.; Rep. Aundre Bumgardner, 41st Dist.; Rep. Travis Simms, 140th Dist.; Rep. Geraldo C. Reyes, 75th Dist.; Rep. David Michel, 146th Dist.; Rep. Bobby G. Gibson, 15th Dist.; Rep. Kai J. Belton, 100th Dist.; Rep. Eleni Kavros DeGraw, 17th Dist.; Rep. Hubert D. Delany, 144th Dist.; Sen. Saud Anwar, 3rd Dist.; Sen. Tony Hwang, 28th Dist.; Sen. Julie Kushner, 24th Dist.; Rep. Kathy Kennedy, 119th Dist.; Rep. Martin Foncello, 107th Dist.; ",(JUD),ftp://ftp.cga.ct.gov/2024/cbs/h/HB-5422.HTM,https://www.cga.ct.gov/2024/TOB/h/pdf/2024HB-05422-R00-HB.pdf
HB-5423.HTM,2024,Raised Bill,Judiciary Committee,AN ACT CONCERNING FERTILITY FRAUD.,To prohibit a physician from knowingly using the physician's own sperm to inseminate a patient without the patient's consent and create a cause of action against a physician who engages in such conduct.,"Rep. Donna Veach, 30th Dist.; Rep. Mitch Bolinsky, 106th Dist.",(JUD),ftp://ftp.cga.ct.gov/2024/cbs/h/HB-5423.HTM,https://www.cga.ct.gov/2024/TOB/h/pdf/2024HB-05423-R00-HB.pdf
HB-5424.HTM,2024,Raised Bill,Public Health Committee,AN ACT PROHIBITING ADVERSE ACTIONS AGAINST HEALTH CARE PROVIDERS FOR PROVIDING CERTAIN HEALTH CARE SERVICES.,To prohibit adverse actions against health care providers for providing certain health care services.,"Sen. Saud Anwar, 3rd Dist.; Rep. Eleni Kavros DeGraw, 17th Dist.; Rep. Gary A. Turco, 27th Dist.; Rep. Josh Elliott, 88th Dist.; Rep. Aimee Berger-Girvalo, 111th Dist.; Rep. Raghib Allie-Brennan, 2nd Dist.; Rep. Robin E. Comey, 102nd Dist.; Rep. David Michel, 146th Dist.; Rep. Susan M. Johnson, 49th Dist.; Rep. Hubert D. Delany, 144th Dist.; Rep. Julio A. Concepcion, 4th Dist.; Sen. Catherine A. Osten, 19th Dist.; Sen. Julie Kushner, 24th Dist.; ",(PH),ftp://ftp.cga.ct.gov/2024/cbs/h/HB-5424.HTM,https://www.cga.ct.gov/2024/TOB/h/pdf/2024HB-05424-R00-HB.pdf
HB-5425.HTM,2024,Raised Bill,Public Health Committee,AN ACT CONCERNING MEN'S HEALTH.,To establish a pilot program to support community-based screening and education for common diseases affecting high-risk male populations.,"Rep. Christopher Rosario, 128th Dist.; Rep. Geraldo C. Reyes, 75th Dist.; Rep. Juan R. Candelaria, 95th Dist.; Rep. James Sanchez, 6th Dist.; Rep. Anabel D. Figueroa, 148th Dist.; Rep. Julio A. Concepcion, 4th Dist.; Rep. Sarah Keitt, 134th Dist.; Rep. Hector Arzeno, 151st Dist.; Rep. Aimee Berger-Girvalo, 111th Dist.; Rep. John-Michael Parker, 101st Dist.; Rep. Robert Sanchez, 25th Dist.; Rep. Anthony L. Nolan, 39th Dist.; Rep. Bobby G. Gibson, 15th Dist.; Rep. Larry B. Butler, 72nd Dist.",(PH),ftp://ftp.cga.ct.gov/2024/cbs/h/HB-5425.HTM,https://www.cga.ct.gov/2024/TOB/h/pdf/2024HB-05425-R00-HB.pdf
HB-5426.HTM,2024,Raised Bill,Human Services Committee,AN ACT CONCERNING ENERGY ASSISTANCE STUDIES AND FUEL VENDOR REIMBURSEMENT.,"To study and implement changes necessary to ensure a fair compensation system for deliverable fuel vendors in the Low-Income Home Energy Assistance Program without negatively affecting program participants, to study the benefits and costs of bulk fuel purchases for the program and to establish a common benefits and application portal.","Rep. Jaime S. Foster, 57th Dist.; Rep. Raghib Allie-Brennan, 2nd Dist.; Rep. Tom Delnicki, 14th Dist.; Rep. Martin Foncello, 107th Dist.; Sen. Lisa Seminara, 8th Dist.; Rep. Matt Blumenthal, 147th Dist.; Sen. Eric C. Berthel, 32nd Dist.; Sen. Jeff Gordon, 35th Dist.",(HS),ftp://ftp.cga.ct.gov/2024/cbs/h/HB-5426.HTM,https://www.cga.ct.gov/2024/TOB/h/pdf/2024HB-05426-R00-HB.pdf
HB-5427.HTM,2024,Raised Bill,Human Services Committee,AN ACT CONCERNING NONEMERGENCY MEDICAL TRANSPORTATION.,To require drivers providing nonemergency medical transportation to be licensed operators of motor vehicles used for passenger transportation.,,(HS),ftp://ftp.cga.ct.gov/2024/cbs/h/HB-5427.HTM,https://www.cga.ct.gov/2024/TOB/h/pdf/2024HB-05427-R00-HB.pdf
HB-5428.HTM,2024,Raised Bill,Appropriations Committee,AN ACT REQUIRING THE DEPARTMENT OF CHILDREN AND FAMILIES TO REPORT ON PROGRAM UTILIZATION.,To require the Department of Children and Families to report on program utilization.,"Rep. William Pizzuto, 71st Dist.; Rep. Craig C. Fishbein, 90th Dist.; Rep. Martin Foncello, 107th Dist.; Sen. Lisa Seminara, 8th Dist.",(APP),ftp://ftp.cga.ct.gov/2024/cbs/h/HB-5428.HTM,https://www.cga.ct.gov/2024/TOB/h/pdf/2024HB-05428-R00-HB.pdf
HB-5429.HTM,2024,Raised Bill,Appropriations Committee,AN ACT CONCERNING THE COMMISSARY IMPLEMENTATION PLAN FOR YOUTH IN DEPARTMENT OF CORRECTION FACILITIES.,To require a report on the implementation of the commissary plan for youth in Department of Correction facilities.,"Rep. Craig C. Fishbein, 90th Dist.; Rep. William Pizzuto, 71st Dist.; Rep. Martin Foncello, 107th Dist.; Sen. Lisa Seminara, 8th Dist.; Sen. Paul Cicarella, 34th Dist.; ",(APP),ftp://ftp.cga.ct.gov/2024/cbs/h/HB-5429.HTM,https://www.cga.ct.gov/2024/TOB/h/pdf/2024HB-05429-R00-HB.pdf
HB-5430.HTM,2024,Raised Bill,Appropriations Committee,AN ACT CONCERNING A STUDY OF MIGRAINE TREATMENT FOR WOMEN AND VETERANS.,To require The University of Connecticut Health Center to study migraine treatment for women and veterans.,"Rep. Anthony L. Nolan, 39th Dist.; Rep. Martin Foncello, 107th Dist.; Rep. Kara Rochelle, 104th Dist.; Rep. William Pizzuto, 71st Dist.; Rep. Patricia A. Dillon, 92nd Dist.; Rep. Christie M. Carpino, 32nd Dist.; Rep. Bill Buckbee, 67th Dist.; Rep. Hubert D. Delany, 144th Dist.; Sen. Lisa Seminara, 8th Dist.; Rep. Holly H. Cheeseman, 37th Dist.",(APP),ftp://ftp.cga.ct.gov/2024/cbs/h/HB-5430.HTM,https://www.cga.ct.gov/2024/TOB/h/pdf/2024HB-05430-R00-HB.pdf
HB-5431.HTM,2024,Raised Bill,Appropriations Committee,AN ACT ESTABLISHING A CONNECTICUT FAMILIES AND WORKERS ACCOUNT.,To review appropriations from the General Fund.,"Sen. Martin M. Looney, 11th Dist.; Sen. Julie Kushner, 24th Dist.; Rep. Hubert D. Delany, 144th Dist.; Rep. Bobby G. Gibson, 15th Dist.",(APP),ftp://ftp.cga.ct.gov/2024/cbs/h/HB-5431.HTM,https://www.cga.ct.gov/2024/TOB/h/pdf/2024HB-05431-R00-HB.pdf
HB-5432.HTM,2024,Raised Bill,Commerce Committee,"AN ACT ESTABLISHING A WORKING GROUP TO DEVELOP AN ECONOMIC DEVELOPMENT AND TOURISM PLAN FOR THE GREATER MYSTIC AREA OF THE TOWNS OF GROTON, NEW LONDON AND STONINGTON.",To establish a working group to develop a plan for expanding the tourism industry in the Mystic Seaport area of the towns of Stonington and Groton.,"Rep. Aundre Bumgardner, 41st Dist.; Sen. Heather S. Somers, 18th Dist.; Rep. Anthony L. Nolan, 39th Dist.; Sen. Lisa Seminara, 8th Dist.; Sen. Henri Martin, 31st Dist.; ",(CE),ftp://ftp.cga.ct.gov/2024/cbs/h/HB-5432.HTM,https://www.cga.ct.gov/2024/TOB/h/pdf/2024HB-05432-R00-HB.pdf
HB-5433.HTM,2024,Raised Bill,Commerce Committee,AN ACT ESTABLISHING A PROCEDURE FOR THE STATE HISTORIC PRESERVATION OFFICER TO MAKE DETERMINATIONS CONCERNING CERTAIN ENVIRONMENTAL EFFECTS.,To establish a procedure for the State Historic Preservation Officer to make determinations concerning certain environmental effects and establish mitigation plans concerning such environmental effects.,"Rep. Susan M. Johnson, 49th Dist.; Rep. Kerry S. Wood, 29th Dist.; Rep. Raghib Allie-Brennan, 2nd Dist.; Rep. Michael DiGiovancarlo, 74th Dist.",(CE),ftp://ftp.cga.ct.gov/2024/cbs/h/HB-5433.HTM,https://www.cga.ct.gov/2024/TOB/h/pdf/2024HB-05433-R00-HB.pdf
HB-5434.HTM,2024,Raised Bill,Commerce Committee,AN ACT CONCERNING THE COMMUNITY ECONOMIC DEVELOPMENT FUND.,To authorize the Community and Economic Development Fund to conduct business outside the state.,"Sen. Saud Anwar, 3rd Dist.; Sen. Heather S. Somers, 18th Dist.; Rep. Martin Foncello, 107th Dist.; Sen. Lisa Seminara, 8th Dist.",(CE),ftp://ftp.cga.ct.gov/2024/cbs/h/HB-5434.HTM,https://www.cga.ct.gov/2024/TOB/h/pdf/2024HB-05434-R00-HB.pdf
HB-5435.HTM,2024,Raised Bill,Education Committee,AN ACT CONCERNING THE DEVELOPMENT OF A PLAN FOR THE CONVERSION OF THE STATE BOARD OF EDUCATION TO AN ADVISORY BOARD WITHIN THE DEPARTMENT OF EDUCATION.,To require the development of a plan to convert the State Board of Education from the department head of the Department of Education to an advisory board within the department and empower the Commissioner of Education to become the department head of the Department of Education.,"Rep. Geraldo C. Reyes, 75th Dist.; ",(ED),ftp://ftp.cga.ct.gov/2024/cbs/h/HB-5435.HTM,https://www.cga.ct.gov/2024/TOB/h/pdf/2024HB-05435-R00-HB.pdf
HB-5436.HTM,2024,Raised Bill,Education Committee,"AN ACT CONCERNING EDUCATOR CERTIFICATION, TEACHERS, PARAEDUCATORS AND MANDATED REPORTER REQUIREMENTS.",To revise and update the laws governing teacher certification.,"Rep. Christopher Poulos, 81st Dist.; Rep. Kevin Brown, 56th Dist.; Rep. Holly H. Cheeseman, 37th Dist.; Rep. Bobby G. Gibson, 15th Dist.; Rep. Farley Santos, 109th Dist.; Rep. Rachel Chaleski, 138th Dist.; Rep. Tammy Nuccio, 53rd Dist.; Rep. Henry J. Genga, 10th Dist.; Rep. Hubert D. Delany, 144th Dist.; Rep. Irene M. Haines, 34th Dist.; Rep. Tracy Marra, 141st Dist.; Rep. Martin Foncello, 107th Dist.; Sen. Patricia Billie Miller, 27th Dist.; Sen. Lisa Seminara, 8th Dist.; Rep. David Michel, 146th Dist.; Sen. Eric C. Berthel, 32nd Dist.; Sen. Jeff Gordon, 35th Dist.; ",(ED),ftp://ftp.cga.ct.gov/2024/cbs/h/HB-5436.HTM,https://www.cga.ct.gov/2024/TOB/h/pdf/2024HB-05436-R00-HB.pdf
HB-5437.HTM,2024,Raised Bill,Education Committee,"AN ACT CONCERNING EDUCATION MANDATE RELIEF, SCHOOL DISCIPLINE AND DISCONNECTED YOUTH.",To (1) create an advisory council that provides analysis and recommendations concerning the imposition of new mandates regarding educator professional development and in-service training; (2) establish a state-wide educator professional development and in-service training records database; (3) repeal duplicative training mandates included in the in-service training requirements for educators; (4) add a twenty-mile radius limitation to the mandate that school districts send organic food waste to an authorized source-separated organic material composting facility; (5) allow local boards of education to directly deposit any unexpended education funds into the unexpended education funds account at the end of the fiscal year; (6) expand the reserve fund for regional school districts to include all educational expenditures; and (7) delay implementation of the FAFSA completion requirement.,"Rep. Christopher Poulos, 81st Dist.; Rep. Raghib Allie-Brennan, 2nd Dist.; Rep. Farley Santos, 109th Dist.; Rep. Christine Conley, 40th Dist.; Rep. Kara Rochelle, 104th Dist.; Rep. Henry J. Genga, 10th Dist.; Rep. Irene M. Haines, 34th Dist.; Sen. Patricia Billie Miller, 27th Dist.; Sen. Lisa Seminara, 8th Dist.; Rep. Matt Blumenthal, 147th Dist.; Sen. Jeff Gordon, 35th Dist.; ",(ED),ftp://ftp.cga.ct.gov/2024/cbs/h/HB-5437.HTM,https://www.cga.ct.gov/2024/TOB/h/pdf/2024HB-05437-R00-HB.pdf
HB-5438.HTM,2024,Raised Bill,Energy and Technology Committee,AN ACT CONCERNING ENERGY EFFICIENCY FUNDING AND PROGRAMS.,"To (1) make appropriations to energy efficiency programs identified in the Conservation and Load Management Plan, and (2) study the current structure and effectiveness of energy efficiency funding in the state.","Rep. Joseph P. Gresko, 121st Dist.; Rep. David Michel, 146th Dist.; Rep. Mary M. Mushinsky, 85th Dist.; Sen. Julie Kushner, 24th Dist.",(ET),ftp://ftp.cga.ct.gov/2024/cbs/h/HB-5438.HTM,https://www.cga.ct.gov/2024/TOB/h/pdf/2024HB-05438-R00-HB.pdf
HB-5439.HTM,2024,Raised Bill,Energy and Technology Committee,AN ACT CONCERNING HEAT PUMP ADOPTION.,To establish a target of deploying three hundred ten thousand heat pumps in the state by 2030.,"Rep. David Michel, 146th Dist.; Rep. Mary M. Mushinsky, 85th Dist.; Sen. Julie Kushner, 24th Dist.; Rep. Brandon Chafee, 33rd Dist.",(ET),ftp://ftp.cga.ct.gov/2024/cbs/h/HB-5439.HTM,https://www.cga.ct.gov/2024/TOB/h/pdf/2024HB-05439-R00-HB.pdf
HB-5440.HTM,2024,Raised Bill,Energy and Technology Committee,AN ACT CONCERNING LIFECYCLE GREENHOUSE GAS EMISSIONS OF BIOFUELS.,"To require the Department of Energy and Environmental Protection to use the greenhouse gases, regulated emissions, and energy use in technologies, or ""GREET"", model in measuring lifecycle greenhouse gas emissions of biofuels.","Rep. Joseph P. Gresko, 121st Dist.; Rep. Raghib Allie-Brennan, 2nd Dist.",(ET),ftp://ftp.cga.ct.gov/2024/cbs/h/HB-5440.HTM,https://www.cga.ct.gov/2024/TOB/h/pdf/2024HB-05440-R00-HB.pdf
HB-5441.HTM,2024,Raised Bill,Energy and Technology Committee,AN ACT CONCERNING UTILITY SHUTOFFS FOR CERTAIN CUSTOMERS.,To permit utility shutoffs for customers who have the resources to pay their utility bills but currently cannot have their service terminated due to illness.,,(ET),ftp://ftp.cga.ct.gov/2024/cbs/h/HB-5441.HTM,https://www.cga.ct.gov/2024/TOB/h/pdf/2024HB-05441-R00-HB.pdf
HB-5442.HTM,2024,Raised Bill,Energy and Technology Committee,AN ACT CONCERNING FEDERAL FUNDING FOR AND STATE TAXATION OF ENERGY STORAGE SYSTEMS.,To require the use of federal funds available under the Inflation Reduction Act to expand existing energy storage battery programs and to require the Office of Policy and Management to consider potential changes to how energy storage batteries are taxed.,,(ET),ftp://ftp.cga.ct.gov/2024/cbs/h/HB-5442.HTM,https://www.cga.ct.gov/2024/TOB/h/pdf/2024HB-05442-R00-HB.pdf
HB-5443.HTM,2024,Raised Bill,Energy and Technology Committee,AN ACT ESTABLISHING AN ENERGY DATA BILL OF RIGHTS.,To guarantee public access to the data needed to set informed climate targets and accurately monitor progress against such targets.,,(ET),ftp://ftp.cga.ct.gov/2024/cbs/h/HB-5443.HTM,https://www.cga.ct.gov/2024/TOB/h/pdf/2024HB-05443-R00-HB.pdf
HB-5444.HTM,2024,Raised Bill,Energy and Technology Committee,AN ACT ESTABLISHING A TEST BED TECHNOLOGIES PROGRAM.,To facilitate the consideration of cost-saving technology by evaluating and testing the technologies at state agencies.,,(ET),ftp://ftp.cga.ct.gov/2024/cbs/h/HB-5444.HTM,https://www.cga.ct.gov/2024/TOB/h/pdf/2024HB-05444-R00-HB.pdf
HB-5445.HTM,2024,Raised Bill,Energy and Technology Committee,AN ACT CONCERNING ELECTRIC GRID INTERCONNECTION POINTS.,To require the chairperson of the Public Utilities Regulatory Authority to report to the General Assembly on the status of its work concerning cost-sharing of new electric grid interconnection points among multiple renewable project developers.,,(ET),ftp://ftp.cga.ct.gov/2024/cbs/h/HB-5445.HTM,https://www.cga.ct.gov/2024/TOB/h/pdf/2024HB-05445-R00-HB.pdf
HB-5446.HTM,2024,Raised Bill,Energy and Technology Committee,"AN ACT CONCERNING FUNDING FOR COMMUNITY ACCESS TELEVISION, THE CONNECTICUT TELEVISION NETWORK AND LOW-INCOME INTERNET ACCESS AND TAXATION OF COMMUNICATIONS SERVICES PROVIDERS.","To (1) extend the gross earnings tax on cable and satellite television companies to communications services providers, (2) change the method of funding community access television operations, the Public, Educational and Governmental Programming and Educational Technology Investment Account Grant Program and the Connecticut Television Network, and (3) report on a possible program to support low-income households with broadband Internet subscriptions.","Sen. MD Rahman, 4th Dist.; Rep. Jaime S. Foster, 57th Dist.; Rep. Anthony L. Nolan, 39th Dist.; Rep. Josh Elliott, 88th Dist.; Rep. Robin E. Comey, 102nd Dist.; Rep. Mary M. Mushinsky, 85th Dist.; Rep. Eleni Kavros DeGraw, 17th Dist.; Rep. Mike Demicco, 21st Dist.; Rep. Aundre Bumgardner, 41st Dist.; Rep. Melissa Osborne, 16th Dist.; Rep. Kate Farrar, 20th Dist.; Rep. Moira Rader, 98th Dist.; Rep. Gary A. Turco, 27th Dist.; Rep. Kevin Brown, 56th Dist.; Rep. Jane M. Garibay, 60th Dist.; Rep. Brandon Chafee, 33rd Dist.; Rep. Bobby G. Gibson, 15th Dist.; Rep. David Michel, 146th Dist.; Rep. James Sanchez, 6th Dist.; Rep. Christopher Rosario, 128th Dist.; Rep. Michelle L. Cook, 65th Dist.; Rep. Sarah Keitt, 134th Dist.; Rep. Chris Aniskovich, 35th Dist.; Rep. Joshua M. Hall, 7th Dist.",(ET),ftp://ftp.cga.ct.gov/2024/cbs/h/HB-5446.HTM,https://www.cga.ct.gov/2024/TOB/h/pdf/2024HB-05446-R00-HB.pdf
HB-5447.HTM,2024,Raised Bill,Government Administration and Elections Committee,AN ACT EXEMPTING THE RESIDENTIAL ADDRESSES OF EMPLOYEES OF THE OFFICE OF THE ATTORNEY GENERAL FROM DISCLOSURE UNDER THE FREEDOM OF INFORMATION ACT.,To exempt the residential addresses of employees of the Office of the Attorney General from disclosure under the Freedom of Information Act.,"Sen. MD Rahman, 4th Dist.; ",(GAE),ftp://ftp.cga.ct.gov/2024/cbs/h/HB-5447.HTM,https://www.cga.ct.gov/2024/TOB/h/pdf/2024HB-05447-R00-HB.pdf
HB-5448.HTM,2024,Raised Bill,Government Administration and Elections Committee,AN ACT CONCERNING SECURITY OF CERTAIN ELECTION WORKERS.,"To (1) allow certain election workers to request that their residential addresses be exempt from disclosure under the Freedom of Information Act, (2) establish a criminal prohibition on the possession of a firearm or deadly weapon within one thousand feet of certain election-related locations, and (3) establish a criminal prohibition on, and a civil cause of action for, threatening or harassing conduct toward election workers performing election-related duties.","Rep. Fred Gee, 126th Dist.; Rep. Hector Arzeno, 151st Dist.; Rep. Josh Elliott, 88th Dist.; Sen. Jorge Cabrera, 17th Dist.; Sen. Julie Kushner, 24th Dist.; Rep. Sarah Keitt, 134th Dist.; Rep. Joshua M. Hall, 7th Dist.; Rep. Robert Sanchez, 25th Dist.; Rep. Bobby G. Gibson, 15th Dist.; Rep. Hubert D. Delany, 144th Dist.; Rep. Peter A. Tercyak, 26th Dist.; ",(GAE),ftp://ftp.cga.ct.gov/2024/cbs/h/HB-5448.HTM,https://www.cga.ct.gov/2024/TOB/h/pdf/2024HB-05448-R00-HB.pdf
HB-5449.HTM,2024,Raised Bill,Government Administration and Elections Committee,AN ACT CONCERNING CERTAIN LOBBYIST CONTRIBUTIONS DURING THE LEGISLATIVE SESSION.,"To extend, to any candidate or exploratory committee for municipal office that is established by a legislator or state officer, the legislative sessional ban on contributions and solicitations by lobbyists and lobbyist political committees.","Rep. Gale L. Mastrofrancesco, 80th Dist.; Sen. Rob Sampson, 16th Dist.; Rep. David Rutigliano, 123rd Dist.; Rep. Tami Zawistowski, 61st Dist.; Rep. Anne Dauphinais, 44th Dist.; ",(GAE),ftp://ftp.cga.ct.gov/2024/cbs/h/HB-5449.HTM,https://www.cga.ct.gov/2024/TOB/h/pdf/2024HB-05449-R00-HB.pdf
HB-5450.HTM,2024,Raised Bill,Government Administration and Elections Committee,"AN ACT CONCERNING ARTIFICIAL INTELLIGENCE, DECEPTIVE SYNTHETIC MEDIA AND ELECTIONS.",To prohibit distribution of certain deceptive synthetic media within the ninety-day period preceding an election or primary.,"Sen. Tony Hwang, 28th Dist.; Rep. Hector Arzeno, 151st Dist.; Rep. Geraldo C. Reyes, 75th Dist.; ",(GAE),ftp://ftp.cga.ct.gov/2024/cbs/h/HB-5450.HTM,https://www.cga.ct.gov/2024/TOB/h/pdf/2024HB-05450-R00-HB.pdf
HB-5451.HTM,2024,Raised Bill,Government Administration and Elections Committee,AN ACT CONCERNING IMMIGRANT AND MULTILINGUAL LEARNER ACCESS TO STATE AND LOCAL GOVERNMENT.,To establish the position of Advocate for Immigrant and Multilingual Learner Families to participate in meetings of the State Board of Education and certain local and regional boards of education meetings.,,(GAE),ftp://ftp.cga.ct.gov/2024/cbs/h/HB-5451.HTM,https://www.cga.ct.gov/2024/TOB/h/pdf/2024HB-05451-R00-HB.pdf
HB-5452.HTM,2024,Raised Bill,Government Administration and Elections Committee,AN ACT CONCERNING VARIOUS CAMPAIGN FINANCE REFORMS.,"To (1) require express written authorization from committee treasurers for campaign expenditures, (2) provide alternate disclaimer requirements for text or media message political advertising, (3) allow legislative caucus and leadership committees to transfer money between themselves with approval of their respective treasurers, and (4) require the State Elections Enforcement Commission to adjust Citizens' Election Program contribution limit and qualifying threshold amounts by January first of the relevant years.","Rep. Tom Delnicki, 14th Dist.; Sen. Rob Sampson, 16th Dist.; Rep. Martin Foncello, 107th Dist.; ",(GAE),ftp://ftp.cga.ct.gov/2024/cbs/h/HB-5452.HTM,https://www.cga.ct.gov/2024/TOB/h/pdf/2024HB-05452-R00-HB.pdf
HB-5453.HTM,2024,Raised Bill,Government Administration and Elections Committee,AN ACT CONCERNING THE MEMBERSHIP AND PROCESSES OF THE CONNECTICUT SITING COUNCIL.,"To make changes to the membership of the Connecticut Siting Council, require additional cost-benefit analysis and information concerning related projects for certain proposed facilities, require additional notifications to the owner of property intended to be condemned and make additional revisions to the process for granting applications for a certificate.","Rep. Matt Blumenthal, 147th Dist.; Sen. Tony Hwang, 28th Dist.; Rep. Jaime S. Foster, 57th Dist.; Sen. Saud Anwar, 3rd Dist.; Rep. Kara Rochelle, 104th Dist.; ",(GAE),ftp://ftp.cga.ct.gov/2024/cbs/h/HB-5453.HTM,https://www.cga.ct.gov/2024/TOB/h/pdf/2024HB-05453-R00-HB.pdf
HB-5454.HTM,2024,Raised Bill,Human Services Committee,"AN ACT CONCERNING MENTAL HEALTH SERVICES FOR YOUNG CHILDREN, THEIR CAREGIVERS, EXPECTANT MOTHERS AND PREGNANT PERSONS.","To maximize federal resources for mental health services for young children, their caregivers and pregnant persons.",,(HS),ftp://ftp.cga.ct.gov/2024/cbs/h/HB-5454.HTM,https://www.cga.ct.gov/2024/TOB/h/pdf/2024HB-05454-R00-HB.pdf
HB-5455.HTM,2024,Raised Bill,Human Services Committee,AN ACT CONCERNING THE EFFICIENCY OF THE DEPARTMENT OF SOCIAL SERVICES IN DETERMINING ELIGIBILITY FOR MEDICAL ASSISTANCE AND RESPONDING TO REQUESTS FOR INFORMATION OR ASSISTANCE.,To require the Commissioner of Social Services to study and make recommendations concerning the efficiency of the Department of Social Services in making eligibility determinations for medical assistance and responding to requests for information or assistance.,"Rep. William Pizzuto, 71st Dist.; Rep. Peter A. Tercyak, 26th Dist.; Sen. Heather S. Somers, 18th Dist.; Rep. Martin Foncello, 107th Dist.; Sen. Lisa Seminara, 8th Dist.; ",(HS),ftp://ftp.cga.ct.gov/2024/cbs/h/HB-5455.HTM,https://www.cga.ct.gov/2024/TOB/h/pdf/2024HB-05455-R00-HB.pdf
HB-5456.HTM,2024,Raised Bill,Human Services Committee,AN ACT CONCERNING FEDERALLY QUALIFIED HEALTH CENTERS.,To update payment methodologies and appeal procedures and establish annual inflationary rate increases for federally qualified health centers.,,(HS),ftp://ftp.cga.ct.gov/2024/cbs/h/HB-5456.HTM,https://www.cga.ct.gov/2024/TOB/h/pdf/2024HB-05456-R00-HB.pdf
HB-5457.HTM,2024,Raised Bill,Human Services Committee,AN ACT CONCERNING NURSING HOME WAITING LISTS.,To implement working group recommendations regarding waiting list requirements for nursing homes.,"Rep. Eleni Kavros DeGraw, 17th Dist.; Rep. Kara Rochelle, 104th Dist.; Sen. Saud Anwar, 3rd Dist.; Rep. Kathy Kennedy, 119th Dist.; Sen. Matthew L. Lesser, 9th Dist.; Rep. Matt Blumenthal, 147th Dist.; Rep. Martin Foncello, 107th Dist.; Sen. Lisa Seminara, 8th Dist.",(HS),ftp://ftp.cga.ct.gov/2024/cbs/h/HB-5457.HTM,https://www.cga.ct.gov/2024/TOB/h/pdf/2024HB-05457-R00-HB.pdf
HB-5458.HTM,2024,Raised Bill,Human Services Committee,AN ACT CONCERNING HOMELESSNESS.,To maximize efforts to aid homeless persons.,"Rep. Gary A. Turco, 27th Dist.; Rep. Travis Simms, 140th Dist.; Rep. David Michel, 146th Dist.; Rep. Michelle L. Cook, 65th Dist.; Rep. Eleni Kavros DeGraw, 17th Dist.; Rep. Robin E. Comey, 102nd Dist.; Rep. Geraldo C. Reyes, 75th Dist.; Rep. Peter A. Tercyak, 26th Dist.; Sen. Heather S. Somers, 18th Dist.; Sen. Kevin C. Kelly, 21st Dist.; Rep. Kathy Kennedy, 119th Dist.; Sen. John A. Kissel, 7th Dist.; Rep. Martin Foncello, 107th Dist.; Sen. Lisa Seminara, 8th Dist.; Rep. Matt Blumenthal, 147th Dist.; Sen. Jeff Gordon, 35th Dist.",(HS),ftp://ftp.cga.ct.gov/2024/cbs/h/HB-5458.HTM,https://www.cga.ct.gov/2024/TOB/h/pdf/2024HB-05458-R00-HB.pdf
HB-5459.HTM,2024,Raised Bill,Human Services Committee,AN ACT INCREASING RATES OF MEDICAID REIMBURSEMENT FOR CERTAIN PROVIDERS.,To increase rates of Medicaid reimbursement for certain providers.,"Rep. Mary M. Mushinsky, 85th Dist.; Rep. Sarah Keitt, 134th Dist.; Rep. John-Michael Parker, 101st Dist.; ",(HS),ftp://ftp.cga.ct.gov/2024/cbs/h/HB-5459.HTM,https://www.cga.ct.gov/2024/TOB/h/pdf/2024HB-05459-R00-HB.pdf
HB-5460.HTM,2024,Raised Bill,Insurance and Real Estate Committee,AN ACT CONCERNING HEALTH INSURANCE COVERAGE FOR AMBULANCE SERVICES.,"To prohibit insurers and health care centers from (1) requiring prior authorizations after any transport when medically necessary by ambulance to a hospital, and (2) denying payment to ambulance providers on the basis that the enrollee failed to obtain a prior authorization.","Sen. Saud Anwar, 3rd Dist.; ",(INS),ftp://ftp.cga.ct.gov/2024/cbs/h/HB-5460.HTM,https://www.cga.ct.gov/2024/TOB/h/pdf/2024HB-05460-R00-HB.pdf
HB-5461.HTM,2024,Raised Bill,Insurance and Real Estate Committee,AN ACT CONCERNING WHOLESALING RESIDENTIAL PROPERTIES.,To regulate wholesaling agreements between real estate wholesalers and sellers of residential real property in this state.,,(INS),ftp://ftp.cga.ct.gov/2024/cbs/h/HB-5461.HTM,https://www.cga.ct.gov/2024/TOB/h/pdf/2024HB-05461-R00-HB.pdf
HB-5462.HTM,2024,Raised Bill,Insurance and Real Estate Committee,AN ACT REQUIRING A STUDY OF CIVIL LIABILITY PROTECTIONS FOR FARMERS OFFERING AGRI-TOURISM ACTIVITIES IN THE STATE.,"To require that the Commissioner of Economic and Community Development, in consultation with the Commissioner of Agriculture, conduct a study relating to civil liability protections for farmers offering agri-tourism activities in the state.","Rep. Craig C. Fishbein, 90th Dist.; Sen. Saud Anwar, 3rd Dist.; Rep. Josh Elliott, 88th Dist.; Rep. Karen Reddington-Hughes, 66th Dist.",(INS),ftp://ftp.cga.ct.gov/2024/cbs/h/HB-5462.HTM,https://www.cga.ct.gov/2024/TOB/h/pdf/2024HB-05462-R00-HB.pdf
HB-5463.HTM,2024,Raised Bill,Insurance and Real Estate Committee,AN ACT CONCERNING MAINTENANCE OF CERTIFICATION PROGRAMS.,"To prohibit insurers from requiring health care provider participation in a maintenance of certification program as a prerequisite for (1) obtaining reimbursement from such insurer, (2) participating in such insurer's provider network, or (3) obtaining professional liability insurance coverage from such insurer.","Sen. Saud Anwar, 3rd Dist.; Sen. Martha Marx, 20th Dist.",(INS),ftp://ftp.cga.ct.gov/2024/cbs/h/HB-5463.HTM,https://www.cga.ct.gov/2024/TOB/h/pdf/2024HB-05463-R00-HB.pdf
HB-5464.HTM,2024,Raised Bill,Insurance and Real Estate Committee,AN ACT CONCERNING THE LEGISLATIVE COMMISSIONERS' RECOMMENDATIONS FOR TECHNICAL REVISIONS TO INSURANCE-RELATED STATUTES.,To make technical revisions to insurance-related statutes.,,(INS),ftp://ftp.cga.ct.gov/2024/cbs/h/HB-5464.HTM,https://www.cga.ct.gov/2024/TOB/h/pdf/2024HB-05464-R00-HB.pdf
HB-5465.HTM,2024,Raised Bill,Insurance and Real Estate Committee,AN ACT REQUIRING THE INSURANCE COMMISSIONER TO CONDUCT A STUDY OF USAGE-BASED AUTOMOBILE LIABILITY INSURANCE PROGRAMS FOR NEW DRIVERS IN THIS STATE.,To require that the Insurance Commissioner conduct a study of usage-based automobile liability insurance programs for new drivers in this state.,,(INS),ftp://ftp.cga.ct.gov/2024/cbs/h/HB-5465.HTM,https://www.cga.ct.gov/2024/TOB/h/pdf/2024HB-05465-R00-HB.pdf
HB-5466.HTM,2024,Raised Bill,Judiciary Committee,AN ACT CONCERNING THE PERIOD OF TIME DURING WHICH ELECTIONS-RELATED CRIMES MAY BE PROSECUTED.,"To permit the prosecution of an elections-related crime during the period of time prescribed by the statute of limitations, or the period of time ending six months after the date of referral by the State Elections Enforcement Commission of a complaint, statement or evidence concerning such crime, whichever period of time ends later.","Rep. Steven J. Stafstrom, 129th Dist.; Rep. Fred Gee, 126th Dist.; Rep. David Rutigliano, 123rd Dist.; Rep. Jason Perillo, 113th Dist.; Rep. Andre F. Baker, 124th Dist.; Rep. Henry J. Genga, 10th Dist.; Rep. Hilda E. Santiago, 84th Dist.; Rep. Anabel D. Figueroa, 148th Dist.; Rep. Tammy Nuccio, 53rd Dist.; Rep. Donna Veach, 30th Dist.; Sen. Lisa Seminara, 8th Dist.; Rep. Matt Blumenthal, 147th Dist.",(JUD),ftp://ftp.cga.ct.gov/2024/cbs/h/HB-5466.HTM,https://www.cga.ct.gov/2024/TOB/h/pdf/2024HB-05466-R00-HB.pdf
HB-5467.HTM,2024,Raised Bill,Judiciary Committee,AN ACT CONCERNING FIREARMS BACKGROUND CHECKS.,"To ensure employees and authorized agents of municipal, state or federal agencies involved in evaluating the proposed transfer of a firearm to a person under age twenty-one in this state or any other state have access to records of cases of juvenile matters involving delinquency proceedings.","Rep. Donna Veach, 30th Dist.; Rep. Bob Godfrey, 110th Dist.; Sen. Saud Anwar, 3rd Dist.; Rep. Jonathan Steinberg, 136th Dist.; Rep. Tammy Nuccio, 53rd Dist.; Sen. Ryan Fazio, 36th Dist.; Rep. Steven J. Stafstrom, 129th Dist.; Sen. Lisa Seminara, 8th Dist.; Rep. David Michel, 146th Dist.; ",(JUD),ftp://ftp.cga.ct.gov/2024/cbs/h/HB-5467.HTM,https://www.cga.ct.gov/2024/TOB/h/pdf/2024HB-05467-R00-HB.pdf
HB-5468.HTM,2024,Raised Bill,Labor and Public Employees Committee,AN ACT CONCERNING TIME TO PLAN FOR SEPARATION FROM EMPLOYMENT.,To require employers to provide twelve months' notice prior to making changes to a paid time off policy.,,(LAB),ftp://ftp.cga.ct.gov/2024/cbs/h/HB-5468.HTM,https://www.cga.ct.gov/2024/TOB/h/pdf/2024HB-05468-R00-HB.pdf
HB-5469.HTM,2024,Raised Bill,Labor and Public Employees Committee,AN ACT CONCERNING FLEXIBLE HOLIDAYS FOR STATE EMPLOYEES.,To grant state employees two paid flexible holidays to swap with any legal holiday.,"Rep. Robyn A. Porter, 94th Dist.; ",(LAB),ftp://ftp.cga.ct.gov/2024/cbs/h/HB-5469.HTM,https://www.cga.ct.gov/2024/TOB/h/pdf/2024HB-05469-R00-HB.pdf
HB-5470.HTM,2024,Unknown,Labor and Public Employees Committee,AN ACT CONCERNING TRANSPORTATION NETWORK COMPANIES AND THIRD-PARTY DELIVERY COMPANIES.,"To (1) establish minimum compensation and working conditions standards for network workers in the state, and (2) require the Commissioner of Transportation to establish a reciprocity agreement with neighboring states to allow network workers to pick up passengers and deliveries across state lines.","Rep. Robyn A. Porter, 94th Dist.; Rep. Anne M. Hughes, 135th Dist.; Rep. Roland J. Lemar, 96th Dist.; Sen. Herron Gaston, 23rd Dist.",,ftp://ftp.cga.ct.gov/2024/cbs/h/HB-5470.HTM,https://www.cga.ct.gov/2024/TOB/h/pdf/2024HB-05470-R00-HB.pdf
HB-5471.HTM,2024,Raised Bill,Planning and Development Committee,AN ACT CONCERNING LOCAL GOVERNMENT.,To clarify certain responsibilities of the civil service board.,"Rep. Bill Buckbee, 67th Dist.; ",(PD),ftp://ftp.cga.ct.gov/2024/cbs/h/HB-5471.HTM,https://www.cga.ct.gov/2024/TOB/h/pdf/2024HB-05471-R00-HB.pdf
HB-5472.HTM,2024,Raised Bill,Planning and Development Committee,AN ACT CONCERNING MUNICIPAL FINANCE AND AUDITS.,"To amend certain conditions and procedures for changing the tier designation of municipalities referred to the Municipal Finance Advisory Commission and Municipal Accountability Review Board, specify that the Municipal Accountability Review Board's failure to approve certain collective bargaining agreements will not cause such agreements to be deemed approved, and authorize the Secretary of the Office of Policy and Management to impose certain penalties as reductions to grant awards.",,(PD),ftp://ftp.cga.ct.gov/2024/cbs/h/HB-5472.HTM,https://www.cga.ct.gov/2024/TOB/h/pdf/2024HB-05472-R00-HB.pdf
HB-5473.HTM,2024,Raised Bill,Planning and Development Committee,AN ACT CONCERNING THE EXPANSION OF MUNICIPAL SEWERAGE SYSTEMS TO PROMOTE THE DEVELOPMENT OF HOUSING AND REQUIRING THE MAJORITY LEADERS' ROUNDTABLE GROUP ON AFFORDABLE HOUSING TO STUDY THE ELIMINATION OF MUNICIPAL DESIGN REVIEW PROCESSES.,To require that the majority leaders' roundtable group on affordable housing conduct a study concerning the elimination of any municipal design review processes in connection with residential development.,"Rep. Jason Rojas, 9th Dist.; Sen. MD Rahman, 4th Dist.; Rep. Aundre Bumgardner, 41st Dist.; ",(PD),ftp://ftp.cga.ct.gov/2024/cbs/h/HB-5473.HTM,https://www.cga.ct.gov/2024/TOB/h/pdf/2024HB-05473-R00-HB.pdf
HB-5474.HTM,2024,Raised Bill,Planning and Development Committee,"AN ACT CONCERNING MUNICIPAL APPROVALS FOR HOUSING DEVELOPMENT, FINES FOR VIOLATIONS OF LOCAL ORDINANCES, REGULATION OF SHORT-TERM RENTALS, RENTAL ASSISTANCE PROGRAM ADMINISTRATION, NOTICES OF RENT INCREASES AND THE HOUSING ENVIRONMENTAL IMPROVEMENT REVOLVING LOAN AND GRANT FUND.","To require municipalities to submit annual reports to the State Responsible Growth Coordinator concerning residential building permit applications submitted, approved and denied by such municipality.","Rep. Jason Rojas, 9th Dist.; Sen. Julie Kushner, 24th Dist.; Sen. Martin M. Looney, 11th Dist.; Rep. Aundre Bumgardner, 41st Dist.; Rep. Keith Denning, 42nd Dist.; Rep. Geoff Luxenberg, 12th Dist.; Sen. Patricia Billie Miller, 27th Dist.; Rep. David Michel, 146th Dist.",(PD),ftp://ftp.cga.ct.gov/2024/cbs/h/HB-5474.HTM,https://www.cga.ct.gov/2024/TOB/h/pdf/2024HB-05474-R00-HB.pdf
HB-5475.HTM,2024,Raised Bill,Planning and Development Committee,"AN ACT CONCERNING THE DEVELOPMENT OF HOUSING, CHALLENGES TO CERTAIN DECISIONS OF MUNICIPAL AGENCIES, AND THE CONVERSION OF VACANT NURSING HOMES INTO MULTIFAMILY HOUSING.","To (1) require that a person claiming to be aggrieved by certain decisions of municipal commissions, agencies or boards demonstrate actual damage or an impairment of right, title or interest to such person's real property, (2) remove the right of protest against certain zoning changes by persons who do not own lots affected by such changes, (3) allow municipalities to adopt ordinances which exempt developments in certain areas from review by the inland wetlands agencies of such municipalities, (4) allow the conversion of vacant nursing homes into multifamily housing as of right, and (5) require the Commissioner of Housing to conduct a study of certain unused real property owned by the state to determine the suitability of such real property to improve affordable housing opportunities.","Rep. Jason Rojas, 9th Dist.; Rep. Hubert D. Delany, 144th Dist.; Rep. Geraldo C. Reyes, 75th Dist.; ",(PD),ftp://ftp.cga.ct.gov/2024/cbs/h/HB-5475.HTM,https://www.cga.ct.gov/2024/TOB/h/pdf/2024HB-05475-R00-HB.pdf
HB-5476.HTM,2024,Raised Bill,Planning and Development Committee,AN ACT CONCERNING MUNICIPAL ISSUES.,To make technical changes to provisions concerning interlocal agreements between municipalities.,,(PD),ftp://ftp.cga.ct.gov/2024/cbs/h/HB-5476.HTM,https://www.cga.ct.gov/2024/TOB/h/pdf/2024HB-05476-R00-HB.pdf
HB-5477.HTM,2024,Raised Bill,Planning and Development Committee,"AN ACT CONCERNING PENALTIES FOR BLIGHT UPON REAL PROPERTY, MUNICIPAL AGREEMENTS TO FIX ASSESSMENTS AND A PERSONAL PROPERTY TAX EXEMPTION.","To (1) specify penalties for blight upon certain real property, (2) authorize municipalities to enter into agreements to fix assessments on certain personal property, (3) increase the allowable time period for fixed assessments on certain real property and certain personal property from ten to thirty years, and (4) increase the amount of tangible personal property owned by a business organization that is exempt from the property tax.","Rep. Kerry S. Wood, 29th Dist.; Rep. Raghib Allie-Brennan, 2nd Dist.",(PD),ftp://ftp.cga.ct.gov/2024/cbs/h/HB-5477.HTM,https://www.cga.ct.gov/2024/TOB/h/pdf/2024HB-05477-R00-HB.pdf
HB-5478.HTM,2024,Raised Bill,Planning and Development Committee,AN ACT CONCERNING THE LAND VALUE TAXATION PILOT PROGRAM.,To expand the land value taxation pilot program and authorize the Community Investment Fund Board 2030 to provide grants-in-aid for certain projects.,"Rep. Aundre Bumgardner, 41st Dist.; Rep. Jennifer Leeper, 132nd Dist.; Rep. Anthony L. Nolan, 39th Dist.; Rep. Jane M. Garibay, 60th Dist.",(PD),ftp://ftp.cga.ct.gov/2024/cbs/h/HB-5478.HTM,https://www.cga.ct.gov/2024/TOB/h/pdf/2024HB-05478-R00-HB.pdf
HB-5479.HTM,2024,Raised Bill,Public Safety and Security Committee,AN ACT CONCERNING THE PROVISION OF ADVANCED LIFE SUPPORT SERVICES AT THE UNIVERSITY OF CONNECTICUT CAMPUS IN STORRS.,To require that The University of Connecticut fire department be designated as the primary service area responder for advanced life support services on the university's campus in Storrs if the department satisfies the minimum qualification for the provision of such services.,"Rep. Tom Delnicki, 14th Dist.; ",(PS),ftp://ftp.cga.ct.gov/2024/cbs/h/HB-5479.HTM,https://www.cga.ct.gov/2024/TOB/h/pdf/2024HB-05479-R00-HB.pdf
HB-5480.HTM,2024,Raised Bill,Public Safety and Security Committee,AN ACT MAKING TECHNICAL REVISIONS TO PUBLIC SAFETY STATUTES.,To make technical revisions to public safety statutes.,,(PS),ftp://ftp.cga.ct.gov/2024/cbs/h/HB-5480.HTM,https://www.cga.ct.gov/2024/TOB/h/pdf/2024HB-05480-R00-HB.pdf
HB-5481.HTM,2024,Raised Bill,Public Safety and Security Committee,AN ACT PROVIDING GRANTS FOR TOURISM PUBLIC SAFETY FROM REVENUE COLLECTED FROM THE OCCUPANCY AND MEALS TAX.,To provide grants to municipalities for tourism public safety in amounts equal to twenty-five per cent of the occupancy and meals taxes collected from such municipalities.,"Rep. Greg S. Howard, 43rd Dist.; Rep. Fred Gee, 126th Dist.; Sen. Heather S. Somers, 18th Dist.; Rep. Anthony L. Nolan, 39th Dist.; Rep. Aundre Bumgardner, 41st Dist.; ",(PS),ftp://ftp.cga.ct.gov/2024/cbs/h/HB-5481.HTM,https://www.cga.ct.gov/2024/TOB/h/pdf/2024HB-05481-R00-HB.pdf
HB-5482.HTM,2024,Raised Bill,Public Safety and Security Committee,AN ACT AUTHORIZING BONDS OF THE STATE FOR THE CONSTRUCTION OF A NEW BARRACKS FOR TROOP D OF THE DIVISION OF STATE POLICE IN DANIELSON.,To provide funding to construct a new barracks for Troop D of the Division of State Police in Danielson.,"Rep. Patrick S. Boyd, 50th Dist.; Rep. Greg S. Howard, 43rd Dist.; Rep. Fred Gee, 126th Dist.; Sen. Jeff Gordon, 35th Dist.",(PS),ftp://ftp.cga.ct.gov/2024/cbs/h/HB-5482.HTM,https://www.cga.ct.gov/2024/TOB/h/pdf/2024HB-05482-R00-HB.pdf
HB-5483.HTM,2024,Raised Bill,Public Safety and Security Committee,"AN ACT ESTABLISHING AND TRANSFERRING VARIOUS FUNCTIONS TO A DIVISION OF FIRE SERVICES ADMINISTRATION WITHIN THE DEPARTMENT OF EMERGENCY SERVICES AND PUBLIC PROTECTION, REVISING THE POWERS AND COMPOSITION OF THE COMMISSION ON FIRE PREVENTION AND CONTROL AND ESTABLISHING A WORKING GROUP.","To (1) establish a Division of Fire Services Administration within the Department of Emergency Services and Public Protection, (2) transfer the functions of the Office of the State Fire Administrator, the Office of the State Fire Marshal and the Office of Education and Data Administration within the Department of Administrative Services to the division, and (3) revise the powers and duties of the Commission on Fire Prevention and Control, and revise the membership of the commission.","Rep. Ben McGorty, 122nd Dist.; Rep. Patrick S. Boyd, 50th Dist.; Rep. Fred Gee, 126th Dist.; Rep. Tom Delnicki, 14th Dist.; Rep. Dave W. Yaccarino, 87th Dist.; Rep. Hilda E. Santiago, 84th Dist.; Rep. Irene M. Haines, 34th Dist.; Sen. Lisa Seminara, 8th Dist.",(PS),ftp://ftp.cga.ct.gov/2024/cbs/h/HB-5483.HTM,https://www.cga.ct.gov/2024/TOB/h/pdf/2024HB-05483-R00-HB.pdf
HB-5484.HTM,2024,Raised Bill,Transportation Committee,AN ACT CONCERNING TREE AND VEGETATION MANAGEMENT GUIDELINES BY THE DEPARTMENT OF TRANSPORTATION.,To require the Department of Transportation to submit guidelines governing tree and vegetation management to the joint standing committees of the General Assembly having cognizance of matters relating to transportation and the environment for approval.,"Sen. Tony Hwang, 28th Dist.; Rep. Geraldo C. Reyes, 75th Dist.; Rep. Patricia A. Dillon, 92nd Dist.; ",(TRA),ftp://ftp.cga.ct.gov/2024/cbs/h/HB-5484.HTM,https://www.cga.ct.gov/2024/TOB/h/pdf/2024HB-05484-R00-HB.pdf
HB-5485.HTM,2024,Raised Bill,Transportation Committee,AN ACT CONCERNING TRANSPORTATION INFRASTRUCTURE FOR ELECTRIC VEHICLES.,"To (1) establish the Electric Vehicle Infrastructure Coordinating Council, (2) revise the Connecticut Hydrogen and Electric Automobile Purchase Rebate program, (3) authorize the state to issue bonds for the installation of electric vehicle charging infrastructure and provision of incentives and rebates for electric vehicles, (4) specify the rate used to charge a customer for the provision of electricity to a separately metered level-2 charger, and (5) study the feasibility of expanding mobility options in rural communities.","Rep. Joseph P. Gresko, 121st Dist.; Rep. Aundre Bumgardner, 41st Dist.; Rep. Brandon Chafee, 33rd Dist.; Rep. David Michel, 146th Dist.; Rep. Anne M. Hughes, 135th Dist.; Rep. Kate Farrar, 20th Dist.; Rep. Josh Elliott, 88th Dist.; Rep. Sarah Keitt, 134th Dist.; Rep. Lucy Dathan, 142nd Dist.; ",(TRA),ftp://ftp.cga.ct.gov/2024/cbs/h/HB-5485.HTM,https://www.cga.ct.gov/2024/TOB/h/pdf/2024HB-05485-R00-HB.pdf
HB-5486.HTM,2024,Raised Bill,Judiciary Committee,AN ACT CONCERNING A STUDY OF THE CIVIL LAWS IN THIS STATE.,To establish a working group to study the need for possible revisions to various civil laws in this state.,,(JUD),ftp://ftp.cga.ct.gov/2024/cbs/h/HB-5486.HTM,https://www.cga.ct.gov/2024/TOB/h/pdf/2024HB-05486-R00-HB.pdf
HB-5487.HTM,2024,Raised Bill,Judiciary Committee,AN ACT CONCERNING THE OPERATION AND ADMINISTRATION OF THE OFFICE OF THE CLAIMS COMMISSIONER.,"To make various revisions relating to the processing of claims filed with the Office of the Claims Commissioner, including (1) changing the term ""temporary deputy"" to ""special deputy"", (2) clarifying the permissible timeframe for said office to retain jurisdiction over a claim, and (3) reestablish a monetary threshold for those claims which may be subject to review by the General Assembly.","Sen. Lisa Seminara, 8th Dist.; ",(JUD),ftp://ftp.cga.ct.gov/2024/cbs/h/HB-5487.HTM,https://www.cga.ct.gov/2024/TOB/h/pdf/2024HB-05487-R00-HB.pdf
HB-5488.HTM,2024,Raised Bill,Public Health Committee,AN ACT CONCERNING VARIOUS REVISIONS TO THE PUBLIC HEALTH STATUTES.,To make various revisions to the public health statutes.,"Rep. Susan M. Johnson, 49th Dist.; Sen. Martin M. Looney, 11th Dist.; Sen. Catherine A. Osten, 19th Dist.; ",(PH),ftp://ftp.cga.ct.gov/2024/cbs/h/HB-5488.HTM,https://www.cga.ct.gov/2024/TOB/h/pdf/2024HB-05488-R00-HB.pdf
HB-5489.HTM,2024,Raised Bill,"Finance, Revenue and Bonding Committee",AN ACT CONCERNING INTERCHANGE FEES ON ELECTRONIC PAYMENT TRANSACTIONS.,To prohibit payment card networks from including sales and use taxes in the amount on which interchange fees are imposed.,"Rep. Kerry S. Wood, 29th Dist.; Rep. David Rutigliano, 123rd Dist.; Rep. Julio A. Concepcion, 4th Dist.; Rep. Laura Dancho, 120th Dist.; Rep. James Sanchez, 6th Dist.; ",(FIN),ftp://ftp.cga.ct.gov/2024/cbs/h/HB-5489.HTM,https://www.cga.ct.gov/2024/TOB/h/pdf/2024HB-05489-R00-HB.pdf
HB-5490.HTM,2024,Raised Bill,"Finance, Revenue and Bonding Committee",AN ACT CONCERNING THE SALES AND USE TAXES ON AMBULANCE-TYPE MOTOR VEHICLES AND AMBULANCES.,"To (1) increase the threshold for the imposition of the dues tax, (2) exempt ambulance-type motor vehicles and ambulances from the sales and use taxes, (3) increase the sales price threshold of motor vehicles subject to a higher sales and use taxes rate, and (4) dedicate a portion of the revenue generated from the meals tax to the Tourism Fund.","Rep. Christine Palm, 36th Dist.; Rep. Eleni Kavros DeGraw, 17th Dist.; Rep. Moira Rader, 98th Dist.; Rep. Mary M. Mushinsky, 85th Dist.; Sen. Julie Kushner, 24th Dist.; Rep. John-Michael Parker, 101st Dist.; Rep. Devin R. Carney, 23rd Dist.; ",(FIN),ftp://ftp.cga.ct.gov/2024/cbs/h/HB-5490.HTM,https://www.cga.ct.gov/2024/TOB/h/pdf/2024HB-05490-R00-HB.pdf
HB-5491.HTM,2024,Raised Bill,"Finance, Revenue and Bonding Committee",AN ACT ESTABLISHING A PROPERTY TAX EXEMPTION FOR VETERANS WHO HAVE A SERVICE-CONNECTED PERMANENT AND TOTAL DISABILITY RATING.,To establish a property tax exemption for veterans who have a service-connected permanent and total disability rating as determined by the United States Department of Veterans Affairs.,"Rep. Anthony L. Nolan, 39th Dist.; Rep. Jennifer Leeper, 132nd Dist.; Rep. Jane M. Garibay, 60th Dist.; Rep. Bill Buckbee, 67th Dist.; Rep. Christopher Poulos, 81st Dist.; Rep. Hubert D. Delany, 144th Dist.; Rep. Dominique Johnson, 143rd Dist.; Rep. Kevin Brown, 56th Dist.; Rep. Gary A. Turco, 27th Dist.; Rep. Sarah Keitt, 134th Dist.; Rep. Devin R. Carney, 23rd Dist.; Rep. Irene M. Haines, 34th Dist.; Rep. Moira Rader, 98th Dist.; Rep. Anne M. Hughes, 135th Dist.; Rep. Matt Blumenthal, 147th Dist.; Rep. Maryam Khan, 5th Dist.; Rep. Tom Delnicki, 14th Dist.; Sen. Martha Marx, 20th Dist.; Rep. Frank Smith, 118th Dist.; Rep. David Michel, 146th Dist.; Rep. William Heffernan, 115th Dist.; Sen. John A. Kissel, 7th Dist.; Rep. Mary M. Mushinsky, 85th Dist.; Sen. Patricia Billie Miller, 27th Dist.; Rep. Bobby G. Gibson, 15th Dist.; Rep. Travis Simms, 140th Dist.; Rep. Julio A. Concepcion, 4th Dist.; Sen. Henri Martin, 31st Dist.; Sen. Lisa Seminara, 8th Dist.; Sen. Norman Needleman, 33rd Dist.; Rep. Geraldo C. Reyes, 75th Dist.; Rep. Hector Arzeno, 151st Dist.; Rep. Tony J Scott, 112th Dist.; Sen. Julie Kushner, 24th Dist.; Rep. Antonio Felipe, 130th Dist.; Rep. Corey P. Paris, 145th Dist.; Rep. Joshua M. Hall, 7th Dist.; Rep. Melissa Osborne, 16th Dist.; Rep. Kurt Vail, 52nd Dist.; Rep. Brian Lanoue, 45th Dist.; Sen. Catherine A. Osten, 19th Dist.; Rep. Mary Fortier, 79th Dist.; Rep. Donna Veach, 30th Dist.; Rep. Francis Cooley, 22nd Dist.; Rep. Dave W. Yaccarino, 87th Dist.; Rep. Carol Hall, 59th Dist.; Rep. Jason Perillo, 113th Dist.; Rep. Tami Zawistowski, 61st Dist.; Rep. Patrick E. Callahan, 108th Dist.; Rep. Aundre Bumgardner, 41st Dist.; Rep. Farley Santos, 109th Dist.; Rep. Christine Conley, 40th Dist.; Rep. Hilda E. Santiago, 84th Dist.; Rep. Ben McGorty, 122nd Dist.; Sen. James J. Maroney, 14th Dist.; Sen. Ceci Maher, 26th Dist.; Rep. Larry B. Butler, 72nd Dist.; Rep. Kara Rochelle, 104th Dist.; Rep. Gregory Haddad, 54th Dist.; Rep. Jonathan Fazzino, 83rd Dist.; Sen. Christine Cohen, 12th Dist.; Rep. Mike Demicco, 21st Dist.; Rep. Kate Farrar, 20th Dist.; Rep. David Rutigliano, 123rd Dist.; Rep. Robyn A. Porter, 94th Dist.; Rep. Joe Hoxha, 78th Dist.; Rep. Holly H. Cheeseman, 37th Dist.; Rep. Emmanuel Sanchez, 24th Dist.; Rep. Martin Foncello, 107th Dist.; Rep. Cristin McCarthy Vahey, 133rd Dist.; Rep. James Sanchez, 6th Dist.; Rep. Mark DeCaprio, 48th Dist.; Rep. William Pizzuto, 71st Dist.; Rep. Trenee McGee, 116th Dist.; Rep. Laura Dancho, 120th Dist.; Rep. Seth Bronko, 70th Dist.; Rep. Michael DiGiovancarlo, 74th Dist.; Rep. Robin E. Comey, 102nd Dist.; Rep. Mary Welander, 114th Dist.; Rep. Joseph H. Zullo, 99th Dist.; Rep. Michael D Quinn, 82nd Dist.; Rep. Derell Wilson, 46th Dist.; Rep. Jill Barry, 31st Dist.; Rep. Rachel Chaleski, 138th Dist.; Rep. Tom O'Dea, 125th Dist.; Rep. Juan R. Candelaria, 95th Dist.; Rep. Charles J. Ferraro, 117th Dist.; Rep. Rick L. Hayes, 51st Dist.; Rep. Jaime S. Foster, 57th Dist.; Rep. Tammy Nuccio, 53rd Dist.; Rep. Jason Rojas, 9th Dist.; Rep. Craig C. Fishbein, 90th Dist.; Rep. Amy Morrin Bello, 28th Dist.; Rep. Greg S. Howard, 43rd Dist.; Rep. Mitch Bolinsky, 106th Dist.; Rep. Michelle L. Cook, 65th Dist.; Rep. Steve Weir, 55th Dist.; Rep. Tracy Marra, 141st Dist.; Rep. Chris Aniskovich, 35th Dist.; Rep. Bob Godfrey, 110th Dist.; Rep. Aimee Berger-Girvalo, 111th Dist.; Rep. Christie M. Carpino, 32nd Dist.; Rep. Anabel D. Figueroa, 148th Dist.; Rep. Henry J. Genga, 10th Dist.; Sen. Eric C. Berthel, 32nd Dist.; Rep. Karen Reddington-Hughes, 66th Dist.; Sen. Saud Anwar, 3rd Dist.; Sen. Paul Cicarella, 34th Dist.; Rep. Peter A. Tercyak, 26th Dist.; Rep. Lezlye Zupkus, 89th Dist.; Sen. Heather S. Somers, 18th Dist.; Sen. Martin M. Looney, 11th Dist.; Sen. Kevin C. Kelly, 21st Dist.; Rep. Cara Christine Pavalock-D'Amato, 77th Dist.; Rep. Kathy Kennedy, 119th Dist.; Sen. Rob Sampson, 16th Dist.; Sen. Matthew L. Lesser, 9th Dist.; Sen. Jeff Gordon, 35th Dist.",(FIN),ftp://ftp.cga.ct.gov/2024/cbs/h/HB-5491.HTM,https://www.cga.ct.gov/2024/TOB/h/pdf/2024HB-05491-R00-HB.pdf
HB-5492.HTM,2024,Raised Bill,"Finance, Revenue and Bonding Committee",AN ACT ESTABLISHING A FARM INVESTMENT TAX CREDIT AND CONCERNING THE THRESHOLD FOR CERTAIN OPTIONAL FARM-RELATED PROPERTY TAX EXEMPTIONS.,To establish a property tax credit for certain farm-related capital expenses and increase the maximum property tax exemption threshold a municipality may approve for certain farm-related property.,"Rep. Michael D Quinn, 82nd Dist.; Rep. Vincent J. Candelora, 86th Dist.; Rep. Patrick S. Boyd, 50th Dist.; Rep. Jason Doucette, 13th Dist.; Rep. Cindy Harrison, 69th Dist.; Rep. Tom Delnicki, 14th Dist.; Rep. James Sanchez, 6th Dist.; Rep. Devin R. Carney, 23rd Dist.; Rep. Jill Barry, 31st Dist.; Rep. Tami Zawistowski, 61st Dist.",(FIN),ftp://ftp.cga.ct.gov/2024/cbs/h/HB-5492.HTM,https://www.cga.ct.gov/2024/TOB/h/pdf/2024HB-05492-R00-HB.pdf
HB-5493.HTM,2024,Raised Bill,"Finance, Revenue and Bonding Committee",AN ACT ESTABLISHING A YOUTH SPORTS GRANT PROGRAM.,To establish a youth sports grant program and dedicate a portion of the revenue generated from online or retail sports wagering to the program.,"Rep. Jason Rojas, 9th Dist.; Rep. Julio A. Concepcion, 4th Dist.; Sen. Tony Hwang, 28th Dist.; Rep. Jason Doucette, 13th Dist.",(FIN),ftp://ftp.cga.ct.gov/2024/cbs/h/HB-5493.HTM,https://www.cga.ct.gov/2024/TOB/h/pdf/2024HB-05493-R00-HB.pdf
HB-5494.HTM,2024,Raised Bill,Government Administration and Elections Committee,AN ACT CONCERNING REFERENDA ON REVISIONS TO MUNICIPAL CHARTERS AND HOME RULE ORDINANCES.,"To (1) establish standards for proposed charter and home rule ordinance amendment ballot questions designed to increase clarity and simplicity for voters, and (2) provide for review, and approval or disapproval, of such ballot questions by the Secretary of the State.","Rep. Gary A. Turco, 27th Dist.; Sen. Derek Slap, 5th Dist.; Rep. Robert Sanchez, 25th Dist.; ",(GAE),ftp://ftp.cga.ct.gov/2024/cbs/h/HB-5494.HTM,https://www.cga.ct.gov/2024/TOB/h/pdf/2024HB-05494-R00-HB.pdf
HB-5495.HTM,2024,Raised Bill,Government Administration and Elections Committee,AN ACT MAKING TECHNICAL REVISIONS TO PROVISIONS CONCERNING STATE CONTRACTING.,To make technical revisions to provisions concerning state contracting.,,(GAE),ftp://ftp.cga.ct.gov/2024/cbs/h/HB-5495.HTM,https://www.cga.ct.gov/2024/TOB/h/pdf/2024HB-05495-R00-HB.pdf
HB-5496.HTM,2024,Raised Bill,Government Administration and Elections Committee,AN ACT CONCERNING TECHNICAL CHANGES TO PROVISIONS CONCERNING QUASI-PUBLIC AGENCIES.,To make technical changes to provisions concerning quasi-public agencies.,,(GAE),ftp://ftp.cga.ct.gov/2024/cbs/h/HB-5496.HTM,https://www.cga.ct.gov/2024/TOB/h/pdf/2024HB-05496-R00-HB.pdf
HB-5497.HTM,2024,Raised Bill,Government Administration and Elections Committee,AN ACT MAKING TECHNICAL CHANGES IN A CAMPAIGN FINANCE STATUTE.,To make technical changes in a campaign finance statute.,,(GAE),ftp://ftp.cga.ct.gov/2024/cbs/h/HB-5497.HTM,https://www.cga.ct.gov/2024/TOB/h/pdf/2024HB-05497-R00-HB.pdf
HB-5498.HTM,2024,Raised Bill,Government Administration and Elections Committee,"AN ACT CONCERNING ELECTION SECURITY AND TRANSPARENCY, THE COUNTING OF ABSENTEE BALLOTS, ABSENTEE VOTING FOR CERTAIN PATIENTS OF NURSING HOMES, SECURITY OF CERTAIN ELECTION WORKERS, STATE ELECTIONS ENFORCEMENT COMMISSION COMPLAINTS, BALLOTS MADE AVAILABLE IN LANGUAGES OTHER THAN ENGLISH AND VARIOUS OTHER REVISIONS RELATED TO ELECTION ADMINISTRATION.","To (1) provide for video recording of absentee ballot drop boxes and retention of such recordings, (2) require town clerks to record the method of receipt for absentee ballots, (3) limit who may apply for additional absentee voting sets, (4) amend an election crime statute regarding suppression or destruction of votes to specify applicability to various methods of casting such votes, (5) require confidentiality of certain election data provided by other states, (6) limit the authorized use of absentee ballot applications to specified periods of time, (7) require town clerks to track absentee ballots in the state-wide centralized voter registration system, (8) prohibit the commercial use of certain voter registration information, (9) prohibit certain candidates from being present in early voting, same-day election registration and absentee ballot central counting locations, (10) bring into compliance with federal case law certain state statutes relating to the circulation of nominating and primary petitions, (11) delete a grounds for removal of an elector from permanent absentee ballot status, (12) modify the timeline for the conduct of a post-election audit, (13) require town clerks to, when a vacancy in candidacy is unfilled, obscure the name of the vacated candidate on the ballot, (14) prohibit the use of ""independent"" or any similar word in any party designation recorded with the Secretary of the State, (15) require that certain election-related filings be made in the superior court for the judicial district of Hartford, and (16) provide a deadline for mandatory referral of a complaint from the State Elections Enforcement Commission to the Chief State's Attorney.","Rep. Greg S. Howard, 43rd Dist.; Sen. Tony Hwang, 28th Dist.; Sen. Patricia Billie Miller, 27th Dist.; Rep. Donna Veach, 30th Dist.; Rep. Kathy Kennedy, 119th Dist.; Sen. Rob Sampson, 16th Dist.; Rep. Martin Foncello, 107th Dist.; Sen. Lisa Seminara, 8th Dist.; Rep. Holly H. Cheeseman, 37th Dist.; Rep. Matt Blumenthal, 147th Dist.; Sen. Eric C. Berthel, 32nd Dist.; Sen. Jeff Gordon, 35th Dist.",(GAE),ftp://ftp.cga.ct.gov/2024/cbs/h/HB-5498.HTM,https://www.cga.ct.gov/2024/TOB/h/pdf/2024HB-05498-R00-HB.pdf
HB-5499.HTM,2024,Raised Bill,Judiciary Committee,AN ACT CONCERNING A STUDY OF THE CRIMINAL LAWS OF THIS STATE.,To require a study of the criminal laws of this state.,,(JUD),ftp://ftp.cga.ct.gov/2024/cbs/h/HB-5499.HTM,https://www.cga.ct.gov/2024/TOB/h/pdf/2024HB-05499-R00-HB.pdf
HB-5500.HTM,2024,Raised Bill,Judiciary Committee,"AN ACT CONCERNING REVISIONS TO VARIOUS LAWS CONCERNING IGNITION INTERLOCK DEVICES, THE DEPARTMENT OF CORRECTION, JUDICIAL RETIREMENT SALARIES AND CRIMINAL LAW AND CRIMINAL PROCEDURE.","To revise provisions concerning (1) juror compensation, (2) risk protection orders or warrants, (3) a supervised diversionary program for persons with intellectual disabilities or autism spectrum disorder, (4) the use of ignition interlock devices, (5) the jurisdiction for offenses committed by means of transmitted communications, (6) compensation for persons who are incarcerated, (7) bail payments, (8) competency to stand trial, and (9) credit for time served under house arrest.","Rep. Henry J. Genga, 10th Dist.; Sen. John A. Kissel, 7th Dist.; Sen. Lisa Seminara, 8th Dist.; Sen. Paul Cicarella, 34th Dist.; Rep. Holly H. Cheeseman, 37th Dist.; ",(JUD),ftp://ftp.cga.ct.gov/2024/cbs/h/HB-5500.HTM,https://www.cga.ct.gov/2024/TOB/h/pdf/2024HB-05500-R00-HB.pdf
HB-5501.HTM,2024,Raised Bill,Commerce Committee,AN ACT CONCERNING A STUDY OF MANUFACTURING ISSUES IN THE STATE.,To require the Commissioner of Economic and Community Development to study manufacturing issues in the state.,,(CE),ftp://ftp.cga.ct.gov/2024/cbs/h/HB-5501.HTM,https://www.cga.ct.gov/2024/TOB/h/pdf/2024HB-05501-R00-HB.pdf
HB-5502.HTM,2024,Raised Bill,Commerce Committee,AN ACT CONCERNING A STUDY OF PROGRAMS ADMINISTERED BY THE DEPARTMENT OF ECONOMIC AND COMMUNITY DEVELOPMENT.,To require the Commissioner of Economic and Community Development to study programs administered by the Department of Economic and Community Development.,"Rep. Travis Simms, 140th Dist.; ",(CE),ftp://ftp.cga.ct.gov/2024/cbs/h/HB-5502.HTM,https://www.cga.ct.gov/2024/TOB/h/pdf/2024HB-05502-R00-HB.pdf
HB-5503.HTM,2024,Raised Bill,Commerce Committee,"AN ACT CONCERNING INSURANCE MARKET CONDUCT AND INSURANCE LICENSING, THE INSURANCE DEPARTMENT'S TECHNICAL CORRECTIONS AND OTHER REVISIONS TO THE INSURANCE STATUTES AND CAPTIVE INSURANCE.","To require the Commissioner of Economic and Community Development to study workforce shortages, workforce development and training availability.","Rep. Travis Simms, 140th Dist.; Sen. Jorge Cabrera, 17th Dist.; Sen. Lisa Seminara, 8th Dist.; ",(CE),ftp://ftp.cga.ct.gov/2024/cbs/h/HB-5503.HTM,https://www.cga.ct.gov/2024/TOB/h/pdf/2024HB-05503-R00-HB.pdf
HB-5504.HTM,2024,Raised Bill,"Finance, Revenue and Bonding Committee",AN ACT CONCERNING FUNDING FOR THE AMERICA 250 SEMIQUINCENTENNIAL INITIATIVE.,To temporarily increase the rates of the room occupancy tax on hotels and lodging houses and the sales and use taxes on the rental or leasing of a passenger motor vehicle and dedicate the additional revenue generated from such increases to be used for the America 250 semiquincentennial initiative.,,(FIN),ftp://ftp.cga.ct.gov/2024/cbs/h/HB-5504.HTM,https://www.cga.ct.gov/2024/TOB/h/pdf/2024HB-05504-R00-HB.pdf
HB-5505.HTM,2024,Raised Bill,Judiciary Committee,"AN ACT CONCERNING SELF-DEFENSE, DEFENSE OF A THIRD PERSON AND ASSISTING IN OR EFFECTING AN ARREST AS AFFIRMATIVE DEFENSES.","To permit a defendant to request that a case or charge be dismissed due to an affirmative defense of self-defense, defense of a third person or assisting in or effecting the arrest of a person, and add to the list of factors a court considers when determining conditions of pretrial release of a defendant or arrested person whether such person has any available affirmative defenses.","Rep. Maryam Khan, 5th Dist.; Rep. Craig C. Fishbein, 90th Dist.; Rep. Susan M. Johnson, 49th Dist.; Rep. Aundre Bumgardner, 41st Dist.; Rep. Robyn A. Porter, 94th Dist.; Rep. Travis Simms, 140th Dist.; Rep. David Michel, 146th Dist.; Rep. Bobby G. Gibson, 15th Dist.; Rep. Hubert D. Delany, 144th Dist.; ",(JUD),ftp://ftp.cga.ct.gov/2024/cbs/h/HB-5505.HTM,https://www.cga.ct.gov/2024/TOB/h/pdf/2024HB-05505-R00-HB.pdf
HB-5506.HTM,2024,Raised Bill,Judiciary Committee,AN ACT CONCERNING FAMILIES WITH SERVICE NEEDS.,"To reestablish services for families with service needs, including those that include a child who is truant or habitually truant, and to permit a juvenile probation supervisor to refer the matter of alleged delinquency of a child to the court in the case of a child assigned to nonjudicial supervision following a nonjudicial disposition who violates the terms of such supervision.","Rep. Craig C. Fishbein, 90th Dist.; ",(JUD),ftp://ftp.cga.ct.gov/2024/cbs/h/HB-5506.HTM,https://www.cga.ct.gov/2024/TOB/h/pdf/2024HB-05506-R00-HB.pdf
HB-5507.HTM,2024,Raised Bill,Judiciary Committee,AN ACT CONCERNING CERTAIN PROCEEDINGS RELATING TO ELECTRIC TRANSMISSION LINES AND THE MEMBERSHIP AND PROCESSES OF THE CONNECTICUT SITING COUNCIL.,To amend a statutory provision relating to the rights of parties and intervenors in proceedings before the Siting Council relating to the construction of electric transmission lines.,"Sen. Tony Hwang, 28th Dist.; Rep. Jennifer Leeper, 132nd Dist.; Rep. Steven J. Stafstrom, 129th Dist.; Rep. Sarah Keitt, 134th Dist.; Rep. Cristin McCarthy Vahey, 133rd Dist.; Rep. Jason Doucette, 13th Dist.; Rep. Jaime S. Foster, 57th Dist.; Rep. Tom Delnicki, 14th Dist.; Rep. Kara Rochelle, 104th Dist.; Rep. Jonathan Steinberg, 136th Dist.; Rep. Matt Blumenthal, 147th Dist.; Rep. Holly H. Cheeseman, 37th Dist.",(JUD),ftp://ftp.cga.ct.gov/2024/cbs/h/HB-5507.HTM,https://www.cga.ct.gov/2024/TOB/h/pdf/2024HB-05507-R00-HB.pdf
HB-5508.HTM,2024,Raised Bill,Judiciary Committee,AN ACT CONCERNING RECOMMENDATIONS FROM THE JUVENILE JUSTICE POLICY AND OVERSIGHT COMMITTEE.,To enact the recommendations of the Juvenile Justice Policy and Oversight Committee.,"Rep. Anthony L. Nolan, 39th Dist.; Rep. Jillian Gilchrest, 18th Dist.; Rep. Josh Elliott, 88th Dist.; Rep. Robyn A. Porter, 94th Dist.; Rep. Geraldo C. Reyes, 75th Dist.; Rep. Henry J. Genga, 10th Dist.; Sen. Patricia Billie Miller, 27th Dist.; Sen. Lisa Seminara, 8th Dist.",(JUD),ftp://ftp.cga.ct.gov/2024/cbs/h/HB-5508.HTM,https://www.cga.ct.gov/2024/TOB/h/pdf/2024HB-05508-R00-HB.pdf
HB-5509.HTM,2024,Raised Bill,Judiciary Committee,"AN ACT CONCERNING THE ENTICEMENT OF A MINOR TO COMMIT A CRIME, SEARCHES OF A MOTOR VEHICLE, THE PSYCHIATRIC SECURITY REVIEW BOARD AND VICTIMS' COMPENSATION.","To (1) lower the age of the actor from twenty-three to twenty-one years for the offense of enticing a juvenile to commit a criminal act, (2) allow a law enforcement official to use the odor of cannabis as a basis to support an investigatory stop of a motor vehicle or search of a motor vehicle or person in a motor vehicle in cases where such official reasonably expects there is a minor under the age of eighteen years in such motor vehicle, (3) amend provisions concerning the Psychiatric Security Review Board to (A) provide that in adjudications regarding acquittees, the ""protection of society"" shall be the primary concern, (B) extend the waiting period governing when applications for temporary leave or conditional release may be filed from six months, to twelve months, (C) require the board to hold a hearing on all applications for temporary leave, (D) prohibit an acquittee who is granted temporary leave from being released from custody without supervision, and (E) require the board to use the evidentiary standard of clear and convincing evidence when an acquittee or applicant seeks an order less restrictive than the existing order, and (4) expand eligibility to the victim compensation fund to victims of motor vehicle theft and other property crimes.","Rep. Craig C. Fishbein, 90th Dist.; ",(JUD),ftp://ftp.cga.ct.gov/2024/cbs/h/HB-5509.HTM,https://www.cga.ct.gov/2024/TOB/h/pdf/2024HB-05509-R00-HB.pdf
HB-5510.HTM,2024,Raised Bill,Appropriations Committee,AN ACT CONCERNING FUNDING FOR STUDENT MEALS.,To provide funding for student meals.,"Rep. Rachel Khanna, 149th Dist.; Rep. Josh Elliott, 88th Dist.; Rep. Gary A. Turco, 27th Dist.; Rep. Hector Arzeno, 151st Dist.; Rep. Anne M. Hughes, 135th Dist.; Rep. Amy Morrin Bello, 28th Dist.; Rep. Kevin Brown, 56th Dist.; Sen. Julie Kushner, 24th Dist.; Rep. Matt Blumenthal, 147th Dist.; Rep. Geraldo C. Reyes, 75th Dist.; Rep. Fred Gee, 126th Dist.; Sen. Norman Needleman, 33rd Dist.; Sen. MD Rahman, 4th Dist.; Rep. Dominique Johnson, 143rd Dist.; Rep. Christine Conley, 40th Dist.; Rep. Anthony L. Nolan, 39th Dist.; Rep. Mike Demicco, 21st Dist.; Rep. Aundre Bumgardner, 41st Dist.; Rep. James Sanchez, 6th Dist.; Rep. Travis Simms, 140th Dist.; Rep. Henry J. Genga, 10th Dist.; Rep. Hubert D. Delany, 144th Dist.",(APP),ftp://ftp.cga.ct.gov/2024/cbs/h/HB-5510.HTM,https://www.cga.ct.gov/2024/TOB/h/pdf/2024HB-05510-R00-HB.pdf
HB-5511.HTM,2024,Raised Bill,Appropriations Committee,AN ACT CONCERNING THE OPIOID SETTLEMENT ADVISORY COMMITTEE.,To expand the membership of the Opioid Settlement Advisory Committee and make the Legislative Commissioners' Office recommended technical revisions.,"Rep. Kathleen M. McCarty, 38th Dist.; Rep. Tom Delnicki, 14th Dist.; Rep. Anthony L. Nolan, 39th Dist.; Rep. Tammy Nuccio, 53rd Dist.; Rep. Kathy Kennedy, 119th Dist.; Rep. Matt Blumenthal, 147th Dist.",(APP),ftp://ftp.cga.ct.gov/2024/cbs/h/HB-5511.HTM,https://www.cga.ct.gov/2024/TOB/h/pdf/2024HB-05511-R00-HB.pdf
HB-5512.HTM,2024,Raised Bill,"Finance, Revenue and Bonding Committee",AN ACT CONCERNING A STUDY OF STATE REVENUE COLLECTIONS.,To require the Commissioner of Revenue Services to study the Department of Revenue Services' collections processes.,,(FIN),ftp://ftp.cga.ct.gov/2024/cbs/h/HB-5512.HTM,https://www.cga.ct.gov/2024/TOB/h/pdf/2024HB-05512-R00-HB.pdf
HB-5513.HTM,2024,Raised Bill,"Finance, Revenue and Bonding Committee",AN ACT CONCERNING THE DEDUCTION AND WITHHOLDING OF PERSONAL INCOME TAX FROM CERTAIN PAYMENTS AND DISTRIBUTIONS.,"To (1) specify that payees of certain payments and distributions may request that an amount be deducted and withheld from such payments and distributions, and (2) provide that if a lump sum payee does not make such request, the amount to be withheld shall be at the highest marginal rate.",,(FIN),ftp://ftp.cga.ct.gov/2024/cbs/h/HB-5513.HTM,https://www.cga.ct.gov/2024/TOB/h/pdf/2024HB-05513-R00-HB.pdf
HB-5514.HTM,2024,Raised Bill,"Finance, Revenue and Bonding Committee",AN ACT CONCERNING AN ADDITIONAL TAX REDUCTION FOR ELIGIBLE HOMEOWNERS UNDER THE CIRCUIT BREAKER PROPERTY TAX RELIEF PROGRAM.,"To provide an additional tax reduction for the fiscal year ending June 30, 2025, for homeowners who qualify for the property tax relief program under section 12-170aa of the general statutes.","Rep. Travis Simms, 140th Dist.; ",(FIN),ftp://ftp.cga.ct.gov/2024/cbs/h/HB-5514.HTM,https://www.cga.ct.gov/2024/TOB/h/pdf/2024HB-05514-R00-HB.pdf
HB-5515.HTM,2024,Raised Bill,"Finance, Revenue and Bonding Committee",AN ACT ESTABLISHING THE MUNICIPAL EMPLOYEES RETIREMENT COMMISSION AND CONCERNING THE MUNICIPAL EMPLOYEES' RETIREMENT SYSTEM.,"To (1) establish a Municipal Employees Retirement Commission, (2) provide for the crediting of employment of a municipal retiree who accepts employment from a municipality that is not participating in the municipal employees' retirement system, and (3) require the Comptroller to create a municipal defined contribution retirement plan.",,(FIN),ftp://ftp.cga.ct.gov/2024/cbs/h/HB-5515.HTM,https://www.cga.ct.gov/2024/TOB/h/pdf/2024HB-05515-R00-HB.pdf
HB-5516.HTM,2024,Raised Bill,"Finance, Revenue and Bonding Committee",AN ACT CONCERNING A MUNICIPAL OPTION FOR A HOMESTEAD PROPERTY TAX EXEMPTION.,To exempt a percentage of the assessed value of certain owner-occupied dwellings from property tax and require the assessors of certain municipalities to submit a report of programmatic and legislative changes to implement the homestead property tax exemption.,"Rep. Eleni Kavros DeGraw, 17th Dist.; Sen. Tony Hwang, 28th Dist.; Sen. Saud Anwar, 3rd Dist.; ",(FIN),ftp://ftp.cga.ct.gov/2024/cbs/h/HB-5516.HTM,https://www.cga.ct.gov/2024/TOB/h/pdf/2024HB-05516-R00-HB.pdf
HB-5517.HTM,2024,Raised Bill,Government Administration and Elections Committee,AN ACT REPEALING THE PRIOR CONVEYANCE OF AND RECONVEYING A PARCEL OF STATE LAND IN THE TOWN OF WILTON.,To repeal a prior conveyance of a parcel of state land to the town of Wilton and sell the property at fair market value to the current tenant.,"Rep. Travis Simms, 140th Dist.; ",(GAE),ftp://ftp.cga.ct.gov/2024/cbs/h/HB-5517.HTM,https://www.cga.ct.gov/2024/TOB/h/pdf/2024HB-05517-R00-HB.pdf
HB-5518.HTM,2024,Raised Bill,Government Administration and Elections Committee,AN ACT CONCERNING THE CONVEYANCE OF A PARCEL OF STATE LAND IN THE TOWN OF CANTON.,To convey a parcel of state land in the town of Canton to the town of Canton for economic development purposes.,"Rep. Eleni Kavros DeGraw, 17th Dist.; Sen. Lisa Seminara, 8th Dist.",(GAE),ftp://ftp.cga.ct.gov/2024/cbs/h/HB-5518.HTM,https://www.cga.ct.gov/2024/TOB/h/pdf/2024HB-05518-R00-HB.pdf
HB-5519.HTM,2024,Raised Bill,Government Administration and Elections Committee,AN ACT CONCERNING A CONVEYANCE OF A PARCEL OF STATE LAND IN THE TOWN OF NEWINGTON.,To convey a parcel of state land in the town of Newington for purposes of annexation of said parcel by an adjacent property owner.,,(GAE),ftp://ftp.cga.ct.gov/2024/cbs/h/HB-5519.HTM,https://www.cga.ct.gov/2024/TOB/h/pdf/2024HB-05519-R00-HB.pdf
HB-5520.HTM,2024,Raised Bill,Government Administration and Elections Committee,AN ACT CONCERNING THE CONVEYANCE OF A PARCEL OF STATE LAND IN THE TOWN OF BERLIN.,To convey a parcel of state land in the town of Berlin at fair market value.,,(GAE),ftp://ftp.cga.ct.gov/2024/cbs/h/HB-5520.HTM,https://www.cga.ct.gov/2024/TOB/h/pdf/2024HB-05520-R00-HB.pdf
HB-5521.HTM,2024,Raised Bill,Government Administration and Elections Committee,AN ACT CONCERNING A CONVEYANCE OF A PARCEL OF STATE LAND IN THE TOWN OF CHESHIRE.,To convey a parcel of state land in the town of Cheshire to the town of Cheshire for economic development purposes.,"Sen. Rob Sampson, 16th Dist.; ",(GAE),ftp://ftp.cga.ct.gov/2024/cbs/h/HB-5521.HTM,https://www.cga.ct.gov/2024/TOB/h/pdf/2024HB-05521-R00-HB.pdf
HB-5522.HTM,2024,Raised Bill,Government Administration and Elections Committee,AN ACT LEASING A PARCEL OF STATE LAND IN THE TOWN OF WOODSTOCK.,"To convey a parcel of state land in the town of Woodstock to the YMCA of Metropolitan Hartford, Inc. for seasonal recreation and other purposes related to Camp Woodstock.","Sen. Jeff Gordon, 35th Dist.; Rep. Patrick S. Boyd, 50th Dist.; Rep. Kerry S. Wood, 29th Dist.; Rep. Kurt Vail, 52nd Dist.; Rep. Brian Lanoue, 45th Dist.; ",(GAE),ftp://ftp.cga.ct.gov/2024/cbs/h/HB-5522.HTM,https://www.cga.ct.gov/2024/TOB/h/pdf/2024HB-05522-R00-HB.pdf
HB-5523.HTM,2024,Unknown,"REP. MATTHEW RITTER, 1st DIST.SEN. MARTIN M. LOONEY, 11th DIST.REP. JASON ROJAS, 9th DIST.SEN. BOB DUFF, 25th DIST.","AN ACT CONCERNING ALLOCATIONS OF FEDERAL AMERICAN RESCUE PLAN ACT FUNDS AND PROVISIONS RELATED TO GENERAL GOVERNMENT, HUMAN SERVICES, EDUCATION AND THE BIENNIUM ENDING JUNE 30, 2025.",,"Rep. James Sanchez, 6th Dist.; Rep. Hilda E. Santiago, 84th Dist.; Rep. Larry B. Butler, 72nd Dist.; Rep. Juan R. Candelaria, 95th Dist.; Rep. Christopher Rosario, 128th Dist.; Rep. Michael D Quinn, 82nd Dist.; Rep. Bobby G. Gibson, 15th Dist.; Rep. Kara Rochelle, 104th Dist.; Rep. Hubert D. Delany, 144th Dist.; Rep. Farley Santos, 109th Dist.; Rep. Henry J. Genga, 10th Dist.; Sen. Patricia Billie Miller, 27th Dist.; Sen. Kevin C. Kelly, 21st Dist.; Rep. Matt Blumenthal, 147th Dist.; Rep. David Michel, 146th Dist.; ","REP. RITTER M., 1st Dist. ; SEN. LOONEY, 11th Dist. ; REP. ROJAS, 9th Dist. ; SEN. DUFF, 25th Dist.",ftp://ftp.cga.ct.gov/2024/cbs/h/HB-5523.HTM,https://www.cga.ct.gov/2024/TOB/h/pdf/2024HB-05523-R00-HB.pdf
HB-5524.HTM,2024,Unknown,"REP. MATTHEW RITTER, 1st DIST.SEN. MARTIN M. LOONEY, 11th DIST.REP. JASON ROJAS, 9th DIST.SEN. BOB DUFF, 25th DIST.","AN ACT AUTHORIZING AND ADJUSTING BONDS OF THE STATE AND CONCERNING PROVISIONS RELATED TO STATE AND MUNICIPAL TAX ADMINISTRATION, GENERAL GOVERNMENT AND SCHOOL BUILDING PROJECTS.",,"Rep. Robert Sanchez, 25th Dist.; Rep. Bobby G. Gibson, 15th Dist.; Rep. Henry J. Genga, 10th Dist.; Rep. Farley Santos, 109th Dist.","REP. RITTER M., 1st Dist. ; SEN. LOONEY, 11th Dist. ; REP. ROJAS, 9th Dist. ; SEN. DUFF, 25th Dist.",ftp://ftp.cga.ct.gov/2024/cbs/h/HB-5524.HTM,https://www.cga.ct.gov/2024/TOB/h/pdf/2024HB-05524-R00-HB.pdf
HJ-0001.HTM,2024,Unknown,"REP. STEVEN J. STAFSTROM, 129th DIST.SEN. GARY A. WINFIELD, 10th DIST.",RESOLUTION CONFIRMING THE NOMINATION OF THE HONORABLE ROBERT E. YOUNG OF SOUTH GLASTONBURY TO BE A SENIOR JUDGE OF THE SUPERIOR COURT.,,,"REP. STAFSTROM, 129th Dist. ; SEN. WINFIELD, 10th Dist.",ftp://ftp.cga.ct.gov/2024/cbs/h/HJ-0001.HTM,https://www.cga.ct.gov/2024/TOB/h/pdf/2024HJ-00001-R00-HB.pdf
HJ-0002.HTM,2024,Unknown,"REP. STEVEN J. STAFSTROM, 129th DIST.SEN. GARY A. WINFIELD, 10th DIST.",RESOLUTION CONFIRMING THE NOMINATION OF THE HONORABLE GERALD L. HARMON OF SOUTHINGTON TO BE A JUDGE OF THE SUPERIOR COURT.,,,"REP. STAFSTROM, 129th Dist. ; SEN. WINFIELD, 10th Dist.",ftp://ftp.cga.ct.gov/2024/cbs/h/HJ-0002.HTM,https://www.cga.ct.gov/2024/TOB/h/pdf/2024HJ-00002-R00-HB.pdf
HJ-0003.HTM,2024,Unknown,"REP. STEVEN J. STAFSTROM, 129th DIST.SEN. GARY A. WINFIELD, 10th DIST.",RESOLUTION CONFIRMING THE NOMINATION OF THE HONORABLE DAVID P. GOLD OF MIDDLEFIELD TO BE A JUDGE OF THE SUPERIOR COURT.,,,"REP. STAFSTROM, 129th Dist. ; SEN. WINFIELD, 10th Dist.",ftp://ftp.cga.ct.gov/2024/cbs/h/HJ-0003.HTM,https://www.cga.ct.gov/2024/TOB/h/pdf/2024HJ-00003-R00-HB.pdf
HJ-0004.HTM,2024,Unknown,"REP. STEVEN J. STAFSTROM, 129th DIST.SEN. GARY A. WINFIELD, 10th DIST.",RESOLUTION CONFIRMING THE NOMINATION OF THE HONORABLE JOHN B. FARLEY OF BLOOMFIELD TO BE A JUDGE OF THE SUPERIOR COURT.,,,"REP. STAFSTROM, 129th Dist. ; SEN. WINFIELD, 10th Dist.",ftp://ftp.cga.ct.gov/2024/cbs/h/HJ-0004.HTM,https://www.cga.ct.gov/2024/TOB/h/pdf/2024HJ-00004-R00-HB.pdf
HJ-0005.HTM,2024,Unknown,"REP. STEVEN J. STAFSTROM, 129th DIST.SEN. GARY A. WINFIELD, 10th DIST.",RESOLUTION CONFIRMING THE NOMINATION OF THE HONORABLE EDWARD S. DOMNARSKI OF ESSEX TO BE A STATE REFEREE.,,,"REP. STAFSTROM, 129th Dist. ; SEN. WINFIELD, 10th Dist.",ftp://ftp.cga.ct.gov/2024/cbs/h/HJ-0005.HTM,https://www.cga.ct.gov/2024/TOB/h/pdf/2024HJ-00005-R00-HB.pdf
HJ-0006.HTM,2024,Unknown,"REP. STEVEN J. STAFSTROM, 129th DIST.SEN. GARY A. WINFIELD, 10th DIST.","RESOLUTION CONFIRMING THE NOMINATION OF THE HONORABLE JOSEPH A. LICARI, JR. OF BRANFORD TO BE A STATE REFEREE.",,,"REP. STAFSTROM, 129th Dist. ; SEN. WINFIELD, 10th Dist.",ftp://ftp.cga.ct.gov/2024/cbs/h/HJ-0006.HTM,https://www.cga.ct.gov/2024/TOB/h/pdf/2024HJ-00006-R00-HB.pdf
HJ-0007.HTM,2024,Unknown,"REP. STEVEN J. STAFSTROM, 129th DIST.SEN. GARY A. WINFIELD, 10th DIST.",RESOLUTION CONFIRMING THE NOMINATION OF THE HONORABLE WILLIAM T. CREMINS OF MIDDLEBURY TO BE A STATE REFEREE.,,"Sen. Eric C. Berthel, 32nd Dist.; ","REP. STAFSTROM, 129th Dist. ; SEN. WINFIELD, 10th Dist.",ftp://ftp.cga.ct.gov/2024/cbs/h/HJ-0007.HTM,https://www.cga.ct.gov/2024/TOB/h/pdf/2024HJ-00007-R00-HB.pdf
HJ-0008.HTM,2024,Unknown,"REP. STEVEN J. STAFSTROM, 129th DIST.SEN. GARY A. WINFIELD, 10th DIST.","RESOLUTION CONFIRMING THE NOMINATION OF THE HONORABLE EDDIE RODRIGUEZ, JR. OF EASTON TO BE A STATE REFEREE.",,,"REP. STAFSTROM, 129th Dist. ; SEN. WINFIELD, 10th Dist.",ftp://ftp.cga.ct.gov/2024/cbs/h/HJ-0008.HTM,https://www.cga.ct.gov/2024/TOB/h/pdf/2024HJ-00008-R00-HB.pdf
HJ-0009.HTM,2024,Unknown,"REP. STEVEN J. STAFSTROM, 129th DIST.SEN. GARY A. WINFIELD, 10th DIST.",RESOLUTION CONFIRMING THE NOMINATION OF THE HONORABLE CHRISTINE S. VERTEFEUILLE OF EAST HAVEN TO BE A STATE REFEREE.,,,"REP. STAFSTROM, 129th Dist. ; SEN. WINFIELD, 10th Dist.",ftp://ftp.cga.ct.gov/2024/cbs/h/HJ-0009.HTM,https://www.cga.ct.gov/2024/TOB/h/pdf/2024HJ-00009-R00-HB.pdf
HJ-0010.HTM,2024,Unknown,"REP. STEVEN J. STAFSTROM, 129th DIST.SEN. GARY A. WINFIELD, 10th DIST.",RESOLUTION CONFIRMING THE NOMINATION OF THE HONORABLE MATTHEW E. FRECHETTE OF BRANFORD TO BE A JUDGE OF THE SUPERIOR COURT.,,,"REP. STAFSTROM, 129th Dist. ; SEN. WINFIELD, 10th Dist.",ftp://ftp.cga.ct.gov/2024/cbs/h/HJ-0010.HTM,https://www.cga.ct.gov/2024/TOB/h/pdf/2024HJ-00010-R00-HB.pdf
HJ-0011.HTM,2024,Unknown,"REP. STEVEN J. STAFSTROM, 129th DIST.SEN. GARY A. WINFIELD, 10th DIST.",RESOLUTION CONFIRMING THE NOMINATION OF THE HONORABLE MARK T. GOULD OF NORTH HAVEN TO BE A JUDGE OF THE SUPERIOR COURT.,,,"REP. STAFSTROM, 129th Dist. ; SEN. WINFIELD, 10th Dist.",ftp://ftp.cga.ct.gov/2024/cbs/h/HJ-0011.HTM,https://www.cga.ct.gov/2024/TOB/h/pdf/2024HJ-00011-R00-HB.pdf
HJ-0012.HTM,2024,Unknown,"REP. STEVEN J. STAFSTROM, 129th DIST.SEN. GARY A. WINFIELD, 10th DIST.",RESOLUTION CONFIRMING THE NOMINATION OF THE HONORABLE BARBARA BAILEY JONGBLOED OF MADISON TO BE A JUDGE OF THE SUPERIOR COURT.,,,"REP. STAFSTROM, 129th Dist. ; SEN. WINFIELD, 10th Dist.",ftp://ftp.cga.ct.gov/2024/cbs/h/HJ-0012.HTM,https://www.cga.ct.gov/2024/TOB/h/pdf/2024HJ-00012-R00-HB.pdf
HJ-0013.HTM,2024,Unknown,"REP. STEVEN J. STAFSTROM, 129th DIST.SEN. GARY A. WINFIELD, 10th DIST.",RESOLUTION CONFIRMING THE NOMINATION OF THE HONORABLE BARBARA BRAZZEL-MASSARO OF TRUMBULL TO BE A STATE REFEREE.,,,"REP. STAFSTROM, 129th Dist. ; SEN. WINFIELD, 10th Dist.",ftp://ftp.cga.ct.gov/2024/cbs/h/HJ-0013.HTM,https://www.cga.ct.gov/2024/TOB/h/pdf/2024HJ-00013-R00-HB.pdf
HJ-0014.HTM,2024,Unknown,"REP. STEVEN J. STAFSTROM, 129th DIST.SEN. GARY A. WINFIELD, 10th DIST.",RESOLUTION CONFIRMING THE NOMINATION OF THE HONORABLE MICHAEL R. DANNEHY OF MANCHESTER TO BE A STATE REFEREE.,,,"REP. STAFSTROM, 129th Dist. ; SEN. WINFIELD, 10th Dist.",ftp://ftp.cga.ct.gov/2024/cbs/h/HJ-0014.HTM,https://www.cga.ct.gov/2024/TOB/h/pdf/2024HJ-00014-R00-HB.pdf
HJ-0015.HTM,2024,Unknown,"REP. STEVEN J. STAFSTROM, 129th DIST.SEN. GARY A. WINFIELD, 10th DIST.",RESOLUTION CONFIRMING THE NOMINATION OF THE HONORABLE JOSEPH H. PELLEGRINO OF EAST HAVEN TO BE A STATE REFEREE.,,,"REP. STAFSTROM, 129th Dist. ; SEN. WINFIELD, 10th Dist.",ftp://ftp.cga.ct.gov/2024/cbs/h/HJ-0015.HTM,https://www.cga.ct.gov/2024/TOB/h/pdf/2024HJ-00015-R00-HB.pdf
HJ-0016.HTM,2024,Unknown,"REP. STEVEN J. STAFSTROM, 129th DIST.SEN. GARY A. WINFIELD, 10th DIST.",RESOLUTION CONFIRMING THE NOMINATION OF THE HONORABLE DONALD R. GREEN OF MERIDEN TO BE A FAMILY SUPPORT MAGISTRATE.,,,"REP. STAFSTROM, 129th Dist. ; SEN. WINFIELD, 10th Dist.",ftp://ftp.cga.ct.gov/2024/cbs/h/HJ-0016.HTM,https://www.cga.ct.gov/2024/TOB/h/pdf/2024HJ-00016-R00-HB.pdf
HJ-0017.HTM,2024,Unknown,"REP. STEVEN J. STAFSTROM, 129th DIST.SEN. GARY A. WINFIELD, 10th DIST.",RESOLUTION CONFIRMING THE NOMINATION OF THE HONORABLE DAWNE G. WESTBROOK OF GLASTONBURY TO BE A JUDGE OF THE APPELLATE COURT AND A JUDGE OF THE SUPERIOR COURT.,,,"REP. STAFSTROM, 129th Dist. ; SEN. WINFIELD, 10th Dist.",ftp://ftp.cga.ct.gov/2024/cbs/h/HJ-0017.HTM,https://www.cga.ct.gov/2024/TOB/h/pdf/2024HJ-00017-R00-HB.pdf
HJ-0018.HTM,2024,Unknown,"REP. STEVEN J. STAFSTROM, 129th DIST.SEN. GARY A. WINFIELD, 10th DIST.","RESOLUTION CONFIRMING THE NOMINATION OF THE HONORABLE EDWARD T. KRUMEICH, II, OF GREENWICH TO BE A STATE REFEREE.",,,"REP. STAFSTROM, 129th Dist. ; SEN. WINFIELD, 10th Dist.",ftp://ftp.cga.ct.gov/2024/cbs/h/HJ-0018.HTM,https://www.cga.ct.gov/2024/TOB/h/pdf/2024HJ-00018-R00-HB.pdf
HJ-0019.HTM,2024,Unknown,"REP. JULIO A. CONCEPCION, 4th DIST.SEN. BOB DUFF, 25th DIST.",RESOLUTION CONFIRMING THE NOMINATION OF RICHARD BALDUCCI OF DEEP RIVER TO BE REAPPOINTED A MEMBER OF THE BOARD OF REGENTS FOR HIGHER EDUCATION.,,,"REP. CONCEPCION, 4th Dist. ; SEN. DUFF, 25th Dist.",ftp://ftp.cga.ct.gov/2024/cbs/h/HJ-0019.HTM,https://www.cga.ct.gov/2024/TOB/h/pdf/2024HJ-00019-R00-HB.pdf
HJ-0020.HTM,2024,Unknown,"REP. JULIO A. CONCEPCION, 4th DIST.SEN. BOB DUFF, 25th DIST.",RESOLUTION CONFIRMING THE NOMINATION OF NICHOLAS KAPOOR OF MONROE TO BE REAPPOINTED A MEMBER OF THE COMMISSION ON HUMAN RIGHTS AND OPPORTUNITIES.,,,"REP. CONCEPCION, 4th Dist. ; SEN. DUFF, 25th Dist.",ftp://ftp.cga.ct.gov/2024/cbs/h/HJ-0020.HTM,https://www.cga.ct.gov/2024/TOB/h/pdf/2024HJ-00020-R00-HB.pdf
HJ-0021.HTM,2024,Unknown,Judiciary Committee,RESOLUTION CONFIRMING THE CLAIMS COMMISSIONER'S COMPENSATION AWARD TO CHRISTOPHER GASKIN WITH RESPECT TO HIS CLAIM AGAINST THE STATE FOR WRONGFUL INCARCERATION.,,,(JUD),ftp://ftp.cga.ct.gov/2024/cbs/h/HJ-0021.HTM,https://www.cga.ct.gov/2024/TOB/h/pdf/2024HJ-00021-R00-HB.pdf
HJ-0022.HTM,2024,Unknown,Judiciary Committee,RESOLUTION CONFIRMING THE CLAIMS COMMISSIONER'S COMPENSATION AWARD TO RONNIE ELLIS WITH RESPECT TO HIS CLAIM AGAINST THE STATE FOR WRONGFUL INCARCERATION.,,,(JUD),ftp://ftp.cga.ct.gov/2024/cbs/h/HJ-0022.HTM,https://www.cga.ct.gov/2024/TOB/h/pdf/2024HJ-00022-R00-HB.pdf
HJ-0023.HTM,2024,Unknown,Judiciary Committee,RESOLUTION GRANTING THE CLAIMS COMMISSIONER EXTENSIONS OF TIME TO DISPOSE OF CERTAIN CLAIMS AGAINST THE STATE.,,,(JUD),ftp://ftp.cga.ct.gov/2024/cbs/h/HJ-0023.HTM,https://www.cga.ct.gov/2024/TOB/h/pdf/2024HJ-00023-R00-HB.pdf
HJ-0024.HTM,2024,Unknown,Judiciary Committee,RESOLUTION GRANTING THE CLAIMS COMMISSIONER AN EXTENSION OF TIME TO DISPOSE OF THE CLAIM OF CARLOS OTERO.,,,(JUD),ftp://ftp.cga.ct.gov/2024/cbs/h/HJ-0024.HTM,https://www.cga.ct.gov/2024/TOB/h/pdf/2024HJ-00024-R00-HB.pdf
HJ-0025.HTM,2024,Unknown,Judiciary Committee,RESOLUTION GRANTING THE CLAIMS COMMISSIONER AN EXTENSION OF TIME TO DISPOSE OF THE CLAIM OF ERNEST JONES.,,,(JUD),ftp://ftp.cga.ct.gov/2024/cbs/h/HJ-0025.HTM,https://www.cga.ct.gov/2024/TOB/h/pdf/2024HJ-00025-R00-HB.pdf
HJ-0026.HTM,2024,Unknown,Judiciary Committee,RESOLUTION GRANTING THE CLAIMS COMMISSIONER AN EXTENSION OF TIME TO DISPOSE OF THE CLAIM OF JOSE VASQUEZ.,,,(JUD),ftp://ftp.cga.ct.gov/2024/cbs/h/HJ-0026.HTM,https://www.cga.ct.gov/2024/TOB/h/pdf/2024HJ-00026-R00-HB.pdf
HJ-0027.HTM,2024,Unknown,Judiciary Committee,RESOLUTION GRANTING THE CLAIMS COMMISSIONER AN EXTENSION OF TIME TO DISPOSE OF THE CLAIM OF ANTHONY RANDOLPH.,,,(JUD),ftp://ftp.cga.ct.gov/2024/cbs/h/HJ-0027.HTM,https://www.cga.ct.gov/2024/TOB/h/pdf/2024HJ-00027-R00-HB.pdf
HJ-0028.HTM,2024,Unknown,Judiciary Committee,RESOLUTION GRANTING THE CLAIMS COMMISSIONER AN EXTENSION OF TIME TO DISPOSE OF THE CLAIM OF LUIZ CASANOVA.,,,(JUD),ftp://ftp.cga.ct.gov/2024/cbs/h/HJ-0028.HTM,https://www.cga.ct.gov/2024/TOB/h/pdf/2024HJ-00028-R00-HB.pdf
HJ-0029.HTM,2024,Unknown,Judiciary Committee,RESOLUTION GRANTING THE CLAIMS COMMISSIONER AN EXTENSION OF TIME TO DISPOSE OF THE CLAIM OF LENNY PARIS.,,,(JUD),ftp://ftp.cga.ct.gov/2024/cbs/h/HJ-0029.HTM,https://www.cga.ct.gov/2024/TOB/h/pdf/2024HJ-00029-R00-HB.pdf
HJ-0030.HTM,2024,Unknown,Judiciary Committee,RESOLUTION GRANTING THE CLAIMS COMMISSIONER AN EXTENSION OF TIME TO DISPOSE OF THE CLAIM OF ANTHONY RIVERA.,,,(JUD),ftp://ftp.cga.ct.gov/2024/cbs/h/HJ-0030.HTM,https://www.cga.ct.gov/2024/TOB/h/pdf/2024HJ-00030-R00-HB.pdf
HJ-0031.HTM,2024,Unknown,Judiciary Committee,RESOLUTION GRANTING THE CLAIMS COMMISSIONER AN EXTENSION OF TIME TO DISPOSE OF THE CLAIM OF MARQUES SAMPSON.,,,(JUD),ftp://ftp.cga.ct.gov/2024/cbs/h/HJ-0031.HTM,https://www.cga.ct.gov/2024/TOB/h/pdf/2024HJ-00031-R00-HB.pdf
HJ-0032.HTM,2024,Unknown,Judiciary Committee,RESOLUTION GRANTING THE CLAIMS COMMISSIONER AN EXTENSION OF TIME TO DISPOSE OF THE CLAIM OF DANIEL TOPAR.,,,(JUD),ftp://ftp.cga.ct.gov/2024/cbs/h/HJ-0032.HTM,https://www.cga.ct.gov/2024/TOB/h/pdf/2024HJ-00032-R00-HB.pdf
HJ-0033.HTM,2024,Unknown,Judiciary Committee,RESOLUTION GRANTING THE CLAIMS COMMISSIONER AN EXTENSION OF TIME TO DISPOSE OF THE CLAIM OF DANIEL TOPAR.,,,(JUD),ftp://ftp.cga.ct.gov/2024/cbs/h/HJ-0033.HTM,https://www.cga.ct.gov/2024/TOB/h/pdf/2024HJ-00033-R00-HB.pdf
HJ-0034.HTM,2024,Unknown,Judiciary Committee,RESOLUTION GRANTING THE CLAIMS COMMISSIONER AN EXTENSION OF TIME TO DISPOSE OF THE CLAIM OF DANIEL TOPAR.,,,(JUD),ftp://ftp.cga.ct.gov/2024/cbs/h/HJ-0034.HTM,https://www.cga.ct.gov/2024/TOB/h/pdf/2024HJ-00034-R00-HB.pdf
HJ-0035.HTM,2024,Unknown,Judiciary Committee,RESOLUTION GRANTING THE CLAIMS COMMISSIONER AN EXTENSION OF TIME TO DISPOSE OF THE CLAIM OF SALVADOR CONCEPCION.,,,(JUD),ftp://ftp.cga.ct.gov/2024/cbs/h/HJ-0035.HTM,https://www.cga.ct.gov/2024/TOB/h/pdf/2024HJ-00035-R00-HB.pdf
HJ-0036.HTM,2024,Unknown,Judiciary Committee,RESOLUTION GRANTING THE CLAIMS COMMISSIONER AN EXTENSION OF TIME TO DISPOSE OF THE CLAIM OF PAMELA BROWN.,,,(JUD),ftp://ftp.cga.ct.gov/2024/cbs/h/HJ-0036.HTM,https://www.cga.ct.gov/2024/TOB/h/pdf/2024HJ-00036-R00-HB.pdf
HJ-0037.HTM,2024,Unknown,Judiciary Committee,RESOLUTION GRANTING THE CLAIMS COMMISSIONER AN EXTENSION OF TIME TO DISPOSE OF THE CLAIM OF MARCUS RADCLIFFE.,,,(JUD),ftp://ftp.cga.ct.gov/2024/cbs/h/HJ-0037.HTM,https://www.cga.ct.gov/2024/TOB/h/pdf/2024HJ-00037-R00-HB.pdf
HJ-0038.HTM,2024,Unknown,Judiciary Committee,RESOLUTION GRANTING THE CLAIMS COMMISSIONER AN EXTENSION OF TIME TO DISPOSE OF THE CLAIM OF DANIEL TOPAR.,,,(JUD),ftp://ftp.cga.ct.gov/2024/cbs/h/HJ-0038.HTM,https://www.cga.ct.gov/2024/TOB/h/pdf/2024HJ-00038-R00-HB.pdf
HJ-0039.HTM,2024,Unknown,Judiciary Committee,"RESOLUTION GRANTING THE CLAIMS COMMISSIONER AN EXTENSION OF TIME TO DISPOSE OF THE CLAIM OF WE CARE SERVICES, LLC.",,,(JUD),ftp://ftp.cga.ct.gov/2024/cbs/h/HJ-0039.HTM,https://www.cga.ct.gov/2024/TOB/h/pdf/2024HJ-00039-R00-HB.pdf
HJ-0040.HTM,2024,Unknown,Judiciary Committee,RESOLUTION GRANTING THE CLAIMS COMMISSIONER AN EXTENSION OF TIME TO DISPOSE OF THE CLAIM OF DANIEL TOPAR.,,,(JUD),ftp://ftp.cga.ct.gov/2024/cbs/h/HJ-0040.HTM,https://www.cga.ct.gov/2024/TOB/h/pdf/2024HJ-00040-R00-HB.pdf
HJ-0041.HTM,2024,Unknown,Judiciary Committee,RESOLUTION GRANTING THE CLAIMS COMMISSIONER AN EXTENSION OF TIME TO DISPOSE OF THE CLAIM OF DANIEL TOPAR.,,,(JUD),ftp://ftp.cga.ct.gov/2024/cbs/h/HJ-0041.HTM,https://www.cga.ct.gov/2024/TOB/h/pdf/2024HJ-00041-R00-HB.pdf
HJ-0042.HTM,2024,Unknown,Judiciary Committee,RESOLUTION GRANTING THE CLAIMS COMMISSIONER AN EXTENSION OF TIME TO DISPOSE OF THE CLAIM OF DANIEL TOPAR.,,,(JUD),ftp://ftp.cga.ct.gov/2024/cbs/h/HJ-0042.HTM,https://www.cga.ct.gov/2024/TOB/h/pdf/2024HJ-00042-R00-HB.pdf
HJ-0043.HTM,2024,Unknown,Judiciary Committee,RESOLUTION GRANTING THE CLAIMS COMMISSIONER AN EXTENSION OF TIME TO DISPOSE OF THE CLAIM OF JOSE VASQUEZ.,,,(JUD),ftp://ftp.cga.ct.gov/2024/cbs/h/HJ-0043.HTM,https://www.cga.ct.gov/2024/TOB/h/pdf/2024HJ-00043-R00-HB.pdf
HJ-0044.HTM,2024,Unknown,Judiciary Committee,RESOLUTION GRANTING THE CLAIMS COMMISSIONER AN EXTENSION OF TIME TO DISPOSE OF THE CLAIM OF DANIEL TOPAR.,,,(JUD),ftp://ftp.cga.ct.gov/2024/cbs/h/HJ-0044.HTM,https://www.cga.ct.gov/2024/TOB/h/pdf/2024HJ-00044-R00-HB.pdf
HJ-0045.HTM,2024,Unknown,Judiciary Committee,RESOLUTION GRANTING THE CLAIMS COMMISSIONER AN EXTENSION OF TIME TO DISPOSE OF THE CLAIM OF KAREN GASTON.,,,(JUD),ftp://ftp.cga.ct.gov/2024/cbs/h/HJ-0045.HTM,https://www.cga.ct.gov/2024/TOB/h/pdf/2024HJ-00045-R00-HB.pdf
HJ-0046.HTM,2024,Unknown,Judiciary Committee,RESOLUTION GRANTING THE CLAIMS COMMISSIONER AN EXTENSION OF TIME TO DISPOSE OF THE CLAIM OF KAREN LONG.,,,(JUD),ftp://ftp.cga.ct.gov/2024/cbs/h/HJ-0046.HTM,https://www.cga.ct.gov/2024/TOB/h/pdf/2024HJ-00046-R00-HB.pdf
HJ-0047.HTM,2024,Unknown,Judiciary Committee,RESOLUTION GRANTING THE CLAIMS COMMISSIONER AN EXTENSION OF TIME TO DISPOSE OF THE CLAIM OF BUDDY KAIYALA.,,,(JUD),ftp://ftp.cga.ct.gov/2024/cbs/h/HJ-0047.HTM,https://www.cga.ct.gov/2024/TOB/h/pdf/2024HJ-00047-R00-HB.pdf
HJ-0048.HTM,2024,Unknown,Judiciary Committee,RESOLUTION GRANTING THE CLAIMS COMMISSIONER AN EXTENSION OF TIME TO DISPOSE OF THE CLAIM OF MICHELLE DUKES-BEACH.,,,(JUD),ftp://ftp.cga.ct.gov/2024/cbs/h/HJ-0048.HTM,https://www.cga.ct.gov/2024/TOB/h/pdf/2024HJ-00048-R00-HB.pdf
HJ-0049.HTM,2024,Unknown,Judiciary Committee,RESOLUTION GRANTING THE CLAIMS COMMISSIONER AN EXTENSION OF TIME TO DISPOSE OF THE CLAIM OF DONALD WATKINS.,,,(JUD),ftp://ftp.cga.ct.gov/2024/cbs/h/HJ-0049.HTM,https://www.cga.ct.gov/2024/TOB/h/pdf/2024HJ-00049-R00-HB.pdf
HJ-0050.HTM,2024,Unknown,Judiciary Committee,"RESOLUTION GRANTING THE CLAIMS COMMISSIONER AN EXTENSION OF TIME TO DISPOSE OF THE CLAIM OF LENCI GJINO, ADMINISTRATOR FOR THE ESTATE OF DHIMITRI GJINO.",,,(JUD),ftp://ftp.cga.ct.gov/2024/cbs/h/HJ-0050.HTM,https://www.cga.ct.gov/2024/TOB/h/pdf/2024HJ-00050-R00-HB.pdf
HJ-0051.HTM,2024,Unknown,Judiciary Committee,RESOLUTION GRANTING THE CLAIMS COMMISSIONER AN EXTENSION OF TIME TO DISPOSE OF THE CLAIM OF BRYAN MITCHELL.,,,(JUD),ftp://ftp.cga.ct.gov/2024/cbs/h/HJ-0051.HTM,https://www.cga.ct.gov/2024/TOB/h/pdf/2024HJ-00051-R00-HB.pdf
HJ-0052.HTM,2024,Unknown,Judiciary Committee,RESOLUTION GRANTING THE CLAIMS COMMISSIONER AN EXTENSION OF TIME TO DISPOSE OF THE CLAIM OF CHRISTOPHER WASBERG.,,,(JUD),ftp://ftp.cga.ct.gov/2024/cbs/h/HJ-0052.HTM,https://www.cga.ct.gov/2024/TOB/h/pdf/2024HJ-00052-R00-HB.pdf
HJ-0053.HTM,2024,Unknown,Judiciary Committee,RESOLUTION GRANTING THE CLAIMS COMMISSIONER AN EXTENSION OF TIME TO DISPOSE OF THE CLAIM OF FRANCISCO MORAN.,,,(JUD),ftp://ftp.cga.ct.gov/2024/cbs/h/HJ-0053.HTM,https://www.cga.ct.gov/2024/TOB/h/pdf/2024HJ-00053-R00-HB.pdf
HJ-0054.HTM,2024,Unknown,Judiciary Committee,RESOLUTION GRANTING THE CLAIMS COMMISSIONER AN EXTENSION OF TIME TO DISPOSE OF THE CLAIM OF EDMUND PARIS.,,,(JUD),ftp://ftp.cga.ct.gov/2024/cbs/h/HJ-0054.HTM,https://www.cga.ct.gov/2024/TOB/h/pdf/2024HJ-00054-R00-HB.pdf
HJ-0055.HTM,2024,Unknown,Judiciary Committee,RESOLUTION GRANTING THE CLAIMS COMMISSIONER AN EXTENSION OF TIME TO DISPOSE OF THE CLAIM OF DEIRDRE COLETTE GLASCOE.,,,(JUD),ftp://ftp.cga.ct.gov/2024/cbs/h/HJ-0055.HTM,https://www.cga.ct.gov/2024/TOB/h/pdf/2024HJ-00055-R00-HB.pdf
HJ-0056.HTM,2024,Unknown,Judiciary Committee,RESOLUTION GRANTING THE CLAIMS COMMISSIONER AN EXTENSION OF TIME TO DISPOSE OF THE CLAIM OF HASHIM ABDULQADIR.,,,(JUD),ftp://ftp.cga.ct.gov/2024/cbs/h/HJ-0056.HTM,https://www.cga.ct.gov/2024/TOB/h/pdf/2024HJ-00056-R00-HB.pdf
HJ-0057.HTM,2024,Unknown,Judiciary Committee,RESOLUTION GRANTING THE CLAIMS COMMISSIONER AN EXTENSION OF TIME TO DISPOSE OF THE CLAIM OF JORGE OTERO.,,,(JUD),ftp://ftp.cga.ct.gov/2024/cbs/h/HJ-0057.HTM,https://www.cga.ct.gov/2024/TOB/h/pdf/2024HJ-00057-R00-HB.pdf
HJ-0058.HTM,2024,Unknown,Judiciary Committee,RESOLUTION GRANTING THE CLAIMS COMMISSIONER AN EXTENSION OF TIME TO DISPOSE OF THE CLAIM OF STEVE SIMPSON.,,,(JUD),ftp://ftp.cga.ct.gov/2024/cbs/h/HJ-0058.HTM,https://www.cga.ct.gov/2024/TOB/h/pdf/2024HJ-00058-R00-HB.pdf
HJ-0059.HTM,2024,Unknown,Judiciary Committee,RESOLUTION GRANTING THE CLAIMS COMMISSIONER AN EXTENSION OF TIME TO DISPOSE OF THE CLAIM OF JULIE LAMOTHE.,,,(JUD),ftp://ftp.cga.ct.gov/2024/cbs/h/HJ-0059.HTM,https://www.cga.ct.gov/2024/TOB/h/pdf/2024HJ-00059-R00-HB.pdf
HJ-0060.HTM,2024,Unknown,Judiciary Committee,RESOLUTION GRANTING THE CLAIMS COMMISSIONER AN EXTENSION OF TIME TO DISPOSE OF THE CLAIM OF THOMAS SENTEMENTES.,,,(JUD),ftp://ftp.cga.ct.gov/2024/cbs/h/HJ-0060.HTM,https://www.cga.ct.gov/2024/TOB/h/pdf/2024HJ-00060-R00-HB.pdf
HJ-0061.HTM,2024,Unknown,Judiciary Committee,RESOLUTION GRANTING THE CLAIMS COMMISSIONER AN EXTENSION OF TIME TO DISPOSE OF THE CLAIM OF MARYAH MATTHEW.,,,(JUD),ftp://ftp.cga.ct.gov/2024/cbs/h/HJ-0061.HTM,https://www.cga.ct.gov/2024/TOB/h/pdf/2024HJ-00061-R00-HB.pdf
HJ-0062.HTM,2024,Unknown,Judiciary Committee,RESOLUTION GRANTING THE CLAIMS COMMISSIONER AN EXTENSION OF TIME TO DISPOSE OF THE CLAIM OF THOMAS SENTEMENTES.,,,(JUD),ftp://ftp.cga.ct.gov/2024/cbs/h/HJ-0062.HTM,https://www.cga.ct.gov/2024/TOB/h/pdf/2024HJ-00062-R00-HB.pdf
HJ-0063.HTM,2024,Unknown,Judiciary Committee,RESOLUTION GRANTING THE CLAIMS COMMISSIONER AN EXTENSION OF TIME TO DISPOSE OF THE CLAIM OF MADDISON MATTHEW.,,,(JUD),ftp://ftp.cga.ct.gov/2024/cbs/h/HJ-0063.HTM,https://www.cga.ct.gov/2024/TOB/h/pdf/2024HJ-00063-R00-HB.pdf
HJ-0064.HTM,2024,Unknown,Judiciary Committee,RESOLUTION GRANTING THE CLAIMS COMMISSIONER AN EXTENSION OF TIME TO DISPOSE OF THE CLAIM OF CHRISTOPHER MATTHEW.,,,(JUD),ftp://ftp.cga.ct.gov/2024/cbs/h/HJ-0064.HTM,https://www.cga.ct.gov/2024/TOB/h/pdf/2024HJ-00064-R00-HB.pdf
HJ-0065.HTM,2024,Unknown,Judiciary Committee,RESOLUTION GRANTING THE CLAIMS COMMISSIONER AN EXTENSION OF TIME TO DISPOSE OF THE CLAIM OF BONNIE REYNOLDS.,,,(JUD),ftp://ftp.cga.ct.gov/2024/cbs/h/HJ-0065.HTM,https://www.cga.ct.gov/2024/TOB/h/pdf/2024HJ-00065-R00-HB.pdf
HJ-0066.HTM,2024,Unknown,Judiciary Committee,RESOLUTION GRANTING THE CLAIMS COMMISSIONER AN EXTENSION OF TIME TO DISPOSE OF THE CLAIM OF STEVEN LEHOUX.,,,(JUD),ftp://ftp.cga.ct.gov/2024/cbs/h/HJ-0066.HTM,https://www.cga.ct.gov/2024/TOB/h/pdf/2024HJ-00066-R00-HB.pdf
HJ-0067.HTM,2024,Unknown,Judiciary Committee,RESOLUTION GRANTING THE CLAIMS COMMISSIONER AN EXTENSION OF TIME TO DISPOSE OF THE CLAIM OF MARK DESPRES.,,,(JUD),ftp://ftp.cga.ct.gov/2024/cbs/h/HJ-0067.HTM,https://www.cga.ct.gov/2024/TOB/h/pdf/2024HJ-00067-R00-HB.pdf
HJ-0068.HTM,2024,Unknown,Judiciary Committee,RESOLUTION GRANTING THE CLAIMS COMMISSIONER AN EXTENSION OF TIME TO DISPOSE OF THE CLAIM OF SILAS HARRIS.,,,(JUD),ftp://ftp.cga.ct.gov/2024/cbs/h/HJ-0068.HTM,https://www.cga.ct.gov/2024/TOB/h/pdf/2024HJ-00068-R00-HB.pdf
HJ-0069.HTM,2024,Unknown,Judiciary Committee,RESOLUTION GRANTING THE CLAIMS COMMISSIONER AN EXTENSION OF TIME TO DISPOSE OF THE CLAIM OF MARK DESPRES.,,,(JUD),ftp://ftp.cga.ct.gov/2024/cbs/h/HJ-0069.HTM,https://www.cga.ct.gov/2024/TOB/h/pdf/2024HJ-00069-R00-HB.pdf
HJ-0070.HTM,2024,Unknown,Judiciary Committee,RESOLUTION GRANTING THE CLAIMS COMMISSIONER AN EXTENSION OF TIME TO DISPOSE OF THE CLAIM OF LAUREN MAHLER.,,,(JUD),ftp://ftp.cga.ct.gov/2024/cbs/h/HJ-0070.HTM,https://www.cga.ct.gov/2024/TOB/h/pdf/2024HJ-00070-R00-HB.pdf
HJ-0071.HTM,2024,Unknown,Judiciary Committee,RESOLUTION GRANTING THE CLAIMS COMMISSIONER AN EXTENSION OF TIME TO DISPOSE OF THE CLAIM OF ADRIANA FIGUEROA-SANTOS.,,,(JUD),ftp://ftp.cga.ct.gov/2024/cbs/h/HJ-0071.HTM,https://www.cga.ct.gov/2024/TOB/h/pdf/2024HJ-00071-R00-HB.pdf
HJ-0072.HTM,2024,Unknown,Judiciary Committee,RESOLUTION GRANTING THE CLAIMS COMMISSIONER AN EXTENSION OF TIME TO DISPOSE OF THE CLAIM OF ANTHONY RANDOLPH.,,,(JUD),ftp://ftp.cga.ct.gov/2024/cbs/h/HJ-0072.HTM,https://www.cga.ct.gov/2024/TOB/h/pdf/2024HJ-00072-R00-HB.pdf
HJ-0073.HTM,2024,Unknown,Judiciary Committee,RESOLUTION GRANTING THE CLAIMS COMMISSIONER AN EXTENSION OF TIME TO DISPOSE OF THE CLAIM OF BRYAN MITCHELL.,,,(JUD),ftp://ftp.cga.ct.gov/2024/cbs/h/HJ-0073.HTM,https://www.cga.ct.gov/2024/TOB/h/pdf/2024HJ-00073-R00-HB.pdf
HJ-0074.HTM,2024,Unknown,Judiciary Committee,RESOLUTION GRANTING THE CLAIMS COMMISSIONER AN EXTENSION OF TIME TO DISPOSE OF THE CLAIM OF STEPHEN TODD SANDERS.,,,(JUD),ftp://ftp.cga.ct.gov/2024/cbs/h/HJ-0074.HTM,https://www.cga.ct.gov/2024/TOB/h/pdf/2024HJ-00074-R00-HB.pdf
HJ-0075.HTM,2024,Unknown,Judiciary Committee,RESOLUTION GRANTING THE CLAIMS COMMISSIONER AN EXTENSION OF TIME TO DISPOSE OF THE CLAIM OF STANLEY WILLIAMS.,,,(JUD),ftp://ftp.cga.ct.gov/2024/cbs/h/HJ-0075.HTM,https://www.cga.ct.gov/2024/TOB/h/pdf/2024HJ-00075-R00-HB.pdf
HJ-0076.HTM,2024,Unknown,Judiciary Committee,RESOLUTION GRANTING THE CLAIMS COMMISSIONER AN EXTENSION OF TIME TO DISPOSE OF THE CLAIM OF DERRICK TAYLOR.,,,(JUD),ftp://ftp.cga.ct.gov/2024/cbs/h/HJ-0076.HTM,https://www.cga.ct.gov/2024/TOB/h/pdf/2024HJ-00076-R00-HB.pdf
HJ-0077.HTM,2024,Unknown,Judiciary Committee,RESOLUTION GRANTING THE CLAIMS COMMISSIONER AN EXTENSION OF TIME TO DISPOSE OF THE CLAIM OF ANTHONY RANDOLPH.,,,(JUD),ftp://ftp.cga.ct.gov/2024/cbs/h/HJ-0077.HTM,https://www.cga.ct.gov/2024/TOB/h/pdf/2024HJ-00077-R00-HB.pdf
HJ-0078.HTM,2024,Unknown,Judiciary Committee,RESOLUTION GRANTING THE CLAIMS COMMISSIONER AN EXTENSION OF TIME TO DISPOSE OF THE CLAIM OF ANTHONY RANDOLPH.,,,(JUD),ftp://ftp.cga.ct.gov/2024/cbs/h/HJ-0078.HTM,https://www.cga.ct.gov/2024/TOB/h/pdf/2024HJ-00078-R00-HB.pdf
HJ-0079.HTM,2024,Unknown,Judiciary Committee,RESOLUTION GRANTING THE CLAIMS COMMISSIONER AN EXTENSION OF TIME TO DISPOSE OF THE CLAIM OF ANTHONY RANDOLPH.,,,(JUD),ftp://ftp.cga.ct.gov/2024/cbs/h/HJ-0079.HTM,https://www.cga.ct.gov/2024/TOB/h/pdf/2024HJ-00079-R00-HB.pdf
HJ-0080.HTM,2024,Unknown,Judiciary Committee,RESOLUTION GRANTING THE CLAIMS COMMISSIONER AN EXTENSION OF TIME TO DISPOSE OF THE CLAIM OF JENNIFER BUONFIGLIO.,,,(JUD),ftp://ftp.cga.ct.gov/2024/cbs/h/HJ-0080.HTM,https://www.cga.ct.gov/2024/TOB/h/pdf/2024HJ-00080-R00-HB.pdf
HJ-0081.HTM,2024,Unknown,Judiciary Committee,RESOLUTION GRANTING THE CLAIMS COMMISSIONER AN EXTENSION OF TIME TO DISPOSE OF THE CLAIM OF WESLEY DUPUIS.,,,(JUD),ftp://ftp.cga.ct.gov/2024/cbs/h/HJ-0081.HTM,https://www.cga.ct.gov/2024/TOB/h/pdf/2024HJ-00081-R00-HB.pdf
HJ-0082.HTM,2024,Unknown,Judiciary Committee,RESOLUTION GRANTING THE CLAIMS COMMISSIONER AN EXTENSION OF TIME TO DISPOSE OF THE CLAIM OF PAUL LEWIS.,,,(JUD),ftp://ftp.cga.ct.gov/2024/cbs/h/HJ-0082.HTM,https://www.cga.ct.gov/2024/TOB/h/pdf/2024HJ-00082-R00-HB.pdf
HJ-0083.HTM,2024,Unknown,Judiciary Committee,RESOLUTION GRANTING THE CLAIMS COMMISSIONER AN EXTENSION OF TIME TO DISPOSE OF THE CLAIM OF SHANE NIZZARDO.,,,(JUD),ftp://ftp.cga.ct.gov/2024/cbs/h/HJ-0083.HTM,https://www.cga.ct.gov/2024/TOB/h/pdf/2024HJ-00083-R00-HB.pdf
HJ-0084.HTM,2024,Unknown,Judiciary Committee,RESOLUTION GRANTING THE CLAIMS COMMISSIONER AN EXTENSION OF TIME TO DISPOSE OF THE CLAIM OF ROBERTA J. VINCENT.,,,(JUD),ftp://ftp.cga.ct.gov/2024/cbs/h/HJ-0084.HTM,https://www.cga.ct.gov/2024/TOB/h/pdf/2024HJ-00084-R00-HB.pdf
HJ-0085.HTM,2024,Unknown,Judiciary Committee,"RESOLUTION GRANTING THE CLAIMS COMMISSIONER AN EXTENSION OF TIME TO DISPOSE OF THE CLAIM OF JOHN B. VINCENT, PER POA ROBERTA J. VINCENT.",,,(JUD),ftp://ftp.cga.ct.gov/2024/cbs/h/HJ-0085.HTM,https://www.cga.ct.gov/2024/TOB/h/pdf/2024HJ-00085-R00-HB.pdf
HJ-0086.HTM,2024,Unknown,Judiciary Committee,RESOLUTION GRANTING THE CLAIMS COMMISSIONER AN EXTENSION OF TIME TO DISPOSE OF THE CLAIM OF SEAPORT CAPITAL.,,,(JUD),ftp://ftp.cga.ct.gov/2024/cbs/h/HJ-0086.HTM,https://www.cga.ct.gov/2024/TOB/h/pdf/2024HJ-00086-R00-HB.pdf
HJ-0087.HTM,2024,Unknown,Judiciary Committee,RESOLUTION GRANTING THE CLAIMS COMMISSIONER AN EXTENSION OF TIME TO DISPOSE OF THE CLAIM OF SHU CHEN KUO.,,,(JUD),ftp://ftp.cga.ct.gov/2024/cbs/h/HJ-0087.HTM,https://www.cga.ct.gov/2024/TOB/h/pdf/2024HJ-00087-R00-HB.pdf
HJ-0088.HTM,2024,Unknown,Judiciary Committee,RESOLUTION GRANTING THE CLAIMS COMMISSIONER AN EXTENSION OF TIME TO DISPOSE OF THE CLAIM OF LINDSAY BOOTH.,,,(JUD),ftp://ftp.cga.ct.gov/2024/cbs/h/HJ-0088.HTM,https://www.cga.ct.gov/2024/TOB/h/pdf/2024HJ-00088-R00-HB.pdf
HJ-0089.HTM,2024,Unknown,Judiciary Committee,RESOLUTION GRANTING THE CLAIMS COMMISSIONER AN EXTENSION OF TIME TO DISPOSE OF THE CLAIM OF MARLENE PAOLINI.,,,(JUD),ftp://ftp.cga.ct.gov/2024/cbs/h/HJ-0089.HTM,https://www.cga.ct.gov/2024/TOB/h/pdf/2024HJ-00089-R00-HB.pdf
HJ-0090.HTM,2024,Unknown,Judiciary Committee,RESOLUTION GRANTING THE CLAIMS COMMISSIONER AN EXTENSION OF TIME TO DISPOSE OF THE CLAIM OF GREGORY BLUE.,,,(JUD),ftp://ftp.cga.ct.gov/2024/cbs/h/HJ-0090.HTM,https://www.cga.ct.gov/2024/TOB/h/pdf/2024HJ-00090-R00-HB.pdf
HJ-0091.HTM,2024,Unknown,Judiciary Committee,"RESOLUTION GRANTING THE CLAIMS COMMISSIONER AN EXTENSION OF TIME TO DISPOSE OF THE CLAIM OF ELAINA POPPA, ADMINISTRATRIX FOR THE ESTATE OF FEDELE POPPA.",,,(JUD),ftp://ftp.cga.ct.gov/2024/cbs/h/HJ-0091.HTM,https://www.cga.ct.gov/2024/TOB/h/pdf/2024HJ-00091-R00-HB.pdf
HJ-0092.HTM,2024,Unknown,Judiciary Committee,RESOLUTION GRANTING THE CLAIMS COMMISSIONER AN EXTENSION OF TIME TO DISPOSE OF THE CLAIM OF TYLON EDWARDS.,,,(JUD),ftp://ftp.cga.ct.gov/2024/cbs/h/HJ-0092.HTM,https://www.cga.ct.gov/2024/TOB/h/pdf/2024HJ-00092-R00-HB.pdf
HJ-0093.HTM,2024,Unknown,Judiciary Committee,RESOLUTION GRANTING THE CLAIMS COMMISSIONER AN EXTENSION OF TIME TO DISPOSE OF THE CLAIM OF FREDERICK BASSO.,,,(JUD),ftp://ftp.cga.ct.gov/2024/cbs/h/HJ-0093.HTM,https://www.cga.ct.gov/2024/TOB/h/pdf/2024HJ-00093-R00-HB.pdf
HJ-0094.HTM,2024,Unknown,Judiciary Committee,RESOLUTION GRANTING THE CLAIMS COMMISSIONER AN EXTENSION OF TIME TO DISPOSE OF THE CLAIM OF THOMAS SENTEMENTES.,,,(JUD),ftp://ftp.cga.ct.gov/2024/cbs/h/HJ-0094.HTM,https://www.cga.ct.gov/2024/TOB/h/pdf/2024HJ-00094-R00-HB.pdf
HJ-0095.HTM,2024,Unknown,Judiciary Committee,RESOLUTION GRANTING THE CLAIMS COMMISSIONER AN EXTENSION OF TIME TO DISPOSE OF THE CLAIM OF HERIBERTO BATIZ.,,,(JUD),ftp://ftp.cga.ct.gov/2024/cbs/h/HJ-0095.HTM,https://www.cga.ct.gov/2024/TOB/h/pdf/2024HJ-00095-R00-HB.pdf
HJ-0096.HTM,2024,Unknown,Judiciary Committee,RESOLUTION GRANTING THE CLAIMS COMMISSIONER AN EXTENSION OF TIME TO DISPOSE OF THE CLAIM OF MARK LAURIA.,,,(JUD),ftp://ftp.cga.ct.gov/2024/cbs/h/HJ-0096.HTM,https://www.cga.ct.gov/2024/TOB/h/pdf/2024HJ-00096-R00-HB.pdf
HJ-0097.HTM,2024,Unknown,Judiciary Committee,RESOLUTION GRANTING THE CLAIMS COMMISSIONER AN EXTENSION OF TIME TO DISPOSE OF THE CLAIM OF TYLER MINER.,,,(JUD),ftp://ftp.cga.ct.gov/2024/cbs/h/HJ-0097.HTM,https://www.cga.ct.gov/2024/TOB/h/pdf/2024HJ-00097-R00-HB.pdf
HJ-0098.HTM,2024,Unknown,Judiciary Committee,RESOLUTION GRANTING THE CLAIMS COMMISSIONER AN EXTENSION OF TIME TO DISPOSE OF THE CLAIM OF HEATHER ROBILLARD.,,,(JUD),ftp://ftp.cga.ct.gov/2024/cbs/h/HJ-0098.HTM,https://www.cga.ct.gov/2024/TOB/h/pdf/2024HJ-00098-R00-HB.pdf
HJ-0099.HTM,2024,Unknown,Judiciary Committee,RESOLUTION GRANTING THE CLAIMS COMMISSIONER AN EXTENSION OF TIME TO DISPOSE OF THE CLAIM OF NICHOLAS VALLUZZO.,,,(JUD),ftp://ftp.cga.ct.gov/2024/cbs/h/HJ-0099.HTM,https://www.cga.ct.gov/2024/TOB/h/pdf/2024HJ-00099-R00-HB.pdf
HJ-0100.HTM,2024,Unknown,Judiciary Committee,RESOLUTION GRANTING THE CLAIMS COMMISSIONER AN EXTENSION OF TIME TO DISPOSE OF THE CLAIM OF TARRAY GIBBS.,,,(JUD),ftp://ftp.cga.ct.gov/2024/cbs/h/HJ-0100.HTM,https://www.cga.ct.gov/2024/TOB/h/pdf/2024HJ-00100-R00-HB.pdf
HJ-0101.HTM,2024,Unknown,Judiciary Committee,RESOLUTION GRANTING THE CLAIMS COMMISSIONER AN EXTENSION OF TIME TO DISPOSE OF THE CLAIM OF ALFREDO ORTIZ.,,,(JUD),ftp://ftp.cga.ct.gov/2024/cbs/h/HJ-0101.HTM,https://www.cga.ct.gov/2024/TOB/h/pdf/2024HJ-00101-R00-HB.pdf
HJ-0102.HTM,2024,Unknown,Judiciary Committee,RESOLUTION GRANTING THE CLAIMS COMMISSIONER AN EXTENSION OF TIME TO DISPOSE OF THE CLAIM OF SHANE NIZZARDO.,,,(JUD),ftp://ftp.cga.ct.gov/2024/cbs/h/HJ-0102.HTM,https://www.cga.ct.gov/2024/TOB/h/pdf/2024HJ-00102-R00-HB.pdf
HJ-0103.HTM,2024,Unknown,Judiciary Committee,RESOLUTION GRANTING THE CLAIMS COMMISSIONER AN EXTENSION OF TIME TO DISPOSE OF THE CLAIM OF ALDEN SPALTY.,,,(JUD),ftp://ftp.cga.ct.gov/2024/cbs/h/HJ-0103.HTM,https://www.cga.ct.gov/2024/TOB/h/pdf/2024HJ-00103-R00-HB.pdf
HJ-0104.HTM,2024,Unknown,Judiciary Committee,RESOLUTION GRANTING THE CLAIMS COMMISSIONER AN EXTENSION OF TIME TO DISPOSE OF THE CLAIM OF KAELA KNORR.,,,(JUD),ftp://ftp.cga.ct.gov/2024/cbs/h/HJ-0104.HTM,https://www.cga.ct.gov/2024/TOB/h/pdf/2024HJ-00104-R00-HB.pdf
HJ-0105.HTM,2024,Unknown,Judiciary Committee,RESOLUTION GRANTING THE CLAIMS COMMISSIONER AN EXTENSION OF TIME TO DISPOSE OF THE CLAIM OF NOELLE MAYES.,,,(JUD),ftp://ftp.cga.ct.gov/2024/cbs/h/HJ-0105.HTM,https://www.cga.ct.gov/2024/TOB/h/pdf/2024HJ-00105-R00-HB.pdf
HJ-0106.HTM,2024,Unknown,Judiciary Committee,RESOLUTION GRANTING THE CLAIMS COMMISSIONER AN EXTENSION OF TIME TO DISPOSE OF THE CLAIM OF ANTHONY CARTER.,,,(JUD),ftp://ftp.cga.ct.gov/2024/cbs/h/HJ-0106.HTM,https://www.cga.ct.gov/2024/TOB/h/pdf/2024HJ-00106-R00-HB.pdf
HJ-0107.HTM,2024,Unknown,Judiciary Committee,RESOLUTION GRANTING THE CLAIMS COMMISSIONER AN EXTENSION OF TIME TO DISPOSE OF THE CLAIM OF JOSE VASQUEZ.,,,(JUD),ftp://ftp.cga.ct.gov/2024/cbs/h/HJ-0107.HTM,https://www.cga.ct.gov/2024/TOB/h/pdf/2024HJ-00107-R00-HB.pdf
HJ-0108.HTM,2024,Unknown,Judiciary Committee,"RESOLUTION GRANTING THE CLAIMS COMMISSIONER AN EXTENSION OF TIME TO DISPOSE OF THE CLAIM OF JAMAR D. RHYNE, AKA, FUTRELL HAJMAR RHYNE.",,,(JUD),ftp://ftp.cga.ct.gov/2024/cbs/h/HJ-0108.HTM,https://www.cga.ct.gov/2024/TOB/h/pdf/2024HJ-00108-R00-HB.pdf
HJ-0109.HTM,2024,Unknown,Judiciary Committee,RESOLUTION GRANTING THE CLAIMS COMMISSIONER AN EXTENSION OF TIME TO DISPOSE OF THE CLAIM OF MARK DESPRES.,,,(JUD),ftp://ftp.cga.ct.gov/2024/cbs/h/HJ-0109.HTM,https://www.cga.ct.gov/2024/TOB/h/pdf/2024HJ-00109-R00-HB.pdf
HJ-0110.HTM,2024,Unknown,Judiciary Committee,RESOLUTION GRANTING THE CLAIMS COMMISSIONER AN EXTENSION OF TIME TO DISPOSE OF THE CLAIM OF MELISSA KNORR.,,,(JUD),ftp://ftp.cga.ct.gov/2024/cbs/h/HJ-0110.HTM,https://www.cga.ct.gov/2024/TOB/h/pdf/2024HJ-00110-R00-HB.pdf
HJ-0111.HTM,2024,Unknown,Judiciary Committee,RESOLUTION GRANTING THE CLAIMS COMMISSIONER AN EXTENSION OF TIME TO DISPOSE OF THE CLAIM OF MICHAEL PLACE.,,,(JUD),ftp://ftp.cga.ct.gov/2024/cbs/h/HJ-0111.HTM,https://www.cga.ct.gov/2024/TOB/h/pdf/2024HJ-00111-R00-HB.pdf
HJ-0112.HTM,2024,Unknown,Judiciary Committee,RESOLUTION GRANTING THE CLAIMS COMMISSIONER AN EXTENSION OF TIME TO DISPOSE OF THE CLAIM OF STEPHANIE AWARD.,,,(JUD),ftp://ftp.cga.ct.gov/2024/cbs/h/HJ-0112.HTM,https://www.cga.ct.gov/2024/TOB/h/pdf/2024HJ-00112-R00-HB.pdf
HJ-0113.HTM,2024,Unknown,Judiciary Committee,RESOLUTION GRANTING THE CLAIMS COMMISSIONER AN EXTENSION OF TIME TO DISPOSE OF THE CLAIM OF BARBARA HALE.,,,(JUD),ftp://ftp.cga.ct.gov/2024/cbs/h/HJ-0113.HTM,https://www.cga.ct.gov/2024/TOB/h/pdf/2024HJ-00113-R00-HB.pdf
HJ-0114.HTM,2024,Unknown,Judiciary Committee,RESOLUTION GRANTING THE CLAIMS COMMISSIONER AN EXTENSION OF TIME TO DISPOSE OF THE CLAIM OF LOUIS RODRIGUEZ.,,,(JUD),ftp://ftp.cga.ct.gov/2024/cbs/h/HJ-0114.HTM,https://www.cga.ct.gov/2024/TOB/h/pdf/2024HJ-00114-R00-HB.pdf
HJ-0115.HTM,2024,Unknown,Judiciary Committee,RESOLUTION GRANTING THE CLAIMS COMMISSIONER AN EXTENSION OF TIME TO DISPOSE OF THE CLAIM OF CATHERINE RILEY.,,,(JUD),ftp://ftp.cga.ct.gov/2024/cbs/h/HJ-0115.HTM,https://www.cga.ct.gov/2024/TOB/h/pdf/2024HJ-00115-R00-HB.pdf
HJ-0116.HTM,2024,Unknown,Judiciary Committee,RESOLUTION GRANTING THE CLAIMS COMMISSIONER AN EXTENSION OF TIME TO DISPOSE OF THE CLAIM OF DAVID GARNETT.,,,(JUD),ftp://ftp.cga.ct.gov/2024/cbs/h/HJ-0116.HTM,https://www.cga.ct.gov/2024/TOB/h/pdf/2024HJ-00116-R00-HB.pdf
HJ-0117.HTM,2024,Unknown,Judiciary Committee,RESOLUTION GRANTING THE CLAIMS COMMISSIONER AN EXTENSION OF TIME TO DISPOSE OF THE CLAIM OF JENNIFER WELSH.,,,(JUD),ftp://ftp.cga.ct.gov/2024/cbs/h/HJ-0117.HTM,https://www.cga.ct.gov/2024/TOB/h/pdf/2024HJ-00117-R00-HB.pdf
HJ-0118.HTM,2024,Unknown,Judiciary Committee,RESOLUTION GRANTING THE CLAIMS COMMISSIONER AN EXTENSION OF TIME TO DISPOSE OF THE CLAIM OF SILAS HARRIS.,,,(JUD),ftp://ftp.cga.ct.gov/2024/cbs/h/HJ-0118.HTM,https://www.cga.ct.gov/2024/TOB/h/pdf/2024HJ-00118-R00-HB.pdf
HJ-0119.HTM,2024,Unknown,Judiciary Committee,RESOLUTION GRANTING THE CLAIMS COMMISSIONER AN EXTENSION OF TIME TO DISPOSE OF THE CLAIM OF MARIO SIMMONS.,,,(JUD),ftp://ftp.cga.ct.gov/2024/cbs/h/HJ-0119.HTM,https://www.cga.ct.gov/2024/TOB/h/pdf/2024HJ-00119-R00-HB.pdf
HJ-0120.HTM,2024,Unknown,Judiciary Committee,RESOLUTION GRANTING THE CLAIMS COMMISSIONER AN EXTENSION OF TIME TO DISPOSE OF THE CLAIM OF KIMAR FRASER.,,,(JUD),ftp://ftp.cga.ct.gov/2024/cbs/h/HJ-0120.HTM,https://www.cga.ct.gov/2024/TOB/h/pdf/2024HJ-00120-R00-HB.pdf
HJ-0121.HTM,2024,Unknown,Judiciary Committee,RESOLUTION GRANTING THE CLAIMS COMMISSIONER AN EXTENSION OF TIME TO DISPOSE OF THE CLAIM OF SHAWN PRESSEY.,,,(JUD),ftp://ftp.cga.ct.gov/2024/cbs/h/HJ-0121.HTM,https://www.cga.ct.gov/2024/TOB/h/pdf/2024HJ-00121-R00-HB.pdf
HJ-0122.HTM,2024,Unknown,Judiciary Committee,RESOLUTION GRANTING THE CLAIMS COMMISSIONER AN EXTENSION OF TIME TO DISPOSE OF THE CLAIM OF KAREN LYONS.,,,(JUD),ftp://ftp.cga.ct.gov/2024/cbs/h/HJ-0122.HTM,https://www.cga.ct.gov/2024/TOB/h/pdf/2024HJ-00122-R00-HB.pdf
HJ-0123.HTM,2024,Unknown,Judiciary Committee,"RESOLUTION GRANTING THE CLAIMS COMMISSIONER AN EXTENSION OF TIME TO DISPOSE OF THE CLAIM OF EDITH BELL, ADMINISTRATRIX OF THE ESTATE OF DEMARIUS J. BELL.",,,(JUD),ftp://ftp.cga.ct.gov/2024/cbs/h/HJ-0123.HTM,https://www.cga.ct.gov/2024/TOB/h/pdf/2024HJ-00123-R00-HB.pdf
HJ-0124.HTM,2024,Unknown,Judiciary Committee,RESOLUTION GRANTING THE CLAIMS COMMISSIONER AN EXTENSION OF TIME TO DISPOSE OF THE CLAIM OF ANGEL ROLON.,,,(JUD),ftp://ftp.cga.ct.gov/2024/cbs/h/HJ-0124.HTM,https://www.cga.ct.gov/2024/TOB/h/pdf/2024HJ-00124-R00-HB.pdf
HJ-0125.HTM,2024,Unknown,Judiciary Committee,RESOLUTION GRANTING THE CLAIMS COMMISSIONER AN EXTENSION OF TIME TO DISPOSE OF THE CLAIM OF JOSE VASQUEZ.,,,(JUD),ftp://ftp.cga.ct.gov/2024/cbs/h/HJ-0125.HTM,https://www.cga.ct.gov/2024/TOB/h/pdf/2024HJ-00125-R00-HB.pdf
HJ-0126.HTM,2024,Unknown,Judiciary Committee,"RESOLUTION GRANTING THE CLAIMS COMMISSIONER AN EXTENSION OF TIME TO DISPOSE OF THE CLAIM OF 1621 STRATFORD AVENUE, LLC.",,,(JUD),ftp://ftp.cga.ct.gov/2024/cbs/h/HJ-0126.HTM,https://www.cga.ct.gov/2024/TOB/h/pdf/2024HJ-00126-R00-HB.pdf
HJ-0127.HTM,2024,Unknown,Judiciary Committee,RESOLUTION GRANTING THE CLAIMS COMMISSIONER AN EXTENSION OF TIME TO DISPOSE OF THE CLAIM OF RICHARD QUINT.,,,(JUD),ftp://ftp.cga.ct.gov/2024/cbs/h/HJ-0127.HTM,https://www.cga.ct.gov/2024/TOB/h/pdf/2024HJ-00127-R00-HB.pdf
HJ-0128.HTM,2024,Unknown,Judiciary Committee,RESOLUTION GRANTING THE CLAIMS COMMISSIONER AN EXTENSION OF TIME TO DISPOSE OF THE CLAIM OF DONNA SCARPO.,,,(JUD),ftp://ftp.cga.ct.gov/2024/cbs/h/HJ-0128.HTM,https://www.cga.ct.gov/2024/TOB/h/pdf/2024HJ-00128-R00-HB.pdf
HJ-0129.HTM,2024,Unknown,Judiciary Committee,RESOLUTION GRANTING THE CLAIMS COMMISSIONER AN EXTENSION OF TIME TO DISPOSE OF THE CLAIM OF DALLAS CZYZEWSKI.,,,(JUD),ftp://ftp.cga.ct.gov/2024/cbs/h/HJ-0129.HTM,https://www.cga.ct.gov/2024/TOB/h/pdf/2024HJ-00129-R00-HB.pdf
HJ-0130.HTM,2024,Unknown,Judiciary Committee,RESOLUTION GRANTING THE CLAIMS COMMISSIONER AN EXTENSION OF TIME TO DISPOSE OF THE CLAIM OF BRIAN MARINO.,,,(JUD),ftp://ftp.cga.ct.gov/2024/cbs/h/HJ-0130.HTM,https://www.cga.ct.gov/2024/TOB/h/pdf/2024HJ-00130-R00-HB.pdf
HJ-0131.HTM,2024,Unknown,Judiciary Committee,RESOLUTION GRANTING THE CLAIMS COMMISSIONER AN EXTENSION OF TIME TO DISPOSE OF THE CLAIM OF ARTAY DRINKS.,,,(JUD),ftp://ftp.cga.ct.gov/2024/cbs/h/HJ-0131.HTM,https://www.cga.ct.gov/2024/TOB/h/pdf/2024HJ-00131-R00-HB.pdf
HJ-0132.HTM,2024,Unknown,Judiciary Committee,RESOLUTION GRANTING THE CLAIMS COMMISSIONER AN EXTENSION OF TIME TO DISPOSE OF THE CLAIM OF JOSEPH BERNARDO.,,,(JUD),ftp://ftp.cga.ct.gov/2024/cbs/h/HJ-0132.HTM,https://www.cga.ct.gov/2024/TOB/h/pdf/2024HJ-00132-R00-HB.pdf
HJ-0133.HTM,2024,Unknown,Judiciary Committee,RESOLUTION GRANTING THE CLAIMS COMMISSIONER AN EXTENSION OF TIME TO DISPOSE OF THE CLAIM OF JEFFREY YEAW.,,,(JUD),ftp://ftp.cga.ct.gov/2024/cbs/h/HJ-0133.HTM,https://www.cga.ct.gov/2024/TOB/h/pdf/2024HJ-00133-R00-HB.pdf
HJ-0134.HTM,2024,Unknown,Judiciary Committee,RESOLUTION GRANTING THE CLAIMS COMMISSIONER AN EXTENSION OF TIME TO DISPOSE OF THE CLAIM OF DANIEL TOPAR.,,,(JUD),ftp://ftp.cga.ct.gov/2024/cbs/h/HJ-0134.HTM,https://www.cga.ct.gov/2024/TOB/h/pdf/2024HJ-00134-R00-HB.pdf
HJ-0135.HTM,2024,Unknown,Judiciary Committee,RESOLUTION GRANTING THE CLAIMS COMMISSIONER AN EXTENSION OF TIME TO DISPOSE OF THE CLAIM OF JEFFREY YEAW.,,,(JUD),ftp://ftp.cga.ct.gov/2024/cbs/h/HJ-0135.HTM,https://www.cga.ct.gov/2024/TOB/h/pdf/2024HJ-00135-R00-HB.pdf
HJ-0136.HTM,2024,Unknown,Judiciary Committee,RESOLUTION GRANTING THE CLAIMS COMMISSIONER AN EXTENSION OF TIME TO DISPOSE OF THE CLAIM OF UMAR SHAHID.,,,(JUD),ftp://ftp.cga.ct.gov/2024/cbs/h/HJ-0136.HTM,https://www.cga.ct.gov/2024/TOB/h/pdf/2024HJ-00136-R00-HB.pdf
HJ-0137.HTM,2024,Unknown,Judiciary Committee,RESOLUTION GRANTING THE CLAIMS COMMISSIONER AN EXTENSION OF TIME TO DISPOSE OF THE CLAIM OF DANIEL TOPAR.,,,(JUD),ftp://ftp.cga.ct.gov/2024/cbs/h/HJ-0137.HTM,https://www.cga.ct.gov/2024/TOB/h/pdf/2024HJ-00137-R00-HB.pdf
HJ-0138.HTM,2024,Unknown,Judiciary Committee,RESOLUTION GRANTING THE CLAIMS COMMISSIONER AN EXTENSION OF TIME TO DISPOSE OF THE CLAIM OF DANIEL TOPAR.,,,(JUD),ftp://ftp.cga.ct.gov/2024/cbs/h/HJ-0138.HTM,https://www.cga.ct.gov/2024/TOB/h/pdf/2024HJ-00138-R00-HB.pdf
HJ-0139.HTM,2024,Unknown,Judiciary Committee,"RESOLUTION GRANTING THE CLAIMS COMMISSIONER AN EXTENSION OF TIME TO DISPOSE OF THE CLAIM OF MULTI SERVICE CONSULTING, LLC TIANNA RODRIGUEZ.",,,(JUD),ftp://ftp.cga.ct.gov/2024/cbs/h/HJ-0139.HTM,https://www.cga.ct.gov/2024/TOB/h/pdf/2024HJ-00139-R00-HB.pdf
HJ-0140.HTM,2024,Unknown,Judiciary Committee,RESOLUTION GRANTING THE CLAIMS COMMISSIONER AN EXTENSION OF TIME TO DISPOSE OF THE CLAIM OF NAIMA WEST.,,,(JUD),ftp://ftp.cga.ct.gov/2024/cbs/h/HJ-0140.HTM,https://www.cga.ct.gov/2024/TOB/h/pdf/2024HJ-00140-R00-HB.pdf
HJ-0141.HTM,2024,Unknown,Judiciary Committee,RESOLUTION GRANTING THE CLAIMS COMMISSIONER AN EXTENSION OF TIME TO DISPOSE OF THE CLAIM OF JASON MILLER.,,,(JUD),ftp://ftp.cga.ct.gov/2024/cbs/h/HJ-0141.HTM,https://www.cga.ct.gov/2024/TOB/h/pdf/2024HJ-00141-R00-HB.pdf
HJ-0142.HTM,2024,Unknown,Judiciary Committee,RESOLUTION GRANTING THE CLAIMS COMMISSIONER AN EXTENSION OF TIME TO DISPOSE OF THE CLAIM OF JOSEPH LEE HUNTER.,,,(JUD),ftp://ftp.cga.ct.gov/2024/cbs/h/HJ-0142.HTM,https://www.cga.ct.gov/2024/TOB/h/pdf/2024HJ-00142-R00-HB.pdf
HJ-0143.HTM,2024,Unknown,Judiciary Committee,RESOLUTION GRANTING THE CLAIMS COMMISSIONER AN EXTENSION OF TIME TO DISPOSE OF THE CLAIM OF DANIEL TOPAR.,,,(JUD),ftp://ftp.cga.ct.gov/2024/cbs/h/HJ-0143.HTM,https://www.cga.ct.gov/2024/TOB/h/pdf/2024HJ-00143-R00-HB.pdf
HJ-0144.HTM,2024,Unknown,Judiciary Committee,RESOLUTION GRANTING THE CLAIMS COMMISSIONER AN EXTENSION OF TIME TO DISPOSE OF THE CLAIM OF DARIEN COLLIER.,,,(JUD),ftp://ftp.cga.ct.gov/2024/cbs/h/HJ-0144.HTM,https://www.cga.ct.gov/2024/TOB/h/pdf/2024HJ-00144-R00-HB.pdf
HJ-0145.HTM,2024,Unknown,Judiciary Committee,RESOLUTION GRANTING THE CLAIMS COMMISSIONER AN EXTENSION OF TIME TO DISPOSE OF THE CLAIM OF DARYL PETITT.,,,(JUD),ftp://ftp.cga.ct.gov/2024/cbs/h/HJ-0145.HTM,https://www.cga.ct.gov/2024/TOB/h/pdf/2024HJ-00145-R00-HB.pdf
HJ-0146.HTM,2024,Unknown,Judiciary Committee,RESOLUTION GRANTING THE CLAIMS COMMISSIONER AN EXTENSION OF TIME TO DISPOSE OF THE CLAIM OF DANIEL TOPAR.,,,(JUD),ftp://ftp.cga.ct.gov/2024/cbs/h/HJ-0146.HTM,https://www.cga.ct.gov/2024/TOB/h/pdf/2024HJ-00146-R00-HB.pdf
HJ-0147.HTM,2024,Unknown,Judiciary Committee,RESOLUTION GRANTING THE CLAIMS COMMISSIONER AN EXTENSION OF TIME TO DISPOSE OF THE CLAIM OF DANIEL TOPAR.,,,(JUD),ftp://ftp.cga.ct.gov/2024/cbs/h/HJ-0147.HTM,https://www.cga.ct.gov/2024/TOB/h/pdf/2024HJ-00147-R00-HB.pdf
HJ-0148.HTM,2024,Unknown,Judiciary Committee,RESOLUTION GRANTING THE CLAIMS COMMISSIONER AN EXTENSION OF TIME TO DISPOSE OF THE CLAIM OF DANIEL TOPAR.,,,(JUD),ftp://ftp.cga.ct.gov/2024/cbs/h/HJ-0148.HTM,https://www.cga.ct.gov/2024/TOB/h/pdf/2024HJ-00148-R00-HB.pdf
HJ-0149.HTM,2024,Unknown,Judiciary Committee,RESOLUTION GRANTING THE CLAIMS COMMISSIONER AN EXTENSION OF TIME TO DISPOSE OF THE CLAIM OF DANIEL TOPAR.,,,(JUD),ftp://ftp.cga.ct.gov/2024/cbs/h/HJ-0149.HTM,https://www.cga.ct.gov/2024/TOB/h/pdf/2024HJ-00149-R00-HB.pdf
HJ-0150.HTM,2024,Unknown,Judiciary Committee,RESOLUTION GRANTING THE CLAIMS COMMISSIONER AN EXTENSION OF TIME TO DISPOSE OF THE CLAIM OF DANIEL TOPAR.,,,(JUD),ftp://ftp.cga.ct.gov/2024/cbs/h/HJ-0150.HTM,https://www.cga.ct.gov/2024/TOB/h/pdf/2024HJ-00150-R00-HB.pdf
HJ-0151.HTM,2024,Unknown,Judiciary Committee,RESOLUTION GRANTING THE CLAIMS COMMISSIONER AN EXTENSION OF TIME TO DISPOSE OF THE CLAIM OF DANIEL TOPAR.,,,(JUD),ftp://ftp.cga.ct.gov/2024/cbs/h/HJ-0151.HTM,https://www.cga.ct.gov/2024/TOB/h/pdf/2024HJ-00151-R00-HB.pdf
HJ-0152.HTM,2024,Unknown,Judiciary Committee,RESOLUTION GRANTING THE CLAIMS COMMISSIONER AN EXTENSION OF TIME TO DISPOSE OF THE CLAIM OF LENNARD TOCCALINE.,,,(JUD),ftp://ftp.cga.ct.gov/2024/cbs/h/HJ-0152.HTM,https://www.cga.ct.gov/2024/TOB/h/pdf/2024HJ-00152-R00-HB.pdf
HJ-0153.HTM,2024,Unknown,Judiciary Committee,RESOLUTION GRANTING THE CLAIMS COMMISSIONER AN EXTENSION OF TIME TO DISPOSE OF THE CLAIM OF HERIBERTO BATIZ.,,,(JUD),ftp://ftp.cga.ct.gov/2024/cbs/h/HJ-0153.HTM,https://www.cga.ct.gov/2024/TOB/h/pdf/2024HJ-00153-R00-HB.pdf
HJ-0154.HTM,2024,Unknown,Judiciary Committee,RESOLUTION GRANTING THE CLAIMS COMMISSIONER AN EXTENSION OF TIME TO DISPOSE OF THE CLAIM OF ANWAR SHAKIR.,,,(JUD),ftp://ftp.cga.ct.gov/2024/cbs/h/HJ-0154.HTM,https://www.cga.ct.gov/2024/TOB/h/pdf/2024HJ-00154-R00-HB.pdf
HJ-0155.HTM,2024,Unknown,Judiciary Committee,RESOLUTION GRANTING THE CLAIMS COMMISSIONER AN EXTENSION OF TIME TO DISPOSE OF THE CLAIM OF RAMON AMBERT.,,,(JUD),ftp://ftp.cga.ct.gov/2024/cbs/h/HJ-0155.HTM,https://www.cga.ct.gov/2024/TOB/h/pdf/2024HJ-00155-R00-HB.pdf
HJ-0156.HTM,2024,Unknown,Judiciary Committee,RESOLUTION GRANTING THE CLAIMS COMMISSIONER AN EXTENSION OF TIME TO DISPOSE OF THE CLAIM OF BRYAN MITCHELL.,,,(JUD),ftp://ftp.cga.ct.gov/2024/cbs/h/HJ-0156.HTM,https://www.cga.ct.gov/2024/TOB/h/pdf/2024HJ-00156-R00-HB.pdf
HJ-0157.HTM,2024,Unknown,Judiciary Committee,RESOLUTION GRANTING THE CLAIMS COMMISSIONER AN EXTENSION OF TIME TO DISPOSE OF THE CLAIM OF THOMAS SENTEMENTES.,,,(JUD),ftp://ftp.cga.ct.gov/2024/cbs/h/HJ-0157.HTM,https://www.cga.ct.gov/2024/TOB/h/pdf/2024HJ-00157-R00-HB.pdf
HJ-0158.HTM,2024,Unknown,Judiciary Committee,RESOLUTION GRANTING THE CLAIMS COMMISSIONER AN EXTENSION OF TIME TO DISPOSE OF THE CLAIM OF ADDISON BENNINGS.,,,(JUD),ftp://ftp.cga.ct.gov/2024/cbs/h/HJ-0158.HTM,https://www.cga.ct.gov/2024/TOB/h/pdf/2024HJ-00158-R00-HB.pdf
HJ-0159.HTM,2024,Unknown,Judiciary Committee,RESOLUTION GRANTING THE CLAIMS COMMISSIONER AN EXTENSION OF TIME TO DISPOSE OF THE CLAIM OF CAROL FALCONE.,,,(JUD),ftp://ftp.cga.ct.gov/2024/cbs/h/HJ-0159.HTM,https://www.cga.ct.gov/2024/TOB/h/pdf/2024HJ-00159-R00-HB.pdf
HJ-0160.HTM,2024,Unknown,Judiciary Committee,RESOLUTION GRANTING THE CLAIMS COMMISSIONER AN EXTENSION OF TIME TO DISPOSE OF THE CLAIM OF CARLTON WALLACE.,,,(JUD),ftp://ftp.cga.ct.gov/2024/cbs/h/HJ-0160.HTM,https://www.cga.ct.gov/2024/TOB/h/pdf/2024HJ-00160-R00-HB.pdf
HJ-0161.HTM,2024,Unknown,Judiciary Committee,RESOLUTION GRANTING THE CLAIMS COMMISSIONER AN EXTENSION OF TIME TO DISPOSE OF THE CLAIM OF DANIEL TOPAR.,,,(JUD),ftp://ftp.cga.ct.gov/2024/cbs/h/HJ-0161.HTM,https://www.cga.ct.gov/2024/TOB/h/pdf/2024HJ-00161-R00-HB.pdf
HJ-0162.HTM,2024,Unknown,Judiciary Committee,RESOLUTION GRANTING THE CLAIMS COMMISSIONER AN EXTENSION OF TIME TO DISPOSE OF THE CLAIM OF STEPHEN PROKOP.,,,(JUD),ftp://ftp.cga.ct.gov/2024/cbs/h/HJ-0162.HTM,https://www.cga.ct.gov/2024/TOB/h/pdf/2024HJ-00162-R00-HB.pdf
HJ-0163.HTM,2024,Unknown,Judiciary Committee,RESOLUTION GRANTING THE CLAIMS COMMISSIONER AN EXTENSION OF TIME TO DISPOSE OF THE CLAIM OF LEOTIS PAYNE.,,,(JUD),ftp://ftp.cga.ct.gov/2024/cbs/h/HJ-0163.HTM,https://www.cga.ct.gov/2024/TOB/h/pdf/2024HJ-00163-R00-HB.pdf
HJ-0164.HTM,2024,Unknown,Judiciary Committee,RESOLUTION GRANTING THE CLAIMS COMMISSIONER AN EXTENSION OF TIME TO DISPOSE OF THE CLAIM OF STANLEY WILLIAMS.,,,(JUD),ftp://ftp.cga.ct.gov/2024/cbs/h/HJ-0164.HTM,https://www.cga.ct.gov/2024/TOB/h/pdf/2024HJ-00164-R00-HB.pdf
HJ-0165.HTM,2024,Unknown,Judiciary Committee,RESOLUTION GRANTING THE CLAIMS COMMISSIONER AN EXTENSION OF TIME TO DISPOSE OF THE CLAIM OF EARL BRADLEY.,,,(JUD),ftp://ftp.cga.ct.gov/2024/cbs/h/HJ-0165.HTM,https://www.cga.ct.gov/2024/TOB/h/pdf/2024HJ-00165-R00-HB.pdf
HJ-0166.HTM,2024,Unknown,Judiciary Committee,RESOLUTION GRANTING THE CLAIMS COMMISSIONER AN EXTENSION OF TIME TO DISPOSE OF THE CLAIM OF CARLTON WALLACE.,,,(JUD),ftp://ftp.cga.ct.gov/2024/cbs/h/HJ-0166.HTM,https://www.cga.ct.gov/2024/TOB/h/pdf/2024HJ-00166-R00-HB.pdf
HJ-0167.HTM,2024,Unknown,Judiciary Committee,RESOLUTION GRANTING THE CLAIMS COMMISSIONER AN EXTENSION OF TIME TO DISPOSE OF THE CLAIM OF VICTOR JORDAN.,,,(JUD),ftp://ftp.cga.ct.gov/2024/cbs/h/HJ-0167.HTM,https://www.cga.ct.gov/2024/TOB/h/pdf/2024HJ-00167-R00-HB.pdf
HJ-0168.HTM,2024,Unknown,Judiciary Committee,RESOLUTION GRANTING THE CLAIMS COMMISSIONER AN EXTENSION OF TIME TO DISPOSE OF THE CLAIM OF UMAR SHAHID.,,,(JUD),ftp://ftp.cga.ct.gov/2024/cbs/h/HJ-0168.HTM,https://www.cga.ct.gov/2024/TOB/h/pdf/2024HJ-00168-R00-HB.pdf
HJ-0169.HTM,2024,Unknown,Judiciary Committee,RESOLUTION GRANTING THE CLAIMS COMMISSIONER AN EXTENSION OF TIME TO DISPOSE OF THE CLAIM OF ANGEL MARTINEZ.,,,(JUD),ftp://ftp.cga.ct.gov/2024/cbs/h/HJ-0169.HTM,https://www.cga.ct.gov/2024/TOB/h/pdf/2024HJ-00169-R00-HB.pdf
HJ-0170.HTM,2024,Unknown,Judiciary Committee,RESOLUTION GRANTING THE CLAIMS COMMISSIONER AN EXTENSION OF TIME TO DISPOSE OF THE CLAIM OF JAYVION FOLK AND KAYLA FOLK.,,,(JUD),ftp://ftp.cga.ct.gov/2024/cbs/h/HJ-0170.HTM,https://www.cga.ct.gov/2024/TOB/h/pdf/2024HJ-00170-R00-HB.pdf
HJ-0171.HTM,2024,Unknown,Judiciary Committee,RESOLUTION PROPOSING AN AMENDMENT TO THE STATE CONSTITUTION TO REVISE REQUIREMENTS RELATING TO THE OFFERING OF BAIL OR PRETRIAL RELEASE TO PERSONS ACCUSED OF A CRIME.,,,(JUD),ftp://ftp.cga.ct.gov/2024/cbs/h/HJ-0171.HTM,https://www.cga.ct.gov/2024/TOB/h/pdf/2024HJ-00171-R00-HB.pdf
HJ-0172.HTM,2024,Unknown,"REP. JULIO A. CONCEPCION, 4th DIST.SEN. BOB DUFF, 25th DIST.",RESOLUTION CONFIRMING THE NOMINATION OF THE HONORABLE PETER L. BROWN OF HAMDEN TO BE A MEMBER OF THE JUDICIAL REVIEW COUNCIL.,,,"REP. CONCEPCION, 4th Dist. ; SEN. DUFF, 25th Dist.",ftp://ftp.cga.ct.gov/2024/cbs/h/HJ-0172.HTM,https://www.cga.ct.gov/2024/TOB/h/pdf/2024HJ-00172-R00-HB.pdf
HJ-0173.HTM,2024,Unknown,Government Administration and Elections Committee,RESOLUTION COMMEMORATING THE TWENTY-FIFTH ANNIVERSARY OF THE CONNECTICUT-TAIWAN SISTER-STATE RELATIONSHIP.,,"Sen. Rob Sampson, 16th Dist.; ",(GAE),ftp://ftp.cga.ct.gov/2024/cbs/h/HJ-0173.HTM,https://www.cga.ct.gov/2024/TOB/h/pdf/2024HJ-00173-R00-HB.pdf
HJ-0174.HTM,2024,Unknown,Judiciary Committee,RESOLUTION CONFIRMING THE CLAIMS COMMISSIONER'S COMPENSATION AWARD TO CHARLES STAPLES WITH RESPECT TO HIS CLAIM AGAINST THE STATE FOR WRONGFUL INCARCERATION.,,,(JUD),ftp://ftp.cga.ct.gov/2024/cbs/h/HJ-0174.HTM,https://www.cga.ct.gov/2024/TOB/h/pdf/2024HJ-00174-R00-HB.pdf
HJ-0175.HTM,2024,Unknown,Judiciary Committee,RESOLUTION VACATING THE DECISION OF THE CLAIMS COMMISSIONER TO DENY THE CLAIM AGAINST THE STATE OF JESSE CRYSTAL.,,,(JUD),ftp://ftp.cga.ct.gov/2024/cbs/h/HJ-0175.HTM,https://www.cga.ct.gov/2024/TOB/h/pdf/2024HJ-00175-R00-HB.pdf
HJ-0176.HTM,2024,Unknown,Judiciary Committee,RESOLUTION CONFIRMING THE DECISIONS OF THE CLAIMS COMMISSIONER TO DISMISS CERTAIN CLAIMS AGAINST THE STATE.,,,(JUD),ftp://ftp.cga.ct.gov/2024/cbs/h/HJ-0176.HTM,https://www.cga.ct.gov/2024/TOB/h/pdf/2024HJ-00176-R00-HB.pdf
HJ-0177.HTM,2024,Unknown,Judiciary Committee,RESOLUTION CONFIRMING THE DECISION OF THE CLAIMS COMMISSIONER TO DISMISS THE CLAIM AGAINST THE STATE OF SERGIO CARACOGLIA.,,,(JUD),ftp://ftp.cga.ct.gov/2024/cbs/h/HJ-0177.HTM,https://www.cga.ct.gov/2024/TOB/h/pdf/2024HJ-00177-R00-HB.pdf
HJ-0178.HTM,2024,Unknown,Judiciary Committee,RESOLUTION CONFIRMING THE DECISIONS OF THE CLAIMS COMMISSIONER TO DENY CERTAIN CLAIMS AGAINST THE STATE.,,,(JUD),ftp://ftp.cga.ct.gov/2024/cbs/h/HJ-0178.HTM,https://www.cga.ct.gov/2024/TOB/h/pdf/2024HJ-00178-R00-HB.pdf
HJ-0179.HTM,2024,Unknown,Judiciary Committee,RESOLUTION CONFIRMING THE DECISION OF THE CLAIMS COMMISSIONER TO DISMISS THE CLAIM AGAINST THE STATE OF JAKE RATCHES.,,,(JUD),ftp://ftp.cga.ct.gov/2024/cbs/h/HJ-0179.HTM,https://www.cga.ct.gov/2024/TOB/h/pdf/2024HJ-00179-R00-HB.pdf
HJ-0180.HTM,2024,Unknown,Judiciary Committee,RESOLUTION CONFIRMING THE DECISION OF THE CLAIMS COMMISSIONER TO DISMISS THE CLAIM AGAINST THE STATE OF JOHN S. KAMINSKI.,,,(JUD),ftp://ftp.cga.ct.gov/2024/cbs/h/HJ-0180.HTM,https://www.cga.ct.gov/2024/TOB/h/pdf/2024HJ-00180-R00-HB.pdf
HJ-0181.HTM,2024,Unknown,Judiciary Committee,RESOLUTION CONFIRMING THE DECISION OF THE CLAIMS COMMISSIONER TO DISMISS THE CLAIM AGAINST THE STATE OF JOHN S. KAMINSKI.,,,(JUD),ftp://ftp.cga.ct.gov/2024/cbs/h/HJ-0181.HTM,https://www.cga.ct.gov/2024/TOB/h/pdf/2024HJ-00181-R00-HB.pdf
HJ-0182.HTM,2024,Unknown,Judiciary Committee,RESOLUTION CONFIRMING THE DECISION OF THE CLAIMS COMMISSIONER TO DISMISS THE CLAIM AGAINST THE STATE OF JOHN S. KAMINSKI.,,,(JUD),ftp://ftp.cga.ct.gov/2024/cbs/h/HJ-0182.HTM,https://www.cga.ct.gov/2024/TOB/h/pdf/2024HJ-00182-R00-HB.pdf
HJ-0183.HTM,2024,Unknown,Judiciary Committee,RESOLUTION CONFIRMING THE DECISION OF THE CLAIMS COMMISSIONER TO DISMISS THE CLAIM AGAINST THE STATE OF SUEZ CASTRO-SOSTRE.,,,(JUD),ftp://ftp.cga.ct.gov/2024/cbs/h/HJ-0183.HTM,https://www.cga.ct.gov/2024/TOB/h/pdf/2024HJ-00183-R00-HB.pdf
HJ-0184.HTM,2024,Unknown,Judiciary Committee,RESOLUTION CONFIRMING THE DECISION OF THE CLAIMS COMMISSIONER TO DISMISS THE CLAIM AGAINST THE STATE OF DWAYNE LEE.,,,(JUD),ftp://ftp.cga.ct.gov/2024/cbs/h/HJ-0184.HTM,https://www.cga.ct.gov/2024/TOB/h/pdf/2024HJ-00184-R00-HB.pdf
HJ-0185.HTM,2024,Unknown,Judiciary Committee,RESOLUTION CONFIRMING THE DECISION OF THE CLAIMS COMMISSIONER TO DISMISS THE CLAIM AGAINST THE STATE OF TREVELLE DINHAM.,,,(JUD),ftp://ftp.cga.ct.gov/2024/cbs/h/HJ-0185.HTM,https://www.cga.ct.gov/2024/TOB/h/pdf/2024HJ-00185-R00-HB.pdf
HJ-0186.HTM,2024,Unknown,Judiciary Committee,RESOLUTION CONFIRMING THE DECISION OF THE CLAIMS COMMISSIONER TO DISMISS THE CLAIM AGAINST THE STATE OF DAVID BRIDGES.,,,(JUD),ftp://ftp.cga.ct.gov/2024/cbs/h/HJ-0186.HTM,https://www.cga.ct.gov/2024/TOB/h/pdf/2024HJ-00186-R00-HB.pdf
HJ-0187.HTM,2024,Unknown,Judiciary Committee,RESOLUTION CONFIRMING THE DECISION OF THE CLAIMS COMMISSIONER TO DISMISS THE CLAIM AGAINST THE STATE OF DAVID BRIDGES.,,,(JUD),ftp://ftp.cga.ct.gov/2024/cbs/h/HJ-0187.HTM,https://www.cga.ct.gov/2024/TOB/h/pdf/2024HJ-00187-R00-HB.pdf
HJ-0188.HTM,2024,Unknown,Judiciary Committee,RESOLUTION CONFIRMING THE DECISION OF THE CLAIMS COMMISSIONER TO DISMISS THE CLAIM AGAINST THE STATE OF JOHN S. KAMINSKI.,,,(JUD),ftp://ftp.cga.ct.gov/2024/cbs/h/HJ-0188.HTM,https://www.cga.ct.gov/2024/TOB/h/pdf/2024HJ-00188-R00-HB.pdf
HJ-0189.HTM,2024,Unknown,Judiciary Committee,RESOLUTION CONFIRMING THE DECISION OF THE CLAIMS COMMISSIONER TO DISMISS THE CLAIM AGAINST THE STATE OF JOHN S. KAMINSKI.,,,(JUD),ftp://ftp.cga.ct.gov/2024/cbs/h/HJ-0189.HTM,https://www.cga.ct.gov/2024/TOB/h/pdf/2024HJ-00189-R00-HB.pdf
HJ-0190.HTM,2024,Unknown,Judiciary Committee,RESOLUTION CONFIRMING THE DECISION OF THE CLAIMS COMMISSIONER TO DISMISS THE CLAIM AGAINST THE STATE OF JOHN S. KAMINSKI.,,,(JUD),ftp://ftp.cga.ct.gov/2024/cbs/h/HJ-0190.HTM,https://www.cga.ct.gov/2024/TOB/h/pdf/2024HJ-00190-R00-HB.pdf
HJ-0191.HTM,2024,Unknown,Judiciary Committee,RESOLUTION CONFIRMING THE DECISION OF THE CLAIMS COMMISSIONER TO DENY THE CLAIM AGAINST THE STATE OF ROSA LEE KLANESKI.,,,(JUD),ftp://ftp.cga.ct.gov/2024/cbs/h/HJ-0191.HTM,https://www.cga.ct.gov/2024/TOB/h/pdf/2024HJ-00191-R00-HB.pdf
HJ-0192.HTM,2024,Unknown,Judiciary Committee,RESOLUTION CONFIRMING THE DECISION OF THE CLAIMS COMMISSIONER TO DISMISS THE CLAIM AGAINST THE STATE OF ISRAEL GONZALEZ.,,,(JUD),ftp://ftp.cga.ct.gov/2024/cbs/h/HJ-0192.HTM,https://www.cga.ct.gov/2024/TOB/h/pdf/2024HJ-00192-R00-HB.pdf
HJ-0193.HTM,2024,Unknown,Judiciary Committee,RESOLUTION CONFIRMING THE DECISION OF THE CLAIMS COMMISSIONER TO DISMISS THE CLAIM AGAINST THE STATE OF AMY FRENCH.,,,(JUD),ftp://ftp.cga.ct.gov/2024/cbs/h/HJ-0193.HTM,https://www.cga.ct.gov/2024/TOB/h/pdf/2024HJ-00193-R00-HB.pdf
HJ-0194.HTM,2024,Unknown,Judiciary Committee,RESOLUTION CONFIRMING THE DECISION OF THE CLAIMS COMMISSIONER TO DISMISS THE CLAIM AGAINST THE STATE OF DANIEL TOPAR.,,,(JUD),ftp://ftp.cga.ct.gov/2024/cbs/h/HJ-0194.HTM,https://www.cga.ct.gov/2024/TOB/h/pdf/2024HJ-00194-R00-HB.pdf
HJ-0195.HTM,2024,Unknown,Judiciary Committee,RESOLUTION CONFIRMING THE DECISION OF THE CLAIMS COMMISSIONER TO DISMISS THE CLAIM AGAINST THE STATE OF JAMIE GOMEZ.,,,(JUD),ftp://ftp.cga.ct.gov/2024/cbs/h/HJ-0195.HTM,https://www.cga.ct.gov/2024/TOB/h/pdf/2024HJ-00195-R00-HB.pdf
HJ-0196.HTM,2024,Unknown,Judiciary Committee,RESOLUTION CONFIRMING THE DECISION OF THE CLAIMS COMMISSIONER TO DISMISS THE CLAIM AGAINST THE STATE OF CLARENCE AUSTIN.,,,(JUD),ftp://ftp.cga.ct.gov/2024/cbs/h/HJ-0196.HTM,https://www.cga.ct.gov/2024/TOB/h/pdf/2024HJ-00196-R00-HB.pdf
HJ-0197.HTM,2024,Unknown,Judiciary Committee,RESOLUTION CONFIRMING THE DECISION OF THE CLAIMS COMMISSIONER TO DENY THE CLAIM AGAINST THE STATE OF JANE DOE.,,,(JUD),ftp://ftp.cga.ct.gov/2024/cbs/h/HJ-0197.HTM,https://www.cga.ct.gov/2024/TOB/h/pdf/2024HJ-00197-R00-HB.pdf
HJ-0198.HTM,2024,Unknown,Judiciary Committee,RESOLUTION CONFIRMING THE DECISION OF THE CLAIMS COMMISSIONER TO DISMISS THE CLAIM AGAINST THE STATE OF DHATI COLEMAN.,,,(JUD),ftp://ftp.cga.ct.gov/2024/cbs/h/HJ-0198.HTM,https://www.cga.ct.gov/2024/TOB/h/pdf/2024HJ-00198-R00-HB.pdf
HJ-0199.HTM,2024,Unknown,Judiciary Committee,RESOLUTION CONFIRMING THE DECISION OF THE CLAIMS COMMISSIONER TO DENY THE CLAIM AGAINST THE STATE OF JOSEPH BERNARDO.,,,(JUD),ftp://ftp.cga.ct.gov/2024/cbs/h/HJ-0199.HTM,https://www.cga.ct.gov/2024/TOB/h/pdf/2024HJ-00199-R00-HB.pdf
HJ-0200.HTM,2024,Unknown,Judiciary Committee,RESOLUTION CONFIRMING THE DECISION OF THE CLAIMS COMMISSIONER TO DISMISS THE CLAIM AGAINST THE STATE OF JUSTIN CULLEN.,,,(JUD),ftp://ftp.cga.ct.gov/2024/cbs/h/HJ-0200.HTM,https://www.cga.ct.gov/2024/TOB/h/pdf/2024HJ-00200-R00-HB.pdf
HJ-0201.HTM,2024,Unknown,Judiciary Committee,RESOLUTION VACATING THE DECISION OF THE CLAIMS COMMISSIONER CONCERNING THE CLAIM AGAINST THE STATE OF GUY D'ANIELLO.,,,(JUD),ftp://ftp.cga.ct.gov/2024/cbs/h/HJ-0201.HTM,https://www.cga.ct.gov/2024/TOB/h/pdf/2024HJ-00201-R00-HB.pdf
HJ-0202.HTM,2024,Unknown,Judiciary Committee,RESOLUTION CONFIRMING THE DECISION OF THE CLAIMS COMMISSIONER TO DISMISS THE CLAIM AGAINST THE STATE OF ANTONIO ALCANTARA.,,,(JUD),ftp://ftp.cga.ct.gov/2024/cbs/h/HJ-0202.HTM,https://www.cga.ct.gov/2024/TOB/h/pdf/2024HJ-00202-R00-HB.pdf
HJ-0203.HTM,2024,Unknown,Judiciary Committee,RESOLUTION VACATING THE DECISION OF THE CLAIMS COMMISSIONER AND DIRECTING SAID COMMISSIONER TO ORDER IMMEDIATE PAYMENT TO THE CLAIMANT JOE BALTAS.,,,(JUD),ftp://ftp.cga.ct.gov/2024/cbs/h/HJ-0203.HTM,https://www.cga.ct.gov/2024/TOB/h/pdf/2024HJ-00203-R00-HB.pdf
HJ-0204.HTM,2024,Unknown,Judiciary Committee,RESOLUTION CONFIRMING THE DECISION OF THE CLAIMS COMMISSIONER TO DISMISS THE CLAIM AGAINST THE STATE OF LAWRENCE SIMONOFF.,,,(JUD),ftp://ftp.cga.ct.gov/2024/cbs/h/HJ-0204.HTM,https://www.cga.ct.gov/2024/TOB/h/pdf/2024HJ-00204-R00-HB.pdf
HJ-0205.HTM,2024,Unknown,Judiciary Committee,RESOLUTION CONFIRMING THE DECISION OF THE CLAIMS COMMISSIONER TO DISMISS THE CLAIM AGAINST THE STATE OF LORI-AYN MENNILLI.,,,(JUD),ftp://ftp.cga.ct.gov/2024/cbs/h/HJ-0205.HTM,https://www.cga.ct.gov/2024/TOB/h/pdf/2024HJ-00205-R00-HB.pdf
HJ-0206.HTM,2024,Unknown,Judiciary Committee,RESOLUTION CONFIRMING THE DECISION OF THE CLAIMS COMMISSIONER TO DISMISS THE CLAIM AGAINST THE STATE OF JEFFREY WEBB.,,,(JUD),ftp://ftp.cga.ct.gov/2024/cbs/h/HJ-0206.HTM,https://www.cga.ct.gov/2024/TOB/h/pdf/2024HJ-00206-R00-HB.pdf
HJ-0207.HTM,2024,Unknown,Judiciary Committee,RESOLUTION CONFIRMING THE DECISION OF THE CLAIMS COMMISSIONER TO DISMISS THE CLAIM AGAINST THE STATE OF ALFREDO ORTIZ.,,,(JUD),ftp://ftp.cga.ct.gov/2024/cbs/h/HJ-0207.HTM,https://www.cga.ct.gov/2024/TOB/h/pdf/2024HJ-00207-R00-HB.pdf
HJ-0208.HTM,2024,Unknown,Judiciary Committee,RESOLUTION CONFIRMING THE DECISION OF THE CLAIMS COMMISSIONER TO DISMISS THE CLAIM AGAINST THE STATE OF CYNTHIA DABBS-LINDENBERGER.,,,(JUD),ftp://ftp.cga.ct.gov/2024/cbs/h/HJ-0208.HTM,https://www.cga.ct.gov/2024/TOB/h/pdf/2024HJ-00208-R00-HB.pdf
HJ-0209.HTM,2024,Unknown,Judiciary Committee,RESOLUTION CONFIRMING THE DECISION OF THE CLAIMS COMMISSIONER TO DISMISS THE CLAIM AGAINST THE STATE OF STEPHEN BYRNE.,,,(JUD),ftp://ftp.cga.ct.gov/2024/cbs/h/HJ-0209.HTM,https://www.cga.ct.gov/2024/TOB/h/pdf/2024HJ-00209-R00-HB.pdf
HJ-0210.HTM,2024,Unknown,Judiciary Committee,RESOLUTION CONFIRMING THE DECISION OF THE CLAIMS COMMISSIONER TO DISMISS THE CLAIM AGAINST THE STATE OF SYLVESTER TRAYLOR.,,,(JUD),ftp://ftp.cga.ct.gov/2024/cbs/h/HJ-0210.HTM,https://www.cga.ct.gov/2024/TOB/h/pdf/2024HJ-00210-R00-HB.pdf
HJ-0211.HTM,2024,Unknown,Judiciary Committee,RESOLUTION CONFIRMING THE DECISION OF THE CLAIMS COMMISSIONER TO DISMISS THE CLAIM AGAINST THE STATE OF EARL BRADLEY.,,,(JUD),ftp://ftp.cga.ct.gov/2024/cbs/h/HJ-0211.HTM,https://www.cga.ct.gov/2024/TOB/h/pdf/2024HJ-00211-R00-HB.pdf
HJ-0212.HTM,2024,Unknown,Judiciary Committee,RESOLUTION CONFIRMING THE DECISION OF THE CLAIMS COMMISSIONER TO DISMISS THE CLAIM AGAINST THE STATE OF JUSTIN HAZEL.,,,(JUD),ftp://ftp.cga.ct.gov/2024/cbs/h/HJ-0212.HTM,https://www.cga.ct.gov/2024/TOB/h/pdf/2024HJ-00212-R00-HB.pdf
HJ-0213.HTM,2024,Unknown,Judiciary Committee,RESOLUTION CONFIRMING THE DECISION OF THE CLAIMS COMMISSIONER TO DISMISS THE CLAIM AGAINST THE STATE OF CLIVE MILTON.,,,(JUD),ftp://ftp.cga.ct.gov/2024/cbs/h/HJ-0213.HTM,https://www.cga.ct.gov/2024/TOB/h/pdf/2024HJ-00213-R00-HB.pdf
HJ-0214.HTM,2024,Unknown,Judiciary Committee,RESOLUTION REMANDING THE CLAIM AGAINST THE STATE OF JOHN DICKERSON TO THE CLAIMS COMMISSIONER FOR ACTION CONSISTENT WITH SAID COMMISSIONER'S PRIOR DETERMINATION.,,,(JUD),ftp://ftp.cga.ct.gov/2024/cbs/h/HJ-0214.HTM,https://www.cga.ct.gov/2024/TOB/h/pdf/2024HJ-00214-R00-HB.pdf
HJ-0215.HTM,2024,Unknown,Labor and Public Employees Committee,RESOLUTION MEMORIALIZING CONGRESS TO REPEAL THE GOVERNMENT PENSION OFFSET AND THE WINDFALL ELIMINATION PROVISION.,,"Rep. Patrick E. Callahan, 108th Dist.; Rep. Gary A. Turco, 27th Dist.; Rep. Greg S. Howard, 43rd Dist.; Rep. Devin R. Carney, 23rd Dist.",(LAB),ftp://ftp.cga.ct.gov/2024/cbs/h/HJ-0215.HTM,https://www.cga.ct.gov/2024/TOB/h/pdf/2024HJ-00215-R00-HB.pdf
HJ-0216.HTM,2024,Unknown,Government Administration and Elections Committee,RESOLUTION PROPOSING A STATE CONSTITUTIONAL AMENDMENT TO ALLOW INDIVIDUALS WHO HAVE ATTAINED THE AGE OF SIXTEEN TO APPLY FOR ADMISSION AS ELECTORS AND TO BE SO ADMITTED UPON ATTAINING THE AGE OF EIGHTEEN.,,,(GAE),ftp://ftp.cga.ct.gov/2024/cbs/h/HJ-0216.HTM,https://www.cga.ct.gov/2024/TOB/h/pdf/2024HJ-00216-R00-HB.pdf
HJ-0217.HTM,2024,Unknown,Government Administration and Elections Committee,RESOLUTION RATIFYING THE PROPOSED AMENDMENT TO THE CONSTITUTION OF THE UNITED STATES PERMITTING CONGRESS TO REGULATE CHILD LABOR.,,,(GAE),ftp://ftp.cga.ct.gov/2024/cbs/h/HJ-0217.HTM,https://www.cga.ct.gov/2024/TOB/h/pdf/2024HJ-00217-R00-HB.pdf
HJ-0218.HTM,2024,Unknown,"REP. STEVEN J. STAFSTROM, 129th DIST.SEN. GARY A. WINFIELD, 10th DIST.","RESOLUTION CONFIRMING THE NOMINATION OF JESSICA W. SIMPSON, ESQUIRE, OF WINDSOR TO BE A FAMILY SUPPORT MAGISTRATE.",,,"REP. STAFSTROM, 129th Dist. ; SEN. WINFIELD, 10th Dist.",ftp://ftp.cga.ct.gov/2024/cbs/h/HJ-0218.HTM,https://www.cga.ct.gov/2024/TOB/h/pdf/2024HJ-00218-R00-HB.pdf
HJ-0219.HTM,2024,Unknown,"REP. STEVEN J. STAFSTROM, 129th DIST.SEN. GARY A. WINFIELD, 10th DIST.","RESOLUTION CONFIRMING THE NOMINATION OF ADAM R. SCHIBLEY, ESQUIRE, OF WINDSOR TO BE A JUDGE OF THE SUPERIOR COURT.",,,"REP. STAFSTROM, 129th Dist. ; SEN. WINFIELD, 10th Dist.",ftp://ftp.cga.ct.gov/2024/cbs/h/HJ-0219.HTM,https://www.cga.ct.gov/2024/TOB/h/pdf/2024HJ-00219-R00-HB.pdf
HJ-0220.HTM,2024,Unknown,"REP. STEVEN J. STAFSTROM, 129th DIST.SEN. GARY A. WINFIELD, 10th DIST.","RESOLUTION CONFIRMING THE NOMINATION OF ERIC P. SMITH, ESQUIRE, OF LITCHFIELD TO BE A JUDGE OF THE SUPERIOR COURT.",,,"REP. STAFSTROM, 129th Dist. ; SEN. WINFIELD, 10th Dist.",ftp://ftp.cga.ct.gov/2024/cbs/h/HJ-0220.HTM,https://www.cga.ct.gov/2024/TOB/h/pdf/2024HJ-00220-R00-HB.pdf
HJ-0221.HTM,2024,Unknown,"REP. STEVEN J. STAFSTROM, 129th DIST.SEN. GARY A. WINFIELD, 10th DIST.","RESOLUTION CONFIRMING THE NOMINATION OF MELISSA L. STREETO, ESQUIRE, OF WETHERSFIELD TO BE A JUDGE OF THE SUPERIOR COURT.",,,"REP. STAFSTROM, 129th Dist. ; SEN. WINFIELD, 10th Dist.",ftp://ftp.cga.ct.gov/2024/cbs/h/HJ-0221.HTM,https://www.cga.ct.gov/2024/TOB/h/pdf/2024HJ-00221-R00-HB.pdf
HJ-0222.HTM,2024,Unknown,"REP. STEVEN J. STAFSTROM, 129th DIST.SEN. GARY A. WINFIELD, 10th DIST.","RESOLUTION CONFIRMING THE NOMINATION OF MATTHEW T. WAX-KRELL, ESQUIRE, OF WEST HARTFORD TO BE A JUDGE OF THE SUPERIOR COURT.",,,"REP. STAFSTROM, 129th Dist. ; SEN. WINFIELD, 10th Dist.",ftp://ftp.cga.ct.gov/2024/cbs/h/HJ-0222.HTM,https://www.cga.ct.gov/2024/TOB/h/pdf/2024HJ-00222-R00-HB.pdf
HJ-0223.HTM,2024,Unknown,"REP. STEVEN J. STAFSTROM, 129th DIST.SEN. GARY A. WINFIELD, 10th DIST.","RESOLUTION CONFIRMING THE NOMINATION OF NICOLE ANKER, ESQUIRE, OF SOUTH GLASTONBURY TO BE A JUDGE OF THE SUPERIOR COURT.",,,"REP. STAFSTROM, 129th Dist. ; SEN. WINFIELD, 10th Dist.",ftp://ftp.cga.ct.gov/2024/cbs/h/HJ-0223.HTM,https://www.cga.ct.gov/2024/TOB/h/pdf/2024HJ-00223-R00-HB.pdf
HJ-0224.HTM,2024,Unknown,"REP. STEVEN J. STAFSTROM, 129th DIST.SEN. GARY A. WINFIELD, 10th DIST.","RESOLUTION CONFIRMING THE NOMINATION OF CORRINE A. BONI-VENDOLA, ESQUIRE, OF WALLINGFORD TO BE A JUDGE OF THE SUPERIOR COURT.",,,"REP. STAFSTROM, 129th Dist. ; SEN. WINFIELD, 10th Dist.",ftp://ftp.cga.ct.gov/2024/cbs/h/HJ-0224.HTM,https://www.cga.ct.gov/2024/TOB/h/pdf/2024HJ-00224-R00-HB.pdf
HJ-0225.HTM,2024,Unknown,"REP. STEVEN J. STAFSTROM, 129th DIST.SEN. GARY A. WINFIELD, 10th DIST.","RESOLUTION CONFIRMING THE NOMINATION OF STEVEN R. DEMBO, ESQUIRE, OF BLOOMFIELD TO BE A JUDGE OF THE SUPERIOR COURT.",,,"REP. STAFSTROM, 129th Dist. ; SEN. WINFIELD, 10th Dist.",ftp://ftp.cga.ct.gov/2024/cbs/h/HJ-0225.HTM,https://www.cga.ct.gov/2024/TOB/h/pdf/2024HJ-00225-R00-HB.pdf
HJ-0226.HTM,2024,Unknown,"REP. STEVEN J. STAFSTROM, 129th DIST.SEN. GARY A. WINFIELD, 10th DIST.","RESOLUTION CONFIRMING THE NOMINATION OF CHRISTINE JEAN-LOUIS, ESQUIRE, OF WALLINGFORD TO BE A JUDGE OF THE SUPERIOR COURT.",,,"REP. STAFSTROM, 129th Dist. ; SEN. WINFIELD, 10th Dist.",ftp://ftp.cga.ct.gov/2024/cbs/h/HJ-0226.HTM,https://www.cga.ct.gov/2024/TOB/h/pdf/2024HJ-00226-R00-HB.pdf
HJ-0227.HTM,2024,Unknown,"REP. STEVEN J. STAFSTROM, 129th DIST.SEN. GARY A. WINFIELD, 10th DIST.","RESOLUTION CONFIRMING THE NOMINATION OF CRISTINA M. LOPEZ, ESQUIRE, OF WETHERSFIELD TO BE A JUDGE OF THE SUPERIOR COURT.",,,"REP. STAFSTROM, 129th Dist. ; SEN. WINFIELD, 10th Dist.",ftp://ftp.cga.ct.gov/2024/cbs/h/HJ-0227.HTM,https://www.cga.ct.gov/2024/TOB/h/pdf/2024HJ-00227-R00-HB.pdf
HJ-0228.HTM,2024,Unknown,"REP. STEVEN J. STAFSTROM, 129th DIST.SEN. GARY A. WINFIELD, 10th DIST.","RESOLUTION CONFIRMING THE NOMINATION OF MATTHEW NECCI, ESQUIRE, OF GLASTONBURY TO BE A JUDGE OF THE SUPERIOR COURT.",,,"REP. STAFSTROM, 129th Dist. ; SEN. WINFIELD, 10th Dist.",ftp://ftp.cga.ct.gov/2024/cbs/h/HJ-0228.HTM,https://www.cga.ct.gov/2024/TOB/h/pdf/2024HJ-00228-R00-HB.pdf
HJ-0229.HTM,2024,Unknown,"REP. STEVEN J. STAFSTROM, 129th DIST.SEN. GARY A. WINFIELD, 10th DIST.","RESOLUTION CONFIRMING THE NOMINATION OF JOHN P. REGAN, ESQUIRE, OF OLD GREENWICH TO BE A JUDGE OF THE SUPERIOR COURT.",,,"REP. STAFSTROM, 129th Dist. ; SEN. WINFIELD, 10th Dist.",ftp://ftp.cga.ct.gov/2024/cbs/h/HJ-0229.HTM,https://www.cga.ct.gov/2024/TOB/h/pdf/2024HJ-00229-R00-HB.pdf
HJ-0230.HTM,2024,Unknown,Government Administration and Elections Committee,RESOLUTION MEMORIALIZING CONGRESS TO RESCIND PREVIOUS APPLICATIONS OF THE GENERAL ASSEMBLY CALLING FOR AN ARTICLE V CONVENTION TO PROPOSE AMENDMENTS TO THE CONSTITUTION OF THE UNITED STATES.,,"Sen. Rob Sampson, 16th Dist.; ",(GAE),ftp://ftp.cga.ct.gov/2024/cbs/h/HJ-0230.HTM,https://www.cga.ct.gov/2024/TOB/h/pdf/2024HJ-00230-R00-HB.pdf
HJ-0231.HTM,2024,Unknown,"REP. JULIO A. CONCEPCION, 4th DIST.SEN. BOB DUFF, 25th DIST.",RESOLUTION CONFIRMING THE NOMINATION OF KOMLA G. MATREVI OF TORRINGTON TO BE A HUMAN RIGHTS REFEREE.,,,"REP. CONCEPCION, 4th Dist. ; SEN. DUFF, 25th Dist.",ftp://ftp.cga.ct.gov/2024/cbs/h/HJ-0231.HTM,https://www.cga.ct.gov/2024/TOB/h/pdf/2024HJ-00231-R00-HB.pdf
HJ-0232.HTM,2024,Unknown,"REP. JULIO A. CONCEPCION, 4th DIST.SEN. BOB DUFF, 25th DIST.",RESOLUTION CONFIRMING THE NOMINATION OF HILARY CARPENTER OF WINDSOR TO BE THE CORRECTION OMBUDS.,,,"REP. CONCEPCION, 4th Dist. ; SEN. DUFF, 25th Dist.",ftp://ftp.cga.ct.gov/2024/cbs/h/HJ-0232.HTM,https://www.cga.ct.gov/2024/TOB/h/pdf/2024HJ-00232-R00-HB.pdf
HJ-0233.HTM,2024,Unknown,"REP. JULIO A. CONCEPCION, 4th DIST.SEN. BOB DUFF, 25th DIST.",RESOLUTION CONFIRMING THE NOMINATION OF CONNOR COWAN OF FAIRFIELD TO BE A NONVOTING STUDENT MEMBER OF THE STATE BOARD OF EDUCATION.,,,"REP. CONCEPCION, 4th Dist. ; SEN. DUFF, 25th Dist.",ftp://ftp.cga.ct.gov/2024/cbs/h/HJ-0233.HTM,https://www.cga.ct.gov/2024/TOB/h/pdf/2024HJ-00233-R00-HB.pdf
HJ-0234.HTM,2024,Unknown,"REP. JULIO A. CONCEPCION, 4th DIST.SEN. BOB DUFF, 25th DIST.",RESOLUTION CONFIRMING THE NOMINATION OF YASMEEN GALAL OF PROSPECT TO BE A NONVOTING STUDENT MEMBER OF THE STATE BOARD OF EDUCATION.,,,"REP. CONCEPCION, 4th Dist. ; SEN. DUFF, 25th Dist.",ftp://ftp.cga.ct.gov/2024/cbs/h/HJ-0234.HTM,https://www.cga.ct.gov/2024/TOB/h/pdf/2024HJ-00234-R00-HB.pdf
HJ-0235.HTM,2024,Unknown,"REP. JULIO A. CONCEPCION, 4th DIST.SEN. BOB DUFF, 25th DIST.",RESOLUTION CONFIRMING THE NOMINATION OF STEPHEN C. HIGGINS OF WEST HARTFORD TO BE A MEMBER OF THE STATE EDUCATION RESOURCE CENTER BOARD OF DIRECTORS.,,,"REP. CONCEPCION, 4th Dist. ; SEN. DUFF, 25th Dist.",ftp://ftp.cga.ct.gov/2024/cbs/h/HJ-0235.HTM,https://www.cga.ct.gov/2024/TOB/h/pdf/2024HJ-00235-R00-HB.pdf
HJ-0236.HTM,2024,Unknown,"REP. JULIO A. CONCEPCION, 4th DIST.SEN. BOB DUFF, 25th DIST.","RESOLUTION CONFIRMING THE NOMINATION OF SETH ZIMMERMAN, PH.D., OF NEW HAVEN TO BE A MEMBER OF THE STATE BOARD OF EDUCATION.",,,"REP. CONCEPCION, 4th Dist. ; SEN. DUFF, 25th Dist.",ftp://ftp.cga.ct.gov/2024/cbs/h/HJ-0236.HTM,https://www.cga.ct.gov/2024/TOB/h/pdf/2024HJ-00236-R00-HB.pdf
HJ-0237.HTM,2024,Unknown,"REP. JULIO A. CONCEPCION, 4th DIST.SEN. BOB DUFF, 25th DIST.",RESOLUTION CONFIRMING THE NOMINATION OF SONIA WORRELL-ASARE OF WINDSOR TO BE A MEMBER OF THE STATE ELECTIONS ENFORCEMENT COMMISSION.,,,"REP. CONCEPCION, 4th Dist. ; SEN. DUFF, 25th Dist.",ftp://ftp.cga.ct.gov/2024/cbs/h/HJ-0237.HTM,https://www.cga.ct.gov/2024/TOB/h/pdf/2024HJ-00237-R00-HB.pdf
HJ-0238.HTM,2024,Unknown,"REP. JULIO A. CONCEPCION, 4th DIST.SEN. BOB DUFF, 25th DIST.",RESOLUTION CONFIRMING THE NOMINATION OF BONNIE E. BURR OF BROOKFIELD TO BE REAPPOINTED A MEMBER OF THE STATE BOARD OF EDUCATION.,,"Sen. Eric C. Berthel, 32nd Dist.; ","REP. CONCEPCION, 4th Dist. ; SEN. DUFF, 25th Dist.",ftp://ftp.cga.ct.gov/2024/cbs/h/HJ-0238.HTM,https://www.cga.ct.gov/2024/TOB/h/pdf/2024HJ-00238-R00-HB.pdf
HJ-0239.HTM,2024,Unknown,"REP. JULIO A. CONCEPCION, 4th DIST.SEN. BOB DUFF, 25th DIST.",RESOLUTION CONFIRMING THE NOMINATION OF KRISTEN A. RECORD OF BRIDGEPORT TO BE A MEMBER OF THE STATE BOARD OF EDUCATION.,,,"REP. CONCEPCION, 4th Dist. ; SEN. DUFF, 25th Dist.",ftp://ftp.cga.ct.gov/2024/cbs/h/HJ-0239.HTM,https://www.cga.ct.gov/2024/TOB/h/pdf/2024HJ-00239-R00-HB.pdf
HJ-0240.HTM,2024,Unknown,"REP. JULIO A. CONCEPCION, 4th DIST.SEN. BOB DUFF, 25th DIST.",RESOLUTION CONFIRMING THE NOMINATION OF JUAN C. SALAZAR OF GLASTONBURY TO BE A MEMBER OF THE STATE BOARD OF EDUCATION.,,,"REP. CONCEPCION, 4th Dist. ; SEN. DUFF, 25th Dist.",ftp://ftp.cga.ct.gov/2024/cbs/h/HJ-0240.HTM,https://www.cga.ct.gov/2024/TOB/h/pdf/2024HJ-00240-R00-HB.pdf
HJ-0241.HTM,2024,Unknown,"REP. JULIO A. CONCEPCION, 4th DIST.SEN. BOB DUFF, 25th DIST.",RESOLUTION CONFIRMING THE NOMINATION OF ERIK M. CLEMONS OF NEW HAVEN TO BE REAPPOINTED A MEMBER OF THE STATE BOARD OF EDUCATION.,,,"REP. CONCEPCION, 4th Dist. ; SEN. DUFF, 25th Dist.",ftp://ftp.cga.ct.gov/2024/cbs/h/HJ-0241.HTM,https://www.cga.ct.gov/2024/TOB/h/pdf/2024HJ-00241-R00-HB.pdf
HJ-0301.HTM,2024,Unknown,"REP. MATTHEW RITTER, 1st DIST.SEN. MARTIN M. LOONEY, 11th DIST.","RESOLUTION CONCERNING THE JOINT RULES FOR THE JUNE SPECIAL SESSION, 2024.",,,"REP. RITTER M., 1st Dist. ; SEN. LOONEY, 11th Dist.",ftp://ftp.cga.ct.gov/2024/cbs/h/HJ-0301.HTM,https://www.cga.ct.gov/2024/TOB/h/pdf/2024HJ-00301-R00-HB.pdf
HJ-0302.HTM,2024,Unknown,"REP. MATTHEW RITTER, 1st DIST.SEN. MARTIN M. LOONEY, 11th DIST.","RESOLUTION CONCERNING THE EXPENSES OF THE JUNE SPECIAL SESSION, 2024.",,,"REP. RITTER M., 1st Dist. ; SEN. LOONEY, 11th Dist.",ftp://ftp.cga.ct.gov/2024/cbs/h/HJ-0302.HTM,https://www.cga.ct.gov/2024/TOB/h/pdf/2024HJ-00302-R00-HB.pdf
HJ-0303.HTM,2024,Unknown,"REP. MATTHEW RITTER, 1st DIST.SEN. MARTIN M. LOONEY, 11th DIST.","RESOLUTION CONCERNING THE PRINTING OF THE JOURNALS OF THE SENATE AND HOUSE OF REPRESENTATIVES FOR THE JUNE SPECIAL SESSION, 2024.",,,"REP. RITTER M., 1st Dist. ; SEN. LOONEY, 11th Dist.",ftp://ftp.cga.ct.gov/2024/cbs/h/HJ-0303.HTM,https://www.cga.ct.gov/2024/TOB/h/pdf/2024HJ-00303-R00-HB.pdf
HR-0001.HTM,2024,Unknown,"REP. JASON ROJAS, 9th DIST.",RESOLUTION CONCERNING THE PRINTING OF THE HOUSE JOURNAL.,,,"REP. ROJAS, 9th Dist.",ftp://ftp.cga.ct.gov/2024/cbs/h/HR-0001.HTM,https://www.cga.ct.gov/2024/TOB/h/pdf/2024HR-00001-R00-HB.pdf
HR-0002.HTM,2024,Unknown,"REP. JASON ROJAS, 9th DIST.",RESOLUTION RAISING A COMMITTEE TO INFORM THE SENATE THAT THE HOUSE IS READY TO MEET IN JOINT CONVENTION.,,,"REP. ROJAS, 9th Dist.",ftp://ftp.cga.ct.gov/2024/cbs/h/HR-0002.HTM,https://www.cga.ct.gov/2024/TOB/h/pdf/2024HR-00002-R00-HB.pdf
HR-0003.HTM,2024,Unknown,"REP. JULIO A. CONCEPCION, 4th DIST.",RESOLUTION CONFIRMING THE NOMINATION OF RONNELL A. HIGGINS OF NORTH HAVEN TO BE COMMISSIONER OF EMERGENCY SERVICES AND PUBLIC PROTECTION.,,"Rep. Patrick S. Boyd, 50th Dist.; ","REP. CONCEPCION, 4th Dist.",ftp://ftp.cga.ct.gov/2024/cbs/h/HR-0003.HTM,https://www.cga.ct.gov/2024/TOB/h/pdf/2024HR-00003-R00-HB.pdf
HR-0004.HTM,2024,Unknown,"REP. JULIO A. CONCEPCION, 4th DIST.",RESOLUTION CONFIRMING THE NOMINATION OF DANIEL O'KEEFE OF NEW CANAAN TO BE COMMISSIONER OF ECONOMIC AND COMMUNITY DEVELOPMENT.,,,"REP. CONCEPCION, 4th Dist.",ftp://ftp.cga.ct.gov/2024/cbs/h/HR-0004.HTM,https://www.cga.ct.gov/2024/TOB/h/pdf/2024HR-00004-R00-HB.pdf
HR-0005.HTM,2024,Unknown,"REP. MATTHEW RITTER, 1st DIST.","RESOLUTION APPROVING THE STIPULATION OF THE SETTLEMENT IN RALPH BIRCH V. TOWN OF NEW MILFORD, ET AL. AND SHAWN HENNING V. TOWN OF NEW MILFORD, ET AL.",,,"REP. RITTER M., 1st Dist.",ftp://ftp.cga.ct.gov/2024/cbs/h/HR-0005.HTM,https://www.cga.ct.gov/2024/TOB/h/pdf/2024HR-00005-R00-HB.pdf
HR-0006.HTM,2024,Unknown,"REP. JULIO A. CONCEPCION, 4th DIST.",RESOLUTION CONFIRMING THE NOMINATION OF MICHAEL A. PEPPER OF MADISON TO BE A MEMBER AND CHAIRPERSON OF THE PSYCHIATRIC SECURITY REVIEW BOARD.,,,"REP. CONCEPCION, 4th Dist.",ftp://ftp.cga.ct.gov/2024/cbs/h/HR-0006.HTM,https://www.cga.ct.gov/2024/TOB/h/pdf/2024HR-00006-R00-HB.pdf
HR-0007.HTM,2024,Unknown,"REP. JULIO A. CONCEPCION, 4th DIST.",RESOLUTION CONFIRMING THE NOMINATION OF THE HONORABLE OWEN P. EAGAN OF WEST HARTFORD TO BE REAPPOINTED A MEMBER AND CHAIRPERSON OF THE FREEDOM OF INFORMATION COMMISSION.,,,"REP. CONCEPCION, 4th Dist.",ftp://ftp.cga.ct.gov/2024/cbs/h/HR-0007.HTM,https://www.cga.ct.gov/2024/TOB/h/pdf/2024HR-00007-R00-HB.pdf
HR-0008.HTM,2024,Unknown,"REP. JULIO A. CONCEPCION, 4th DIST.",RESOLUTION CONFIRMING THE NOMINATION OF JUDITH A. GANSWINDT OF OLD SAYBROOK TO BE A MEMBER OF THE FREEDOM OF INFORMATION COMMISSION.,,,"REP. CONCEPCION, 4th Dist.",ftp://ftp.cga.ct.gov/2024/cbs/h/HR-0008.HTM,https://www.cga.ct.gov/2024/TOB/h/pdf/2024HR-00008-R00-HB.pdf
HR-0009.HTM,2024,Unknown,"REP. MATTHEW RITTER, 1st DIST.REP. JASON ROJAS, 9th DIST.","RESOLUTION PROPOSING APPROVAL OF A MEMORANDUM OF AGREEMENT BETWEEN THE PCA WORKFORCE COUNCIL AND THE NEW ENGLAND HEALTH CARE EMPLOYEES UNION, DISTRICT 1199, SEIU.",,"Rep. Aundre Bumgardner, 41st Dist.; Rep. Hubert D. Delany, 144th Dist.; Rep. Anthony L. Nolan, 39th Dist.; ","REP. RITTER M., 1st Dist. ; REP. ROJAS, 9th Dist.",ftp://ftp.cga.ct.gov/2024/cbs/h/HR-0009.HTM,https://www.cga.ct.gov/2024/TOB/h/pdf/2024HR-00009-R00-HB.pdf
HR-0010.HTM,2024,Unknown,"REP. JULIO A. CONCEPCION, 4th DIST.",RESOLUTION CONFIRMING THE NOMINATION OF JOSEPH A. RAGOZZINO OF HADDAM TO BE A MEMBER OF THE MILK REGULATION BOARD.,,,"REP. CONCEPCION, 4th Dist.",ftp://ftp.cga.ct.gov/2024/cbs/h/HR-0010.HTM,https://www.cga.ct.gov/2024/TOB/h/pdf/2024HR-00010-R00-HB.pdf
HR-0011.HTM,2024,Unknown,"REP. JULIO A. CONCEPCION, 4th DIST.",RESOLUTION CONFIRMING THE NOMINATION OF DOUGLAS H. WADE OF SHELTON TO BE A MEMBER OF THE MILK REGULATION BOARD.,,,"REP. CONCEPCION, 4th Dist.",ftp://ftp.cga.ct.gov/2024/cbs/h/HR-0011.HTM,https://www.cga.ct.gov/2024/TOB/h/pdf/2024HR-00011-R00-HB.pdf
HR-0012.HTM,2024,Unknown,"REP. JULIO A. CONCEPCION, 4th DIST.",RESOLUTION CONFIRMING THE NOMINATION OF CRAIG D. STEARNS OF SIMSBURY TO BE A MEMBER OF THE MILK REGULATION BOARD.,,,"REP. CONCEPCION, 4th Dist.",ftp://ftp.cga.ct.gov/2024/cbs/h/HR-0012.HTM,https://www.cga.ct.gov/2024/TOB/h/pdf/2024HR-00012-R00-HB.pdf
HR-0013.HTM,2024,Unknown,"REP. JULIO A. CONCEPCION, 4th DIST.",RESOLUTION CONFIRMING THE NOMINATION OF CHRISTIAN S. CASIELLO OF LITCHFIELD TO BE A MEMBER OF THE MILK REGULATION BOARD.,,,"REP. CONCEPCION, 4th Dist.",ftp://ftp.cga.ct.gov/2024/cbs/h/HR-0013.HTM,https://www.cga.ct.gov/2024/TOB/h/pdf/2024HR-00013-R00-HB.pdf
HR-0014.HTM,2024,Unknown,"REP. MATTHEW RITTER, 1st DIST.REP. JASON ROJAS, 9th DIST.","RESOLUTION PROPOSING APPROVAL OF AN AGREEMENT BETWEEN THE UNIVERSITY OF CONNECTICUT BOARD OF TRUSTEES AND THE INTERNATIONAL UNION, UNITED AUTOMOBILE, AEROSPACE AND AGRICULTURAL IMPLEMENT WORKERS OF AMERICA, LOCAL 6950.",,,"REP. RITTER M., 1st Dist. ; REP. ROJAS, 9th Dist.",ftp://ftp.cga.ct.gov/2024/cbs/h/HR-0014.HTM,https://www.cga.ct.gov/2024/TOB/h/pdf/2024HR-00014-R00-HB.pdf
HR-0015.HTM,2024,Unknown,"REP. MATTHEW RITTER, 1st DIST.REP. JASON ROJAS, 9th DIST.",RESOLUTION PROPOSING APPROVAL OF AN AGREEMENT BETWEEN THE STATE OF CONNECTICUT AND THE STATE EMPLOYEES BARGAINING AGENT COALITION (SEBAC).,,"Rep. Robert Sanchez, 25th Dist.; ","REP. RITTER M., 1st Dist. ; REP. ROJAS, 9th Dist.",ftp://ftp.cga.ct.gov/2024/cbs/h/HR-0015.HTM,https://www.cga.ct.gov/2024/TOB/h/pdf/2024HR-00015-R00-HB.pdf
HR-0101.HTM,2024,Unknown,"REP. JASON ROJAS, 9th DIST.","RESOLUTION CONCERNING THE RULES OF THE HOUSE OF REPRESENTATIVES FOR THE JUNE SPECIAL SESSION, 2024.",,,"REP. ROJAS, 9th Dist.",ftp://ftp.cga.ct.gov/2024/cbs/h/HR-0101.HTM,https://www.cga.ct.gov/2024/TOB/h/pdf/2024HR-00101-R00-HB.pdf
SB-0001.HTM,2024,Proposed Bill,Public Health Committee,AN ACT CONCERNING THE HEALTH AND SAFETY OF CONNECTICUT RESIDENTS.,To improve the health and safety of Connecticut residents.,"Sen. Martin M. Looney, 11th Dist.; Sen. Bob Duff, 25th Dist.; Sen. Saud Anwar, 3rd Dist.; Sen. Jorge Cabrera, 17th Dist.; Sen. Christine Cohen, 12th Dist.; Sen. Mae Flexer, 29th Dist.; Sen. Herron Gaston, 23rd Dist.; Sen. Joan V. Hartley, 15th Dist.; Sen. Jan Hochadel, 13th Dist.; Sen. Julie Kushner, 24th Dist.; Sen. Matthew L. Lesser, 9th Dist.; Sen. Ceci Maher, 26th Dist.; Sen. James J. Maroney, 14th Dist.; Sen. Martha Marx, 20th Dist.; Sen. Douglas McCrory, 2nd Dist.; Sen. Patricia Billie Miller, 27th Dist.; Sen. Marilyn V. Moore, 22nd Dist.; Sen. Norman Needleman, 33rd Dist.; Sen. Catherine A. Osten, 19th Dist.; Sen. MD Rahman, 4th Dist.; Sen. Derek Slap, 5th Dist.; Sen. Gary A. Winfield, 10th Dist.; Rep. Hubert D. Delany, 144th Dist.; Rep. Susan M. Johnson, 49th Dist.; Rep. Moira Rader, 98th Dist.; Rep. Anthony L. Nolan, 39th Dist.; Rep. Kadeem Roberts, 137th Dist.; Rep. Christopher Rosario, 128th Dist.; Rep. Joshua M. Hall, 7th Dist.; Rep. Robyn A. Porter, 94th Dist.; Rep. Sarah Keitt, 134th Dist.; Rep. Bobby G. Gibson, 15th Dist.; Rep. Corey P. Paris, 145th Dist.; Rep. Patricia A. Dillon, 92nd Dist.; Sen. Kevin C. Kelly, 21st Dist.; Sen. Henri Martin, 31st Dist.; Rep. Peter A. Tercyak, 26th Dist.; Rep. Tammy R. Exum, 19th Dist.; Rep. Mary Welander, 114th Dist.; Rep. Farley Santos, 109th Dist.; Rep. Michael D Quinn, 82nd Dist.; Rep. Henry J. Genga, 10th Dist.; Rep. Andre F. Baker, 124th Dist.; Rep. Kara Rochelle, 104th Dist.; Rep. Hilda E. Santiago, 84th Dist.; Rep. Gregory Haddad, 54th Dist.; Rep. Jonathan Steinberg, 136th Dist.; Rep. Robin E. Comey, 102nd Dist.; Rep. Matt Blumenthal, 147th Dist.; Rep. Tom Delnicki, 14th Dist.; Rep. David Michel, 146th Dist.; ","SEN. LOONEY, 11th Dist. ; SEN. DUFF, 25th Dist. ; SEN. ANWAR, 3rd Dist. ; SEN. CABRERA, 17th Dist. ; SEN. COHEN, 12th Dist. ; SEN. FLEXER, 29th Dist. ; SEN. GASTON, 23rd Dist. ; SEN. HARTLEY, 15th Dist. ; SEN. HOCHADEL, 13th Dist. ; SEN. KUSHNER, 24th Dist. ; SEN. LESSER, 9th Dist. SEN. MAHER, 26th Dist. ; SEN. MARONEY, 14th Dist. ; SEN. MARX, 20th Dist. ; SEN. MCCRORY, 2nd Dis t.; SEN. MILLER P., 27th Dist. ; SEN. MOORE, 22nd Dist. ; SEN. NEEDLEMAN, 33rd Dist. ; SEN. OSTEN, 19th Dist. ; SEN. RAHMAN, 4th Dist. ; SEN. SLAP, 5th Dist. ; SEN. WINFIELD, 10th Dist.",ftp://ftp.cga.ct.gov/2024/cbs/s/SB-0001.HTM,https://www.cga.ct.gov/2024/TOB/s/pdf/2024SB-00001-R00-SB.pdf
SB-0002.HTM,2024,Proposed Bill,General Law Committee,AN ACT CONCERNING ARTIFICIAL INTELLIGENCE.,"To: (1) Establish requirements concerning the development, deployment and use of certain artificial intelligence systems; (2) establish an Artificial Intelligence Advisory Council; (3) prohibit dissemination of certain synthetic images; (4) prohibit distribution of, and agreements to distribute, certain deceptive media concerning elections; (5) require state agencies to study potential uses of generative artificial intelligence and propose pilot projects; (6) require the Commissioner of Administrative Services to provide training concerning generative artificial intelligence; (7) require the Chief Workforce Officer to (A) incorporate artificial intelligence training into workforce training programs, and (B) design a broadband outreach program; (8) require the Board of Regents for Higher Education to establish (A) a ""Connecticut Citizens AI Academy"", and (B) certificate programs in fields related to artificial intelligence; and (9) require the Department of Economic and Community Development to (A) develop a plan to offer high-performance computing services, (B) establish a confidential computing cluster, and (C) conduct a ""CT AI Symposium"".","Sen. Martin M. Looney, 11th Dist.; Sen. Bob Duff, 25th Dist.; Sen. Saud Anwar, 3rd Dist.; Sen. Jorge Cabrera, 17th Dist.; Sen. Mae Flexer, 29th Dist.; Sen. Herron Gaston, 23rd Dist.; Sen. Joan V. Hartley, 15th Dist.; Sen. Jan Hochadel, 13th Dist.; Sen. Julie Kushner, 24th Dist.; Sen. Matthew L. Lesser, 9th Dist.; Sen. Ceci Maher, 26th Dist.; Sen. James J. Maroney, 14th Dist.; Sen. Martha Marx, 20th Dist.; Sen. Douglas McCrory, 2nd Dist.; Sen. Patricia Billie Miller, 27th Dist.; Sen. Marilyn V. Moore, 22nd Dist.; Sen. Norman Needleman, 33rd Dist.; Sen. Catherine A. Osten, 19th Dist.; Sen. MD Rahman, 4th Dist.; Sen. Derek Slap, 5th Dist.; Sen. Gary A. Winfield, 10th Dist.; Rep. Aundre Bumgardner, 41st Dist.; Rep. Hubert D. Delany, 144th Dist.; Sen. Christine Cohen, 12th Dist.; Rep. Tom Delnicki, 14th Dist.; Rep. Anthony L. Nolan, 39th Dist.; Rep. Christine Palm, 36th Dist.; Rep. Maria P. Horn, 64th Dist.; Rep. Marcus Brown, 127th Dist.; Rep. Christopher Rosario, 128th Dist.; Rep. James Sanchez, 6th Dist.; Rep. Gary A. Turco, 27th Dist.; Rep. Mary Welander, 114th Dist.; Rep. Eleni Kavros DeGraw, 17th Dist.; Rep. Patricia A. Dillon, 92nd Dist.; Rep. David Michel, 146th Dist.; Rep. Fred Gee, 126th Dist.; Rep. Robert Sanchez, 25th Dist.; Rep. Julio A. Concepcion, 4th Dist.; Rep. Minnie Gonzalez, 3rd Dist.; Rep. Anabel D. Figueroa, 148th Dist.; Rep. Corey P. Paris, 145th Dist.; Rep. Josh Elliott, 88th Dist.; Rep. Geraldo C. Reyes, 75th Dist.; Rep. Juan R. Candelaria, 95th Dist.; Rep. Jason Doucette, 13th Dist.; Rep. Larry B. Butler, 72nd Dist.; Rep. Farley Santos, 109th Dist.; Rep. Hilda E. Santiago, 84th Dist.; Rep. Anne M. Hughes, 135th Dist.; Rep. Jonathan Fazzino, 83rd Dist.; Rep. Trenee McGee, 116th Dist.; Rep. Maryam Khan, 5th Dist.; Rep. Sarah Keitt, 134th Dist.; Rep. Kai J. Belton, 100th Dist.; Rep. William Heffernan, 115th Dist.; Rep. Kadeem Roberts, 137th Dist.; Rep. Kate Farrar, 20th Dist.; Rep. Matt Blumenthal, 147th Dist.; Rep. Frank Smith, 118th Dist.; Rep. Joseph P. Gresko, 121st Dist.; Rep. Tammy R. Exum, 19th Dist.; Rep. Emmanuel Sanchez, 24th Dist.; Rep. Derell Wilson, 46th Dist.; Rep. Jillian Gilchrest, 18th Dist.; Rep. Hector Arzeno, 151st Dist.; Rep. Susan M. Johnson, 49th Dist.; Rep. Mary M. Mushinsky, 85th Dist.; Rep. Bobby G. Gibson, 15th Dist.; Rep. Dominique Johnson, 143rd Dist.; Rep. Aimee Berger-Girvalo, 111th Dist.; Rep. John-Michael Parker, 101st Dist.; Rep. Lucy Dathan, 142nd Dist.; ","SEN. LOONEY, 11th Dist. ; SEN. DUFF, 25th Dist. ; SEN. ANWAR, 3rd Dist. ; SEN. CABRERA, 17th Dist. ; SEN. FLEXER, 29th Dist. ; SEN. GASTON, 23rd Dist. ; SEN. HARTLEY, 15th Dist. ; SEN. HOCHADEL, 13th Dist. ; SEN. KUSHNER, 24th Dist. ; SEN. LESSER, 9th Dist. ; SEN. MAHER, 26th Dist. SEN. MARONEY, 14th Dist. ; SEN. MARX, 20th Dist. ; SEN. MCCRORY, 2nd Dist. ; SEN. MILLER P., 27th Dist. ; SEN. MOORE, 22nd Dist. ; SEN. NEEDLEMAN, 33rd Dist. ; SEN. OSTEN, 19th Dist. ; SEN. RAHMAN, 4th Dist. ; SEN. SLAP, 5th Dist. ; SEN. WINFIELD, 10th Dist.",ftp://ftp.cga.ct.gov/2024/cbs/s/SB-0002.HTM,https://www.cga.ct.gov/2024/TOB/s/pdf/2024SB-00002-R00-SB.pdf
SB-0003.HTM,2024,Proposed Bill,General Law Committee,AN ACT CONCERNING CONSUMER PROTECTION.,"To (1) declare the state's policy concerning broadband Internet access service, (2) require certain broadband Internet access service providers to provide affordable broadband Internet access service, (3) require certain fee disclosures and prohibit deceptive and excessive fees for consumer goods and services, (4) prohibit public entities from purchasing or operating certain small unmanned aircraft systems, (5) impose various requirements concerning connected devices, (6) require net neutrality by imposing requirements on certain broadband Internet access service providers, (7) regulate streaming service billing practices, and (8) impose various requirements concerning repairs of electronic or appliance products.","Sen. Martin M. Looney, 11th Dist.; Sen. Bob Duff, 25th Dist.; Sen. Saud Anwar, 3rd Dist.; Sen. Jorge Cabrera, 17th Dist.; Sen. Christine Cohen, 12th Dist.; Sen. Mae Flexer, 29th Dist.; Sen. Herron Gaston, 23rd Dist.; Sen. Jan Hochadel, 13th Dist.; Sen. Julie Kushner, 24th Dist.; Sen. Matthew L. Lesser, 9th Dist.; Sen. Ceci Maher, 26th Dist.; Sen. James J. Maroney, 14th Dist.; Sen. Martha Marx, 20th Dist.; Sen. Douglas McCrory, 2nd Dist.; Sen. Patricia Billie Miller, 27th Dist.; Sen. Marilyn V. Moore, 22nd Dist.; Sen. Norman Needleman, 33rd Dist.; Sen. Catherine A. Osten, 19th Dist.; Sen. MD Rahman, 4th Dist.; Sen. Derek Slap, 5th Dist.; Sen. Gary A. Winfield, 10th Dist.; Rep. Hubert D. Delany, 144th Dist.; Rep. Anthony L. Nolan, 39th Dist.; Rep. Eleni Kavros DeGraw, 17th Dist.; Rep. Geraldo C. Reyes, 75th Dist.; Rep. Aundre Bumgardner, 41st Dist.","SEN. LOONEY, 11th Dist. ; SEN. DUFF, 25th Dist. ; SEN. ANWAR, 3rd Dist. ; SEN. CABRERA, 17th Dist. ; SEN. COHEN, 12th Dist. ; SEN. FLEXER, 29th Dist. ; SEN. GASTON, 23rd Dist. ; SEN. HOCHADEL, 13th Dist. ; SEN. KUSHNER, 24th Dist. ; SEN. LESSER, 9th Dist. ; SEN. MAHER, 26th Dist. SEN. MARONEY, 14th Dist. ; SEN. MARX, 20th Dist. ; SEN. MCCRORY, 2nd Dist. ; SEN. MILLER P., 27th D ist.; SEN. MOORE, 22nd Dist. ; SEN. NEEDLEMAN, 33rd Dist. ; SEN. OSTEN, 19th Dist. ; SEN. RAHMAN, 4th Dist. ; SEN. SLAP, 5th Dist. ; SEN. WINFIELD, 10th Dist.",ftp://ftp.cga.ct.gov/2024/cbs/s/SB-0003.HTM,https://www.cga.ct.gov/2024/TOB/s/pdf/2024SB-00003-R00-SB.pdf
SB-0004.HTM,2024,Proposed Bill,Judiciary Committee,"AN ACT CONCERNING VICTIMS OF DOMESTIC VIOLENCE, THE UNSOLICITED TRANSMISSION OF INTIMATE IMAGES BY MEANS OF AN ELECTRONIC COMMUNICATION DEVICE AND THE IMPERMISSIBLE USE OF NONDISCLOSURE AGREEMENTS IN THE WORKPLACE.","To protect victims of domestic violence, deter the unsolicited transmission of intimate images by means of an electronic communication device and to prohibit the use of certain nondisclosure agreements in the workplace.","Sen. Martin M. Looney, 11th Dist.; Sen. Bob Duff, 25th Dist.; Sen. Saud Anwar, 3rd Dist.; Sen. Jorge Cabrera, 17th Dist.; Sen. Christine Cohen, 12th Dist.; Sen. Mae Flexer, 29th Dist.; Sen. Herron Gaston, 23rd Dist.; Sen. Jan Hochadel, 13th Dist.; Sen. Julie Kushner, 24th Dist.; Sen. Matthew L. Lesser, 9th Dist.; Sen. Ceci Maher, 26th Dist.; Sen. James J. Maroney, 14th Dist.; Sen. Martha Marx, 20th Dist.; Sen. Douglas McCrory, 2nd Dist.; Sen. Patricia Billie Miller, 27th Dist.; Sen. Marilyn V. Moore, 22nd Dist.; Sen. Norman Needleman, 33rd Dist.; Sen. MD Rahman, 4th Dist.; Sen. Derek Slap, 5th Dist.; Sen. Gary A. Winfield, 10th Dist.; Rep. Hubert D. Delany, 144th Dist.; Rep. Anthony L. Nolan, 39th Dist.; Rep. Gregory Haddad, 54th Dist.; Rep. Matt Blumenthal, 147th Dist.","SEN. LOONEY, 11th Dist. ; SEN. DUFF, 25th Dist. ; SEN. ANWAR, 3rd Dist. ; SEN. CABRERA, 17th Dist. ; SEN. COHEN, 12th Dist. ; SEN. FLEXER, 29th Dist. ; SEN. GASTON, 23rd Dist. ; SEN. HOCHADEL, 13th Dist. ; SEN. KUSHNER, 24th Dist. ; SEN. LESSER, 9th Dist. SEN. MAHER, 26th Dist. ; SEN. MARONEY, 14th Dist. ; SEN. MARX, 20th Dist. ; SEN. MCCRORY, 2nd Dist. ; SEN. MILLER P., 27th D ist.; SEN. MOORE, 22nd Dist. ; SEN. NEEDLEMAN, 33rd Dist. ; SEN. RAHMAN, 4th Dist. ; SEN. SLAP, 5th Dist. ; SEN. WINFIELD, 10th Dist.",ftp://ftp.cga.ct.gov/2024/cbs/s/SB-0004.HTM,https://www.cga.ct.gov/2024/TOB/s/pdf/2024SB-00004-R00-SB.pdf
SB-0005.HTM,2024,Proposed Bill,Education Committee,AN ACT CONCERNING SCHOOL RESOURCES.,To support the state's public schools.,"Sen. Martin M. Looney, 11th Dist.; Sen. Bob Duff, 25th Dist.; Sen. Saud Anwar, 3rd Dist.; Sen. Jorge Cabrera, 17th Dist.; Sen. Christine Cohen, 12th Dist.; Sen. Mae Flexer, 29th Dist.; Sen. Herron Gaston, 23rd Dist.; Sen. Jan Hochadel, 13th Dist.; Sen. Julie Kushner, 24th Dist.; Sen. Matthew L. Lesser, 9th Dist.; Sen. Ceci Maher, 26th Dist.; Sen. James J. Maroney, 14th Dist.; Sen. Martha Marx, 20th Dist.; Sen. Douglas McCrory, 2nd Dist.; Sen. Patricia Billie Miller, 27th Dist.; Sen. Marilyn V. Moore, 22nd Dist.; Sen. Norman Needleman, 33rd Dist.; Sen. MD Rahman, 4th Dist.; Sen. Derek Slap, 5th Dist.; Sen. Gary A. Winfield, 10th Dist.; Rep. Hubert D. Delany, 144th Dist.; Rep. James Sanchez, 6th Dist.; Rep. Anthony L. Nolan, 39th Dist.; Rep. Kadeem Roberts, 137th Dist.; Sen. Catherine A. Osten, 19th Dist.; Rep. Susan M. Johnson, 49th Dist.; Rep. Josh Elliott, 88th Dist.; Rep. Farley Santos, 109th Dist.; Rep. David Michel, 146th Dist.; Rep. Bobby G. Gibson, 15th Dist.; Rep. Robin E. Comey, 102nd Dist.; Rep. Matt Blumenthal, 147th Dist.","SEN. LOONEY, 11th Dist. ; SEN. DUFF, 25th Dist. ; SEN. ANWAR, 3rd Dist. ; SEN. CABRERA, 17th Dist. ; SEN. COHEN, 12th Dist. ; SEN. FLEXER, 29th Dist. ; SEN. GASTON, 23rd Dist. ; SEN. HOCHADEL, 13th Dist. ; SEN. KUSHNER, 24th Dist. ; SEN. LESSER, 9th Dist. SEN. MAHER, 26th Dist. ; SEN. MARONEY, 14th Dist. ; SEN. MARX, 20th Dist. ; SEN. MCCRORY, 2nd Dist. ; SEN. MILLER P., 27th D ist.; SEN. MOORE, 22nd Dist. ; SEN. NEEDLEMAN, 33rd Dist. ; SEN. RAHMAN, 4th Dist. ; SEN. SLAP, 5th Dist. ; SEN. WINFIELD, 10th Dist.",ftp://ftp.cga.ct.gov/2024/cbs/s/SB-0005.HTM,https://www.cga.ct.gov/2024/TOB/s/pdf/2024SB-00005-R00-SB.pdf
SB-0006.HTM,2024,Proposed Bill,Housing Committee,AN ACT CONCERNING HOUSING.,To make housing more affordable for Connecticut residents.,"Sen. Martin M. Looney, 11th Dist.; Sen. Bob Duff, 25th Dist.; Sen. Saud Anwar, 3rd Dist.; Sen. Jorge Cabrera, 17th Dist.; Sen. Mae Flexer, 29th Dist.; Sen. Herron Gaston, 23rd Dist.; Sen. Jan Hochadel, 13th Dist.; Sen. Julie Kushner, 24th Dist.; Sen. Matthew L. Lesser, 9th Dist.; Sen. Ceci Maher, 26th Dist.; Sen. Martha Marx, 20th Dist.; Sen. Douglas McCrory, 2nd Dist.; Sen. Patricia Billie Miller, 27th Dist.; Sen. Marilyn V. Moore, 22nd Dist.; Sen. Norman Needleman, 33rd Dist.; Sen. MD Rahman, 4th Dist.; Sen. Derek Slap, 5th Dist.; Sen. Gary A. Winfield, 10th Dist.; Rep. Hubert D. Delany, 144th Dist.; Rep. Anthony L. Nolan, 39th Dist.; Rep. Anne M. Hughes, 135th Dist.; Rep. Antonio Felipe, 130th Dist.; Rep. Josh Elliott, 88th Dist.; Rep. Fred Gee, 126th Dist.; Rep. Anne Dauphinais, 44th Dist.; ","SEN. LOONEY, 11th Dist. ; SEN. DUFF, 25th Dist. ; SEN. ANWAR, 3rd Dist. ; SEN. CABRERA, 17th Dist. ; SEN. FLEXER, 29th Dist. ; SEN. GASTON, 23rd Dist. ; SEN. HOCHADEL, 13th Dist. ; SEN. KUSHNER, 24th Dist. ; SEN. LESSER, 9th Dist. SEN. MAHER, 26th Dist. ; SEN. MARX, 20th Dist. ; SEN. MCCRORY, 2nd Dist. ; SEN. MILLER P., 27th Dist. ; SEN. MOORE, 22nd Dist. ; SEN. NEEDLEMAN, 33rd Dist. ; SEN. RAHMAN, 4th Dist. ; SEN. SLAP, 5th Dist. ; SEN. WINFIELD, 10th Dist.",ftp://ftp.cga.ct.gov/2024/cbs/s/SB-0006.HTM,https://www.cga.ct.gov/2024/TOB/s/pdf/2024SB-00006-R00-SB.pdf
SB-0007.HTM,2024,Proposed Bill,Labor and Public Employees Committee,AN ACT CONCERNING CONNECTICUT PAID SICK DAYS.,To support paid sick days.,"Sen. Martin M. Looney, 11th Dist.; Sen. Bob Duff, 25th Dist.; Sen. Saud Anwar, 3rd Dist.; Sen. Jorge Cabrera, 17th Dist.; Sen. Mae Flexer, 29th Dist.; Sen. Herron Gaston, 23rd Dist.; Sen. Jan Hochadel, 13th Dist.; Sen. Julie Kushner, 24th Dist.; Sen. Matthew L. Lesser, 9th Dist.; Sen. Ceci Maher, 26th Dist.; Sen. Martha Marx, 20th Dist.; Sen. Patricia Billie Miller, 27th Dist.; Sen. Marilyn V. Moore, 22nd Dist.; Sen. Norman Needleman, 33rd Dist.; Sen. MD Rahman, 4th Dist.; Sen. Derek Slap, 5th Dist.; Sen. Gary A. Winfield, 10th Dist.; Rep. David Michel, 146th Dist.; Rep. Kai J. Belton, 100th Dist.; Rep. Hubert D. Delany, 144th Dist.; Rep. Anthony L. Nolan, 39th Dist.; Rep. Jillian Gilchrest, 18th Dist.; Rep. Kadeem Roberts, 137th Dist.; Rep. Robyn A. Porter, 94th Dist.; Rep. Josh Elliott, 88th Dist.; Rep. Larry B. Butler, 72nd Dist.; Rep. Bobby G. Gibson, 15th Dist.; ","SEN. LOONEY, 11th Dist. ; SEN. DUFF, 25th Dist. ; SEN. ANWAR, 3rd Dist. ; SEN. CABRERA, 17th Dist. ; SEN. FLEXER, 29th Dist. ; SEN. GASTON, 23rd Dist. ; SEN. HOCHADEL, 13th Dist. ; SEN. KUSHNER, 24th Dist. ; SEN. LESSER, 9th Dist. SEN. MAHER, 26th Dist. ; SEN. MARX, 20th Dist. ; SEN. MILLER P., 27th Dist. ; SEN. MOORE, 22nd Dist. ; SEN. NEEDLEMAN, 33rd Dist. ; SEN. RAHMAN, 4th Dist. ; SEN. SLAP, 5th Dist. ; SEN. WINFIELD, 10th Dist.",ftp://ftp.cga.ct.gov/2024/cbs/s/SB-0007.HTM,https://www.cga.ct.gov/2024/TOB/s/pdf/2024SB-00007-R00-SB.pdf
SB-0008.HTM,2024,Proposed Bill,Human Services Committee,AN ACT CONCERNING DRUG AFFORDABILITY.,To make prescription drugs affordable and available for Connecticut residents.,"Sen. Martin M. Looney, 11th Dist.; Sen. Bob Duff, 25th Dist.; Sen. Mae Flexer, 29th Dist.; Sen. Herron Gaston, 23rd Dist.; Sen. Jan Hochadel, 13th Dist.; Sen. Julie Kushner, 24th Dist.; Sen. Matthew L. Lesser, 9th Dist.; Sen. Ceci Maher, 26th Dist.; Sen. James J. Maroney, 14th Dist.; Sen. Martha Marx, 20th Dist.; Sen. Douglas McCrory, 2nd Dist.; Sen. Patricia Billie Miller, 27th Dist.; Sen. Marilyn V. Moore, 22nd Dist.; Sen. Norman Needleman, 33rd Dist.; Sen. MD Rahman, 4th Dist.; Sen. Derek Slap, 5th Dist.; Sen. Gary A. Winfield, 10th Dist.; Sen. Saud Anwar, 3rd Dist.; Rep. Hubert D. Delany, 144th Dist.; Sen. Christine Cohen, 12th Dist.","SEN. LOONEY, 11th Dist. ; SEN. DUFF, 25th Dist. ; SEN. FLEXER, 29th Dist. ; SEN. GASTON, 23rd Dist. ; SEN. HOCHADEL, 13th Dist. ; SEN. KUSHNER, 24th Dist. ; SEN. LESSER, 9th Dist. ; SEN. MAHER, 26th Dist. ; SEN. MARONEY, 14th Dist. SEN. MARX, 20th Dist. ; SEN. MCCRORY, 2nd Dist. ; SEN. MILLER P., 27th Dist. ; SEN. MOORE, 22nd Dist. ; SEN. NEEDLEMAN, 33rd Dist. ; SEN. RAHMAN, 4th Dist. ; SEN. SLAP, 5th Dist. ; SEN. WINFIELD, 10th Dist.",ftp://ftp.cga.ct.gov/2024/cbs/s/SB-0008.HTM,https://www.cga.ct.gov/2024/TOB/s/pdf/2024SB-00008-R00-SB.pdf
SB-0009.HTM,2024,Unknown,REQUEST OF THE GOVERNOR PURSUANT TO JOINT RULE 9,AN ACT PROMOTING HOSPITAL FINANCIAL STABILITY.,To implement the Governor's budget recommendations.,"Rep. Susan M. Johnson, 49th Dist.; ",Request of the Governor Pursuant; to Joint Rule 9,ftp://ftp.cga.ct.gov/2024/cbs/s/SB-0009.HTM,https://www.cga.ct.gov/2024/TOB/s/pdf/2024SB-00009-R00-SB.pdf
SB-0010.HTM,2024,Unknown,REQUEST OF THE GOVERNOR PURSUANT TO JOINT RULE 9,AN ACT AUTHORIZING AND ADJUSTING BONDS OF THE STATE.,To implement the Governor's budget recommendations.,,Request of the Governor Pursuant; to Joint Rule 9,ftp://ftp.cga.ct.gov/2024/cbs/s/SB-0010.HTM,https://www.cga.ct.gov/2024/TOB/s/pdf/2024SB-00010-R00-SB.pdf
SB-0011.HTM,2024,Unknown,REQUEST OF THE GOVERNOR PURSUANT TO JOINT RULE 9,AN ACT CONCERNING CONNECTICUT RESILIENCY PLANNING AND PROVIDING MUNICIPAL OPTIONS FOR CLIMATE RESILIENCE.,To implement the Governor's budget recommendations.,"Sen. Martha Marx, 20th Dist.; Rep. David Michel, 146th Dist.; Rep. Mary M. Mushinsky, 85th Dist.; Rep. Brandon Chafee, 33rd Dist.; Rep. Anne M. Hughes, 135th Dist.; Rep. Jennifer Leeper, 132nd Dist.; Sen. Julie Kushner, 24th Dist.; Sen. Christine Cohen, 12th Dist.; Rep. Christine Palm, 36th Dist.; Rep. Jillian Gilchrest, 18th Dist.; Rep. Geraldo C. Reyes, 75th Dist.; Rep. Amy Morrin Bello, 28th Dist.; Rep. Patricia A. Dillon, 92nd Dist.; Rep. Frank Smith, 118th Dist.; Rep. Robin E. Comey, 102nd Dist.; Rep. Hector Arzeno, 151st Dist.; Rep. Aundre Bumgardner, 41st Dist.; Rep. Josh Elliott, 88th Dist.; Rep. Jason Doucette, 13th Dist.; Rep. Jonathan Steinberg, 136th Dist.; Rep. James Sanchez, 6th Dist.; Rep. Hubert D. Delany, 144th Dist.; Rep. Devin R. Carney, 23rd Dist.; Rep. Robyn A. Porter, 94th Dist.",Request of the Governor Pursuant; to Joint Rule 9,ftp://ftp.cga.ct.gov/2024/cbs/s/SB-0011.HTM,https://www.cga.ct.gov/2024/TOB/s/pdf/2024SB-00011-R00-SB.pdf
SB-0012.HTM,2024,Unknown,REQUEST OF THE GOVERNOR PURSUANT TO JOINT RULE 9,AN ACT EXPANDING ACCESS TO PAID SICK DAYS IN THE STATE.,To implement the Governor's budget recommendations.,"Sen. Martha Marx, 20th Dist.; ",Request of the Governor Pursuant; to Joint Rule 9,ftp://ftp.cga.ct.gov/2024/cbs/s/SB-0012.HTM,https://www.cga.ct.gov/2024/TOB/s/pdf/2024SB-00012-R00-SB.pdf
SB-0013.HTM,2024,Unknown,REQUEST OF THE GOVERNOR PURSUANT TO JOINT RULE 9,AN ACT INCENTIVIZING STUDENT LOAN REPAYMENT ASSISTANCE.,To implement the Governor's budget recommendations.,"Rep. William Pizzuto, 71st Dist.; Rep. Patricia A. Dillon, 92nd Dist.; Rep. Tammy Nuccio, 53rd Dist.; Rep. Tim Ackert, 8th Dist.; Rep. Henry J. Genga, 10th Dist.; Rep. Matt Blumenthal, 147th Dist.",Request of the Governor Pursuant; to Joint Rule 9,ftp://ftp.cga.ct.gov/2024/cbs/s/SB-0013.HTM,https://www.cga.ct.gov/2024/TOB/s/pdf/2024SB-00013-R00-SB.pdf
SB-0014.HTM,2024,Unknown,REQUEST OF THE GOVERNOR PURSUANT TO JOINT RULE 9,"AN ACT ASSISTING SCHOOL DISTRICTS IN IMPROVING EDUCATIONAL OUTCOMES, IMPLEMENTING THE RECOMMENDATIONS OF THE DEPARTMENT OF EDUCATION AND THE TECHNICAL EDUCATION AND CAREER SYSTEM AND ESTABLISHING EARLY START CT.",To implement the Governor's budget recommendations.,"Rep. Kadeem Roberts, 137th Dist.; Sen. Saud Anwar, 3rd Dist.; Rep. Hubert D. Delany, 144th Dist.; Rep. Robert Sanchez, 25th Dist.; Rep. Robin E. Comey, 102nd Dist.; Rep. Matt Blumenthal, 147th Dist.; Sen. Eric C. Berthel, 32nd Dist.; ",Request of the Governor Pursuant; to Joint Rule 9,ftp://ftp.cga.ct.gov/2024/cbs/s/SB-0014.HTM,https://www.cga.ct.gov/2024/TOB/s/pdf/2024SB-00014-R00-SB.pdf
SB-0015.HTM,2024,Unknown,REQUEST OF THE GOVERNOR PURSUANT TO JOINT RULE 9,AN ACT REQUIRING FEE DISCLOSURES.,To implement the Governor's budget recommendations.,"Rep. Gary A. Turco, 27th Dist.; Rep. Eleni Kavros DeGraw, 17th Dist.; Sen. Martha Marx, 20th Dist.; ",Request of the Governor Pursuant; to Joint Rule 9,ftp://ftp.cga.ct.gov/2024/cbs/s/SB-0015.HTM,https://www.cga.ct.gov/2024/TOB/s/pdf/2024SB-00015-R00-SB.pdf
SB-0016.HTM,2024,Unknown,REQUEST OF THE GOVERNOR PURSUANT TO JOINT RULE 9,AN ACT CONCERNING REVENUE ITEMS TO IMPLEMENT THE GOVERNOR'S BUDGET.,To implement the Governor's budget recommendations.,,Request of the Governor Pursuant; to Joint Rule 9,ftp://ftp.cga.ct.gov/2024/cbs/s/SB-0016.HTM,https://www.cga.ct.gov/2024/TOB/s/pdf/2024SB-00016-R00-SB.pdf
SB-0017.HTM,2024,Proposed Bill,"SEN. ROB SAMPSON, 16th DIST.",AN ACT FUNDING THE STATE-WIDE FIREARMS TRAFFICKING TASK FORCE BY REDUCING CITIZENS' ELECTION PROGRAM GRANTS.,To provide funding to the state-wide firearms trafficking task force in order to reduce the number of violent gun related crimes.,,"SEN. SAMPSON, 16th Dist.",ftp://ftp.cga.ct.gov/2024/cbs/s/SB-0017.HTM,https://www.cga.ct.gov/2024/TOB/s/pdf/2024SB-00017-R00-SB.pdf
SB-0018.HTM,2024,Proposed Bill,"SEN. ROB SAMPSON, 16th DIST.",AN ACT ELIMINATING CERTAIN FUNDING FOR THE XL CENTER AND THE CITY OF HARTFORD AND INCREASING FUNDING FOR SCHOOL RESOURCE OFFICERS.,To provide funding for school safety programs in all towns and cities in the state by reducing certain state funding for the XL Center and the city of Hartford.,,"SEN. SAMPSON, 16th Dist.",ftp://ftp.cga.ct.gov/2024/cbs/s/SB-0018.HTM,https://www.cga.ct.gov/2024/TOB/s/pdf/2024SB-00018-R00-SB.pdf
SB-0019.HTM,2024,Proposed Bill,"SEN. ROB SAMPSON, 16th DIST.",AN ACT REDUCING NON-EDUCATION AID TO THE CITY OF HARTFORD.,To reverse the fiscal impact to the state of the debt service agreement between the state and the city of Hartford.,,"SEN. SAMPSON, 16th Dist.",ftp://ftp.cga.ct.gov/2024/cbs/s/SB-0019.HTM,https://www.cga.ct.gov/2024/TOB/s/pdf/2024SB-00019-R00-SB.pdf
SB-0020.HTM,2024,Proposed Bill,"SEN. ROB SAMPSON, 16th DIST.",AN ACT CONCERNING FUNDING FOR REGIONAL FIRE TRAINING SCHOOLS.,"To fund the nine regional fire training schools through appropriations in the state budget and not from any specific taxes or increased surcharges, including any fees on insurance premiums.","Rep. Craig C. Fishbein, 90th Dist.; Rep. Ben McGorty, 122nd Dist.; Rep. Gale L. Mastrofrancesco, 80th Dist.; Rep. Anne Dauphinais, 44th Dist.","SEN. SAMPSON, 16th Dist.",ftp://ftp.cga.ct.gov/2024/cbs/s/SB-0020.HTM,https://www.cga.ct.gov/2024/TOB/s/pdf/2024SB-00020-R00-SB.pdf
SB-0021.HTM,2024,Proposed Bill,"SEN. TONY HWANG, 28th DIST.","AN ACT CONCERNING THE LEARN HERE, LIVE HERE PROGRAM.","To increase the annual expenditure on the Learn Here, Live Here program to not more than five million dollars and to make such program available only to individuals whose income is seventy-five thousand dollars or less.",,"SEN. HWANG, 28th Dist.",ftp://ftp.cga.ct.gov/2024/cbs/s/SB-0021.HTM,https://www.cga.ct.gov/2024/TOB/s/pdf/2024SB-00021-R00-SB.pdf
SB-0022.HTM,2024,Proposed Bill,"SEN. KEVIN C. KELLY, 21st DIST.",AN ACT ESTABLISHING A PERSONAL INCOME TAX DEDUCTION FOR THE COSTS OF HOME HEALTH CARE.,To establish a personal income tax deduction of not more than sixty thousand dollars for the costs of full-time home health care services and medical supplies.,"Sen. Saud Anwar, 3rd Dist.; Rep. Mitch Bolinsky, 106th Dist.","SEN. KELLY, 21st Dist.",ftp://ftp.cga.ct.gov/2024/cbs/s/SB-0022.HTM,https://www.cga.ct.gov/2024/TOB/s/pdf/2024SB-00022-R00-SB.pdf
SB-0023.HTM,2024,Proposed Bill,"SEN. KEVIN C. KELLY, 21st DIST.",AN ACT EXEMPTING CERTAIN ARTICLES OF CHILDREN'S CLOTHING AND FOOTWEAR AND PERSONAL PROTECTIVE EQUIPMENT FROM THE SALES AND USE TAXES.,To exempt articles of children's clothing or footwear costing under fifty dollars and personal protective equipment from the sales and use taxes.,"Rep. Craig C. Fishbein, 90th Dist.; ","SEN. KELLY, 21st Dist.",ftp://ftp.cga.ct.gov/2024/cbs/s/SB-0023.HTM,https://www.cga.ct.gov/2024/TOB/s/pdf/2024SB-00023-R00-SB.pdf
SB-0024.HTM,2024,Proposed Bill,"SEN. KEVIN C. KELLY, 21st DIST.",AN ACT ESTABLISHING A TAX CREDIT FOR PREMIUM PAYMENTS FOR CERTAIN LONG-TERM CARE INSURANCE POLICIES.,To establish a tax credit for the amount of premiums paid to purchase an individual or group long-term care insurance policy that provides benefits for health care provided in an insured's home.,,"SEN. KELLY, 21st Dist.",ftp://ftp.cga.ct.gov/2024/cbs/s/SB-0024.HTM,https://www.cga.ct.gov/2024/TOB/s/pdf/2024SB-00024-R00-SB.pdf
SB-0025.HTM,2024,Proposed Bill,"SEN. KEVIN C. KELLY, 21st DIST.",AN ACT ESTABLISHING A PROPERTY TAX CREDIT AGAINST THE PERSONAL INCOME TAX FOR CERTAIN SENIORS.,"To establish a credit against the personal income tax for the amount of property taxes paid by a taxpayer on such taxpayer's residence, provided such taxpayer (1) is at least seventy years of age, (2) resides in the residence full time, and (3) meets certain income limits.","Rep. Craig C. Fishbein, 90th Dist.; ","SEN. KELLY, 21st Dist.",ftp://ftp.cga.ct.gov/2024/cbs/s/SB-0025.HTM,https://www.cga.ct.gov/2024/TOB/s/pdf/2024SB-00025-R00-SB.pdf
SB-0026.HTM,2024,Proposed Bill,"SEN. TONY HWANG, 28th DIST.",AN ACT INCREASING THE BOND AUTHORIZATION FOR THE CONNECTICUT BIOSCIENCE INNOVATION FUND.,To increase funding for bioscience innovation.,,"SEN. HWANG, 28th Dist.",ftp://ftp.cga.ct.gov/2024/cbs/s/SB-0026.HTM,https://www.cga.ct.gov/2024/TOB/s/pdf/2024SB-00026-R00-SB.pdf
SB-0027.HTM,2024,Proposed Bill,"SEN. TONY HWANG, 28th DIST.",AN ACT AUTHORIZING BONDS OF THE STATE FOR THE DEVELOPMENT OF AFFORDABLE HOUSING IN CERTAIN TOWNS.,"To provide funding for the development of deed-restricted affordable housing units in the towns of Fairfield, Easton, Newton and Bethel.",,"SEN. HWANG, 28th Dist.",ftp://ftp.cga.ct.gov/2024/cbs/s/SB-0027.HTM,https://www.cga.ct.gov/2024/TOB/s/pdf/2024SB-00027-R00-SB.pdf
SB-0028.HTM,2024,Proposed Bill,"SEN. KEVIN C. KELLY, 21st DIST.SEN. JEFF GORDON, 35th DIST.SEN. ERIC C. BERTHEL, 32nd DIST.",AN ACT CONCERNING THE QUALIFYING INCOME THRESHOLDS FOR THE SOCIAL SECURITY BENEFITS DEDUCTION FROM THE PERSONAL INCOME TAX.,To increase the qualifying income thresholds for the full Social Security benefits deduction from the personal income tax.,,"SEN. KELLY, 21st Dist. ; SEN. GORDON, 35th Dist. ; SEN. BERTHEL, 32nd Dist.",ftp://ftp.cga.ct.gov/2024/cbs/s/SB-0028.HTM,https://www.cga.ct.gov/2024/TOB/s/pdf/2024SB-00028-R00-SB.pdf
SB-0029.HTM,2024,Proposed Bill,"SEN. ERIC C. BERTHEL, 32nd DIST.",AN ACT ELIMINATING THE HIGHWAY USE TAX.,To eliminate the highway use tax.,"Rep. Craig C. Fishbein, 90th Dist.; Rep. Mitch Bolinsky, 106th Dist.; Sen. Rob Sampson, 16th Dist.; ","SEN. BERTHEL, 32nd Dist.",ftp://ftp.cga.ct.gov/2024/cbs/s/SB-0029.HTM,https://www.cga.ct.gov/2024/TOB/s/pdf/2024SB-00029-R00-SB.pdf
SB-0030.HTM,2024,Proposed Bill,"SEN. ERIC C. BERTHEL, 32nd DIST.",AN ACT CONCERNING THE SALES PRICE THRESHOLD FOR MOTOR VEHICLES SUBJECT TO A HIGHER SALES AND USE TAXES RATE.,To increase to more than seventy-five thousand dollars the sales price threshold for a motor vehicle subject to the seven and three-fourths per cent sales and use taxes rate.,"Rep. Craig C. Fishbein, 90th Dist.; ","SEN. BERTHEL, 32nd Dist.",ftp://ftp.cga.ct.gov/2024/cbs/s/SB-0030.HTM,https://www.cga.ct.gov/2024/TOB/s/pdf/2024SB-00030-R00-SB.pdf
SB-0031.HTM,2024,Proposed Bill,"SEN. ROB SAMPSON, 16th DIST.REP. ANNE DAUPHINAIS, 44th DIST.REP. GALE L. MASTROFRANCESCO, 80th DIST.",AN ACT ELIMINATING THE QUALIFYING INCOME THRESHOLDS FOR THE PERSONAL INCOME TAX DEDUCTIONS FOR SOCIAL SECURITY BENEFITS AND PENSION OR ANNUITY INCOME.,To eliminate the qualifying income thresholds for the personal income tax deductions for Social Security benefits and pension or annuity income.,,"SEN. SAMPSON, 16th Dist. ; REP. DAUPHINAIS, 44th Dist. ; REP. MASTROFRANCESCO, 80th Dist.",ftp://ftp.cga.ct.gov/2024/cbs/s/SB-0031.HTM,https://www.cga.ct.gov/2024/TOB/s/pdf/2024SB-00031-R00-SB.pdf
SB-0032.HTM,2024,Proposed Bill,"SEN. ROB SAMPSON, 16th DIST.REP. GALE L. MASTROFRANCESCO, 80th DIST.",AN ACT ELIMINATING THE EARNED INCOME TAX CREDIT.,To eliminate the earned income tax credit.,"Rep. Anne Dauphinais, 44th Dist.; ","SEN. SAMPSON, 16th Dist. ; REP. MASTROFRANCESCO, 80th Dist.",ftp://ftp.cga.ct.gov/2024/cbs/s/SB-0032.HTM,https://www.cga.ct.gov/2024/TOB/s/pdf/2024SB-00032-R00-SB.pdf
SB-0033.HTM,2024,Proposed Bill,"SEN. TONY HWANG, 28th DIST.",AN ACT AUTHORIZING BONDS OF THE STATE FOR CONSTRUCTION OF AN EMERGENCY MEDICAL SERVICES FACILITY IN THE TOWN OF EASTON.,To provide funding for the town of Easton for the construction of an emergency medical services facility in the town of Easton.,,"SEN. HWANG, 28th Dist.",ftp://ftp.cga.ct.gov/2024/cbs/s/SB-0033.HTM,https://www.cga.ct.gov/2024/TOB/s/pdf/2024SB-00033-R00-SB.pdf
SB-0034.HTM,2024,Proposed Bill,"SEN. TONY HWANG, 28th DIST.",AN ACT AUTHORIZING BONDS OF THE STATE FOR THE REMEDIATION OF FILL PILE WASTE CONTAMINATION IN THE TOWN OF FAIRFIELD.,To provide funding for the remediation of waste contamination associated with the fill pile in the town of Fairfield.,,"SEN. HWANG, 28th Dist.",ftp://ftp.cga.ct.gov/2024/cbs/s/SB-0034.HTM,https://www.cga.ct.gov/2024/TOB/s/pdf/2024SB-00034-R00-SB.pdf
SB-0035.HTM,2024,Proposed Bill,"SEN. MARTIN M. LOONEY, 11th DIST.",AN ACT ESTABLISHING A CAPITAL GAINS SURCHARGE.,"To establish a capital gains surcharge on certain taxpayers, for deposit in the General Fund and the Special Transportation Fund.",,"SEN. LOONEY, 11th Dist.",ftp://ftp.cga.ct.gov/2024/cbs/s/SB-0035.HTM,https://www.cga.ct.gov/2024/TOB/s/pdf/2024SB-00035-R00-SB.pdf
SB-0036.HTM,2024,Proposed Bill,"SEN. MARTIN M. LOONEY, 11th DIST.",AN ACT ESTABLISHING A REFUNDABLE CHILD TAX CREDIT.,To establish a refundable child tax credit against the personal income tax.,"Rep. David Michel, 146th Dist.; Sen. Saud Anwar, 3rd Dist.; Sen. Gary A. Winfield, 10th Dist.; Rep. Hubert D. Delany, 144th Dist.; Rep. Robyn A. Porter, 94th Dist.; Rep. Josh Elliott, 88th Dist.; Rep. Sarah Keitt, 134th Dist.; Rep. Fred Gee, 126th Dist.; Sen. Martha Marx, 20th Dist.; Rep. Eleni Kavros DeGraw, 17th Dist.; Sen. MD Rahman, 4th Dist.; Rep. Kevin Brown, 56th Dist.; Rep. Mike Demicco, 21st Dist.; Sen. Herron Gaston, 23rd Dist.; Rep. Brandon Chafee, 33rd Dist.; Sen. Julie Kushner, 24th Dist.; Rep. Anthony L. Nolan, 39th Dist.; ","SEN. LOONEY, 11th Dist.",ftp://ftp.cga.ct.gov/2024/cbs/s/SB-0036.HTM,https://www.cga.ct.gov/2024/TOB/s/pdf/2024SB-00036-R00-SB.pdf
SB-0037.HTM,2024,Proposed Bill,"SEN. ROB SAMPSON, 16th DIST.SEN. JEFF GORDON, 35th DIST.",AN ACT RESTORING THE RATE OF THE CREDIT AGAINST THE AFFECTED BUSINESS ENTITY TAX.,To restore the rate of the credit against the affected business entity tax to ninety-three and one-hundredths per cent.,,"SEN. SAMPSON, 16th Dist. ; SEN. GORDON, 35th Dist.",ftp://ftp.cga.ct.gov/2024/cbs/s/SB-0037.HTM,https://www.cga.ct.gov/2024/TOB/s/pdf/2024SB-00037-R00-SB.pdf
SB-0038.HTM,2024,Proposed Bill,"SEN. ROB SAMPSON, 16th DIST.",AN ACT INCREASING THE AMOUNT OF THE PERSONAL INCOME TAX DEDUCTION FOR CONTRIBUTIONS TO STATE-ESTABLISHED 529 QUALIFIED STATE TUITION PROGRAMS.,To increase the amount of the personal income tax deduction for contributions to accounts for 529 qualified state tuition programs established and maintained by the state.,"Rep. Craig C. Fishbein, 90th Dist.; Rep. Mark W Anderson, 62nd Dist.","SEN. SAMPSON, 16th Dist.",ftp://ftp.cga.ct.gov/2024/cbs/s/SB-0038.HTM,https://www.cga.ct.gov/2024/TOB/s/pdf/2024SB-00038-R00-SB.pdf
SB-0039.HTM,2024,Proposed Bill,"SEN. ROB SAMPSON, 16th DIST.REP. GALE L. MASTROFRANCESCO, 80th DIST.",AN ACT ELIMINATING THE HIGHWAY USE TAX.,To eliminate the highway use tax.,"Rep. Craig C. Fishbein, 90th Dist.; Rep. Anne Dauphinais, 44th Dist.","SEN. SAMPSON, 16th Dist. ; REP. MASTROFRANCESCO, 80th Dist.",ftp://ftp.cga.ct.gov/2024/cbs/s/SB-0039.HTM,https://www.cga.ct.gov/2024/TOB/s/pdf/2024SB-00039-R00-SB.pdf
SB-0040.HTM,2024,Proposed Bill,"SEN. ROB SAMPSON, 16th DIST.",AN ACT ELIMINATING CERTAIN TAX CREDITS AND A CARRY-FORWARD AND PRIVATIZING THE DEPARTMENT OF MOTOR VEHICLES.,"To eliminate the film production and digital animation production tax credits, privatize the Department of Motor Vehicles and eliminate the carry-forward under public act 23-204 for operating expenses for The University of Connecticut Health Center for the fiscal year ending June 30, 2025.",,"SEN. SAMPSON, 16th Dist.",ftp://ftp.cga.ct.gov/2024/cbs/s/SB-0040.HTM,https://www.cga.ct.gov/2024/TOB/s/pdf/2024SB-00040-R00-SB.pdf
SB-0041.HTM,2024,Proposed Bill,"SEN. ROB SAMPSON, 16th DIST.",AN ACT PROHIBITING STATE AGENCIES FROM CHARGING SERVICE FEES FOR PAYMENTS MADE BY CERTAIN MEANS.,"To prohibit state agencies from charging payors a service fee for payment by means of a credit card, charge card or debit card.",,"SEN. SAMPSON, 16th Dist. ; (By Request)",ftp://ftp.cga.ct.gov/2024/cbs/s/SB-0041.HTM,https://www.cga.ct.gov/2024/TOB/s/pdf/2024SB-00041-R00-SB.pdf
SB-0042.HTM,2024,Proposed Bill,"SEN. ROB SAMPSON, 16th DIST.",AN ACT ELIMINATING THE BOARD OF REGENTS FOR HIGHER EDUCATION.,To eliminate the Board of Regents for Higher Education.,,"SEN. SAMPSON, 16th Dist.",ftp://ftp.cga.ct.gov/2024/cbs/s/SB-0042.HTM,https://www.cga.ct.gov/2024/TOB/s/pdf/2024SB-00042-R00-SB.pdf
SB-0043.HTM,2024,Proposed Bill,"SEN. ROB SAMPSON, 16th DIST.REP. ANNE DAUPHINAIS, 44th DIST.",AN ACT PROHIBITING THE STATE SUBSIDIZATION OF THE HARTFORD-NEW BRITAIN BUSWAY.,To prohibit the subsidization of the Hartford-New Britain busway and ensure that the passenger rates for ridership pay the cost of operation.,"Rep. Craig C. Fishbein, 90th Dist.; ","SEN. SAMPSON, 16th Dist. ; REP. DAUPHINAIS, 44th Dist.",ftp://ftp.cga.ct.gov/2024/cbs/s/SB-0043.HTM,https://www.cga.ct.gov/2024/TOB/s/pdf/2024SB-00043-R00-SB.pdf
SB-0044.HTM,2024,Proposed Bill,"SEN. ROB SAMPSON, 16th DIST.REP. ANNE DAUPHINAIS, 44th DIST.REP. GALE L. MASTROFRANCESCO, 80th DIST.",AN ACT CONCERNING THE COST OF MOTOR VEHICLE REGISTRATION.,To provide savings to the registrants of motor vehicles in Connecticut.,"Rep. Mitch Bolinsky, 106th Dist.; ","SEN. SAMPSON, 16th Dist. ; REP. DAUPHINAIS, 44th Dist. ; REP. MASTROFRANCESCO, 80th Dist.",ftp://ftp.cga.ct.gov/2024/cbs/s/SB-0044.HTM,https://www.cga.ct.gov/2024/TOB/s/pdf/2024SB-00044-R00-SB.pdf
SB-0045.HTM,2024,Proposed Bill,"SEN. ROB SAMPSON, 16th DIST.REP. GALE L. MASTROFRANCESCO, 80th DIST.REP. ANNE DAUPHINAIS, 44th DIST.",AN ACT CONCERNING EXPENDITURES FROM THE SPECIAL TRANSPORTATION FUND.,To ensure the resources of the Special Transportation Fund are expended on transportation.,"Rep. Craig C. Fishbein, 90th Dist.; Rep. Mitch Bolinsky, 106th Dist.","SEN. SAMPSON, 16th Dist. ; REP. MASTROFRANCESCO, 80th Dist. ; REP. DAUPHINAIS, 44th Dist.",ftp://ftp.cga.ct.gov/2024/cbs/s/SB-0045.HTM,https://www.cga.ct.gov/2024/TOB/s/pdf/2024SB-00045-R00-SB.pdf
SB-0046.HTM,2024,Proposed Bill,"SEN. RYAN FAZIO, 36th DIST.SEN. JEFF GORDON, 35th DIST.SEN. NORMAN NEEDLEMAN, 33rd DIST.SEN. JAMES J. MARONEY, 14th DIST.REP. HOLLY H. CHEESEMAN, 37th DIST.REP. ELENI KAVROS DEGRAW, 17th DIST.",AN ACT CONCERNING PROFESSIONAL APPLICATION AND LICENSING FEES.,"To (1) eliminate application review fees charged by state licensing boards, and (2) limit the amount the state may charge for an occupational license to not more than one hundred dollars per two-year license period.","Rep. Craig C. Fishbein, 90th Dist.; Rep. Kerry S. Wood, 29th Dist.; Rep. Jaime S. Foster, 57th Dist.; Rep. Tom Delnicki, 14th Dist.","SEN. FAZIO, 36th Dist. ; SEN. GORDON, 35th Dist. ; SEN. NEEDLEMAN, 33rd Dist. SEN. MARONEY, 14th Dist. ; REP. CHEESEMAN, 37th Dist. ; REP. KAVROS DEGRAW, 17th Dist.",ftp://ftp.cga.ct.gov/2024/cbs/s/SB-0046.HTM,https://www.cga.ct.gov/2024/TOB/s/pdf/2024SB-00046-R00-SB.pdf
SB-0047.HTM,2024,Proposed Bill,"SEN. LISA SEMINARA, 8th DIST.",AN ACT CONCERNING ADDITIONAL STAFF AND FUNDING FOR THE OFFICE OF THE CHILD ADVOCATE.,To provide additional staff and increased funding for the Office of the Child Advocate.,,"SEN. SEMINARA, 8th Dist.",ftp://ftp.cga.ct.gov/2024/cbs/s/SB-0047.HTM,https://www.cga.ct.gov/2024/TOB/s/pdf/2024SB-00047-R00-SB.pdf
SB-0048.HTM,2024,Proposed Bill,"SEN. LISA SEMINARA, 8th DIST.",AN ACT ELIMINATING LICENSING FEES FOR SOCIAL WORKERS.,To increase the number of social workers by eliminating the financial burden of licensing fees.,"Rep. Craig C. Fishbein, 90th Dist.; Rep. Gary A. Turco, 27th Dist.","SEN. SEMINARA, 8th Dist.",ftp://ftp.cga.ct.gov/2024/cbs/s/SB-0048.HTM,https://www.cga.ct.gov/2024/TOB/s/pdf/2024SB-00048-R00-SB.pdf
SB-0049.HTM,2024,Proposed Bill,"SEN. HEATHER S. SOMERS, 18th DIST.REP. JOHN-MICHAEL PARKER, 101st DIST.",AN ACT PROVIDING FUNDING TO THE SHORE LINE EAST RAIL LINE.,To increase the Shore Line East rail service between the city of New Haven and the town of Mystic in order to ease traffic congestion on Interstate Route 95 and promote tourism along the Connecticut shoreline during the summer.,"Rep. Anthony L. Nolan, 39th Dist.; Rep. Christine Palm, 36th Dist.","SEN. SOMERS, 18th Dist. ; REP. PARKER, 101st Dist.",ftp://ftp.cga.ct.gov/2024/cbs/s/SB-0049.HTM,https://www.cga.ct.gov/2024/TOB/s/pdf/2024SB-00049-R00-SB.pdf
SB-0050.HTM,2024,Proposed Bill,"SEN. MAE FLEXER, 29th DIST.REP. SUSAN M. JOHNSON, 49th DIST.",AN ACT CONCERNING EXCLUSION OF AID TO DISTRESSED MUNICIPALITIES FROM THE SPENDING CAP.,"To take aid to distressed municipalities outside the spending cap, as was the case from 1991 to 2017, and restructure the cap accordingly.","Rep. Anne M. Hughes, 135th Dist.; Rep. Anthony L. Nolan, 39th Dist.; Rep. Maryam Khan, 5th Dist.; Rep. Roland J. Lemar, 96th Dist.","SEN. FLEXER, 29th Dist. ; REP. JOHNSON, 49th Dist.",ftp://ftp.cga.ct.gov/2024/cbs/s/SB-0050.HTM,https://www.cga.ct.gov/2024/TOB/s/pdf/2024SB-00050-R00-SB.pdf
SB-0051.HTM,2024,Proposed Bill,"SEN. HEATHER S. SOMERS, 18th DIST.",AN ACT CONCERNING FUNDING FOR THE PREAPPRENTICESHIP GRANT PROGRAM.,To fund the high school preapprenticeship grant program.,"Rep. Greg S. Howard, 43rd Dist.; Rep. Aundre Bumgardner, 41st Dist.; Rep. Laura Dancho, 120th Dist.; Rep. Jill Barry, 31st Dist.; Rep. Travis Simms, 140th Dist.; ","SEN. SOMERS, 18th Dist.",ftp://ftp.cga.ct.gov/2024/cbs/s/SB-0051.HTM,https://www.cga.ct.gov/2024/TOB/s/pdf/2024SB-00051-R00-SB.pdf
SB-0052.HTM,2024,Proposed Bill,"SEN. HEATHER S. SOMERS, 18th DIST.",AN ACT CONCERNING FUNDING FOR THE MYSTIC CHAMBER OF COMMERCE.,To fund the Chamber of Commerce in Mystic.,,"SEN. SOMERS, 18th Dist.",ftp://ftp.cga.ct.gov/2024/cbs/s/SB-0052.HTM,https://www.cga.ct.gov/2024/TOB/s/pdf/2024SB-00052-R00-SB.pdf
SB-0053.HTM,2024,Proposed Bill,"SEN. MARTHA MARX, 20th DIST.",AN ACT CONCERNING FUNDING FOR PROGRAMMING AT THE EARLY CHILDHOOD CENTER IN NEW LONDON.,To provide funding to support programming at the Early Childhood Center in New London.,"Rep. Christine Conley, 40th Dist.; Rep. Anthony L. Nolan, 39th Dist.","SEN. MARX, 20th Dist.",ftp://ftp.cga.ct.gov/2024/cbs/s/SB-0053.HTM,https://www.cga.ct.gov/2024/TOB/s/pdf/2024SB-00053-R00-SB.pdf
SB-0054.HTM,2024,Proposed Bill,"SEN. PAUL CICARELLA, 34th DIST.",AN ACT CONCERNING FUNDING FOR THE STATE-WIDE NARCOTICS TASK FORCE.,"To direct additional resources to combat the illegal manufacturing and sale of fentanyl in Hartford, New Haven, Bridgeport and Waterbury.",,"SEN. CICARELLA, 34th Dist.",ftp://ftp.cga.ct.gov/2024/cbs/s/SB-0054.HTM,https://www.cga.ct.gov/2024/TOB/s/pdf/2024SB-00054-R00-SB.pdf
SB-0055.HTM,2024,Proposed Bill,"SEN. JOHN A. KISSEL, 7th DIST.",AN ACT CONCERNING FUNDING FOR THE EASY BREATHING ASTHMA PROGRAM.,To reinstate funding for the Easy Breathing asthma program.,,"SEN. KISSEL, 7th Dist.",ftp://ftp.cga.ct.gov/2024/cbs/s/SB-0055.HTM,https://www.cga.ct.gov/2024/TOB/s/pdf/2024SB-00055-R00-SB.pdf
SB-0056.HTM,2024,Proposed Bill,"SEN. HEATHER S. SOMERS, 18th DIST.",AN ACT INCREASING FUNDING FOR TRUANCY CLINICS.,To increase funding for truancy clinics to address truancy and chronic absenteeism in schools.,,"SEN. SOMERS, 18th Dist.",ftp://ftp.cga.ct.gov/2024/cbs/s/SB-0056.HTM,https://www.cga.ct.gov/2024/TOB/s/pdf/2024SB-00056-R00-SB.pdf
SB-0057.HTM,2024,Proposed Bill,"SEN. HEATHER S. SOMERS, 18th DIST.REP. GREG S. HOWARD, 43rd DIST.SEN. MARTHA MARX, 20th DIST.SEN. CATHERINE A. OSTEN, 19th DIST.REP. AUNDRE BUMGARDNER, 41st DIST.REP. CHRISTINE CONLEY, 40th DIST.REP. DERELL WILSON, 46th DIST.REP. KEVIN RYAN, 139th DIST.REP. HOLLY H. CHEESEMAN, 37th DIST.REP. KATHLEEN M. MCCARTY, 38th DIST.REP. ANTHONY L. NOLAN, 39th DIST.REP. BRIAN LANOUE, 45th DIST.",AN ACT CONCERNING FUNDING FOR SCHOOL-BASED HEALTH CENTERS IN EASTERN CONNECTICUT.,To ensure the continued operation of newly expanded school-based health centers in eastern Connecticut.,,"SEN. SOMERS, 18th Dist. ; REP. HOWARD, 43rd Dist. ; SEN. MARX, 20th Dist. ; SEN. OSTEN, 19th Dist. ; REP. BUMGARDNER, 41st Dist. ; REP. CONLEY, 40th Dist. REP. WILSON, 46th Dist. ; REP. RYAN, 139th Dist. ; REP. CHEESEMAN, 37th Dist. ; REP. MCCARTY K., 38th Dist. ; REP. NOLAN, 39th Dist. ; REP. LANOUE, 45th Dist.",ftp://ftp.cga.ct.gov/2024/cbs/s/SB-0057.HTM,https://www.cga.ct.gov/2024/TOB/s/pdf/2024SB-00057-R00-SB.pdf
SB-0058.HTM,2024,Proposed Bill,"SEN. MARTIN M. LOONEY, 11th DIST.",AN ACT ENTITLING TOWNS TO FULL REIMBURSEMENT UNDER THE EXCESS COST GRANT FOR SPECIAL EDUCATION.,To ensure that towns receive the amount entitled to them under the excess cost grant for special education regardless of the amount appropriated for such purpose in the state budget for the fiscal year.,"Sen. Herron Gaston, 23rd Dist.; ","SEN. LOONEY, 11th Dist.",ftp://ftp.cga.ct.gov/2024/cbs/s/SB-0058.HTM,https://www.cga.ct.gov/2024/TOB/s/pdf/2024SB-00058-R00-SB.pdf
SB-0059.HTM,2024,Proposed Bill,"SEN. RYAN FAZIO, 36th DIST.SEN. HEATHER S. SOMERS, 18th DIST.SEN. NORMAN NEEDLEMAN, 33rd DIST.SEN. JAMES J. MARONEY, 14th DIST.REP. HOLLY H. CHEESEMAN, 37th DIST.REP. ELENI KAVROS DEGRAW, 17th DIST.",AN ACT CONCERNING THE FEES AND CHARGES FOR AN EDUCATOR LICENSE.,To assist in the recruitment of teachers by lowering the cost of educator licensing fees and charges.,"Rep. Craig C. Fishbein, 90th Dist.; Rep. Mitch Bolinsky, 106th Dist.; Sen. Paul Cicarella, 34th Dist.; Rep. Gary A. Turco, 27th Dist.; Rep. Tom Delnicki, 14th Dist.; ","SEN. FAZIO, 36th Dist. ; SEN. SOMERS, 18th Dist. ; SEN. NEEDLEMAN, 33rd Dist. SEN. MARONEY, 14th Dist. ; REP. CHEESEMAN, 37th Dist. ; REP. KAVROS DEGRAW, 17th Dist.",ftp://ftp.cga.ct.gov/2024/cbs/s/SB-0059.HTM,https://www.cga.ct.gov/2024/TOB/s/pdf/2024SB-00059-R00-SB.pdf
SB-0060.HTM,2024,Proposed Bill,"SEN. RYAN FAZIO, 36th DIST.",AN ACT CONCERNING THE SCHOOL BUILDING PROJECT AT CENTRAL MIDDLE SCHOOL IN GREENWICH.,To authorize the school building project at Central Middle School in Greenwich for a school building project grant.,,"SEN. FAZIO, 36th Dist.",ftp://ftp.cga.ct.gov/2024/cbs/s/SB-0060.HTM,https://www.cga.ct.gov/2024/TOB/s/pdf/2024SB-00060-R00-SB.pdf
SB-0061.HTM,2024,Proposed Bill,"SEN. HEATHER S. SOMERS, 18th DIST.REP. ANTHONY L. NOLAN, 39th DIST.REP. AUNDRE BUMGARDNER, 41st DIST.",AN ACT CONCERNING THE SCHOOL BUILDING PROJECT AT THE INTERDISTRICT SCHOOL FOR ARTS AND COMMUNICATION IN NEW LONDON.,To provide a school building project grant in the amount of four million five hundred thousand dollars for the expansion of the school building and gymnasium at the Interdistrict School for Arts and Communication in the town of New London.,,"SEN. SOMERS, 18th Dist. ; REP. NOLAN, 39th Dist. ; REP. BUMGARDNER, 41st Dist.",ftp://ftp.cga.ct.gov/2024/cbs/s/SB-0061.HTM,https://www.cga.ct.gov/2024/TOB/s/pdf/2024SB-00061-R00-SB.pdf
SB-0062.HTM,2024,Proposed Bill,"SEN. CATHERINE A. OSTEN, 19th DIST.SEN. MARTHA MARX, 20th DIST.",AN ACT AUTHORIZING BONDS OF THE STATE TO STABILIZE AND RENOVATE THE FACILITY OF THE BOZRAH FIRE DEPARTMENT.,To provide funding to stabilize and renovate the facility of the Bozrah Fire Department.,"Rep. Mark DeCaprio, 48th Dist.; ","SEN. OSTEN, 19th Dist. ; SEN. MARX, 20th Dist.",ftp://ftp.cga.ct.gov/2024/cbs/s/SB-0062.HTM,https://www.cga.ct.gov/2024/TOB/s/pdf/2024SB-00062-R00-SB.pdf
SB-0063.HTM,2024,Proposed Bill,"SEN. CATHERINE A. OSTEN, 19th DIST.",AN ACT AUTHORIZING BONDS OF THE STATE TO PURCHASE CAMP LAUREL IN LEBANON AS OPEN SPACE.,To provide funding to purchase Camp Laurel in Lebanon as open space.,"Rep. Mark DeCaprio, 48th Dist.; ","SEN. OSTEN, 19th Dist.",ftp://ftp.cga.ct.gov/2024/cbs/s/SB-0063.HTM,https://www.cga.ct.gov/2024/TOB/s/pdf/2024SB-00063-R00-SB.pdf
SB-0064.HTM,2024,Proposed Bill,"SEN. CATHERINE A. OSTEN, 19th DIST.REP. KEVIN RYAN, 139th DIST.",AN ACT AUTHORIZING BONDS OF THE STATE FOR THE PURCHASE OF GENERATORS FOR THE LEDYARD SENIOR CENTER AND FOOD PANTRY.,To provide funding to purchase generators for the Ledyard Senior Center and food pantry.,,"SEN. OSTEN, 19th Dist. ; REP. RYAN, 139th Dist.",ftp://ftp.cga.ct.gov/2024/cbs/s/SB-0064.HTM,https://www.cga.ct.gov/2024/TOB/s/pdf/2024SB-00064-R00-SB.pdf
SB-0065.HTM,2024,Proposed Bill,"SEN. CATHERINE A. OSTEN, 19th DIST.SEN. MARTHA MARX, 20th DIST.REP. KEVIN RYAN, 139th DIST.REP. HOLLY H. CHEESEMAN, 37th DIST.REP. KATHLEEN M. MCCARTY, 38th DIST.",AN ACT AUTHORIZING BONDS OF THE STATE TO REHABILITATE THE PAVILION AT CAMP OAKDALE IN THE TOWN OF MONTVILLE.,To provide funding to rehabilitate the pavilion at Camp Oakdale in the town of Montville.,,"SEN. OSTEN, 19th Dist. ; SEN. MARX, 20th Dist. ; REP. RYAN, 139th Dist. ; REP. CHEESEMAN, 37th Dist. ; REP. MCCARTY K., 38th Dist.",ftp://ftp.cga.ct.gov/2024/cbs/s/SB-0065.HTM,https://www.cga.ct.gov/2024/TOB/s/pdf/2024SB-00065-R00-SB.pdf
SB-0066.HTM,2024,Proposed Bill,"SEN. JAMES J. MARONEY, 14th DIST.REP. KATHY KENNEDY, 119th DIST.REP. FRANK SMITH, 118th DIST.REP. CHARLES J. FERRARO, 117th DIST.",AN ACT AUTHORIZING BONDS OF THE STATE FOR PURCHASE OF A FIRE RESCUE BOAT AND A PERSONAL WATERCRAFT BY THE CITY OF MILFORD FOR MARINE RESCUES.,To provide funding for a fire rescue boat and a personal watercraft for marine rescues in the city of Milford.,,"SEN. MARONEY, 14th Dist. ; REP. KENNEDY, 119th Dist. ; REP. SMITH F., 118th Dist. ; REP. FERRARO C., 117th Dist.",ftp://ftp.cga.ct.gov/2024/cbs/s/SB-0066.HTM,https://www.cga.ct.gov/2024/TOB/s/pdf/2024SB-00066-R00-SB.pdf
SB-0067.HTM,2024,Proposed Bill,"SEN. CATHERINE A. OSTEN, 19th DIST.SEN. MARTHA MARX, 20th DIST.REP. KEVIN RYAN, 139th DIST.REP. HOLLY H. CHEESEMAN, 37th DIST.REP. KATHLEEN M. MCCARTY, 38th DIST.",AN ACT AUTHORIZING BONDS OF THE STATE FOR REPAIRS AND REHABILITATION OF PROPERTIES BY THE MONTVILLE HOUSING AUTHORITY.,To provide funding for repairs and rehabilitation of properties by the Montville Housing Authority.,,"SEN. OSTEN, 19th Dist. ; SEN. MARX, 20th Dist. ; REP. RYAN, 139th Dist. ; REP. CHEESEMAN, 37th Dist. ; REP. MCCARTY K., 38th Dist.",ftp://ftp.cga.ct.gov/2024/cbs/s/SB-0067.HTM,https://www.cga.ct.gov/2024/TOB/s/pdf/2024SB-00067-R00-SB.pdf
SB-0068.HTM,2024,Proposed Bill,"SEN. CATHERINE A. OSTEN, 19th DIST.",AN ACT AUTHORIZING BONDS OF THE STATE FOR EQUIPMENT FOR THE HEBRON FIRE DEPARTMENT.,"To provide funding for the purchase of equipment, including a rescue pumper truck, for the Hebron Fire Department.",,"SEN. OSTEN, 19th Dist.",ftp://ftp.cga.ct.gov/2024/cbs/s/SB-0068.HTM,https://www.cga.ct.gov/2024/TOB/s/pdf/2024SB-00068-R00-SB.pdf
SB-0069.HTM,2024,Proposed Bill,"SEN. CATHERINE A. OSTEN, 19th DIST.",AN ACT AUTHORIZING BONDS OF THE STATE TO PREPARE SITES IN ADVANCE OF THE TWO HUNDRED FIFTIETH ANNIVERSARY OF THE FORMATION OF THE UNITED STATES OF AMERICA.,"To provide funding to rehabilitate, upgrade and prepare sites throughout the state in advance of the two hundred fiftieth  anniversary of the formation of the United States of America.",,"SEN. OSTEN, 19th Dist.",ftp://ftp.cga.ct.gov/2024/cbs/s/SB-0069.HTM,https://www.cga.ct.gov/2024/TOB/s/pdf/2024SB-00069-R00-SB.pdf
SB-0070.HTM,2024,Proposed Bill,"SEN. CATHERINE A. OSTEN, 19th DIST.SEN. MARTHA MARX, 20th DIST.REP. KEVIN RYAN, 139th DIST.REP. HOLLY H. CHEESEMAN, 37th DIST.REP. KATHLEEN M. MCCARTY, 38th DIST.",AN ACT AUTHORIZING BONDS OF THE STATE TO REPLACE THE ROOF AND REPOINT BRICKS ON THE MONTVILLE TOWN HALL.,To provide funding to replace the roof and repoint bricks encasing the structure of the Montville Town Hall.,,"SEN. OSTEN, 19th Dist. ; SEN. MARX, 20th Dist. ; REP. RYAN, 139th Dist. ; REP. CHEESEMAN, 37th Dist. ; REP. MCCARTY K., 38th Dist.",ftp://ftp.cga.ct.gov/2024/cbs/s/SB-0070.HTM,https://www.cga.ct.gov/2024/TOB/s/pdf/2024SB-00070-R00-SB.pdf
SB-0071.HTM,2024,Proposed Bill,"SEN. CATHERINE A. OSTEN, 19th DIST.SEN. MARTHA MARX, 20th DIST.REP. KEVIN RYAN, 139th DIST.REP. HOLLY H. CHEESEMAN, 37th DIST.REP. KATHLEEN M. MCCARTY, 38th DIST.",AN ACT AUTHORIZING BONDS OF THE STATE FOR A GENERATOR FOR THE MONTVILLE SOCIAL SERVICES OFFICE AND FOOD PANTRY.,"To provide funding for a generator for the Montville Social Services Office, including the food pantry.",,"SEN. OSTEN, 19th Dist. ; SEN. MARX, 20th Dist. ; REP. RYAN, 139th Dist. ; REP. CHEESEMAN, 37th Dist. ; REP. MCCARTY K., 38th Dist.",ftp://ftp.cga.ct.gov/2024/cbs/s/SB-0071.HTM,https://www.cga.ct.gov/2024/TOB/s/pdf/2024SB-00071-R00-SB.pdf
SB-0072.HTM,2024,Proposed Bill,"SEN. CATHERINE A. OSTEN, 19th DIST.",AN ACT AUTHORIZING BONDS OF THE STATE FOR EXPANSION OF WATER LINES IN THE TOWN OF HEBRON.,To provide funding to the town of Hebron to expand water lines to allow expansion of affordable housing in the town.,,"SEN. OSTEN, 19th Dist.",ftp://ftp.cga.ct.gov/2024/cbs/s/SB-0072.HTM,https://www.cga.ct.gov/2024/TOB/s/pdf/2024SB-00072-R00-SB.pdf
SB-0073.HTM,2024,Proposed Bill,"SEN. CATHERINE A. OSTEN, 19th DIST.",AN ACT AUTHORIZING BONDS OF THE STATE FOR A PUBLIC WORKS GARAGE AND EQUIPMENT IN THE TOWN OF COLUMBIA.,To provide funding for a public works garage and public works equipment in the town of Columbia.,,"SEN. OSTEN, 19th Dist.",ftp://ftp.cga.ct.gov/2024/cbs/s/SB-0073.HTM,https://www.cga.ct.gov/2024/TOB/s/pdf/2024SB-00073-R00-SB.pdf
SB-0074.HTM,2024,Proposed Bill,"SEN. RYAN FAZIO, 36th DIST.SEN. HEATHER S. SOMERS, 18th DIST.SEN. JEFF GORDON, 35th DIST.SEN. NORMAN NEEDLEMAN, 33rd DIST.SEN. JAMES J. MARONEY, 14th DIST.REP. HOLLY H. CHEESEMAN, 37th DIST.REP. ELENI KAVROS DEGRAW, 17th DIST.",AN ACT ELIMINATING APPLICATION REVIEW FEES AND CAPPING LICENSURE FEES FOR HEALTH CARE PROFESSIONALS LICENSED BY THE DEPARTMENT OF PUBLIC HEALTH.,To eliminate application review fees and set a maximum fee of two hundred dollars for the fee for licensure of health care professionals by the Department of Public Health.,"Sen. Saud Anwar, 3rd Dist.; Rep. Fred Gee, 126th Dist.; Sen. Martha Marx, 20th Dist.; ","SEN. FAZIO, 36th Dist. ; SEN. SOMERS, 18th Dist. ; SEN. GORDON, 35th Dist. ; SEN. NEEDLEMAN, 33rd Dist. SEN. MARONEY, 14th Dist. ; REP. CHEESEMAN, 37th Dist. ; REP. KAVROS DEGRAW, 17th Dist.",ftp://ftp.cga.ct.gov/2024/cbs/s/SB-0074.HTM,https://www.cga.ct.gov/2024/TOB/s/pdf/2024SB-00074-R00-SB.pdf
SB-0075.HTM,2024,Proposed Bill,"SEN. CATHERINE A. OSTEN, 19th DIST.REP. KEVIN RYAN, 139th DIST.",AN ACT AUTHORIZING BONDS OF THE STATE FOR CLEAN UP OF AN ABANDONED BUILDING ABUTTING THE INTEGRATED DAY CHARTER SCHOOL IN THE CITY OF NORWICH.,"To provide funding for abatement, demolition, stabilization, renovation and repairs of an abandoned building abutting the Integrated Day Charter School in Norwich in order to clean up an abandoned building and allow the school to expand.",,"SEN. OSTEN, 19th Dist. ; REP. WILSON, 46th Dist. ; REP. RYAN, 139th Dist.",ftp://ftp.cga.ct.gov/2024/cbs/s/SB-0075.HTM,https://www.cga.ct.gov/2024/TOB/s/pdf/2024SB-00075-R00-SB.pdf
SB-0076.HTM,2024,Proposed Bill,"SEN. RYAN FAZIO, 36th DIST.",AN ACT REDUCING THE PERSONAL INCOME TAX MARGINAL RATES FOR CERTAIN TAXPAYERS AND CONCERNING THE ASSET EXPENSE DEDUCTION FOR CORPORATIONS.,To reduce the marginal rates for the personal income tax and allow an eligible taxpayer to claim the entirety of an asset expense deduction under Section 179 of the Internal Revenue Code at once rather than incrementally.,,"SEN. FAZIO, 36th Dist.",ftp://ftp.cga.ct.gov/2024/cbs/s/SB-0076.HTM,https://www.cga.ct.gov/2024/TOB/s/pdf/2024SB-00076-R00-SB.pdf
SB-0077.HTM,2024,Proposed Bill,"SEN. RYAN FAZIO, 36th DIST.",AN ACT ESTABLISHING A CAPITAL GAINS TAX ON CERTAIN ENDOWMENT FUNDS OF INSTITUTIONS OF HIGHER EDUCATION AND CONCERNING THE USE OF THE REVENUE GENERATED.,To impose a capital gains tax on certain endowment funds of institutions of higher education and dedicate the revenue from such tax to reducing the amount that participants in the Paid Family and Medical Leave Insurance Program are required to contribute under section 31-49g of the general statutes.,,"SEN. FAZIO, 36th Dist.",ftp://ftp.cga.ct.gov/2024/cbs/s/SB-0077.HTM,https://www.cga.ct.gov/2024/TOB/s/pdf/2024SB-00077-R00-SB.pdf
SB-0078.HTM,2024,Proposed Bill,"SEN. CATHERINE A. OSTEN, 19th DIST.","AN ACT CONCERNING THE SALES AND USE TAXES IMPOSED ON MEALS SOLD BY AN EATING ESTABLISHMENT, CATERER OR GROCERY STORE AND THE USE OF A PORTION OF THE REVENUE GENERATED FROM SUCH TAXES.","To require a percentage of the revenue generated from the additional one per cent sales and use taxes imposed on meals sold by an eating establishment, caterer or grocery store be deposited in the Tourism Fund to support the hospitality, arts, culture and tourism needs of the state.",,"SEN. OSTEN, 19th Dist.",ftp://ftp.cga.ct.gov/2024/cbs/s/SB-0078.HTM,https://www.cga.ct.gov/2024/TOB/s/pdf/2024SB-00078-R00-SB.pdf
SB-0079.HTM,2024,Proposed Bill,"SEN. MAE FLEXER, 29th DIST.",AN ACT ELIMINATING THE TAX EXEMPTIONS FOR QUALIFIED DATA CENTERS.,To eliminate the exemptions from the taxes imposed under chapters 203 and 219 of the general statutes for qualified data centers.,,"SEN. FLEXER, 29th Dist.",ftp://ftp.cga.ct.gov/2024/cbs/s/SB-0079.HTM,https://www.cga.ct.gov/2024/TOB/s/pdf/2024SB-00079-R00-SB.pdf
SB-0080.HTM,2024,Proposed Bill,"SEN. CATHERINE A. OSTEN, 19th DIST.REP. KEVIN RYAN, 139th DIST.",AN ACT AUTHORIZING BONDS OF THE STATE FOR IMPROVEMENTS AT STODDARD HILL STATE PARK.,"To provide funding for repairs to roads and a boat launch, drainage improvements and removal of a pier at Stoddard Hill State Park in Ledyard.",,"SEN. OSTEN, 19th Dist. ; REP. RYAN, 139th Dist.",ftp://ftp.cga.ct.gov/2024/cbs/s/SB-0080.HTM,https://www.cga.ct.gov/2024/TOB/s/pdf/2024SB-00080-R00-SB.pdf
SB-0081.HTM,2024,Proposed Bill,"SEN. MAE FLEXER, 29th DIST.",AN ACT EXEMPTING CERTAIN ARTICLES OF CLOTHING FROM THE SALES AND USE TAXES.,"To exempt from the sales and use taxes the sale of and the storage, use or other consumption in this state of articles of clothing costing under seventy-five dollars.",,"SEN. FLEXER, 29th Dist.",ftp://ftp.cga.ct.gov/2024/cbs/s/SB-0081.HTM,https://www.cga.ct.gov/2024/TOB/s/pdf/2024SB-00081-R00-SB.pdf
SB-0082.HTM,2024,Proposed Bill,"SEN. MAE FLEXER, 29th DIST.",AN ACT REDUCING THE RATE OF THE SALES AND USE TAXES.,To reduce the rate of the sales and use taxes to six per cent.,,"SEN. FLEXER, 29th Dist.",ftp://ftp.cga.ct.gov/2024/cbs/s/SB-0082.HTM,https://www.cga.ct.gov/2024/TOB/s/pdf/2024SB-00082-R00-SB.pdf
SB-0083.HTM,2024,Proposed Bill,"SEN. HEATHER S. SOMERS, 18th DIST.",AN ACT CONCERNING THE HIGHER SALES AND USE TAXES RATE APPLICABLE TO CERTAIN MOTOR VEHICLES.,"To (1) increase to more than sixty-five thousand dollars the sales price threshold for a motor vehicle subject to the seven and three-fourths per cent sales and use taxes rate, (2) index the sales price to reflect the rate of inflation, and (3) exempt commercial vehicles from the higher sales and use taxes rate.",,"SEN. SOMERS, 18th Dist.",ftp://ftp.cga.ct.gov/2024/cbs/s/SB-0083.HTM,https://www.cga.ct.gov/2024/TOB/s/pdf/2024SB-00083-R00-SB.pdf
SB-0084.HTM,2024,Proposed Bill,"SEN. HEATHER S. SOMERS, 18th DIST.",AN ACT ESTABLISHING A PERSONAL INCOME TAX DEDUCTION FOR STIPENDS PAID TO CERTAIN VOLUNTEER FIREFIGHTERS OR VOLUNTEER AMBULANCE MEMBERS.,"To establish a personal income tax deduction for any stipend paid by a municipality, volunteer fire department or volunteer ambulance association to certain volunteer firefighters or volunteer ambulance members.",,"SEN. SOMERS, 18th Dist.",ftp://ftp.cga.ct.gov/2024/cbs/s/SB-0084.HTM,https://www.cga.ct.gov/2024/TOB/s/pdf/2024SB-00084-R00-SB.pdf
SB-0085.HTM,2024,Proposed Bill,"SEN. STEPHEN HARDING, 30th DIST.",AN ACT CONCERNING THE CORPORATION BUSINESS TAX SURCHARGE.,"To sunset the corporation business tax surcharge this fiscal year rather than January 1, 2026.","Rep. Craig C. Fishbein, 90th Dist.; Sen. Rob Sampson, 16th Dist.","SEN. HARDING, 30th Dist.",ftp://ftp.cga.ct.gov/2024/cbs/s/SB-0085.HTM,https://www.cga.ct.gov/2024/TOB/s/pdf/2024SB-00085-R00-SB.pdf
SB-0086.HTM,2024,Proposed Bill,"SEN. JEFF GORDON, 35th DIST.",AN ACT CONCERNING THE CORPORATION BUSINESS TAX SURCHARGE.,"To sunset the corporation business tax surcharge this fiscal year rather than January 1, 2026.",,"SEN. GORDON, 35th Dist.",ftp://ftp.cga.ct.gov/2024/cbs/s/SB-0086.HTM,https://www.cga.ct.gov/2024/TOB/s/pdf/2024SB-00086-R00-SB.pdf
SB-0087.HTM,2024,Proposed Bill,"SEN. CATHERINE A. OSTEN, 19th DIST.SEN. MARTHA MARX, 20th DIST.REP. ANTHONY L. NOLAN, 39th DIST.REP. CHRISTINE CONLEY, 40th DIST.REP. AUNDRE BUMGARDNER, 41st DIST.REP. DERELL WILSON, 46th DIST.REP. KEVIN RYAN, 139th DIST.",AN ACT AUTHORIZING BONDS OF THE STATE FOR INFRASTRUCTURE AND BUILDING REPAIRS AND EQUIPMENT FOR GEMMA E. MORAN UNITED WAY/LABOR FOOD CENTER IN NEW LONDON.,To provide funding for infrastructure and building repairs and equipment for the Gemma E. Moran United Way/Labor Food Center in New London.,,"SEN. OSTEN, 19th Dist. ; SEN. MARX, 20th Dist. ; REP. NOLAN, 39th Dist. ; REP. CONLEY, 40th Dist. REP. BUMGARDNER, 41st Dist. ; REP. WILSON, 46th Dist. ; REP. RYAN, 139th Dist.",ftp://ftp.cga.ct.gov/2024/cbs/s/SB-0087.HTM,https://www.cga.ct.gov/2024/TOB/s/pdf/2024SB-00087-R00-SB.pdf
SB-0088.HTM,2024,Proposed Bill,"SEN. CATHERINE A. OSTEN, 19th DIST.",AN ACT AUTHORIZING BONDS OF THE STATE FOR UPGRADES TO CULVERTS AND DRAINAGE IN THE TOWN OF MARLBOROUGH.,To provide funding for upgrades to culverts and drainage in the town of Marlborough.,,"SEN. OSTEN, 19th Dist.",ftp://ftp.cga.ct.gov/2024/cbs/s/SB-0088.HTM,https://www.cga.ct.gov/2024/TOB/s/pdf/2024SB-00088-R00-SB.pdf
SB-0089.HTM,2024,Proposed Bill,"SEN. CATHERINE A. OSTEN, 19th DIST.",AN ACT AUTHORIZING BONDS OF THE STATE FOR A PUBLIC WORKS GARAGE IN LEBANON.,To provide funding to the town of Lebanon for a public works garage.,,"SEN. OSTEN, 19th Dist.",ftp://ftp.cga.ct.gov/2024/cbs/s/SB-0089.HTM,https://www.cga.ct.gov/2024/TOB/s/pdf/2024SB-00089-R00-SB.pdf
SB-0090.HTM,2024,Proposed Bill,"SEN. CATHERINE A. OSTEN, 19th DIST.SEN. MARTHA MARX, 20th DIST.REP. KEVIN RYAN, 139th DIST.REP. HOLLY H. CHEESEMAN, 37th DIST.REP. KATHLEEN M. MCCARTY, 38th DIST.",AN ACT AUTHORIZING BONDS OF THE STATE FOR THE PURCHASE OF SECURITY CAMERAS BY THE TOWN OF MONTVILLE.,"To provide funding to purchase security cameras to be installed to protect the fishing pier, boat launch and various recreation areas in the town of Montville.",,"SEN. OSTEN, 19th Dist. ; SEN. MARX, 20th Dist. ; REP. RYAN, 139th Dist. ; REP. CHEESEMAN, 37th Dist. ; REP. MCCARTY K., 38th Dist.",ftp://ftp.cga.ct.gov/2024/cbs/s/SB-0090.HTM,https://www.cga.ct.gov/2024/TOB/s/pdf/2024SB-00090-R00-SB.pdf
SB-0091.HTM,2024,Proposed Bill,"SEN. CATHERINE A. OSTEN, 19th DIST.SEN. MARTHA MARX, 20th DIST.REP. KEVIN RYAN, 139th DIST.REP. HOLLY H. CHEESEMAN, 37th DIST.REP. KATHLEEN M. MCCARTY, 38th DIST.",AN ACT AUTHORIZING BONDS OF THE STATE TO CONVERT THE HEATING SYSTEM IN THE MONTVILLE TOWN HALL FROM OIL TO NATURAL GAS.,To provide funding to convert the heating system in the Montville Town Hall from oil to natural gas.,,"SEN. OSTEN, 19th Dist. ; SEN. MARX, 20th Dist. ; REP. RYAN, 139th Dist. ; REP. CHEESEMAN, 37th Dist. ; REP. MCCARTY K., 38th Dist.",ftp://ftp.cga.ct.gov/2024/cbs/s/SB-0091.HTM,https://www.cga.ct.gov/2024/TOB/s/pdf/2024SB-00091-R00-SB.pdf
SB-0092.HTM,2024,Proposed Bill,"SEN. CATHERINE A. OSTEN, 19th DIST.SEN. MARTHA MARX, 20th DIST.REP. KEVIN RYAN, 139th DIST.REP. HOLLY H. CHEESEMAN, 37th DIST.REP. KATHLEEN M. MCCARTY, 38th DIST.",AN ACT AUTHORIZING BONDS OF THE STATE FOR CONSTRUCTION OF A REGIONAL ANIMAL CONTROL FACILITY IN THE TOWN OF MONTVILLE.,To provide funding to construct a regional animal control facility in Montville.,,"SEN. OSTEN, 19th Dist. ; SEN. MARX, 20th Dist. ; REP. RYAN, 139th Dist. ; REP. CHEESEMAN, 37th Dist. ; REP. MCCARTY K., 38th Dist.",ftp://ftp.cga.ct.gov/2024/cbs/s/SB-0092.HTM,https://www.cga.ct.gov/2024/TOB/s/pdf/2024SB-00092-R00-SB.pdf
SB-0093.HTM,2024,Proposed Bill,"SEN. CATHERINE A. OSTEN, 19th DIST.SEN. MARTHA MARX, 20th DIST.",AN ACT AUTHORIZING BONDS OF THE STATE FOR A SEWER EXPANSION PROJECT IN THE FITCHVILLE SECTION OF BOZRAH.,To provide funding for a sewer expansion project in the Fitchville section of Bozrah.,"Rep. Mark DeCaprio, 48th Dist.; ","SEN. OSTEN, 19th Dist. ; SEN. MARX, 20th Dist.",ftp://ftp.cga.ct.gov/2024/cbs/s/SB-0093.HTM,https://www.cga.ct.gov/2024/TOB/s/pdf/2024SB-00093-R00-SB.pdf
SB-0094.HTM,2024,Proposed Bill,"SEN. HEATHER S. SOMERS, 18th DIST.",AN ACT AUTHORIZING BONDS OF THE STATE FOR THE DESIGN AND ENGINEERING OF A DOCK AND WATER TAXI STOP IN THE TOWN OF STONINGTON.,To provide funds for the design and engineering of a dock and water taxi stop in the town of Stonington to support economic development and increase tourism.,,"SEN. SOMERS, 18th Dist.",ftp://ftp.cga.ct.gov/2024/cbs/s/SB-0094.HTM,https://www.cga.ct.gov/2024/TOB/s/pdf/2024SB-00094-R00-SB.pdf
SB-0095.HTM,2024,Proposed Bill,"SEN. HEATHER S. SOMERS, 18th DIST.REP. GREG S. HOWARD, 43rd DIST.",AN ACT AUTHORIZING BONDS OF THE STATE TO REPAIR THE SEA WALL ON ENDER'S ISLAND IN THE TOWN OF STONINGTON.,"To provide funding to repair the sea wall on Ender's Island, which protects Mason Island and Mystic Harbor.",,"SEN. SOMERS, 18th Dist. ; REP. HOWARD, 43rd Dist.",ftp://ftp.cga.ct.gov/2024/cbs/s/SB-0095.HTM,https://www.cga.ct.gov/2024/TOB/s/pdf/2024SB-00095-R00-SB.pdf
SB-0096.HTM,2024,Proposed Bill,"SEN. CATHERINE A. OSTEN, 19th DIST.",AN ACT AUTHORIZING BONDS OF THE STATE FOR THE PURCHASE OF A RESCUE ENGINE BY THE TOWN OF FRANKLIN.,To provide funding for the purchase of a rescue engine by the town of Franklin.,"Rep. Mark DeCaprio, 48th Dist.; ","SEN. OSTEN, 19th Dist.",ftp://ftp.cga.ct.gov/2024/cbs/s/SB-0096.HTM,https://www.cga.ct.gov/2024/TOB/s/pdf/2024SB-00096-R00-SB.pdf
SB-0097.HTM,2024,Proposed Bill,"SEN. RYAN FAZIO, 36th DIST.",AN ACT ADJUSTING THE BOND ALLOCATION CAP.,To reduce debt-financed capital spending by limiting the amount of bond allocations.,,"SEN. FAZIO, 36th Dist.",ftp://ftp.cga.ct.gov/2024/cbs/s/SB-0097.HTM,https://www.cga.ct.gov/2024/TOB/s/pdf/2024SB-00097-R00-SB.pdf
SB-0098.HTM,2024,Proposed Bill,"SEN. CATHERINE A. OSTEN, 19th DIST.REP. DERELL WILSON, 46th DIST.REP. KEVIN RYAN, 139th DIST.",AN ACT AUTHORIZING BONDS OF THE STATE FOR UPGRADES TO THE FACILITIES OF THE FIRE MARSHAL IN THE CITY OF NORWICH.,To provide funding to upgrade the facilities of the fire marshal in the city of Norwich.,,"SEN. OSTEN, 19th Dist. ; REP. WILSON, 46th Dist. ; REP. RYAN, 139th Dist.",ftp://ftp.cga.ct.gov/2024/cbs/s/SB-0098.HTM,https://www.cga.ct.gov/2024/TOB/s/pdf/2024SB-00098-R00-SB.pdf
SB-0099.HTM,2024,Proposed Bill,"SEN. CATHERINE A. OSTEN, 19th DIST.REP. DERELL WILSON, 46th DIST.REP. KEVIN RYAN, 139th DIST.",AN ACT AUTHORIZING BONDS OF THE STATE FOR THE PURCHASE OF A RESCUE ENGINE BY THE CITY OF NORWICH.,To provide funding to Norwich to purchase a rescue engine.,,"SEN. OSTEN, 19th Dist. ; REP. WILSON, 46th Dist. ; REP. RYAN, 139th Dist.",ftp://ftp.cga.ct.gov/2024/cbs/s/SB-0099.HTM,https://www.cga.ct.gov/2024/TOB/s/pdf/2024SB-00099-R00-SB.pdf
SB-0100.HTM,2024,Proposed Bill,"SEN. HEATHER S. SOMERS, 18th DIST.",AN ACT ESTABLISHING A PERSONAL INCOME TAX DEDUCTION FOR COLLEGE TUITION PAYMENTS MADE BY A TAXPAYER.,To establish a personal income tax deduction for college tuition payments made by the taxpayer.,,"SEN. SOMERS, 18th Dist.",ftp://ftp.cga.ct.gov/2024/cbs/s/SB-0100.HTM,https://www.cga.ct.gov/2024/TOB/s/pdf/2024SB-00100-R00-SB.pdf
SB-0101.HTM,2024,Proposed Bill,"SEN. RYAN FAZIO, 36th DIST.",AN ACT REQUIRING THE INDEXING OF INCOME THRESHOLDS FOR THE PERSONAL INCOME TAX.,To require that income thresholds for the personal income tax be indexed to reflect the rate of inflation.,,"SEN. FAZIO, 36th Dist.",ftp://ftp.cga.ct.gov/2024/cbs/s/SB-0101.HTM,https://www.cga.ct.gov/2024/TOB/s/pdf/2024SB-00101-R00-SB.pdf
SB-0102.HTM,2024,Proposed Bill,"SEN. JEFF GORDON, 35th DIST.",AN ACT CONCERNING THE RATE OF TAX FOR DIESEL FUEL.,To reduce the rate of tax for diesel fuel to forty and one-tenth cents per gallon.,,"SEN. GORDON, 35th Dist.",ftp://ftp.cga.ct.gov/2024/cbs/s/SB-0102.HTM,https://www.cga.ct.gov/2024/TOB/s/pdf/2024SB-00102-R00-SB.pdf
SB-0103.HTM,2024,Proposed Bill,"SEN. STEPHEN HARDING, 30th DIST.",AN ACT REDUCING CERTAIN PERSONAL INCOME TAX MARGINAL RATES.,To reduce the two lowest marginal rates for the personal income tax from two per cent to one and one-half per cent and from four and one-half per cent to four per cent.,,"SEN. HARDING, 30th Dist.",ftp://ftp.cga.ct.gov/2024/cbs/s/SB-0103.HTM,https://www.cga.ct.gov/2024/TOB/s/pdf/2024SB-00103-R00-SB.pdf
SB-0104.HTM,2024,Proposed Bill,"SEN. JEFF GORDON, 35th DIST.",AN ACT ELIMINATING THE HIGHWAY USE TAX.,To eliminate the highway use tax.,,"SEN. GORDON, 35th Dist.",ftp://ftp.cga.ct.gov/2024/cbs/s/SB-0104.HTM,https://www.cga.ct.gov/2024/TOB/s/pdf/2024SB-00104-R00-SB.pdf
SB-0105.HTM,2024,Proposed Bill,"SEN. CATHERINE A. OSTEN, 19th DIST.",AN ACT CONCERNING FUNDING FOR THE COMMUNITY INVESTMENT ACCOUNT.,To update the funding stream of the Community Investment Account.,,"SEN. OSTEN, 19th Dist.",ftp://ftp.cga.ct.gov/2024/cbs/s/SB-0105.HTM,https://www.cga.ct.gov/2024/TOB/s/pdf/2024SB-00105-R00-SB.pdf
SB-0106.HTM,2024,Raised Bill,Higher Education and Employment Advancement Committee,AN ACT CONCERNING WORKFORCE DEVELOPMENT INITIATIVES IN THE STATE.,To study workforce development initiatives in the state.,"Sen. Paul Cicarella, 34th Dist.; ",(HED),ftp://ftp.cga.ct.gov/2024/cbs/s/SB-0106.HTM,https://www.cga.ct.gov/2024/TOB/s/pdf/2024SB-00106-R00-SB.pdf
SB-0107.HTM,2024,Raised Bill,Higher Education and Employment Advancement Committee,"AN ACT UPDATING REQUIREMENTS FOR CONSTRUCTION MANAGEMENT OVERSIGHT AT THE UNIVERSITY OF CONNECTICUT, PAUSING THE REQUIREMENT FOR A PLAN TO INCREASE THE NUMBER OF FULL-TIME FACULTY AT PUBLIC INSTITUTIONS OF HIGHER EDUCATION AND REPLACING REFERENCES TO THE PRESIDENT OF THE CONNECTICUT STATE COLLEGES AND UNIVERSITIES WITH THE CHANCELLOR OF THE CONNECTICUT STATE COLLEGES AND UNIVERSITIES.",To remove reference to the defunct construction management oversight committee for UConn 2000 projects and repeal the requirement for the state universities to develop a plan to increase the number of full-time faculty.,,(HED),ftp://ftp.cga.ct.gov/2024/cbs/s/SB-0107.HTM,https://www.cga.ct.gov/2024/TOB/s/pdf/2024SB-00107-R00-SB.pdf
SB-0108.HTM,2024,Raised Bill,Higher Education and Employment Advancement Committee,AN ACT REQUIRING A STUDY OF TRANSPORTATION BARRIERS THAT LIMIT ACCESS TO WORKFORCE DEVELOPMENT PROGRAMS.,To require the Department of Transportation and the Office of Workforce Strategy to study transportation barriers that limit access to workforce development programs.,"Rep. Gary A. Turco, 27th Dist.; Sen. Paul Cicarella, 34th Dist.",(HED),ftp://ftp.cga.ct.gov/2024/cbs/s/SB-0108.HTM,https://www.cga.ct.gov/2024/TOB/s/pdf/2024SB-00108-R00-SB.pdf
SB-0109.HTM,2024,Raised Bill,Higher Education and Employment Advancement Committee,AN ACT MODIFYING THE CONNECTICUT AUTOMATIC ADMISSIONS PROGRAM.,To change the requirement for a minimum class rank percentile to a minimum grade point average for students to qualify for admission to a participating institution of higher education through the Connecticut Automatic Admissions Program.,"Sen. Kevin C. Kelly, 21st Dist.; Rep. Irene M. Haines, 34th Dist.; Sen. Henri Martin, 31st Dist.; ",(HED),ftp://ftp.cga.ct.gov/2024/cbs/s/SB-0109.HTM,https://www.cga.ct.gov/2024/TOB/s/pdf/2024SB-00109-R00-SB.pdf
SB-0110.HTM,2024,Proposed Bill,"SEN. SAUD ANWAR, 3rd DIST.SEN. RYAN FAZIO, 36th DIST.SEN. JEFF GORDON, 35th DIST.SEN. JOAN V. HARTLEY, 15th DIST.SEN. MD RAHMAN, 4th DIST.SEN. HEATHER S. SOMERS, 18th DIST.",AN ACT CONCERNING FUNDING FOR ADDITIONAL STAFF IN THE OFFICE OF HEALTH STRATEGY.,To appropriate funds to the Department of Public Health to provide additional staff for the Office of Health Strategy to improve the certificate of need process.,,"SEN. ANWAR, 3rd Dist. ; SEN. FAZIO, 36th Dist. ; SEN. GORDON, 35th Dist. ; SEN. HARTLEY, 15th Dist. ; SEN. RAHMAN, 4th Dist. ; SEN. SOMERS, 18th Dist.",ftp://ftp.cga.ct.gov/2024/cbs/s/SB-0110.HTM,https://www.cga.ct.gov/2024/TOB/s/pdf/2024SB-00110-R00-SB.pdf
SB-0111.HTM,2024,Unknown,"SEN. MARTIN M. LOONEY, 11th DIST.REP. MATTHEW RITTER, 1st DIST.SEN. BOB DUFF, 25th DIST.REP. JASON ROJAS, 9th DIST.",AN ACT CONCERNING HOME ENERGY ASSISTANCE.,,"Sen. Saud Anwar, 3rd Dist.; Sen. Matthew L. Lesser, 9th Dist.; Rep. Larry B. Butler, 72nd Dist.; Rep. Hilda E. Santiago, 84th Dist.; Rep. Bob Godfrey, 110th Dist.; ","SEN. LOONEY, 11th Dist. ; REP. RITTER M., 1st Dist. ; SEN. DUFF, 25th Dist. ; REP. ROJAS, 9th Dist.",ftp://ftp.cga.ct.gov/2024/cbs/s/SB-0111.HTM,https://www.cga.ct.gov/2024/TOB/s/pdf/2024SB-00111-R00-SB.pdf
SB-0112.HTM,2024,Proposed Bill,"SEN. JULIE KUSHNER, 24th DIST.",AN ACT CONCERNING FUNDING FOR PEDIATRIC HOSPICE SERVICES AT REGIONAL HOSPICE IN DANBURY.,To allocate funds for the expansion of the pediatric hospice program at Regional Hospice in Danbury.,"Rep. Patrick E. Callahan, 108th Dist.; Rep. Rachel Chaleski, 138th Dist.","SEN. KUSHNER, 24th Dist.",ftp://ftp.cga.ct.gov/2024/cbs/s/SB-0112.HTM,https://www.cga.ct.gov/2024/TOB/s/pdf/2024SB-00112-R00-SB.pdf
SB-0113.HTM,2024,Proposed Bill,"SEN. MAE FLEXER, 29th DIST.REP. GREGORY HADDAD, 54th DIST.",AN ACT CONCERNING FUNDING FOR STATE COLLEGES AND UNIVERSITIES.,To appropriate funds to the state colleges and universities to mitigate pending cuts and stop approved tuition increases.,"Sen. Gary A. Winfield, 10th Dist.; Rep. Gary A. Turco, 27th Dist.","SEN. FLEXER, 29th Dist. ; REP. HADDAD, 54th Dist.",ftp://ftp.cga.ct.gov/2024/cbs/s/SB-0113.HTM,https://www.cga.ct.gov/2024/TOB/s/pdf/2024SB-00113-R00-SB.pdf
SB-0114.HTM,2024,Proposed Bill,"SEN. MAE FLEXER, 29th DIST.REP. PATRICK S. BOYD, 50th DIST.SEN. JEFF GORDON, 35th DIST.REP. RICK L. HAYES, 51st DIST.",AN ACT CONCERNING FUNDING FOR DAY KIMBALL HOSPITAL IN PUTNAM.,"To appropriate ten million dollars to Day Kimball Hospital to allow the hospital to maintain services, health care delivery and jobs in northeastern Connecticut.",,"SEN. FLEXER, 29th Dist. ; REP. BOYD, 50th Dist. ; SEN. GORDON, 35th Dist. ; REP. HAYES R., 51st Dist.",ftp://ftp.cga.ct.gov/2024/cbs/s/SB-0114.HTM,https://www.cga.ct.gov/2024/TOB/s/pdf/2024SB-00114-R00-SB.pdf
SB-0115.HTM,2024,Proposed Bill,"SEN. MAE FLEXER, 29th DIST.REP. SUSAN M. JOHNSON, 49th DIST.",AN ACT CONCERNING FUNDING FOR THE TOWN OF WINDHAM AND THE MOTOR VEHICLE TAX GRANT.,To require the Office of Policy and Management to allocate one million two hundred three thousand six hundred one dollars to the Town of Windham in compliance with the car tax grant.,,"SEN. FLEXER, 29th Dist. ; REP. JOHNSON, 49th Dist.",ftp://ftp.cga.ct.gov/2024/cbs/s/SB-0115.HTM,https://www.cga.ct.gov/2024/TOB/s/pdf/2024SB-00115-R00-SB.pdf
SB-0116.HTM,2024,Proposed Bill,"SEN. CATHERINE A. OSTEN, 19th DIST.",AN ACT CONCERNING FUNDING FOR THE OFFICE OF DYSLEXIA AND READING DISABILITIES.,To provide an operating budget for the Office of Dyslexia and Reading Disabilities.,"Sen. Gary A. Winfield, 10th Dist.; Rep. Anthony L. Nolan, 39th Dist.","SEN. OSTEN, 19th Dist.",ftp://ftp.cga.ct.gov/2024/cbs/s/SB-0116.HTM,https://www.cga.ct.gov/2024/TOB/s/pdf/2024SB-00116-R00-SB.pdf
SB-0117.HTM,2024,Raised Bill,Banking Committee,"AN ACT CONCERNING MARTIN LUTHER KING, JR. CORRIDORS.","To require the Banking Commissioner to designate seven Martin Luther King, Jr. Corridors.","Sen. Gary A. Winfield, 10th Dist.; Rep. Steven J. Stafstrom, 129th Dist.; Rep. Farley Santos, 109th Dist.; Rep. Kara Rochelle, 104th Dist.; Rep. Robert Sanchez, 25th Dist.; Rep. Andre F. Baker, 124th Dist.; Rep. David Michel, 146th Dist.; Sen. Eric C. Berthel, 32nd Dist.",(BA),ftp://ftp.cga.ct.gov/2024/cbs/s/SB-0117.HTM,https://www.cga.ct.gov/2024/TOB/s/pdf/2024SB-00117-R00-SB.pdf
SB-0118.HTM,2024,Raised Bill,Banking Committee,AN ACT CONCERNING THE LEGISLATIVE COMMISSIONERS' RECOMMENDATIONS FOR TECHNICAL REVISIONS TO THE BANKING STATUTES.,To make technical revisions to the banking statutes.,,(BA),ftp://ftp.cga.ct.gov/2024/cbs/s/SB-0118.HTM,https://www.cga.ct.gov/2024/TOB/s/pdf/2024SB-00118-R00-SB.pdf
SB-0119.HTM,2024,Raised Bill,Banking Committee,AN ACT CONCERNING A STUDY ON FINANCIAL INSTITUTIONS IN THE STATE.,To require the Department of Banking to study and submit a report concerning  financial institutions in the state.,,(BA),ftp://ftp.cga.ct.gov/2024/cbs/s/SB-0119.HTM,https://www.cga.ct.gov/2024/TOB/s/pdf/2024SB-00119-R00-SB.pdf
SB-0120.HTM,2024,Raised Bill,Banking Committee,AN ACT CONCERNING A STUDY RELATING TO LENDING ISSUES IN THE STATE.,To require the Department of Banking to study and submit a report relating to lending issues in the state.,,(BA),ftp://ftp.cga.ct.gov/2024/cbs/s/SB-0120.HTM,https://www.cga.ct.gov/2024/TOB/s/pdf/2024SB-00120-R00-SB.pdf
SB-0121.HTM,2024,Raised Bill,Banking Committee,"AN ACT CONCERNING THE ATTORNEY GENERAL, THE BANKING COMMISSIONER, THE DODD-FRANK WALL STREET REFORM AND CONSUMER PROTECTION ACT AND TELEPHONIC SALES CALLS FOR SOLICITING CONSUMER GOODS OR SERVICES.",To establish procedures for the Attorney General to enforce the Dodd-Frank Wall Street Reform and Consumer Protection Act.,"Sen. Saud Anwar, 3rd Dist.; Rep. Susan M. Johnson, 49th Dist.; Rep. Kara Rochelle, 104th Dist.; Sen. Patricia Billie Miller, 27th Dist.; Rep. Matt Blumenthal, 147th Dist.; ",(BA),ftp://ftp.cga.ct.gov/2024/cbs/s/SB-0121.HTM,https://www.cga.ct.gov/2024/TOB/s/pdf/2024SB-00121-R00-SB.pdf
SB-0122.HTM,2024,Raised Bill,Banking Committee,AN ACT CONCERNING THE COMMUNITY BANK AND COMMUNITY CREDIT UNION PROGRAM.,"To redefine ""community credit union"" for purposes of the community bank and community credit union program established by the State Treasurer.",,(BA),ftp://ftp.cga.ct.gov/2024/cbs/s/SB-0122.HTM,https://www.cga.ct.gov/2024/TOB/s/pdf/2024SB-00122-R00-SB.pdf
SB-0123.HTM,2024,Raised Bill,Banking Committee,AN ACT CONCERNING COERCED DEBT.,"To (1) provide that no individual shall cause another individual to incur a coerced debt, and (2) establish procedures to (A) review documentation to determine whether debt is coerced debt, and (B) bring an action to establish whether debt is coerced debt.","Sen. Christine Cohen, 12th Dist.; Rep. Sarah Keitt, 134th Dist.; Rep. Julio A. Concepcion, 4th Dist.; Rep. Eleni Kavros DeGraw, 17th Dist.; Rep. Jillian Gilchrest, 18th Dist.; Rep. Anne M. Hughes, 135th Dist.; Rep. Tom Delnicki, 14th Dist.; Rep. Gary A. Turco, 27th Dist.; Rep. Joseph P. Gresko, 121st Dist.; Rep. Geoff Luxenberg, 12th Dist.; Rep. Christine Palm, 36th Dist.; Rep. Kate Farrar, 20th Dist.; Rep. Kevin Brown, 56th Dist.; Sen. Herron Gaston, 23rd Dist.; Sen. Rick Lopes, 6th Dist.; Rep. Josh Elliott, 88th Dist.; Rep. Kara Rochelle, 104th Dist.; Rep. Robin E. Comey, 102nd Dist.; Rep. Jane M. Garibay, 60th Dist.; Rep. Aimee Berger-Girvalo, 111th Dist.; Sen. Catherine A. Osten, 19th Dist.; Rep. Farley Santos, 109th Dist.; Rep. James Sanchez, 6th Dist.; Rep. Patricia A. Dillon, 92nd Dist.; Rep. William Pizzuto, 71st Dist.; Rep. Francis Cooley, 22nd Dist.; Rep. Mary Welander, 114th Dist.; Rep. Carol Hall, 59th Dist.; Rep. Holly H. Cheeseman, 37th Dist.; Rep. Hubert D. Delany, 144th Dist.; Rep. Lucy Dathan, 142nd Dist.; Rep. Andre F. Baker, 124th Dist.; Rep. Kathleen M. McCarty, 38th Dist.; Rep. Craig C. Fishbein, 90th Dist.; Sen. Heather S. Somers, 18th Dist.; Sen. Patricia Billie Miller, 27th Dist.; Rep. Christopher Poulos, 81st Dist.; Sen. Kevin C. Kelly, 21st Dist.; Rep. Kathy Kennedy, 119th Dist.; Rep. Tracy Marra, 141st Dist.; Rep. Steven J. Stafstrom, 129th Dist.; Rep. David Michel, 146th Dist.; Sen. Eric C. Berthel, 32nd Dist.; Sen. Jeff Gordon, 35th Dist.; Sen. Henri Martin, 31st Dist.; ",(BA),ftp://ftp.cga.ct.gov/2024/cbs/s/SB-0123.HTM,https://www.cga.ct.gov/2024/TOB/s/pdf/2024SB-00123-R00-SB.pdf
SB-0124.HTM,2024,Raised Bill,Banking Committee,AN ACT CONCERNING THE CONNECTICUT UNIFORM SECURITIES ACT.,"To: (1) Exempt merger and acquisition broker-dealers and certain individuals representing such broker-dealers from certain registration requirements; (2) establish various requirements for Tier 2 offerings; and (3) provide that the Banking Commissioner may censure or impose a bar upon any registrant, any partner, officer, director of any registrant or any other person directly or indirectly controlling any registrant.",,(BA),ftp://ftp.cga.ct.gov/2024/cbs/s/SB-0124.HTM,https://www.cga.ct.gov/2024/TOB/s/pdf/2024SB-00124-R00-SB.pdf
SB-0125.HTM,2024,Raised Bill,Committee on Children,AN ACT CONCERNING THE RECOMMENDATIONS OF THE DEPARTMENT OF CHILDREN AND FAMILIES RELATIVE TO IDENTIFIED ADOPTIONS AND REVISIONS TO CERTAIN TERMINOLOGY.,"To (1) require the Department of Children and Families to adopt regulations concerning adoptive placement of children by child-placing agencies, (2) specify the types of payments and reimbursements that may be made by prospective adoptive parents to pregnant parents and requirements for making such payments and reimbursements, (3) specify that a genetic parent's legal representative or prospective adoptive parent's legal representative may advertise through public media for the purposes of identified adoption or adoption through a child-placing agency, and (4) make minor revisions to statutes concerning adoption and the safe care of newborns.",,(KID),ftp://ftp.cga.ct.gov/2024/cbs/s/SB-0125.HTM,https://www.cga.ct.gov/2024/TOB/s/pdf/2024SB-00125-R00-SB.pdf
SB-0126.HTM,2024,Raised Bill,Committee on Children,AN ACT CONCERNING HOME VISITS AND EVALUATIONS CONDUCTED BY THE DEPARTMENT OF CHILDREN AND FAMILIES.,To require the Department of Children and Families to conduct in-person home visits if a safety plan established by the department indicates that a parent or guardian in such home has a substance use disorder.,"Sen. Saud Anwar, 3rd Dist.; Rep. Geraldo C. Reyes, 75th Dist.; Rep. Tammy Nuccio, 53rd Dist.; Rep. Cara Christine Pavalock-D'Amato, 77th Dist.; Rep. William Pizzuto, 71st Dist.; Rep. Holly H. Cheeseman, 37th Dist.; Rep. Hubert D. Delany, 144th Dist.; Rep. Martin Foncello, 107th Dist.",(KID),ftp://ftp.cga.ct.gov/2024/cbs/s/SB-0126.HTM,https://www.cga.ct.gov/2024/TOB/s/pdf/2024SB-00126-R00-SB.pdf
SB-0127.HTM,2024,Raised Bill,Committee on Children,"AN ACT CONCERNING THE RECOMMENDATIONS OF THE DEPARTMENT OF CHILDREN AND FAMILIES RELATING TO BACKGROUND CHECKS, CERTAIN SUBSIDIES, URGENT CRISIS CENTERS, DEPARTMENTAL RECORDS AND SPECIAL POLICE OFFICERS.","To (1) exempt certain applicants for foster care licensure and individuals eighteen years of age or older living in such applicants' homes from submitting to criminal history records checks requirements under certain circumstances, (2) increase the age upon which an individual living in the home of an applicant for foster care licensure must submit to criminal history records checks and child abuse registry checks from sixteen to eighteen, (3) permit the transfer of adoptive parent subsidies to a successor guardian, (4) authorize the Department of Public Health to access certain records of the Department of Children and Families, (5) require the disclosure of certain educational records to the Department of Children and Families, (6) require the appointment of special police officers for the Department of Children and Families, and (7) make minor and technical changes.","Rep. William Pizzuto, 71st Dist.; Rep. Matt Blumenthal, 147th Dist.; Rep. Martin Foncello, 107th Dist.; Sen. Henri Martin, 31st Dist.",(KID),ftp://ftp.cga.ct.gov/2024/cbs/s/SB-0127.HTM,https://www.cga.ct.gov/2024/TOB/s/pdf/2024SB-00127-R00-SB.pdf
SB-0128.HTM,2024,Raised Bill,Committee on Children,AN ACT CONCERNING CERTAIN FLAME RETARDANT CHEMICALS IN CHILDREN'S PRODUCTS.,To require the Commissioner of Consumer Protection to enter into an interstate agreement with New York and the other New England states to prohibit the sale and distribution of children's products containing organohalogen flame retardant chemicals.,"Sen. Saud Anwar, 3rd Dist.; ",(KID),ftp://ftp.cga.ct.gov/2024/cbs/s/SB-0128.HTM,https://www.cga.ct.gov/2024/TOB/s/pdf/2024SB-00128-R00-SB.pdf
SB-0129.HTM,2024,Proposed Bill,"SEN. ERIC C. BERTHEL, 32nd DIST.",AN ACT LIMITING THE PASSPORT TO THE PARKS FEE TO ONE CAR OWNED BY ANY INDIVIDUAL.,To limit the Passport to the Parks fee to just one car owned by an individual rather than applying it to each car owned by an individual.,"Rep. Craig C. Fishbein, 90th Dist.; Rep. Mitch Bolinsky, 106th Dist.; Rep. Ben McGorty, 122nd Dist.; ","SEN. BERTHEL, 32nd Dist.",ftp://ftp.cga.ct.gov/2024/cbs/s/SB-0129.HTM,https://www.cga.ct.gov/2024/TOB/s/pdf/2024SB-00129-R00-SB.pdf
SB-0130.HTM,2024,Proposed Bill,"SEN. ERIC C. BERTHEL, 32nd DIST.",AN ACT EXEMPTING SENIOR CITIZENS FROM THE PASSPORT TO THE PARKS FEE.,To exempt senior citizens from the Passport to the Parks Fee.,"Rep. Craig C. Fishbein, 90th Dist.; Rep. Mitch Bolinsky, 106th Dist.","SEN. BERTHEL, 32nd Dist.",ftp://ftp.cga.ct.gov/2024/cbs/s/SB-0130.HTM,https://www.cga.ct.gov/2024/TOB/s/pdf/2024SB-00130-R00-SB.pdf
SB-0131.HTM,2024,Proposed Bill,"SEN. ERIC C. BERTHEL, 32nd DIST.",AN ACT EXEMPTING VETERANS FROM THE PASSPORT TO THE STATE PARKS FEE.,To exempt veterans from the Passport to the Parks fee.,"Rep. Craig C. Fishbein, 90th Dist.; Rep. Ben McGorty, 122nd Dist.","SEN. BERTHEL, 32nd Dist.",ftp://ftp.cga.ct.gov/2024/cbs/s/SB-0131.HTM,https://www.cga.ct.gov/2024/TOB/s/pdf/2024SB-00131-R00-SB.pdf
SB-0132.HTM,2024,Raised Bill,General Law Committee,AN ACT CONCERNING DOG RACING.,To eliminate various provisions concerning dog racing in this state.,"Rep. David Michel, 146th Dist.; Rep. Nicole Klarides-Ditria, 105th Dist.; Rep. Tom Delnicki, 14th Dist.; Rep. Josh Elliott, 88th Dist.; Rep. Michael D Quinn, 82nd Dist.; Rep. Tony J Scott, 112th Dist.; Rep. David K. Labriola, 131st Dist.; Rep. Joseph H. Zullo, 99th Dist.; Rep. Michael D'Agostino, 91st Dist.; Sen. Herron Gaston, 23rd Dist.; Rep. Frank Smith, 118th Dist.; Rep. Ben McGorty, 122nd Dist.; Rep. Jason Doucette, 13th Dist.; Rep. Eleni Kavros DeGraw, 17th Dist.; Sen. Julie Kushner, 24th Dist.; Rep. Gary A. Turco, 27th Dist.; Rep. Kerry S. Wood, 29th Dist.; Rep. Jane M. Garibay, 60th Dist.; Rep. Devin R. Carney, 23rd Dist.; Rep. Travis Simms, 140th Dist.; Rep. Jennifer Leeper, 132nd Dist.; Rep. Kate Farrar, 20th Dist.; Rep. Sarah Keitt, 134th Dist.; Rep. William Heffernan, 115th Dist.; Rep. Joseph P. Gresko, 121st Dist.; Rep. Amy Morrin Bello, 28th Dist.; Rep. Hector Arzeno, 151st Dist.; Rep. Aundre Bumgardner, 41st Dist.; Rep. Kevin Ryan, 139th Dist.; Rep. Holly H. Cheeseman, 37th Dist.; Rep. Anabel D. Figueroa, 148th Dist.; Rep. William Pizzuto, 71st Dist.; Rep. Rachel Chaleski, 138th Dist.; Sen. Lisa Seminara, 8th Dist.; Rep. Hubert D. Delany, 144th Dist.; Rep. Kathy Kennedy, 119th Dist.",(GL),ftp://ftp.cga.ct.gov/2024/cbs/s/SB-0132.HTM,https://www.cga.ct.gov/2024/TOB/s/pdf/2024SB-00132-R00-SB.pdf
SB-0133.HTM,2024,Raised Bill,General Law Committee,AN ACT CONCERNING REGULATION OF PRESCRIPTION DRUGS AND RELATED PROFESSIONS.,"To: (1) Define various terms for purposes of the Pharmacy Practice Act and related statutes; (2) provide for advanced pharmacy technician endorsements and the registration of clerks; (4) authorize pharmacists and advanced pharmacy technicians to dispense drugs in compliance packaging; (5) empower the Commission of Pharmacy to take disciplinary action against certain persons who accept, for return to general inventory or regular stock, any drug that has been sold or delivered to a patient; (6) provide that an individual who is enrolled in an accredited pharmacy technician education program may, in certain circumstances, act as a pharmacy technician; (7) enable the department to take certain actions concerning pharmacy technicians without authorization by the commission; (8) provide that a pharmacist may order and administer certain vaccines; and (9) make minor, technical and conforming changes to various statutes concerning regulation of prescription drugs and related professions.","Sen. Tony Hwang, 28th Dist.; Sen. Saud Anwar, 3rd Dist.; Rep. Tracy Marra, 141st Dist.; Rep. Irene M. Haines, 34th Dist.; Rep. Farley Santos, 109th Dist.; Rep. William Pizzuto, 71st Dist.; Rep. Donna Veach, 30th Dist.; Rep. Francis Cooley, 22nd Dist.; Rep. Martin Foncello, 107th Dist.; Sen. Eric C. Berthel, 32nd Dist.; Sen. Henri Martin, 31st Dist.; ",(GL),ftp://ftp.cga.ct.gov/2024/cbs/s/SB-0133.HTM,https://www.cga.ct.gov/2024/TOB/s/pdf/2024SB-00133-R00-SB.pdf
SB-0134.HTM,2024,Raised Bill,General Law Committee,AN ACT CONCERNING THE LEGISLATIVE COMMISSIONERS' RECOMMENDATIONS FOR MINOR AND TECHNICAL REVISIONS TO STATUTES CONCERNING CONSUMER PROTECTION.,To make minor and technical revisions to statutes concerning consumer protection.,,(GL),ftp://ftp.cga.ct.gov/2024/cbs/s/SB-0134.HTM,https://www.cga.ct.gov/2024/TOB/s/pdf/2024SB-00134-R00-SB.pdf
SB-0135.HTM,2024,Raised Bill,General Law Committee,"AN ACT ESTABLISHING A MAXIMUM CHARGE FOR CERTAIN OCCUPATIONAL LICENSES, CERTIFICATIONS, PERMITS AND REGISTRATIONS.","To provide that neither the Commissioner of Consumer Protection nor the Department of Consumer Protection may charge certain individuals a license, permit, certification or registration fee in an amount that is greater than one hundred dollars per license, certification, permit or registration year.","Rep. Nicole Klarides-Ditria, 105th Dist.; Rep. Bobby G. Gibson, 15th Dist.; Sen. Ryan Fazio, 36th Dist.; Rep. Vincent J. Candelora, 86th Dist.; Rep. Tom O'Dea, 125th Dist.; Rep. Jason Perillo, 113th Dist.; Rep. Devin R. Carney, 23rd Dist.; Rep. Tami Zawistowski, 61st Dist.; Rep. Lezlye Zupkus, 89th Dist.; Rep. Tom Delnicki, 14th Dist.; Sen. Paul Cicarella, 34th Dist.; Rep. Kurt Vail, 52nd Dist.; Rep. Eleni Kavros DeGraw, 17th Dist.; Rep. Josh Elliott, 88th Dist.; Rep. Mitch Bolinsky, 106th Dist.; Rep. Jill Barry, 31st Dist.; Rep. Mark W Anderson, 62nd Dist.; Sen. Heather S. Somers, 18th Dist.; Sen. Jeff Gordon, 35th Dist.; Rep. Kerry S. Wood, 29th Dist.; Rep. Jaime S. Foster, 57th Dist.; Rep. Greg S. Howard, 43rd Dist.; Sen. Norman Needleman, 33rd Dist.; Rep. Rachel Khanna, 149th Dist.; Rep. Hector Arzeno, 151st Dist.; Rep. Christopher Poulos, 81st Dist.; Rep. Francis Cooley, 22nd Dist.; Sen. Rob Sampson, 16th Dist.; Sen. Henri Martin, 31st Dist.; ",(GL),ftp://ftp.cga.ct.gov/2024/cbs/s/SB-0135.HTM,https://www.cga.ct.gov/2024/TOB/s/pdf/2024SB-00135-R00-SB.pdf
SB-0136.HTM,2024,Raised Bill,Labor and Public Employees Committee,AN ACT MAKING CHANGES TO THE CONNECTICUT RETIREMENT SECURITY PROGRAM STATUTES.,To implement the recommendations of the Comptroller concerning the administration of the Connecticut Retirement Security Program.,"Rep. Robyn A. Porter, 94th Dist.; ",(LAB),ftp://ftp.cga.ct.gov/2024/cbs/s/SB-0136.HTM,https://www.cga.ct.gov/2024/TOB/s/pdf/2024SB-00136-R00-SB.pdf
SB-0137.HTM,2024,Raised Bill,Labor and Public Employees Committee,"AN ACT CONCERNING GAS, ELECTRIC, SEWER AND WATER DELIVERY WORK.",To require any contractor that enters into a contract for a public utility project to offer apprenticeship or preapprenticeship training programs and pay prevailing wage rates.,"Rep. Aundre Bumgardner, 41st Dist.; Rep. Tom Delnicki, 14th Dist.; Rep. Josh Elliott, 88th Dist.; ",(LAB),ftp://ftp.cga.ct.gov/2024/cbs/s/SB-0137.HTM,https://www.cga.ct.gov/2024/TOB/s/pdf/2024SB-00137-R00-SB.pdf
SB-0138.HTM,2024,Raised Bill,Public Safety and Security Committee,AN ACT CONCERNING THE WAIVER OF CERTAIN CRIMINAL HISTORY RECORDS CHECK FEES FOR AN INDIGENT PERSON SEEKING A PARDON.,To allow the waiver of certain criminal history records check fees for an indigent person who is seeking a pardon.,"Rep. Craig C. Fishbein, 90th Dist.; Rep. Fred Gee, 126th Dist.; Rep. Greg S. Howard, 43rd Dist.; Sen. Catherine A. Osten, 19th Dist.",(PS),ftp://ftp.cga.ct.gov/2024/cbs/s/SB-0138.HTM,https://www.cga.ct.gov/2024/TOB/s/pdf/2024SB-00138-R00-SB.pdf
SB-0139.HTM,2024,Raised Bill,Public Safety and Security Committee,AN ACT CONCERNING DEVELOPMENT OF A FORENSIC SCIENCE TRAINING LABORATORY AND PROGRAMS FOR TRAINING POLICE DETECTIVES AND OTHER LAW ENFORCEMENT PERSONNEL AT CENTRAL CONNECTICUT STATE UNIVERSITY.,To require a memorandum of understanding regarding the development of a forensic science laboratory and training programs for police detectives and other law enforcement personnel at Central Connecticut State University and provide funding for such laboratory and programs.,"Rep. Greg S. Howard, 43rd Dist.; Rep. Ben McGorty, 122nd Dist.; Rep. Craig C. Fishbein, 90th Dist.; Rep. Patrick S. Boyd, 50th Dist.; Rep. Tom Delnicki, 14th Dist.; ",(PS),ftp://ftp.cga.ct.gov/2024/cbs/s/SB-0139.HTM,https://www.cga.ct.gov/2024/TOB/s/pdf/2024SB-00139-R00-SB.pdf
SB-0140.HTM,2024,Raised Bill,Public Safety and Security Committee,AN ACT CONCERNING THE SALE AND USE OF CONSUMER FIREWORKS.,To expand the sale and use of consumer fireworks in the state.,"Rep. Kurt Vail, 52nd Dist.; Rep. Mark W Anderson, 62nd Dist.",(PS),ftp://ftp.cga.ct.gov/2024/cbs/s/SB-0140.HTM,https://www.cga.ct.gov/2024/TOB/s/pdf/2024SB-00140-R00-SB.pdf
SB-0141.HTM,2024,Raised Bill,Public Safety and Security Committee,AN ACT CONCERNING THE EXPANSION OF THE CRISIS INITIATIVE PILOT PROGRAM THROUGHOUT THE STATE.,To require the Division of State Police to expand the CRISIS Initiative pilot program to all areas of the state.,"Rep. Greg S. Howard, 43rd Dist.; Rep. Nicole Klarides-Ditria, 105th Dist.; Rep. Brian Lanoue, 45th Dist.; Rep. Vincent J. Candelora, 86th Dist.; Rep. Devin R. Carney, 23rd Dist.; Rep. Tom O'Dea, 125th Dist.; Rep. Jason Perillo, 113th Dist.; Rep. Tami Zawistowski, 61st Dist.; Rep. Lezlye Zupkus, 89th Dist.; Rep. Mark DeCaprio, 48th Dist.; Rep. Christopher Poulos, 81st Dist.; Rep. Jill Barry, 31st Dist.; Rep. Craig C. Fishbein, 90th Dist.; Rep. Fred Gee, 126th Dist.; Rep. Rick L. Hayes, 51st Dist.; Rep. Jaime S. Foster, 57th Dist.; Rep. Tom Delnicki, 14th Dist.; Rep. Irene M. Haines, 34th Dist.; Sen. Saud Anwar, 3rd Dist.; ",(PS),ftp://ftp.cga.ct.gov/2024/cbs/s/SB-0141.HTM,https://www.cga.ct.gov/2024/TOB/s/pdf/2024SB-00141-R00-SB.pdf
SB-0142.HTM,2024,Raised Bill,Housing Committee,AN ACT ESTABLISHING A HOUSING AUTHORITY RESIDENT QUALITY OF LIFE IMPROVEMENT GRANT PROGRAM AND A HOUSING CHOICE VOUCHER TASK FORCE.,"To establish (1) a resident quality of life improvement grant program, and (2) a housing choice voucher task force.","Rep. Kadeem Roberts, 137th Dist.; Sen. Martin M. Looney, 11th Dist.; Rep. Anthony L. Nolan, 39th Dist.; ",(HSG),ftp://ftp.cga.ct.gov/2024/cbs/s/SB-0142.HTM,https://www.cga.ct.gov/2024/TOB/s/pdf/2024SB-00142-R00-SB.pdf
SB-0143.HTM,2024,Raised Bill,Housing Committee,AN ACT CONCERNING EVICTIONS FOR CAUSE.,To require cause for the eviction of certain tenants and residents of mobile manufactured home parks.,"Rep. David Michel, 146th Dist.; Sen. Gary A. Winfield, 10th Dist.; Rep. Kai J. Belton, 100th Dist.; Rep. Aundre Bumgardner, 41st Dist.; Rep. Maryam Khan, 5th Dist.; Rep. Kadeem Roberts, 137th Dist.; Rep. Josh Elliott, 88th Dist.; Rep. Robyn A. Porter, 94th Dist.; Rep. Antonio Felipe, 130th Dist.; Sen. Herron Gaston, 23rd Dist.; Rep. Anne M. Hughes, 135th Dist.; Rep. Roland J. Lemar, 96th Dist.; Rep. Fred Gee, 126th Dist.; Sen. Julie Kushner, 24th Dist.; Rep. Geraldo C. Reyes, 75th Dist.; Rep. Mary M. Mushinsky, 85th Dist.; Sen. Jorge Cabrera, 17th Dist.; Rep. Christopher Rosario, 128th Dist.; Sen. MD Rahman, 4th Dist.; Rep. Jane M. Garibay, 60th Dist.; Rep. Travis Simms, 140th Dist.; Rep. Robin E. Comey, 102nd Dist.",(HSG),ftp://ftp.cga.ct.gov/2024/cbs/s/SB-0143.HTM,https://www.cga.ct.gov/2024/TOB/s/pdf/2024SB-00143-R00-SB.pdf
SB-0144.HTM,2024,Raised Bill,Housing Committee,AN ACT CONCERNING RESERVE FUNDS IN COMMON INTEREST OWNERSHIP COMMUNITIES.,To require that the executive board of any common interest ownership community perform an annual study of the association's funds in reserve and to make recommendations concerning the allocation of funds to such reserves.,"Sen. Martin M. Looney, 11th Dist.; ",(HSG),ftp://ftp.cga.ct.gov/2024/cbs/s/SB-0144.HTM,https://www.cga.ct.gov/2024/TOB/s/pdf/2024SB-00144-R00-SB.pdf
SB-0145.HTM,2024,Raised Bill,Housing Committee,AN ACT APPROPRIATING FUNDS FOR THE HOMELESS RESPONSE SYSTEM.,"To (1) appropriate funds for certain homelessness and housing programs, and (2) require the Commissioners of Housing and Mental Health and Addiction Services to submit a report on the expenditure of such funds.","Rep. David Michel, 146th Dist.; Sen. Saud Anwar, 3rd Dist.; Rep. Kadeem Roberts, 137th Dist.; Rep. Gary A. Turco, 27th Dist.; Rep. Kai J. Belton, 100th Dist.; Rep. Anthony L. Nolan, 39th Dist.; Rep. Maryam Khan, 5th Dist.; Sen. MD Rahman, 4th Dist.; Sen. Herron Gaston, 23rd Dist.; ",(HSG),ftp://ftp.cga.ct.gov/2024/cbs/s/SB-0145.HTM,https://www.cga.ct.gov/2024/TOB/s/pdf/2024SB-00145-R00-SB.pdf
SB-0146.HTM,2024,Raised Bill,Housing Committee,AN ACT CONCERNING THE ADMINISTRATION OF THE RENTAL ASSISTANCE PROGRAM AND OTHER HOUSING VOUCHER PROGRAMS.,"To modify the rental assistance program to (1) increase the effective duration of rental assistance program certificates, (2) reduce eligible unit inspection periods, (3) require that program payments to landlords begin within ten days of the commencement of a qualifying tenancy, (4) provide for the electronic signature and electronic submission of all program documents, (5) create an online tool that allows interested parties to calculate housing authority payments under the program, (6) allow the Commissioner of Housing to adjust maximum rent levels for certain housing assistance programs, and (7) notify prospective tenants of the portability of rental assistance program certificates and other housing vouchers.","Sen. Jan Hochadel, 13th Dist.; Sen. Julie Kushner, 24th Dist.; Rep. Travis Simms, 140th Dist.; ",(HSG),ftp://ftp.cga.ct.gov/2024/cbs/s/SB-0146.HTM,https://www.cga.ct.gov/2024/TOB/s/pdf/2024SB-00146-R00-SB.pdf
SB-0147.HTM,2024,Raised Bill,Housing Committee,AN ACT ESTABLISHING A TASK FORCE TO STUDY THE IMPLEMENTATION OF RENTAL SAVINGS ACCOUNTS.,To establish a task force to study the implementation of rental savings accounts.,,(HSG),ftp://ftp.cga.ct.gov/2024/cbs/s/SB-0147.HTM,https://www.cga.ct.gov/2024/TOB/s/pdf/2024SB-00147-R00-SB.pdf
SB-0148.HTM,2024,Raised Bill,Planning and Development Committee,AN ACT MAKING CERTAIN TERMS IN ELECTRONIC BOOK AND DIGITAL AUDIOBOOK LICENSE AGREEMENTS OR CONTRACTS UNENFORCEABLE.,To prohibit publishers of electronic books and digital audiobooks from including certain restrictions in contracts or license agreements with libraries in the state.,"Rep. David Michel, 146th Dist.; Rep. Tom Delnicki, 14th Dist.; Rep. Cristin McCarthy Vahey, 133rd Dist.; Rep. Jennifer Leeper, 132nd Dist.; Rep. Aundre Bumgardner, 41st Dist.; Sen. Saud Anwar, 3rd Dist.; Sen. Tony Hwang, 28th Dist.; Rep. Gary A. Turco, 27th Dist.; Rep. Matt Blumenthal, 147th Dist.; Rep. Eleni Kavros DeGraw, 17th Dist.; Rep. Sarah Keitt, 134th Dist.; Rep. Travis Simms, 140th Dist.; Rep. Frank Smith, 118th Dist.; Rep. Josh Elliott, 88th Dist.; Rep. Anne M. Hughes, 135th Dist.; Rep. Lucy Dathan, 142nd Dist.; Rep. Christine Palm, 36th Dist.; Rep. Rachel Khanna, 149th Dist.; Sen. Martha Marx, 20th Dist.; Rep. Joseph P. Gresko, 121st Dist.; Rep. Mary Welander, 114th Dist.; Rep. Amy Morrin Bello, 28th Dist.; Rep. William Heffernan, 115th Dist.; Rep. Hubert D. Delany, 144th Dist.; Rep. Kai J. Belton, 100th Dist.; Sen. Norman Needleman, 33rd Dist.; Rep. Michael D'Agostino, 91st Dist.; Rep. Juan R. Candelaria, 95th Dist.; Rep. Tracy Marra, 141st Dist.; Rep. Raghib Allie-Brennan, 2nd Dist.; Rep. Robin E. Comey, 102nd Dist.; Rep. Hector Arzeno, 151st Dist.; Sen. Christine Cohen, 12th Dist.; Rep. Kate Farrar, 20th Dist.; Rep. Christopher Poulos, 81st Dist.; Rep. John-Michael Parker, 101st Dist.; Rep. Stephen R Meskers, 150th Dist.; ",(PD),ftp://ftp.cga.ct.gov/2024/cbs/s/SB-0148.HTM,https://www.cga.ct.gov/2024/TOB/s/pdf/2024SB-00148-R00-SB.pdf
SB-0149.HTM,2024,Raised Bill,Planning and Development Committee,"AN ACT CONCERNING FORECLOSURE, ASSIGNMENT AND OTHER ENFORCEMENT ACTIONS FOR UNPAID SEWER ASSESSMENTS AND OTHER FEES AND CHARGES.","To prohibit foreclosure, assignment and other enforcement actions for unpaid sewer assessment and other fees and charges in the case of owner-occupied real property for which the principal of such unpaid assessments, fees and charges is less than four thousand dollars.","Sen. Saud Anwar, 3rd Dist.; Sen. Martin M. Looney, 11th Dist.; Rep. Antonio Felipe, 130th Dist.; Rep. Christopher Rosario, 128th Dist.; Sen. MD Rahman, 4th Dist.; ",(PD),ftp://ftp.cga.ct.gov/2024/cbs/s/SB-0149.HTM,https://www.cga.ct.gov/2024/TOB/s/pdf/2024SB-00149-R00-SB.pdf
SB-0150.HTM,2024,Raised Bill,Planning and Development Committee,AN ACT CONCERNING COMMUNITY INVESTMENT BOARDS AND NEIGHBORHOOD ASSISTANCE.,"To (1) require certain municipalities to establish community investment boards to identify priorities for the use of municipal revenue sharing grants, (2) require the Office of Policy and Management to accept proposals for solutions to problems specific to urban areas and establish pilot programs to implement such proposals, and (3) establish a task force to study issues concerning nonprofit providers.","Sen. Paul Cicarella, 34th Dist.; ",(PD),ftp://ftp.cga.ct.gov/2024/cbs/s/SB-0150.HTM,https://www.cga.ct.gov/2024/TOB/s/pdf/2024SB-00150-R00-SB.pdf
SB-0151.HTM,2024,Raised Bill,Planning and Development Committee,AN ACT CONCERNING THE WORKING GROUP TO STUDY THE IMPLEMENTATION OF FEDERAL TITLE IX PROTECTIONS FOR ALL MUNICIPAL RECREATION AREAS AND SCHOOL SPORTS FACILITIES.,To extend the report deadline for the working group to study the implementation of federal Title IX protections for all municipal recreation areas and school sports facilities.,"Rep. Eleni Kavros DeGraw, 17th Dist.; Rep. Joseph H. Zullo, 99th Dist.",(PD),ftp://ftp.cga.ct.gov/2024/cbs/s/SB-0151.HTM,https://www.cga.ct.gov/2024/TOB/s/pdf/2024SB-00151-R00-SB.pdf
SB-0152.HTM,2024,Raised Bill,Education Committee,AN ACT IMPLEMENTING THE RECOMMENDATIONS OF THE OFFICE OF EARLY CHILDHOOD.,To exclude those child care services providers that provide services to only school-age children from the requirement that they post a copy of the developmental milestones document; to include children under subsidized guardianship as part of the protective services category for the Care 4 Kids program; to replace state Care 4 Kids regulations with federal regulations and policies and procedures developed by the Commissioner of Early Childhood based on such federal regulations; and to require child care services providers to allow birth-to-three providers to deliver on-site services to certain children.,"Rep. Hubert D. Delany, 144th Dist.; ",(ED),ftp://ftp.cga.ct.gov/2024/cbs/s/SB-0152.HTM,https://www.cga.ct.gov/2024/TOB/s/pdf/2024SB-00152-R00-SB.pdf
SB-0153.HTM,2024,Raised Bill,Education Committee,AN ACT IMPLEMENTING THE RECOMMENDATIONS OF THE TECHNICAL EDUCATION AND CAREER SYSTEM.,"To (1) update references to obsolete committees to ""program advisory committee"", (2) remove an obsolete reference to the Department of Education, (3) allow allocation of funds for regional educational service centers to provide certain services, and (4) detail the programs offered by, and the special education duties of, the Technical Education and Career System.",,(ED),ftp://ftp.cga.ct.gov/2024/cbs/s/SB-0153.HTM,https://www.cga.ct.gov/2024/TOB/s/pdf/2024SB-00153-R00-SB.pdf
SB-0154.HTM,2024,Raised Bill,Education Committee,AN ACT CONCERNING VARIOUS AND ASSORTED REVISIONS TO THE EDUCATION STATUTES.,To require the Department of Education to study schools.,"Sen. Tony Hwang, 28th Dist.; Rep. Farley Santos, 109th Dist.; Rep. Matt Blumenthal, 147th Dist.; Sen. Eric C. Berthel, 32nd Dist.",(ED),ftp://ftp.cga.ct.gov/2024/cbs/s/SB-0154.HTM,https://www.cga.ct.gov/2024/TOB/s/pdf/2024SB-00154-R00-SB.pdf
SB-0155.HTM,2024,Proposed Bill,"SEN. SAUD ANWAR, 3rd DIST.",AN ACT CONCERNING THE USE OF TOBACCO SETTLEMENT FUNDS.,To authorize the use of twenty-two million seven hundred thousand dollars in tobacco settlement funds for tobacco prevention programs.,"Rep. Craig C. Fishbein, 90th Dist.; Sen. Jeff Gordon, 35th Dist.; Rep. Gary A. Turco, 27th Dist.; Rep. Cindy Harrison, 69th Dist.; Rep. Nicole Klarides-Ditria, 105th Dist.; Rep. Mary M. Mushinsky, 85th Dist.; Rep. Aimee Berger-Girvalo, 111th Dist.; Rep. Mike Demicco, 21st Dist.; Rep. Kathy Kennedy, 119th Dist.; Rep. Lucy Dathan, 142nd Dist.; Sen. Julie Kushner, 24th Dist.; Rep. Tammy Nuccio, 53rd Dist.","SEN. ANWAR, 3rd Dist.",ftp://ftp.cga.ct.gov/2024/cbs/s/SB-0155.HTM,https://www.cga.ct.gov/2024/TOB/s/pdf/2024SB-00155-R00-SB.pdf
SB-0156.HTM,2024,Raised Bill,Aging Committee,AN ACT ESTABLISHING A TASK FORCE TO STUDY REQUIRING NURSING HOMES TO SPEND A PERCENTAGE OF MEDICAID REIMBURSEMENT OR TOTAL REVENUE ON DIRECT CARE OF NURSING HOME RESIDENTS.,To require nursing home facilities to spend at least eighty per cent of Medicaid funding provided by the state on direct care.,"Sen. Martin M. Looney, 11th Dist.; Sen. Saud Anwar, 3rd Dist.; Sen. Martha Marx, 20th Dist.; Sen. Jan Hochadel, 13th Dist.; Rep. Jane M. Garibay, 60th Dist.; Sen. Herron Gaston, 23rd Dist.; Rep. Anthony L. Nolan, 39th Dist.; Sen. Julie Kushner, 24th Dist.",(AGE),ftp://ftp.cga.ct.gov/2024/cbs/s/SB-0156.HTM,https://www.cga.ct.gov/2024/TOB/s/pdf/2024SB-00156-R00-SB.pdf
SB-0157.HTM,2024,Raised Bill,Commerce Committee,AN ACT CONCERNING A RESEARCH AND DEVELOPMENT EXPENSES TAX CREDIT FOR PASS-THROUGH ENTITIES.,To establish a tax credit for research and development expenses of pass-through entities.,"Rep. Jaime S. Foster, 57th Dist.; Rep. Christopher Poulos, 81st Dist.; Rep. Kerry S. Wood, 29th Dist.; ",(CE),ftp://ftp.cga.ct.gov/2024/cbs/s/SB-0157.HTM,https://www.cga.ct.gov/2024/TOB/s/pdf/2024SB-00157-R00-SB.pdf
SB-0158.HTM,2024,Raised Bill,Commerce Committee,AN ACT CONCERNING A STUDY OF THE EFFECT OF BACKGROUND CHECKS ON DEFENSE INDUSTRY EMPLOYMENT AND A STUDY OF STATE EMPLOYMENT OUTREACH EFFORTS.,"To require (1) the Labor Commissioner to study the impact that background checks have on employment opportunities within the state's defense industry, and (2) the Commissioner of Administrative Services to study outreach and marketing efforts related to state employment opportunities.",,(CE),ftp://ftp.cga.ct.gov/2024/cbs/s/SB-0158.HTM,https://www.cga.ct.gov/2024/TOB/s/pdf/2024SB-00158-R00-SB.pdf
SB-0159.HTM,2024,Raised Bill,Commerce Committee,AN ACT ESTABLISHING A TASK FORCE TO STUDY THE FEASIBILITY OF DEVELOPING A MULTIMODAL TRANSPORTATION CENTER IN THE TOWNS OF STONINGTON AND GROTON.,To establish a task force to study the feasibility of developing a multimodal transportation center in the towns of Stonington and Groton.,"Sen. Heather S. Somers, 18th Dist.; Rep. Aundre Bumgardner, 41st Dist.",(CE),ftp://ftp.cga.ct.gov/2024/cbs/s/SB-0159.HTM,https://www.cga.ct.gov/2024/TOB/s/pdf/2024SB-00159-R00-SB.pdf
SB-0160.HTM,2024,Raised Bill,Commerce Committee,"AN ACT CONCERNING THE LEARN HERE, LIVE HERE PROGRAM.","To: (1) Require the Commissioner of Economic and Community Development to establish the Learn Here, Live Here program; (2) increase the annual expenditure on such program to not more than five million dollars; and (3) make such program available to individuals whose annual federal adjusted gross income is not more than seventy-five thousand dollars.","Rep. Jaime S. Foster, 57th Dist.; ",(CE),ftp://ftp.cga.ct.gov/2024/cbs/s/SB-0160.HTM,https://www.cga.ct.gov/2024/TOB/s/pdf/2024SB-00160-R00-SB.pdf
SB-0161.HTM,2024,Proposed Bill,"SEN. SAUD ANWAR, 3rd DIST.","AN ACT AUTHORIZING BONDS OF THE STATE FOR GRANTS-IN-AID TO HOME HEALTH AGENCIES TO PURCHASE SAFETY, TRACKING AND COMMUNICATIONS DEVICES.","To provide funding to home health agencies to purchase safety, tracking and communications devices to improve communication with and protect home care workers.",,"SEN. ANWAR, 3rd Dist.",ftp://ftp.cga.ct.gov/2024/cbs/s/SB-0161.HTM,https://www.cga.ct.gov/2024/TOB/s/pdf/2024SB-00161-R00-SB.pdf
SB-0162.HTM,2024,Proposed Bill,"SEN. SAUD ANWAR, 3rd DIST.",AN ACT ESTABLISHING TAX INCENTIVES TO SUPPORT PRESCRIPTION DRUG COMPOUNDING.,To offer tax incentives to pharmaceutical manufacturers and sterile compounding pharmacies that manufacture and compound essential drugs in this state.,,"SEN. ANWAR, 3rd Dist.",ftp://ftp.cga.ct.gov/2024/cbs/s/SB-0162.HTM,https://www.cga.ct.gov/2024/TOB/s/pdf/2024SB-00162-R00-SB.pdf
SB-0163.HTM,2024,Proposed Bill,"SEN. SAUD ANWAR, 3rd DIST.","AN ACT AUTHORIZING BONDS OF THE STATE FOR GRANTS-IN-AID TO HOME HEALTH AGENCIES TO PURCHASE SAFETY, TRACKING AND COMMUNICATIONS DEVICES.","To provide funding to home health agencies to purchase safety, tracking and communications devices to improve communication with and protect home care workers.",,"SEN. ANWAR, 3rd Dist.",ftp://ftp.cga.ct.gov/2024/cbs/s/SB-0163.HTM,https://www.cga.ct.gov/2024/TOB/s/pdf/2024SB-00163-R00-SB.pdf
SB-0164.HTM,2024,Proposed Bill,"SEN. SAUD ANWAR, 3rd DIST.",AN ACT AUTHORIZING BONDS OF THE STATE FOR REVITALIZATION OF THE JOHN J. MITCHELL FAIRGROUNDS IN SOUTH WINDSOR.,"To provide funding to the town of South Windsor to revitalize the John J. Mitchell Fairgrounds in South Windsor, including development of an event space for the community, installation of utilities and construction of a pavilion.","Rep. Tom Delnicki, 14th Dist.; ","SEN. ANWAR, 3rd Dist.",ftp://ftp.cga.ct.gov/2024/cbs/s/SB-0164.HTM,https://www.cga.ct.gov/2024/TOB/s/pdf/2024SB-00164-R00-SB.pdf
SB-0165.HTM,2024,Proposed Bill,"SEN. SAUD ANWAR, 3rd DIST.",AN ACT ESTABLISHING A PERSONAL INCOME TAX DEDUCTION FOR CERTAIN LONG-TERM CARE INSURANCE POLICYHOLDERS.,To establish a personal income tax deduction for individual long-term care insurance policyholders for whom the premium rate for such policy increased by more than five per cent in a taxable year.,"Rep. Joseph P. Gresko, 121st Dist.; Rep. Christine Palm, 36th Dist.","SEN. ANWAR, 3rd Dist.",ftp://ftp.cga.ct.gov/2024/cbs/s/SB-0165.HTM,https://www.cga.ct.gov/2024/TOB/s/pdf/2024SB-00165-R00-SB.pdf
SB-0166.HTM,2024,Proposed Bill,"SEN. SAUD ANWAR, 3rd DIST.",AN ACT REDUCING THE INITIAL LICENSING FEE FOR HEALTH CARE PROFESSIONALS BY TWENTY PER CENT.,To reduce the initial licensing fee for health care professionals by twenty per cent.,,"SEN. ANWAR, 3rd Dist.",ftp://ftp.cga.ct.gov/2024/cbs/s/SB-0166.HTM,https://www.cga.ct.gov/2024/TOB/s/pdf/2024SB-00166-R00-SB.pdf
SB-0167.HTM,2024,Proposed Bill,"SEN. CATHERINE A. OSTEN, 19th DIST.",AN ACT AUTHORIZING BONDS OF THE STATE FOR A SEWER PROJECT IN THE TOWN OF SPRAGUE.,To provide funding for the replacement of sewer lines in the village of Hanover in the town of Sprague.,,"SEN. OSTEN, 19th Dist.",ftp://ftp.cga.ct.gov/2024/cbs/s/SB-0167.HTM,https://www.cga.ct.gov/2024/TOB/s/pdf/2024SB-00167-R00-SB.pdf
SB-0168.HTM,2024,Proposed Bill,"SEN. CATHERINE A. OSTEN, 19th DIST.",AN ACT AUTHORIZING BONDS OF THE STATE FOR UPGRADES AND RENOVATIONS TO THE PLAYGROUND AT FRANKLIN ELEMENTARY SCHOOL IN THE TOWN OF FRANKLIN.,To provide funding for upgrades and renovations to the playground at Franklin Elementary School in the town of Franklin.,,"SEN. OSTEN, 19th Dist.",ftp://ftp.cga.ct.gov/2024/cbs/s/SB-0168.HTM,https://www.cga.ct.gov/2024/TOB/s/pdf/2024SB-00168-R00-SB.pdf
SB-0169.HTM,2024,Proposed Bill,"SEN. CATHERINE A. OSTEN, 19th DIST.",AN ACT AUTHORIZING BONDS OF THE STATE FOR ROOF REPLACEMENT AND OTHER INFRASTRUCTURE IMPROVEMENTS AND CONSTRUCTION AT ST. JOSEPH SCHOOL IN SPRAGUE.,To provide funding to St. Joseph School in the Baltic section of Sprague for roof replacement and other infrastructure improvements and construction.,,"SEN. OSTEN, 19th Dist.",ftp://ftp.cga.ct.gov/2024/cbs/s/SB-0169.HTM,https://www.cga.ct.gov/2024/TOB/s/pdf/2024SB-00169-R00-SB.pdf
SB-0170.HTM,2024,Proposed Bill,"SEN. CATHERINE A. OSTEN, 19th DIST.",AN ACT AUTHORIZING BONDS OF THE STATE FOR IMPROVEMENTS TO THE ATHLETIC FIELDS AT RHAM HIGH SCHOOL IN HEBRON.,To provide funding for renovations and upgrades to the athletic fields at RHAM High School in Hebron.,,"SEN. OSTEN, 19th Dist.",ftp://ftp.cga.ct.gov/2024/cbs/s/SB-0170.HTM,https://www.cga.ct.gov/2024/TOB/s/pdf/2024SB-00170-R00-SB.pdf
SB-0171.HTM,2024,Proposed Bill,"SEN. CATHERINE A. OSTEN, 19th DIST.",AN ACT AUTHORIZING BONDS OF THE STATE FOR BROWNFIELD REMEDIATION AT A SITE IN THE TOWN OF LISBON.,To provide funding to remediate a brownfield site in the town of Lisbon.,,"SEN. OSTEN, 19th Dist.",ftp://ftp.cga.ct.gov/2024/cbs/s/SB-0171.HTM,https://www.cga.ct.gov/2024/TOB/s/pdf/2024SB-00171-R00-SB.pdf
SB-0172.HTM,2024,Proposed Bill,"SEN. CATHERINE A. OSTEN, 19th DIST.REP. DERELL WILSON, 46th DIST.REP. KEVIN RYAN, 139th DIST.",AN ACT AUTHORIZING BONDS OF THE STATE FOR INFRASTRUCTURE REPAIRS TO THE FIRST CONGREGATIONAL CHURCH OF NORWICH.,To provide funding for infrastructure repairs to First Congregational Church of Norwich.,,"SEN. OSTEN, 19th Dist. ; REP. WILSON, 46th Dist. ; REP. RYAN, 139th Dist.",ftp://ftp.cga.ct.gov/2024/cbs/s/SB-0172.HTM,https://www.cga.ct.gov/2024/TOB/s/pdf/2024SB-00172-R00-SB.pdf
SB-0173.HTM,2024,Proposed Bill,"SEN. CATHERINE A. OSTEN, 19th DIST.REP. DERELL WILSON, 46th DIST.REP. KEVIN RYAN, 139th DIST.",AN ACT AUTHORIZING BONDS OF THE STATE FOR IMPROVEMENTS TO THE FACILITIES OF VFW POST 594 IN THE CITY OF NORWICH.,To provide funding for improvements to the facilities of VFW Post 594 in the city of Norwich.,,"SEN. OSTEN, 19th Dist. ; REP. WILSON, 46th Dist. ; REP. RYAN, 139th Dist.",ftp://ftp.cga.ct.gov/2024/cbs/s/SB-0173.HTM,https://www.cga.ct.gov/2024/TOB/s/pdf/2024SB-00173-R00-SB.pdf
SB-0174.HTM,2024,Proposed Bill,"SEN. CATHERINE A. OSTEN, 19th DIST.REP. DERELL WILSON, 46th DIST.REP. KEVIN RYAN, 139th DIST.",AN ACT AUTHORIZING BONDS OF THE STATE FOR RENOVATIONS AND UPGRADES TO THE GREENVILLE FIRE STATION IN NORWICH.,To provide funding for renovations and upgrades to the Greenville Fire Station in Norwich.,,"SEN. OSTEN, 19th Dist. ; REP. WILSON, 46th Dist. ; REP. RYAN, 139th Dist.",ftp://ftp.cga.ct.gov/2024/cbs/s/SB-0174.HTM,https://www.cga.ct.gov/2024/TOB/s/pdf/2024SB-00174-R00-SB.pdf
SB-0175.HTM,2024,Proposed Bill,Public Health Committee,AN ACT CONCERNING FUNDS FOR THE RARE DISEASE ADVISORY COUNCIL.,To fund operations of the Rare Disease Advisory Council.,"Sen. Saud Anwar, 3rd Dist.; Rep. Mitch Bolinsky, 106th Dist.; Rep. Gary A. Turco, 27th Dist.; Sen. Jeff Gordon, 35th Dist.","SEN. ANWAR, 3rd Dist.",ftp://ftp.cga.ct.gov/2024/cbs/s/SB-0175.HTM,https://www.cga.ct.gov/2024/TOB/s/pdf/2024SB-00175-R00-SB.pdf
SB-0176.HTM,2024,Raised Bill,Public Health Committee,AN ACT REQUIRING A PLAN TO ESTABLISH A HOSPICE AND PALLIATIVE CARE PROGRAM FOR CHILDREN.,To require the Department of Public Health to develop a plan to establish a hospice program for children in the state.,"Sen. Saud Anwar, 3rd Dist.; Rep. Craig C. Fishbein, 90th Dist.; Rep. Nicole Klarides-Ditria, 105th Dist.; Sen. Jeff Gordon, 35th Dist.",(PH),ftp://ftp.cga.ct.gov/2024/cbs/s/SB-0176.HTM,https://www.cga.ct.gov/2024/TOB/s/pdf/2024SB-00176-R00-SB.pdf
SB-0177.HTM,2024,Raised Bill,Public Health Committee,AN ACT AUTHORIZING NATUROPATHIC PHYSICIANS TO PRESCRIBE MEDICATION.,To authorize naturopathic physicians to prescribe medication.,,(PH),ftp://ftp.cga.ct.gov/2024/cbs/s/SB-0177.HTM,https://www.cga.ct.gov/2024/TOB/s/pdf/2024SB-00177-R00-SB.pdf
SB-0178.HTM,2024,Raised Bill,Public Health Committee,"AN ACT REQUIRING THE EDUCATION AND TRAINING OF BARBERS, HAIRDRESSERS AND COSMETICIANS TO INCLUDE WORKING WITH TEXTURED HAIR.","To require the education and training of barbers, hairdressers and cosmeticians to include working with textured hair.","Sen. Patricia Billie Miller, 27th Dist.; Rep. Fred Gee, 126th Dist.; Rep. Emmanuel Sanchez, 24th Dist.; Rep. James Sanchez, 6th Dist.; Rep. Aundre Bumgardner, 41st Dist.; Rep. David Michel, 146th Dist.; Rep. Geraldo C. Reyes, 75th Dist.; Rep. Derell Wilson, 46th Dist.; Rep. Hubert D. Delany, 144th Dist.; Rep. Matt Blumenthal, 147th Dist.",(PH),ftp://ftp.cga.ct.gov/2024/cbs/s/SB-0178.HTM,https://www.cga.ct.gov/2024/TOB/s/pdf/2024SB-00178-R00-SB.pdf
SB-0179.HTM,2024,Raised Bill,Public Health Committee,AN ACT CONCERNING RATES FOR AMBULANCE AND PARAMEDIC SERVICES.,To change the maximum allowable rate for the conveyance and treatment of patients by licensed ambulance services and invalid coaches and emergency services rates for certified ambulance services and paramedic intercept services to a rate schedule accepted by providers and require insurance coverage for such services pursuant to such rate schedule.,"Sen. Saud Anwar, 3rd Dist.; Rep. Anthony L. Nolan, 39th Dist.; Sen. Jeff Gordon, 35th Dist.; Rep. Anne M. Hughes, 135th Dist.",(PH),ftp://ftp.cga.ct.gov/2024/cbs/s/SB-0179.HTM,https://www.cga.ct.gov/2024/TOB/s/pdf/2024SB-00179-R00-SB.pdf
SB-0180.HTM,2024,Raised Bill,Public Health Committee,AN ACT CONCERNING ADVERSE DETERMINATION AND UTILIZATION REVIEWS.,"To (1) redefine ""clinical peer"" for the purposes of adverse determination and utilization reviews; (2) require health carriers to bear the burden of proving that certain health care services under adverse determination or utilization review are not medically necessary; and (3) require health carriers to provide certain clinical peers with authority to reverse initial adverse determinations.","Sen. Martin M. Looney, 11th Dist.; Sen. Jeff Gordon, 35th Dist.; Sen. Saud Anwar, 3rd Dist.; Sen. Julie Kushner, 24th Dist.; Sen. Rick Lopes, 6th Dist.; ",(PH),ftp://ftp.cga.ct.gov/2024/cbs/s/SB-0180.HTM,https://www.cga.ct.gov/2024/TOB/s/pdf/2024SB-00180-R00-SB.pdf
SB-0181.HTM,2024,Raised Bill,Public Health Committee,AN ACT CONCERNING EMERGENCY DEPARTMENT CROWDING.,To require the Commissioner of Public Health to report data regarding emergency department crowding.,"Sen. Saud Anwar, 3rd Dist.; Sen. Christine Cohen, 12th Dist.; Sen. Jeff Gordon, 35th Dist.; Rep. Jaime S. Foster, 57th Dist.; Rep. Jonathan Steinberg, 136th Dist.; Sen. Kevin C. Kelly, 21st Dist.; Rep. Robin E. Comey, 102nd Dist.; Rep. Kathy Kennedy, 119th Dist.",(PH),ftp://ftp.cga.ct.gov/2024/cbs/s/SB-0181.HTM,https://www.cga.ct.gov/2024/TOB/s/pdf/2024SB-00181-R00-SB.pdf
SB-0182.HTM,2024,Raised Bill,Public Health Committee,"AN ACT PROHIBITING CERTAIN HEALTH CARRIERS FROM REQUIRING STEP THERAPY FOR PRESCRIPTION DRUGS USED TO TREAT A MENTAL OR BEHAVIORAL HEALTH CONDITION OR A CHRONIC, DISABLING OR LIFE-THREATENING CONDITION.","To prohibit certain health carriers from requiring step therapy for prescription drugs used to treat a mental or behavioral health condition or a chronic, disabling or life-threatening condition.","Sen. Jeff Gordon, 35th Dist.; Sen. Martin M. Looney, 11th Dist.; Sen. Heather S. Somers, 18th Dist.; Rep. Gary A. Turco, 27th Dist.; Rep. Anne M. Hughes, 135th Dist.; Rep. Amy Morrin Bello, 28th Dist.; Sen. Derek Slap, 5th Dist.; ",(PH),ftp://ftp.cga.ct.gov/2024/cbs/s/SB-0182.HTM,https://www.cga.ct.gov/2024/TOB/s/pdf/2024SB-00182-R00-SB.pdf
SB-0183.HTM,2024,Raised Bill,Transportation Committee,"AN ACT IMPLEMENTING THE RECOMMENDATIONS OF THE DEPARTMENT OF MOTOR VEHICLES AND CONCERNING LOW-SPEED VEHICLES, THE TOWING OF OCCUPIED VEHICLES, SCHOOL BUSES, ELECTRIC COMMERCIAL VEHICLES, THE PASSENGER REGISTRATION OF PICK-UP TRUCKS AND REMOVABLE WINDSHIELD PLACARDS FOR PERSONS WHO ARE BLIND AND PERSONS WITH DISABILITIES.","To implement the recommendations of the Department of Motor Vehicles regarding the electronic issuance of registration and certificates of title, transporter's registration, dealers, repairers, motor vehicle recyclers, drivers' schools, altered, composite, grey-market and salvage vehicles, school buses and minor revisions to the motor vehicle statutes.","Rep. Geraldo C. Reyes, 75th Dist.; Sen. Tony Hwang, 28th Dist.; Rep. Laura Dancho, 120th Dist.; Rep. Kathy Kennedy, 119th Dist.",(TRA),ftp://ftp.cga.ct.gov/2024/cbs/s/SB-0183.HTM,https://www.cga.ct.gov/2024/TOB/s/pdf/2024SB-00183-R00-SB.pdf
SB-0184.HTM,2024,Raised Bill,Transportation Committee,AN ACT CONCERNING THE RENTING OR LEASING OF PASSENGER MOTOR VEHICLES.,"To (1) prohibit a car rental company from requiring an additional driver to provide a credit card to such company as a condition to renting a passenger motor vehicle, provided the lessee provides a credit card or debit card, and (2) limit the amount that a car rental company may recover for the loss of use of a rented vehicle from a lessee.","Sen. Patricia Billie Miller, 27th Dist.; Sen. Tony Hwang, 28th Dist.; Rep. Farley Santos, 109th Dist.; Rep. Hector Arzeno, 151st Dist.; Rep. Robyn A. Porter, 94th Dist.; Sen. Eric C. Berthel, 32nd Dist.",(TRA),ftp://ftp.cga.ct.gov/2024/cbs/s/SB-0184.HTM,https://www.cga.ct.gov/2024/TOB/s/pdf/2024SB-00184-R00-SB.pdf
SB-0185.HTM,2024,Raised Bill,Transportation Committee,AN ACT CONCERNING SCHOOL BUSES EQUIPPED WITH SEAT SAFETY BELTS.,To reinstate the program to offset a portion of the sales tax on the purchase of school buses equipped with seat safety belts.,,(TRA),ftp://ftp.cga.ct.gov/2024/cbs/s/SB-0185.HTM,https://www.cga.ct.gov/2024/TOB/s/pdf/2024SB-00185-R00-SB.pdf
SB-0186.HTM,2024,Raised Bill,Transportation Committee,AN ACT ESTABLISHING WEIGHT TOLERANCE EXEMPTIONS FOR ELECTRIC COMMERCIAL VEHICLES AND CONCERNING THE REGISTRATION OF CERTAIN PICK-UP TRUCKS.,"To (1) grant electric commercial vehicles a weight tolerance exemption of two thousand pounds from statutory weight limits, and (2) issue passenger registration to pick-up trucks with a gross vehicle rating of eight thousand five hundred fifty pounds or less that are not used in part for commercial purposes.","Rep. David Michel, 146th Dist.; Rep. Anne M. Hughes, 135th Dist.",(TRA),ftp://ftp.cga.ct.gov/2024/cbs/s/SB-0186.HTM,https://www.cga.ct.gov/2024/TOB/s/pdf/2024SB-00186-R00-SB.pdf
SB-0187.HTM,2024,Raised Bill,Banking Committee,AN ACT CONCERNING CONSUMER CREDIT.,"To: (1) Require cancellations of surety bonds filed in connection with mortgage lender, mortgage correspondent lender, mortgage broker, money transmission, debt adjustment, debt negotiation, mortgage servicer and consumer collection agency licenses to be submitted electronically; (2) revise procedures regarding changes to the legal names of mortgage lender, mortgage correspondent lender, mortgage broker, money transmission, debt adjustment, debt negotiation, mortgage servicer and consumer collection agency licensees; (3) redefine ""sales finance company""; (4) establish procedures for registering as an exempt mortgage servicer; (5) define ""balance due under the contract""; (6) establish limitations on actual and reasonable expenses in repossessions; (7) establish requirements regarding private student education loan cosigner releases; (8) establish enforcement authority regarding registrants; (9) prohibit receiving fees in connection with small loans without a license; (10) redefine ""mortgage servicer""; (11) redefine ""servicing""; and (12) establish requirements regarding timelines and fees for registrants that are exempt from licensing as a mortgage lender, mortgage correspondent lender or mortgage broker.",,(BA),ftp://ftp.cga.ct.gov/2024/cbs/s/SB-0187.HTM,https://www.cga.ct.gov/2024/TOB/s/pdf/2024SB-00187-R00-SB.pdf
SB-0188.HTM,2024,Raised Bill,Banking Committee,AN ACT REQUIRING CONNECTICUT BANKS TO LIST ALL ACCOUNT HOLDERS OR OWNERS ON PERIODIC STATEMENTS.,To require Connecticut banks to list all holders or owners of a deposit account on periodic statements.,,(BA),ftp://ftp.cga.ct.gov/2024/cbs/s/SB-0188.HTM,https://www.cga.ct.gov/2024/TOB/s/pdf/2024SB-00188-R00-SB.pdf
SB-0189.HTM,2024,Raised Bill,Environment Committee,AN ACT CONCERNING THE ISSUANCE OF PERMITS BY THE DEPARTMENT OF ENERGY AND ENVIRONMENTAL PROTECTION.,To establish a ninety-day limitation for permit issuance decisions by the Department of Energy and Environmental Protection.,"Rep. Craig C. Fishbein, 90th Dist.; ",(ENV),ftp://ftp.cga.ct.gov/2024/cbs/s/SB-0189.HTM,https://www.cga.ct.gov/2024/TOB/s/pdf/2024SB-00189-R00-SB.pdf
SB-0190.HTM,2024,Raised Bill,Environment Committee,AN ACT CONCERNING THE USE OF NEONICOTINOIDS.,To prohibit the nonagricultural use of neonicotinoids.,"Rep. David Michel, 146th Dist.; Rep. Mitch Bolinsky, 106th Dist.; Rep. Joseph P. Gresko, 121st Dist.; Rep. Lucy Dathan, 142nd Dist.; Rep. Christine Palm, 36th Dist.; Rep. Keith Denning, 42nd Dist.; Sen. Jan Hochadel, 13th Dist.; Rep. Patricia A. Dillon, 92nd Dist.; Rep. Hector Arzeno, 151st Dist.; Sen. Julie Kushner, 24th Dist.; Rep. Eleni Kavros DeGraw, 17th Dist.; Rep. Anne M. Hughes, 135th Dist.",(ENV),ftp://ftp.cga.ct.gov/2024/cbs/s/SB-0190.HTM,https://www.cga.ct.gov/2024/TOB/s/pdf/2024SB-00190-R00-SB.pdf
SB-0191.HTM,2024,Raised Bill,Environment Committee,AN ACT CONCERNING FOOD SCRAP DIVERSION FROM THE SOLID WASTE STREAM AND THE REDEMPTION OF OUT-OF-STATE BEVERAGE CONTAINERS.,To require the diversion of food scraps from the solid waste stream and prohibit the redemption of out-of-state beverage containers.,"Sen. Tony Hwang, 28th Dist.; Rep. Christine Palm, 36th Dist.; Rep. Kerry S. Wood, 29th Dist.; Rep. Amy Morrin Bello, 28th Dist.; Sen. Jan Hochadel, 13th Dist.; Rep. Mary M. Mushinsky, 85th Dist.; Rep. Aundre Bumgardner, 41st Dist.; Rep. Juan R. Candelaria, 95th Dist.; Rep. Kevin Ryan, 139th Dist.; Rep. Hector Arzeno, 151st Dist.; Rep. Joseph P. Gresko, 121st Dist.; Rep. Aimee Berger-Girvalo, 111th Dist.; Rep. Geraldo C. Reyes, 75th Dist.; Rep. Rachel Khanna, 149th Dist.; Sen. Julie Kushner, 24th Dist.; Rep. Eleni Kavros DeGraw, 17th Dist.; Rep. Brandon Chafee, 33rd Dist.; Rep. Susan M. Johnson, 49th Dist.; Rep. David Michel, 146th Dist.; Rep. Anne M. Hughes, 135th Dist.; Sen. Martha Marx, 20th Dist.; Rep. Gary A. Turco, 27th Dist.; Rep. Bobby G. Gibson, 15th Dist.; Rep. Dominique Johnson, 143rd Dist.; Rep. Keith Denning, 42nd Dist.; Rep. Moira Rader, 98th Dist.; Rep. Jason Doucette, 13th Dist.; Rep. Sarah Keitt, 134th Dist.; Sen. Ceci Maher, 26th Dist.; Rep. Josh Elliott, 88th Dist.; Rep. Robin E. Comey, 102nd Dist.; Rep. James Sanchez, 6th Dist.; Rep. Lucy Dathan, 142nd Dist.; Sen. Eric C. Berthel, 32nd Dist.",(ENV),ftp://ftp.cga.ct.gov/2024/cbs/s/SB-0191.HTM,https://www.cga.ct.gov/2024/TOB/s/pdf/2024SB-00191-R00-SB.pdf
SB-0192.HTM,2024,Raised Bill,Environment Committee,AN ACT CONCERNING DAM SAFETY.,To enable the Department of Energy and Environmental Protection to more readily take action to protect the public safety when a dam poses an imminent risk.,"Sen. Jan Hochadel, 13th Dist.; Rep. Joseph P. Gresko, 121st Dist.; Rep. Hector Arzeno, 151st Dist.; Rep. Rachel Khanna, 149th Dist.; Rep. Sarah Keitt, 134th Dist.; Sen. Ryan Fazio, 36th Dist.; Sen. Catherine A. Osten, 19th Dist.; Rep. Derell Wilson, 46th Dist.; Rep. Aundre Bumgardner, 41st Dist.; Rep. Devin R. Carney, 23rd Dist.; Rep. Robyn A. Porter, 94th Dist.; Rep. Cara Christine Pavalock-D'Amato, 77th Dist.; Rep. Kara Rochelle, 104th Dist.; Rep. Anne Dauphinais, 44th Dist.",(ENV),ftp://ftp.cga.ct.gov/2024/cbs/s/SB-0192.HTM,https://www.cga.ct.gov/2024/TOB/s/pdf/2024SB-00192-R00-SB.pdf
SB-0193.HTM,2024,Raised Bill,Environment Committee,AN ACT REQUIRING LEGISLATIVE APPROVAL OF THE EVICTION OF FARMERS OPERATING ON CERTAIN STATE-OWNED PROPERTY.,To require legislative approval of the eviction of any farmer leasing property from either the Department of Energy and Environmental Protection or the Department of Agriculture.,"Sen. Jan Hochadel, 13th Dist.; Rep. Geraldo C. Reyes, 75th Dist.; Rep. Josh Elliott, 88th Dist.; ",(ENV),ftp://ftp.cga.ct.gov/2024/cbs/s/SB-0193.HTM,https://www.cga.ct.gov/2024/TOB/s/pdf/2024SB-00193-R00-SB.pdf
SB-0194.HTM,2024,Raised Bill,Environment Committee,AN ACT CONCERNING CERTAIN FARMING PROGRAMS OF THE DEPARTMENT OF AGRICULTURE.,To make minor revisions to certain farm-related programs of the Department of Agriculture.,"Sen. Eric C. Berthel, 32nd Dist.; ",(ENV),ftp://ftp.cga.ct.gov/2024/cbs/s/SB-0194.HTM,https://www.cga.ct.gov/2024/TOB/s/pdf/2024SB-00194-R00-SB.pdf
SB-0195.HTM,2024,Raised Bill,Environment Committee,AN ACT CONCERNING THE USE OF MAN-MADE STRUCTURES TO MARK THE COASTAL JURISDICTION LINE.,To authorize the use of man-made structures to mark the coastal jurisdiction line.,,(ENV),ftp://ftp.cga.ct.gov/2024/cbs/s/SB-0195.HTM,https://www.cga.ct.gov/2024/TOB/s/pdf/2024SB-00195-R00-SB.pdf
SB-0196.HTM,2024,Raised Bill,Environment Committee,AN ACT CONCERNING THE HARVESTING OF RABBITS FOR THE LOCAL FOOD SUPPLY.,To provide authority for the inspection and processing of rabbits in the state for the purpose of supplying local restaurants and consumers.,,(ENV),ftp://ftp.cga.ct.gov/2024/cbs/s/SB-0196.HTM,https://www.cga.ct.gov/2024/TOB/s/pdf/2024SB-00196-R00-SB.pdf
SB-0197.HTM,2024,Raised Bill,Environment Committee,AN ACT CONCERNING THE AVAILABILITY OF CERTAIN BUTCHER OPERATIONS WITHIN THE STATE.,To provide for meat processing operations for farmers in the state.,"Sen. John A. Kissel, 7th Dist.; Rep. Mitch Bolinsky, 106th Dist.; Sen. Jan Hochadel, 13th Dist.; Rep. Aundre Bumgardner, 41st Dist.; Rep. Martin Foncello, 107th Dist.; ",(ENV),ftp://ftp.cga.ct.gov/2024/cbs/s/SB-0197.HTM,https://www.cga.ct.gov/2024/TOB/s/pdf/2024SB-00197-R00-SB.pdf
SB-0198.HTM,2024,Raised Bill,Environment Committee,AN ACT ESTABLISHING LOCAL REPRESENTATION ON THE CONNECTICUT SITING COUNCIL FOR LOCAL PROJECTS.,To establish local representation on the Connecticut Siting Council.,"Rep. Craig C. Fishbein, 90th Dist.; Sen. Tony Hwang, 28th Dist.; Rep. Aundre Bumgardner, 41st Dist.; Rep. Tom Delnicki, 14th Dist.; Rep. Geraldo C. Reyes, 75th Dist.; Rep. Jason Doucette, 13th Dist.; Rep. Robyn A. Porter, 94th Dist.; ",(ENV),ftp://ftp.cga.ct.gov/2024/cbs/s/SB-0198.HTM,https://www.cga.ct.gov/2024/TOB/s/pdf/2024SB-00198-R00-SB.pdf
SB-0199.HTM,2024,Raised Bill,General Law Committee,AN ACT REQUIRING ONLINE PREVENTION EDUCATION FOR ELECTRONIC NICOTINE DELIVERY SYSTEM DEALER REGISTRATION.,"To require the Department of Mental Health and Addiction Services to establish and administer, and the authorized owner of an applicant for an electronic nicotine delivery system dealer registration to successfully complete, an online prevention education program.","Sen. John A. Kissel, 7th Dist.; Rep. Eleni Kavros DeGraw, 17th Dist.; Rep. Matt Blumenthal, 147th Dist.; ",(GL),ftp://ftp.cga.ct.gov/2024/cbs/s/SB-0199.HTM,https://www.cga.ct.gov/2024/TOB/s/pdf/2024SB-00199-R00-SB.pdf
SB-0200.HTM,2024,Raised Bill,General Law Committee,"AN ACT CONCERNING SOCIAL EQUITY APPLICANTS, INFUSED BEVERAGES AND MODERATE-THC HEMP PRODUCTS.",To establish a task force to study consumer protection measures in this state.,,(GL),ftp://ftp.cga.ct.gov/2024/cbs/s/SB-0200.HTM,https://www.cga.ct.gov/2024/TOB/s/pdf/2024SB-00200-R00-SB.pdf
SB-0201.HTM,2024,Raised Bill,General Law Committee,AN ACT CONCERNING UNFAIR REAL ESTATE LISTING AGREEMENTS AND THE CONNECTICUT UNFAIR TRADE PRACTICES ACT.,"To: (1) Provide that no person doing business in this state shall advertise, display or offer any price in trade or commerce unless such price clearly and conspicuously discloses the total price; (2) prohibit unfair service agreements; (3) require certain service providers to record notice concerning certain service agreements; and (4) implement the Attorney General's recommendations concerning (A) the New Home Construction Guaranty Fund, and (B) the Connecticut Unfair Trade Practices Act.","Rep. Farley Santos, 109th Dist.; Rep. Irene M. Haines, 34th Dist.; Rep. William Pizzuto, 71st Dist.; Rep. Hubert D. Delany, 144th Dist.; Rep. Matt Blumenthal, 147th Dist.; Rep. Martin Foncello, 107th Dist.",(GL),ftp://ftp.cga.ct.gov/2024/cbs/s/SB-0201.HTM,https://www.cga.ct.gov/2024/TOB/s/pdf/2024SB-00201-R00-SB.pdf
SB-0202.HTM,2024,Raised Bill,General Law Committee,AN ACT CONCERNING THE DEPARTMENT OF CONSUMER PROTECTION'S RECOMMENDATIONS REGARDING PRESCRIPTION DRUG CONTROL.,"To: (1) Allow a licensed manufacturer or wholesaler to sell a hypodermic needle or syringe to an advanced practice registered nurse, optometrist or physician assistant; (2) redefine ""commissioner"", ""pharmaceutical manufacturer"" and ""pharmaceutical marketing firm"" for the purposes of various statutes concerning pharmaceutical marketing; (3) eliminate a requirement that the Department of Consumer Protection annually analyze certain information submitted to the department concerning pharmaceutical marketing; (4) extend the date by which the department is required to submit an annual report concerning pharmaceutical marketing; (5) eliminate an overlapping prohibition concerning automatic reciprocal discipline of pharmacists; (6) modify the actions the Commissioner of Consumer Protection may take following a violation of certain statutes concerning pharmaceutical marketing; (7) require certain practitioners that dispense, administer or prescribe controlled substances to make certain records available to the department; and (8) make minor, technical and conforming changes to various statutes concerning prescription drug control.","Sen. Kevin C. Kelly, 21st Dist.; Rep. Farley Santos, 109th Dist.; Rep. William Pizzuto, 71st Dist.; Rep. Hubert D. Delany, 144th Dist.; Rep. Martin Foncello, 107th Dist.; Rep. Matt Blumenthal, 147th Dist.",(GL),ftp://ftp.cga.ct.gov/2024/cbs/s/SB-0202.HTM,https://www.cga.ct.gov/2024/TOB/s/pdf/2024SB-00202-R00-SB.pdf
SB-0203.HTM,2024,Raised Bill,Higher Education and Employment Advancement Committee,AN ACT CONCERNING THE CONSIDERATION OF FAMILIAL RELATIONSHIP DURING THE ADMISSIONS PROCESS BY AN INSTITUTION OF HIGHER EDUCATION.,To prohibit consideration by an institution of higher education of a prospective student's familial relationship to a graduate of such institution during the admissions process.,"Sen. Saud Anwar, 3rd Dist.; ",(HED),ftp://ftp.cga.ct.gov/2024/cbs/s/SB-0203.HTM,https://www.cga.ct.gov/2024/TOB/s/pdf/2024SB-00203-R00-SB.pdf
SB-0204.HTM,2024,Raised Bill,Higher Education and Employment Advancement Committee,AN ACT EXPANDING THE DEBT-FREE COMMUNITY COLLEGE PROGRAM AND NAMING THE GRANTS AFTER MARY ANN HANDLEY.,"To expand the debt-free community college program to out-of-state high school graduates, name the awards granted under the program after Mary Ann Handley and change the reporting deadlines from March first and October first to November first and March first.","Sen. Saud Anwar, 3rd Dist.; Rep. Jason Doucette, 13th Dist.; Rep. Gregory Haddad, 54th Dist.; Rep. Gary A. Turco, 27th Dist.",(HED),ftp://ftp.cga.ct.gov/2024/cbs/s/SB-0204.HTM,https://www.cga.ct.gov/2024/TOB/s/pdf/2024SB-00204-R00-SB.pdf
SB-0205.HTM,2024,Raised Bill,Human Services Committee,AN ACT ELIMINATING INCOME AND ASSET LIMITS IN THE MED-CONNECT PROGRAM FOR EMPLOYEES WITH DISABILITIES.,To eliminate income and asset limits in a program providing Medicaid benefits for employees with disabilities.,"Sen. Martin M. Looney, 11th Dist.; Sen. Herron Gaston, 23rd Dist.; Sen. Matthew L. Lesser, 9th Dist.; ",(HS),ftp://ftp.cga.ct.gov/2024/cbs/s/SB-0205.HTM,https://www.cga.ct.gov/2024/TOB/s/pdf/2024SB-00205-R00-SB.pdf
SB-0206.HTM,2024,Raised Bill,Human Services Committee,AN ACT CONCERNING THE EXPANSION OF THE KATIE BECKETT WAIVER PROGRAM.,To expand the Katie Beckett waiver program.,"Sen. Saud Anwar, 3rd Dist.; Sen. Christine Cohen, 12th Dist.; Rep. Moira Rader, 98th Dist.; Sen. Martha Marx, 20th Dist.; Sen. Matthew L. Lesser, 9th Dist.; Rep. Geraldo C. Reyes, 75th Dist.; Rep. Michael D Quinn, 82nd Dist.; Sen. Martin M. Looney, 11th Dist.",(HS),ftp://ftp.cga.ct.gov/2024/cbs/s/SB-0206.HTM,https://www.cga.ct.gov/2024/TOB/s/pdf/2024SB-00206-R00-SB.pdf
SB-0207.HTM,2024,Raised Bill,Housing Committee,AN ACT CONCERNING HOUSING AUTHORITY JURISDICTION.,To allow a housing authority to expand its jurisdiction to include other municipalities.,"Sen. Martin M. Looney, 11th Dist.; Rep. Maryam Khan, 5th Dist.; Sen. Herron Gaston, 23rd Dist.; Rep. Robyn A. Porter, 94th Dist.",(HSG),ftp://ftp.cga.ct.gov/2024/cbs/s/SB-0207.HTM,https://www.cga.ct.gov/2024/TOB/s/pdf/2024SB-00207-R00-SB.pdf
SB-0208.HTM,2024,Raised Bill,Housing Committee,AN ACT REVISING A STATUTE CONCERNING HOUSING.,To make technical changes to a statute concerning housing.,,(HSG),ftp://ftp.cga.ct.gov/2024/cbs/s/SB-0208.HTM,https://www.cga.ct.gov/2024/TOB/s/pdf/2024SB-00208-R00-SB.pdf
SB-0209.HTM,2024,Raised Bill,Housing Committee,AN ACT CONCERNING NONRESIDENT LANDLORD REGISTRATION AND INCREASING PENALTIES FOR REPEAT BUILDING AND FIRE CODE VIOLATIONS.,"To (1) require certain nonresident landlords, project-based housing providers or agents in charge of rental properties to register certain personal identifying information, and (2) to increase penalties for repeat violations of building and fire codes.","Sen. Martin M. Looney, 11th Dist.; Rep. Maryam Khan, 5th Dist.; Rep. David Michel, 146th Dist.; Rep. Antonio Felipe, 130th Dist.; Sen. Jan Hochadel, 13th Dist.; Sen. Herron Gaston, 23rd Dist.",(HSG),ftp://ftp.cga.ct.gov/2024/cbs/s/SB-0209.HTM,https://www.cga.ct.gov/2024/TOB/s/pdf/2024SB-00209-R00-SB.pdf
SB-0210.HTM,2024,Raised Bill,Insurance and Real Estate Committee,"AN ACT CONCERNING A STATE-OPERATED REINSURANCE PROGRAM, HEALTH CARE COST GROWTH AND SITE OF SERVICE BILLING REQUIREMENTS.",To: (1) Implement a state-operated reinsurance program; (2) include hospitals in the health care cost growth and primary care spending target benchmark program administered by the Office of Health Strategy; and (3) require hospital-based facilities to submit such facility's national provider identifier and tax identification number with each claim for reimbursement.,,(INS),ftp://ftp.cga.ct.gov/2024/cbs/s/SB-0210.HTM,https://www.cga.ct.gov/2024/TOB/s/pdf/2024SB-00210-R00-SB.pdf
SB-0211.HTM,2024,Raised Bill,Insurance and Real Estate Committee,AN ACT CONCERNING HEALTH INSURANCE.,To require the Insurance Department to conduct a study concerning health insurance issues in the state.,,(INS),ftp://ftp.cga.ct.gov/2024/cbs/s/SB-0211.HTM,https://www.cga.ct.gov/2024/TOB/s/pdf/2024SB-00211-R00-SB.pdf
SB-0212.HTM,2024,Raised Bill,Judiciary Committee,AN ACT CONCERNING THE REVISOR'S TECHNICAL CORRECTIONS TO THE GENERAL STATUTES.,"To make various technical changes concerning grammar, clarity and accuracy of internal references and consistency in the general statutes.","Rep. Craig C. Fishbein, 90th Dist.; ",(JUD),ftp://ftp.cga.ct.gov/2024/cbs/s/SB-0212.HTM,https://www.cga.ct.gov/2024/TOB/s/pdf/2024SB-00212-R00-SB.pdf
SB-0213.HTM,2024,Raised Bill,Judiciary Committee,AN ACT CONCERNING THE REDUCTION OF ECONOMIC DAMAGES IN A PERSONAL INJURY OR WRONGFUL DEATH ACTION FOR COLLATERAL SOURCE PAYMENTS MADE ON BEHALF OF A CLAIMANT.,To permit a post-verdict collateral source reduction in damages in certain personal injury or wrongful death actions involving a right of subrogation.,,(JUD),ftp://ftp.cga.ct.gov/2024/cbs/s/SB-0213.HTM,https://www.cga.ct.gov/2024/TOB/s/pdf/2024SB-00213-R00-SB.pdf
SB-0214.HTM,2024,Raised Bill,Judiciary Committee,AN ACT CONSOLIDATING STATUTORY PROVISIONS RELATING TO REPRODUCTIVE HEALTH CARE SERVICES AND GENDER-AFFIRMING HEALTH CARE SERVICES.,To consolidate various provisions of the general statutes relating to reproductive health care services and gender-affirming health care services by incorporating existing statutory language concerning gender-affirming health care services into existing statutes concerning reproductive health care services.,,(JUD),ftp://ftp.cga.ct.gov/2024/cbs/s/SB-0214.HTM,https://www.cga.ct.gov/2024/TOB/s/pdf/2024SB-00214-R00-SB.pdf
SB-0215.HTM,2024,Raised Bill,Committee on Children,AN ACT CONCERNING YOUTH CAMPS.,"To impose requirements on how youth camps are inspected, to establish the Youth Camp Safety Advisory Council within the Office of Early Childhood, to require youth camps to submit annual reports and to permit the denial of a youth camp license if the applicant has had a license for a youth camp revoked in another state.","Rep. Kadeem Roberts, 137th Dist.; Rep. Henry J. Genga, 10th Dist.; Rep. Patrick S. Boyd, 50th Dist.; Sen. Lisa Seminara, 8th Dist.; Sen. John A. Kissel, 7th Dist.; Sen. Eric C. Berthel, 32nd Dist.",(KID),ftp://ftp.cga.ct.gov/2024/cbs/s/SB-0215.HTM,https://www.cga.ct.gov/2024/TOB/s/pdf/2024SB-00215-R00-SB.pdf
SB-0216.HTM,2024,Raised Bill,Committee on Children,AN ACT CONCERNING A STUDY REGARDING THE USE OF AN ONLINE SOFTWARE APPLICATION TO ADDRESS THE MENTAL HEALTH NEEDS OF STUDENTS.,To require the Department of Education to conduct a study of the feasibility of using an online mental health needs software application in schools.,,(KID),ftp://ftp.cga.ct.gov/2024/cbs/s/SB-0216.HTM,https://www.cga.ct.gov/2024/TOB/s/pdf/2024SB-00216-R00-SB.pdf
SB-0217.HTM,2024,Raised Bill,Committee on Children,AN ACT CONCERNING A UNIVERSAL PATIENT INTAKE FORM FOR RECIPIENTS OF BEHAVIORAL HEALTH SERVICES FOR CHILDREN.,To require providers of behavioral health services for children to utilize a universal patient intake form.,"Sen. Saud Anwar, 3rd Dist.; Sen. Martha Marx, 20th Dist.; Sen. Julie Kushner, 24th Dist.; Rep. Kai J. Belton, 100th Dist.; Sen. Patricia Billie Miller, 27th Dist.; ",(KID),ftp://ftp.cga.ct.gov/2024/cbs/s/SB-0217.HTM,https://www.cga.ct.gov/2024/TOB/s/pdf/2024SB-00217-R00-SB.pdf
SB-0218.HTM,2024,Raised Bill,Committee on Children,AN ACT ESTABLISHING TASK FORCES TO STUDY BEREAVEMENT AND GRIEF COUNSELING SERVICES AND SOCIAL ISOLATION AND LONELINESS.,To establish a task force to study the creation and administration of a state-wide program for the delivery of bereavement and grief counseling services to children and families.,"Rep. Kathleen M. McCarty, 38th Dist.; Rep. Tammy R. Exum, 19th Dist.",(KID),ftp://ftp.cga.ct.gov/2024/cbs/s/SB-0218.HTM,https://www.cga.ct.gov/2024/TOB/s/pdf/2024SB-00218-R00-SB.pdf
SB-0219.HTM,2024,Raised Bill,Labor and Public Employees Committee,AN ACT CONCERNING WORKING CONDITIONS.,To require the Labor Commissioner to adopt regulations regarding safe and equitable working conditions for all employees in the state.,,(LAB),ftp://ftp.cga.ct.gov/2024/cbs/s/SB-0219.HTM,https://www.cga.ct.gov/2024/TOB/s/pdf/2024SB-00219-R00-SB.pdf
SB-0220.HTM,2024,Raised Bill,Labor and Public Employees Committee,AN ACT CONCERNING CLARIFYING THE APPEALS PROCESS UNDER THE PAID FAMILY AND MEDICAL LEAVE STATUTES.,To clarify the process for an appeal to the Superior Court under the Paid Family and Medical Leave Statutes.,"Rep. Robyn A. Porter, 94th Dist.; Rep. Derell Wilson, 46th Dist.; Rep. Tami Zawistowski, 61st Dist.; Rep. Matt Blumenthal, 147th Dist.; Sen. Eric C. Berthel, 32nd Dist.; ",(LAB),ftp://ftp.cga.ct.gov/2024/cbs/s/SB-0220.HTM,https://www.cga.ct.gov/2024/TOB/s/pdf/2024SB-00220-R00-SB.pdf
SB-0221.HTM,2024,Raised Bill,Labor and Public Employees Committee,AN ACT CONCERNING THE MINIMUM FAIR WAGE AND SERVICE CHARGES.,To phase out the recognition of gratuities as part of the fair minimum wage.,"Rep. David Michel, 146th Dist.; ",(LAB),ftp://ftp.cga.ct.gov/2024/cbs/s/SB-0221.HTM,https://www.cga.ct.gov/2024/TOB/s/pdf/2024SB-00221-R00-SB.pdf
SB-0222.HTM,2024,Raised Bill,Labor and Public Employees Committee,AN ACT CONCERNING CHANGES TO THE PAID FAMILY AND MEDICAL LEAVE STATUTES.,"To (1) amend the provisions of the paid family and medical leave statutes relating to employer requirements, federally recognized tribes, concurrent payments, overpayments and penalties, and (2) make other minor and technical changes to the paid family and medical leave statutes.","Rep. Derell Wilson, 46th Dist.; Rep. Maryam Khan, 5th Dist.; Rep. Kate Farrar, 20th Dist.; Rep. Eleni Kavros DeGraw, 17th Dist.; Rep. Jillian Gilchrest, 18th Dist.; Rep. Emmanuel Sanchez, 24th Dist.; Rep. Aimee Berger-Girvalo, 111th Dist.; Sen. Patricia Billie Miller, 27th Dist.; Rep. Robyn A. Porter, 94th Dist.; Rep. James Sanchez, 6th Dist.; Sen. Catherine A. Osten, 19th Dist.; Rep. Mary Welander, 114th Dist.; Rep. Patricia A. Dillon, 92nd Dist.; Rep. Bob Godfrey, 110th Dist.; Rep. Hubert D. Delany, 144th Dist.; ",(LAB),ftp://ftp.cga.ct.gov/2024/cbs/s/SB-0222.HTM,https://www.cga.ct.gov/2024/TOB/s/pdf/2024SB-00222-R00-SB.pdf
SB-0223.HTM,2024,Raised Bill,Labor and Public Employees Committee,AN ACT CONCERNING WORKERS' COMPENSATION.,To require the Workers' Compensation Commission to study the workers' compensation system in the state.,,(LAB),ftp://ftp.cga.ct.gov/2024/cbs/s/SB-0223.HTM,https://www.cga.ct.gov/2024/TOB/s/pdf/2024SB-00223-R00-SB.pdf
SB-0224.HTM,2024,Raised Bill,Planning and Development Committee,AN ACT REQUIRING NOTICE OF REVALUATION TO CERTAIN OWNERS OF RESIDENTIAL BUILDINGS WITH DEFECTIVE CONCRETE FOUNDATIONS.,"To require municipal assessors to notify owners of residential buildings that have been reassessed due to defective concrete foundations of upcoming revaluation cycles, and make technical changes.","Sen. Saud Anwar, 3rd Dist.; Rep. Tom Delnicki, 14th Dist.; Sen. Jeff Gordon, 35th Dist.; Sen. MD Rahman, 4th Dist.; Rep. Tammy Nuccio, 53rd Dist.; Rep. Kurt Vail, 52nd Dist.; Rep. Matt Blumenthal, 147th Dist.; ",(PD),ftp://ftp.cga.ct.gov/2024/cbs/s/SB-0224.HTM,https://www.cga.ct.gov/2024/TOB/s/pdf/2024SB-00224-R00-SB.pdf
SB-0225.HTM,2024,Raised Bill,Planning and Development Committee,AN ACT CONCERNING PERSONAL PROPERTY TAX EXEMPTIONS FOR MOTOR VEHICLES USED EXCLUSIVELY FOR FARMING.,To make certain motor vehicles used exclusively for farming eligible for personal property tax exemptions.,"Rep. Craig C. Fishbein, 90th Dist.; Sen. Saud Anwar, 3rd Dist.; Rep. Jason Doucette, 13th Dist.; Rep. Tom Delnicki, 14th Dist.; Sen. Heather S. Somers, 18th Dist.; Sen. Martha Marx, 20th Dist.; Sen. MD Rahman, 4th Dist.; Rep. Kerry S. Wood, 29th Dist.",(PD),ftp://ftp.cga.ct.gov/2024/cbs/s/SB-0225.HTM,https://www.cga.ct.gov/2024/TOB/s/pdf/2024SB-00225-R00-SB.pdf
SB-0226.HTM,2024,Raised Bill,Planning and Development Committee,AN ACT INCREASING THE THRESHOLD FOR SEALED BIDDING ON CERTAIN MUNICIPAL CONTRACTS.,To increase the threshold for sealed bidding on municipal contracts for the purchase of real and personal property from twenty-five thousand dollars to fifty thousand dollars.,"Sen. MD Rahman, 4th Dist.; Rep. Jill Barry, 31st Dist.; Rep. Jason Doucette, 13th Dist.; Rep. Tim Ackert, 8th Dist.",(PD),ftp://ftp.cga.ct.gov/2024/cbs/s/SB-0226.HTM,https://www.cga.ct.gov/2024/TOB/s/pdf/2024SB-00226-R00-SB.pdf
SB-0227.HTM,2024,Raised Bill,Planning and Development Committee,AN ACT CONCERNING MUNICIPAL INTERNET WEB SITES.,"To require each municipality to register and maintain a "".gov"" top-level Internet domain.","Sen. MD Rahman, 4th Dist.; ",(PD),ftp://ftp.cga.ct.gov/2024/cbs/s/SB-0227.HTM,https://www.cga.ct.gov/2024/TOB/s/pdf/2024SB-00227-R00-SB.pdf
SB-0228.HTM,2024,Raised Bill,Public Safety and Security Committee,AN ACT CONCERNING ANNUAL RANDOM AUDITS OF PROFESSIONAL BONDSMEN.,To require an annual audit of the fees and commissions charged by three randomly selected professional bondsmen.,"Rep. Craig C. Fishbein, 90th Dist.; Sen. Paul Cicarella, 34th Dist.; Rep. William Pizzuto, 71st Dist.; Sen. Henri Martin, 31st Dist.",(PS),ftp://ftp.cga.ct.gov/2024/cbs/s/SB-0228.HTM,https://www.cga.ct.gov/2024/TOB/s/pdf/2024SB-00228-R00-SB.pdf
SB-0229.HTM,2024,Raised Bill,Public Safety and Security Committee,AN ACT ESTABLISHING A SCHOOL MAPPING DATA GRANT PROGRAM.,To establish a school mapping data grant program.,"Rep. Craig C. Fishbein, 90th Dist.; ",(PS),ftp://ftp.cga.ct.gov/2024/cbs/s/SB-0229.HTM,https://www.cga.ct.gov/2024/TOB/s/pdf/2024SB-00229-R00-SB.pdf
SB-0230.HTM,2024,Raised Bill,Public Safety and Security Committee,AN ACT CONCERNING MAILING OF TEST RESULTS RELATED TO OPERATING A MOTOR VEHICLE OR VESSEL UNDER THE INFLUENCE OF ALCOHOL OR DRUGS.,"To limit the requirement to mail the results of a test to determine the amount of alcohol or drugs in a person's system, when obtained relating to operating a motor vehicle or vessel under the influence of alcohol or drugs, to breath tests.","Rep. Greg S. Howard, 43rd Dist.; ",(PS),ftp://ftp.cga.ct.gov/2024/cbs/s/SB-0230.HTM,https://www.cga.ct.gov/2024/TOB/s/pdf/2024SB-00230-R00-SB.pdf
SB-0231.HTM,2024,Raised Bill,Public Safety and Security Committee,AN ACT ESTABLISHING A GRANT PROGRAM TO PROVIDE UNMANNED AERIAL VEHICLES TO LAW ENFORCEMENT UNITS AND FIRE DEPARTMENTS.,To establish a grant program to provide unmanned aerial vehicles to law enforcement units and fire departments.,"Rep. Ben McGorty, 122nd Dist.; ",(PS),ftp://ftp.cga.ct.gov/2024/cbs/s/SB-0231.HTM,https://www.cga.ct.gov/2024/TOB/s/pdf/2024SB-00231-R00-SB.pdf
SB-0232.HTM,2024,Raised Bill,Public Safety and Security Committee,AN ACT ESTABLISHING A GRANT PROGRAM TO PROVIDE LAW ENFORCEMENT UNITS WITH AUTOMATED NUMBER PLATE RECOGNITION SYSTEMS.,To establish a grant program for law enforcement units to obtain automated number plate recognition systems.,"Sen. Paul Cicarella, 34th Dist.; Rep. Ben McGorty, 122nd Dist.; Rep. Greg S. Howard, 43rd Dist.; Rep. John-Michael Parker, 101st Dist.",(PS),ftp://ftp.cga.ct.gov/2024/cbs/s/SB-0232.HTM,https://www.cga.ct.gov/2024/TOB/s/pdf/2024SB-00232-R00-SB.pdf
SB-0233.HTM,2024,Raised Bill,Public Safety and Security Committee,AN ACT AUTHORIZING USE OF STEADY BLUE LIGHTS ON WRECKERS.,To permit wreckers to display steady blue lights when stationary.,"Sen. Paul Cicarella, 34th Dist.; Rep. Dave W. Yaccarino, 87th Dist.; Rep. Tom Delnicki, 14th Dist.; Rep. John E. Piscopo, 76th Dist.; Rep. Gary A. Turco, 27th Dist.; ",(PS),ftp://ftp.cga.ct.gov/2024/cbs/s/SB-0233.HTM,https://www.cga.ct.gov/2024/TOB/s/pdf/2024SB-00233-R00-SB.pdf
SB-0234.HTM,2024,Raised Bill,Public Safety and Security Committee,AN ACT EXEMPTING CERTAIN LAW ENFORCEMENT RECORDS FROM DISCLOSURE UNDER THE FREEDOM OF INFORMATION ACT.,To exempt certain law enforcement records from disclosure under the Freedom of Information Act.,"Rep. William Pizzuto, 71st Dist.; Rep. Farley Santos, 109th Dist.; Sen. Eric C. Berthel, 32nd Dist.; ",(PS),ftp://ftp.cga.ct.gov/2024/cbs/s/SB-0234.HTM,https://www.cga.ct.gov/2024/TOB/s/pdf/2024SB-00234-R00-SB.pdf
SB-0235.HTM,2024,Raised Bill,Veterans' and Military Affairs Committee,AN ACT CONCERNING MILITARY LEAVE PROVISIONS UNDER THE STATE PERSONNEL ACT.,"To update obsolete terminology utilized in the military leave provisions of the State Personnel Act, thereby facilitating use of such provisions by state employees who serve in the armed forces.","Rep. Anthony L. Nolan, 39th Dist.; Sen. Martha Marx, 20th Dist.; Sen. Jeff Gordon, 35th Dist.; Rep. Hubert D. Delany, 144th Dist.; Sen. Patricia Billie Miller, 27th Dist.; Rep. Matt Blumenthal, 147th Dist.; Rep. Martin Foncello, 107th Dist.; Sen. Eric C. Berthel, 32nd Dist.",(VA),ftp://ftp.cga.ct.gov/2024/cbs/s/SB-0235.HTM,https://www.cga.ct.gov/2024/TOB/s/pdf/2024SB-00235-R00-SB.pdf
SB-0236.HTM,2024,Raised Bill,Veterans' and Military Affairs Committee,AN ACT CONCERNING A FEE WAIVER AT PUBLIC INSTITUTIONS OF HIGHER EDUCATION FOR CERTAIN VETERANS AND MEMBERS OF THE NATIONAL GUARD.,To waive the payment of extension fees for certain veterans and members of the National Guard enrolled at public institutions of higher education in this state.,"Rep. Kurt Vail, 52nd Dist.; Rep. Anthony L. Nolan, 39th Dist.; Rep. Mark W Anderson, 62nd Dist.; Rep. Gary A. Turco, 27th Dist.; Rep. Henry J. Genga, 10th Dist.; ",(VA),ftp://ftp.cga.ct.gov/2024/cbs/s/SB-0236.HTM,https://www.cga.ct.gov/2024/TOB/s/pdf/2024SB-00236-R00-SB.pdf
SB-0237.HTM,2024,Raised Bill,Veterans' and Military Affairs Committee,AN ACT ESTABLISHING A PERSONAL INCOME TAX DEDUCTION FOR MILITARY FUNERAL HONOR GUARD DETAIL COMPENSATION.,To establish a personal income tax deduction for compensation received as a result of participation in military funeral honor guard details.,"Sen. Saud Anwar, 3rd Dist.; Rep. Mark DeCaprio, 48th Dist.; Rep. Anthony L. Nolan, 39th Dist.; Rep. Tom Delnicki, 14th Dist.",(VA),ftp://ftp.cga.ct.gov/2024/cbs/s/SB-0237.HTM,https://www.cga.ct.gov/2024/TOB/s/pdf/2024SB-00237-R00-SB.pdf
SB-0238.HTM,2024,Raised Bill,Veterans' and Military Affairs Committee,AN ACT EXPANDING ELIGIBILITY FOR GRANTS FROM THE MILITARY RELIEF FUND.,"To allow grants from the Military Relief Fund for essential household goods or services if payment for such goods or services would be a hardship to a serious injury or illness, or the death, of an eligible service member or an immediate family member thereof.","Rep. Anthony L. Nolan, 39th Dist.; Sen. Rob Sampson, 16th Dist.; Sen. Catherine A. Osten, 19th Dist.; Rep. Irene M. Haines, 34th Dist.; Rep. Donna Veach, 30th Dist.; Rep. Cara Christine Pavalock-D'Amato, 77th Dist.; Rep. Hubert D. Delany, 144th Dist.; Rep. Holly H. Cheeseman, 37th Dist.; Rep. Martin Foncello, 107th Dist.; Rep. Francis Cooley, 22nd Dist.; Rep. William Pizzuto, 71st Dist.; Rep. Tim Ackert, 8th Dist.; Rep. Dave W. Yaccarino, 87th Dist.; Rep. Henry J. Genga, 10th Dist.; Rep. Matt Blumenthal, 147th Dist.; Sen. Paul Cicarella, 34th Dist.; Sen. Eric C. Berthel, 32nd Dist.; Sen. Jeff Gordon, 35th Dist.; Rep. Rachel Chaleski, 138th Dist.; Rep. Tony J Scott, 112th Dist.; Rep. Patrick E. Callahan, 108th Dist.; ",(VA),ftp://ftp.cga.ct.gov/2024/cbs/s/SB-0238.HTM,https://www.cga.ct.gov/2024/TOB/s/pdf/2024SB-00238-R00-SB.pdf
SB-0239.HTM,2024,Raised Bill,Veterans' and Military Affairs Committee,"AN ACT CONCERNING A GRANT PROGRAM FOR THE REIMBURSEMENT OF CERTAIN LICENSING, CERTIFICATION, REGISTRATION OR TUITION FEES.","To establish, and appropriate funds for, a grant program for the reimbursement of certain licensing, certification, registration and tuition fees.","Rep. Anthony L. Nolan, 39th Dist.; ",(VA),ftp://ftp.cga.ct.gov/2024/cbs/s/SB-0239.HTM,https://www.cga.ct.gov/2024/TOB/s/pdf/2024SB-00239-R00-SB.pdf
SB-0240.HTM,2024,Raised Bill,Veterans' and Military Affairs Committee,AN ACT REDUCING FARES FOR BUS PUBLIC TRANSPORTATION SERVICES FOR VETERANS.,To allow any person who presents proof of being a veteran to pay fifty per cent of the lawful charge for state-owned or controlled bus public transportation services.,"Rep. Craig C. Fishbein, 90th Dist.; Rep. Anthony L. Nolan, 39th Dist.; Rep. David K. Labriola, 131st Dist.; Sen. Paul Cicarella, 34th Dist.; Rep. Jason Doucette, 13th Dist.; Sen. Eric C. Berthel, 32nd Dist.; Rep. William Heffernan, 115th Dist.; Sen. Tony Hwang, 28th Dist.",(VA),ftp://ftp.cga.ct.gov/2024/cbs/s/SB-0240.HTM,https://www.cga.ct.gov/2024/TOB/s/pdf/2024SB-00240-R00-SB.pdf
SB-0241.HTM,2024,Raised Bill,Public Health Committee,AN ACT CONCERNING THE OFFICE OF HEALTH STRATEGY'S RECOMMENDATIONS REGARDING 340B PROGRAM TRANSPARENCY.,"To require entities authorized to participate in the federal 340B Drug Pricing Program to report to the Health Systems Planning Unit of the Office of Health Strategy certain information regarding the program, including (1) aggregated acquisition costs, (2) aggregated payment information, (3) the number of claims for prescription drugs under the program, and (4) if the entity is a hospital, the national drug code number for the fifty most frequently dispensed prescription drugs by the hospital under the program.",,(PH),ftp://ftp.cga.ct.gov/2024/cbs/s/SB-0241.HTM,https://www.cga.ct.gov/2024/TOB/s/pdf/2024SB-00241-R00-SB.pdf
SB-0242.HTM,2024,Raised Bill,Public Health Committee,AN ACT CONCERNING THE OFFICE OF HEALTH STRATEGY'S RECOMMENDATIONS REGARDING THE ALL-PAYER CLAIMS DATABASE.,To expand the type of data collected by the all-payer claims database to include non-claims data.,,(PH),ftp://ftp.cga.ct.gov/2024/cbs/s/SB-0242.HTM,https://www.cga.ct.gov/2024/TOB/s/pdf/2024SB-00242-R00-SB.pdf
SB-0243.HTM,2024,Raised Bill,Public Health Committee,AN ACT ESTABLISHING AN ASSERTIVE COMMUNITY TREATMENT PILOT PROGRAM FOR HOME HEALTH AGENCIES.,To establish an internal assertive community treatment pilot program for home health agencies to improve the provision of effective home health care services to persons with a serious behavioral health condition and one or more comorbidities and the safety of the workers providing such services.,"Sen. Saud Anwar, 3rd Dist.; Rep. Robyn A. Porter, 94th Dist.; Rep. Antonio Felipe, 130th Dist.; Sen. Patricia Billie Miller, 27th Dist.; Rep. Geraldo C. Reyes, 75th Dist.; ",(PH),ftp://ftp.cga.ct.gov/2024/cbs/s/SB-0243.HTM,https://www.cga.ct.gov/2024/TOB/s/pdf/2024SB-00243-R00-SB.pdf
SB-0244.HTM,2024,Raised Bill,Aging Committee,AN ACT REQUIRING A STUDY ON THE FEASIBILITY OF EXPANDING ACCESS TO RESPITE SERVICES BY PURSUING A FAMILY CAREGIVER SUPPORT BENEFIT THROUGH A MEDICAID DEMONSTRATION WAIVER.,"To require the Commissioner of Social Services to seek, and, if issued, implement a waiver under Section 1115 of the Social Security Act to seek federal funds to support the Alzheimer's disease respite care program.","Rep. James Sanchez, 6th Dist.; Sen. Tony Hwang, 28th Dist.; Rep. Mitch Bolinsky, 106th Dist.; Sen. Jan Hochadel, 13th Dist.; Rep. Jane M. Garibay, 60th Dist.; Rep. Sarah Keitt, 134th Dist.",(AGE),ftp://ftp.cga.ct.gov/2024/cbs/s/SB-0244.HTM,https://www.cga.ct.gov/2024/TOB/s/pdf/2024SB-00244-R00-SB.pdf
SB-0245.HTM,2024,Raised Bill,Aging Committee,AN ACT CONCERNING A STUDY OF LONG-TERM CARE NEEDS.,To require the Commissioner of Social Services to study long-term care needs in the state.,"Rep. James Sanchez, 6th Dist.; Sen. Tony Hwang, 28th Dist.; Rep. Kerry S. Wood, 29th Dist.; Rep. Jaime S. Foster, 57th Dist.; Sen. Jan Hochadel, 13th Dist.; Rep. Jane M. Garibay, 60th Dist.; Rep. Sarah Keitt, 134th Dist.; Sen. Saud Anwar, 3rd Dist.",(AGE),ftp://ftp.cga.ct.gov/2024/cbs/s/SB-0245.HTM,https://www.cga.ct.gov/2024/TOB/s/pdf/2024SB-00245-R00-SB.pdf
SB-0246.HTM,2024,Raised Bill,Aging Committee,AN ACT ESTABLISHING A TASK FORCE TO STUDY TEMPORARY NURSING SERVICES PROVIDED TO NURSING HOME FACILITIES.,"To establish a maximum rate, not to exceed two hundred per cent of the state's median hourly wage for nursing personnel, for temporary nursing services provided by a temporary nursing services agency to a nursing home facility.","Rep. James Sanchez, 6th Dist.; Rep. Jane M. Garibay, 60th Dist.",(AGE),ftp://ftp.cga.ct.gov/2024/cbs/s/SB-0246.HTM,https://www.cga.ct.gov/2024/TOB/s/pdf/2024SB-00246-R00-SB.pdf
SB-0247.HTM,2024,Raised Bill,Judiciary Committee,AN ACT CONCERNING THE STATUTE OF LIMITATIONS FOR CRIMES COMMITTED AGAINST THE ELDERLY.,To extend the statute of limitations for the prosecution of crimes committed against the elderly.,"Rep. Anne M. Hughes, 135th Dist.; ",(JUD),ftp://ftp.cga.ct.gov/2024/cbs/s/SB-0247.HTM,https://www.cga.ct.gov/2024/TOB/s/pdf/2024SB-00247-R00-SB.pdf
SB-0248.HTM,2024,Raised Bill,Commerce Committee,AN ACT ESTABLISHING THE CONNECTICUT-IRELAND TRADE COMMISSION.,To establish the Connecticut-Ireland Trade Commission.,"Sen. Kevin C. Kelly, 21st Dist.; Rep. Ben McGorty, 122nd Dist.; Rep. Kerry S. Wood, 29th Dist.; Rep. William Heffernan, 115th Dist.; Sen. Martin M. Looney, 11th Dist.; Sen. Bob Duff, 25th Dist.; Rep. Raghib Allie-Brennan, 2nd Dist.; Sen. Saud Anwar, 3rd Dist.; Rep. Patrick E. Callahan, 108th Dist.; Rep. Irene M. Haines, 34th Dist.; Rep. Hubert D. Delany, 144th Dist.; Rep. Kevin Ryan, 139th Dist.; Rep. Tammy Nuccio, 53rd Dist.; Rep. Patricia A. Dillon, 92nd Dist.; Rep. Devin R. Carney, 23rd Dist.; Rep. Jason Doucette, 13th Dist.; Rep. Mary M. Mushinsky, 85th Dist.; Rep. Michelle L. Cook, 65th Dist.; Rep. Matt Blumenthal, 147th Dist.; Sen. Eric C. Berthel, 32nd Dist.",(CE),ftp://ftp.cga.ct.gov/2024/cbs/s/SB-0248.HTM,https://www.cga.ct.gov/2024/TOB/s/pdf/2024SB-00248-R00-SB.pdf
SB-0249.HTM,2024,Raised Bill,Commerce Committee,AN ACT CONCERNING THE EARLY CHILDHOOD BUSINESS INCUBATOR PROGRAM.,To remove the limit on the duration of the early childhood business incubator program and change the number of facilities that may be approved under the program from one per specified municipality to twenty throughout the state.,"Rep. Rachel Khanna, 149th Dist.; Rep. Jaime S. Foster, 57th Dist.; Rep. Fred Gee, 126th Dist.; Sen. Ryan Fazio, 36th Dist.; Sen. Tony Hwang, 28th Dist.; Rep. Devin R. Carney, 23rd Dist.; Rep. Brian Lanoue, 45th Dist.; Sen. Saud Anwar, 3rd Dist.; Rep. Hector Arzeno, 151st Dist.; Rep. Cara Christine Pavalock-D'Amato, 77th Dist.; Sen. Patricia Billie Miller, 27th Dist.; ",(CE),ftp://ftp.cga.ct.gov/2024/cbs/s/SB-0249.HTM,https://www.cga.ct.gov/2024/TOB/s/pdf/2024SB-00249-R00-SB.pdf
SB-0250.HTM,2024,Raised Bill,Commerce Committee,AN ACT CONCERNING THE GLOBAL ENTREPRENEUR IN RESIDENCE PROGRAM.,To establish the Global Entrepreneur in Residence Program.,"Rep. Kerry S. Wood, 29th Dist.; Rep. Jaime S. Foster, 57th Dist.; Rep. Christopher Poulos, 81st Dist.; Sen. Rob Sampson, 16th Dist.; Rep. Kurt Vail, 52nd Dist.; Rep. Jill Barry, 31st Dist.; Rep. Matt Blumenthal, 147th Dist.; ",(CE),ftp://ftp.cga.ct.gov/2024/cbs/s/SB-0250.HTM,https://www.cga.ct.gov/2024/TOB/s/pdf/2024SB-00250-R00-SB.pdf
SB-0251.HTM,2024,Raised Bill,"Finance, Revenue and Bonding Committee",AN ACT CONCERNING THE LEGISLATIVE COMMISSIONERS' RECOMMENDATIONS FOR TECHNICAL AND OTHER REVISIONS TO THE TAX AND RELATED STATUTES.,To make technical and other revisions to the tax and related statutes.,,(FIN),ftp://ftp.cga.ct.gov/2024/cbs/s/SB-0251.HTM,https://www.cga.ct.gov/2024/TOB/s/pdf/2024SB-00251-R00-SB.pdf
SB-0252.HTM,2024,Raised Bill,Government Administration and Elections Committee,"AN ACT CONCERNING REFERENDA, INDEPENDENT EXPENDITURES AND OTHER CAMPAIGN FINANCE CHANGES.","To (1) implement federal court rulings regarding independent expenditure political committees and contributions to such committees, (2) reflect federal case law on aggregate contribution limits for individuals, (3) more explicitly recognize referendum spending as a type of independent expenditure and make changes related to reporting and attribution requirements, (4) adjust a disclaimer requirement to address certain organization expenditures, (5) make a conforming change regarding the distribution of surplus funds by candidate committees participating in the Citizens' Election Program, (6) allow the State Elections Enforcement Commission additional time to investigate certain complaints, (7) establish in-state contributor requirements for state-wide candidates participating in said program, (8) specify that individual contributions under said program may not exceed already-established contribution limits, and (9) provide for increased disclosure with respect to moneys paid to campaign consultants.",,(GAE),ftp://ftp.cga.ct.gov/2024/cbs/s/SB-0252.HTM,https://www.cga.ct.gov/2024/TOB/s/pdf/2024SB-00252-R00-SB.pdf
SB-0253.HTM,2024,Raised Bill,Government Administration and Elections Committee,AN ACT CONCERNING FOREIGN POLITICAL SPENDING.,"To prevent foreign interference in state referenda and elections and allow for greater enforcement of violations, including by affording the State Elections Enforcement Commission more time to investigate foreign political spending cases.","Sen. Rob Sampson, 16th Dist.; Rep. Gale L. Mastrofrancesco, 80th Dist.; Rep. Craig C. Fishbein, 90th Dist.; Rep. Steve Weir, 55th Dist.; Rep. Bobby G. Gibson, 15th Dist.; Rep. Hubert D. Delany, 144th Dist.; Rep. Anne Dauphinais, 44th Dist.; Sen. Matthew L. Lesser, 9th Dist.; Rep. Matt Blumenthal, 147th Dist.; Rep. David Michel, 146th Dist.; Sen. Jeff Gordon, 35th Dist.; ",(GAE),ftp://ftp.cga.ct.gov/2024/cbs/s/SB-0253.HTM,https://www.cga.ct.gov/2024/TOB/s/pdf/2024SB-00253-R00-SB.pdf
SB-0254.HTM,2024,Raised Bill,Government Administration and Elections Committee,AN ACT CONCERNING THE RECOMMENDATIONS OF THE RISK-LIMITING AUDITS WORKING GROUP.,To implement the recommendations of the risk limiting audits working group.,"Sen. Rob Sampson, 16th Dist.; ",(GAE),ftp://ftp.cga.ct.gov/2024/cbs/s/SB-0254.HTM,https://www.cga.ct.gov/2024/TOB/s/pdf/2024SB-00254-R00-SB.pdf
SB-0255.HTM,2024,Raised Bill,Government Administration and Elections Committee,AN ACT CONCERNING THE ADOPTION OF MUNICIPAL CONFLICT OF INTEREST PROVISIONS.,To require municipalities that do not have an adopted conflict of interest provision to adopt such a provision and all municipalities to submit a copy of such provision to the Office of State Ethics and post such provision on their Internet web site.,,(GAE),ftp://ftp.cga.ct.gov/2024/cbs/s/SB-0255.HTM,https://www.cga.ct.gov/2024/TOB/s/pdf/2024SB-00255-R00-SB.pdf
SB-0256.HTM,2024,Raised Bill,Government Administration and Elections Committee,"AN ACT CONCERNING DATA GOVERNANCE AND CERTAIN REQUESTS FOR STATE AGENCY DATA, RECORDS OR FILES.","To permit the Office of Policy and Management to establish advisory boards for data governance, redefine ""executive branch agency"", delete a requirement for an annual report concerning high value data and require certain requests for data, records or files be made to the originating agency.",,(GAE),ftp://ftp.cga.ct.gov/2024/cbs/s/SB-0256.HTM,https://www.cga.ct.gov/2024/TOB/s/pdf/2024SB-00256-R00-SB.pdf
SB-0257.HTM,2024,Raised Bill,Government Administration and Elections Committee,AN ACT CONCERNING CERTIFICATION OF AND CASTING OF BALLOTS BY PRESIDENTIAL ELECTORS.,"To (1) specify that the Secretary of the State is the state executive for purposes of certifying presidential electors under the federal Electoral Count Reform Act of 2022, and (2) move later by one day the required meeting of the presidential electors.","Rep. Hilda E. Santiago, 84th Dist.; ",(GAE),ftp://ftp.cga.ct.gov/2024/cbs/s/SB-0257.HTM,https://www.cga.ct.gov/2024/TOB/s/pdf/2024SB-00257-R00-SB.pdf
SB-0258.HTM,2024,Raised Bill,Government Administration and Elections Committee,AN ACT CONCERNING THE LEGISLATIVE COMMISSIONERS' RECOMMENDATIONS FOR MINOR AND TECHNICAL REVISIONS TO THE GOVERNMENT ADMINISTRATION AND ELECTIONS STATUTES.,To make minor and technical revisions to the government administration and elections statutes.,,(GAE),ftp://ftp.cga.ct.gov/2024/cbs/s/SB-0258.HTM,https://www.cga.ct.gov/2024/TOB/s/pdf/2024SB-00258-R00-SB.pdf
SB-0259.HTM,2024,Raised Bill,Government Administration and Elections Committee,AN ACT CONCERNING CONTRACTING WITH QUASI-PUBLIC AGENCIES UNDER THE STATE CODES OF ETHICS.,To expand the prohibition against certain individuals contracting with state agencies under the state codes of ethics unless awarded through an open and public process to include contracts with quasi-public agencies.,"Rep. Craig C. Fishbein, 90th Dist.; Sen. Rob Sampson, 16th Dist.; Rep. Gale L. Mastrofrancesco, 80th Dist.; ",(GAE),ftp://ftp.cga.ct.gov/2024/cbs/s/SB-0259.HTM,https://www.cga.ct.gov/2024/TOB/s/pdf/2024SB-00259-R00-SB.pdf
SB-0260.HTM,2024,Raised Bill,Government Administration and Elections Committee,AN ACT CONCERNING CONFLICTS OF INTEREST DUE TO AN EMPLOYER OTHER THAN THE STATE UNDER THE STATE CODE OF ETHICS FOR PUBLIC OFFICIALS.,To apply substantial conflict of interest provisions in the state code of ethics for public officials and state employees to conflicts involving the public official's or state employee's nonstate employer or spouse's employer.,"Sen. Rob Sampson, 16th Dist.; Rep. Gale L. Mastrofrancesco, 80th Dist.; Rep. Anne Dauphinais, 44th Dist.; ",(GAE),ftp://ftp.cga.ct.gov/2024/cbs/s/SB-0260.HTM,https://www.cga.ct.gov/2024/TOB/s/pdf/2024SB-00260-R00-SB.pdf
SB-0261.HTM,2024,Raised Bill,Government Administration and Elections Committee,AN ACT CONCERNING STATEMENTS OF FINANCIAL INTERESTS UNDER THE STATE CODE OF ETHICS FOR PUBLIC OFFICIALS.,"To require members of certain boards, commissions, committees and councils within the Executive Department to file statements of financial interests and to permit the filing of the name of certain tax-sheltered annuity retirement plans in lieu of naming specific securities within such statements.","Sen. Rob Sampson, 16th Dist.; Rep. Gale L. Mastrofrancesco, 80th Dist.; Rep. Anne Dauphinais, 44th Dist.; ",(GAE),ftp://ftp.cga.ct.gov/2024/cbs/s/SB-0261.HTM,https://www.cga.ct.gov/2024/TOB/s/pdf/2024SB-00261-R00-SB.pdf
SB-0262.HTM,2024,Raised Bill,Government Administration and Elections Committee,AN ACT CONCERNING MUNICIPAL CAMPAIGN FINANCE FILINGS.,"To require that all municipal campaign registration and financial disclosure statements be filed with the State Elections Enforcement Commission, instead of with town clerks, and make several conforming changes.","Rep. David Michel, 146th Dist.; ",(GAE),ftp://ftp.cga.ct.gov/2024/cbs/s/SB-0262.HTM,https://www.cga.ct.gov/2024/TOB/s/pdf/2024SB-00262-R00-SB.pdf
SB-0263.HTM,2024,Raised Bill,Government Administration and Elections Committee,AN ACT CONCERNING CITIZENS' ELECTION PROGRAM GRANTS FOR COURT-ORDERED PRIMARIES AND ELECTIONS AND FUNDING.,"To (1) provide Citizens' Election Program grants in the event of certain adjourned primaries and court-ordered new elections or primaries, (2) ensure adequate funding for the program, and (3) include events at which a candidate or candidates are present in the definition of ""organization expenditure"".","Rep. Matt Blumenthal, 147th Dist.; ",(GAE),ftp://ftp.cga.ct.gov/2024/cbs/s/SB-0263.HTM,https://www.cga.ct.gov/2024/TOB/s/pdf/2024SB-00263-R00-SB.pdf
SB-0264.HTM,2024,Raised Bill,Government Administration and Elections Committee,"AN ACT CONCERNING THE BONDING AUTHORITY OF THE CONNECTICUT MUNICIPAL REDEVELOPMENT AUTHORITY, THE REPORTING OF MATERIAL FINANCIAL OBLIGATIONS BY STATE AGENCIES, TAX-EXEMPT PROCEEDS FUND REFERENCES AND THE NOTIFICATION OF THE SALE OR LEASE OF PROJECTS FINANCED WITH BOND PROCEEDS.","To (1) amend provisions concerning the bonding authority and liability of the Connecticut Municipal Redevelopment Authority, (2) require state actors to notify the Treasurer of reportable financial obligations and agreements, (3) require the prior approval of the Treasurer for certain transactions, and (4) delete provisions concerning the Tax-Exempt Proceeds Fund.","Rep. Matt Blumenthal, 147th Dist.; ",(GAE),ftp://ftp.cga.ct.gov/2024/cbs/s/SB-0264.HTM,https://www.cga.ct.gov/2024/TOB/s/pdf/2024SB-00264-R00-SB.pdf
SB-0265.HTM,2024,Raised Bill,Housing Committee,AN ACT REQUIRING ANNUAL REPORTS CONCERNING WAITLISTS FOR THE RENTAL ASSISTANCE PROGRAM.,To require that the Commissioner of Housing report additional information concerning the administration of waitlists for the rental assistance program on an annual basis.,,(HSG),ftp://ftp.cga.ct.gov/2024/cbs/s/SB-0265.HTM,https://www.cga.ct.gov/2024/TOB/s/pdf/2024SB-00265-R00-SB.pdf
SB-0266.HTM,2024,Raised Bill,Housing Committee,AN ACT INCREASING THE CONVEYANCE TAX FOR CERTAIN HOME SALES.,To increase the state conveyance tax upon residential properties sold to buyers who are not individuals.,,(HSG),ftp://ftp.cga.ct.gov/2024/cbs/s/SB-0266.HTM,https://www.cga.ct.gov/2024/TOB/s/pdf/2024SB-00266-R00-SB.pdf
SB-0267.HTM,2024,Raised Bill,Housing Committee,AN ACT REQUIRING A STUDY OF THE EFFECTS OF SHORT-TERM RENTALS ON THE HOUSING MARKET OF THE STATE.,To require the Commissioner of Housing to conduct a study of the effects of short-term rentals on the housing market of the state.,"Rep. Aundre Bumgardner, 41st Dist.; ",(HSG),ftp://ftp.cga.ct.gov/2024/cbs/s/SB-0267.HTM,https://www.cga.ct.gov/2024/TOB/s/pdf/2024SB-00267-R00-SB.pdf
SB-0268.HTM,2024,Raised Bill,Housing Committee,AN ACT REQUIRING A STUDY OF ADVANCE RENTAL PAYMENTS.,To require the Commissioner of Housing to study the potential impacts of allowing landlords to accept advance rental payments from tenants of residential dwelling units.,,(HSG),ftp://ftp.cga.ct.gov/2024/cbs/s/SB-0268.HTM,https://www.cga.ct.gov/2024/TOB/s/pdf/2024SB-00268-R00-SB.pdf
SB-0269.HTM,2024,Raised Bill,Housing Committee,AN ACT REDUCING THE SALES AND USE TAXES FOR CERTAIN GOODS USED IN NEW HOUSING CONSTRUCTION.,To reduce the sales and use taxes for certain tangible personal property used in new housing construction.,"Rep. Craig C. Fishbein, 90th Dist.; ",(HSG),ftp://ftp.cga.ct.gov/2024/cbs/s/SB-0269.HTM,https://www.cga.ct.gov/2024/TOB/s/pdf/2024SB-00269-R00-SB.pdf
SB-0270.HTM,2024,Raised Bill,Housing Committee,AN ACT CONCERNING TAX CREDITS FOR THE CONVERSION OF COMMERCIAL PROPERTIES.,To provide certain tax credits for the conversion of commercial buildings into residential developments.,,(HSG),ftp://ftp.cga.ct.gov/2024/cbs/s/SB-0270.HTM,https://www.cga.ct.gov/2024/TOB/s/pdf/2024SB-00270-R00-SB.pdf
SB-0271.HTM,2024,Raised Bill,Housing Committee,AN ACT ESTABLISHING A TASK FORCE TO STUDY THE IMPLEMENTATION OF RENT SAVINGS ACCOUNTS.,To establish a task force to study the implementation of rent savings accounts.,,(HSG),ftp://ftp.cga.ct.gov/2024/cbs/s/SB-0271.HTM,https://www.cga.ct.gov/2024/TOB/s/pdf/2024SB-00271-R00-SB.pdf
SB-0272.HTM,2024,Raised Bill,Judiciary Committee,AN ACT CONCERNING ADOPTION OF THE CONNECTICUT UNIFORM TRUST DECANTING ACT.,To adopt the Connecticut Uniform Trust Decanting Act.,"Sen. Heather S. Somers, 18th Dist.; Rep. Hubert D. Delany, 144th Dist.; Rep. Matt Blumenthal, 147th Dist.; ",(JUD),ftp://ftp.cga.ct.gov/2024/cbs/s/SB-0272.HTM,https://www.cga.ct.gov/2024/TOB/s/pdf/2024SB-00272-R00-SB.pdf
SB-0273.HTM,2024,Raised Bill,Public Health Committee,AN ACT CONCERNING NURSING HOME STAFFING.,To establish minimum staffing level requirements for nursing homes.,"Sen. Saud Anwar, 3rd Dist.; Rep. Kevin Ryan, 139th Dist.",(PH),ftp://ftp.cga.ct.gov/2024/cbs/s/SB-0273.HTM,https://www.cga.ct.gov/2024/TOB/s/pdf/2024SB-00273-R00-SB.pdf
SB-0274.HTM,2024,Raised Bill,Public Health Committee,AN ACT CONCERNING OPIOIDS.,"To require (1) the Connecticut Alcohol and Drug Policy Council to establish a standing subcommittee to examine programs and services for parents and caregivers impacted by substance use disorder and their children and make recommendations regarding such programs and services, and (2) the Commissioner of Social Services and the Insurance Commissioner to develop a plan to require Medicaid and private insurance coverage for opioid antagonists for certain hospital and emergency department patients.","Sen. Saud Anwar, 3rd Dist.; Rep. Kathleen M. McCarty, 38th Dist.",(PH),ftp://ftp.cga.ct.gov/2024/cbs/s/SB-0274.HTM,https://www.cga.ct.gov/2024/TOB/s/pdf/2024SB-00274-R00-SB.pdf
SB-0275.HTM,2024,Raised Bill,Public Health Committee,AN ACT PROHIBITING NURSING HOMES FROM REJECTING A PATIENT SOLELY ON THE BASIS THAT SUCH PATIENT RECEIVED MENTAL HEALTH SERVICES.,"To prohibit nursing homes from denying a patient admission solely on the basis that such person has, at any time, received mental health services.","Sen. Heather S. Somers, 18th Dist.; Rep. Kevin Ryan, 139th Dist.; Sen. Jeff Gordon, 35th Dist.; ",(PH),ftp://ftp.cga.ct.gov/2024/cbs/s/SB-0275.HTM,https://www.cga.ct.gov/2024/TOB/s/pdf/2024SB-00275-R00-SB.pdf
SB-0276.HTM,2024,Raised Bill,Public Health Committee,AN ACT CONCERNING THE SAFETY OF SURGICAL PATIENTS.,To protect the safety of surgical patients by prohibiting representatives of medical device manufacturers from being present in an operating room of a hospital or outpatient surgical facility when a patient is undergoing a procedure in the operating room or outpatient surgical facility.,,(PH),ftp://ftp.cga.ct.gov/2024/cbs/s/SB-0276.HTM,https://www.cga.ct.gov/2024/TOB/s/pdf/2024SB-00276-R00-SB.pdf
SB-0277.HTM,2024,Raised Bill,Transportation Committee,AN ACT RESTORING SERVICE ON THE SHORE LINE EAST RAIL LINE.,To require the Department of Transportation to restore service on the Shore Line East rail line.,"Rep. Christine Conley, 40th Dist.; Rep. Anthony L. Nolan, 39th Dist.; Rep. Devin R. Carney, 23rd Dist.; Rep. Aundre Bumgardner, 41st Dist.; Rep. Chris Aniskovich, 35th Dist.; Sen. Heather S. Somers, 18th Dist.; Sen. Christine Cohen, 12th Dist.; Rep. Christine Palm, 36th Dist.; Rep. Moira Rader, 98th Dist.; Rep. Kevin Ryan, 139th Dist.; Rep. Robin E. Comey, 102nd Dist.; ",(TRA),ftp://ftp.cga.ct.gov/2024/cbs/s/SB-0277.HTM,https://www.cga.ct.gov/2024/TOB/s/pdf/2024SB-00277-R00-SB.pdf
SB-0278.HTM,2024,Raised Bill,Transportation Committee,AN ACT CONCERNING TRANSPARENCY RELATED TO FEDERAL FUNDS RECEIVED BY THE DEPARTMENT OF TRANSPORTATION FOR CAPITAL PROJECTS.,"To require a quarterly report, public hearings and the posting of information on the Internet web site of the Department of Transportation regarding the receipt and expenditure of funds received pursuant to the Infrastructure Investment and Jobs Act, P.L. 117-58.",,(TRA),ftp://ftp.cga.ct.gov/2024/cbs/s/SB-0278.HTM,https://www.cga.ct.gov/2024/TOB/s/pdf/2024SB-00278-R00-SB.pdf
SB-0279.HTM,2024,Raised Bill,Transportation Committee,AN ACT CONCERNING CERTIFICATION FOR REMOVABLE WINDSHIELD PLACARDS FOR PERSONS WHO ARE BLIND AND PERSONS WITH DISABILITIES AND THE MEMBERSHIP OF THE ACCESSIBLE PARKING ADVISORY COUNCIL.,"To (1) permit a licensed professional in the same group practice as the applicant's treating physician, physician assistant, advanced practice registered nurse to certify that the applicant meets the definition of a person with a disability which limits or impairs the ability to walk, and (2) amend the membership of the Accessible Parking Advisory Council.","Rep. Vincent J. Candelora, 86th Dist.; Rep. Nicole Klarides-Ditria, 105th Dist.; Rep. Tom Delnicki, 14th Dist.; Rep. Tami Zawistowski, 61st Dist.; Rep. Rachel Chaleski, 138th Dist.; Rep. Seth Bronko, 70th Dist.; Rep. Mark DeCaprio, 48th Dist.; ",(TRA),ftp://ftp.cga.ct.gov/2024/cbs/s/SB-0279.HTM,https://www.cga.ct.gov/2024/TOB/s/pdf/2024SB-00279-R00-SB.pdf
SB-0280.HTM,2024,Raised Bill,Transportation Committee,AN ACT CONCERNING TRAIN CREW SIZE REQUIREMENTS AND THE INSTALLATION OF HOTBOX DETECTORS.,"To (1) establish minimum train crew size requirements for freight railroad companies operating in the state, and (2) require the installation of hotbox detectors every twenty miles on any rail line in which passenger trains operate.",,(TRA),ftp://ftp.cga.ct.gov/2024/cbs/s/SB-0280.HTM,https://www.cga.ct.gov/2024/TOB/s/pdf/2024SB-00280-R00-SB.pdf
SB-0281.HTM,2024,Raised Bill,Transportation Committee,AN ACT CONCERNING PROPOSED FARE AND SERVICE CHANGES TO PUBLIC TRANSPORTATION.,To require a public hearing regarding a proposed service change to a rail line in a town with an intermediate transit station that serves a significant percentage of the line's ridership.,"Sen. Ryan Fazio, 36th Dist.; Sen. Tony Hwang, 28th Dist.; Sen. Kevin C. Kelly, 21st Dist.; ",(TRA),ftp://ftp.cga.ct.gov/2024/cbs/s/SB-0281.HTM,https://www.cga.ct.gov/2024/TOB/s/pdf/2024SB-00281-R00-SB.pdf
SB-0282.HTM,2024,Raised Bill,Banking Committee,AN ACT CONCERNING THE BANKING COMMISSIONER'S APPROVAL OF CERTAIN BANK REAL ESTATE IMPROVEMENTS.,To modify an exemption from a requirement that the Banking Commissioner approve certain bank real estate improvements or alterations.,,(BA),ftp://ftp.cga.ct.gov/2024/cbs/s/SB-0282.HTM,https://www.cga.ct.gov/2024/TOB/s/pdf/2024SB-00282-R00-SB.pdf
SB-0283.HTM,2024,Raised Bill,Banking Committee,AN ACT CONCERNING THE EMERGENCY MORTGAGE ASSISTANCE PROGRAM.,"To (1) redefine ""aggregate family income"" and ""financial hardship due to circumstances beyond the homeowner's control"" in connection with the emergency mortgage assistance program, (2) change procedures (A) regarding applying for emergency mortgage assistance payments, (B) regarding making emergency mortgage assistance payments, (C) for establishing emergency mortgage assistance repayment agreements, and (D) regarding the posting of certain notices on the Connecticut Housing Finance Authority's Internet web site, (3) provide that the authority may adopt procedures to establish an aggregate limit on the amount of emergency mortgage assistance payments that certain homeowners may receive, and (4) require developers for certain projects to hire an advocate for the residents affected by such projects.","Rep. Farley Santos, 109th Dist.; Sen. Patricia Billie Miller, 27th Dist.; Rep. Matt Blumenthal, 147th Dist.; Sen. Eric C. Berthel, 32nd Dist.",(BA),ftp://ftp.cga.ct.gov/2024/cbs/s/SB-0283.HTM,https://www.cga.ct.gov/2024/TOB/s/pdf/2024SB-00283-R00-SB.pdf
SB-0284.HTM,2024,Raised Bill,Banking Committee,AN ACT CONCERNING A SECURITY DEPOSIT LOAN ASSISTANCE PROGRAM.,"To (1) require the Commissioner of Housing to establish a security deposit loan assistance program, and (2) authorize a tax deduction for interest deferred by, or not charged to, an eligible renter in connection with a security deposit loan issued under such program.",,(BA),ftp://ftp.cga.ct.gov/2024/cbs/s/SB-0284.HTM,https://www.cga.ct.gov/2024/TOB/s/pdf/2024SB-00284-R00-SB.pdf
SB-0285.HTM,2024,Raised Bill,Commerce Committee,AN ACT CONCERNING A STUDY ON WHAT JOBS MAY BE PERFORMED BY CERTAIN MINORS IN ACCORDANCE WITH THE FAIR LABOR STANDARDS ACT AND RELATED REGULATIONS.,To require the Labor Commissioner to study what jobs may be performed by certain minors in accordance with the Fair Labor Standards Act and related regulations.,"Rep. Jaime S. Foster, 57th Dist.; Rep. Fred Gee, 126th Dist.",(CE),ftp://ftp.cga.ct.gov/2024/cbs/s/SB-0285.HTM,https://www.cga.ct.gov/2024/TOB/s/pdf/2024SB-00285-R00-SB.pdf
SB-0286.HTM,2024,Raised Bill,Education Committee,AN ACT CONCERNING EARLY CHILDHOOD CARE AND EDUCATION.,"To require early childhood care and education programs to pay its employees an annual salary that is in accordance with the proposed early childhood educator compensation schedule, to make any employee of an early childhood care and education program eligible for Care 4 Kids and to expand the early childhood incubator program.","Rep. Henry J. Genga, 10th Dist.; ",(ED),ftp://ftp.cga.ct.gov/2024/cbs/s/SB-0286.HTM,https://www.cga.ct.gov/2024/TOB/s/pdf/2024SB-00286-R00-SB.pdf
SB-0287.HTM,2024,Raised Bill,Education Committee,AN ACT CONCERNING INDOOR AIR QUALITY IN SCHOOLS.,"To (1) extend the reporting date of the indoor air quality within school buildings task force; (2) allow the cost of performing the uniform inspection and evaluation of HVAC systems to be a reimbursable cost under the heating, ventilation and air conditioning system grant program; and (3) provide boards of education flexibility when it comes to performing such uniform inspection and evaluations.","Rep. Jennifer Leeper, 132nd Dist.; Sen. Julie Kushner, 24th Dist.; Sen. Saud Anwar, 3rd Dist.; ",(ED),ftp://ftp.cga.ct.gov/2024/cbs/s/SB-0287.HTM,https://www.cga.ct.gov/2024/TOB/s/pdf/2024SB-00287-R00-SB.pdf
SB-0288.HTM,2024,Raised Bill,Education Committee,AN ACT IMPLEMENTING THE RECOMMENDATIONS OF THE DEPARTMENT OF ADMINISTRATIVE SERVICES REGARDING THE SCHOOL BUILDING PROJECTS STATUTES.,"To implement the recommendations of the Department of Administrative Services regarding the school building projects statutes by (1) clarifying the process for receiving a reimbursement rate incentive for being an inclusive municipality, (2) updating such statutes and repealing obsolete statutes, and (3) making other minor and conforming changes.",,(ED),ftp://ftp.cga.ct.gov/2024/cbs/s/SB-0288.HTM,https://www.cga.ct.gov/2024/TOB/s/pdf/2024SB-00288-R00-SB.pdf
SB-0289.HTM,2024,Raised Bill,Environment Committee,AN ACT CONCERNING THE AUTHORITY OF THE DEPARTMENTS OF ENERGY AND ENVIRONMENTAL PROTECTION AND TRANSPORTATION OVER VEGETATION MANAGEMENT.,To establish a commission to have authority over vegetation management in state parks and to require certain certificates for the use of tree and vegetation removal machinery and equipment along state highways.,"Rep. Geraldo C. Reyes, 75th Dist.; ",(ENV),ftp://ftp.cga.ct.gov/2024/cbs/s/SB-0289.HTM,https://www.cga.ct.gov/2024/TOB/s/pdf/2024SB-00289-R00-SB.pdf
SB-0290.HTM,2024,Raised Bill,Environment Committee,AN ACT CONCERNING MINOR REVISIONS TO ENVIRONMENT RELATED STATUTES.,To make minor revisions to environment-related statutes.,"Sen. Jan Hochadel, 13th Dist.; Rep. Geraldo C. Reyes, 75th Dist.; Sen. Julie Kushner, 24th Dist.; Rep. Brandon Chafee, 33rd Dist.; Rep. David Michel, 146th Dist.; Rep. Josh Elliott, 88th Dist.",(ENV),ftp://ftp.cga.ct.gov/2024/cbs/s/SB-0290.HTM,https://www.cga.ct.gov/2024/TOB/s/pdf/2024SB-00290-R00-SB.pdf
SB-0291.HTM,2024,Raised Bill,Environment Committee,AN ACT CONCERNING THE SALE OF CERTAIN BALLOONS.,To prohibit the sale of helium and lighter-than-air gas balloons that are not biodegradable.,"Sen. Jan Hochadel, 13th Dist.; Rep. James Sanchez, 6th Dist.",(ENV),ftp://ftp.cga.ct.gov/2024/cbs/s/SB-0291.HTM,https://www.cga.ct.gov/2024/TOB/s/pdf/2024SB-00291-R00-SB.pdf
SB-0292.HTM,2024,Raised Bill,Environment Committee,AN ACT CONCERNING THE USE OF PFAS IN CERTAIN PRODUCTS.,To prohibit the use of PFAS in certain products.,"Rep. Keith Denning, 42nd Dist.; Sen. Jan Hochadel, 13th Dist.; Rep. James Sanchez, 6th Dist.; Rep. David Michel, 146th Dist.; Rep. Geraldo C. Reyes, 75th Dist.; Rep. Rachel Khanna, 149th Dist.; Rep. Brandon Chafee, 33rd Dist.; Rep. Anne M. Hughes, 135th Dist.; Rep. Sarah Keitt, 134th Dist.; Sen. Tony Hwang, 28th Dist.; Rep. Jennifer Leeper, 132nd Dist.; Sen. Martha Marx, 20th Dist.; Rep. Gary A. Turco, 27th Dist.; Rep. Raghib Allie-Brennan, 2nd Dist.; Rep. Josh Elliott, 88th Dist.; Sen. Julie Kushner, 24th Dist.; Sen. Christine Cohen, 12th Dist.; Sen. Saud Anwar, 3rd Dist.; Rep. Ronald A. Napoli, 73rd Dist.; Rep. Patrick S. Boyd, 50th Dist.; Rep. Hubert D. Delany, 144th Dist.; Rep. Mary Fortier, 79th Dist.; Rep. Michelle L. Cook, 65th Dist.; Rep. Chris Aniskovich, 35th Dist.; Rep. William Pizzuto, 71st Dist.; Rep. Bill Buckbee, 67th Dist.; Rep. Maryam Khan, 5th Dist.; Rep. Larry B. Butler, 72nd Dist.; Rep. Craig C. Fishbein, 90th Dist.; Rep. Bobby G. Gibson, 15th Dist.; Rep. Devin R. Carney, 23rd Dist.; Sen. Kevin C. Kelly, 21st Dist.; Rep. Rachel Chaleski, 138th Dist.; Rep. Francis Cooley, 22nd Dist.; Rep. Robyn A. Porter, 94th Dist.; Rep. Joseph H. Zullo, 99th Dist.; Rep. Kathy Kennedy, 119th Dist.; Sen. Rob Sampson, 16th Dist.; Rep. Tracy Marra, 141st Dist.; Rep. Matt Blumenthal, 147th Dist.; Rep. Kathleen M. McCarty, 38th Dist.; Rep. Martin Foncello, 107th Dist.; Sen. Eric C. Berthel, 32nd Dist.; Sen. Jeff Gordon, 35th Dist.",(ENV),ftp://ftp.cga.ct.gov/2024/cbs/s/SB-0292.HTM,https://www.cga.ct.gov/2024/TOB/s/pdf/2024SB-00292-R00-SB.pdf
SB-0293.HTM,2024,Raised Bill,Environment Committee,AN ACT CONCERNING THE REDEMPTION OF OUT-OF-STATE BEVERAGE CONTAINERS.,To require a waste characterization study and needs assessment and increase certain transportation weight limits for vehicles hauling solid waste.,"Rep. Geraldo C. Reyes, 75th Dist.; ",(ENV),ftp://ftp.cga.ct.gov/2024/cbs/s/SB-0293.HTM,https://www.cga.ct.gov/2024/TOB/s/pdf/2024SB-00293-R00-SB.pdf
SB-0294.HTM,2024,Raised Bill,Environment Committee,AN ACT CONCERNING THE TAKING OF MUNICIPAL PARK LANDS BY MUNICIPALITIES.,"To clarify and strengthen the provision of the general statutes requiring municipalities that take, convert or repurpose park lands to provide comparable replacement land.",,(ENV),ftp://ftp.cga.ct.gov/2024/cbs/s/SB-0294.HTM,https://www.cga.ct.gov/2024/TOB/s/pdf/2024SB-00294-R00-SB.pdf
SB-0295.HTM,2024,Raised Bill,Environment Committee,AN ACT CONCERNING RECOMMENDATIONS OF THE LEGISLATIVE COMMISSIONERS' OFFICE FOR TECHNICAL CHANGES TO ENVIRONMENT-RELATED STATUTES.,To make technical changes to certain environment-related statutes.,,(ENV),ftp://ftp.cga.ct.gov/2024/cbs/s/SB-0295.HTM,https://www.cga.ct.gov/2024/TOB/s/pdf/2024SB-00295-R00-SB.pdf
SB-0296.HTM,2024,Raised Bill,Environment Committee,AN ACT ESTABLISHING A TASK FORCE TO STUDY THE ENFORCEMENT OF CERTAIN PROVISIONS OF THE GENERAL STATUTES CONCERNING ROAMING LIVESTOCK AND AMENDING CERTAIN STATUTES CONCERNING ROAMING LIVESTOCK.,To prohibit certain undesired interactions between roaming swine and bovine.,"Rep. Craig C. Fishbein, 90th Dist.; Sen. Heather S. Somers, 18th Dist.; Rep. Aundre Bumgardner, 41st Dist.; Rep. Tami Zawistowski, 61st Dist.; Rep. Francis Cooley, 22nd Dist.; Rep. Anne Dauphinais, 44th Dist.",(ENV),ftp://ftp.cga.ct.gov/2024/cbs/s/SB-0296.HTM,https://www.cga.ct.gov/2024/TOB/s/pdf/2024SB-00296-R00-SB.pdf
SB-0297.HTM,2024,Raised Bill,Energy and Technology Committee,AN ACT CONCERNING CONSUMER PROTECTION FOR CUSTOMERS OF SOLAR POWER COMPANIES.,"To (1) mandate procedures that residential solar photovoltaic systems providers and agents of such providers must follow when conducting residential solar photovoltaic system solicitations, and (2) establish a task force to study policies to improve consumer protection for customers of solar photovoltaic systems.",,(ET),ftp://ftp.cga.ct.gov/2024/cbs/s/SB-0297.HTM,https://www.cga.ct.gov/2024/TOB/s/pdf/2024SB-00297-R00-SB.pdf
SB-0298.HTM,2024,Raised Bill,Energy and Technology Committee,AN ACT CONCERNING A STUDY OF COMBINING ENERGY STORAGE SYSTEM DEPLOYMENT WITH NEW RESIDENTIAL SOLAR INSTALLATIONS.,To study combining the deployment of energy storage batteries with new residential solar installations.,,(ET),ftp://ftp.cga.ct.gov/2024/cbs/s/SB-0298.HTM,https://www.cga.ct.gov/2024/TOB/s/pdf/2024SB-00298-R00-SB.pdf
SB-0299.HTM,2024,Raised Bill,Energy and Technology Committee,AN ACT CONCERNING DATA CENTERS.,To require the Public Utilities Regulatory Authority to evaluate the impact of large data centers on grid reliability.,"Rep. Aundre Bumgardner, 41st Dist.; Rep. Holly H. Cheeseman, 37th Dist.; Rep. Devin R. Carney, 23rd Dist.; ",(ET),ftp://ftp.cga.ct.gov/2024/cbs/s/SB-0299.HTM,https://www.cga.ct.gov/2024/TOB/s/pdf/2024SB-00299-R00-SB.pdf
SB-0300.HTM,2024,Raised Bill,Energy and Technology Committee,AN ACT CONCERNING NATURAL GAS CAPACITY AND THE RENEWABLE PORTFOLIO STANDARD.,"To (1) study expanding natural gas capacity in the state, and (2) adjust the Renewable Portfolio Standard by redefining ""Class I renewable energy source"" to include all electricity derived from hydropower and nuclear power.",,(ET),ftp://ftp.cga.ct.gov/2024/cbs/s/SB-0300.HTM,https://www.cga.ct.gov/2024/TOB/s/pdf/2024SB-00300-R00-SB.pdf
SB-0301.HTM,2024,Raised Bill,Energy and Technology Committee,AN ACT CONCERNING ENERGY EFFICIENCY STANDARDS AND GRANTS FOR RETROFITTING PROJECTS.,"To (1) update state energy and water efficiency standards for appliances and other equipment, and (2) expand the Housing Environmental Improvement Revolving Loan and Grant Fund to include a grant program and adjust the bonding authorization for this program.","Sen. Julie Kushner, 24th Dist.; Rep. Brandon Chafee, 33rd Dist.; Rep. David Michel, 146th Dist.; Rep. Anne M. Hughes, 135th Dist.; Rep. Josh Elliott, 88th Dist.; ",(ET),ftp://ftp.cga.ct.gov/2024/cbs/s/SB-0301.HTM,https://www.cga.ct.gov/2024/TOB/s/pdf/2024SB-00301-R00-SB.pdf
SB-0302.HTM,2024,Raised Bill,Higher Education and Employment Advancement Committee,AN ACT EXPANDING THE TAX CREDIT FOR QUALIFIED APPRENTICESHIP TRAINING PROGRAMS AND ESTABLISHING A PILOT PROGRAM FOR CHILDREN INTERESTED IN TRADES.,"To (1) expand the tax credit for qualified apprenticeship training programs to all such programs (A) in industries beyond manufacturing, construction and plastics-related trades, and (B) regardless of the number of hours required for completion, and (2) establish a pilot program during the summer to introduce students in grades four to six, inclusive, to various trades.",,(HED),ftp://ftp.cga.ct.gov/2024/cbs/s/SB-0302.HTM,https://www.cga.ct.gov/2024/TOB/s/pdf/2024SB-00302-R00-SB.pdf
SB-0303.HTM,2024,Raised Bill,Higher Education and Employment Advancement Committee,AN ACT CONCERNING THE LEGISLATIVE COMMISSIONERS' RECOMMENDATIONS FOR TECHNICAL REVISIONS TO THE HIGHER EDUCATION STATUTES.,To make grammatical and technical revisions to the higher education statutes.,,(HED),ftp://ftp.cga.ct.gov/2024/cbs/s/SB-0303.HTM,https://www.cga.ct.gov/2024/TOB/s/pdf/2024SB-00303-R00-SB.pdf
SB-0304.HTM,2024,Raised Bill,Higher Education and Employment Advancement Committee,AN ACT IMPLEMENTING THE RECOMMENDATIONS OF THE CONNECTICUT HIGHER EDUCATION SUPPLEMENTAL LOAN AUTHORITY.,To allow students under eighteen years of age to qualify for authority loans and allow the authority to fund special capital reserve funds with a surety policy or similar instrument.,"Rep. Maryam Khan, 5th Dist.; ",(HED),ftp://ftp.cga.ct.gov/2024/cbs/s/SB-0304.HTM,https://www.cga.ct.gov/2024/TOB/s/pdf/2024SB-00304-R00-SB.pdf
SB-0305.HTM,2024,Raised Bill,Higher Education and Employment Advancement Committee,AN ACT IMPLEMENTING THE RECOMMENDATIONS OF THE CONNECTICUT HEALTH AND EDUCATIONAL FACILITIES AUTHORITY.,To allow the CHEFA Community Development Corporation to provide financial assistance for child care facility projects in child care deserts and to reserve tax credits for cash contributions to the corporation.,,(HED),ftp://ftp.cga.ct.gov/2024/cbs/s/SB-0305.HTM,https://www.cga.ct.gov/2024/TOB/s/pdf/2024SB-00305-R00-SB.pdf
SB-0306.HTM,2024,Raised Bill,Human Services Committee,AN ACT PROVIDING FOR THE PHASED-OUT ELIMINATION OF ASSET LIMITS IN THE HUSKY C PROGRAM.,To eliminate asset limits for HUSKY C health benefits over a five-year period.,"Sen. Martin M. Looney, 11th Dist.; Rep. Susan M. Johnson, 49th Dist.; Sen. Herron Gaston, 23rd Dist.; Rep. David Michel, 146th Dist.; Sen. Julie Kushner, 24th Dist.; ",(HS),ftp://ftp.cga.ct.gov/2024/cbs/s/SB-0306.HTM,https://www.cga.ct.gov/2024/TOB/s/pdf/2024SB-00306-R00-SB.pdf
SB-0307.HTM,2024,Raised Bill,Human Services Committee,AN ACT CONCERNING MEDICAID COVERAGE OF BIOMARKER TESTING.,To improve outcomes for Medicaid enrollees afflicted with cancer and other diseases by utilizing biomarker testing to help guide treatment.,"Sen. Jeff Gordon, 35th Dist.; Rep. Christine Palm, 36th Dist.; Rep. Sarah Keitt, 134th Dist.; Rep. Fred Gee, 126th Dist.; Rep. Jennifer Leeper, 132nd Dist.; Rep. Mary M. Mushinsky, 85th Dist.; Rep. Cristin McCarthy Vahey, 133rd Dist.; Rep. Maria P. Horn, 64th Dist.; Rep. Josh Elliott, 88th Dist.; Sen. Tony Hwang, 28th Dist.; Sen. MD Rahman, 4th Dist.; Sen. Jan Hochadel, 13th Dist.; Sen. Saud Anwar, 3rd Dist.; Sen. Matthew L. Lesser, 9th Dist.; Rep. Eleni Kavros DeGraw, 17th Dist.; Rep. David Michel, 146th Dist.; Rep. Aimee Berger-Girvalo, 111th Dist.; Rep. Lucy Dathan, 142nd Dist.; Rep. Francis Cooley, 22nd Dist.; Rep. Patricia A. Dillon, 92nd Dist.; Rep. Christopher Poulos, 81st Dist.; Rep. Maryam Khan, 5th Dist.; Rep. William Pizzuto, 71st Dist.; Rep. Mitch Bolinsky, 106th Dist.; Rep. Hilda E. Santiago, 84th Dist.; Rep. Jason Doucette, 13th Dist.; Sen. Kevin C. Kelly, 21st Dist.; Rep. Joseph H. Zullo, 99th Dist.; Sen. Patricia Billie Miller, 27th Dist.; Rep. Kathy Kennedy, 119th Dist.; Rep. Matt Blumenthal, 147th Dist.; Sen. Eric C. Berthel, 32nd Dist.",(HS),ftp://ftp.cga.ct.gov/2024/cbs/s/SB-0307.HTM,https://www.cga.ct.gov/2024/TOB/s/pdf/2024SB-00307-R00-SB.pdf
SB-0308.HTM,2024,Raised Bill,Human Services Committee,AN ACT CONCERNING WHEELCHAIR REPAIR REQUIREMENTS.,To implement task force recommendations concerning timely wheelchair repair.,"Rep. Jason Doucette, 13th Dist.; Rep. Tom Delnicki, 14th Dist.; Sen. MD Rahman, 4th Dist.; Rep. Brandon Chafee, 33rd Dist.; Rep. David Michel, 146th Dist.; Sen. Saud Anwar, 3rd Dist.; Sen. Julie Kushner, 24th Dist.; Rep. Robyn A. Porter, 94th Dist.; Rep. Travis Simms, 140th Dist.; Rep. Frank Smith, 118th Dist.; Rep. Tami Zawistowski, 61st Dist.; Rep. Mary Fortier, 79th Dist.; Rep. Holly H. Cheeseman, 37th Dist.; Rep. Anabel D. Figueroa, 148th Dist.; Rep. Kevin Ryan, 139th Dist.; Rep. Bill Buckbee, 67th Dist.; Rep. Gregory Haddad, 54th Dist.; Rep. William Pizzuto, 71st Dist.; Rep. Eleni Kavros DeGraw, 17th Dist.; Rep. Bobby G. Gibson, 15th Dist.; Rep. Larry B. Butler, 72nd Dist.; Rep. Kara Rochelle, 104th Dist.; Rep. Hilda E. Santiago, 84th Dist.; Rep. Michelle L. Cook, 65th Dist.; Rep. David Rutigliano, 123rd Dist.; Rep. Maryam Khan, 5th Dist.; Rep. Donna Veach, 30th Dist.; Sen. Matthew L. Lesser, 9th Dist.; Rep. Patricia A. Dillon, 92nd Dist.; Rep. Kathy Kennedy, 119th Dist.; Rep. Tracy Marra, 141st Dist.; Rep. Matt Blumenthal, 147th Dist.; Sen. John A. Kissel, 7th Dist.; Sen. Patricia Billie Miller, 27th Dist.; Sen. Eric C. Berthel, 32nd Dist.; ",(HS),ftp://ftp.cga.ct.gov/2024/cbs/s/SB-0308.HTM,https://www.cga.ct.gov/2024/TOB/s/pdf/2024SB-00308-R00-SB.pdf
SB-0309.HTM,2024,Raised Bill,Human Services Committee,AN ACT CONCERNING A STUDY OF MEDICAL ASSISTANCE FOR CERTAIN LEGALLY PRESENT NONCITIZENS.,To study the feasibility of restoring a program providing state-funded medical assistance for assisted living and nursing facility care for certain noncitizens who are lawfully present.,,(HS),ftp://ftp.cga.ct.gov/2024/cbs/s/SB-0309.HTM,https://www.cga.ct.gov/2024/TOB/s/pdf/2024SB-00309-R00-SB.pdf
SB-0310.HTM,2024,Raised Bill,Human Services Committee,"AN ACT CONCERNING COMPENSATION FOR FAMILY CAREGIVERS, RETROACTIVE ELIGIBILITY FOR MEDICAID AND TREATMENT OF ASSETS DISCOVERED AFTER AN APPLICATION FOR MEDICAL ASSISTANCE.","To pay family caregivers authorized to receive compensation in Medicaid-funded programs at the rate of professional caregivers, grant retroactive Medicaid eligibility to eligible home care clients and remove penalties for assets discovered after Medicaid applications.",,(HS),ftp://ftp.cga.ct.gov/2024/cbs/s/SB-0310.HTM,https://www.cga.ct.gov/2024/TOB/s/pdf/2024SB-00310-R00-SB.pdf
SB-0311.HTM,2024,Raised Bill,Human Services Committee,AN ACT CONCERNING THE CONNECTICUT HOME-CARE PROGRAM FOR THE ELDERLY.,"To expand access to the Connecticut home-care program for the elderly by establishing presumptive eligibility for Medicaid-funded services, reducing copayments, increasing asset limits, and expanding categories of persons who may be covered under the state-funded program and to authorize compensation for family caregivers.",,(HS),ftp://ftp.cga.ct.gov/2024/cbs/s/SB-0311.HTM,https://www.cga.ct.gov/2024/TOB/s/pdf/2024SB-00311-R00-SB.pdf
SB-0312.HTM,2024,Raised Bill,Human Services Committee,AN ACT CONCERNING A JANITORIAL WORK PROGRAM FOR PERSONS WITH A DISABILITY AND PERSONS WITH A DISADVANTAGE.,To update statutes concerning work opportunities for persons with a disability or a disadvantage.,"Sen. Lisa Seminara, 8th Dist.; ",(HS),ftp://ftp.cga.ct.gov/2024/cbs/s/SB-0312.HTM,https://www.cga.ct.gov/2024/TOB/s/pdf/2024SB-00312-R00-SB.pdf
SB-0313.HTM,2024,Raised Bill,Human Services Committee,AN ACT CONCERNING CONTINUOUS MEDICAID ELIGIBILITY FOR CHILDREN UNDER THE AGE OF SIX.,To provide continuous Medicaid eligibility for eligible children under the age of six.,"Rep. Gary A. Turco, 27th Dist.; Sen. Matthew L. Lesser, 9th Dist.",(HS),ftp://ftp.cga.ct.gov/2024/cbs/s/SB-0313.HTM,https://www.cga.ct.gov/2024/TOB/s/pdf/2024SB-00313-R00-SB.pdf
SB-0314.HTM,2024,Raised Bill,Human Services Committee,AN ACT CONCERNING EMERGENCY MEDICAID COVERAGE FOR TREATMENT OF EMERGENCY MEDICAL CONDITIONS.,To require the Commissioner of Social Services to upgrade policies to provide Medicaid coverage for more outpatient treatment of emergency medical conditions.,"Sen. Martin M. Looney, 11th Dist.; Sen. Julie Kushner, 24th Dist.; Rep. Josh Elliott, 88th Dist.; Rep. David Michel, 146th Dist.; Sen. Jorge Cabrera, 17th Dist.; Rep. Anne M. Hughes, 135th Dist.; Rep. Jillian Gilchrest, 18th Dist.; Rep. Anthony L. Nolan, 39th Dist.; Rep. Julio A. Concepcion, 4th Dist.; Rep. Kate Farrar, 20th Dist.; Rep. Geraldo C. Reyes, 75th Dist.; Rep. Anabel D. Figueroa, 148th Dist.; Rep. Keith Denning, 42nd Dist.; Rep. Corey P. Paris, 145th Dist.; Rep. James Sanchez, 6th Dist.; Rep. Robert Sanchez, 25th Dist.; Rep. Aimee Berger-Girvalo, 111th Dist.; Rep. Patricia A. Dillon, 92nd Dist.; Sen. Derek Slap, 5th Dist.; Rep. Kadeem Roberts, 137th Dist.; Rep. Jane M. Garibay, 60th Dist.; ",(HS),ftp://ftp.cga.ct.gov/2024/cbs/s/SB-0314.HTM,https://www.cga.ct.gov/2024/TOB/s/pdf/2024SB-00314-R00-SB.pdf
SB-0315.HTM,2024,Raised Bill,Human Services Committee,AN ACT IMPLEMENTING THE CERTIFIED COMMUNITY BEHAVIORAL HEALTH CLINIC MODEL IN THE MEDICAID PROGRAM.,To authorize the state to join a Medicaid demonstration project to improve delivery of behavioral health care through certified community behavioral health clinics.,,(HS),ftp://ftp.cga.ct.gov/2024/cbs/s/SB-0315.HTM,https://www.cga.ct.gov/2024/TOB/s/pdf/2024SB-00315-R00-SB.pdf
SB-0316.HTM,2024,Raised Bill,Human Services Committee,AN ACT CONCERNING A STUDY OF STATE-FUNDED ASSISTED LIVING SERVICES.,To study the costs and benefits of expanding state-funded assisted living services.,"Rep. Cara Christine Pavalock-D'Amato, 77th Dist.; Sen. Henri Martin, 31st Dist.; Sen. Kevin C. Kelly, 21st Dist.; ",(HS),ftp://ftp.cga.ct.gov/2024/cbs/s/SB-0316.HTM,https://www.cga.ct.gov/2024/TOB/s/pdf/2024SB-00316-R00-SB.pdf
SB-0317.HTM,2024,Raised Bill,Human Services Committee,AN ACT EXPANDING THE COVERED CONNECTICUT PROGRAM.,To establish a second tier of the Covered Connecticut program to provide health care benefits at a reduced cost to persons whose income does not exceed three hundred per cent of the federal poverty level.,,(HS),ftp://ftp.cga.ct.gov/2024/cbs/s/SB-0317.HTM,https://www.cga.ct.gov/2024/TOB/s/pdf/2024SB-00317-R00-SB.pdf
SB-0318.HTM,2024,Raised Bill,Human Services Committee,AN ACT CONCERNING A STUDY OF PRIVATE EQUITY OWNERSHIP OF NURSING HOMES.,To require the Commissioner of Social Services to study ownership of nursing homes by private equity firms and report on any correlation between such ownership and negative ratings for quality of care.,,(HS),ftp://ftp.cga.ct.gov/2024/cbs/s/SB-0318.HTM,https://www.cga.ct.gov/2024/TOB/s/pdf/2024SB-00318-R00-SB.pdf
SB-0319.HTM,2024,Raised Bill,Human Services Committee,AN ACT ESTABLISHING A TASK FORCE TO STUDY THE NEED FOR ADULT CHANGING STATIONS IN PUBLIC FACILITIES.,To study the need for private adult changing stations for persons with disabilities who require assistance with personal hygiene.,"Sen. John A. Kissel, 7th Dist.; ",(HS),ftp://ftp.cga.ct.gov/2024/cbs/s/SB-0319.HTM,https://www.cga.ct.gov/2024/TOB/s/pdf/2024SB-00319-R00-SB.pdf
SB-0320.HTM,2024,Raised Bill,Insurance and Real Estate Committee,AN ACT CONCERNING EARLY CHILDHOOD DEVELOPMENTAL DISORDERS.,To expand the definition of autism spectrum disorder to include early childhood developmental disorders for purposes of health insurance coverage.,"Rep. Lucy Dathan, 142nd Dist.; Sen. Saud Anwar, 3rd Dist.; Rep. Keith Denning, 42nd Dist.; ",(INS),ftp://ftp.cga.ct.gov/2024/cbs/s/SB-0320.HTM,https://www.cga.ct.gov/2024/TOB/s/pdf/2024SB-00320-R00-SB.pdf
SB-0321.HTM,2024,Raised Bill,Insurance and Real Estate Committee,AN ACT CONCERNING CAPTIVE INSURANCE AND THE CONVERSION OF PROTECTED CELLS.,"To allow sponsored captive insurance companies to convert one or more protected cells or incorporated protected cells into a new protected cell, incorporated protected cell, captive insurance company or risk retention group without impacting such cell's assets, rights, benefits, obligations and liabilities.",,(INS),ftp://ftp.cga.ct.gov/2024/cbs/s/SB-0321.HTM,https://www.cga.ct.gov/2024/TOB/s/pdf/2024SB-00321-R00-SB.pdf
SB-0322.HTM,2024,Raised Bill,Insurance and Real Estate Committee,AN ACT CONCERNING MOTOR VEHICLE PROTECTION PRODUCTS.,To regulate the business of extended warranties for motor vehicles and vehicle theft protection product warranties in this state.,"Rep. Tom Delnicki, 14th Dist.; ",(INS),ftp://ftp.cga.ct.gov/2024/cbs/s/SB-0322.HTM,https://www.cga.ct.gov/2024/TOB/s/pdf/2024SB-00322-R00-SB.pdf
SB-0323.HTM,2024,Raised Bill,Insurance and Real Estate Committee,AN ACT CONCERNING FEDERAL HOME LOAN BANKS AND THE INSURERS REHABILITATION AND LIQUIDATION ACT.,"To extend certain protections to a Federal Home Loan Bank for any pledge, security, credit, collateral, loan, advance, reimbursement or guarantee agreement or arrangement or any similar agreement or arrangement or other credit enhancement to which such bank is a party with an insurance company that is under conservation, rehabilitation, liquidation or administrative supervision by the Insurance Department.","Rep. Tom Delnicki, 14th Dist.; ",(INS),ftp://ftp.cga.ct.gov/2024/cbs/s/SB-0323.HTM,https://www.cga.ct.gov/2024/TOB/s/pdf/2024SB-00323-R00-SB.pdf
SB-0324.HTM,2024,Raised Bill,Judiciary Committee,AN ACT CONCERNING PROBATE COURT OPERATIONS AND ADMINISTRATION.,"To make statutory changes relating to the (1) types of documents that may be remotely notarized in Probate Court, and (2) provision of notice, receipt of fees and the consistent use of terminology in certain Probate Court proceedings.",,(JUD),ftp://ftp.cga.ct.gov/2024/cbs/s/SB-0324.HTM,https://www.cga.ct.gov/2024/TOB/s/pdf/2024SB-00324-R00-SB.pdf
SB-0325.HTM,2024,Raised Bill,Committee on Children,AN ACT CONCERNING CHILDREN'S WELFARE.,To require the Commissioner of Children and Families to conduct a study to determine whether policy and procedural changes within the Department of Children and Families may improve the welfare of children.,"Rep. Kadeem Roberts, 137th Dist.; Rep. Geraldo C. Reyes, 75th Dist.",(KID),ftp://ftp.cga.ct.gov/2024/cbs/s/SB-0325.HTM,https://www.cga.ct.gov/2024/TOB/s/pdf/2024SB-00325-R00-SB.pdf
SB-0326.HTM,2024,Raised Bill,Committee on Children,AN ACT CONCERNING THE BABY'S FIRST CT LIBRARY CARD PILOT PROGRAM.,To provide funds for the Baby's First CT Library Card pilot program.,,(KID),ftp://ftp.cga.ct.gov/2024/cbs/s/SB-0326.HTM,https://www.cga.ct.gov/2024/TOB/s/pdf/2024SB-00326-R00-SB.pdf
SB-0327.HTM,2024,Raised Bill,Committee on Children,AN ACT ESTABLISHING A TASK FORCE TO STUDY THE EFFECTS OF HATE SPEECH AND BULLYING ON CHILDREN.,To establish a task force to study the effects of hate speech on children.,"Sen. Saud Anwar, 3rd Dist.; Rep. Kadeem Roberts, 137th Dist.; Rep. Sarah Keitt, 134th Dist.; Rep. Devin R. Carney, 23rd Dist.; Rep. Geraldo C. Reyes, 75th Dist.; Rep. Dominique Johnson, 143rd Dist.; Rep. William Pizzuto, 71st Dist.; Rep. Tim Ackert, 8th Dist.; Rep. Rachel Chaleski, 138th Dist.; Rep. Michelle L. Cook, 65th Dist.; Rep. Joseph H. Zullo, 99th Dist.; Rep. Kathy Kennedy, 119th Dist.; Rep. Tracy Marra, 141st Dist.; Sen. John A. Kissel, 7th Dist.; Rep. Martin Foncello, 107th Dist.; Rep. Matt Blumenthal, 147th Dist.; Sen. Paul Cicarella, 34th Dist.; Sen. Eric C. Berthel, 32nd Dist.; Sen. Jeff Gordon, 35th Dist.; ",(KID),ftp://ftp.cga.ct.gov/2024/cbs/s/SB-0327.HTM,https://www.cga.ct.gov/2024/TOB/s/pdf/2024SB-00327-R00-SB.pdf
SB-0328.HTM,2024,Raised Bill,Labor and Public Employees Committee,AN ACT CONCERNING PERMANENT PARTIAL DISABILITY BENEFITS AND PENSION OFFSETS.,To prohibit municipal or special taxing district pension systems from diminishing or eliminating certain retirement rights and benefits due to the receipt of permanent partial disability benefits.,"Rep. Tom Delnicki, 14th Dist.; ",(LAB),ftp://ftp.cga.ct.gov/2024/cbs/s/SB-0328.HTM,https://www.cga.ct.gov/2024/TOB/s/pdf/2024SB-00328-R00-SB.pdf
SB-0329.HTM,2024,Raised Bill,Labor and Public Employees Committee,AN ACT CONCERNING HYBRID OR TELEWORK WORK SCHEDULES.,"To require the Labor Commissioner, in consultation with the Department of Energy and Environmental Protection and the Department of Transportation, to develop a marketing campaign on the impacts of hybrid and telework work schedules.",,(LAB),ftp://ftp.cga.ct.gov/2024/cbs/s/SB-0329.HTM,https://www.cga.ct.gov/2024/TOB/s/pdf/2024SB-00329-R00-SB.pdf
SB-0330.HTM,2024,Raised Bill,Labor and Public Employees Committee,AN ACT ESTABLISHING A TASK FORCE TO STUDY TRANSPORTATION BARRIERS THAT LIMIT ACCESS TO WORK-BASED LEARNING PROGRAMS.,To establish a task force to study transportation barriers that limit access to work-based learning programs.,,(LAB),ftp://ftp.cga.ct.gov/2024/cbs/s/SB-0330.HTM,https://www.cga.ct.gov/2024/TOB/s/pdf/2024SB-00330-R00-SB.pdf
SB-0331.HTM,2024,Raised Bill,Labor and Public Employees Committee,AN ACT CONCERNING STATE MARSHALS' HEALTH BENEFITS.,To provide certain state marshals with medical insurance benefits in the same manner as other state employees.,"Rep. Joshua M. Hall, 7th Dist.; Rep. David K. Labriola, 131st Dist.",(LAB),ftp://ftp.cga.ct.gov/2024/cbs/s/SB-0331.HTM,https://www.cga.ct.gov/2024/TOB/s/pdf/2024SB-00331-R00-SB.pdf
SB-0332.HTM,2024,Raised Bill,Labor and Public Employees Committee,AN ACT CONCERNING PORTAL TO PORTAL COVERAGE FOR PUBLIC WORKS DEPARTMENT EMPLOYEES.,To provide portal to portal coverage for employees of a public works department.,,(LAB),ftp://ftp.cga.ct.gov/2024/cbs/s/SB-0332.HTM,https://www.cga.ct.gov/2024/TOB/s/pdf/2024SB-00332-R00-SB.pdf
SB-0333.HTM,2024,Raised Bill,Planning and Development Committee,AN ACT CONCERNING LOCAL CHARTER REVISIONS.,"To remove prohibitions against a municipality modifying certain local charter provisions pertaining to (1) planning and zoning commissions, (2) the process of eminent domain, and (3) the disposition of municipal property.","Rep. David Michel, 146th Dist.; Rep. Tom O'Dea, 125th Dist.; Rep. Anabel D. Figueroa, 148th Dist.; Sen. Ryan Fazio, 36th Dist.; Sen. Rob Sampson, 16th Dist.; Rep. Christine Conley, 40th Dist.; Rep. Tom Delnicki, 14th Dist.; Rep. William Pizzuto, 71st Dist.",(PD),ftp://ftp.cga.ct.gov/2024/cbs/s/SB-0333.HTM,https://www.cga.ct.gov/2024/TOB/s/pdf/2024SB-00333-R00-SB.pdf
SB-0334.HTM,2024,Raised Bill,Planning and Development Committee,AN ACT REQUIRING PENSIONS FOR POLICE OFFICERS AND FIREFIGHTERS EMPLOYED BY MUNICIPALITIES.,To require that municipalities employing police officers and firefighters provide such officers and firefighters with pensions through the municipal employees' retirement system or another system that offers comparable or superior benefits.,"Rep. Tom Delnicki, 14th Dist.; Rep. Gary A. Turco, 27th Dist.; Rep. Jaime S. Foster, 57th Dist.; Rep. Anthony L. Nolan, 39th Dist.; Sen. Saud Anwar, 3rd Dist.; ",(PD),ftp://ftp.cga.ct.gov/2024/cbs/s/SB-0334.HTM,https://www.cga.ct.gov/2024/TOB/s/pdf/2024SB-00334-R00-SB.pdf
SB-0335.HTM,2024,Raised Bill,Planning and Development Committee,AN ACT CONCERNING SHORT-TERM RENTAL PROPERTIES.,To authorize municipalities to adopt ordinances concerning short-term rental properties and hire consultants to assist in the development of such ordinances.,"Sen. Martin M. Looney, 11th Dist.; Sen. MD Rahman, 4th Dist.; Rep. Joseph H. Zullo, 99th Dist.; Rep. Robin E. Comey, 102nd Dist.",(PD),ftp://ftp.cga.ct.gov/2024/cbs/s/SB-0335.HTM,https://www.cga.ct.gov/2024/TOB/s/pdf/2024SB-00335-R00-SB.pdf
SB-0336.HTM,2024,Raised Bill,Planning and Development Committee,AN ACT CONCERNING THE METROPOLITAN DISTRICT OF HARTFORD COUNTY'S INDEPENDENT CONSUMER ADVOCATE.,"To amend provisions concerning costs relating to and the appointment and term of the Metropolitan District of Hartford County's Independent Consumer Advocate, and make technical changes.","Rep. Tom Delnicki, 14th Dist.; Rep. Tami Zawistowski, 61st Dist.; Rep. Gary A. Turco, 27th Dist.; Rep. Bobby G. Gibson, 15th Dist.; Rep. Kate Farrar, 20th Dist.; Rep. James Sanchez, 6th Dist.; Sen. Derek Slap, 5th Dist.; Sen. Matthew L. Lesser, 9th Dist.",(PD),ftp://ftp.cga.ct.gov/2024/cbs/s/SB-0336.HTM,https://www.cga.ct.gov/2024/TOB/s/pdf/2024SB-00336-R00-SB.pdf
SB-0337.HTM,2024,Raised Bill,Public Safety and Security Committee,AN ACT CONCERNING STREET TAKEOVERS AND THE ILLEGAL USE OF CERTAIN VEHICLES.,"To (1) revise provisions regarding forfeiture of certain illegally used vehicles, (2) authorize municipalities to adopt an ordinance related to street takeovers, (3) establish penalties for driving while a person's license is suspended or revoked due to a violation related to a street takeover, and (4) establish a grant program to provide funds to municipalities to enforce laws related to street takeovers and the illegal use of certain vehicles.","Sen. Tony Hwang, 28th Dist.; Sen. Martin M. Looney, 11th Dist.; Rep. Michael DiGiovancarlo, 74th Dist.; Rep. Michael D Quinn, 82nd Dist.; Rep. Gary A. Turco, 27th Dist.; Rep. Greg S. Howard, 43rd Dist.; Sen. Henri Martin, 31st Dist.; Sen. Jeff Gordon, 35th Dist.; Sen. Derek Slap, 5th Dist.; Rep. John-Michael Parker, 101st Dist.; Sen. Paul Cicarella, 34th Dist.; Rep. Brian Lanoue, 45th Dist.; Rep. Kara Rochelle, 104th Dist.; Rep. Jill Barry, 31st Dist.; Rep. Patricia A. Dillon, 92nd Dist.; Rep. Tom Delnicki, 14th Dist.",(PS),ftp://ftp.cga.ct.gov/2024/cbs/s/SB-0337.HTM,https://www.cga.ct.gov/2024/TOB/s/pdf/2024SB-00337-R00-SB.pdf
SB-0338.HTM,2024,Raised Bill,Public Safety and Security Committee,AN ACT EXPANDING THE ELIGIBILITY FOR GRANTS TO REMOVE PFAS FROM FIRE APPARATUS.,"To make independent fire companies and state entities eligible for grants to remove PFAS from fire apparatus and also allow grants to provide reimbursement for removals of PFAS that occurred prior to July 1, 2023.","Rep. Eleni Kavros DeGraw, 17th Dist.; Rep. Tammy R. Exum, 19th Dist.; Rep. Greg S. Howard, 43rd Dist.; Sen. Lisa Seminara, 8th Dist.; Rep. Ben McGorty, 122nd Dist.; Sen. Catherine A. Osten, 19th Dist.; Rep. Carol Hall, 59th Dist.; ",(PS),ftp://ftp.cga.ct.gov/2024/cbs/s/SB-0338.HTM,https://www.cga.ct.gov/2024/TOB/s/pdf/2024SB-00338-R00-SB.pdf
SB-0339.HTM,2024,Raised Bill,Public Safety and Security Committee,AN ACT REQUIRING RESTITUTION WHEN A POLICE ANIMAL OR DOG IN A VOLUNTEER CANINE SEARCH AND RESCUE TEAM IS INJURED OR KILLED.,"To require restitution to the law enforcement unit, entity or individual that owns a police animal or dog in a volunteer canine search and rescue team when such animal or dog is injured or killed.","Rep. Craig C. Fishbein, 90th Dist.; Sen. Heather S. Somers, 18th Dist.; Sen. Tony Hwang, 28th Dist.; Sen. Paul Cicarella, 34th Dist.; Rep. Tony J Scott, 112th Dist.; Rep. Tammy Nuccio, 53rd Dist.; Rep. Nicole Klarides-Ditria, 105th Dist.; Rep. Ben McGorty, 122nd Dist.; Rep. Michael DiGiovancarlo, 74th Dist.; Rep. Kurt Vail, 52nd Dist.; Rep. Michael D Quinn, 82nd Dist.; Rep. Tom Delnicki, 14th Dist.; Rep. Greg S. Howard, 43rd Dist.; Rep. Rick L. Hayes, 51st Dist.; Rep. Gale L. Mastrofrancesco, 80th Dist.; Rep. Jill Barry, 31st Dist.; Rep. Patricia A. Dillon, 92nd Dist.; Rep. Brian Lanoue, 45th Dist.; Sen. Kevin C. Kelly, 21st Dist.; Sen. Lisa Seminara, 8th Dist.; Rep. Tami Zawistowski, 61st Dist.; Rep. Mitch Bolinsky, 106th Dist.; Rep. William Pizzuto, 71st Dist.; Rep. Francis Cooley, 22nd Dist.; Rep. Patrick E. Callahan, 108th Dist.; Rep. Anne Dauphinais, 44th Dist.; Rep. Cindy Harrison, 69th Dist.; Rep. Cara Christine Pavalock-D'Amato, 77th Dist.; Rep. Jason Perillo, 113th Dist.; Rep. David Rutigliano, 123rd Dist.; Rep. Martin Foncello, 107th Dist.; Rep. Rachel Chaleski, 138th Dist.; Rep. Dave W. Yaccarino, 87th Dist.; Rep. Devin R. Carney, 23rd Dist.; Rep. Henry J. Genga, 10th Dist.; Rep. Seth Bronko, 70th Dist.; Rep. Tracy Marra, 141st Dist.; Rep. Matt Blumenthal, 147th Dist.; Sen. John A. Kissel, 7th Dist.; Rep. Kathleen M. McCarty, 38th Dist.; Sen. Eric C. Berthel, 32nd Dist.; Sen. Jeff Gordon, 35th Dist.; Sen. Henri Martin, 31st Dist.; ",(PS),ftp://ftp.cga.ct.gov/2024/cbs/s/SB-0339.HTM,https://www.cga.ct.gov/2024/TOB/s/pdf/2024SB-00339-R00-SB.pdf
SB-0340.HTM,2024,Raised Bill,Public Safety and Security Committee,AN ACT CONCERNING TOBACCO DEALER LICENSES.,"To (1) permit municipalities to adopt an ordinance requiring a person applying for renewal of a tobacco dealer's license to inform the chief law enforcement official, or such official's designee, of the application, (2) permit such chief or designee to submit comments regarding the application, and (3) require the Commissioner of Revenue Services to consider such comments prior to approving such an application.","Rep. Josh Elliott, 88th Dist.; Sen. Martin M. Looney, 11th Dist.; Rep. Ronald A. Napoli, 73rd Dist.; Rep. Greg S. Howard, 43rd Dist.; Rep. Alphonse Paolillo, 97th Dist.; ",(PS),ftp://ftp.cga.ct.gov/2024/cbs/s/SB-0340.HTM,https://www.cga.ct.gov/2024/TOB/s/pdf/2024SB-00340-R00-SB.pdf
SB-0341.HTM,2024,Raised Bill,Public Safety and Security Committee,AN ACT ESTABLISHING A FALLEN OFFICER FUND AND PROVIDING HEALTH INSURANCE COVERAGE TO SURVIVORS OF A POLICE OFFICER KILLED IN THE LINE OF DUTY.,To establish a Fallen Officer Fund to provide payments to the surviving family of a police officer killed in the line of duty.,"Rep. Craig C. Fishbein, 90th Dist.; Rep. Gary A. Turco, 27th Dist.; Rep. Patrick S. Boyd, 50th Dist.; Rep. Michael DiGiovancarlo, 74th Dist.; Rep. Ben McGorty, 122nd Dist.; Rep. Michael D Quinn, 82nd Dist.; Sen. Henri Martin, 31st Dist.; Rep. Jaime S. Foster, 57th Dist.; Rep. Greg S. Howard, 43rd Dist.; Rep. Tom Delnicki, 14th Dist.; Rep. Jill Barry, 31st Dist.; Rep. Francis Cooley, 22nd Dist.; Rep. Christopher Poulos, 81st Dist.; Rep. Kerry S. Wood, 29th Dist.; Sen. Saud Anwar, 3rd Dist.; Sen. Joan V. Hartley, 15th Dist.; Rep. Tami Zawistowski, 61st Dist.; Rep. Martin Foncello, 107th Dist.; Rep. Farley Santos, 109th Dist.; Rep. Kara Rochelle, 104th Dist.; Rep. Eleni Kavros DeGraw, 17th Dist.; Rep. David Rutigliano, 123rd Dist.; Rep. Donna Veach, 30th Dist.; Rep. William Pizzuto, 71st Dist.; Rep. Tom O'Dea, 125th Dist.; Rep. Nicole Klarides-Ditria, 105th Dist.; Rep. Laura Dancho, 120th Dist.; Rep. Bill Buckbee, 67th Dist.; Rep. Dave W. Yaccarino, 87th Dist.; Rep. Tim Ackert, 8th Dist.; Rep. Irene M. Haines, 34th Dist.; Rep. Mitch Bolinsky, 106th Dist.; Rep. Hilda E. Santiago, 84th Dist.; Rep. Devin R. Carney, 23rd Dist.; Sen. Kevin C. Kelly, 21st Dist.; Rep. Cindy Harrison, 69th Dist.; Rep. Kathy Kennedy, 119th Dist.; Rep. Tracy Marra, 141st Dist.; Rep. Matt Blumenthal, 147th Dist.; Sen. Jeff Gordon, 35th Dist.; Rep. Rachel Chaleski, 138th Dist.; Rep. Kathleen M. McCarty, 38th Dist.",(PS),ftp://ftp.cga.ct.gov/2024/cbs/s/SB-0341.HTM,https://www.cga.ct.gov/2024/TOB/s/pdf/2024SB-00341-R00-SB.pdf
SB-0342.HTM,2024,Raised Bill,Public Safety and Security Committee,AN ACT CONCERNING THE CONFIDENTIALITY OF COMMUNICATIONS BETWEEN PEER SUPPORT TEAM MEMBERS AND DEPARTMENT OF CORRECTION EMPLOYEES.,To provide confidentiality for communications between peer support team members and Department of Correction officers.,"Rep. Craig C. Fishbein, 90th Dist.; Rep. Kurt Vail, 52nd Dist.; Rep. Michael DiGiovancarlo, 74th Dist.; Rep. Michael D Quinn, 82nd Dist.; Rep. Greg S. Howard, 43rd Dist.; Rep. Christopher Poulos, 81st Dist.; Rep. Jill Barry, 31st Dist.; Sen. Catherine A. Osten, 19th Dist.; Rep. Gregory Haddad, 54th Dist.; Sen. John A. Kissel, 7th Dist.; Sen. Paul Cicarella, 34th Dist.; Rep. Kara Rochelle, 104th Dist.; Rep. William Pizzuto, 71st Dist.; Rep. Carol Hall, 59th Dist.; Rep. Jonathan Fazzino, 83rd Dist.; Rep. Aundre Bumgardner, 41st Dist.; Rep. Matt Blumenthal, 147th Dist.; ",(PS),ftp://ftp.cga.ct.gov/2024/cbs/s/SB-0342.HTM,https://www.cga.ct.gov/2024/TOB/s/pdf/2024SB-00342-R00-SB.pdf
SB-0343.HTM,2024,Raised Bill,Public Safety and Security Committee,AN ACT CONCERNING MEMBERSHIP OF THE CODES AND STANDARDS COMMITTEE AND BATTERY-CHARGED SECURITY FENCES.,"To (1) expand membership of the Codes and Standards Committee; (2) require revisions of the State Building Code within twenty-four, instead of eighteen, months of publication of revisions to the model code; (3) establish certain factors for consideration in adopting amendments to the State Building Code; (4) add a requirement for the fiscal note that must be completed for a proposed regulation; (5) require certain amendments to the State Building Code and Fire Safety Code related to residential occupancies served by a single exit stairway, construction of three-unit and four-unit residential buildings and gas detectors; (6) make various changes related to barriers around swimming pools; (7) impose certain requirements related to battery-charged security fences; and (8) prohibit parking electric vehicles in parking garages.",,(PS),ftp://ftp.cga.ct.gov/2024/cbs/s/SB-0343.HTM,https://www.cga.ct.gov/2024/TOB/s/pdf/2024SB-00343-R00-SB.pdf
SB-0344.HTM,2024,Raised Bill,Veterans' and Military Affairs Committee,AN ACT CONCERNING CERTAIN FEDERAL VETERANS' BENEFITS AND INCOME ELIGIBILITY DETERMINATIONS FOR CERTAIN PUBLIC ASSISTANCE PROGRAMS.,To disregard from income certain federal veterans' benefits when determining eligibility for certain public assistance programs.,"Sen. Martha Marx, 20th Dist.; Sen. Saud Anwar, 3rd Dist.; Rep. Devin R. Carney, 23rd Dist.; Rep. Anthony L. Nolan, 39th Dist.; Rep. Tom Delnicki, 14th Dist.; Rep. Anne M. Hughes, 135th Dist.; Sen. Julie Kushner, 24th Dist.; Rep. Josh Elliott, 88th Dist.; Rep. Irene M. Haines, 34th Dist.; Rep. John-Michael Parker, 101st Dist.; Sen. Kevin C. Kelly, 21st Dist.; Rep. Jane M. Garibay, 60th Dist.; Sen. Tony Hwang, 28th Dist.; Rep. Matt Blumenthal, 147th Dist.; Sen. Jeff Gordon, 35th Dist.; ",(VA),ftp://ftp.cga.ct.gov/2024/cbs/s/SB-0344.HTM,https://www.cga.ct.gov/2024/TOB/s/pdf/2024SB-00344-R00-SB.pdf
SB-0345.HTM,2024,Raised Bill,Veterans' and Military Affairs Committee,AN ACT CONCERNING THE PERIOD OF THE KOREAN CONFLICT AND THE WARTIME SERVICE PROPERTY TAX EXEMPTION.,"To modify the end date of the Korean conflict for purposes of the wartime service property tax exemption, thereby allowing more veterans to be eligible for such exemption.","Rep. Devin R. Carney, 23rd Dist.; ",(VA),ftp://ftp.cga.ct.gov/2024/cbs/s/SB-0345.HTM,https://www.cga.ct.gov/2024/TOB/s/pdf/2024SB-00345-R00-SB.pdf
SB-0346.HTM,2024,Raised Bill,Veterans' and Military Affairs Committee,AN ACT CONCERNING OCCUPATIONAL LICENSE PORTABILITY FOR MEMBERS OF THE ARMED FORCES AND THEIR SPOUSES.,To reflect in state law an amendment to the federal Servicemembers Civil Relief Act regarding occupational license portability.,"Rep. Craig C. Fishbein, 90th Dist.; Rep. Anthony L. Nolan, 39th Dist.; Sen. Ryan Fazio, 36th Dist.; Sen. Rob Sampson, 16th Dist.",(VA),ftp://ftp.cga.ct.gov/2024/cbs/s/SB-0346.HTM,https://www.cga.ct.gov/2024/TOB/s/pdf/2024SB-00346-R00-SB.pdf
SB-0347.HTM,2024,Raised Bill,Veterans' and Military Affairs Committee,AN ACT CONCERNING MINOR AND TECHNICAL REVISIONS TO A STATUTE RELATING TO MILITARY AND VETERANS' AFFAIRS.,To make minor and technical revisions to a statute relating to military and veterans' affairs.,,(VA),ftp://ftp.cga.ct.gov/2024/cbs/s/SB-0347.HTM,https://www.cga.ct.gov/2024/TOB/s/pdf/2024SB-00347-R00-SB.pdf
SB-0348.HTM,2024,Raised Bill,Veterans' and Military Affairs Committee,AN ACT ELIMINATING SERVICE IN TIME OF WAR AS AN ELIGIBILITY CRITERION FOR CERTAIN STATE AND MUNICIPAL VETERANS' BENEFITS.,To eliminate service in time of war as an eligibility criterion for certain state and municipal veterans' benefits.,"Rep. Christopher Poulos, 81st Dist.; Rep. Anthony L. Nolan, 39th Dist.",(VA),ftp://ftp.cga.ct.gov/2024/cbs/s/SB-0348.HTM,https://www.cga.ct.gov/2024/TOB/s/pdf/2024SB-00348-R00-SB.pdf
SB-0349.HTM,2024,Raised Bill,Judiciary Committee,AN ACT CONCERNING DYSLEXIA SCREENING OF INDIVIDUALS WHO ARE INCARCERATED.,To ensure individuals who are incarcerated are screened for dyslexia.,"Rep. Craig C. Fishbein, 90th Dist.; Sen. Martin M. Looney, 11th Dist.; Rep. Mitch Bolinsky, 106th Dist.; Sen. Herron Gaston, 23rd Dist.; Rep. Maryam Khan, 5th Dist.; Sen. Saud Anwar, 3rd Dist.; Rep. Anthony L. Nolan, 39th Dist.; Rep. Hubert D. Delany, 144th Dist.; Rep. Martin Foncello, 107th Dist.; Rep. Patricia A. Dillon, 92nd Dist.; Rep. Josh Elliott, 88th Dist.; Rep. Henry J. Genga, 10th Dist.; Rep. Tracy Marra, 141st Dist.; Rep. Matt Blumenthal, 147th Dist.",(JUD),ftp://ftp.cga.ct.gov/2024/cbs/s/SB-0349.HTM,https://www.cga.ct.gov/2024/TOB/s/pdf/2024SB-00349-R00-SB.pdf
SB-0350.HTM,2024,Raised Bill,Judiciary Committee,AN ACT CONCERNING THE USE OF BODY SCANNING MACHINES IN THE PUBLIC ENTRANCE AREAS OF CORRECTIONAL FACILITIES.,To require the Commissioner of Correction to report to the General Assembly on the use of body scanning machines in the public entrance areas of correctional facilities.,"Rep. Craig C. Fishbein, 90th Dist.; ",(JUD),ftp://ftp.cga.ct.gov/2024/cbs/s/SB-0350.HTM,https://www.cga.ct.gov/2024/TOB/s/pdf/2024SB-00350-R00-SB.pdf
SB-0351.HTM,2024,Raised Bill,Government Administration and Elections Committee,AN ACT INCREASING FUNDING FOR THE COMMUNITY INVESTMENT ACCOUNT.,To increase the recording fee that funds the Community Investment Account by five dollars.,"Rep. Joseph P. Gresko, 121st Dist.; Sen. Catherine A. Osten, 19th Dist.",(GAE),ftp://ftp.cga.ct.gov/2024/cbs/s/SB-0351.HTM,https://www.cga.ct.gov/2024/TOB/s/pdf/2024SB-00351-R00-SB.pdf
SB-0352.HTM,2024,Raised Bill,Government Administration and Elections Committee,AN ACT CONCERNING THE RIGHT TO VIEW A BALLOT DURING RECANVASS PROCEDURES.,To impose a fine of five hundred dollars for a moderator's or recanvass official's interference with a party representative's right to view a ballot during a recanvass.,"Sen. Rob Sampson, 16th Dist.; Rep. Gale L. Mastrofrancesco, 80th Dist.; Rep. Anne Dauphinais, 44th Dist.; ",(GAE),ftp://ftp.cga.ct.gov/2024/cbs/s/SB-0352.HTM,https://www.cga.ct.gov/2024/TOB/s/pdf/2024SB-00352-R00-SB.pdf
SB-0353.HTM,2024,Raised Bill,Government Administration and Elections Committee,AN ACT CONCERNING THE PUBLIC AVAILABILITY OF INFORMATION RELATED TO THE MAINTENANCE OF ELEVATORS.,To require the State Building Inspector to create and maintain an online database of information related to the maintenance of elevators in this state.,,(GAE),ftp://ftp.cga.ct.gov/2024/cbs/s/SB-0353.HTM,https://www.cga.ct.gov/2024/TOB/s/pdf/2024SB-00353-R00-SB.pdf
SB-0354.HTM,2024,Raised Bill,Government Administration and Elections Committee,AN ACT CONCERNING RULES OF MINOR POLITICAL PARTIES.,"To provide that minor political parties are required, and not merely allowed, to abide by their party rules in making nominations for public office and selecting town committee members or convention delegates.","Rep. Craig C. Fishbein, 90th Dist.; Rep. Gale L. Mastrofrancesco, 80th Dist.; Sen. Rob Sampson, 16th Dist.; Rep. Anne Dauphinais, 44th Dist.",(GAE),ftp://ftp.cga.ct.gov/2024/cbs/s/SB-0354.HTM,https://www.cga.ct.gov/2024/TOB/s/pdf/2024SB-00354-R00-SB.pdf
SB-0355.HTM,2024,Raised Bill,Government Administration and Elections Committee,AN ACT IMPLEMENTING THE RECOMMENDATIONS OF THE FREEDOM OF INFORMATION COMMISSION FOR REVISIONS TO THE FREEDOM OF INFORMATION ACT.,"To make revisions to the Freedom of Information Act recommended by the Freedom of Information Commission, including concerning the application of the definition of ""governmental function"", which statutory provisions require training by the commission, the education records exemption, the definition of ""hand-held scanner"", electronic notice of special meetings and appeals for denial of access to certain public records.",,(GAE),ftp://ftp.cga.ct.gov/2024/cbs/s/SB-0355.HTM,https://www.cga.ct.gov/2024/TOB/s/pdf/2024SB-00355-R00-SB.pdf
SB-0356.HTM,2024,Raised Bill,Government Administration and Elections Committee,AN ACT CONCERNING COMPENSATION OF BOARD OF EDUCATION MEMBERS.,To remove a prohibition on the compensation of members of boards of education.,"Rep. Anthony L. Nolan, 39th Dist.; Sen. Martha Marx, 20th Dist.",(GAE),ftp://ftp.cga.ct.gov/2024/cbs/s/SB-0356.HTM,https://www.cga.ct.gov/2024/TOB/s/pdf/2024SB-00356-R00-SB.pdf
SB-0357.HTM,2024,Raised Bill,Judiciary Committee,AN ACT CONCERNING CONTROL OF THE UNION AVENUE DETENTION CENTER IN NEW HAVEN.,To provide that the Union Avenue Detention Center in New Haven be under the jurisdiction of the Judicial Department.,,(JUD),ftp://ftp.cga.ct.gov/2024/cbs/s/SB-0357.HTM,https://www.cga.ct.gov/2024/TOB/s/pdf/2024SB-00357-R00-SB.pdf
SB-0358.HTM,2024,Raised Bill,Judiciary Committee,AN ACT CONCERNING TELEPHONE COMMUNICATIONS BY PERSONS WHO ARE INCARCERATED.,To clarify how time allotments for the use of voice communication services by persons who are incarcerated are calculated.,"Rep. Craig C. Fishbein, 90th Dist.; ",(JUD),ftp://ftp.cga.ct.gov/2024/cbs/s/SB-0358.HTM,https://www.cga.ct.gov/2024/TOB/s/pdf/2024SB-00358-R00-SB.pdf
SB-0359.HTM,2024,Raised Bill,Judiciary Committee,AN ACT CONCERNING SERVICES PROVIDED BY THE DEPARTMENT OF CHILDREN AND FAMILIES TO RELATIVES OF A PERSON WHOSE DEATH WAS CAUSED BY INTIMATE PARTNER VIOLENCE.,To require the Department of Children and Families to provide certain resources and materials to the relatives of a parent whose death resulted from intimate partner violence.,"Rep. Craig C. Fishbein, 90th Dist.; Rep. Donna Veach, 30th Dist.; Sen. Rob Sampson, 16th Dist.; Rep. Gale L. Mastrofrancesco, 80th Dist.; Sen. Lisa Seminara, 8th Dist.; Rep. Anne Dauphinais, 44th Dist.",(JUD),ftp://ftp.cga.ct.gov/2024/cbs/s/SB-0359.HTM,https://www.cga.ct.gov/2024/TOB/s/pdf/2024SB-00359-R00-SB.pdf
SB-0360.HTM,2024,Raised Bill,Judiciary Committee,AN ACT CONCERNING THE TRANSCRIPT FEES CHARGED BY OFFICIAL COURT REPORTERS AND COURT REPORTING MONITORS.,To increase the per page fee paid to official court reporters and court reporting monitors for transcripts.,"Sen. Jorge Cabrera, 17th Dist.; Rep. David Michel, 146th Dist.; Rep. Matt Blumenthal, 147th Dist.; ",(JUD),ftp://ftp.cga.ct.gov/2024/cbs/s/SB-0360.HTM,https://www.cga.ct.gov/2024/TOB/s/pdf/2024SB-00360-R00-SB.pdf
SB-0361.HTM,2024,Raised Bill,Judiciary Committee,AN ACT CONCERNING THE IMPERMISSIBLE USE OF NONDISCLOSURE AGREEMENTS IN THE WORKPLACE.,To prohibit the use of nondisclosure agreements in certain instances in the workplace.,,(JUD),ftp://ftp.cga.ct.gov/2024/cbs/s/SB-0361.HTM,https://www.cga.ct.gov/2024/TOB/s/pdf/2024SB-00361-R00-SB.pdf
SB-0362.HTM,2024,Raised Bill,Judiciary Committee,AN ACT CONCERNING FINES FOR CERTAIN DISCIPLINARY ACTIONS IN CORRECTIONAL FACILITIES AND THE DEPOSIT OF SUCH FINES INTO A FUND FOR THE BENEFIT OF ALL PERSONS WHO ARE INCARCERATED.,To allow for the assessment of fines for certain disciplinary actions in correctional facilities that shall be deposited in the Correctional General Welfare Fund for uses that may benefit all persons who are incarcerated.,,(JUD),ftp://ftp.cga.ct.gov/2024/cbs/s/SB-0362.HTM,https://www.cga.ct.gov/2024/TOB/s/pdf/2024SB-00362-R00-SB.pdf
SB-0363.HTM,2024,Raised Bill,Education Committee,AN ACT CONCERNING ASSORTED REVISIONS TO THE EDUCATION STATUTES.,"To (1) require a curriculum on recycling and renewable energy, (2) require new school nurses to complete an orientation, (3) extend the dates by one month by which an annual audit is required of school district receipts, expenditures and statistics and by which the Department of Education posts data from such report, (4) require payments for special education services provided by a private provider to commence from the start of the school year in which such provider is approved by the Department of Education, (5) require the Department of Education to fund the State Education Resource Center, (6) prohibit institutions of higher education from using edTPA scores as a condition of successful completion of a teacher preparation program, (7) require school playgrounds designed after July 1, 2024, to comply with the principles of universal design, (8) require regional boards of education to establish a parent council for each school under its governance, and (9) allow magnet school students to participate in intramural or interscholastic athletics in the school district in which such student resides.",,(ED),ftp://ftp.cga.ct.gov/2024/cbs/s/SB-0363.HTM,https://www.cga.ct.gov/2024/TOB/s/pdf/2024SB-00363-R00-SB.pdf
SB-0364.HTM,2024,Raised Bill,Human Services Committee,AN ACT CONCERNING SUPPLEMENTAL NUTRITION ASSISTANCE.,To stagger distribution of supplemental nutrition assistance program benefits and require state participation in a federal program that allows beneficiaries to purchase meals at participating restaurants.,,(HS),ftp://ftp.cga.ct.gov/2024/cbs/s/SB-0364.HTM,https://www.cga.ct.gov/2024/TOB/s/pdf/2024SB-00364-R00-SB.pdf
SB-0365.HTM,2024,Raised Bill,Human Services Committee,AN ACT CONCERNING SAFETY IN THE HEALTH CARE WORKFORCE.,To require that providers contracting with the Department of Social Services for reimbursement under the medical assistance program provide training to staff on workplace violence prevention and to authorize the department to offer rate enhancements for escorts for home visits deemed hazardous and for timely reporting of workplace violence.,"Sen. Saud Anwar, 3rd Dist.; Sen. Matthew L. Lesser, 9th Dist.; Rep. Susan M. Johnson, 49th Dist.; Rep. Gary A. Turco, 27th Dist.",(HS),ftp://ftp.cga.ct.gov/2024/cbs/s/SB-0365.HTM,https://www.cga.ct.gov/2024/TOB/s/pdf/2024SB-00365-R00-SB.pdf
SB-0366.HTM,2024,Raised Bill,Human Services Committee,AN ACT CONCERNING MEDICAID.,To study opportunities to expand Medicaid services.,"Sen. Martha Marx, 20th Dist.; ",(HS),ftp://ftp.cga.ct.gov/2024/cbs/s/SB-0366.HTM,https://www.cga.ct.gov/2024/TOB/s/pdf/2024SB-00366-R00-SB.pdf
SB-0367.HTM,2024,Raised Bill,Human Services Committee,AN ACT CONCERNING A STUDY TO MAXIMIZE MEDICAID REIMBURSEMENT FOR UCONN HEALTH CENTER.,To study ways to maximize Medicaid reimbursement for The University of Connecticut Health Center.,"Sen. Saud Anwar, 3rd Dist.; Rep. Anthony L. Nolan, 39th Dist.",(HS),ftp://ftp.cga.ct.gov/2024/cbs/s/SB-0367.HTM,https://www.cga.ct.gov/2024/TOB/s/pdf/2024SB-00367-R00-SB.pdf
SB-0368.HTM,2024,Raised Bill,Public Health Committee,AN ACT CONCERNING SOURCE PLASMA DONATION CENTERS.,"To require the Commissioner of Public Health to (1) adopt regulations allowing source plasma donation centers to (A) designate physicians as directors of such centers, and (B) collect source plasma through plasmapheresis, provided such centers comply with federal laws and regulations governing source plasma collection; and (2) update the department's policies and procedures concerning source plasma donation centers.","Rep. Christie M. Carpino, 32nd Dist.; Rep. Kevin Ryan, 139th Dist.; Rep. Jonathan Fazzino, 83rd Dist.; Rep. Bill Buckbee, 67th Dist.; Rep. William Pizzuto, 71st Dist.; Rep. Nicole Klarides-Ditria, 105th Dist.; Rep. Kathleen M. McCarty, 38th Dist.; ",(PH),ftp://ftp.cga.ct.gov/2024/cbs/s/SB-0368.HTM,https://www.cga.ct.gov/2024/TOB/s/pdf/2024SB-00368-R00-SB.pdf
SB-0369.HTM,2024,Raised Bill,Public Health Committee,AN ACT CONCERNING HOME CARE WORKER SAFETY.,To protect the safety of home health care agency and home health aide agency staff.,"Rep. Susan M. Johnson, 49th Dist.; ",(PH),ftp://ftp.cga.ct.gov/2024/cbs/s/SB-0369.HTM,https://www.cga.ct.gov/2024/TOB/s/pdf/2024SB-00369-R00-SB.pdf
SB-0370.HTM,2024,Raised Bill,Public Health Committee,AN ACT CONCERNING PEER-RUN RESPITE CENTERS FOR PERSONS EXPERIENCING A MENTAL HEALTH CRISIS.,To require the Commissioner of Mental Health and Addiction Services to establish peer-run respite centers.,"Rep. Jeff Currey, 11th Dist.; Sen. Saud Anwar, 3rd Dist.; Rep. Mary Welander, 114th Dist.; Rep. Kevin Ryan, 139th Dist.; Sen. MD Rahman, 4th Dist.; Rep. Sarah Keitt, 134th Dist.; Rep. David Michel, 146th Dist.; Rep. Kai J. Belton, 100th Dist.",(PH),ftp://ftp.cga.ct.gov/2024/cbs/s/SB-0370.HTM,https://www.cga.ct.gov/2024/TOB/s/pdf/2024SB-00370-R00-SB.pdf
SB-0371.HTM,2024,Raised Bill,Appropriations Committee,AN ACT CONCERNING FUNDING FOR A PROGRAM TO ADDRESS PAIN MANAGEMENT AFTER AMPUTATION.,To provide funding for a program to address pain management after amputation.,,(APP),ftp://ftp.cga.ct.gov/2024/cbs/s/SB-0371.HTM,https://www.cga.ct.gov/2024/TOB/s/pdf/2024SB-00371-R00-SB.pdf
SB-0372.HTM,2024,Raised Bill,Appropriations Committee,AN ACT CONCERNING A WORKING GROUP TO STUDY PAYMENTS BY INSURANCE COMPANIES FOR DEPOSIT INTO THE INSURANCE FUND.,To realign the structure of payments by insurance companies into the Insurance Fund.,"Sen. Jorge Cabrera, 17th Dist.; Sen. Catherine A. Osten, 19th Dist.",(APP),ftp://ftp.cga.ct.gov/2024/cbs/s/SB-0372.HTM,https://www.cga.ct.gov/2024/TOB/s/pdf/2024SB-00372-R00-SB.pdf
SB-0373.HTM,2024,Raised Bill,Appropriations Committee,AN ACT CONCERNING PARKS INCLUDED IN THE PASSPORT TO THE PARKS PROGRAM.,To include Batterson Park and Thames River Heritage Park in the Passport to the Parks Program.,"Rep. Anthony L. Nolan, 39th Dist.; Rep. Christine Conley, 40th Dist.; Sen. Martha Marx, 20th Dist.; ",(APP),ftp://ftp.cga.ct.gov/2024/cbs/s/SB-0373.HTM,https://www.cga.ct.gov/2024/TOB/s/pdf/2024SB-00373-R00-SB.pdf
SB-0374.HTM,2024,Raised Bill,Appropriations Committee,AN ACT CONCERNING EQUALIZING RATES OF PAY FOR NONPROFIT PROVIDER WORKERS.,To equalize pay between workers who provide services through a nonprofit provider for clients of the Department of Mental Health and Addiction Services and workers who provide services for the same nonprofit provider for clients of the Department of Developmental Services.,"Rep. Geraldo C. Reyes, 75th Dist.; Sen. Catherine A. Osten, 19th Dist.",(APP),ftp://ftp.cga.ct.gov/2024/cbs/s/SB-0374.HTM,https://www.cga.ct.gov/2024/TOB/s/pdf/2024SB-00374-R00-SB.pdf
SB-0375.HTM,2024,Raised Bill,Appropriations Committee,AN ACT CONCERNING THE MASHANTUCKET PEQUOT AND MOHEGAN FUND.,To change the requirements for the distribution of funds deposited into the Mashantucket Pequot and Mohegan Fund.,"Rep. Geraldo C. Reyes, 75th Dist.; Rep. Anthony L. Nolan, 39th Dist.; Rep. Tammy Nuccio, 53rd Dist.; Sen. Catherine A. Osten, 19th Dist.",(APP),ftp://ftp.cga.ct.gov/2024/cbs/s/SB-0375.HTM,https://www.cga.ct.gov/2024/TOB/s/pdf/2024SB-00375-R00-SB.pdf
SB-0376.HTM,2024,Raised Bill,Appropriations Committee,AN ACT CONCERNING EXPENDITURES OF APPROPRIATED FUNDS OTHER THAN THE GENERAL FUND.,To review appropriations from funds other than the General Fund.,,(APP),ftp://ftp.cga.ct.gov/2024/cbs/s/SB-0376.HTM,https://www.cga.ct.gov/2024/TOB/s/pdf/2024SB-00376-R00-SB.pdf
SB-0377.HTM,2024,Raised Bill,Appropriations Committee,AN ACT CONCERNING THE TEACHERS' RETIREMENT BOARD'S RECOMMENDATIONS FOR CHANGES TO THE TEACHERS' RETIREMENT SYSTEM STATUTES.,To make the Teachers' Retirement Board's recommended changes to the Teachers' Retirement System statutes.,"Rep. Tom Delnicki, 14th Dist.; ",(APP),ftp://ftp.cga.ct.gov/2024/cbs/s/SB-0377.HTM,https://www.cga.ct.gov/2024/TOB/s/pdf/2024SB-00377-R00-SB.pdf
SB-0378.HTM,2024,Raised Bill,Commerce Committee,AN ACT CONCERNING A PERFLUOROALKYL AND POLYFLUOROALKYL SUBSTANCES BACKGROUND DATA STUDY FOR THE PURPOSE OF ECONOMIC DEVELOPMENT.,"To (1) require a perfluoroalkyl and polyfluoroalkyl substances background data study, and (2) appropriate funding for such study.",,(CE),ftp://ftp.cga.ct.gov/2024/cbs/s/SB-0378.HTM,https://www.cga.ct.gov/2024/TOB/s/pdf/2024SB-00378-R00-SB.pdf
SB-0379.HTM,2024,Raised Bill,Commerce Committee,AN ACT INCREASING THE RATE OF THE CREDIT REFUND VALUE FOR CERTAIN EXPENDITURES BY BIOTECHNOLOGY COMPANIES.,To increase the rate of the credit refund value for research and experimental expenditures or research and development expenses of biotechnology companies.,"Sen. Tony Hwang, 28th Dist.; ",(CE),ftp://ftp.cga.ct.gov/2024/cbs/s/SB-0379.HTM,https://www.cga.ct.gov/2024/TOB/s/pdf/2024SB-00379-R00-SB.pdf
SB-0380.HTM,2024,Raised Bill,Education Committee,AN ACT CONCERNING SCHOOL DISCIPLINE.,"To (1) require services to be provided for certain youth who receive out-of-school suspensions; (2) revise the procedures by which notification is to be made to superintendents upon the arrest of a student; (3) clarify school resource officer reporting requirements; (4) require the Social and Emotional Learning and School Climate Advisory Collaborative to develop standards for a school climate survey and a model school climate improvement plan; (5) require the school climate survey to meet the standards developed by the collaborative or be the state-wide school climate survey developed by the collaborative; (6) allow school climate specialists to incorporate the model school climate improvement plan in a school climate improvement plan for such specialist's school; and (7) require the Department of Education to (A) report on or before February 1, 2025, the number of acts of bullying based on a student's membership in a protected class, and (B) appoint a director of school climate improvement.","Rep. Robyn A. Porter, 94th Dist.; Rep. Anthony L. Nolan, 39th Dist.; Sen. Herron Gaston, 23rd Dist.; ",(ED),ftp://ftp.cga.ct.gov/2024/cbs/s/SB-0380.HTM,https://www.cga.ct.gov/2024/TOB/s/pdf/2024SB-00380-R00-SB.pdf
SB-0381.HTM,2024,Raised Bill,Education Committee,AN ACT CONCERNING REVISIONS TO THE MANDATED REPORTER REQUIREMENTS.,To (1) establish a minimum starting annual salary for teacher; (2) provide a state subsidy to school districts to cover the cost of implementing the new minimum starting salary for teachers; (3) provide COVID-19 recognition payments to teachers who were providing instruction during the pandemic; (4) include a certified teacher on the Governor's Workforce Council; (5) amend the charge of the Connecticut Advisory Council for Teacher Professional Standards; (6) make revisions to the process by which retired teachers are elected to the Teachers' Retirement Board; (7) add a just cause standard and require a neutral hearing officer in teacher contract termination hearings; (8) require a single arbitrator for arbitration hearings; and (9) provide teachers with some discretion in their responsibility as mandated reporters.,,(ED),ftp://ftp.cga.ct.gov/2024/cbs/s/SB-0381.HTM,https://www.cga.ct.gov/2024/TOB/s/pdf/2024SB-00381-R00-SB.pdf
SB-0382.HTM,2024,Raised Bill,Energy and Technology Committee,AN ACT CONCERNING SOLICITATION OF RUN-OF-THE-RIVER HYDROPOWER AND ENERGY DERIVED FROM OFFSHORE WIND.,To allow the state to contract for energy from run-of-the-river hydropower or offshore wind facilities for up to thirty years.,,(ET),ftp://ftp.cga.ct.gov/2024/cbs/s/SB-0382.HTM,https://www.cga.ct.gov/2024/TOB/s/pdf/2024SB-00382-R00-SB.pdf
SB-0383.HTM,2024,Raised Bill,Energy and Technology Committee,AN ACT CONCERNING THE EFFECT OF OFFSHORE WIND FACILITIES ON STATE FISHERIES.,To establish a mitigation fund to make payments to individuals or entities harmed by adverse impacts to fisheries and wildlife from offshore wind power facilities.,"Rep. Aundre Bumgardner, 41st Dist.; Rep. Devin R. Carney, 23rd Dist.; Sen. Heather S. Somers, 18th Dist.; ",(ET),ftp://ftp.cga.ct.gov/2024/cbs/s/SB-0383.HTM,https://www.cga.ct.gov/2024/TOB/s/pdf/2024SB-00383-R00-SB.pdf
SB-0384.HTM,2024,Raised Bill,Energy and Technology Committee,AN ACT CONCERNING THE LOW-INCOME ENERGY ADVISORY BOARD.,To change the composition and duties of the Low-Income Energy Advisory Board and rename it the Low-Income Energy and Water Advisory Board.,"Rep. Kathleen M. McCarty, 38th Dist.; Rep. Martin Foncello, 107th Dist.",(ET),ftp://ftp.cga.ct.gov/2024/cbs/s/SB-0384.HTM,https://www.cga.ct.gov/2024/TOB/s/pdf/2024SB-00384-R00-SB.pdf
SB-0385.HTM,2024,Raised Bill,Energy and Technology Committee,"AN ACT CONCERNING ENERGY PROCUREMENTS, CERTAIN ENERGY SOURCES AND PROGRAMS OF THE PUBLIC UTILITIES REGULATORY AUTHORITY.",To (1) permit the Commissioner of Energy and Environmental Protection to coordinate with other New England states to procure generation resources from a nuclear power generating facility for ten years following the end of existing agreements with a nuclear power generating facility; (2) authorize the electric distribution companies to use resources from a nuclear power generating facility to supply standard service if the procurement manager of the Public Utilities Regulatory Authority approves; and (3) increase the maximum allowed contract length for wind procurements to thirty years.,"Rep. Kathleen M. McCarty, 38th Dist.; Sen. Heather S. Somers, 18th Dist.",(ET),ftp://ftp.cga.ct.gov/2024/cbs/s/SB-0385.HTM,https://www.cga.ct.gov/2024/TOB/s/pdf/2024SB-00385-R00-SB.pdf
SB-0386.HTM,2024,Raised Bill,Government Administration and Elections Committee,"AN ACT CONCERNING DESIGNATION OF POLLING PLACES, EARLY VOTING AND REGIONAL ELECTION ADVISORS.","To (1) require a public hearing and a vote of the legislative body prior to any move of polling places from one election to the next, and (2) require the Secretary of the State to review the implementation of early voting at the 2024 presidential preference primary and make recommendations for potential improvements.","Sen. Martin M. Looney, 11th Dist.; ",(GAE),ftp://ftp.cga.ct.gov/2024/cbs/s/SB-0386.HTM,https://www.cga.ct.gov/2024/TOB/s/pdf/2024SB-00386-R00-SB.pdf
SB-0387.HTM,2024,Raised Bill,Government Administration and Elections Committee,AN ACT CONCERNING THE USE OF ONLINE DONATION PLATFORMS FOR POLITICAL CAMPAIGNS.,"To exclude certain voluntary payments given by contributors to online political donation platforms from (1) the definition of ""contribution"", and (2) the provisions regarding illegal campaign finance practices.",,(GAE),ftp://ftp.cga.ct.gov/2024/cbs/s/SB-0387.HTM,https://www.cga.ct.gov/2024/TOB/s/pdf/2024SB-00387-R00-SB.pdf
SB-0388.HTM,2024,Raised Bill,Government Administration and Elections Committee,AN ACT DESIGNATING INDIGENOUS PEOPLES' DAY AS A LEGAL HOLIDAY.,To designate Indigenous Peoples' Day as a legal holiday.,,(GAE),ftp://ftp.cga.ct.gov/2024/cbs/s/SB-0388.HTM,https://www.cga.ct.gov/2024/TOB/s/pdf/2024SB-00388-R00-SB.pdf
SB-0389.HTM,2024,Raised Bill,Government Administration and Elections Committee,AN ACT CONCERNING THE STATE CONTRACTING STANDARDS BOARD AND STATE PROCUREMENT.,"To make revisions to provisions concerning the State Contracting Standards Board, including by giving the board authority over quasi-public agency procurement, requiring the hiring of full-time staff for the board, prohibiting the Governor from reducing allotments to the board and limiting the selection of contractors from a list without a competitive process to emergency procurements.",,(GAE),ftp://ftp.cga.ct.gov/2024/cbs/s/SB-0389.HTM,https://www.cga.ct.gov/2024/TOB/s/pdf/2024SB-00389-R00-SB.pdf
SB-0390.HTM,2024,Raised Bill,Government Administration and Elections Committee,AN ACT CONCERNING PENALTIES FOR CERTAIN ELECTION CRIMES.,To provide that certain felony violations of election laws shall carry a penalty of a minimum term of imprisonment of twelve months that may not be suspended or reduced.,"Rep. Craig C. Fishbein, 90th Dist.; Rep. Greg S. Howard, 43rd Dist.; Rep. Gale L. Mastrofrancesco, 80th Dist.; Sen. Rob Sampson, 16th Dist.; Rep. Francis Cooley, 22nd Dist.; Rep. Anne Dauphinais, 44th Dist.",(GAE),ftp://ftp.cga.ct.gov/2024/cbs/s/SB-0390.HTM,https://www.cga.ct.gov/2024/TOB/s/pdf/2024SB-00390-R00-SB.pdf
SB-0391.HTM,2024,Raised Bill,Government Administration and Elections Committee,AN ACT IMPLEMENTING THE RECOMMENDATIONS OF THE STATE CONTRACTING STANDARDS BOARD.,"To make revisions to provisions concerning the State Contracting Standards Board recommended by the board, including by giving the board authority over quasi-public agency procurement, prohibiting the Governor from reducing allotments to the board, requiring the online posting of emergency procurements, revising requirements regarding proposed privatization contracts, and providing that provisions in title 4e supersede certain other provisions.",,(GAE),ftp://ftp.cga.ct.gov/2024/cbs/s/SB-0391.HTM,https://www.cga.ct.gov/2024/TOB/s/pdf/2024SB-00391-R00-SB.pdf
SB-0392.HTM,2024,Raised Bill,Government Administration and Elections Committee,AN ACT CONCERNING TREASURERS OF CANDIDATE COMMITTEES AND STATE ELECTIONS ENFORCEMENT COMMISSION COMPLAINTS.,"To (1) require that the State Elections Enforcement Commission return to a candidate committee treasurer any contribution that does not qualify toward receiving a grant under the Citizens' Election Program, so that such treasurer may return such contribution to the contributor, (2) allow such treasurers to accept contributions through electronic payment service mobile applications, and (3) require said commission to, prior to the day of an election, issue a decision on or dismiss any complaint filed with said commission during the ninety-day period immediately prior to such election that alleges violation of state election law relating to such election.","Sen. Rob Sampson, 16th Dist.; Rep. Gale L. Mastrofrancesco, 80th Dist.; Rep. Anne Dauphinais, 44th Dist.; ",(GAE),ftp://ftp.cga.ct.gov/2024/cbs/s/SB-0392.HTM,https://www.cga.ct.gov/2024/TOB/s/pdf/2024SB-00392-R00-SB.pdf
SB-0393.HTM,2024,Raised Bill,Government Administration and Elections Committee,AN ACT IMPLEMENTING THE TREASURER'S RECOMMENDATIONS CONCERNING UNCLAIMED PROPERTY.,"To implement the Treasurer's recommendations for changes to the process for claiming unclaimed property, including by adding provisions concerning virtual currency, updating contact methods to include electronic means, requiring executors and administrators to search for unclaimed property prior to finalizing an estate through probate, adding requirements for paid finders of unclaimed property and requiring the Commissioner of Revenue Services to agree to provide certain information to the Treasurer.","Sen. Rob Sampson, 16th Dist.; Rep. Matt Blumenthal, 147th Dist.",(GAE),ftp://ftp.cga.ct.gov/2024/cbs/s/SB-0393.HTM,https://www.cga.ct.gov/2024/TOB/s/pdf/2024SB-00393-R00-SB.pdf
SB-0394.HTM,2024,Raised Bill,Government Administration and Elections Committee,AN ACT ESTABLISHING AN EXEMPTION FROM DISCLOSURE FOR CERTAIN HIGHER EDUCATION RECORDS PERTAINING TO TEACHING OR RESEARCH UNDER THE FREEDOM OF INFORMATION ACT.,To amend the Freedom of Information Act to exempt certain proprietary records held by a public institution of higher education pertaining to teaching or research from disclosure.,"Rep. Gregory Haddad, 54th Dist.; ",(GAE),ftp://ftp.cga.ct.gov/2024/cbs/s/SB-0394.HTM,https://www.cga.ct.gov/2024/TOB/s/pdf/2024SB-00394-R00-SB.pdf
SB-0395.HTM,2024,Raised Bill,Human Services Committee,AN ACT CONCERNING THE REPORTING OF MEDICAL DEBT.,To prohibit the reporting of medical debt to credit rating agencies and impose penalties via reduction or withdrawal of Medicaid funds to the extent permissible under federal law.,"Sen. Martin M. Looney, 11th Dist.; Sen. Saud Anwar, 3rd Dist.; Sen. Matthew L. Lesser, 9th Dist.; Rep. Juan R. Candelaria, 95th Dist.; Rep. Hubert D. Delany, 144th Dist.; Sen. Kevin C. Kelly, 21st Dist.",(HS),ftp://ftp.cga.ct.gov/2024/cbs/s/SB-0395.HTM,https://www.cga.ct.gov/2024/TOB/s/pdf/2024SB-00395-R00-SB.pdf
SB-0396.HTM,2024,Raised Bill,Human Services Committee,AN ACT IMPLEMENTING TASK FORCE RECOMMENDATIONS FOR THE ELDERLY NUTRITION PROGRAM.,To implement task force recommendations for the elderly nutrition program.,"Rep. Eleni Kavros DeGraw, 17th Dist.; Rep. Kerry S. Wood, 29th Dist.; Rep. Michelle L. Cook, 65th Dist.; Rep. Anne M. Hughes, 135th Dist.; Rep. Jane M. Garibay, 60th Dist.; Rep. Patricia A. Dillon, 92nd Dist.; Sen. Kevin C. Kelly, 21st Dist.; Rep. Lucy Dathan, 142nd Dist.; Rep. Hubert D. Delany, 144th Dist.; Sen. Matthew L. Lesser, 9th Dist.; Rep. Irene M. Haines, 34th Dist.; Rep. Kara Rochelle, 104th Dist.; Rep. William Pizzuto, 71st Dist.; Rep. Martin Foncello, 107th Dist.; Rep. Jonathan Fazzino, 83rd Dist.; Rep. Henry J. Genga, 10th Dist.; Rep. Kathy Kennedy, 119th Dist.; Rep. Matt Blumenthal, 147th Dist.; Sen. Paul Cicarella, 34th Dist.; Sen. Eric C. Berthel, 32nd Dist.",(HS),ftp://ftp.cga.ct.gov/2024/cbs/s/SB-0396.HTM,https://www.cga.ct.gov/2024/TOB/s/pdf/2024SB-00396-R00-SB.pdf
SB-0397.HTM,2024,Raised Bill,Human Services Committee,AN ACT EXPANDING MEDICAID COVERAGE OF SCHOOL-BASED HEALTH CARE.,To require the Commissioner of Social Services to seek federal approval to expand Medicaid coverage to all students in schools with a high percentage of students from low-income households and to establish an interagency coalition to maximize Medicaid funding of school health services.,"Sen. Saud Anwar, 3rd Dist.; Rep. Patricia A. Dillon, 92nd Dist.; Sen. Matthew L. Lesser, 9th Dist.; ",(HS),ftp://ftp.cga.ct.gov/2024/cbs/s/SB-0397.HTM,https://www.cga.ct.gov/2024/TOB/s/pdf/2024SB-00397-R00-SB.pdf
SB-0398.HTM,2024,Raised Bill,Insurance and Real Estate Committee,"AN ACT CONCERNING THE REGULATION AND TAXATION OF TRAVEL INSURANCE AND ASSOCIATED ENTITIES, PRODUCTS AND PROFESSIONALS.","To provide for the regulation and taxation of travel insurance, and associated entities, products and professionals, in this state.",,(INS),ftp://ftp.cga.ct.gov/2024/cbs/s/SB-0398.HTM,https://www.cga.ct.gov/2024/TOB/s/pdf/2024SB-00398-R00-SB.pdf
SB-0399.HTM,2024,Raised Bill,Insurance and Real Estate Committee,AN ACT REQUIRING THE DEPARTMENT OF CONSUMER PROTECTION TO STUDY LICENSING AND REGULATORY REQUIREMENTS FOR INDIVIDUALS WHO PERFORM TITLE SEARCHES OF REAL PROPERTY IN THIS STATE.,To require the Department of Consumer Protection to conduct a study of licensing and regulatory requirements for individuals who perform title searches of real property in this state.,,(INS),ftp://ftp.cga.ct.gov/2024/cbs/s/SB-0399.HTM,https://www.cga.ct.gov/2024/TOB/s/pdf/2024SB-00399-R00-SB.pdf
SB-0400.HTM,2024,Raised Bill,Insurance and Real Estate Committee,AN ACT CONCERNING THE INSURANCE DEPARTMENT'S TECHNICAL CORRECTIONS AND OTHER REVISIONS TO THE INSURANCE STATUTES.,To: (1) Require the Insurance Commissioner to manage the administration of the Insurance Fund on behalf of agencies that are supported by the Insurance Fund; (2) remove certain paper filing requirements for insurance companies and to permit the filing of certain reports with the National Association of Insurance Commissioners; (3) establish filing requirements for non-English policy forms; (4) repeal an existing law requiring the maintenance of an Internet web site for a health reinsurance pool; and (5) extend the approval or reapproval period for independent review organizations.,,(INS),ftp://ftp.cga.ct.gov/2024/cbs/s/SB-0400.HTM,https://www.cga.ct.gov/2024/TOB/s/pdf/2024SB-00400-R00-SB.pdf
SB-0401.HTM,2024,Raised Bill,Insurance and Real Estate Committee,AN ACT CONCERNING THE AVAILABILITY OF TELEHEALTH PROVIDERS IN DETERMINING NETWORK ADEQUACY AND EXTENDING THE TELEHEALTH PROVISIONS ADOPTED DURING THE COVID-19 PANDEMIC.,"To (1) allow the Insurance Commissioner to consider the availability of telehealth providers in determining the sufficiency of a health carrier's network, and (2) extend the telehealth provisions adopted during the COVID-19 pandemic.",,(INS),ftp://ftp.cga.ct.gov/2024/cbs/s/SB-0401.HTM,https://www.cga.ct.gov/2024/TOB/s/pdf/2024SB-00401-R00-SB.pdf
SB-0402.HTM,2024,Raised Bill,Insurance and Real Estate Committee,AN ACT CONCERNING MENTAL HEALTH PARITY.,"To require the Insurance Commissioner to report on the effectiveness of the provisions of sections 38a-477ee, 38a-488c, 38a-488d, 38a-514c and 38a-514d of the general statutes.","Sen. Saud Anwar, 3rd Dist.; Rep. Sarah Keitt, 134th Dist.; Rep. Cristin McCarthy Vahey, 133rd Dist.; Rep. Susan M. Johnson, 49th Dist.",(INS),ftp://ftp.cga.ct.gov/2024/cbs/s/SB-0402.HTM,https://www.cga.ct.gov/2024/TOB/s/pdf/2024SB-00402-R00-SB.pdf
SB-0403.HTM,2024,Raised Bill,Insurance and Real Estate Committee,AN ACT CONCERNING INSURANCE MARKET CONDUCT AND INSURANCE LICENSING.,"To: (1) Authorize the commissioner to seek legal action for violations of title 38a of the general statutes, or regulations or orders adopted or issued pursuant to such title; (2) establish new requirements pertaining to compliance with investigations or hearings on any matter under the provisions of title 38a of the general statutes; (3) authorize the Insurance Department to perform market conduct examinations of third parties providing services to the insurance industry in this state; and (4) revise the renewal date for initial licenses issued to appraisers for motor vehicle physical damage claims and adjusters of casualty claims.",,(INS),ftp://ftp.cga.ct.gov/2024/cbs/s/SB-0403.HTM,https://www.cga.ct.gov/2024/TOB/s/pdf/2024SB-00403-R00-SB.pdf
SB-0404.HTM,2024,Raised Bill,Insurance and Real Estate Committee,AN ACT CONCERNING AFFORDABILITY AS A FACTOR IN PREMIUM RATE FILINGS FOR INDIVIDUAL AND GROUP HEALTH INSURANCE POLICIES.,To require: (1) The Insurance Commissioner to adopt regulations to establish affordability as a factor in reviewing individual and group health insurance policy premium rate filings; and (2) insurers to provide information concerning total cost ranges for such insurer's policies.,"Sen. Martin M. Looney, 11th Dist.; ",(INS),ftp://ftp.cga.ct.gov/2024/cbs/s/SB-0404.HTM,https://www.cga.ct.gov/2024/TOB/s/pdf/2024SB-00404-R00-SB.pdf
SB-0405.HTM,2024,Raised Bill,Insurance and Real Estate Committee,AN ACT CONCERNING DOWNCODING OF HEALTH INSURANCE CLAIMS.,To prohibit health insurance carriers from downcoding health benefit claims to avoid reimbursing health care providers for the actual service performed.,"Sen. Saud Anwar, 3rd Dist.; Sen. Martin M. Looney, 11th Dist.; Sen. Martha Marx, 20th Dist.; ",(INS),ftp://ftp.cga.ct.gov/2024/cbs/s/SB-0405.HTM,https://www.cga.ct.gov/2024/TOB/s/pdf/2024SB-00405-R00-SB.pdf
SB-0406.HTM,2024,Raised Bill,Insurance and Real Estate Committee,AN ACT CONCERNING LONG-TERM CARE INSURANCE.,"To (1) limit premium rate increases for certain long-term care policies issued in this state, and (2) require that the Office of Policy and Management, in consultation with the Insurance Department, submit a report evaluating the feasibility of providing state-financed death benefits for long-term care policies purchased through the Connecticut Partnership for Long-Term Care.","Sen. Martha Marx, 20th Dist.; ",(INS),ftp://ftp.cga.ct.gov/2024/cbs/s/SB-0406.HTM,https://www.cga.ct.gov/2024/TOB/s/pdf/2024SB-00406-R00-SB.pdf
SB-0407.HTM,2024,Raised Bill,Labor and Public Employees Committee,AN ACT ESTABLISHING A TASK FORCE TO STUDY WORKERS’ COMPENSATION COVERAGE FOR STUDENTS OF REGIONAL AGRICULTURAL SCIENCE AND TECHNOLOGY CENTERS.,"To add vocational agricultural students enrolled in an internship to the definition of ""employee"" for purposes of the Workers' Compensation Act.","Sen. Heather S. Somers, 18th Dist.; Rep. Cindy Harrison, 69th Dist.; Rep. Derell Wilson, 46th Dist.; Rep. Hubert D. Delany, 144th Dist.; Sen. Eric C. Berthel, 32nd Dist.; Sen. Paul Cicarella, 34th Dist.",(LAB),ftp://ftp.cga.ct.gov/2024/cbs/s/SB-0407.HTM,https://www.cga.ct.gov/2024/TOB/s/pdf/2024SB-00407-R00-SB.pdf
SB-0408.HTM,2024,Raised Bill,Labor and Public Employees Committee,AN ACT CONCERNING PRE AND POST SHIFT HOURS.,"To amend the definition of ""hours worked"" by including the time an employee spends in security screenings required by an employer for purposes of chapter 558 of the general statutes.","Rep. Robyn A. Porter, 94th Dist.; Sen. Martin M. Looney, 11th Dist.; Sen. Herron Gaston, 23rd Dist.; ",(LAB),ftp://ftp.cga.ct.gov/2024/cbs/s/SB-0408.HTM,https://www.cga.ct.gov/2024/TOB/s/pdf/2024SB-00408-R00-SB.pdf
SB-0409.HTM,2024,Raised Bill,Labor and Public Employees Committee,AN ACT CONCERNING WAGE THEFT RESPONSIBILITY.,To make a contractor liable for unpaid wages owed to an employee of a subcontractor at any tier who performs work on any portion of a construction contract.,"Rep. Robyn A. Porter, 94th Dist.; Sen. Herron Gaston, 23rd Dist.; Rep. Josh Elliott, 88th Dist.; Sen. Douglas McCrory, 2nd Dist.; Rep. Aundre Bumgardner, 41st Dist.; Rep. Kara Rochelle, 104th Dist.; Sen. Patricia Billie Miller, 27th Dist.; ",(LAB),ftp://ftp.cga.ct.gov/2024/cbs/s/SB-0409.HTM,https://www.cga.ct.gov/2024/TOB/s/pdf/2024SB-00409-R00-SB.pdf
SB-0410.HTM,2024,Raised Bill,Labor and Public Employees Committee,AN ACT CONCERNING PAID INTERNSHIPS FOR HIGH SCHOOL STUDENTS.,To expand access to paid internships for high school students.,"Rep. Antonio Felipe, 130th Dist.; Sen. Henri Martin, 31st Dist.; Rep. Jeff Currey, 11th Dist.; Rep. Aundre Bumgardner, 41st Dist.; Rep. Gary A. Turco, 27th Dist.; Rep. Dominique Johnson, 143rd Dist.; Rep. Christopher Rosario, 128th Dist.; Rep. Lucy Dathan, 142nd Dist.",(LAB),ftp://ftp.cga.ct.gov/2024/cbs/s/SB-0410.HTM,https://www.cga.ct.gov/2024/TOB/s/pdf/2024SB-00410-R00-SB.pdf
SB-0411.HTM,2024,Raised Bill,Labor and Public Employees Committee,AN ACT CONCERNING TEMPORARY STATE EMPLOYEES AND COLLECTIVE BARGAINING.,To ensure that temporary state employees are considered part of the same collective bargaining unit as permanent employees in similarly situated positions.,,(LAB),ftp://ftp.cga.ct.gov/2024/cbs/s/SB-0411.HTM,https://www.cga.ct.gov/2024/TOB/s/pdf/2024SB-00411-R00-SB.pdf
SB-0412.HTM,2024,Raised Bill,Labor and Public Employees Committee,AN ACT CONCERNING THE PROTECTION OF WAREHOUSE WORKERS IN THE STATE.,To create protections for warehouse workers in the state against unreasonable quotas imposed by employers.,"Rep. Robyn A. Porter, 94th Dist.; Sen. Martin M. Looney, 11th Dist.; Sen. Herron Gaston, 23rd Dist.; ",(LAB),ftp://ftp.cga.ct.gov/2024/cbs/s/SB-0412.HTM,https://www.cga.ct.gov/2024/TOB/s/pdf/2024SB-00412-R00-SB.pdf
SB-0413.HTM,2024,Raised Bill,Labor and Public Employees Committee,AN ACT CONCERNING PREDICTABLE SCHEDULING.,"To (1) require certain employers to provide advance notice to certain employees of such employees' work schedule and work schedule changes, (2) create a cause of action and penalties against employers for alleged violations, and (3) allow whistleblowers who know of a violation to bring a suit for an alleged violation.","Rep. Robyn A. Porter, 94th Dist.; Sen. Martin M. Looney, 11th Dist.; Sen. Herron Gaston, 23rd Dist.; ",(LAB),ftp://ftp.cga.ct.gov/2024/cbs/s/SB-0413.HTM,https://www.cga.ct.gov/2024/TOB/s/pdf/2024SB-00413-R00-SB.pdf
SB-0414.HTM,2024,Raised Bill,Labor and Public Employees Committee,AN ACT CONCERNING EQUITY IN STATE EMPLOYMENT.,To implement the recommendations of the Commission on Racial Equity in Public Health regarding equity in state employment.,"Rep. Maryam Khan, 5th Dist.; Rep. Robyn A. Porter, 94th Dist.; Rep. Anthony L. Nolan, 39th Dist.; Sen. Herron Gaston, 23rd Dist.",(LAB),ftp://ftp.cga.ct.gov/2024/cbs/s/SB-0414.HTM,https://www.cga.ct.gov/2024/TOB/s/pdf/2024SB-00414-R00-SB.pdf
SB-0415.HTM,2024,Raised Bill,Planning and Development Committee,AN ACT CONCERNING MUNICIPAL AGENCIES.,To make technical changes to provisions concerning filing deadlines for certain appeals to the Commission on Human Rights and Opportunities.,,(PD),ftp://ftp.cga.ct.gov/2024/cbs/s/SB-0415.HTM,https://www.cga.ct.gov/2024/TOB/s/pdf/2024SB-00415-R00-SB.pdf
SB-0416.HTM,2024,Raised Bill,Planning and Development Committee,AN ACT CONCERNING THE CONVERSION OF COMMERCIAL REAL PROPERTY FOR RESIDENTIAL USE.,To allow the conversion or partial conversion of any commercial building into a residential development as of right.,"Sen. MD Rahman, 4th Dist.; Rep. Geoff Luxenberg, 12th Dist.; Sen. Gary A. Winfield, 10th Dist.; Sen. Matthew L. Lesser, 9th Dist.; Sen. Patricia Billie Miller, 27th Dist.; Rep. Jason Doucette, 13th Dist.; Sen. Herron Gaston, 23rd Dist.; Sen. James J. Maroney, 14th Dist.; Sen. Martha Marx, 20th Dist.; Sen. Saud Anwar, 3rd Dist.; Sen. Jorge Cabrera, 17th Dist.; Sen. Derek Slap, 5th Dist.; Sen. Douglas McCrory, 2nd Dist.; ",(PD),ftp://ftp.cga.ct.gov/2024/cbs/s/SB-0416.HTM,https://www.cga.ct.gov/2024/TOB/s/pdf/2024SB-00416-R00-SB.pdf
SB-0417.HTM,2024,Raised Bill,Planning and Development Committee,AN ACT CONCERNING PLANNING AND DEVELOPMENT.,To clarify certain publication requirements of actions or decisions of a planning commission.,,(PD),ftp://ftp.cga.ct.gov/2024/cbs/s/SB-0417.HTM,https://www.cga.ct.gov/2024/TOB/s/pdf/2024SB-00417-R00-SB.pdf
SB-0418.HTM,2024,Raised Bill,Planning and Development Committee,AN ACT CONCERNING CERTAIN SEWAGE DISPOSAL SYSTEMS.,"To specify that certain regulations of the Department of Energy and Environmental Protection in effect as of July 1, 2024, shall apply to household and small commercial subsurface sewage disposal systems with a capacity of ten thousand gallons per day or less and make technical changes.",,(PD),ftp://ftp.cga.ct.gov/2024/cbs/s/SB-0418.HTM,https://www.cga.ct.gov/2024/TOB/s/pdf/2024SB-00418-R00-SB.pdf
SB-0419.HTM,2024,Raised Bill,Planning and Development Committee,AN ACT LIMITING PROPERTY TAX INCREASES.,"To limit annual property tax increases to not more than (1) two per cent, or (2) the consumer price index rate, whichever is lesser, of the total tax levied by a municipality in the preceding assessment year.",,(PD),ftp://ftp.cga.ct.gov/2024/cbs/s/SB-0419.HTM,https://www.cga.ct.gov/2024/TOB/s/pdf/2024SB-00419-R00-SB.pdf
SB-0420.HTM,2024,Raised Bill,Public Safety and Security Committee,AN ACT CONCERNING ILLEGALLY PASSING A SCHOOL BUS.,To authorize municipalities to adopt an ordinance regarding illegally passing a school bus.,"Rep. Fred Gee, 126th Dist.; Rep. Gary A. Turco, 27th Dist.; Rep. Jason Perillo, 113th Dist.; Rep. David Rutigliano, 123rd Dist.; Rep. Farley Santos, 109th Dist.; Rep. Jaime S. Foster, 57th Dist.; Rep. Kara Rochelle, 104th Dist.; Rep. Larry B. Butler, 72nd Dist.; Rep. Andre F. Baker, 124th Dist.; Rep. Henry J. Genga, 10th Dist.; Rep. Steven J. Stafstrom, 129th Dist.; Rep. Matt Blumenthal, 147th Dist.; Rep. Lucy Dathan, 142nd Dist.; Sen. Eric C. Berthel, 32nd Dist.; Sen. Jeff Gordon, 35th Dist.; Sen. Henri Martin, 31st Dist.",(PS),ftp://ftp.cga.ct.gov/2024/cbs/s/SB-0420.HTM,https://www.cga.ct.gov/2024/TOB/s/pdf/2024SB-00420-R00-SB.pdf
SB-0421.HTM,2024,Raised Bill,Public Safety and Security Committee,AN ACT CONCERNING LAW ENFORCEMENT RECRUITMENT AND RETENTION.,To enhance recruitment and retention of police officers.,"Rep. Fred Gee, 126th Dist.; Sen. Martin M. Looney, 11th Dist.; Rep. Gary A. Turco, 27th Dist.; Sen. Herron Gaston, 23rd Dist.; Rep. Kerry S. Wood, 29th Dist.; Sen. Saud Anwar, 3rd Dist.; Sen. Rob Sampson, 16th Dist.; Rep. Kathy Kennedy, 119th Dist.",(PS),ftp://ftp.cga.ct.gov/2024/cbs/s/SB-0421.HTM,https://www.cga.ct.gov/2024/TOB/s/pdf/2024SB-00421-R00-SB.pdf
SB-0422.HTM,2024,Raised Bill,Public Safety and Security Committee,AN ACT CONCERNING FIREFIGHTER RECRUITMENT AND RETENTION.,To enhance firefighter recruitment and retention.,"Rep. Gary A. Turco, 27th Dist.; ",(PS),ftp://ftp.cga.ct.gov/2024/cbs/s/SB-0422.HTM,https://www.cga.ct.gov/2024/TOB/s/pdf/2024SB-00422-R00-SB.pdf
SB-0423.HTM,2024,Raised Bill,Transportation Committee,AN ACT IMPROVING HIGHWAY SAFETY BY PROHIBITING DRIVING WHILE ABILITY IMPAIRED AND STUDYING METHODS TO DETECT CANNABIS-IMPAIRED DRIVING.,"To prohibit the operation of a motor vehicle while having a blood alcohol content that is five-hundredths of one per cent or more of alcohol, by weight, but less than eight-hundredths of one per cent of alcohol, by weight.","Rep. Geraldo C. Reyes, 75th Dist.; ",(TRA),ftp://ftp.cga.ct.gov/2024/cbs/s/SB-0423.HTM,https://www.cga.ct.gov/2024/TOB/s/pdf/2024SB-00423-R00-SB.pdf
SB-0424.HTM,2024,Raised Bill,Transportation Committee,AN ACT REDUCING THE BLOOD ALCOHOL LIMITS FOR IMPAIRED DRIVING AND BOATING AND STUDYING METHODS TO DETECT CANNABIS-IMPAIRED DRIVING.,"To lower the blood alcohol content for driving and boating under the influence from eight-hundredths to five-hundredths of one per cent of alcohol, by weight.","Sen. Rick Lopes, 6th Dist.; Rep. Eleni Kavros DeGraw, 17th Dist.; Rep. William Heffernan, 115th Dist.; ",(TRA),ftp://ftp.cga.ct.gov/2024/cbs/s/SB-0424.HTM,https://www.cga.ct.gov/2024/TOB/s/pdf/2024SB-00424-R00-SB.pdf
SB-0425.HTM,2024,Raised Bill,Judiciary Committee,AN ACT PROHIBITING DISCRIMINATION BY HEALTH CARE PROVIDERS IN THE PROVISION OF HEALTH CARE SERVICES IN THE STATE.,To prohibit health care providers from discriminating against persons in the provision of health care services in the state.,"Rep. Travis Simms, 140th Dist.; Rep. William Heffernan, 115th Dist.; Rep. Jaime S. Foster, 57th Dist.; Rep. Anne M. Hughes, 135th Dist.; Rep. Eleni Kavros DeGraw, 17th Dist.; Sen. Matthew L. Lesser, 9th Dist.; Sen. Rick Lopes, 6th Dist.; Rep. Mike Demicco, 21st Dist.; Sen. Saud Anwar, 3rd Dist.; Rep. Aimee Berger-Girvalo, 111th Dist.",(JUD),ftp://ftp.cga.ct.gov/2024/cbs/s/SB-0425.HTM,https://www.cga.ct.gov/2024/TOB/s/pdf/2024SB-00425-R00-SB.pdf
SB-0426.HTM,2024,Raised Bill,Judiciary Committee,AN ACT CONCERNING COURT OPERATIONS AND ADMINISTRATIVE PROCEEDINGS.,"To make various changes to statutes relating to: (1) The duties of the Chief Court Administrator, (2) certain court processes and procedures, (3) duties undertaken by attorneys, and (4) entities operating under the auspices of the Judicial Branch.","Rep. Steven J. Stafstrom, 129th Dist.; ",(JUD),ftp://ftp.cga.ct.gov/2024/cbs/s/SB-0426.HTM,https://www.cga.ct.gov/2024/TOB/s/pdf/2024SB-00426-R00-SB.pdf
SB-0427.HTM,2024,Raised Bill,Judiciary Committee,AN ACT CONCERNING POLICE ANIMALS AND DOGS IN VOLUNTEER CANINE SEARCH AND RESCUE TEAMS.,"To (1) increase the penalty for intentionally injuring a police animal or dog in a volunteer canine search and rescue team; (2) establish a penalty for annoying, teasing, tormenting or harassing a police animal confined in a motor vehicle; (3) allow emergency medical services personnel to provide emergency treatment and transportation to an injured police animal under certain circumstances; and (4) establish a grant program to provide canine officers with body armor.","Rep. Holly H. Cheeseman, 37th Dist.; Rep. Tammy Nuccio, 53rd Dist.; Rep. Jill Barry, 31st Dist.; Rep. William Pizzuto, 71st Dist.",(JUD),ftp://ftp.cga.ct.gov/2024/cbs/s/SB-0427.HTM,https://www.cga.ct.gov/2024/TOB/s/pdf/2024SB-00427-R00-SB.pdf
SB-0428.HTM,2024,Raised Bill,Judiciary Committee,AN ACT CONCERNING BUSINESS REGISTRATIONS FILED WITH THE SECRETARY OF THE STATE.,To make changes to statutes affecting business registrations with the Secretary of the State.,,(JUD),ftp://ftp.cga.ct.gov/2024/cbs/s/SB-0428.HTM,https://www.cga.ct.gov/2024/TOB/s/pdf/2024SB-00428-R00-SB.pdf
SB-0429.HTM,2024,Raised Bill,Judiciary Committee,AN ACT CONCERNING A STUDY OF THE CIVIL PROCEDURE LAWS IN THIS STATE.,To establish a working group to study the civil procedure laws in this state.,,(JUD),ftp://ftp.cga.ct.gov/2024/cbs/s/SB-0429.HTM,https://www.cga.ct.gov/2024/TOB/s/pdf/2024SB-00429-R00-SB.pdf
SB-0430.HTM,2024,Raised Bill,Commerce Committee,AN ACT AUTHORIZING BONDS OF THE STATE FOR AN ADVANCED MANUFACTURING APPRENTICESHIP AND COMMUNITY ROBOTICS CENTER.,To authorize bonds of the state for an advanced manufacturing apprenticeship and community robotics center.,"Rep. Christopher Poulos, 81st Dist.; Rep. Kerry S. Wood, 29th Dist.",(CE),ftp://ftp.cga.ct.gov/2024/cbs/s/SB-0430.HTM,https://www.cga.ct.gov/2024/TOB/s/pdf/2024SB-00430-R00-SB.pdf
SB-0431.HTM,2024,Raised Bill,Government Administration and Elections Committee,"AN ACT CONCERNING FEES FOR COPYING, REVIEWING AND REDACTING RECORDS CREATED BY POLICE BODY-WORN RECORDING EQUIPMENT AND DASHBOARD CAMERAS.",To authorize a public agency to charge a redaction fee for the disclosure of a record created by police body-worn equipment or dashboard cameras that contains portions not authorized to be disclosed under state or federal law.,"Sen. Rob Sampson, 16th Dist.; Rep. Jill Barry, 31st Dist.; Rep. Michael DiGiovancarlo, 74th Dist.; Rep. Jaime S. Foster, 57th Dist.; Rep. Mitch Bolinsky, 106th Dist.; Rep. Martin Foncello, 107th Dist.; Sen. MD Rahman, 4th Dist.; Rep. Christopher Poulos, 81st Dist.",(GAE),ftp://ftp.cga.ct.gov/2024/cbs/s/SB-0431.HTM,https://www.cga.ct.gov/2024/TOB/s/pdf/2024SB-00431-R00-SB.pdf
SB-0432.HTM,2024,Raised Bill,Government Administration and Elections Committee,AN ACT CONCERNING STATE CONTRACTS WITH NONPROFIT HUMAN SERVICES PROVIDERS.,To require the Secretary of the Office of Policy and Management to conduct reviews of the level of services and reporting requirements of nonprofit human services providers and of updates needed to CORE-CT to eliminate inefficiencies and to require prompt payment of such providers.,"Rep. Gary A. Turco, 27th Dist.; Sen. Rob Sampson, 16th Dist.; Rep. Mitch Bolinsky, 106th Dist.; Rep. Josh Elliott, 88th Dist.; Rep. Mary Fortier, 79th Dist.; Rep. Jonathan Fazzino, 83rd Dist.; Rep. William Heffernan, 115th Dist.; Rep. Frank Smith, 118th Dist.; Rep. Christopher Poulos, 81st Dist.; Rep. Jill Barry, 31st Dist.; Rep. Kevin Ryan, 139th Dist.; Rep. David Michel, 146th Dist.; Rep. Travis Simms, 140th Dist.; Rep. Mike Demicco, 21st Dist.; Rep. Jane M. Garibay, 60th Dist.; Rep. Tom Delnicki, 14th Dist.; Rep. Kathleen M. McCarty, 38th Dist.; Rep. Robin E. Comey, 102nd Dist.; Rep. Bobby G. Gibson, 15th Dist.; Rep. Devin R. Carney, 23rd Dist.; Sen. Patricia Billie Miller, 27th Dist.; Rep. Holly H. Cheeseman, 37th Dist.; Rep. Martin Foncello, 107th Dist.; Rep. Anthony L. Nolan, 39th Dist.; Rep. Kathy Kennedy, 119th Dist.; Rep. Matt Blumenthal, 147th Dist.",(GAE),ftp://ftp.cga.ct.gov/2024/cbs/s/SB-0432.HTM,https://www.cga.ct.gov/2024/TOB/s/pdf/2024SB-00432-R00-SB.pdf
SB-0433.HTM,2024,Raised Bill,Government Administration and Elections Committee,AN ACT IMPLEMENTING THE RECOMMENDATIONS OF THE COMMISSION ON RACIAL EQUITY IN PUBLIC HEALTH.,To implement the recommendations of the Commission on Racial Equity in Public Health in its most recent report concerning increasing equity in state government.,,(GAE),ftp://ftp.cga.ct.gov/2024/cbs/s/SB-0433.HTM,https://www.cga.ct.gov/2024/TOB/s/pdf/2024SB-00433-R00-SB.pdf
SB-0434.HTM,2024,Raised Bill,Government Administration and Elections Committee,AN ACT INCREASING VARIOUS MONETARY THRESHOLDS UNDER THE STATE CODES OF ETHICS.,To increase various monetary thresholds for violations under the state codes of ethics.,,(GAE),ftp://ftp.cga.ct.gov/2024/cbs/s/SB-0434.HTM,https://www.cga.ct.gov/2024/TOB/s/pdf/2024SB-00434-R00-SB.pdf
SB-0435.HTM,2024,Raised Bill,Government Administration and Elections Committee,AN ACT CONCERNING THE DESIGNATION OF FARM LAND AND OPEN SPACE LAND AND REVISIONS TO THE CONNECTICUT ENTITY TRANSACTIONS ACT.,"To provide the approval of an operation as farm land or open space land by the Commissioner of Agriculture as prima facie evidence of such designation, to add reference to reproductive and gender-affirming health care services being provided to out-of-state patients and to make revisions to the Connecticut Entity Transactions Act.","Sen. Kevin C. Kelly, 21st Dist.; Rep. Ben McGorty, 122nd Dist.; Rep. Matt Blumenthal, 147th Dist.; ",(GAE),ftp://ftp.cga.ct.gov/2024/cbs/s/SB-0435.HTM,https://www.cga.ct.gov/2024/TOB/s/pdf/2024SB-00435-R00-SB.pdf
SB-0436.HTM,2024,Raised Bill,Government Administration and Elections Committee,AN ACT CONCERNING REVISIONS TO THE FREEDOM OF INFORMATION ACT CONCERNING THE NONDISCLOSURE OF THE ADDRESSES OF CERTAIN PUBLIC AGENCY EMPLOYEES.,"To amend the prohibition against disclosing the residential address of certain persons contained in personnel, medical or similar files by deleting reference to the employing public agency and expanding the prohibition to certain other employees where residency is not a requirement for employment.",,(GAE),ftp://ftp.cga.ct.gov/2024/cbs/s/SB-0436.HTM,https://www.cga.ct.gov/2024/TOB/s/pdf/2024SB-00436-R00-SB.pdf
SB-0437.HTM,2024,Raised Bill,Government Administration and Elections Committee,AN ACT CONCERNING THE STRUCTURE OF THE OFFICE OF THE CHILD ADVOCATE WITHIN THE OFFICE OF GOVERNMENTAL ACCOUNTABILITY.,To modify the appointment process for the Child Advocate and to create an independent board within the advocate's office with the responsibility of appointing the advocate.,"Sen. Gary A. Winfield, 10th Dist.; Sen. Tony Hwang, 28th Dist.",(GAE),ftp://ftp.cga.ct.gov/2024/cbs/s/SB-0437.HTM,https://www.cga.ct.gov/2024/TOB/s/pdf/2024SB-00437-R00-SB.pdf
SB-0438.HTM,2024,Raised Bill,Judiciary Committee,AN ACT CONCERNING A STUDY OF THE CRIMINAL PROCEDURE LAWS OF THIS STATE.,To require a study of the criminal procedure laws of this state.,,(JUD),ftp://ftp.cga.ct.gov/2024/cbs/s/SB-0438.HTM,https://www.cga.ct.gov/2024/TOB/s/pdf/2024SB-00438-R00-SB.pdf
SB-0439.HTM,2024,Raised Bill,Judiciary Committee,AN ACT CONCERNING COMPENSATION FOR PERSONS WHO ARE WRONGFULLY INCARCERATED.,"To permit a person whose conviction is vacated or reversed on grounds consistent with innocence to seek compensation for being wrongfully incarcerated, require the Claims Commissioner to determine eligibility within ninety days of a hearing on a wrongful incarceration claim, change ""median household income"" to ""median family income"" within the formula for determining compensation, permit compensation in the form of an array of services designed to assist in reintegration of the claimant, remove the bar against further legal action arising from such claim for any person awarded compensation and provide for an offset of the award amount from any future damages awarded and allow an award of compensation to the estate of a claimant who has died since filing a claim.","Rep. Steven J. Stafstrom, 129th Dist.; Rep. Matt Blumenthal, 147th Dist.",(JUD),ftp://ftp.cga.ct.gov/2024/cbs/s/SB-0439.HTM,https://www.cga.ct.gov/2024/TOB/s/pdf/2024SB-00439-R00-SB.pdf
SB-0440.HTM,2024,Raised Bill,Public Health Committee,AN ACT CONCERNING CERTIFICATES OF NEED.,To make various revisions to the certificate of need process.,"Rep. Tom Delnicki, 14th Dist.; Sen. Saud Anwar, 3rd Dist.; Sen. Jeff Gordon, 35th Dist.; Rep. Jason Doucette, 13th Dist.; Rep. Susan M. Johnson, 49th Dist.; Sen. Ryan Fazio, 36th Dist.; Sen. Heather S. Somers, 18th Dist.; Rep. Irene M. Haines, 34th Dist.; Rep. Kadeem Roberts, 137th Dist.; ",(PH),ftp://ftp.cga.ct.gov/2024/cbs/s/SB-0440.HTM,https://www.cga.ct.gov/2024/TOB/s/pdf/2024SB-00440-R00-SB.pdf
SB-0441.HTM,2024,Raised Bill,Government Administration and Elections Committee,AN ACT CONCERNING ELECTION ADMINISTRATION OVERSIGHT.,"To establish a Municipal Election Accountability Board and a process by which said board may be authorized to exercise oversight of municipalities in the administration of their elections, primaries and referenda.",,(GAE),ftp://ftp.cga.ct.gov/2024/cbs/s/SB-0441.HTM,https://www.cga.ct.gov/2024/TOB/s/pdf/2024SB-00441-R00-SB.pdf
SB-0442.HTM,2024,Raised Bill,Government Administration and Elections Committee,AN ACT CONCERNING THE DESIGNATION OF MOUNT DECATUR AS A HISTORIC SITE.,To require the State Historic Preservation Board to nominate a fort from the War of 1812 on Mount Decatur to the National Register of Historic Places.,"Rep. Aundre Bumgardner, 41st Dist.; Rep. Kevin Ryan, 139th Dist.; Rep. Brian Lanoue, 45th Dist.; ",(GAE),ftp://ftp.cga.ct.gov/2024/cbs/s/SB-0442.HTM,https://www.cga.ct.gov/2024/TOB/s/pdf/2024SB-00442-R00-SB.pdf
SB-0443.HTM,2024,Raised Bill,"Finance, Revenue and Bonding Committee",AN ACT CONCERNING THE ACCRUAL OF INTEREST ON CERTAIN TAX UNDERPAYMENTS AND THE BUSINESS OPERATING LOSS CARRY-OVER PERIOD.,"To (1) provide that an aggrieved taxpayer may, under certain circumstances, file a written request that the Commissioner of Revenue Services issue an order, decision, determination or disallowance, (2) require that interest not accrue on tax underpayments resulting from certain amended returns related to the employee retention credit program, and (3) allow business operating losses incurred in income years commencing on or after January 1, 2025, to be deductible over thirty income years.","Rep. Brian Lanoue, 45th Dist.; Rep. Mark DeCaprio, 48th Dist.; Sen. Rob Sampson, 16th Dist.; ",(FIN),ftp://ftp.cga.ct.gov/2024/cbs/s/SB-0443.HTM,https://www.cga.ct.gov/2024/TOB/s/pdf/2024SB-00443-R00-SB.pdf
SB-0444.HTM,2024,Raised Bill,Judiciary Committee,AN ACT CONCERNING THE MODIFICATION OF SENTENCES FOR CANNABIS-RELATED OFFENSES.,To provide for a specific process for sentence modification in the case of cannabis-related offenses.,"Rep. Josh Elliott, 88th Dist.; ",(JUD),ftp://ftp.cga.ct.gov/2024/cbs/s/SB-0444.HTM,https://www.cga.ct.gov/2024/TOB/s/pdf/2024SB-00444-R00-SB.pdf
SB-0445.HTM,2024,Raised Bill,Judiciary Committee,"AN ACT CONCERNING A JOBS PROGRAM FOR YOUTH IMPACTED BY THE JUVENILE JUSTICE SYSTEM, REVIEW OF PROBATION VIOLATIONS AND STATE-WIDE EXPANSION OF TRUANCY CLINICS.","To establish a jobs program for youth impacted by the juvenile justice system, require a review of and report concerning probation violations, require and fund a state-wide expansion of the truancy clinic program and permit a peace officer to stop a motor vehicle solely because the driver or a passenger is using cannabis.","Rep. Craig C. Fishbein, 90th Dist.; Sen. John A. Kissel, 7th Dist.; Sen. Eric C. Berthel, 32nd Dist.; Sen. Henri Martin, 31st Dist.; Sen. Paul Cicarella, 34th Dist.; Sen. Lisa Seminara, 8th Dist.",(JUD),ftp://ftp.cga.ct.gov/2024/cbs/s/SB-0445.HTM,https://www.cga.ct.gov/2024/TOB/s/pdf/2024SB-00445-R00-SB.pdf
SB-0446.HTM,2024,Raised Bill,Appropriations Committee,AN ACT CONCERNING PAYMENTS IN LIEU OF TAXES.,To address PILOT on certain land taken into trust by the federal government for the Mashantucket Pequot and Mohegan Tribes.,,(APP),ftp://ftp.cga.ct.gov/2024/cbs/s/SB-0446.HTM,https://www.cga.ct.gov/2024/TOB/s/pdf/2024SB-00446-R00-SB.pdf
SB-0447.HTM,2024,Raised Bill,"Finance, Revenue and Bonding Committee",AN ACT CONCERNING THE FAILURE TO FILE FOR CERTAIN GRAND LIST EXEMPTIONS AND AUTHORIZING THE DEFERRAL OF A CERTAIN MUNICIPALITY'S REAL PROPERTY REVALUATION.,"To (1) allow certain persons to file for certain property tax exemptions, notwithstanding certain statutory deadlines, and (2) authorize the town of Stratford to defer the revaluation of real property in said town by one year.","Rep. Ben McGorty, 122nd Dist.; Rep. Joseph P. Gresko, 121st Dist.; Sen. Kevin C. Kelly, 21st Dist.; Rep. Laura Dancho, 120th Dist.",(FIN),ftp://ftp.cga.ct.gov/2024/cbs/s/SB-0447.HTM,https://www.cga.ct.gov/2024/TOB/s/pdf/2024SB-00447-R00-SB.pdf
SB-0448.HTM,2024,Raised Bill,"Finance, Revenue and Bonding Committee",AN ACT CONCERNING A WORKING GROUP TO EXAMINE EXISTING TAX EXPENDITURES IN THE STATE.,To establish a working group to study existing tax expenditures in the state for the purpose of simplifying the state tax code.,,(FIN),ftp://ftp.cga.ct.gov/2024/cbs/s/SB-0448.HTM,https://www.cga.ct.gov/2024/TOB/s/pdf/2024SB-00448-R00-SB.pdf
SB-0449.HTM,2024,Raised Bill,"Finance, Revenue and Bonding Committee",AN ACT CONCERNING A STUDY OF STATE TAXATION.,To require the Commissioners of Economic and Community Development and Revenue Services to study certain taxes imposed by this state.,"Sen. Jorge Cabrera, 17th Dist.; ",(FIN),ftp://ftp.cga.ct.gov/2024/cbs/s/SB-0449.HTM,https://www.cga.ct.gov/2024/TOB/s/pdf/2024SB-00449-R00-SB.pdf
SB-0450.HTM,2024,Raised Bill,"Finance, Revenue and Bonding Committee",AN ACT PHASING IN THE EXEMPTION OF MOTOR VEHICLES FROM PROPERTY TAX AND INCREASES IN THE UNIFORM PROPERTY ASSESSMENT RATE.,To provide a five-year phase-in of a property tax exemption for motor vehicles and increase the uniform property assessment rate over the same period.,"Sen. MD Rahman, 4th Dist.; ",(FIN),ftp://ftp.cga.ct.gov/2024/cbs/s/SB-0450.HTM,https://www.cga.ct.gov/2024/TOB/s/pdf/2024SB-00450-R00-SB.pdf
SB-0451.HTM,2024,Raised Bill,"Finance, Revenue and Bonding Committee",AN ACT CONCERNING A WORKING GROUP TO EXAMINE THE PROPERTY TAX EXEMPTION FOR SOLAR PHOTOVOLTAIC SYSTEMS.,To establish a working group to examine the property tax exemption under subdivision (57) of section 12-81 of the general statutes for Class I renewable energy sources that are solar photovoltaic systems.,,(FIN),ftp://ftp.cga.ct.gov/2024/cbs/s/SB-0451.HTM,https://www.cga.ct.gov/2024/TOB/s/pdf/2024SB-00451-R00-SB.pdf
SB-0452.HTM,2024,Raised Bill,"Finance, Revenue and Bonding Committee",AN ACT CONCERNING THE PROPERTY TAX APPEALS PROCESS AND THE PENALTY RELATED TO THE SUBMISSION OF INCOME AND EXPENSES INFORMATION FOR RENTAL PROPERTIES.,"To (1) remove the ability of boards of assessment appeals to elect not to conduct an appeal for certain types of properties, (2) require assessors to provide certain information before a board of assessment appeals hearing, (3) provide for mediation before a court may hear an appeal of the action of a board of tax review or a board of assessment appeals, (4) increase the valuation threshold for when an appraisal must be filed with the court for an appeal related to the valuation of real property, and (5) replace the existing penalty related to the submission of income and expenses information by rental property owners with a penalty of five hundred dollars.",,(FIN),ftp://ftp.cga.ct.gov/2024/cbs/s/SB-0452.HTM,https://www.cga.ct.gov/2024/TOB/s/pdf/2024SB-00452-R00-SB.pdf
SB-0453.HTM,2024,Raised Bill,"Finance, Revenue and Bonding Committee",AN ACT CONCERNING INDEPENDENT REVIEW OF THE INVESTMENT PERFORMANCE OF THE STATE'S PENSION FUNDS.,To require the Office of Legislative Management to issue a request for proposals for an advisory firm to conduct an independent review of the investment performance of the state's pension funds relative to peer states' investment performance and submit a report of such review on an annual basis.,"Sen. Tony Hwang, 28th Dist.; Sen. Ryan Fazio, 36th Dist.",(FIN),ftp://ftp.cga.ct.gov/2024/cbs/s/SB-0453.HTM,https://www.cga.ct.gov/2024/TOB/s/pdf/2024SB-00453-R00-SB.pdf
SB-0454.HTM,2024,Raised Bill,"Finance, Revenue and Bonding Committee",AN ACT CONCERNING PHOTO NOISE VIOLATION MONITORING DEVICES.,"To permit a municipality to use photo noise violation monitoring devices and establish a higher rate of sales and use taxes for certain motor vehicle mufflers, instruments or devices that exceed the maximum allowable decibel level.","Rep. Bobby G. Gibson, 15th Dist.; Rep. Joseph P. Gresko, 121st Dist.; Rep. James Sanchez, 6th Dist.; Rep. Gary A. Turco, 27th Dist.; Rep. David Michel, 146th Dist.; Sen. Norman Needleman, 33rd Dist.; Rep. Geraldo C. Reyes, 75th Dist.; Rep. Tom Delnicki, 14th Dist.; Rep. Josh Elliott, 88th Dist.; Rep. Larry B. Butler, 72nd Dist.; Rep. Michael DiGiovancarlo, 74th Dist.; Rep. Kerry S. Wood, 29th Dist.; Rep. Hubert D. Delany, 144th Dist.; Rep. Henry J. Genga, 10th Dist.",(FIN),ftp://ftp.cga.ct.gov/2024/cbs/s/SB-0454.HTM,https://www.cga.ct.gov/2024/TOB/s/pdf/2024SB-00454-R00-SB.pdf
SB-0455.HTM,2024,Raised Bill,"Finance, Revenue and Bonding Committee",AN ACT CONCERNING THE ESTABLISHMENT OF AN INVESTMENT INSTRUMENT PROGRAM BY THE UNIVERSITY OF CONNECTICUT AND THE CONNECTICUT STATE UNIVERSITY SYSTEM.,To require The University of Connecticut and the Connecticut State University System to establish an investment instrument program.,,(FIN),ftp://ftp.cga.ct.gov/2024/cbs/s/SB-0455.HTM,https://www.cga.ct.gov/2024/TOB/s/pdf/2024SB-00455-R00-SB.pdf
SB-0456.HTM,2024,Raised Bill,"Finance, Revenue and Bonding Committee",AN ACT ESTABLISHING A PILOT PROGRAM FOR THE DEVELOPMENT AND IMPLEMENTATION OF TEN-YEAR PLANS TO ERADICATE CONCENTRATED POVERTY IN THE STATE.,To require the development and implementation of a ten-year plan for each concentrated poverty census tract in the state to eradicate concentrated poverty in the state.,"Rep. Susan M. Johnson, 49th Dist.; Rep. Robyn A. Porter, 94th Dist.; Rep. Joshua M. Hall, 7th Dist.; Rep. James Sanchez, 6th Dist.; Sen. Gary A. Winfield, 10th Dist.; Sen. Jan Hochadel, 13th Dist.; Sen. Herron Gaston, 23rd Dist.; Sen. Catherine A. Osten, 19th Dist.; Sen. Martha Marx, 20th Dist.; Sen. Julie Kushner, 24th Dist.; Sen. Jorge Cabrera, 17th Dist.; Sen. Rick Lopes, 6th Dist.",(FIN),ftp://ftp.cga.ct.gov/2024/cbs/s/SB-0456.HTM,https://www.cga.ct.gov/2024/TOB/s/pdf/2024SB-00456-R00-SB.pdf
SB-0457.HTM,2024,Raised Bill,Government Administration and Elections Committee,AN ACT CONCERNING THE RECONVEYANCE OF A PARCEL OF STATE LAND IN THE CITY OF MIDDLETOWN.,To reconvey a parcel of state land in the city of Middletown that has reverted to the state to its former owner for moderate-income housing and public recreational or community facilities.,"Sen. Matthew L. Lesser, 9th Dist.; ",(GAE),ftp://ftp.cga.ct.gov/2024/cbs/s/SB-0457.HTM,https://www.cga.ct.gov/2024/TOB/s/pdf/2024SB-00457-R00-SB.pdf
SB-0458.HTM,2024,Raised Bill,Government Administration and Elections Committee,AN ACT CONCERNING THE CONVEYANCE OF TWO PARCELS OF STATE LAND IN THE TOWN OF WINDSOR.,To convey two parcels of state land in the town of Windsor to the town for economic development purposes.,,(GAE),ftp://ftp.cga.ct.gov/2024/cbs/s/SB-0458.HTM,https://www.cga.ct.gov/2024/TOB/s/pdf/2024SB-00458-R00-SB.pdf
SB-0459.HTM,2024,Raised Bill,Government Administration and Elections Committee,AN ACT CONCERNING A CONVEYANCE OF A PARCEL OF STATE LAND IN THE CITY OF BRIDGEPORT.,To convey a parcel of state land in the city of Bridgeport in accordance with a 2001 lease agreement.,,(GAE),ftp://ftp.cga.ct.gov/2024/cbs/s/SB-0459.HTM,https://www.cga.ct.gov/2024/TOB/s/pdf/2024SB-00459-R00-SB.pdf
SB-0460.HTM,2024,Raised Bill,Government Administration and Elections Committee,AN ACT CONCERNING THE CONVEYANCE OF A PARCEL OF STATE LAND IN THE TOWN OF ENFIELD.,To convey a parcel of state land in the town of Enfield to the town of Enfield for recreational or open space purposes.,"Sen. John A. Kissel, 7th Dist.; ",(GAE),ftp://ftp.cga.ct.gov/2024/cbs/s/SB-0460.HTM,https://www.cga.ct.gov/2024/TOB/s/pdf/2024SB-00460-R00-SB.pdf
SB-0461.HTM,2024,Raised Bill,Government Administration and Elections Committee,AN ACT CONCERNING THE CONVEYANCE OF A PARCEL OF STATE LAND IN THE TOWN OF SOMERS.,To convey a parcel of state land in the town of Somers to the town of Somers for public safety purposes.,"Sen. John A. Kissel, 7th Dist.; Rep. Kurt Vail, 52nd Dist.; Sen. Jeff Gordon, 35th Dist.; ",(GAE),ftp://ftp.cga.ct.gov/2024/cbs/s/SB-0461.HTM,https://www.cga.ct.gov/2024/TOB/s/pdf/2024SB-00461-R00-SB.pdf
SB-0501.HTM,2024,Unknown,"SEN. MARTIN M. LOONEY, 11th DIST.REP. MATTHEW RITTER, 1st DIST.SEN. BOB DUFF, 25th DIST.REP. JASON ROJAS, 9th DIST.","AN ACT CONCERNING MOTOR VEHICLE ASSESSMENTS FOR PROPERTY TAXATION, INNOVATION BANKS, THE INTEREST ON CERTAIN TAX UNDERPAYMENTS, THE ASSESSMENT ON INSURERS, SCHOOL BUILDING PROJECTS, THE SOUTH CENTRAL CONNECTICUT REGIONAL WATER AUTHORITY CHARTER AND CERTAIN STATE HISTORIC PRESERVATION OFFICER PROCEDURES.",,,"SEN. LOONEY, 11th Dist. ; REP. RITTER M., 1st Dist. ; SEN. DUFF, 25th Dist. ; REP. ROJAS, 9th Dist.",ftp://ftp.cga.ct.gov/2024/cbs/s/SB-0501.HTM,https://www.cga.ct.gov/2024/TOB/s/pdf/2024SB-00501-R00-SB.pdf
SJ-0001.HTM,2024,Unknown,"SEN. BOB DUFF, 25th DIST.REP. JASON ROJAS, 9th DIST.","RESOLUTION CONCERNING PUBLICATION OF LEGISLATIVE BULLETIN, PRINTING OF BILLS AND EXPENSES.",,,"SEN. DUFF, 25th Dist. ; REP. ROJAS, 9th Dist.",ftp://ftp.cga.ct.gov/2024/cbs/s/SJ-0001.HTM,https://www.cga.ct.gov/2024/TOB/s/pdf/2024SJ-00001-R00-SB.pdf
SJ-0002.HTM,2024,Unknown,"SEN. BOB DUFF, 25th DIST.REP. JASON ROJAS, 9th DIST.",RESOLUTION RAISING A COMMITTEE TO INFORM THE GOVERNOR THAT THE SENATE AND HOUSE OF REPRESENTATIVES ARE MET IN JOINT CONVENTION TO RECEIVE HIS BUDGET MESSAGE.,,,"SEN. DUFF, 25th Dist. ; REP. ROJAS, 9th Dist.",ftp://ftp.cga.ct.gov/2024/cbs/s/SJ-0002.HTM,https://www.cga.ct.gov/2024/TOB/s/pdf/2024SJ-00002-R00-SB.pdf
SJ-0003.HTM,2024,Unknown,"SEN. BOB DUFF, 25th DIST.REP. JASON ROJAS, 9th DIST.",RESOLUTION CONCERNING THE PRINTING OF THE GOVERNOR'S BUDGET MESSAGE.,,,"SEN. DUFF, 25th Dist. ; REP. ROJAS, 9th Dist.",ftp://ftp.cga.ct.gov/2024/cbs/s/SJ-0003.HTM,https://www.cga.ct.gov/2024/TOB/s/pdf/2024SJ-00003-R00-SB.pdf
SJ-0004.HTM,2024,Unknown,Government Administration and Elections Committee,RESOLUTION PROPOSING A STATE CONSTITUTIONAL AMENDMENT CONCERNING DISCRIMINATION ON THE BASIS OF SEX UNDER THE EQUAL PROTECTION CLAUSE.,,,(GAE),ftp://ftp.cga.ct.gov/2024/cbs/s/SJ-0004.HTM,https://www.cga.ct.gov/2024/TOB/s/pdf/2024SJ-00004-R00-SB.pdf
SJ-0005.HTM,2024,Unknown,"SEN. BOB DUFF, 25th DIST.REP. JULIO A. CONCEPCION, 4th DIST.",RESOLUTION CONFIRMING THE NOMINATION OF ALEX HARRIS OF RIDGEFIELD TO BE A MEMBER OF THE COMMISSION ON HUMAN RIGHTS AND OPPORTUNITIES.,,,"SEN. DUFF, 25th Dist. ; REP. CONCEPCION, 4th Dist.",ftp://ftp.cga.ct.gov/2024/cbs/s/SJ-0005.HTM,https://www.cga.ct.gov/2024/TOB/s/pdf/2024SJ-00005-R00-SB.pdf
SJ-0006.HTM,2024,Unknown,Veterans' and Military Affairs Committee,RESOLUTION RECOGNIZING AND HONORING VETERANS OF THE VIETNAM WAR WHO WERE EXPOSED TO AGENT ORANGE.,,"Rep. Craig C. Fishbein, 90th Dist.; Rep. Gale L. Mastrofrancesco, 80th Dist.; Sen. Rob Sampson, 16th Dist.; Rep. Greg S. Howard, 43rd Dist.; Sen. Paul Cicarella, 34th Dist.; Sen. John A. Kissel, 7th Dist.; Sen. Tony Hwang, 28th Dist.; Rep. Devin R. Carney, 23rd Dist.; Rep. Matt Blumenthal, 147th Dist.; Sen. Eric C. Berthel, 32nd Dist.; Sen. Jeff Gordon, 35th Dist.; ",(VA),ftp://ftp.cga.ct.gov/2024/cbs/s/SJ-0006.HTM,https://www.cga.ct.gov/2024/TOB/s/pdf/2024SJ-00006-R00-SB.pdf
SJ-0007.HTM,2024,Unknown,Judiciary Committee,RESOLUTION GRANTING THE CLAIMS COMMISSIONER AN EXTENSION OF TIME TO DISPOSE OF CERTAIN CLAIMS AGAINST THE STATE PURSUANT TO CHAPTER 53 OF THE GENERAL STATUTES.,,,(JUD),ftp://ftp.cga.ct.gov/2024/cbs/s/SJ-0007.HTM,https://www.cga.ct.gov/2024/TOB/s/pdf/2024SJ-00007-R00-SB.pdf
SJ-0008.HTM,2024,Unknown,Judiciary Committee,RESOLUTION GRANTING THE CLAIMS COMMISSIONER AN EXTENSION OF TIME TO DISPOSE OF THE CLAIM OF WAYNE KEELEY.,,,(JUD),ftp://ftp.cga.ct.gov/2024/cbs/s/SJ-0008.HTM,https://www.cga.ct.gov/2024/TOB/s/pdf/2024SJ-00008-R00-SB.pdf
SJ-0009.HTM,2024,Unknown,Judiciary Committee,RESOLUTION GRANTING THE CLAIMS COMMISSIONER AN EXTENSION OF TIME TO DISPOSE OF THE CLAIM OF JOSE RAMOS.,,,(JUD),ftp://ftp.cga.ct.gov/2024/cbs/s/SJ-0009.HTM,https://www.cga.ct.gov/2024/TOB/s/pdf/2024SJ-00009-R00-SB.pdf
SJ-0010.HTM,2024,Unknown,Judiciary Committee,RESOLUTION GRANTING THE CLAIMS COMMISSIONER AN EXTENSION OF TIME TO DISPOSE OF THE CLAIM OF ANGEL RIVERA.,,,(JUD),ftp://ftp.cga.ct.gov/2024/cbs/s/SJ-0010.HTM,https://www.cga.ct.gov/2024/TOB/s/pdf/2024SJ-00010-R00-SB.pdf
SJ-0011.HTM,2024,Unknown,Judiciary Committee,RESOLUTION GRANTING THE CLAIMS COMMISSIONER AN EXTENSION OF TIME TO DISPOSE OF THE CLAIM OF ALLISON MURRAY.,,,(JUD),ftp://ftp.cga.ct.gov/2024/cbs/s/SJ-0011.HTM,https://www.cga.ct.gov/2024/TOB/s/pdf/2024SJ-00011-R00-SB.pdf
SJ-0012.HTM,2024,Unknown,Judiciary Committee,RESOLUTION GRANTING THE CLAIMS COMMISSIONER AN EXTENSION OF TIME TO DISPOSE OF THE CLAIM OF ASHLEY DIXON.,,,(JUD),ftp://ftp.cga.ct.gov/2024/cbs/s/SJ-0012.HTM,https://www.cga.ct.gov/2024/TOB/s/pdf/2024SJ-00012-R00-SB.pdf
SJ-0013.HTM,2024,Unknown,Judiciary Committee,RESOLUTION GRANTING THE CLAIMS COMMISSIONER AN EXTENSION OF TIME TO DISPOSE OF THE CLAIM OF ISAAC COUNCIL.,,,(JUD),ftp://ftp.cga.ct.gov/2024/cbs/s/SJ-0013.HTM,https://www.cga.ct.gov/2024/TOB/s/pdf/2024SJ-00013-R00-SB.pdf
SJ-0014.HTM,2024,Unknown,Judiciary Committee,RESOLUTION GRANTING THE CLAIMS COMMISSIONER AN EXTENSION OF TIME TO DISPOSE OF THE CLAIM OF JONATHAN SEILER.,,,(JUD),ftp://ftp.cga.ct.gov/2024/cbs/s/SJ-0014.HTM,https://www.cga.ct.gov/2024/TOB/s/pdf/2024SJ-00014-R00-SB.pdf
SJ-0015.HTM,2024,Unknown,Judiciary Committee,RESOLUTION GRANTING THE CLAIMS COMMISSIONER AN EXTENSION OF TIME TO DISPOSE OF THE CLAIM OF MATTHEW WILLS.,,,(JUD),ftp://ftp.cga.ct.gov/2024/cbs/s/SJ-0015.HTM,https://www.cga.ct.gov/2024/TOB/s/pdf/2024SJ-00015-R00-SB.pdf
SJ-0016.HTM,2024,Unknown,Judiciary Committee,RESOLUTION GRANTING THE CLAIMS COMMISSIONER AN EXTENSION OF TIME TO DISPOSE OF THE CLAIM OF LUIS VICENTE.,,,(JUD),ftp://ftp.cga.ct.gov/2024/cbs/s/SJ-0016.HTM,https://www.cga.ct.gov/2024/TOB/s/pdf/2024SJ-00016-R00-SB.pdf
SJ-0017.HTM,2024,Unknown,Judiciary Committee,RESOLUTION GRANTING THE CLAIMS COMMISSIONER AN EXTENSION OF TIME TO DISPOSE OF THE CLAIM OF ANTHONY CARTER.,,,(JUD),ftp://ftp.cga.ct.gov/2024/cbs/s/SJ-0017.HTM,https://www.cga.ct.gov/2024/TOB/s/pdf/2024SJ-00017-R00-SB.pdf
SJ-0018.HTM,2024,Unknown,Judiciary Committee,RESOLUTION GRANTING THE CLAIMS COMMISSIONER AN EXTENSION OF TIME TO DISPOSE OF THE CLAIM OF DAVID GODBOUT.,,,(JUD),ftp://ftp.cga.ct.gov/2024/cbs/s/SJ-0018.HTM,https://www.cga.ct.gov/2024/TOB/s/pdf/2024SJ-00018-R00-SB.pdf
SJ-0019.HTM,2024,Unknown,Judiciary Committee,RESOLUTION GRANTING THE CLAIMS COMMISSIONER AN EXTENSION OF TIME TO DISPOSE OF THE CLAIM OF GARY STOCKING.,,,(JUD),ftp://ftp.cga.ct.gov/2024/cbs/s/SJ-0019.HTM,https://www.cga.ct.gov/2024/TOB/s/pdf/2024SJ-00019-R00-SB.pdf
SJ-0020.HTM,2024,Unknown,Judiciary Committee,RESOLUTION GRANTING THE CLAIMS COMMISSIONER AN EXTENSION OF TIME TO DISPOSE OF THE CLAIM OF SERGIO PAUL.,,,(JUD),ftp://ftp.cga.ct.gov/2024/cbs/s/SJ-0020.HTM,https://www.cga.ct.gov/2024/TOB/s/pdf/2024SJ-00020-R00-SB.pdf
SJ-0021.HTM,2024,Unknown,Judiciary Committee,RESOLUTION GRANTING THE CLAIMS COMMISSIONER AN EXTENSION OF TIME TO DISPOSE OF THE CLAIM OF LARRY JOHNSON.,,,(JUD),ftp://ftp.cga.ct.gov/2024/cbs/s/SJ-0021.HTM,https://www.cga.ct.gov/2024/TOB/s/pdf/2024SJ-00021-R00-SB.pdf
SJ-0022.HTM,2024,Unknown,Judiciary Committee,RESOLUTION GRANTING THE CLAIMS COMMISSIONER AN EXTENSION OF TIME TO DISPOSE OF THE CLAIM OF ANTHONY CALLEGARI.,,,(JUD),ftp://ftp.cga.ct.gov/2024/cbs/s/SJ-0022.HTM,https://www.cga.ct.gov/2024/TOB/s/pdf/2024SJ-00022-R00-SB.pdf
SJ-0023.HTM,2024,Unknown,Judiciary Committee,RESOLUTION GRANTING THE CLAIMS COMMISSIONER AN EXTENSION OF TIME TO DISPOSE OF THE CLAIM OF CHRISTOPHER FARROW.,,,(JUD),ftp://ftp.cga.ct.gov/2024/cbs/s/SJ-0023.HTM,https://www.cga.ct.gov/2024/TOB/s/pdf/2024SJ-00023-R00-SB.pdf
SJ-0024.HTM,2024,Unknown,Judiciary Committee,RESOLUTION GRANTING THE CLAIMS COMMISSIONER AN EXTENSION OF TIME TO DISPOSE OF THE CLAIM OF DAVID TAYLOR.,,,(JUD),ftp://ftp.cga.ct.gov/2024/cbs/s/SJ-0024.HTM,https://www.cga.ct.gov/2024/TOB/s/pdf/2024SJ-00024-R00-SB.pdf
SJ-0025.HTM,2024,Unknown,Judiciary Committee,RESOLUTION GRANTING THE CLAIMS COMMISSIONER AN EXTENSION OF TIME TO DISPOSE OF THE CLAIM OF DAVID GODBOUT.,,,(JUD),ftp://ftp.cga.ct.gov/2024/cbs/s/SJ-0025.HTM,https://www.cga.ct.gov/2024/TOB/s/pdf/2024SJ-00025-R00-SB.pdf
SJ-0026.HTM,2024,Unknown,Judiciary Committee,RESOLUTION GRANTING THE CLAIMS COMMISSIONER AN EXTENSION OF TIME TO DISPOSE OF THE CLAIM OF MICHAEL CASTILLO.,,,(JUD),ftp://ftp.cga.ct.gov/2024/cbs/s/SJ-0026.HTM,https://www.cga.ct.gov/2024/TOB/s/pdf/2024SJ-00026-R00-SB.pdf
SJ-0027.HTM,2024,Unknown,Judiciary Committee,RESOLUTION GRANTING THE CLAIMS COMMISSIONER AN EXTENSION OF TIME TO DISPOSE OF THE CLAIM OF DAVID GODBOUT.,,,(JUD),ftp://ftp.cga.ct.gov/2024/cbs/s/SJ-0027.HTM,https://www.cga.ct.gov/2024/TOB/s/pdf/2024SJ-00027-R00-SB.pdf
SJ-0028.HTM,2024,Unknown,Judiciary Committee,RESOLUTION GRANTING THE CLAIMS COMMISSIONER AN EXTENSION OF TIME TO DISPOSE OF THE CLAIM OF JOHN LEPESKA.,,,(JUD),ftp://ftp.cga.ct.gov/2024/cbs/s/SJ-0028.HTM,https://www.cga.ct.gov/2024/TOB/s/pdf/2024SJ-00028-R00-SB.pdf
SJ-0029.HTM,2024,Unknown,Judiciary Committee,RESOLUTION GRANTING THE CLAIMS COMMISSIONER AN EXTENSION OF TIME TO DISPOSE OF THE CLAIM OF MIKEY PINEDA.,,,(JUD),ftp://ftp.cga.ct.gov/2024/cbs/s/SJ-0029.HTM,https://www.cga.ct.gov/2024/TOB/s/pdf/2024SJ-00029-R00-SB.pdf
SJ-0030.HTM,2024,Unknown,Judiciary Committee,"RESOLUTION GRANTING THE CLAIMS COMMISSIONER AN EXTENSION OF TIME TO DISPOSE OF THE CLAIM OF TARIQ ABDULAZIZ, PH.D.",,,(JUD),ftp://ftp.cga.ct.gov/2024/cbs/s/SJ-0030.HTM,https://www.cga.ct.gov/2024/TOB/s/pdf/2024SJ-00030-R00-SB.pdf
SJ-0031.HTM,2024,Unknown,Judiciary Committee,RESOLUTION GRANTING THE CLAIMS COMMISSIONER AN EXTENSION OF TIME TO DISPOSE OF THE CLAIM OF DAVID JOYCE.,,,(JUD),ftp://ftp.cga.ct.gov/2024/cbs/s/SJ-0031.HTM,https://www.cga.ct.gov/2024/TOB/s/pdf/2024SJ-00031-R00-SB.pdf
SJ-0032.HTM,2024,Unknown,Judiciary Committee,RESOLUTION GRANTING THE CLAIMS COMMISSIONER AN EXTENSION OF TIME TO DISPOSE OF THE CLAIM OF ROGER BROWN.,,,(JUD),ftp://ftp.cga.ct.gov/2024/cbs/s/SJ-0032.HTM,https://www.cga.ct.gov/2024/TOB/s/pdf/2024SJ-00032-R00-SB.pdf
SJ-0033.HTM,2024,Unknown,Judiciary Committee,RESOLUTION GRANTING THE CLAIMS COMMISSIONER AN EXTENSION OF TIME TO DISPOSE OF THE CLAIM OF NOEL VILLANUEVA.,,,(JUD),ftp://ftp.cga.ct.gov/2024/cbs/s/SJ-0033.HTM,https://www.cga.ct.gov/2024/TOB/s/pdf/2024SJ-00033-R00-SB.pdf
SJ-0034.HTM,2024,Unknown,Judiciary Committee,RESOLUTION GRANTING THE CLAIMS COMMISSIONER AN EXTENSION OF TIME TO DISPOSE OF THE CLAIM OF CLIFTON POWELL.,,,(JUD),ftp://ftp.cga.ct.gov/2024/cbs/s/SJ-0034.HTM,https://www.cga.ct.gov/2024/TOB/s/pdf/2024SJ-00034-R00-SB.pdf
SJ-0035.HTM,2024,Unknown,Judiciary Committee,RESOLUTION GRANTING THE CLAIMS COMMISSIONER AN EXTENSION OF TIME TO DISPOSE OF THE CLAIM OF CLIFTON POWELL.,,,(JUD),ftp://ftp.cga.ct.gov/2024/cbs/s/SJ-0035.HTM,https://www.cga.ct.gov/2024/TOB/s/pdf/2024SJ-00035-R00-SB.pdf
SJ-0036.HTM,2024,Unknown,Judiciary Committee,RESOLUTION GRANTING THE CLAIMS COMMISSIONER AN EXTENSION OF TIME TO DISPOSE OF THE CLAIM OF CLIFTON POWELL.,,,(JUD),ftp://ftp.cga.ct.gov/2024/cbs/s/SJ-0036.HTM,https://www.cga.ct.gov/2024/TOB/s/pdf/2024SJ-00036-R00-SB.pdf
SJ-0037.HTM,2024,Unknown,Judiciary Committee,RESOLUTION GRANTING THE CLAIMS COMMISSIONER AN EXTENSION OF TIME TO DISPOSE OF THE CLAIM OF CLIFTON POWELL.,,,(JUD),ftp://ftp.cga.ct.gov/2024/cbs/s/SJ-0037.HTM,https://www.cga.ct.gov/2024/TOB/s/pdf/2024SJ-00037-R00-SB.pdf
SJ-0038.HTM,2024,Unknown,Judiciary Committee,RESOLUTION GRANTING THE CLAIMS COMMISSIONER AN EXTENSION OF TIME TO DISPOSE OF THE CLAIM OF CLIFTON POWELL.,,,(JUD),ftp://ftp.cga.ct.gov/2024/cbs/s/SJ-0038.HTM,https://www.cga.ct.gov/2024/TOB/s/pdf/2024SJ-00038-R00-SB.pdf
SJ-0039.HTM,2024,Unknown,Judiciary Committee,RESOLUTION GRANTING THE CLAIMS COMMISSIONER AN EXTENSION OF TIME TO DISPOSE OF THE CLAIM OF VICTOR ANDERSON.,,,(JUD),ftp://ftp.cga.ct.gov/2024/cbs/s/SJ-0039.HTM,https://www.cga.ct.gov/2024/TOB/s/pdf/2024SJ-00039-R00-SB.pdf
SJ-0040.HTM,2024,Unknown,Judiciary Committee,RESOLUTION GRANTING THE CLAIMS COMMISSIONER AN EXTENSION OF TIME TO DISPOSE OF THE CLAIM OF KIPP WIGGINS.,,,(JUD),ftp://ftp.cga.ct.gov/2024/cbs/s/SJ-0040.HTM,https://www.cga.ct.gov/2024/TOB/s/pdf/2024SJ-00040-R00-SB.pdf
SJ-0041.HTM,2024,Unknown,Judiciary Committee,RESOLUTION GRANTING THE CLAIMS COMMISSIONER AN EXTENSION OF TIME TO DISPOSE OF THE CLAIM OF HERMINIO SOTOMAYOR.,,,(JUD),ftp://ftp.cga.ct.gov/2024/cbs/s/SJ-0041.HTM,https://www.cga.ct.gov/2024/TOB/s/pdf/2024SJ-00041-R00-SB.pdf
SJ-0042.HTM,2024,Unknown,Judiciary Committee,RESOLUTION GRANTING THE CLAIMS COMMISSIONER AN EXTENSION OF TIME TO DISPOSE OF THE CLAIM OF RONALD RIVET.,,,(JUD),ftp://ftp.cga.ct.gov/2024/cbs/s/SJ-0042.HTM,https://www.cga.ct.gov/2024/TOB/s/pdf/2024SJ-00042-R00-SB.pdf
SJ-0043.HTM,2024,Unknown,Judiciary Committee,RESOLUTION GRANTING THE CLAIMS COMMISSIONER AN EXTENSION OF TIME TO DISPOSE OF THE CLAIM OF PATRICK LEXIS.,,,(JUD),ftp://ftp.cga.ct.gov/2024/cbs/s/SJ-0043.HTM,https://www.cga.ct.gov/2024/TOB/s/pdf/2024SJ-00043-R00-SB.pdf
SJ-0044.HTM,2024,Unknown,Judiciary Committee,RESOLUTION GRANTING THE CLAIMS COMMISSIONER AN EXTENSION OF TIME TO DISPOSE OF THE CLAIM OF JOCELYN OCZKOWSKI.,,,(JUD),ftp://ftp.cga.ct.gov/2024/cbs/s/SJ-0044.HTM,https://www.cga.ct.gov/2024/TOB/s/pdf/2024SJ-00044-R00-SB.pdf
SJ-0045.HTM,2024,Unknown,Judiciary Committee,RESOLUTION GRANTING THE CLAIMS COMMISSIONER AN EXTENSION OF TIME TO DISPOSE OF THE CLAIM OF ANTHONY TORRES.,,,(JUD),ftp://ftp.cga.ct.gov/2024/cbs/s/SJ-0045.HTM,https://www.cga.ct.gov/2024/TOB/s/pdf/2024SJ-00045-R00-SB.pdf
SJ-0046.HTM,2024,Unknown,Judiciary Committee,RESOLUTION GRANTING THE CLAIMS COMMISSIONER AN EXTENSION OF TIME TO DISPOSE OF THE CLAIM OF THE CITY OF HARTFORD.,,,(JUD),ftp://ftp.cga.ct.gov/2024/cbs/s/SJ-0046.HTM,https://www.cga.ct.gov/2024/TOB/s/pdf/2024SJ-00046-R00-SB.pdf
SJ-0047.HTM,2024,Unknown,Judiciary Committee,RESOLUTION GRANTING THE CLAIMS COMMISSIONER AN EXTENSION OF TIME TO DISPOSE OF THE CLAIM OF MARTHA SANTIAGO.,,,(JUD),ftp://ftp.cga.ct.gov/2024/cbs/s/SJ-0047.HTM,https://www.cga.ct.gov/2024/TOB/s/pdf/2024SJ-00047-R00-SB.pdf
SJ-0048.HTM,2024,Unknown,Judiciary Committee,RESOLUTION GRANTING THE CLAIMS COMMISSIONER AN EXTENSION OF TIME TO DISPOSE OF THE CLAIM OF STEPHANIE WILSON.,,,(JUD),ftp://ftp.cga.ct.gov/2024/cbs/s/SJ-0048.HTM,https://www.cga.ct.gov/2024/TOB/s/pdf/2024SJ-00048-R00-SB.pdf
SJ-0049.HTM,2024,Unknown,Judiciary Committee,RESOLUTION GRANTING THE CLAIMS COMMISSIONER AN EXTENSION OF TIME TO DISPOSE OF THE CLAIM OF DARYL WILLIAMS.,,,(JUD),ftp://ftp.cga.ct.gov/2024/cbs/s/SJ-0049.HTM,https://www.cga.ct.gov/2024/TOB/s/pdf/2024SJ-00049-R00-SB.pdf
SJ-0050.HTM,2024,Unknown,Judiciary Committee,"RESOLUTION GRANTING THE CLAIMS COMMISSIONER AN EXTENSION OF TIME TO DISPOSE OF THE CLAIM OF LLOYD THYNE, PPA ERIC THYNE.",,,(JUD),ftp://ftp.cga.ct.gov/2024/cbs/s/SJ-0050.HTM,https://www.cga.ct.gov/2024/TOB/s/pdf/2024SJ-00050-R00-SB.pdf
SJ-0051.HTM,2024,Unknown,Judiciary Committee,RESOLUTION GRANTING THE CLAIMS COMMISSIONER AN EXTENSION OF TIME TO DISPOSE OF THE CLAIM OF ELIZABETH HANKINS.,,,(JUD),ftp://ftp.cga.ct.gov/2024/cbs/s/SJ-0051.HTM,https://www.cga.ct.gov/2024/TOB/s/pdf/2024SJ-00051-R00-SB.pdf
SJ-0052.HTM,2024,Unknown,Judiciary Committee,RESOLUTION GRANTING THE CLAIMS COMMISSIONER AN EXTENSION OF TIME TO DISPOSE OF THE CLAIM OF JAMES WALKER.,,,(JUD),ftp://ftp.cga.ct.gov/2024/cbs/s/SJ-0052.HTM,https://www.cga.ct.gov/2024/TOB/s/pdf/2024SJ-00052-R00-SB.pdf
SJ-0053.HTM,2024,Unknown,Judiciary Committee,RESOLUTION GRANTING THE CLAIMS COMMISSIONER AN EXTENSION OF TIME TO DISPOSE OF THE CLAIM OF CLIFTON POWELL.,,,(JUD),ftp://ftp.cga.ct.gov/2024/cbs/s/SJ-0053.HTM,https://www.cga.ct.gov/2024/TOB/s/pdf/2024SJ-00053-R00-SB.pdf
SJ-0054.HTM,2024,Unknown,Judiciary Committee,RESOLUTION GRANTING THE CLAIMS COMMISSIONER AN EXTENSION OF TIME TO DISPOSE OF THE CLAIM OF DANNY FAMANIA.,,,(JUD),ftp://ftp.cga.ct.gov/2024/cbs/s/SJ-0054.HTM,https://www.cga.ct.gov/2024/TOB/s/pdf/2024SJ-00054-R00-SB.pdf
SJ-0055.HTM,2024,Unknown,Judiciary Committee,RESOLUTION GRANTING THE CLAIMS COMMISSIONER AN EXTENSION OF TIME TO DISPOSE OF THE CLAIM OF LAKEISHA DUKES.,,,(JUD),ftp://ftp.cga.ct.gov/2024/cbs/s/SJ-0055.HTM,https://www.cga.ct.gov/2024/TOB/s/pdf/2024SJ-00055-R00-SB.pdf
SJ-0056.HTM,2024,Unknown,Judiciary Committee,RESOLUTION GRANTING THE CLAIMS COMMISSIONER AN EXTENSION OF TIME TO DISPOSE OF THE CLAIM OF STEPHANIE WILSON.,,,(JUD),ftp://ftp.cga.ct.gov/2024/cbs/s/SJ-0056.HTM,https://www.cga.ct.gov/2024/TOB/s/pdf/2024SJ-00056-R00-SB.pdf
SJ-0057.HTM,2024,Unknown,Judiciary Committee,RESOLUTION GRANTING THE CLAIMS COMMISSIONER AN EXTENSION OF TIME TO DISPOSE OF THE CLAIM OF MARLON SYMS.,,,(JUD),ftp://ftp.cga.ct.gov/2024/cbs/s/SJ-0057.HTM,https://www.cga.ct.gov/2024/TOB/s/pdf/2024SJ-00057-R00-SB.pdf
SJ-0058.HTM,2024,Unknown,Judiciary Committee,RESOLUTION GRANTING THE CLAIMS COMMISSIONER AN EXTENSION OF TIME TO DISPOSE OF THE CLAIM OF JAMES DRAUGHN.,,,(JUD),ftp://ftp.cga.ct.gov/2024/cbs/s/SJ-0058.HTM,https://www.cga.ct.gov/2024/TOB/s/pdf/2024SJ-00058-R00-SB.pdf
SJ-0059.HTM,2024,Unknown,Judiciary Committee,RESOLUTION GRANTING THE CLAIMS COMMISSIONER AN EXTENSION OF TIME TO DISPOSE OF THE CLAIM OF JAVIER FLORES.,,,(JUD),ftp://ftp.cga.ct.gov/2024/cbs/s/SJ-0059.HTM,https://www.cga.ct.gov/2024/TOB/s/pdf/2024SJ-00059-R00-SB.pdf
SJ-0060.HTM,2024,Unknown,Judiciary Committee,RESOLUTION GRANTING THE CLAIMS COMMISSIONER AN EXTENSION OF TIME TO DISPOSE OF THE CLAIM OF MICHAEL GAETANO.,,,(JUD),ftp://ftp.cga.ct.gov/2024/cbs/s/SJ-0060.HTM,https://www.cga.ct.gov/2024/TOB/s/pdf/2024SJ-00060-R00-SB.pdf
SJ-0061.HTM,2024,Unknown,Judiciary Committee,RESOLUTION GRANTING THE CLAIMS COMMISSIONER AN EXTENSION OF TIME TO DISPOSE OF THE CLAIM OF RICHARD LAPOINTE.,,,(JUD),ftp://ftp.cga.ct.gov/2024/cbs/s/SJ-0061.HTM,https://www.cga.ct.gov/2024/TOB/s/pdf/2024SJ-00061-R00-SB.pdf
SJ-0062.HTM,2024,Unknown,Judiciary Committee,RESOLUTION GRANTING THE CLAIMS COMMISSIONER AN EXTENSION OF TIME TO DISPOSE OF THE CLAIM OF MICHAEL NOWACKI.,,,(JUD),ftp://ftp.cga.ct.gov/2024/cbs/s/SJ-0062.HTM,https://www.cga.ct.gov/2024/TOB/s/pdf/2024SJ-00062-R00-SB.pdf
SJ-0063.HTM,2024,Unknown,Judiciary Committee,RESOLUTION GRANTING THE CLAIMS COMMISSIONER AN EXTENSION OF TIME TO DISPOSE OF THE CLAIM OF TYRONE SPENCE.,,,(JUD),ftp://ftp.cga.ct.gov/2024/cbs/s/SJ-0063.HTM,https://www.cga.ct.gov/2024/TOB/s/pdf/2024SJ-00063-R00-SB.pdf
SJ-0064.HTM,2024,Unknown,Judiciary Committee,RESOLUTION GRANTING THE CLAIMS COMMISSIONER AN EXTENSION OF TIME TO DISPOSE OF THE CLAIM OF JAMES DENNIS.,,,(JUD),ftp://ftp.cga.ct.gov/2024/cbs/s/SJ-0064.HTM,https://www.cga.ct.gov/2024/TOB/s/pdf/2024SJ-00064-R00-SB.pdf
SJ-0065.HTM,2024,Unknown,Judiciary Committee,RESOLUTION GRANTING THE CLAIMS COMMISSIONER AN EXTENSION OF TIME TO DISPOSE OF THE CLAIM OF ANTHONY GUEVARA.,,,(JUD),ftp://ftp.cga.ct.gov/2024/cbs/s/SJ-0065.HTM,https://www.cga.ct.gov/2024/TOB/s/pdf/2024SJ-00065-R00-SB.pdf
SJ-0066.HTM,2024,Unknown,Judiciary Committee,RESOLUTION GRANTING THE CLAIMS COMMISSIONER AN EXTENSION OF TIME TO DISPOSE OF THE CLAIM OF JEAN CONQUISTADOR.,,,(JUD),ftp://ftp.cga.ct.gov/2024/cbs/s/SJ-0066.HTM,https://www.cga.ct.gov/2024/TOB/s/pdf/2024SJ-00066-R00-SB.pdf
SJ-0067.HTM,2024,Unknown,Judiciary Committee,RESOLUTION GRANTING THE CLAIMS COMMISSIONER AN EXTENSION OF TIME TO DISPOSE OF THE CLAIM OF BRYAN LUGO.,,,(JUD),ftp://ftp.cga.ct.gov/2024/cbs/s/SJ-0067.HTM,https://www.cga.ct.gov/2024/TOB/s/pdf/2024SJ-00067-R00-SB.pdf
SJ-0068.HTM,2024,Unknown,Judiciary Committee,RESOLUTION GRANTING THE CLAIMS COMMISSIONER AN EXTENSION OF TIME TO DISPOSE OF THE CLAIM OF ANTHONY GUEVARA.,,,(JUD),ftp://ftp.cga.ct.gov/2024/cbs/s/SJ-0068.HTM,https://www.cga.ct.gov/2024/TOB/s/pdf/2024SJ-00068-R00-SB.pdf
SJ-0069.HTM,2024,Unknown,Judiciary Committee,RESOLUTION GRANTING THE CLAIMS COMMISSIONER AN EXTENSION OF TIME TO DISPOSE OF THE CLAIM OF ROBERT ANDREWS.,,,(JUD),ftp://ftp.cga.ct.gov/2024/cbs/s/SJ-0069.HTM,https://www.cga.ct.gov/2024/TOB/s/pdf/2024SJ-00069-R00-SB.pdf
SJ-0070.HTM,2024,Unknown,Judiciary Committee,RESOLUTION GRANTING THE CLAIMS COMMISSIONER AN EXTENSION OF TIME TO DISPOSE OF THE CLAIM OF VICTOR ANDERSON.,,,(JUD),ftp://ftp.cga.ct.gov/2024/cbs/s/SJ-0070.HTM,https://www.cga.ct.gov/2024/TOB/s/pdf/2024SJ-00070-R00-SB.pdf
SJ-0071.HTM,2024,Unknown,Judiciary Committee,RESOLUTION GRANTING THE CLAIMS COMMISSIONER AN EXTENSION OF TIME TO DISPOSE OF THE CLAIM OF VICTOR JORDAN.,,,(JUD),ftp://ftp.cga.ct.gov/2024/cbs/s/SJ-0071.HTM,https://www.cga.ct.gov/2024/TOB/s/pdf/2024SJ-00071-R00-SB.pdf
SJ-0072.HTM,2024,Unknown,Judiciary Committee,RESOLUTION GRANTING THE CLAIMS COMMISSIONER AN EXTENSION OF TIME TO DISPOSE OF THE CLAIM OF C. ERIC CHYUNG.,,,(JUD),ftp://ftp.cga.ct.gov/2024/cbs/s/SJ-0072.HTM,https://www.cga.ct.gov/2024/TOB/s/pdf/2024SJ-00072-R00-SB.pdf
SJ-0073.HTM,2024,Unknown,Judiciary Committee,"RESOLUTION GRANTING THE CLAIMS COMMISSIONER AN EXTENSION OF TIME TO DISPOSE OF THE CLAIM OF ERIN SENEL, PPA LIANA HARRIS.",,,(JUD),ftp://ftp.cga.ct.gov/2024/cbs/s/SJ-0073.HTM,https://www.cga.ct.gov/2024/TOB/s/pdf/2024SJ-00073-R00-SB.pdf
SJ-0074.HTM,2024,Unknown,Judiciary Committee,RESOLUTION GRANTING THE CLAIMS COMMISSIONER AN EXTENSION OF TIME TO DISPOSE OF THE CLAIM OF JEAN CONQUISTADOR.,,,(JUD),ftp://ftp.cga.ct.gov/2024/cbs/s/SJ-0074.HTM,https://www.cga.ct.gov/2024/TOB/s/pdf/2024SJ-00074-R00-SB.pdf
SJ-0075.HTM,2024,Unknown,Judiciary Committee,RESOLUTION GRANTING THE CLAIMS COMMISSIONER AN EXTENSION OF TIME TO DISPOSE OF THE CLAIM OF JEAN CONQUISTADOR.,,,(JUD),ftp://ftp.cga.ct.gov/2024/cbs/s/SJ-0075.HTM,https://www.cga.ct.gov/2024/TOB/s/pdf/2024SJ-00075-R00-SB.pdf
SJ-0076.HTM,2024,Unknown,Judiciary Committee,RESOLUTION GRANTING THE CLAIMS COMMISSIONER AN EXTENSION OF TIME TO DISPOSE OF THE CLAIM OF JAMES RAYNOR.,,,(JUD),ftp://ftp.cga.ct.gov/2024/cbs/s/SJ-0076.HTM,https://www.cga.ct.gov/2024/TOB/s/pdf/2024SJ-00076-R00-SB.pdf
SJ-0077.HTM,2024,Unknown,Judiciary Committee,RESOLUTION GRANTING THE CLAIMS COMMISSIONER AN EXTENSION OF TIME TO DISPOSE OF THE CLAIM OF C. ERIC CHYUNG.,,,(JUD),ftp://ftp.cga.ct.gov/2024/cbs/s/SJ-0077.HTM,https://www.cga.ct.gov/2024/TOB/s/pdf/2024SJ-00077-R00-SB.pdf
SJ-0078.HTM,2024,Unknown,Judiciary Committee,RESOLUTION GRANTING THE CLAIMS COMMISSIONER AN EXTENSION OF TIME TO DISPOSE OF THE CLAIM OF KYLE CONNORS.,,,(JUD),ftp://ftp.cga.ct.gov/2024/cbs/s/SJ-0078.HTM,https://www.cga.ct.gov/2024/TOB/s/pdf/2024SJ-00078-R00-SB.pdf
SJ-0079.HTM,2024,Unknown,Judiciary Committee,RESOLUTION GRANTING THE CLAIMS COMMISSIONER AN EXTENSION OF TIME TO DISPOSE OF THE CLAIM OF PATRICIA ANN HINRICHS.,,,(JUD),ftp://ftp.cga.ct.gov/2024/cbs/s/SJ-0079.HTM,https://www.cga.ct.gov/2024/TOB/s/pdf/2024SJ-00079-R00-SB.pdf
SJ-0080.HTM,2024,Unknown,Judiciary Committee,RESOLUTION GRANTING THE CLAIMS COMMISSIONER AN EXTENSION OF TIME TO DISPOSE OF THE CLAIM OF ROBERT DIXON.,,,(JUD),ftp://ftp.cga.ct.gov/2024/cbs/s/SJ-0080.HTM,https://www.cga.ct.gov/2024/TOB/s/pdf/2024SJ-00080-R00-SB.pdf
SJ-0081.HTM,2024,Unknown,Judiciary Committee,RESOLUTION GRANTING THE CLAIMS COMMISSIONER AN EXTENSION OF TIME TO DISPOSE OF THE CLAIM OF DOUGLAS MARTIN.,,,(JUD),ftp://ftp.cga.ct.gov/2024/cbs/s/SJ-0081.HTM,https://www.cga.ct.gov/2024/TOB/s/pdf/2024SJ-00081-R00-SB.pdf
SJ-0082.HTM,2024,Unknown,Judiciary Committee,RESOLUTION GRANTING THE CLAIMS COMMISSIONER AN EXTENSION OF TIME TO DISPOSE OF THE CLAIM OF JEAN CONQUISTADOR.,,,(JUD),ftp://ftp.cga.ct.gov/2024/cbs/s/SJ-0082.HTM,https://www.cga.ct.gov/2024/TOB/s/pdf/2024SJ-00082-R00-SB.pdf
SJ-0083.HTM,2024,Unknown,Judiciary Committee,RESOLUTION GRANTING THE CLAIMS COMMISSIONER AN EXTENSION OF TIME TO DISPOSE OF THE CLAIM OF BENJAMIN GARNETT.,,,(JUD),ftp://ftp.cga.ct.gov/2024/cbs/s/SJ-0083.HTM,https://www.cga.ct.gov/2024/TOB/s/pdf/2024SJ-00083-R00-SB.pdf
SJ-0084.HTM,2024,Unknown,Judiciary Committee,RESOLUTION GRANTING THE CLAIMS COMMISSIONER AN EXTENSION OF TIME TO DISPOSE OF THE CLAIM OF JEAN CONQUISTADOR.,,,(JUD),ftp://ftp.cga.ct.gov/2024/cbs/s/SJ-0084.HTM,https://www.cga.ct.gov/2024/TOB/s/pdf/2024SJ-00084-R00-SB.pdf
SJ-0085.HTM,2024,Unknown,Judiciary Committee,RESOLUTION GRANTING THE CLAIMS COMMISSIONER AN EXTENSION OF TIME TO DISPOSE OF THE CLAIM OF JONATHAN KING.,,,(JUD),ftp://ftp.cga.ct.gov/2024/cbs/s/SJ-0085.HTM,https://www.cga.ct.gov/2024/TOB/s/pdf/2024SJ-00085-R00-SB.pdf
SJ-0086.HTM,2024,Unknown,Judiciary Committee,RESOLUTION GRANTING THE CLAIMS COMMISSIONER AN EXTENSION OF TIME TO DISPOSE OF THE CLAIM OF SAGAR MEHTA.,,,(JUD),ftp://ftp.cga.ct.gov/2024/cbs/s/SJ-0086.HTM,https://www.cga.ct.gov/2024/TOB/s/pdf/2024SJ-00086-R00-SB.pdf
SJ-0087.HTM,2024,Unknown,Judiciary Committee,RESOLUTION GRANTING THE CLAIMS COMMISSIONER AN EXTENSION OF TIME TO DISPOSE OF THE CLAIM OF SUMMER LOWE.,,,(JUD),ftp://ftp.cga.ct.gov/2024/cbs/s/SJ-0087.HTM,https://www.cga.ct.gov/2024/TOB/s/pdf/2024SJ-00087-R00-SB.pdf
SJ-0088.HTM,2024,Unknown,Judiciary Committee,RESOLUTION GRANTING THE CLAIMS COMMISSIONER AN EXTENSION OF TIME TO DISPOSE OF THE CLAIM OF DEBORAH CHENAULT.,,,(JUD),ftp://ftp.cga.ct.gov/2024/cbs/s/SJ-0088.HTM,https://www.cga.ct.gov/2024/TOB/s/pdf/2024SJ-00088-R00-SB.pdf
SJ-0089.HTM,2024,Unknown,Judiciary Committee,"RESOLUTION GRANTING THE CLAIMS COMMISSIONER AN EXTENSION OF TIME TO DISPOSE OF THE CLAIM OF OLD COLONY CONSTRUCTION, LLC.",,,(JUD),ftp://ftp.cga.ct.gov/2024/cbs/s/SJ-0089.HTM,https://www.cga.ct.gov/2024/TOB/s/pdf/2024SJ-00089-R00-SB.pdf
SJ-0090.HTM,2024,Unknown,Judiciary Committee,RESOLUTION GRANTING THE CLAIMS COMMISSIONER AN EXTENSION OF TIME TO DISPOSE OF THE CLAIM OF JEAN CONQUISTADOR.,,,(JUD),ftp://ftp.cga.ct.gov/2024/cbs/s/SJ-0090.HTM,https://www.cga.ct.gov/2024/TOB/s/pdf/2024SJ-00090-R00-SB.pdf
SJ-0091.HTM,2024,Unknown,Judiciary Committee,RESOLUTION GRANTING THE CLAIMS COMMISSIONER AN EXTENSION OF TIME TO DISPOSE OF THE CLAIM OF JEAN CONQUISTADOR.,,,(JUD),ftp://ftp.cga.ct.gov/2024/cbs/s/SJ-0091.HTM,https://www.cga.ct.gov/2024/TOB/s/pdf/2024SJ-00091-R00-SB.pdf
SJ-0092.HTM,2024,Unknown,Judiciary Committee,RESOLUTION GRANTING THE CLAIMS COMMISSIONER AN EXTENSION OF TIME TO DISPOSE OF THE CLAIM OF CLIFTON POWELL.,,,(JUD),ftp://ftp.cga.ct.gov/2024/cbs/s/SJ-0092.HTM,https://www.cga.ct.gov/2024/TOB/s/pdf/2024SJ-00092-R00-SB.pdf
SJ-0093.HTM,2024,Unknown,Judiciary Committee,RESOLUTION GRANTING THE CLAIMS COMMISSIONER AN EXTENSION OF TIME TO DISPOSE OF THE CLAIM OF CLIFTON POWELL.,,,(JUD),ftp://ftp.cga.ct.gov/2024/cbs/s/SJ-0093.HTM,https://www.cga.ct.gov/2024/TOB/s/pdf/2024SJ-00093-R00-SB.pdf
SJ-0094.HTM,2024,Unknown,Judiciary Committee,RESOLUTION GRANTING THE CLAIMS COMMISSIONER AN EXTENSION OF TIME TO DISPOSE OF THE CLAIM OF CLIFTON POWELL.,,,(JUD),ftp://ftp.cga.ct.gov/2024/cbs/s/SJ-0094.HTM,https://www.cga.ct.gov/2024/TOB/s/pdf/2024SJ-00094-R00-SB.pdf
SJ-0095.HTM,2024,Unknown,Judiciary Committee,RESOLUTION GRANTING THE CLAIMS COMMISSIONER AN EXTENSION OF TIME TO DISPOSE OF THE CLAIM OF CLIFTON POWELL.,,,(JUD),ftp://ftp.cga.ct.gov/2024/cbs/s/SJ-0095.HTM,https://www.cga.ct.gov/2024/TOB/s/pdf/2024SJ-00095-R00-SB.pdf
SJ-0096.HTM,2024,Unknown,Judiciary Committee,RESOLUTION GRANTING THE CLAIMS COMMISSIONER AN EXTENSION OF TIME TO DISPOSE OF THE CLAIM OF CLIFTON POWELL.,,,(JUD),ftp://ftp.cga.ct.gov/2024/cbs/s/SJ-0096.HTM,https://www.cga.ct.gov/2024/TOB/s/pdf/2024SJ-00096-R00-SB.pdf
SJ-0097.HTM,2024,Unknown,Judiciary Committee,RESOLUTION GRANTING THE CLAIMS COMMISSIONER AN EXTENSION OF TIME TO DISPOSE OF THE CLAIM OF CLIFTON POWELL.,,,(JUD),ftp://ftp.cga.ct.gov/2024/cbs/s/SJ-0097.HTM,https://www.cga.ct.gov/2024/TOB/s/pdf/2024SJ-00097-R00-SB.pdf
SJ-0098.HTM,2024,Unknown,Judiciary Committee,RESOLUTION GRANTING THE CLAIMS COMMISSIONER AN EXTENSION OF TIME TO DISPOSE OF THE CLAIM OF CLIFTON POWELL.,,,(JUD),ftp://ftp.cga.ct.gov/2024/cbs/s/SJ-0098.HTM,https://www.cga.ct.gov/2024/TOB/s/pdf/2024SJ-00098-R00-SB.pdf
SJ-0099.HTM,2024,Unknown,Judiciary Committee,RESOLUTION GRANTING THE CLAIMS COMMISSIONER AN EXTENSION OF TIME TO DISPOSE OF THE CLAIM OF CLIFTON POWELL.,,,(JUD),ftp://ftp.cga.ct.gov/2024/cbs/s/SJ-0099.HTM,https://www.cga.ct.gov/2024/TOB/s/pdf/2024SJ-00099-R00-SB.pdf
SJ-0100.HTM,2024,Unknown,Judiciary Committee,RESOLUTION GRANTING THE CLAIMS COMMISSIONER AN EXTENSION OF TIME TO DISPOSE OF THE CLAIM OF ARTHUR ALDRICH.,,,(JUD),ftp://ftp.cga.ct.gov/2024/cbs/s/SJ-0100.HTM,https://www.cga.ct.gov/2024/TOB/s/pdf/2024SJ-00100-R00-SB.pdf
SJ-0101.HTM,2024,Unknown,Judiciary Committee,RESOLUTION GRANTING THE CLAIMS COMMISSIONER AN EXTENSION OF TIME TO DISPOSE OF THE CLAIM OF AMMAR IDLIBI.,,,(JUD),ftp://ftp.cga.ct.gov/2024/cbs/s/SJ-0101.HTM,https://www.cga.ct.gov/2024/TOB/s/pdf/2024SJ-00101-R00-SB.pdf
SJ-0102.HTM,2024,Unknown,Judiciary Committee,"RESOLUTION GRANTING THE CLAIMS COMMISSIONER AN EXTENSION OF TIME TO DISPOSE OF THE CLAIM OF JANE DOE, NUMBER 1.",,,(JUD),ftp://ftp.cga.ct.gov/2024/cbs/s/SJ-0102.HTM,https://www.cga.ct.gov/2024/TOB/s/pdf/2024SJ-00102-R00-SB.pdf
SJ-0103.HTM,2024,Unknown,Judiciary Committee,RESOLUTION GRANTING THE CLAIMS COMMISSIONER AN EXTENSION OF TIME TO DISPOSE OF THE CLAIM OF CATHERINE COX.,,,(JUD),ftp://ftp.cga.ct.gov/2024/cbs/s/SJ-0103.HTM,https://www.cga.ct.gov/2024/TOB/s/pdf/2024SJ-00103-R00-SB.pdf
SJ-0104.HTM,2024,Unknown,Judiciary Committee,RESOLUTION GRANTING THE CLAIMS COMMISSIONER AN EXTENSION OF TIME TO DISPOSE OF THE CLAIM OF GEORGE COLON.,,,(JUD),ftp://ftp.cga.ct.gov/2024/cbs/s/SJ-0104.HTM,https://www.cga.ct.gov/2024/TOB/s/pdf/2024SJ-00104-R00-SB.pdf
SJ-0105.HTM,2024,Unknown,Judiciary Committee,RESOLUTION GRANTING THE CLAIMS COMMISSIONER AN EXTENSION OF TIME TO DISPOSE OF THE CLAIM OF LESLIE ROY.,,,(JUD),ftp://ftp.cga.ct.gov/2024/cbs/s/SJ-0105.HTM,https://www.cga.ct.gov/2024/TOB/s/pdf/2024SJ-00105-R00-SB.pdf
SJ-0106.HTM,2024,Unknown,Judiciary Committee,RESOLUTION GRANTING THE CLAIMS COMMISSIONER AN EXTENSION OF TIME TO DISPOSE OF THE CLAIM OF DREW WAGNER.,,,(JUD),ftp://ftp.cga.ct.gov/2024/cbs/s/SJ-0106.HTM,https://www.cga.ct.gov/2024/TOB/s/pdf/2024SJ-00106-R00-SB.pdf
SJ-0107.HTM,2024,Unknown,Judiciary Committee,"RESOLUTION GRANTING THE CLAIMS COMMISSIONER AN EXTENSION OF TIME TO DISPOSE OF THE CLAIM OF JANE DOE, NUMBER 3.",,,(JUD),ftp://ftp.cga.ct.gov/2024/cbs/s/SJ-0107.HTM,https://www.cga.ct.gov/2024/TOB/s/pdf/2024SJ-00107-R00-SB.pdf
SJ-0108.HTM,2024,Unknown,Judiciary Committee,"RESOLUTION GRANTING THE CLAIMS COMMISSIONER AN EXTENSION OF TIME TO DISPOSE OF THE CLAIM OF JANE DOE, NUMBER 2.",,,(JUD),ftp://ftp.cga.ct.gov/2024/cbs/s/SJ-0108.HTM,https://www.cga.ct.gov/2024/TOB/s/pdf/2024SJ-00108-R00-SB.pdf
SJ-0109.HTM,2024,Unknown,Judiciary Committee,"RESOLUTION GRANTING THE CLAIMS COMMISSIONER AN EXTENSION OF TIME TO DISPOSE OF THE CLAIM OF JOHN DOE, NUMBER 1.",,,(JUD),ftp://ftp.cga.ct.gov/2024/cbs/s/SJ-0109.HTM,https://www.cga.ct.gov/2024/TOB/s/pdf/2024SJ-00109-R00-SB.pdf
SJ-0110.HTM,2024,Unknown,Judiciary Committee,RESOLUTION GRANTING THE CLAIMS COMMISSIONER AN EXTENSION OF TIME TO DISPOSE OF THE CLAIM OF VINCENT BROWN.,,,(JUD),ftp://ftp.cga.ct.gov/2024/cbs/s/SJ-0110.HTM,https://www.cga.ct.gov/2024/TOB/s/pdf/2024SJ-00110-R00-SB.pdf
SJ-0111.HTM,2024,Unknown,Judiciary Committee,RESOLUTION GRANTING THE CLAIMS COMMISSIONER AN EXTENSION OF TIME TO DISPOSE OF THE CLAIM OF KIMBERLY DEMAYO.,,,(JUD),ftp://ftp.cga.ct.gov/2024/cbs/s/SJ-0111.HTM,https://www.cga.ct.gov/2024/TOB/s/pdf/2024SJ-00111-R00-SB.pdf
SJ-0112.HTM,2024,Unknown,Judiciary Committee,"RESOLUTION GRANTING THE CLAIMS COMMISSIONER AN EXTENSION OF TIME TO DISPOSE OF THE CLAIM OF MARY ANN OLGUIN, ADMINISTRATOR OF THE ESTATE OF ALAN ALTERISI.",,,(JUD),ftp://ftp.cga.ct.gov/2024/cbs/s/SJ-0112.HTM,https://www.cga.ct.gov/2024/TOB/s/pdf/2024SJ-00112-R00-SB.pdf
SJ-0113.HTM,2024,Unknown,Judiciary Committee,"RESOLUTION GRANTING THE CLAIMS COMMISSIONER AN EXTENSION OF TIME TO DISPOSE OF THE CLAIM OF EMILY ELY, BY AND THROUGH HER MOTHER, LAURIE BETH DOWDELL.",,,(JUD),ftp://ftp.cga.ct.gov/2024/cbs/s/SJ-0113.HTM,https://www.cga.ct.gov/2024/TOB/s/pdf/2024SJ-00113-R00-SB.pdf
SJ-0114.HTM,2024,Unknown,Judiciary Committee,"RESOLUTION GRANTING THE CLAIMS COMMISSIONER AN EXTENSION OF TIME TO DISPOSE OF THE CLAIM OF MADISON ELY, BY AND THROUGH HER MOTHER, LAURIE BETH DOWDELL.",,,(JUD),ftp://ftp.cga.ct.gov/2024/cbs/s/SJ-0114.HTM,https://www.cga.ct.gov/2024/TOB/s/pdf/2024SJ-00114-R00-SB.pdf
SJ-0115.HTM,2024,Unknown,Judiciary Committee,RESOLUTION GRANTING THE CLAIMS COMMISSIONER AN EXTENSION OF TIME TO DISPOSE OF THE CLAIM OF KIPP WIGGINS.,,,(JUD),ftp://ftp.cga.ct.gov/2024/cbs/s/SJ-0115.HTM,https://www.cga.ct.gov/2024/TOB/s/pdf/2024SJ-00115-R00-SB.pdf
SJ-0116.HTM,2024,Unknown,Judiciary Committee,RESOLUTION GRANTING THE CLAIMS COMMISSIONER AN EXTENSION OF TIME TO DISPOSE OF THE CLAIM OF JUSTIN BOHN.,,,(JUD),ftp://ftp.cga.ct.gov/2024/cbs/s/SJ-0116.HTM,https://www.cga.ct.gov/2024/TOB/s/pdf/2024SJ-00116-R00-SB.pdf
SJ-0117.HTM,2024,Unknown,Judiciary Committee,RESOLUTION GRANTING THE CLAIMS COMMISSIONER AN EXTENSION OF TIME TO DISPOSE OF THE CLAIM OF JOSEPHINE SMALLS MILLER.,,,(JUD),ftp://ftp.cga.ct.gov/2024/cbs/s/SJ-0117.HTM,https://www.cga.ct.gov/2024/TOB/s/pdf/2024SJ-00117-R00-SB.pdf
SJ-0118.HTM,2024,Unknown,Judiciary Committee,RESOLUTION GRANTING THE CLAIMS COMMISSIONER AN EXTENSION OF TIME TO DISPOSE OF THE CLAIM OF AMMAR IDLIBI.,,,(JUD),ftp://ftp.cga.ct.gov/2024/cbs/s/SJ-0118.HTM,https://www.cga.ct.gov/2024/TOB/s/pdf/2024SJ-00118-R00-SB.pdf
SJ-0119.HTM,2024,Unknown,Judiciary Committee,RESOLUTION GRANTING THE CLAIMS COMMISSIONER AN EXTENSION OF TIME TO DISPOSE OF THE CLAIM OF PHILIP TRAFICANTI.,,,(JUD),ftp://ftp.cga.ct.gov/2024/cbs/s/SJ-0119.HTM,https://www.cga.ct.gov/2024/TOB/s/pdf/2024SJ-00119-R00-SB.pdf
SJ-0120.HTM,2024,Unknown,Judiciary Committee,"RESOLUTION GRANTING THE CLAIMS COMMISSIONER AN EXTENSION OF TIME TO DISPOSE OF THE CLAIM OF HEIDI DONOVAN, ADMINISTRATRIX OF THE ESTATE OF MARK JANSEN.",,,(JUD),ftp://ftp.cga.ct.gov/2024/cbs/s/SJ-0120.HTM,https://www.cga.ct.gov/2024/TOB/s/pdf/2024SJ-00120-R00-SB.pdf
SJ-0121.HTM,2024,Unknown,Judiciary Committee,"RESOLUTION GRANTING THE CLAIMS COMMISSIONER AN EXTENSION OF TIME TO DISPOSE OF THE CLAIM OF JACOB NEVILLE, PPA DONALD NEVILLE.",,,(JUD),ftp://ftp.cga.ct.gov/2024/cbs/s/SJ-0121.HTM,https://www.cga.ct.gov/2024/TOB/s/pdf/2024SJ-00121-R00-SB.pdf
SJ-0122.HTM,2024,Unknown,Judiciary Committee,RESOLUTION GRANTING THE CLAIMS COMMISSIONER AN EXTENSION OF TIME TO DISPOSE OF THE CLAIM OF JOSE ESQUILIN.,,,(JUD),ftp://ftp.cga.ct.gov/2024/cbs/s/SJ-0122.HTM,https://www.cga.ct.gov/2024/TOB/s/pdf/2024SJ-00122-R00-SB.pdf
SJ-0123.HTM,2024,Unknown,Judiciary Committee,RESOLUTION GRANTING THE CLAIMS COMMISSIONER AN EXTENSION OF TIME TO DISPOSE OF THE CLAIM OF DWIGHT OTIS.,,,(JUD),ftp://ftp.cga.ct.gov/2024/cbs/s/SJ-0123.HTM,https://www.cga.ct.gov/2024/TOB/s/pdf/2024SJ-00123-R00-SB.pdf
SJ-0124.HTM,2024,Unknown,Judiciary Committee,RESOLUTION GRANTING THE CLAIMS COMMISSIONER AN EXTENSION OF TIME TO DISPOSE OF THE CLAIM OF RYAN BAILEY.,,,(JUD),ftp://ftp.cga.ct.gov/2024/cbs/s/SJ-0124.HTM,https://www.cga.ct.gov/2024/TOB/s/pdf/2024SJ-00124-R00-SB.pdf
SJ-0125.HTM,2024,Unknown,Judiciary Committee,RESOLUTION GRANTING THE CLAIMS COMMISSIONER AN EXTENSION OF TIME TO DISPOSE OF THE CLAIM OF NANCY MUELLER.,,,(JUD),ftp://ftp.cga.ct.gov/2024/cbs/s/SJ-0125.HTM,https://www.cga.ct.gov/2024/TOB/s/pdf/2024SJ-00125-R00-SB.pdf
SJ-0126.HTM,2024,Unknown,Judiciary Committee,RESOLUTION GRANTING THE CLAIMS COMMISSIONER AN EXTENSION OF TIME TO DISPOSE OF THE CLAIM OF BRUSHAUN THOMPSON-BAKER.,,,(JUD),ftp://ftp.cga.ct.gov/2024/cbs/s/SJ-0126.HTM,https://www.cga.ct.gov/2024/TOB/s/pdf/2024SJ-00126-R00-SB.pdf
SJ-0127.HTM,2024,Unknown,Judiciary Committee,RESOLUTION GRANTING THE CLAIMS COMMISSIONER AN EXTENSION OF TIME TO DISPOSE OF THE CLAIM OF RANDALL PEACOCK.,,,(JUD),ftp://ftp.cga.ct.gov/2024/cbs/s/SJ-0127.HTM,https://www.cga.ct.gov/2024/TOB/s/pdf/2024SJ-00127-R00-SB.pdf
SJ-0128.HTM,2024,Unknown,Judiciary Committee,RESOLUTION GRANTING THE CLAIMS COMMISSIONER AN EXTENSION OF TIME TO DISPOSE OF THE CLAIM OF DIVENSON PETION.,,,(JUD),ftp://ftp.cga.ct.gov/2024/cbs/s/SJ-0128.HTM,https://www.cga.ct.gov/2024/TOB/s/pdf/2024SJ-00128-R00-SB.pdf
SJ-0129.HTM,2024,Unknown,Judiciary Committee,RESOLUTION GRANTING THE CLAIMS COMMISSIONER AN EXTENSION OF TIME TO DISPOSE OF THE CLAIM OF ERNESTO QUINONES.,,,(JUD),ftp://ftp.cga.ct.gov/2024/cbs/s/SJ-0129.HTM,https://www.cga.ct.gov/2024/TOB/s/pdf/2024SJ-00129-R00-SB.pdf
SJ-0130.HTM,2024,Unknown,Judiciary Committee,RESOLUTION GRANTING THE CLAIMS COMMISSIONER AN EXTENSION OF TIME TO DISPOSE OF THE CLAIM OF GARY STOCKING.,,,(JUD),ftp://ftp.cga.ct.gov/2024/cbs/s/SJ-0130.HTM,https://www.cga.ct.gov/2024/TOB/s/pdf/2024SJ-00130-R00-SB.pdf
SJ-0131.HTM,2024,Unknown,Judiciary Committee,RESOLUTION GRANTING THE CLAIMS COMMISSIONER AN EXTENSION OF TIME TO DISPOSE OF THE CLAIM OF TIMOTHY WILFONG.,,,(JUD),ftp://ftp.cga.ct.gov/2024/cbs/s/SJ-0131.HTM,https://www.cga.ct.gov/2024/TOB/s/pdf/2024SJ-00131-R00-SB.pdf
SJ-0132.HTM,2024,Unknown,Judiciary Committee,RESOLUTION GRANTING THE CLAIMS COMMISSIONER AN EXTENSION OF TIME TO DISPOSE OF THE CLAIM OF MARLIK MOURNING.,,,(JUD),ftp://ftp.cga.ct.gov/2024/cbs/s/SJ-0132.HTM,https://www.cga.ct.gov/2024/TOB/s/pdf/2024SJ-00132-R00-SB.pdf
SJ-0133.HTM,2024,Unknown,Judiciary Committee,RESOLUTION GRANTING THE CLAIMS COMMISSIONER AN EXTENSION OF TIME TO DISPOSE OF THE CLAIM OF PATRICK LEXIS.,,,(JUD),ftp://ftp.cga.ct.gov/2024/cbs/s/SJ-0133.HTM,https://www.cga.ct.gov/2024/TOB/s/pdf/2024SJ-00133-R00-SB.pdf
SJ-0134.HTM,2024,Unknown,Judiciary Committee,RESOLUTION GRANTING THE CLAIMS COMMISSIONER AN EXTENSION OF TIME TO DISPOSE OF THE CLAIM OF JOHN BURKE.,,,(JUD),ftp://ftp.cga.ct.gov/2024/cbs/s/SJ-0134.HTM,https://www.cga.ct.gov/2024/TOB/s/pdf/2024SJ-00134-R00-SB.pdf
SJ-0135.HTM,2024,Unknown,Judiciary Committee,RESOLUTION GRANTING THE CLAIMS COMMISSIONER AN EXTENSION OF TIME TO DISPOSE OF THE CLAIM OF JOSE VAZQUEZ.,,,(JUD),ftp://ftp.cga.ct.gov/2024/cbs/s/SJ-0135.HTM,https://www.cga.ct.gov/2024/TOB/s/pdf/2024SJ-00135-R00-SB.pdf
SJ-0136.HTM,2024,Unknown,Judiciary Committee,RESOLUTION GRANTING THE CLAIMS COMMISSIONER AN EXTENSION OF TIME TO DISPOSE OF THE CLAIM OF PETER NUSSER.,,,(JUD),ftp://ftp.cga.ct.gov/2024/cbs/s/SJ-0136.HTM,https://www.cga.ct.gov/2024/TOB/s/pdf/2024SJ-00136-R00-SB.pdf
SJ-0137.HTM,2024,Unknown,Judiciary Committee,RESOLUTION GRANTING THE CLAIMS COMMISSIONER AN EXTENSION OF TIME TO DISPOSE OF THE CLAIM OF FRANCIS ANDERSON.,,,(JUD),ftp://ftp.cga.ct.gov/2024/cbs/s/SJ-0137.HTM,https://www.cga.ct.gov/2024/TOB/s/pdf/2024SJ-00137-R00-SB.pdf
SJ-0138.HTM,2024,Unknown,Judiciary Committee,RESOLUTION GRANTING THE CLAIMS COMMISSIONER AN EXTENSION OF TIME TO DISPOSE OF THE CLAIM OF SHAWN MARSHALL.,,,(JUD),ftp://ftp.cga.ct.gov/2024/cbs/s/SJ-0138.HTM,https://www.cga.ct.gov/2024/TOB/s/pdf/2024SJ-00138-R00-SB.pdf
SJ-0139.HTM,2024,Unknown,Judiciary Committee,RESOLUTION GRANTING THE CLAIMS COMMISSIONER AN EXTENSION OF TIME TO DISPOSE OF THE CLAIM OF GEORGE LENIART.,,,(JUD),ftp://ftp.cga.ct.gov/2024/cbs/s/SJ-0139.HTM,https://www.cga.ct.gov/2024/TOB/s/pdf/2024SJ-00139-R00-SB.pdf
SJ-0140.HTM,2024,Unknown,Judiciary Committee,RESOLUTION GRANTING THE CLAIMS COMMISSIONER AN EXTENSION OF TIME TO DISPOSE OF THE CLAIM OF BRIAN WRIGHT.,,,(JUD),ftp://ftp.cga.ct.gov/2024/cbs/s/SJ-0140.HTM,https://www.cga.ct.gov/2024/TOB/s/pdf/2024SJ-00140-R00-SB.pdf
SJ-0141.HTM,2024,Unknown,Judiciary Committee,RESOLUTION GRANTING THE CLAIMS COMMISSIONER AN EXTENSION OF TIME TO DISPOSE OF THE CLAIM OF GARY STOCKING.,,,(JUD),ftp://ftp.cga.ct.gov/2024/cbs/s/SJ-0141.HTM,https://www.cga.ct.gov/2024/TOB/s/pdf/2024SJ-00141-R00-SB.pdf
SJ-0142.HTM,2024,Unknown,Judiciary Committee,RESOLUTION GRANTING THE CLAIMS COMMISSIONER AN EXTENSION OF TIME TO DISPOSE OF THE CLAIM OF DAVID GODBOUT.,,,(JUD),ftp://ftp.cga.ct.gov/2024/cbs/s/SJ-0142.HTM,https://www.cga.ct.gov/2024/TOB/s/pdf/2024SJ-00142-R00-SB.pdf
SJ-0143.HTM,2024,Unknown,Judiciary Committee,RESOLUTION GRANTING THE CLAIMS COMMISSIONER AN EXTENSION OF TIME TO DISPOSE OF THE CLAIM OF KACEY LEWIS.,,,(JUD),ftp://ftp.cga.ct.gov/2024/cbs/s/SJ-0143.HTM,https://www.cga.ct.gov/2024/TOB/s/pdf/2024SJ-00143-R00-SB.pdf
SJ-0144.HTM,2024,Unknown,Judiciary Committee,RESOLUTION GRANTING THE CLAIMS COMMISSIONER AN EXTENSION OF TIME TO DISPOSE OF THE CLAIM OF JEFFREY GIBSON.,,,(JUD),ftp://ftp.cga.ct.gov/2024/cbs/s/SJ-0144.HTM,https://www.cga.ct.gov/2024/TOB/s/pdf/2024SJ-00144-R00-SB.pdf
SJ-0145.HTM,2024,Unknown,Judiciary Committee,RESOLUTION GRANTING THE CLAIMS COMMISSIONER AN EXTENSION OF TIME TO DISPOSE OF THE CLAIM OF DERRICK SPENCER.,,,(JUD),ftp://ftp.cga.ct.gov/2024/cbs/s/SJ-0145.HTM,https://www.cga.ct.gov/2024/TOB/s/pdf/2024SJ-00145-R00-SB.pdf
SJ-0146.HTM,2024,Unknown,Judiciary Committee,RESOLUTION GRANTING THE CLAIMS COMMISSIONER AN EXTENSION OF TIME TO DISPOSE OF THE CLAIM OF STEVEN WOOD.,,,(JUD),ftp://ftp.cga.ct.gov/2024/cbs/s/SJ-0146.HTM,https://www.cga.ct.gov/2024/TOB/s/pdf/2024SJ-00146-R00-SB.pdf
SJ-0147.HTM,2024,Unknown,Judiciary Committee,RESOLUTION GRANTING THE CLAIMS COMMISSIONER AN EXTENSION OF TIME TO DISPOSE OF THE CLAIM OF LAURIE BETH DOWDELL.,,,(JUD),ftp://ftp.cga.ct.gov/2024/cbs/s/SJ-0147.HTM,https://www.cga.ct.gov/2024/TOB/s/pdf/2024SJ-00147-R00-SB.pdf
SJ-0148.HTM,2024,Unknown,Judiciary Committee,RESOLUTION GRANTING THE CLAIMS COMMISSIONER AN EXTENSION OF TIME TO DISPOSE OF THE CLAIM OF JUDY MOORE.,,,(JUD),ftp://ftp.cga.ct.gov/2024/cbs/s/SJ-0148.HTM,https://www.cga.ct.gov/2024/TOB/s/pdf/2024SJ-00148-R00-SB.pdf
SJ-0149.HTM,2024,Unknown,Judiciary Committee,RESOLUTION GRANTING THE CLAIMS COMMISSIONER AN EXTENSION OF TIME TO DISPOSE OF THE CLAIM OF CLIFTON POWELL.,,,(JUD),ftp://ftp.cga.ct.gov/2024/cbs/s/SJ-0149.HTM,https://www.cga.ct.gov/2024/TOB/s/pdf/2024SJ-00149-R00-SB.pdf
SJ-0150.HTM,2024,Unknown,Judiciary Committee,RESOLUTION CONFIRMING THE CLAIMS COMMISSIONER'S COMPENSATION AWARD TO LEROY HARRIS WITH RESPECT TO HIS CLAIM AGAINST THE STATE FOR WRONGFUL INCARCERATION.,,,(JUD),ftp://ftp.cga.ct.gov/2024/cbs/s/SJ-0150.HTM,https://www.cga.ct.gov/2024/TOB/s/pdf/2024SJ-00150-R00-SB.pdf
SJ-0151.HTM,2024,Unknown,Judiciary Committee,RESOLUTION CONFIRMING THE CLAIMS COMMISSIONER'S COMPENSATION AWARD TO GARY PECOR WITH RESPECT TO HIS CLAIM AGAINST THE STATE FOR WRONGFUL INCARCERATION.,,,(JUD),ftp://ftp.cga.ct.gov/2024/cbs/s/SJ-0151.HTM,https://www.cga.ct.gov/2024/TOB/s/pdf/2024SJ-00151-R00-SB.pdf
SJ-0152.HTM,2024,Unknown,"SEN. BOB DUFF, 25th DIST.REP. JULIO A. CONCEPCION, 4th DIST.",RESOLUTION CONFIRMING THE NOMINATION OF THE HONORABLE THEODORE R. TYMA OF TRUMBULL TO BE A MEMBER OF THE JUDICIAL REVIEW COUNCIL.,,,"SEN. DUFF, 25th Dist. ; REP. CONCEPCION, 4th Dist.",ftp://ftp.cga.ct.gov/2024/cbs/s/SJ-0152.HTM,https://www.cga.ct.gov/2024/TOB/s/pdf/2024SJ-00152-R00-SB.pdf
SJ-0153.HTM,2024,Unknown,Judiciary Committee,RESOLUTION CONFIRMING THE DECISION OF THE CLAIMS COMMISSIONER TO DISMISS CERTAIN CLAIMS AGAINST THE STATE PURSUANT TO CHAPTER 53 OF THE GENERAL STATUTES.,,,(JUD),ftp://ftp.cga.ct.gov/2024/cbs/s/SJ-0153.HTM,https://www.cga.ct.gov/2024/TOB/s/pdf/2024SJ-00153-R00-SB.pdf
SJ-0154.HTM,2024,Unknown,Judiciary Committee,RESOLUTION CONFIRMING THE DECISION OF THE CLAIMS COMMISSIONER TO DISMISS THE CLAIM AGAINST THE STATE OF MOHAMAD RAHIM.,,,(JUD),ftp://ftp.cga.ct.gov/2024/cbs/s/SJ-0154.HTM,https://www.cga.ct.gov/2024/TOB/s/pdf/2024SJ-00154-R00-SB.pdf
SJ-0155.HTM,2024,Unknown,Judiciary Committee,RESOLUTION CONFIRMING THE DECISION OF THE CLAIMS COMMISSIONER TO DISMISS THE CLAIM AGAINST THE STATE OF ARTHUR ALDRICH.,,,(JUD),ftp://ftp.cga.ct.gov/2024/cbs/s/SJ-0155.HTM,https://www.cga.ct.gov/2024/TOB/s/pdf/2024SJ-00155-R00-SB.pdf
SJ-0156.HTM,2024,Unknown,Judiciary Committee,RESOLUTION CONFIRMING THE DECISION OF THE CLAIMS COMMISSIONER TO DISMISS THE CLAIM AGAINST THE STATE OF ALLISON MURRAY.,,,(JUD),ftp://ftp.cga.ct.gov/2024/cbs/s/SJ-0156.HTM,https://www.cga.ct.gov/2024/TOB/s/pdf/2024SJ-00156-R00-SB.pdf
SJ-0157.HTM,2024,Unknown,Judiciary Committee,RESOLUTION CONFIRMING THE DECISION OF THE CLAIMS COMMISSIONER TO DISMISS THE CLAIM AGAINST THE STATE OF ALLISON MURRAY.,,,(JUD),ftp://ftp.cga.ct.gov/2024/cbs/s/SJ-0157.HTM,https://www.cga.ct.gov/2024/TOB/s/pdf/2024SJ-00157-R00-SB.pdf
SJ-0158.HTM,2024,Unknown,Judiciary Committee,RESOLUTION CONFIRMING THE DECISION OF THE CLAIMS COMMISSIONER TO DENY CERTAIN CLAIMS AGAINST THE STATE PURSUANT TO CHAPTER 53 OF THE GENERAL STATUTES.,,,(JUD),ftp://ftp.cga.ct.gov/2024/cbs/s/SJ-0158.HTM,https://www.cga.ct.gov/2024/TOB/s/pdf/2024SJ-00158-R00-SB.pdf
SJ-0159.HTM,2024,Unknown,Judiciary Committee,RESOLUTION CONFIRMING THE DECISION OF THE CLAIMS COMMISSIONER TO DISMISS THE CLAIM AGAINST THE STATE OF KYLE LAMAR PASCHAL-BARROS.,,,(JUD),ftp://ftp.cga.ct.gov/2024/cbs/s/SJ-0159.HTM,https://www.cga.ct.gov/2024/TOB/s/pdf/2024SJ-00159-R00-SB.pdf
SJ-0160.HTM,2024,Unknown,Judiciary Committee,RESOLUTION CONFIRMING THE DECISION OF THE CLAIMS COMMISSIONER TO DISMISS THE CLAIM AGAINST THE STATE OF ALLISON MURRAY.,,,(JUD),ftp://ftp.cga.ct.gov/2024/cbs/s/SJ-0160.HTM,https://www.cga.ct.gov/2024/TOB/s/pdf/2024SJ-00160-R00-SB.pdf
SJ-0161.HTM,2024,Unknown,Judiciary Committee,RESOLUTION CONFIRMING THE DECISION OF THE CLAIMS COMMISSIONER TO DISMISS THE CLAIM AGAINST THE STATE OF CORDELL WOOLFOLK.,,,(JUD),ftp://ftp.cga.ct.gov/2024/cbs/s/SJ-0161.HTM,https://www.cga.ct.gov/2024/TOB/s/pdf/2024SJ-00161-R00-SB.pdf
SJ-0162.HTM,2024,Unknown,Judiciary Committee,RESOLUTION CONFIRMING THE DECISION OF THE CLAIMS COMMISSIONER TO DISMISS THE CLAIM AGAINST THE STATE OF ERIC WESTRY.,,,(JUD),ftp://ftp.cga.ct.gov/2024/cbs/s/SJ-0162.HTM,https://www.cga.ct.gov/2024/TOB/s/pdf/2024SJ-00162-R00-SB.pdf
SJ-0163.HTM,2024,Unknown,Judiciary Committee,RESOLUTION CONFIRMING THE DECISION OF THE CLAIMS COMMISSIONER TO DENY THE CLAIM AGAINST THE STATE OF ROBERTA SABO.,,,(JUD),ftp://ftp.cga.ct.gov/2024/cbs/s/SJ-0163.HTM,https://www.cga.ct.gov/2024/TOB/s/pdf/2024SJ-00163-R00-SB.pdf
SJ-0164.HTM,2024,Unknown,Judiciary Committee,RESOLUTION ACCEPTING THE RECOMMENDATION OF THE CLAIMS COMMISSIONER TO GRANT AN AWARD TO LUIS ORTIZ ON HIS CLAIM AGAINST THE STATE.,,,(JUD),ftp://ftp.cga.ct.gov/2024/cbs/s/SJ-0164.HTM,https://www.cga.ct.gov/2024/TOB/s/pdf/2024SJ-00164-R00-SB.pdf
SJ-0165.HTM,2024,Unknown,Judiciary Committee,RESOLUTION CONFIRMING THE DECISION OF THE CLAIMS COMMISSIONER TO DISMISS THE CLAIM AGAINST THE STATE OF ALLISON MURRAY.,,,(JUD),ftp://ftp.cga.ct.gov/2024/cbs/s/SJ-0165.HTM,https://www.cga.ct.gov/2024/TOB/s/pdf/2024SJ-00165-R00-SB.pdf
SJ-0166.HTM,2024,Unknown,Judiciary Committee,RESOLUTION CONFIRMING THE DECISION OF THE CLAIMS COMMISSIONER TO DISMISS THE CLAIM AGAINST THE STATE OF ALLISON MURRAY.,,,(JUD),ftp://ftp.cga.ct.gov/2024/cbs/s/SJ-0166.HTM,https://www.cga.ct.gov/2024/TOB/s/pdf/2024SJ-00166-R00-SB.pdf
SJ-0167.HTM,2024,Unknown,Judiciary Committee,RESOLUTION CONFIRMING THE DECISION OF THE CLAIMS COMMISSIONER TO DISMISS THE CLAIM AGAINST THE STATE OF ALLISON MURRAY.,,,(JUD),ftp://ftp.cga.ct.gov/2024/cbs/s/SJ-0167.HTM,https://www.cga.ct.gov/2024/TOB/s/pdf/2024SJ-00167-R00-SB.pdf
SJ-0168.HTM,2024,Unknown,Judiciary Committee,RESOLUTION CONFIRMING THE DECISION OF THE CLAIMS COMMISSIONER TO DISMISS THE CLAIM AGAINST THE STATE OF CHRISTOPHER HASFAL.,,,(JUD),ftp://ftp.cga.ct.gov/2024/cbs/s/SJ-0168.HTM,https://www.cga.ct.gov/2024/TOB/s/pdf/2024SJ-00168-R00-SB.pdf
SJ-0169.HTM,2024,Unknown,Judiciary Committee,RESOLUTION CONFIRMING THE DECISION OF THE CLAIMS COMMISSIONER TO DISMISS THE CLAIM AGAINST THE STATE OF ALLISON MURRAY.,,,(JUD),ftp://ftp.cga.ct.gov/2024/cbs/s/SJ-0169.HTM,https://www.cga.ct.gov/2024/TOB/s/pdf/2024SJ-00169-R00-SB.pdf
SJ-0170.HTM,2024,Unknown,Judiciary Committee,RESOLUTION CONFIRMING THE DECISION OF THE CLAIMS COMMISSIONER TO DISMISS THE CLAIM AGAINST THE STATE OF MANUEL MACHADO.,,,(JUD),ftp://ftp.cga.ct.gov/2024/cbs/s/SJ-0170.HTM,https://www.cga.ct.gov/2024/TOB/s/pdf/2024SJ-00170-R00-SB.pdf
SJ-0171.HTM,2024,Unknown,Judiciary Committee,RESOLUTION CONFIRMING THE DECISION OF THE CLAIMS COMMISSIONER TO DISMISS THE CLAIM AGAINST THE STATE OF ANTHONY WALKER.,,,(JUD),ftp://ftp.cga.ct.gov/2024/cbs/s/SJ-0171.HTM,https://www.cga.ct.gov/2024/TOB/s/pdf/2024SJ-00171-R00-SB.pdf
SJ-0172.HTM,2024,Unknown,Judiciary Committee,RESOLUTION CONFIRMING THE DECISION OF THE CLAIMS COMMISSIONER TO DENY THE CLAIM AGAINST THE STATE OF HAVITAL MILTZ.,,,(JUD),ftp://ftp.cga.ct.gov/2024/cbs/s/SJ-0172.HTM,https://www.cga.ct.gov/2024/TOB/s/pdf/2024SJ-00172-R00-SB.pdf
SJ-0173.HTM,2024,Unknown,Judiciary Committee,RESOLUTION VACATING THE DECISION OF THE CLAIMS COMMISSIONER TO DENY THE CLAIM AGAINST THE STATE OF MARK STUART AND REMANDING THE MATTER TO THE CLAIMS COMMISSIONER FOR FURTHER PROCEEDINGS.,,,(JUD),ftp://ftp.cga.ct.gov/2024/cbs/s/SJ-0173.HTM,https://www.cga.ct.gov/2024/TOB/s/pdf/2024SJ-00173-R00-SB.pdf
SJ-0174.HTM,2024,Unknown,Judiciary Committee,RESOLUTION VACATING THE DECISION OF THE CLAIMS COMMISSIONER TO DENY THE CLAIM AGAINST THE STATE OF HAYDEE SILVA AND REMANDING THE MATTER TO THE OFFICE OF THE CLAIMS COMMISSIONER FOR A DE NOVO HEARING ON THE MERITS.,,,(JUD),ftp://ftp.cga.ct.gov/2024/cbs/s/SJ-0174.HTM,https://www.cga.ct.gov/2024/TOB/s/pdf/2024SJ-00174-R00-SB.pdf
SJ-0175.HTM,2024,Unknown,Judiciary Committee,RESOLUTION CONFIRMING THE DECISION OF THE CLAIMS COMMISSIONER TO DISMISS THE CLAIM AGAINST THE STATE OF JOHN TROCCHI.,,,(JUD),ftp://ftp.cga.ct.gov/2024/cbs/s/SJ-0175.HTM,https://www.cga.ct.gov/2024/TOB/s/pdf/2024SJ-00175-R00-SB.pdf
SJ-0176.HTM,2024,Unknown,Judiciary Committee,RESOLUTION CONFIRMING THE DECISION OF THE CLAIMS COMMISSIONER TO DISMISS THE CLAIM AGAINST THE STATE OF RICHARD SAUCIER.,,,(JUD),ftp://ftp.cga.ct.gov/2024/cbs/s/SJ-0176.HTM,https://www.cga.ct.gov/2024/TOB/s/pdf/2024SJ-00176-R00-SB.pdf
SJ-0177.HTM,2024,Unknown,Judiciary Committee,RESOLUTION CONFIRMING THE DECISION OF THE CLAIMS COMMISSIONER TO DISMISS THE CLAIM AGAINST THE STATE OF ALLISON MURRAY.,,,(JUD),ftp://ftp.cga.ct.gov/2024/cbs/s/SJ-0177.HTM,https://www.cga.ct.gov/2024/TOB/s/pdf/2024SJ-00177-R00-SB.pdf
SJ-0178.HTM,2024,Unknown,Judiciary Committee,RESOLUTION CONFIRMING THE DECISION OF THE CLAIMS COMMISSIONER TO DISMISS THE CLAIM AGAINST THE STATE OF ALLISON MURRAY.,,,(JUD),ftp://ftp.cga.ct.gov/2024/cbs/s/SJ-0178.HTM,https://www.cga.ct.gov/2024/TOB/s/pdf/2024SJ-00178-R00-SB.pdf
SJ-0179.HTM,2024,Unknown,Judiciary Committee,RESOLUTION CONFIRMING THE DECISION OF THE CLAIMS COMMISSIONER TO DISMISS THE CLAIM AGAINST THE STATE OF ALLISON MURRAY.,,,(JUD),ftp://ftp.cga.ct.gov/2024/cbs/s/SJ-0179.HTM,https://www.cga.ct.gov/2024/TOB/s/pdf/2024SJ-00179-R00-SB.pdf
SJ-0180.HTM,2024,Unknown,Judiciary Committee,RESOLUTION CONFIRMING THE DECISION OF THE CLAIMS COMMISSIONER TO DISMISS THE CLAIM AGAINST THE STATE OF ELIJAH EL-HAJJ-BEY.,,,(JUD),ftp://ftp.cga.ct.gov/2024/cbs/s/SJ-0180.HTM,https://www.cga.ct.gov/2024/TOB/s/pdf/2024SJ-00180-R00-SB.pdf
SJ-0181.HTM,2024,Unknown,Judiciary Committee,RESOLUTION VACATING THE DECISION OF THE CLAIMS COMMISSIONER TO DISMISS THE CLAIM AGAINST THE STATE OF CHRISTOPHER PLATT AND REMANDING THE MATTER TO THE CLAIMS COMMISSIONER FOR A HEARING ON THE MERITS.,,,(JUD),ftp://ftp.cga.ct.gov/2024/cbs/s/SJ-0181.HTM,https://www.cga.ct.gov/2024/TOB/s/pdf/2024SJ-00181-R00-SB.pdf
SJ-0182.HTM,2024,Unknown,Judiciary Committee,RESOLUTION CONFIRMING THE DECISION OF THE CLAIMS COMMISSIONER TO DISMISS THE CLAIM AGAINST THE STATE OF ALLISON MURRAY.,,,(JUD),ftp://ftp.cga.ct.gov/2024/cbs/s/SJ-0182.HTM,https://www.cga.ct.gov/2024/TOB/s/pdf/2024SJ-00182-R00-SB.pdf
SJ-0183.HTM,2024,Unknown,Judiciary Committee,RESOLUTION CONFIRMING THE DECISION OF THE CLAIMS COMMISSIONER TO DISMISS THE CLAIM AGAINST THE STATE OF ALLISON MURRAY.,,,(JUD),ftp://ftp.cga.ct.gov/2024/cbs/s/SJ-0183.HTM,https://www.cga.ct.gov/2024/TOB/s/pdf/2024SJ-00183-R00-SB.pdf
SJ-0184.HTM,2024,Unknown,Judiciary Committee,RESOLUTION CONFIRMING THE DECISION OF THE CLAIMS COMMISSIONER TO DISMISS THE CLAIM AGAINST THE STATE OF ANGEL CORTES.,,,(JUD),ftp://ftp.cga.ct.gov/2024/cbs/s/SJ-0184.HTM,https://www.cga.ct.gov/2024/TOB/s/pdf/2024SJ-00184-R00-SB.pdf
SJ-0185.HTM,2024,Unknown,Judiciary Committee,RESOLUTION CONFIRMING THE DECISION OF THE CLAIMS COMMISSIONER TO DISMISS THE CLAIM AGAINST THE STATE OF DARRELL TINSLEY.,,,(JUD),ftp://ftp.cga.ct.gov/2024/cbs/s/SJ-0185.HTM,https://www.cga.ct.gov/2024/TOB/s/pdf/2024SJ-00185-R00-SB.pdf
SJ-0186.HTM,2024,Unknown,Judiciary Committee,RESOLUTION CONFIRMING THE DECISION OF THE CLAIMS COMMISSIONER TO DISMISS THE CLAIM AGAINST THE STATE OF LEONARD FLYNN.,,,(JUD),ftp://ftp.cga.ct.gov/2024/cbs/s/SJ-0186.HTM,https://www.cga.ct.gov/2024/TOB/s/pdf/2024SJ-00186-R00-SB.pdf
SJ-0187.HTM,2024,Unknown,Judiciary Committee,RESOLUTION CONFIRMING THE DECISION OF THE CLAIMS COMMISSIONER TO DENY THE CLAIM AGAINST THE STATE OF BRIAN CHANDLER.,,,(JUD),ftp://ftp.cga.ct.gov/2024/cbs/s/SJ-0187.HTM,https://www.cga.ct.gov/2024/TOB/s/pdf/2024SJ-00187-R00-SB.pdf
SJ-0188.HTM,2024,Unknown,Judiciary Committee,RESOLUTION CONFIRMING THE DECISION OF THE CLAIMS COMMISSIONER TO DENY THE CLAIM AGAINST THE STATE OF MARY CUNNINGHAM.,,,(JUD),ftp://ftp.cga.ct.gov/2024/cbs/s/SJ-0188.HTM,https://www.cga.ct.gov/2024/TOB/s/pdf/2024SJ-00188-R00-SB.pdf
SJ-0189.HTM,2024,Unknown,Judiciary Committee,RESOLUTION CONFIRMING THE DECISION OF THE CLAIMS COMMISSIONER TO DISMISS THE CLAIM AGAINST THE STATE OF JEFFERY DEANGELIS.,,,(JUD),ftp://ftp.cga.ct.gov/2024/cbs/s/SJ-0189.HTM,https://www.cga.ct.gov/2024/TOB/s/pdf/2024SJ-00189-R00-SB.pdf
SJ-0190.HTM,2024,Unknown,Judiciary Committee,RESOLUTION CONFIRMING THE DECISION OF THE CLAIMS COMMISSIONER TO DISMISS THE CLAIM AGAINST THE STATE OF DANIEL CAPPELLO.,,,(JUD),ftp://ftp.cga.ct.gov/2024/cbs/s/SJ-0190.HTM,https://www.cga.ct.gov/2024/TOB/s/pdf/2024SJ-00190-R00-SB.pdf
SJ-0191.HTM,2024,Unknown,Judiciary Committee,RESOLUTION CONFIRMING THE DECISION OF THE CLAIMS COMMISSIONER TO DISMISS THE CLAIM AGAINST THE STATE OF NANCY BURTON.,,,(JUD),ftp://ftp.cga.ct.gov/2024/cbs/s/SJ-0191.HTM,https://www.cga.ct.gov/2024/TOB/s/pdf/2024SJ-00191-R00-SB.pdf
SJ-0192.HTM,2024,Unknown,Judiciary Committee,RESOLUTION CONFIRMING THE CLAIMS COMMISSIONER'S COMPENSATION AWARD TO TERRANCE POLICE WITH RESPECT TO HIS CLAIM AGAINST THE STATE FOR WRONGFUL INCARCERATION.,,,(JUD),ftp://ftp.cga.ct.gov/2024/cbs/s/SJ-0192.HTM,https://www.cga.ct.gov/2024/TOB/s/pdf/2024SJ-00192-R00-SB.pdf
SJ-0193.HTM,2024,Unknown,Government Administration and Elections Committee,RESOLUTION PROPOSING AN AMENDMENT TO THE STATE CONSTITUTION REGARDING ENVIRONMENTAL RIGHTS.,,"Rep. Mary M. Mushinsky, 85th Dist.; Rep. David Michel, 146th Dist.; Rep. Gary A. Turco, 27th Dist.; Rep. Brandon Chafee, 33rd Dist.; Rep. Josh Elliott, 88th Dist.; Rep. Anne M. Hughes, 135th Dist.; Rep. Aundre Bumgardner, 41st Dist.; Sen. Martha Marx, 20th Dist.; Rep. Eleni Kavros DeGraw, 17th Dist.; Rep. Frank Smith, 118th Dist.; Sen. Derek Slap, 5th Dist.; Rep. Sarah Keitt, 134th Dist.; Rep. Jennifer Leeper, 132nd Dist.; Rep. Mary Fortier, 79th Dist.",(GAE),ftp://ftp.cga.ct.gov/2024/cbs/s/SJ-0193.HTM,https://www.cga.ct.gov/2024/TOB/s/pdf/2024SJ-00193-R00-SB.pdf
SJ-0194.HTM,2024,Unknown,"SEN. GARY A. WINFIELD, 10th DIST.REP. STEVEN J. STAFSTROM, 129th DIST.","RESOLUTION CONFIRMING THE NOMINATION OF SUSAN E. NUGENT, ESQUIRE, OF HAMDEN TO BE A JUDGE OF THE SUPERIOR COURT.",,,"SEN. WINFIELD, 10th Dist. ; REP. STAFSTROM, 129th Dist.",ftp://ftp.cga.ct.gov/2024/cbs/s/SJ-0194.HTM,https://www.cga.ct.gov/2024/TOB/s/pdf/2024SJ-00194-R00-SB.pdf
SJ-0195.HTM,2024,Unknown,"SEN. GARY A. WINFIELD, 10th DIST.REP. STEVEN J. STAFSTROM, 129th DIST.",RESOLUTION CONFIRMING THE NOMINATION OF THE HONORABLE PEDRO E. SEGARRA OF HARTFORD TO BE A JUDGE OF THE SUPERIOR COURT.,,,"SEN. WINFIELD, 10th Dist. ; REP. STAFSTROM, 129th Dist.",ftp://ftp.cga.ct.gov/2024/cbs/s/SJ-0195.HTM,https://www.cga.ct.gov/2024/TOB/s/pdf/2024SJ-00195-R00-SB.pdf
SJ-0196.HTM,2024,Unknown,"SEN. GARY A. WINFIELD, 10th DIST.REP. STEVEN J. STAFSTROM, 129th DIST.","RESOLUTION CONFIRMING THE NOMINATION OF ALAYNA M. STONE, ESQUIRE, OF NEW HAVEN TO BE A JUDGE OF THE SUPERIOR COURT.",,,"SEN. WINFIELD, 10th Dist. ; REP. STAFSTROM, 129th Dist.",ftp://ftp.cga.ct.gov/2024/cbs/s/SJ-0196.HTM,https://www.cga.ct.gov/2024/TOB/s/pdf/2024SJ-00196-R00-SB.pdf
SJ-0197.HTM,2024,Unknown,"SEN. GARY A. WINFIELD, 10th DIST.REP. STEVEN J. STAFSTROM, 129th DIST.","RESOLUTION CONFIRMING THE NOMINATION OF NICOLE J. TUNG, ESQUIRE, OF CHESHIRE TO BE A JUDGE OF THE SUPERIOR COURT.",,,"SEN. WINFIELD, 10th Dist. ; REP. STAFSTROM, 129th Dist.",ftp://ftp.cga.ct.gov/2024/cbs/s/SJ-0197.HTM,https://www.cga.ct.gov/2024/TOB/s/pdf/2024SJ-00197-R00-SB.pdf
SJ-0198.HTM,2024,Unknown,"SEN. GARY A. WINFIELD, 10th DIST.REP. STEVEN J. STAFSTROM, 129th DIST.","RESOLUTION CONFIRMING THE NOMINATION OF COLLEEN ZINGARO, ESQUIRE, OF NEWTOWN TO BE A JUDGE OF THE SUPERIOR COURT.",,,"SEN. WINFIELD, 10th Dist. ; REP. STAFSTROM, 129th Dist.",ftp://ftp.cga.ct.gov/2024/cbs/s/SJ-0198.HTM,https://www.cga.ct.gov/2024/TOB/s/pdf/2024SJ-00198-R00-SB.pdf
SJ-0199.HTM,2024,Unknown,"SEN. GARY A. WINFIELD, 10th DIST.REP. STEVEN J. STAFSTROM, 129th DIST.",RESOLUTION CONFIRMING THE NOMINATION OF THE HONORABLE TONI M. FATONE OF WEST HARTFORD TO BE A WORKERS' COMPENSATION ADMINISTRATIVE LAW JUDGE.,,,"SEN. WINFIELD, 10th Dist. ; REP. STAFSTROM, 129th Dist.",ftp://ftp.cga.ct.gov/2024/cbs/s/SJ-0199.HTM,https://www.cga.ct.gov/2024/TOB/s/pdf/2024SJ-00199-R00-SB.pdf
SJ-0200.HTM,2024,Unknown,"SEN. GARY A. WINFIELD, 10th DIST.REP. STEVEN J. STAFSTROM, 129th DIST.","RESOLUTION CONFIRMING THE NOMINATION OF MARIA C. RODRIGUEZ, ESQUIRE, OF WEST HARTFORD TO BE A JUDGE OF THE SUPERIOR COURT.",,,"SEN. WINFIELD, 10th Dist. ; REP. STAFSTROM, 129th Dist.",ftp://ftp.cga.ct.gov/2024/cbs/s/SJ-0200.HTM,https://www.cga.ct.gov/2024/TOB/s/pdf/2024SJ-00200-R00-SB.pdf
SJ-0201.HTM,2024,Unknown,"SEN. GARY A. WINFIELD, 10th DIST.REP. STEVEN J. STAFSTROM, 129th DIST.","RESOLUTION CONFIRMING THE NOMINATION OF SARA NADIM, ESQUIRE, OF UNIONVILLE TO BE A JUDGE OF THE SUPERIOR COURT.",,,"SEN. WINFIELD, 10th Dist. ; REP. STAFSTROM, 129th Dist.",ftp://ftp.cga.ct.gov/2024/cbs/s/SJ-0201.HTM,https://www.cga.ct.gov/2024/TOB/s/pdf/2024SJ-00201-R00-SB.pdf
SJ-0202.HTM,2024,Unknown,"SEN. GARY A. WINFIELD, 10th DIST.REP. STEVEN J. STAFSTROM, 129th DIST.","RESOLUTION CONFIRMING THE NOMINATION OF CODY N. GUARNIERI, ESQUIRE, OF SOUTH WINDSOR TO BE A JUDGE OF THE SUPERIOR COURT.",,,"SEN. WINFIELD, 10th Dist. ; REP. STAFSTROM, 129th Dist.",ftp://ftp.cga.ct.gov/2024/cbs/s/SJ-0202.HTM,https://www.cga.ct.gov/2024/TOB/s/pdf/2024SJ-00202-R00-SB.pdf
SJ-0203.HTM,2024,Unknown,"SEN. GARY A. WINFIELD, 10th DIST.REP. STEVEN J. STAFSTROM, 129th DIST.","RESOLUTION CONFIRMING THE NOMINATION OF KRISTIN A. CONNORS, ESQUIRE, OF NEWTOWN TO BE A JUDGE OF THE SUPERIOR COURT.",,,"SEN. WINFIELD, 10th Dist. ; REP. STAFSTROM, 129th Dist.",ftp://ftp.cga.ct.gov/2024/cbs/s/SJ-0203.HTM,https://www.cga.ct.gov/2024/TOB/s/pdf/2024SJ-00203-R00-SB.pdf
SJ-0204.HTM,2024,Unknown,"SEN. GARY A. WINFIELD, 10th DIST.REP. STEVEN J. STAFSTROM, 129th DIST.","RESOLUTION CONFIRMING THE NOMINATION OF TAMAR R. BIRCKHEAD, ESQUIRE, OF HARTFORD TO BE A JUDGE OF THE SUPERIOR COURT.",,,"SEN. WINFIELD, 10th Dist. ; REP. STAFSTROM, 129th Dist.",ftp://ftp.cga.ct.gov/2024/cbs/s/SJ-0204.HTM,https://www.cga.ct.gov/2024/TOB/s/pdf/2024SJ-00204-R00-SB.pdf
SJ-0205.HTM,2024,Unknown,"SEN. BOB DUFF, 25th DIST.REP. JULIO A. CONCEPCION, 4th DIST.",RESOLUTION CONFIRMING THE NOMINATION OF SUJATA GADKAR-WILCOX OF TRUMBULL TO BE A MEMBER OF THE COMMISSION ON HUMAN RIGHTS AND OPPORTUNITIES.,,,"SEN. DUFF, 25th Dist. ; REP. CONCEPCION, 4th Dist.",ftp://ftp.cga.ct.gov/2024/cbs/s/SJ-0205.HTM,https://www.cga.ct.gov/2024/TOB/s/pdf/2024SJ-00205-R00-SB.pdf
SJ-0206.HTM,2024,Unknown,"SEN. BOB DUFF, 25th DIST.REP. JULIO A. CONCEPCION, 4th DIST.",RESOLUTION CONFIRMING THE NOMINATION OF TAMARA J. TITRE OF BRIDGEPORT TO BE A MEMBER OF THE COMMISSION ON HUMAN RIGHTS AND OPPORTUNITIES.,,,"SEN. DUFF, 25th Dist. ; REP. CONCEPCION, 4th Dist.",ftp://ftp.cga.ct.gov/2024/cbs/s/SJ-0206.HTM,https://www.cga.ct.gov/2024/TOB/s/pdf/2024SJ-00206-R00-SB.pdf
SJ-0207.HTM,2024,Unknown,"SEN. GARY A. WINFIELD, 10th DIST.REP. STEVEN J. STAFSTROM, 129th DIST.","RESOLUTION CONFIRMING THE NOMINATION OF DEVANT J. JOINER, ESQUIRE, OF MIDDLETOWN TO BE A JUDGE OF THE SUPERIOR COURT.",,,"SEN. WINFIELD, 10th Dist. ; REP. STAFSTROM, 129th Dist.",ftp://ftp.cga.ct.gov/2024/cbs/s/SJ-0207.HTM,https://www.cga.ct.gov/2024/TOB/s/pdf/2024SJ-00207-R00-SB.pdf
SJ-0208.HTM,2024,Unknown,"SEN. BOB DUFF, 25th DIST.REP. JULIO A. CONCEPCION, 4th DIST.",RESOLUTION CONFIRMING THE NOMINATION OF THEODORE M. YANG OF NEW CANAAN TO BE A MEMBER OF THE BOARD OF REGENTS FOR HIGHER EDUCATION.,,,"SEN. DUFF, 25th Dist. ; REP. CONCEPCION, 4th Dist.",ftp://ftp.cga.ct.gov/2024/cbs/s/SJ-0208.HTM,https://www.cga.ct.gov/2024/TOB/s/pdf/2024SJ-00208-R00-SB.pdf
SJ-0209.HTM,2024,Unknown,"SEN. BOB DUFF, 25th DIST.REP. JULIO A. CONCEPCION, 4th DIST.","RESOLUTION CONFIRMING THE NOMINATION OF MARTIN C. GUAY OF BEDFORD, MASSACHUSETTS, TO BE A MEMBER OF THE BOARD OF REGENTS FOR HIGHER EDUCATION.",,,"SEN. DUFF, 25th Dist. ; REP. CONCEPCION, 4th Dist.",ftp://ftp.cga.ct.gov/2024/cbs/s/SJ-0209.HTM,https://www.cga.ct.gov/2024/TOB/s/pdf/2024SJ-00209-R00-SB.pdf
SJ-0210.HTM,2024,Unknown,"SEN. BOB DUFF, 25th DIST.REP. JULIO A. CONCEPCION, 4th DIST.",RESOLUTION CONFIRMING THE NOMINATION OF KENNETH A. HAMPTON OF BERLIN TO BE A MEMBER OF THE STATE BOARD OF LABOR RELATIONS.,,,"SEN. DUFF, 25th Dist. ; REP. CONCEPCION, 4th Dist.",ftp://ftp.cga.ct.gov/2024/cbs/s/SJ-0210.HTM,https://www.cga.ct.gov/2024/TOB/s/pdf/2024SJ-00210-R00-SB.pdf
SJ-0211.HTM,2024,Unknown,"SEN. BOB DUFF, 25th DIST.REP. JULIO A. CONCEPCION, 4th DIST.",RESOLUTION CONFIRMING THE NOMINATION OF CRAIG MINER OF LITCHFIELD TO BE AN AUDITOR OF PUBLIC ACCOUNTS.,,"Sen. Eric C. Berthel, 32nd Dist.; ","SEN. DUFF, 25th Dist. ; REP. CONCEPCION, 4th Dist.",ftp://ftp.cga.ct.gov/2024/cbs/s/SJ-0211.HTM,https://www.cga.ct.gov/2024/TOB/s/pdf/2024SJ-00211-R00-SB.pdf
SR-0001.HTM,2024,Unknown,"SEN. BOB DUFF, 25th DIST.",RESOLUTION CONCERNING THE PRINTING OF THE SENATE JOURNAL.,,,"SEN. DUFF, 25th Dist.",ftp://ftp.cga.ct.gov/2024/cbs/s/SR-0001.HTM,https://www.cga.ct.gov/2024/TOB/s/pdf/2024SR-00001-R00-SB.pdf
SR-0002.HTM,2024,Unknown,"SEN. BOB DUFF, 25th DIST.",RESOLUTION CONCERNING ROLL CALL AND READING OF THE SENATE JOURNAL.,,,"SEN. DUFF, 25th Dist.",ftp://ftp.cga.ct.gov/2024/cbs/s/SR-0002.HTM,https://www.cga.ct.gov/2024/TOB/s/pdf/2024SR-00002-R00-SB.pdf
SR-0003.HTM,2024,Unknown,"SEN. BOB DUFF, 25th DIST.",RESOLUTION CONFIRMING THE NOMINATION OF SHIRLEY SKYERS-THOMAS OF BETHANY TO BE DEPUTY COMMISSIONER OF THE DEPARTMENT OF CONSUMER PROTECTION.,,,"SEN. DUFF, 25th Dist.",ftp://ftp.cga.ct.gov/2024/cbs/s/SR-0003.HTM,https://www.cga.ct.gov/2024/TOB/s/pdf/2024SR-00003-R00-SB.pdf
SR-0004.HTM,2024,Unknown,"SEN. BOB DUFF, 25th DIST.",RESOLUTION CONFIRMING THE NOMINATION OF JODI HILL-LILLY OF BLOOMFIELD TO BE COMMISSIONER OF CHILDREN AND FAMILIES.,,,"SEN. DUFF, 25th Dist.",ftp://ftp.cga.ct.gov/2024/cbs/s/SR-0004.HTM,https://www.cga.ct.gov/2024/TOB/s/pdf/2024SR-00004-R00-SB.pdf
SR-0005.HTM,2024,Unknown,"SEN. MARTIN M. LOONEY, 11th DIST.","RESOLUTION APPROVING THE STIPULATION OF THE SETTLEMENT IN RALPH BIRCH V. TOWN OF NEW MILFORD, ET AL. AND SHAWN HENNING V. TOWN OF NEW MILFORD, ET AL.",,,"SEN. LOONEY, 11th Dist.",ftp://ftp.cga.ct.gov/2024/cbs/s/SR-0005.HTM,https://www.cga.ct.gov/2024/TOB/s/pdf/2024SR-00005-R00-SB.pdf
SR-0006.HTM,2024,Unknown,"SEN. BOB DUFF, 25th DIST.",RESOLUTION CONFIRMING THE NOMINATION OF WAKANA HIROTA OF BERLIN TO BE A MEMBER OF THE PSYCHIATRIC SECURITY REVIEW BOARD.,,,"SEN. DUFF, 25th Dist.",ftp://ftp.cga.ct.gov/2024/cbs/s/SR-0006.HTM,https://www.cga.ct.gov/2024/TOB/s/pdf/2024SR-00006-R00-SB.pdf
SR-0007.HTM,2024,Unknown,"SEN. MARTIN M. LOONEY, 11th DIST.","RESOLUTION PROPOSING APPROVAL OF A MEMORANDUM OF AGREEMENT BETWEEN THE PCA WORKFORCE COUNCIL AND THE NEW ENGLAND HEALTH CARE EMPLOYEES UNION, DISTRICT 1199, SEIU.",,,"SEN. LOONEY, 11th Dist.",ftp://ftp.cga.ct.gov/2024/cbs/s/SR-0007.HTM,https://www.cga.ct.gov/2024/TOB/s/pdf/2024SR-00007-R00-SB.pdf
SR-0008.HTM,2024,Unknown,"SEN. BOB DUFF, 25th DIST.","RESOLUTION CONFIRMING THE NOMINATION OF STEPHEN FUZESI, JR. OF GREENWICH TO BE REAPPOINTED A MEMBER OF THE FREEDOM OF INFORMATION COMMISSION.",,,"SEN. DUFF, 25th Dist.",ftp://ftp.cga.ct.gov/2024/cbs/s/SR-0008.HTM,https://www.cga.ct.gov/2024/TOB/s/pdf/2024SR-00008-R00-SB.pdf
SR-0009.HTM,2024,Unknown,"SEN. BOB DUFF, 25th DIST.",RESOLUTION CONFIRMING THE NOMINATION OF KATHERINE O. FARRISH OF TOLLAND TO BE A MEMBER OF THE FREEDOM OF INFORMATION COMMISSION.,,,"SEN. DUFF, 25th Dist.",ftp://ftp.cga.ct.gov/2024/cbs/s/SR-0009.HTM,https://www.cga.ct.gov/2024/TOB/s/pdf/2024SR-00009-R00-SB.pdf
SR-0010.HTM,2024,Unknown,"SEN. BOB DUFF, 25th DIST.",RESOLUTION CONFIRMING THE NOMINATION OF JEFFREY S. CONE OF LEBANON TO BE A MEMBER OF THE MILK REGULATION BOARD.,,,"SEN. DUFF, 25th Dist.",ftp://ftp.cga.ct.gov/2024/cbs/s/SR-0010.HTM,https://www.cga.ct.gov/2024/TOB/s/pdf/2024SR-00010-R00-SB.pdf
SR-0011.HTM,2024,Unknown,"SEN. BOB DUFF, 25th DIST.",RESOLUTION CONFIRMING THE NOMINATION OF CAROLYN L. RUSSELL OF EAST HAMPTON TO BE A MEMBER OF THE MILK REGULATION BOARD.,,,"SEN. DUFF, 25th Dist.",ftp://ftp.cga.ct.gov/2024/cbs/s/SR-0011.HTM,https://www.cga.ct.gov/2024/TOB/s/pdf/2024SR-00011-R00-SB.pdf
SR-0012.HTM,2024,Unknown,"SEN. MARTIN M. LOONEY, 11th DIST.",RESOLUTION PROPOSING APPROVAL OF AN AGREEMENT BETWEEN THE STATE OF CONNECTICUT AND THE STATE EMPLOYEES BARGAINING AGENT COALITION (SEBAC).,,,"SEN. LOONEY, 11th Dist.",ftp://ftp.cga.ct.gov/2024/cbs/s/SR-0012.HTM,https://www.cga.ct.gov/2024/TOB/s/pdf/2024SR-00012-R00-SB.pdf
SR-0013.HTM,2024,Unknown,"SEN. MARTIN M. LOONEY, 11th DIST.","RESOLUTION PROPOSING APPROVAL OF AN AGREEMENT BETWEEN THE UNIVERSITY OF CONNECTICUT BOARD OF TRUSTEES AND THE INTERNATIONAL UNION, UNITED AUTOMOBILE, AEROSPACE AND AGRICULTURAL IMPLEMENT WORKERS OF AMERICA, LOCAL 6950.",,,"SEN. LOONEY, 11th Dist.",ftp://ftp.cga.ct.gov/2024/cbs/s/SR-0013.HTM,https://www.cga.ct.gov/2024/TOB/s/pdf/2024SR-00013-R00-SB.pdf
SR-0101.HTM,2024,Unknown,"SEN. MARTIN M. LOONEY, 11th DIST.SEN. BOB DUFF, 25th DIST.","RESOLUTION CONCERNING THE RULES OF THE SENATE FOR THE JUNE SPECIAL SESSION, 2024.",,,"SEN. LOONEY, 11th Dist. ; SEN. DUFF, 25th Dist.",ftp://ftp.cga.ct.gov/2024/cbs/s/SR-0101.HTM,https://www.cga.ct.gov/2024/TOB/s/pdf/2024SR-00101-R00-SB.pdf
